solid PokeTrade_poke-trade.eu_poketrade-stojan-lehky-noha_CC-BY-NC-SA-4.0
  facet normal 1 -0 0
    outer loop
      vertex 200 0 8
      vertex 200 146 0
      vertex 200 146 8
    endloop
  endfacet
  facet normal 1 0 0
    outer loop
      vertex 200 146 0
      vertex 200 0 8
      vertex 200 0 0
    endloop
  endfacet
  facet normal 0 0 1
    outer loop
      vertex 76.5205 7.29332 8
      vertex 79.7516 5.69136 8
      vertex 79.5802 6.3215 8
    endloop
  endfacet
  facet normal 0 0 1
    outer loop
      vertex 76.5205 7.29332 8
      vertex 79.5802 6.3215 8
      vertex 79.523 7.03603 8
    endloop
  endfacet
  facet normal 0 0 1
    outer loop
      vertex 79.7516 5.69136 8
      vertex 76.5205 7.29332 8
      vertex 79.7212 4.005 8
    endloop
  endfacet
  facet normal 0 0 1
    outer loop
      vertex 79.5791 7.73956 8
      vertex 76.5205 7.29332 8
      vertex 79.523 7.03603 8
    endloop
  endfacet
  facet normal 0 0 1
    outer loop
      vertex 86.0438 6.50357 8
      vertex 85.4194 5.69598 8
      vertex 85.7563 5.86868 8
    endloop
  endfacet
  facet normal 0 0 1
    outer loop
      vertex 86.0438 6.50357 8
      vertex 85.087 5.54666 8
      vertex 85.4194 5.69598 8
    endloop
  endfacet
  facet normal 0 0 1
    outer loop
      vertex 86.0438 6.50357 8
      vertex 84.7589 5.42075 8
      vertex 85.087 5.54666 8
    endloop
  endfacet
  facet normal 0 0 1
    outer loop
      vertex 86.0438 6.50357 8
      vertex 84.4353 5.31821 8
      vertex 84.7589 5.42075 8
    endloop
  endfacet
  facet normal -0 0 1
    outer loop
      vertex 81.5031 6.50357 8
      vertex 84.4353 5.31821 8
      vertex 86.0438 6.50357 8
    endloop
  endfacet
  facet normal 0 0 1
    outer loop
      vertex 84.4353 5.31821 8
      vertex 81.5031 6.50357 8
      vertex 84.1157 5.23872 8
    endloop
  endfacet
  facet normal 0 0 1
    outer loop
      vertex 84.1157 5.23872 8
      vertex 81.5031 6.50357 8
      vertex 83.7999 5.18195 8
    endloop
  endfacet
  facet normal 0 0 1
    outer loop
      vertex 83.7999 5.18195 8
      vertex 81.5031 6.50357 8
      vertex 83.4878 5.14789 8
    endloop
  endfacet
  facet normal 0 0 1
    outer loop
      vertex 83.4878 5.14789 8
      vertex 81.5031 6.50357 8
      vertex 83.1794 5.13652 8
    endloop
  endfacet
  facet normal 0 0 1
    outer loop
      vertex 83.1794 5.13652 8
      vertex 81.5031 6.50357 8
      vertex 82.8207 5.15788 8
    endloop
  endfacet
  facet normal 0 0 1
    outer loop
      vertex 82.8207 5.15788 8
      vertex 81.5031 6.50357 8
      vertex 82.504 5.22197 8
    endloop
  endfacet
  facet normal -0 -0 1
    outer loop
      vertex 81.5604 6.18317 8
      vertex 82.504 5.22197 8
      vertex 81.5031 6.50357 8
    endloop
  endfacet
  facet normal 0 0 1
    outer loop
      vertex 82.504 5.22197 8
      vertex 81.5604 6.18317 8
      vertex 82.2294 5.32877 8
    endloop
  endfacet
  facet normal -0 -0 1
    outer loop
      vertex 81.6618 5.90549 8
      vertex 82.2294 5.32877 8
      vertex 81.5604 6.18317 8
    endloop
  endfacet
  facet normal 0 0 1
    outer loop
      vertex 82.2294 5.32877 8
      vertex 81.6618 5.90549 8
      vertex 81.9968 5.47829 8
    endloop
  endfacet
  facet normal 0 0 1
    outer loop
      vertex 81.9968 5.47829 8
      vertex 81.6618 5.90549 8
      vertex 81.8073 5.67053 8
    endloop
  endfacet
  facet normal 0 0 1
    outer loop
      vertex 90.4138 7.99347 8
      vertex 92.0204 8.69492 8
      vertex 91.0547 8.69492 8
    endloop
  endfacet
  facet normal -0 0 1
    outer loop
      vertex 93.9625 6.11493 8
      vertex 95.7962 5.39253 8
      vertex 95.9643 8.69492 8
    endloop
  endfacet
  facet normal 0 0 1
    outer loop
      vertex 95.7962 5.39253 8
      vertex 93.9625 6.11493 8
      vertex 94.798 5.39253 8
    endloop
  endfacet
  facet normal 0 0 1
    outer loop
      vertex 94.798 5.39253 8
      vertex 93.9625 6.11493 8
      vertex 94.5691 5.40186 8
    endloop
  endfacet
  facet normal -0 -0 1
    outer loop
      vertex 93.973 5.92023 8
      vertex 94.5691 5.40186 8
      vertex 93.9625 6.11493 8
    endloop
  endfacet
  facet normal 0 0 1
    outer loop
      vertex 94.5691 5.40186 8
      vertex 93.973 5.92023 8
      vertex 94.3816 5.42987 8
    endloop
  endfacet
  facet normal -0 -0 1
    outer loop
      vertex 94.0045 5.75983 8
      vertex 94.3816 5.42987 8
      vertex 93.973 5.92023 8
    endloop
  endfacet
  facet normal 0 0 1
    outer loop
      vertex 94.3816 5.42987 8
      vertex 94.0045 5.75983 8
      vertex 94.2354 5.47655 8
    endloop
  endfacet
  facet normal -0 -0 1
    outer loop
      vertex 94.0571 5.63371 8
      vertex 94.2354 5.47655 8
      vertex 94.0045 5.75983 8
    endloop
  endfacet
  facet normal 0 0 1
    outer loop
      vertex 93.9625 6.11493 8
      vertex 95.9643 8.69492 8
      vertex 93.9625 8.69492 8
    endloop
  endfacet
  facet normal 0 0 1
    outer loop
      vertex 94.2354 5.47655 8
      vertex 94.0571 5.63371 8
      vertex 94.1306 5.54189 8
    endloop
  endfacet
  facet normal 0 0 1
    outer loop
      vertex 104.967 7.89107 8
      vertex 106.112 8.04443 8
      vertex 106.089 8.2599 8
    endloop
  endfacet
  facet normal 0 0 1
    outer loop
      vertex 104.967 7.89107 8
      vertex 106.089 8.2599 8
      vertex 106.021 8.44447 8
    endloop
  endfacet
  facet normal 0 0 1
    outer loop
      vertex 104.967 7.89107 8
      vertex 106.021 8.44447 8
      vertex 105.907 8.59814 8
    endloop
  endfacet
  facet normal 0 0 1
    outer loop
      vertex 104.967 7.89107 8
      vertex 105.907 8.59814 8
      vertex 105.748 8.72092 8
    endloop
  endfacet
  facet normal 0 0 1
    outer loop
      vertex 104.967 7.89107 8
      vertex 105.748 8.72092 8
      vertex 105.541 8.81482 8
    endloop
  endfacet
  facet normal 0 0 1
    outer loop
      vertex 104.967 7.89107 8
      vertex 105.541 8.81482 8
      vertex 105.283 8.8819 8
    endloop
  endfacet
  facet normal 0 0 1
    outer loop
      vertex 104.967 7.89107 8
      vertex 105.283 8.8819 8
      vertex 104.974 8.92213 8
    endloop
  endfacet
  facet normal 0 0 1
    outer loop
      vertex 106.112 8.04443 8
      vertex 104.967 7.89107 8
      vertex 106.112 7.89107 8
    endloop
  endfacet
  facet normal 0 0 1
    outer loop
      vertex 104.615 8.93555 8
      vertex 104.967 7.89107 8
      vertex 104.974 8.92213 8
    endloop
  endfacet
  facet normal 0 0 1
    outer loop
      vertex 104.233 7.85989 8
      vertex 104.615 8.93555 8
      vertex 104.308 8.9278 8
    endloop
  endfacet
  facet normal 0 0 1
    outer loop
      vertex 104.615 8.93555 8
      vertex 104.233 7.85989 8
      vertex 104.967 7.89107 8
    endloop
  endfacet
  facet normal -0 0 1
    outer loop
      vertex 104.012 8.90451 8
      vertex 104.233 7.85989 8
      vertex 104.308 8.9278 8
    endloop
  endfacet
  facet normal -0 0 1
    outer loop
      vertex 103.728 8.86571 8
      vertex 104.233 7.85989 8
      vertex 104.012 8.90451 8
    endloop
  endfacet
  facet normal 0 0 1
    outer loop
      vertex 103.728 8.86571 8
      vertex 103.603 7.76636 8
      vertex 104.233 7.85989 8
    endloop
  endfacet
  facet normal -0 0 1
    outer loop
      vertex 103.454 8.81139 8
      vertex 103.603 7.76636 8
      vertex 103.728 8.86571 8
    endloop
  endfacet
  facet normal -0 0 1
    outer loop
      vertex 103.19 8.74155 8
      vertex 103.603 7.76636 8
      vertex 103.454 8.81139 8
    endloop
  endfacet
  facet normal -0 0 1
    outer loop
      vertex 102.936 8.65619 8
      vertex 103.603 7.76636 8
      vertex 103.19 8.74155 8
    endloop
  endfacet
  facet normal 0 0 1
    outer loop
      vertex 103.603 7.76636 8
      vertex 102.936 8.65619 8
      vertex 103.079 7.61046 8
    endloop
  endfacet
  facet normal -0 0 1
    outer loop
      vertex 102.691 8.55531 8
      vertex 103.079 7.61046 8
      vertex 102.936 8.65619 8
    endloop
  endfacet
  facet normal -0 0 1
    outer loop
      vertex 102.455 8.43892 8
      vertex 103.079 7.61046 8
      vertex 102.691 8.55531 8
    endloop
  endfacet
  facet normal 0 0 1
    outer loop
      vertex 103.079 7.61046 8
      vertex 102.455 8.43892 8
      vertex 102.659 7.3922 8
    endloop
  endfacet
  facet normal 0 0 1
    outer loop
      vertex 102.659 7.3922 8
      vertex 102.455 8.43892 8
      vertex 102.337 7.10721 8
    endloop
  endfacet
  facet normal 0 0 1
    outer loop
      vertex 106.112 4.90613 8
      vertex 105.91 4.64778 8
      vertex 106.112 4.005 8
    endloop
  endfacet
  facet normal 0 0 1
    outer loop
      vertex 113.835 4.88052 8
      vertex 113.63 4.63042 8
      vertex 113.835 4.005 8
    endloop
  endfacet
  facet normal 0 0 1
    outer loop
      vertex 123.534 6.50357 8
      vertex 122.91 5.69598 8
      vertex 123.246 5.86868 8
    endloop
  endfacet
  facet normal 0 0 1
    outer loop
      vertex 123.534 6.50357 8
      vertex 122.577 5.54666 8
      vertex 122.91 5.69598 8
    endloop
  endfacet
  facet normal 0 0 1
    outer loop
      vertex 123.534 6.50357 8
      vertex 122.249 5.42075 8
      vertex 122.577 5.54666 8
    endloop
  endfacet
  facet normal 0 0 1
    outer loop
      vertex 123.534 6.50357 8
      vertex 121.925 5.31821 8
      vertex 122.249 5.42075 8
    endloop
  endfacet
  facet normal -0 0 1
    outer loop
      vertex 118.993 6.50357 8
      vertex 121.925 5.31821 8
      vertex 123.534 6.50357 8
    endloop
  endfacet
  facet normal 0 0 1
    outer loop
      vertex 121.925 5.31821 8
      vertex 118.993 6.50357 8
      vertex 121.606 5.23872 8
    endloop
  endfacet
  facet normal 0 0 1
    outer loop
      vertex 121.606 5.23872 8
      vertex 118.993 6.50357 8
      vertex 121.29 5.18195 8
    endloop
  endfacet
  facet normal 0 0 1
    outer loop
      vertex 121.29 5.18195 8
      vertex 118.993 6.50357 8
      vertex 120.978 5.14789 8
    endloop
  endfacet
  facet normal 0 0 1
    outer loop
      vertex 120.978 5.14789 8
      vertex 118.993 6.50357 8
      vertex 120.669 5.13652 8
    endloop
  endfacet
  facet normal 0 0 1
    outer loop
      vertex 120.669 5.13652 8
      vertex 118.993 6.50357 8
      vertex 120.311 5.15788 8
    endloop
  endfacet
  facet normal 0 0 1
    outer loop
      vertex 120.311 5.15788 8
      vertex 118.993 6.50357 8
      vertex 119.994 5.22197 8
    endloop
  endfacet
  facet normal -0 -0 1
    outer loop
      vertex 119.05 6.18317 8
      vertex 119.994 5.22197 8
      vertex 118.993 6.50357 8
    endloop
  endfacet
  facet normal 0 0 1
    outer loop
      vertex 119.994 5.22197 8
      vertex 119.05 6.18317 8
      vertex 119.719 5.32877 8
    endloop
  endfacet
  facet normal -0 -0 1
    outer loop
      vertex 119.152 5.90549 8
      vertex 119.719 5.32877 8
      vertex 119.05 6.18317 8
    endloop
  endfacet
  facet normal 0 0 1
    outer loop
      vertex 119.719 5.32877 8
      vertex 119.152 5.90549 8
      vertex 119.487 5.47829 8
    endloop
  endfacet
  facet normal 0 0 1
    outer loop
      vertex 119.487 5.47829 8
      vertex 119.152 5.90549 8
      vertex 119.297 5.67053 8
    endloop
  endfacet
  facet normal 0 0 1
    outer loop
      vertex 135.015 6.50357 8
      vertex 134.391 5.69598 8
      vertex 134.728 5.86868 8
    endloop
  endfacet
  facet normal 0 0 1
    outer loop
      vertex 135.015 6.50357 8
      vertex 134.058 5.54666 8
      vertex 134.391 5.69598 8
    endloop
  endfacet
  facet normal 0 0 1
    outer loop
      vertex 135.015 6.50357 8
      vertex 133.73 5.42075 8
      vertex 134.058 5.54666 8
    endloop
  endfacet
  facet normal 0 0 1
    outer loop
      vertex 135.015 6.50357 8
      vertex 133.407 5.31821 8
      vertex 133.73 5.42075 8
    endloop
  endfacet
  facet normal -0 0 1
    outer loop
      vertex 130.474 6.50357 8
      vertex 133.407 5.31821 8
      vertex 135.015 6.50357 8
    endloop
  endfacet
  facet normal 0 0 1
    outer loop
      vertex 133.407 5.31821 8
      vertex 130.474 6.50357 8
      vertex 133.087 5.23872 8
    endloop
  endfacet
  facet normal 0 0 1
    outer loop
      vertex 133.087 5.23872 8
      vertex 130.474 6.50357 8
      vertex 132.771 5.18195 8
    endloop
  endfacet
  facet normal 0 0 1
    outer loop
      vertex 132.771 5.18195 8
      vertex 130.474 6.50357 8
      vertex 132.459 5.14789 8
    endloop
  endfacet
  facet normal 0 0 1
    outer loop
      vertex 132.459 5.14789 8
      vertex 130.474 6.50357 8
      vertex 132.151 5.13652 8
    endloop
  endfacet
  facet normal 0 0 1
    outer loop
      vertex 132.151 5.13652 8
      vertex 130.474 6.50357 8
      vertex 131.792 5.15788 8
    endloop
  endfacet
  facet normal 0 0 1
    outer loop
      vertex 131.792 5.15788 8
      vertex 130.474 6.50357 8
      vertex 131.475 5.22197 8
    endloop
  endfacet
  facet normal -0 -0 1
    outer loop
      vertex 130.532 6.18317 8
      vertex 131.475 5.22197 8
      vertex 130.474 6.50357 8
    endloop
  endfacet
  facet normal 0 0 1
    outer loop
      vertex 131.475 5.22197 8
      vertex 130.532 6.18317 8
      vertex 131.201 5.32877 8
    endloop
  endfacet
  facet normal -0 -0 1
    outer loop
      vertex 130.633 5.90549 8
      vertex 131.201 5.32877 8
      vertex 130.532 6.18317 8
    endloop
  endfacet
  facet normal 0 0 1
    outer loop
      vertex 131.201 5.32877 8
      vertex 130.633 5.90549 8
      vertex 130.968 5.47829 8
    endloop
  endfacet
  facet normal 0 0 1
    outer loop
      vertex 130.968 5.47829 8
      vertex 130.633 5.90549 8
      vertex 130.779 5.67053 8
    endloop
  endfacet
  facet normal 0 0 1
    outer loop
      vertex 138.196 8.91718 8
      vertex 140.411 10.0824 8
      vertex 138.197 9.21153 8
    endloop
  endfacet
  facet normal 0 0 1
    outer loop
      vertex 138.194 8.59126 8
      vertex 140.411 10.0824 8
      vertex 138.196 8.91718 8
    endloop
  endfacet
  facet normal 0 0 1
    outer loop
      vertex 140.411 10.0824 8
      vertex 138.194 8.59126 8
      vertex 140.411 7.08018 8
    endloop
  endfacet
  facet normal -0 0 1
    outer loop
      vertex 138.192 8.2338 8
      vertex 140.411 7.08018 8
      vertex 138.194 8.59126 8
    endloop
  endfacet
  facet normal -0 0 1
    outer loop
      vertex 138.189 7.8916 8
      vertex 140.411 7.08018 8
      vertex 138.192 8.2338 8
    endloop
  endfacet
  facet normal -0 0 1
    outer loop
      vertex 138.188 7.6115 8
      vertex 140.411 7.08018 8
      vertex 138.189 7.8916 8
    endloop
  endfacet
  facet normal -0 0 1
    outer loop
      vertex 138.187 7.39348 8
      vertex 140.411 7.08018 8
      vertex 138.188 7.6115 8
    endloop
  endfacet
  facet normal -0 0 1
    outer loop
      vertex 138.186 7.23755 8
      vertex 140.411 7.08018 8
      vertex 138.187 7.39348 8
    endloop
  endfacet
  facet normal 0 0 1
    outer loop
      vertex 140.411 7.08018 8
      vertex 138.196 6.60715 8
      vertex 138.208 6.36879 8
    endloop
  endfacet
  facet normal 0 -0 1
    outer loop
      vertex 138.196 6.60715 8
      vertex 140.411 7.08018 8
      vertex 138.189 6.89674 8
    endloop
  endfacet
  facet normal 0 0 1
    outer loop
      vertex 140.411 7.08018 8
      vertex 138.186 7.23755 8
      vertex 138.189 6.89674 8
    endloop
  endfacet
  facet normal 0 0 1
    outer loop
      vertex 99.1646 9.35765 8
      vertex 98.9705 10.0824 8
      vertex 98.9705 9.07892 8
    endloop
  endfacet
  facet normal 0 0 1
    outer loop
      vertex 95.9643 10.0824 8
      vertex 93.9625 11.8079 8
      vertex 93.9625 10.0824 8
    endloop
  endfacet
  facet normal 0 0 1
    outer loop
      vertex 77.2312 10.0824 8
      vertex 74.9961 12.4479 8
      vertex 74.9961 7.85219 8
    endloop
  endfacet
  facet normal 0 0 1
    outer loop
      vertex 59.9805 9.43944 8
      vertex 59.7744 10.0824 8
      vertex 59.7744 9.19156 8
    endloop
  endfacet
  facet normal 0 0 1
    outer loop
      vertex 140.411 4.88052 8
      vertex 140.188 4.63263 8
      vertex 140.411 4.005 8
    endloop
  endfacet
  facet normal 0 0 1
    outer loop
      vertex 161.716 14 8
      vertex 140.411 10.0824 8
      vertex 142.353 10.0824 8
    endloop
  endfacet
  facet normal 0 0 1
    outer loop
      vertex 138.197 9.47435 8
      vertex 140.411 10.0824 8
      vertex 138.197 10.0824 8
    endloop
  endfacet
  facet normal 0 0 1
    outer loop
      vertex 138.197 9.21153 8
      vertex 140.411 10.0824 8
      vertex 138.197 9.47435 8
    endloop
  endfacet
  facet normal 0 0 1
    outer loop
      vertex 140.389 6.68762 8
      vertex 138.208 6.36879 8
      vertex 140.324 6.34048 8
    endloop
  endfacet
  facet normal 0 0 1
    outer loop
      vertex 140.324 6.34048 8
      vertex 138.208 6.36879 8
      vertex 140.215 6.03882 8
    endloop
  endfacet
  facet normal 0 0 1
    outer loop
      vertex 140.215 6.03882 8
      vertex 138.208 6.36879 8
      vertex 140.063 5.78261 8
    endloop
  endfacet
  facet normal 0 0 1
    outer loop
      vertex 140.063 5.78261 8
      vertex 138.208 6.36879 8
      vertex 139.873 5.57835 8
    endloop
  endfacet
  facet normal -0 -0 1
    outer loop
      vertex 138.224 6.18164 8
      vertex 139.873 5.57835 8
      vertex 138.208 6.36879 8
    endloop
  endfacet
  facet normal 0 0 1
    outer loop
      vertex 139.873 5.57835 8
      vertex 138.224 6.18164 8
      vertex 139.651 5.43245 8
    endloop
  endfacet
  facet normal 0 0 1
    outer loop
      vertex 139.651 5.43245 8
      vertex 138.224 6.18164 8
      vertex 139.396 5.34491 8
    endloop
  endfacet
  facet normal 0 0 1
    outer loop
      vertex 139.396 5.34491 8
      vertex 138.224 6.18164 8
      vertex 139.109 5.31573 8
    endloop
  endfacet
  facet normal -0 -0 1
    outer loop
      vertex 138.247 6.03116 8
      vertex 139.109 5.31573 8
      vertex 138.224 6.18164 8
    endloop
  endfacet
  facet normal 0 0 1
    outer loop
      vertex 139.109 5.31573 8
      vertex 138.247 6.03116 8
      vertex 138.987 5.32217 8
    endloop
  endfacet
  facet normal 0 0 1
    outer loop
      vertex 138.987 5.32217 8
      vertex 138.247 6.03116 8
      vertex 138.873 5.34151 8
    endloop
  endfacet
  facet normal -0 -0 1
    outer loop
      vertex 138.276 5.90273 8
      vertex 138.873 5.34151 8
      vertex 138.247 6.03116 8
    endloop
  endfacet
  facet normal 0 0 1
    outer loop
      vertex 138.873 5.34151 8
      vertex 138.276 5.90273 8
      vertex 138.766 5.37373 8
    endloop
  endfacet
  facet normal 0 0 1
    outer loop
      vertex 138.766 5.37373 8
      vertex 138.276 5.90273 8
      vertex 138.666 5.41885 8
    endloop
  endfacet
  facet normal 0 0 1
    outer loop
      vertex 138.666 5.41885 8
      vertex 138.276 5.90273 8
      vertex 138.575 5.47588 8
    endloop
  endfacet
  facet normal 0 0 1
    outer loop
      vertex 138.575 5.47588 8
      vertex 138.276 5.90273 8
      vertex 138.492 5.54375 8
    endloop
  endfacet
  facet normal 0 0 1
    outer loop
      vertex 138.492 5.54375 8
      vertex 138.276 5.90273 8
      vertex 138.419 5.62247 8
    endloop
  endfacet
  facet normal 0 0 1
    outer loop
      vertex 138.419 5.62247 8
      vertex 138.276 5.90273 8
      vertex 138.354 5.71205 8
    endloop
  endfacet
  facet normal 0 0 1
    outer loop
      vertex 138.354 5.71205 8
      vertex 138.276 5.90273 8
      vertex 138.312 5.79636 8
    endloop
  endfacet
  facet normal 0 0 1
    outer loop
      vertex 140.411 7.08018 8
      vertex 138.208 6.36879 8
      vertex 140.389 6.68762 8
    endloop
  endfacet
  facet normal 0 0 1
    outer loop
      vertex 161.716 14 8
      vertex 138.197 10.0824 8
      vertex 140.411 10.0824 8
    endloop
  endfacet
  facet normal 0 0 1
    outer loop
      vertex 161.716 14 8
      vertex 136.244 10.0824 8
      vertex 138.197 10.0824 8
    endloop
  endfacet
  facet normal -0 0 1
    outer loop
      vertex 134.961 7.74199 8
      vertex 136.244 6.36893 8
      vertex 136.244 10.0824 8
    endloop
  endfacet
  facet normal 0 0 1
    outer loop
      vertex 136.244 6.36893 8
      vertex 134.961 7.74199 8
      vertex 135.015 7.05652 8
    endloop
  endfacet
  facet normal 0 0 1
    outer loop
      vertex 136.244 10.0824 8
      vertex 134.8 8.35487 8
      vertex 134.961 7.74199 8
    endloop
  endfacet
  facet normal 0 0 1
    outer loop
      vertex 136.244 10.0824 8
      vertex 134.531 8.89519 8
      vertex 134.8 8.35487 8
    endloop
  endfacet
  facet normal 0 0 1
    outer loop
      vertex 136.244 10.0824 8
      vertex 134.155 9.36292 8
      vertex 134.531 8.89519 8
    endloop
  endfacet
  facet normal 0 0 1
    outer loop
      vertex 136.244 10.0824 8
      vertex 133.69 9.74042 8
      vertex 134.155 9.36292 8
    endloop
  endfacet
  facet normal -0 0 1
    outer loop
      vertex 131.863 10.2258 8
      vertex 136.244 10.0824 8
      vertex 161.716 14 8
    endloop
  endfacet
  facet normal 0 0 1
    outer loop
      vertex 136.244 10.0824 8
      vertex 133.152 10.0101 8
      vertex 133.69 9.74042 8
    endloop
  endfacet
  facet normal 0 0 1
    outer loop
      vertex 136.244 10.0824 8
      vertex 132.544 10.1719 8
      vertex 133.152 10.0101 8
    endloop
  endfacet
  facet normal 0 0 1
    outer loop
      vertex 136.244 10.0824 8
      vertex 131.863 10.2258 8
      vertex 132.544 10.1719 8
    endloop
  endfacet
  facet normal -0 0 1
    outer loop
      vertex 115.788 12.4479 8
      vertex 131.863 10.2258 8
      vertex 161.716 14 8
    endloop
  endfacet
  facet normal 0 0 1
    outer loop
      vertex 128.55 7.73956 8
      vertex 126.982 6.1042 8
      vertex 128.494 7.03603 8
    endloop
  endfacet
  facet normal -0 0 1
    outer loop
      vertex 123.48 7.74199 8
      vertex 128.55 7.73956 8
      vertex 128.719 8.36375 8
    endloop
  endfacet
  facet normal -0 0 1
    outer loop
      vertex 123.05 8.89519 8
      vertex 128.719 8.36375 8
      vertex 128.999 8.9086 8
    endloop
  endfacet
  facet normal 0 -0 1
    outer loop
      vertex 123.48 7.74199 8
      vertex 128.719 8.36375 8
      vertex 123.319 8.35487 8
    endloop
  endfacet
  facet normal -0 0 1
    outer loop
      vertex 122.674 9.36292 8
      vertex 128.999 8.9086 8
      vertex 129.392 9.37411 8
    endloop
  endfacet
  facet normal -0 0 1
    outer loop
      vertex 122.208 9.74042 8
      vertex 129.392 9.37411 8
      vertex 129.883 9.74672 8
    endloop
  endfacet
  facet normal -0 0 1
    outer loop
      vertex 123.534 6.50357 8
      vertex 125.029 6.1042 8
      vertex 123.534 7.05652 8
    endloop
  endfacet
  facet normal 0 0 1
    outer loop
      vertex 128.55 7.73956 8
      vertex 123.48 7.74199 8
      vertex 126.982 6.1042 8
    endloop
  endfacet
  facet normal -0 0 1
    outer loop
      vertex 121.671 10.0101 8
      vertex 129.883 9.74672 8
      vertex 130.459 10.0129 8
    endloop
  endfacet
  facet normal 0 0 1
    outer loop
      vertex 125.029 6.1042 8
      vertex 123.48 7.74199 8
      vertex 123.534 7.05652 8
    endloop
  endfacet
  facet normal 0 0 1
    outer loop
      vertex 126.982 6.1042 8
      vertex 123.48 7.74199 8
      vertex 125.029 6.1042 8
    endloop
  endfacet
  facet normal -0 0 1
    outer loop
      vertex 121.062 10.1719 8
      vertex 130.459 10.0129 8
      vertex 131.119 10.1726 8
    endloop
  endfacet
  facet normal 0 0 1
    outer loop
      vertex 128.719 8.36375 8
      vertex 123.05 8.89519 8
      vertex 123.319 8.35487 8
    endloop
  endfacet
  facet normal 0 0 1
    outer loop
      vertex 128.999 8.9086 8
      vertex 122.674 9.36292 8
      vertex 123.05 8.89519 8
    endloop
  endfacet
  facet normal 0 0 1
    outer loop
      vertex 131.863 10.2258 8
      vertex 115.788 12.4479 8
      vertex 131.119 10.1726 8
    endloop
  endfacet
  facet normal 0 0 1
    outer loop
      vertex 129.392 9.37411 8
      vertex 122.208 9.74042 8
      vertex 122.674 9.36292 8
    endloop
  endfacet
  facet normal 0 0 1
    outer loop
      vertex 129.883 9.74672 8
      vertex 121.671 10.0101 8
      vertex 122.208 9.74042 8
    endloop
  endfacet
  facet normal 0 -0 1
    outer loop
      vertex 121.062 10.1719 8
      vertex 131.119 10.1726 8
      vertex 115.788 12.4479 8
    endloop
  endfacet
  facet normal 0 0 1
    outer loop
      vertex 130.459 10.0129 8
      vertex 121.062 10.1719 8
      vertex 121.671 10.0101 8
    endloop
  endfacet
  facet normal 0 0 1
    outer loop
      vertex 121.062 10.1719 8
      vertex 115.788 12.4479 8
      vertex 120.382 10.2258 8
    endloop
  endfacet
  facet normal 0 0 1
    outer loop
      vertex 115.788 4.005 8
      vertex 117.069 7.73956 8
      vertex 115.788 12.4479 8
    endloop
  endfacet
  facet normal 0 0 1
    outer loop
      vertex 117.238 8.36375 8
      vertex 115.788 12.4479 8
      vertex 117.069 7.73956 8
    endloop
  endfacet
  facet normal 0 0 1
    outer loop
      vertex 117.518 8.9086 8
      vertex 115.788 12.4479 8
      vertex 117.238 8.36375 8
    endloop
  endfacet
  facet normal 0 0 1
    outer loop
      vertex 117.911 9.37411 8
      vertex 115.788 12.4479 8
      vertex 117.518 8.9086 8
    endloop
  endfacet
  facet normal 0 0 1
    outer loop
      vertex 118.402 9.74672 8
      vertex 115.788 12.4479 8
      vertex 117.911 9.37411 8
    endloop
  endfacet
  facet normal 0 0 1
    outer loop
      vertex 118.978 10.0129 8
      vertex 115.788 12.4479 8
      vertex 118.402 9.74672 8
    endloop
  endfacet
  facet normal 0 0 1
    outer loop
      vertex 119.638 10.1726 8
      vertex 115.788 12.4479 8
      vertex 118.978 10.0129 8
    endloop
  endfacet
  facet normal 0 0 1
    outer loop
      vertex 120.382 10.2258 8
      vertex 115.788 12.4479 8
      vertex 119.638 10.1726 8
    endloop
  endfacet
  facet normal 0 0 1
    outer loop
      vertex 161.716 14 8
      vertex 113.835 12.4479 8
      vertex 115.788 12.4479 8
    endloop
  endfacet
  facet normal 0 0 1
    outer loop
      vertex 113.835 12.4479 8
      vertex 113.629 9.43944 8
      vertex 113.835 9.19156 8
    endloop
  endfacet
  facet normal 0 0 1
    outer loop
      vertex 113.835 12.4479 8
      vertex 113.413 9.65247 8
      vertex 113.629 9.43944 8
    endloop
  endfacet
  facet normal 0 0 1
    outer loop
      vertex 113.835 12.4479 8
      vertex 113.186 9.83064 8
      vertex 113.413 9.65247 8
    endloop
  endfacet
  facet normal 0 0 1
    outer loop
      vertex 113.835 12.4479 8
      vertex 112.948 9.97395 8
      vertex 113.186 9.83064 8
    endloop
  endfacet
  facet normal 0 0 1
    outer loop
      vertex 113.835 12.4479 8
      vertex 112.697 10.0841 8
      vertex 112.948 9.97395 8
    endloop
  endfacet
  facet normal 0 0 1
    outer loop
      vertex 113.835 12.4479 8
      vertex 112.427 10.1628 8
      vertex 112.697 10.0841 8
    endloop
  endfacet
  facet normal 0 0 1
    outer loop
      vertex 113.835 12.4479 8
      vertex 112.139 10.2101 8
      vertex 112.427 10.1628 8
    endloop
  endfacet
  facet normal 0 0 1
    outer loop
      vertex 113.835 12.4479 8
      vertex 111.834 10.2258 8
      vertex 112.139 10.2101 8
    endloop
  endfacet
  facet normal 0 0 1
    outer loop
      vertex 113.835 12.4479 8
      vertex 111.297 10.17 8
      vertex 111.834 10.2258 8
    endloop
  endfacet
  facet normal 0 0 1
    outer loop
      vertex 113.835 12.4479 8
      vertex 110.811 10.0027 8
      vertex 111.297 10.17 8
    endloop
  endfacet
  facet normal -0 0 1
    outer loop
      vertex 106.382 10.0636 8
      vertex 110.811 10.0027 8
      vertex 113.835 12.4479 8
    endloop
  endfacet
  facet normal 0 0 1
    outer loop
      vertex 109.313 7.70651 8
      vertex 108.07 7.46732 8
      vertex 109.268 7.03603 8
    endloop
  endfacet
  facet normal -0 0 1
    outer loop
      vertex 108.025 8.14693 8
      vertex 109.313 7.70651 8
      vertex 109.448 8.3129 8
    endloop
  endfacet
  facet normal -0 0 1
    outer loop
      vertex 107.888 8.72507 8
      vertex 109.448 8.3129 8
      vertex 109.673 8.85519 8
    endloop
  endfacet
  facet normal -0 0 1
    outer loop
      vertex 107.66 9.20174 8
      vertex 109.673 8.85519 8
      vertex 109.989 9.33339 8
    endloop
  endfacet
  facet normal -0 0 1
    outer loop
      vertex 107.341 9.57692 8
      vertex 109.989 9.33339 8
      vertex 110.375 9.72382 8
    endloop
  endfacet
  facet normal 0 0 1
    outer loop
      vertex 109.313 7.70651 8
      vertex 108.025 8.14693 8
      vertex 108.07 7.46732 8
    endloop
  endfacet
  facet normal 0 0 1
    outer loop
      vertex 110.811 10.0027 8
      vertex 106.919 9.86079 8
      vertex 110.375 9.72382 8
    endloop
  endfacet
  facet normal 0 0 1
    outer loop
      vertex 109.448 8.3129 8
      vertex 107.888 8.72507 8
      vertex 108.025 8.14693 8
    endloop
  endfacet
  facet normal 0 0 1
    outer loop
      vertex 109.673 8.85519 8
      vertex 107.66 9.20174 8
      vertex 107.888 8.72507 8
    endloop
  endfacet
  facet normal 0 0 1
    outer loop
      vertex 109.989 9.33339 8
      vertex 107.341 9.57692 8
      vertex 107.66 9.20174 8
    endloop
  endfacet
  facet normal 0 0 1
    outer loop
      vertex 110.375 9.72382 8
      vertex 106.919 9.86079 8
      vertex 107.341 9.57692 8
    endloop
  endfacet
  facet normal 0 0 1
    outer loop
      vertex 110.811 10.0027 8
      vertex 106.382 10.0636 8
      vertex 106.919 9.86079 8
    endloop
  endfacet
  facet normal 0 0 1
    outer loop
      vertex 113.835 12.4479 8
      vertex 105.732 10.1852 8
      vertex 106.382 10.0636 8
    endloop
  endfacet
  facet normal 0 0 1
    outer loop
      vertex 113.835 12.4479 8
      vertex 104.967 10.2258 8
      vertex 105.732 10.1852 8
    endloop
  endfacet
  facet normal 0 0 1
    outer loop
      vertex 113.835 12.4479 8
      vertex 104.653 10.2209 8
      vertex 104.967 10.2258 8
    endloop
  endfacet
  facet normal 0 0 1
    outer loop
      vertex 113.835 12.4479 8
      vertex 104.338 10.2063 8
      vertex 104.653 10.2209 8
    endloop
  endfacet
  facet normal -0 0 1
    outer loop
      vertex 93.9625 11.8079 8
      vertex 104.338 10.2063 8
      vertex 113.835 12.4479 8
    endloop
  endfacet
  facet normal -0 -0 1
    outer loop
      vertex 101.269 10.2127 8
      vertex 104.338 10.2063 8
      vertex 101.206 10.2178 8
    endloop
  endfacet
  facet normal -0 -0 1
    outer loop
      vertex 101.345 10.2052 8
      vertex 104.023 10.1818 8
      vertex 101.269 10.2127 8
    endloop
  endfacet
  facet normal -0 -0 1
    outer loop
      vertex 101.536 10.1833 8
      vertex 104.023 10.1818 8
      vertex 101.434 10.1954 8
    endloop
  endfacet
  facet normal 0 0 1
    outer loop
      vertex 103.394 10.104 8
      vertex 101.536 10.1833 8
      vertex 103.081 10.0513 8
    endloop
  endfacet
  facet normal 0 0 1
    outer loop
      vertex 101.542 8.42355 8
      vertex 102.455 8.43892 8
      vertex 102.455 9.91859 8
    endloop
  endfacet
  facet normal 0 0 1
    outer loop
      vertex 102.455 8.43892 8
      vertex 101.542 8.42355 8
      vertex 102.337 7.10721 8
    endloop
  endfacet
  facet normal 0 0 1
    outer loop
      vertex 102.337 7.10721 8
      vertex 101.542 8.42355 8
      vertex 102.108 6.75108 8
    endloop
  endfacet
  facet normal 0 0 1
    outer loop
      vertex 101.288 8.52829 8
      vertex 102.108 6.75108 8
      vertex 101.415 8.47986 8
    endloop
  endfacet
  facet normal 0 0 1
    outer loop
      vertex 101.415 8.47986 8
      vertex 102.108 6.75108 8
      vertex 101.542 8.42355 8
    endloop
  endfacet
  facet normal 0 0 1
    outer loop
      vertex 102.455 9.91859 8
      vertex 101.536 10.1833 8
      vertex 101.542 8.42355 8
    endloop
  endfacet
  facet normal 0 0 1
    outer loop
      vertex 102.768 9.98949 8
      vertex 101.536 10.1833 8
      vertex 102.455 9.91859 8
    endloop
  endfacet
  facet normal 0 0 1
    outer loop
      vertex 103.081 10.0513 8
      vertex 101.536 10.1833 8
      vertex 102.768 9.98949 8
    endloop
  endfacet
  facet normal 0 0 1
    outer loop
      vertex 103.709 10.1476 8
      vertex 101.536 10.1833 8
      vertex 103.394 10.104 8
    endloop
  endfacet
  facet normal 0 0 1
    outer loop
      vertex 104.023 10.1818 8
      vertex 101.536 10.1833 8
      vertex 103.709 10.1476 8
    endloop
  endfacet
  facet normal -0 -0 1
    outer loop
      vertex 101.434 10.1954 8
      vertex 104.023 10.1818 8
      vertex 101.345 10.2052 8
    endloop
  endfacet
  facet normal 0 0 1
    outer loop
      vertex 104.338 10.2063 8
      vertex 101.269 10.2127 8
      vertex 104.023 10.1818 8
    endloop
  endfacet
  facet normal 0 0 1
    outer loop
      vertex 104.338 10.2063 8
      vertex 93.9625 11.8079 8
      vertex 101.206 10.2178 8
    endloop
  endfacet
  facet normal 0 0 1
    outer loop
      vertex 101.206 10.2178 8
      vertex 93.9625 11.8079 8
      vertex 101.15 10.2213 8
    endloop
  endfacet
  facet normal 0 0 1
    outer loop
      vertex 101.15 10.2213 8
      vertex 93.9625 11.8079 8
      vertex 101.096 10.2238 8
    endloop
  endfacet
  facet normal 0 0 1
    outer loop
      vertex 101.096 10.2238 8
      vertex 93.9625 11.8079 8
      vertex 101.044 10.2253 8
    endloop
  endfacet
  facet normal 0 0 1
    outer loop
      vertex 101.044 10.2253 8
      vertex 93.9625 11.8079 8
      vertex 100.994 10.2258 8
    endloop
  endfacet
  facet normal 0 0 1
    outer loop
      vertex 100.994 10.2258 8
      vertex 93.9625 11.8079 8
      vertex 100.667 10.2086 8
    endloop
  endfacet
  facet normal 0 0 1
    outer loop
      vertex 99.3726 9.59598 8
      vertex 98.9705 10.0824 8
      vertex 99.1646 9.35765 8
    endloop
  endfacet
  facet normal 0 0 1
    outer loop
      vertex 99.5945 9.79385 8
      vertex 98.9705 10.0824 8
      vertex 99.3726 9.59598 8
    endloop
  endfacet
  facet normal 0 0 1
    outer loop
      vertex 99.8303 9.95131 8
      vertex 98.9705 10.0824 8
      vertex 99.5945 9.79385 8
    endloop
  endfacet
  facet normal 0 0 1
    outer loop
      vertex 100.085 10.0714 8
      vertex 98.9705 10.0824 8
      vertex 99.8303 9.95131 8
    endloop
  endfacet
  facet normal 0 0 1
    outer loop
      vertex 100.364 10.1572 8
      vertex 98.9705 10.0824 8
      vertex 100.085 10.0714 8
    endloop
  endfacet
  facet normal 0 -0 1
    outer loop
      vertex 98.9705 10.0824 8
      vertex 100.667 10.2086 8
      vertex 93.9625 11.8079 8
    endloop
  endfacet
  facet normal 0 0 1
    outer loop
      vertex 100.667 10.2086 8
      vertex 98.9705 10.0824 8
      vertex 100.364 10.1572 8
    endloop
  endfacet
  facet normal 0 0 1
    outer loop
      vertex 95.9643 8.69492 8
      vertex 97.0283 10.0824 8
      vertex 95.9643 10.0824 8
    endloop
  endfacet
  facet normal 0 0 1
    outer loop
      vertex 98.9705 10.0824 8
      vertex 93.9625 11.8079 8
      vertex 97.0283 10.0824 8
    endloop
  endfacet
  facet normal 0 0 1
    outer loop
      vertex 97.0283 10.0824 8
      vertex 93.9625 11.8079 8
      vertex 95.9643 10.0824 8
    endloop
  endfacet
  facet normal 0 0 1
    outer loop
      vertex 74.9961 12.4479 8
      vertex 113.835 12.4479 8
      vertex 161.716 14 8
    endloop
  endfacet
  facet normal 0 0 1
    outer loop
      vertex 113.835 12.4479 8
      vertex 74.9961 12.4479 8
      vertex 93.9625 11.8079 8
    endloop
  endfacet
  facet normal 0 0 1
    outer loop
      vertex 92.0204 11.8079 8
      vertex 91.0547 10.0824 8
      vertex 92.0204 10.0824 8
    endloop
  endfacet
  facet normal 0 0 1
    outer loop
      vertex 91.0547 10.0824 8
      vertex 90.4138 7.99347 8
      vertex 91.0547 8.69492 8
    endloop
  endfacet
  facet normal 0 0 1
    outer loop
      vertex 91.0547 10.0824 8
      vertex 87.007 7.99347 8
      vertex 90.4138 7.99347 8
    endloop
  endfacet
  facet normal 0 0 1
    outer loop
      vertex 84.7183 9.74042 8
      vertex 91.0547 10.0824 8
      vertex 92.0204 11.8079 8
    endloop
  endfacet
  facet normal 0 0 1
    outer loop
      vertex 87.007 7.99347 8
      vertex 86.0438 7.05652 8
      vertex 87.007 6.41653 8
    endloop
  endfacet
  facet normal 0 0 1
    outer loop
      vertex 87.007 7.99347 8
      vertex 85.9901 7.74199 8
      vertex 86.0438 7.05652 8
    endloop
  endfacet
  facet normal 0 -0 1
    outer loop
      vertex 85.5602 8.89519 8
      vertex 91.0547 10.0824 8
      vertex 85.184 9.36292 8
    endloop
  endfacet
  facet normal 0 0 1
    outer loop
      vertex 87.007 7.99347 8
      vertex 85.8289 8.35487 8
      vertex 85.9901 7.74199 8
    endloop
  endfacet
  facet normal 0 0 1
    outer loop
      vertex 87.007 7.99347 8
      vertex 85.5602 8.89519 8
      vertex 85.8289 8.35487 8
    endloop
  endfacet
  facet normal 0 0 1
    outer loop
      vertex 91.0547 10.0824 8
      vertex 85.5602 8.89519 8
      vertex 87.007 7.99347 8
    endloop
  endfacet
  facet normal 0 0 1
    outer loop
      vertex 91.0547 10.0824 8
      vertex 84.7183 9.74042 8
      vertex 85.184 9.36292 8
    endloop
  endfacet
  facet normal 0 0 1
    outer loop
      vertex 92.0204 11.8079 8
      vertex 84.1811 10.0101 8
      vertex 84.7183 9.74042 8
    endloop
  endfacet
  facet normal 0 0 1
    outer loop
      vertex 92.0204 11.8079 8
      vertex 83.5723 10.1719 8
      vertex 84.1811 10.0101 8
    endloop
  endfacet
  facet normal 0 0 1
    outer loop
      vertex 92.0204 11.8079 8
      vertex 82.8919 10.2258 8
      vertex 83.5723 10.1719 8
    endloop
  endfacet
  facet normal 0 0 1
    outer loop
      vertex 74.9961 12.4479 8
      vertex 82.8919 10.2258 8
      vertex 92.0204 11.8079 8
    endloop
  endfacet
  facet normal 0 0 1
    outer loop
      vertex 79.7475 8.36375 8
      vertex 76.5205 7.29332 8
      vertex 79.5791 7.73956 8
    endloop
  endfacet
  facet normal 0 0 1
    outer loop
      vertex 76.5205 7.29332 8
      vertex 79.7475 8.36375 8
      vertex 79.4879 10.0824 8
    endloop
  endfacet
  facet normal 0 0 1
    outer loop
      vertex 80.0281 8.9086 8
      vertex 79.4879 10.0824 8
      vertex 79.7475 8.36375 8
    endloop
  endfacet
  facet normal 0 0 1
    outer loop
      vertex 80.4209 9.37411 8
      vertex 79.4879 10.0824 8
      vertex 80.0281 8.9086 8
    endloop
  endfacet
  facet normal 0 0 1
    outer loop
      vertex 80.912 9.74672 8
      vertex 79.4879 10.0824 8
      vertex 80.4209 9.37411 8
    endloop
  endfacet
  facet normal 0 0 1
    outer loop
      vertex 81.4875 10.0129 8
      vertex 79.4879 10.0824 8
      vertex 80.912 9.74672 8
    endloop
  endfacet
  facet normal 0 0 1
    outer loop
      vertex 82.1475 10.1726 8
      vertex 79.4879 10.0824 8
      vertex 81.4875 10.0129 8
    endloop
  endfacet
  facet normal 0 0 1
    outer loop
      vertex 82.8919 10.2258 8
      vertex 74.9961 12.4479 8
      vertex 82.1475 10.1726 8
    endloop
  endfacet
  facet normal 0 0 1
    outer loop
      vertex 82.1475 10.1726 8
      vertex 74.9961 12.4479 8
      vertex 79.4879 10.0824 8
    endloop
  endfacet
  facet normal 0 0 1
    outer loop
      vertex 79.4879 10.0824 8
      vertex 74.9961 12.4479 8
      vertex 77.2312 10.0824 8
    endloop
  endfacet
  facet normal 0 0 1
    outer loop
      vertex 93.9625 11.8079 8
      vertex 74.9961 12.4479 8
      vertex 92.0204 11.8079 8
    endloop
  endfacet
  facet normal 0 0 1
    outer loop
      vertex 161.716 14 8
      vertex 73.054 12.4479 8
      vertex 74.9961 12.4479 8
    endloop
  endfacet
  facet normal -0 0 1
    outer loop
      vertex 71.7668 7.74394 8
      vertex 73.054 4.005 8
      vertex 73.054 12.4479 8
    endloop
  endfacet
  facet normal 0 0 1
    outer loop
      vertex 73.054 4.005 8
      vertex 71.7668 7.74394 8
      vertex 71.8219 7.03603 8
    endloop
  endfacet
  facet normal 0 0 1
    outer loop
      vertex 73.054 12.4479 8
      vertex 71.6015 8.3705 8
      vertex 71.7668 7.74394 8
    endloop
  endfacet
  facet normal 0 0 1
    outer loop
      vertex 73.054 12.4479 8
      vertex 71.326 8.91566 8
      vertex 71.6015 8.3705 8
    endloop
  endfacet
  facet normal 0 0 1
    outer loop
      vertex 73.054 12.4479 8
      vertex 70.9403 9.37947 8
      vertex 71.326 8.91566 8
    endloop
  endfacet
  facet normal 0 0 1
    outer loop
      vertex 73.054 12.4479 8
      vertex 70.4566 9.74974 8
      vertex 70.9403 9.37947 8
    endloop
  endfacet
  facet normal 0 0 1
    outer loop
      vertex 73.054 12.4479 8
      vertex 69.8872 10.0142 8
      vertex 70.4566 9.74974 8
    endloop
  endfacet
  facet normal 0 0 1
    outer loop
      vertex 73.054 12.4479 8
      vertex 69.232 10.1729 8
      vertex 69.8872 10.0142 8
    endloop
  endfacet
  facet normal 0 0 1
    outer loop
      vertex 73.054 12.4479 8
      vertex 68.4909 10.2258 8
      vertex 69.232 10.1729 8
    endloop
  endfacet
  facet normal 0 0 1
    outer loop
      vertex 73.054 12.4479 8
      vertex 67.7472 10.1729 8
      vertex 68.4909 10.2258 8
    endloop
  endfacet
  facet normal 0 0 1
    outer loop
      vertex 62.3234 10.17 8
      vertex 67.7472 10.1729 8
      vertex 73.054 12.4479 8
    endloop
  endfacet
  facet normal -0 0 1
    outer loop
      vertex 64.3079 7.70651 8
      vertex 65.1437 7.03603 8
      vertex 65.1992 7.74394 8
    endloop
  endfacet
  facet normal -0 0 1
    outer loop
      vertex 64.1727 8.3129 8
      vertex 65.1992 7.74394 8
      vertex 65.3655 8.3705 8
    endloop
  endfacet
  facet normal -0 0 1
    outer loop
      vertex 63.9472 8.85519 8
      vertex 65.3655 8.3705 8
      vertex 65.6427 8.91566 8
    endloop
  endfacet
  facet normal 0 0 1
    outer loop
      vertex 65.1437 7.03603 8
      vertex 64.3079 7.70651 8
      vertex 64.353 7.03603 8
    endloop
  endfacet
  facet normal -0 0 1
    outer loop
      vertex 63.6315 9.33339 8
      vertex 65.6427 8.91566 8
      vertex 66.0307 9.37947 8
    endloop
  endfacet
  facet normal 0 0 1
    outer loop
      vertex 65.1992 7.74394 8
      vertex 64.1727 8.3129 8
      vertex 64.3079 7.70651 8
    endloop
  endfacet
  facet normal -0 0 1
    outer loop
      vertex 63.2457 9.72382 8
      vertex 66.0307 9.37947 8
      vertex 66.5171 9.74974 8
    endloop
  endfacet
  facet normal 0 0 1
    outer loop
      vertex 65.3655 8.3705 8
      vertex 63.9472 8.85519 8
      vertex 64.1727 8.3129 8
    endloop
  endfacet
  facet normal -0 0 1
    outer loop
      vertex 62.8096 10.0027 8
      vertex 66.5171 9.74974 8
      vertex 67.0893 10.0142 8
    endloop
  endfacet
  facet normal 0 0 1
    outer loop
      vertex 67.7472 10.1729 8
      vertex 62.3234 10.17 8
      vertex 67.0893 10.0142 8
    endloop
  endfacet
  facet normal 0 0 1
    outer loop
      vertex 65.6427 8.91566 8
      vertex 63.6315 9.33339 8
      vertex 63.9472 8.85519 8
    endloop
  endfacet
  facet normal 0 0 1
    outer loop
      vertex 66.0307 9.37947 8
      vertex 63.2457 9.72382 8
      vertex 63.6315 9.33339 8
    endloop
  endfacet
  facet normal 0 0 1
    outer loop
      vertex 66.5171 9.74974 8
      vertex 62.8096 10.0027 8
      vertex 63.2457 9.72382 8
    endloop
  endfacet
  facet normal 0 0 1
    outer loop
      vertex 67.0893 10.0142 8
      vertex 62.3234 10.17 8
      vertex 62.8096 10.0027 8
    endloop
  endfacet
  facet normal 0 0 1
    outer loop
      vertex 73.054 12.4479 8
      vertex 61.787 10.2258 8
      vertex 62.3234 10.17 8
    endloop
  endfacet
  facet normal 0 0 1
    outer loop
      vertex 73.054 12.4479 8
      vertex 61.4788 10.2101 8
      vertex 61.787 10.2258 8
    endloop
  endfacet
  facet normal 0 0 1
    outer loop
      vertex 57.8322 10.0824 8
      vertex 61.4788 10.2101 8
      vertex 73.054 12.4479 8
    endloop
  endfacet
  facet normal 0 0 1
    outer loop
      vertex 60.1975 9.65247 8
      vertex 59.7744 10.0824 8
      vertex 59.9805 9.43944 8
    endloop
  endfacet
  facet normal 0 0 1
    outer loop
      vertex 60.4254 9.83064 8
      vertex 59.7744 10.0824 8
      vertex 60.1975 9.65247 8
    endloop
  endfacet
  facet normal 0 0 1
    outer loop
      vertex 60.6641 9.97395 8
      vertex 59.7744 10.0824 8
      vertex 60.4254 9.83064 8
    endloop
  endfacet
  facet normal 0 0 1
    outer loop
      vertex 60.9173 10.0841 8
      vertex 59.7744 10.0824 8
      vertex 60.6641 9.97395 8
    endloop
  endfacet
  facet normal 0 0 1
    outer loop
      vertex 61.1889 10.1628 8
      vertex 59.7744 10.0824 8
      vertex 60.9173 10.0841 8
    endloop
  endfacet
  facet normal 0 -0 1
    outer loop
      vertex 59.7744 10.0824 8
      vertex 61.4788 10.2101 8
      vertex 57.8322 10.0824 8
    endloop
  endfacet
  facet normal 0 0 1
    outer loop
      vertex 61.4788 10.2101 8
      vertex 59.7744 10.0824 8
      vertex 61.1889 10.1628 8
    endloop
  endfacet
  facet normal 0 0 1
    outer loop
      vertex 57.8322 10.0824 8
      vertex 14 14 8
      vertex 57.8322 1.69589 8
    endloop
  endfacet
  facet normal 0 0 1
    outer loop
      vertex 73.054 12.4479 8
      vertex 14 14 8
      vertex 57.8322 10.0824 8
    endloop
  endfacet
  facet normal -0 0 1
    outer loop
      vertex 14 14 8
      vertex 73.054 12.4479 8
      vertex 161.716 14 8
    endloop
  endfacet
  facet normal 0 0 1
    outer loop
      vertex 38.2841 132 8
      vertex 161.716 14 8
      vertex 186 25.4295 8
    endloop
  endfacet
  facet normal 0 0 1
    outer loop
      vertex 161.716 14 8
      vertex 38.2841 132 8
      vertex 14 120.57 8
    endloop
  endfacet
  facet normal 0 0 1
    outer loop
      vertex 186 25.4295 8
      vertex 200 146 8
      vertex 186 132 8
    endloop
  endfacet
  facet normal 0 0 1
    outer loop
      vertex 200 146 8
      vertex 38.2841 132 8
      vertex 186 132 8
    endloop
  endfacet
  facet normal 0 0 1
    outer loop
      vertex 0 0 8
      vertex 14 120.57 8
      vertex 0 146 8
    endloop
  endfacet
  facet normal 0 0 1
    outer loop
      vertex 38.2841 132 8
      vertex 0 146 8
      vertex 14 120.57 8
    endloop
  endfacet
  facet normal -0 0 1
    outer loop
      vertex 0 146 8
      vertex 38.2841 132 8
      vertex 200 146 8
    endloop
  endfacet
  facet normal 0 0 1
    outer loop
      vertex 200 146 8
      vertex 186 25.4295 8
      vertex 200 0 8
    endloop
  endfacet
  facet normal -0 0 1
    outer loop
      vertex 161.716 14 8
      vertex 200 0 8
      vertex 186 25.4295 8
    endloop
  endfacet
  facet normal 0 0 1
    outer loop
      vertex 142.353 4.005 8
      vertex 161.716 14 8
      vertex 142.353 10.0824 8
    endloop
  endfacet
  facet normal 0 0 1
    outer loop
      vertex 161.716 14 8
      vertex 142.353 4.005 8
      vertex 200 0 8
    endloop
  endfacet
  facet normal 0 0 1
    outer loop
      vertex 138.687 3.86203 8
      vertex 142.353 4.005 8
      vertex 140.411 4.005 8
    endloop
  endfacet
  facet normal -0 0 1
    outer loop
      vertex 139.958 4.41959 8
      vertex 140.411 4.005 8
      vertex 140.188 4.63263 8
    endloop
  endfacet
  facet normal -0 0 1
    outer loop
      vertex 139.722 4.24139 8
      vertex 140.411 4.005 8
      vertex 139.958 4.41959 8
    endloop
  endfacet
  facet normal -0 0 1
    outer loop
      vertex 139.48 4.09805 8
      vertex 140.411 4.005 8
      vertex 139.722 4.24139 8
    endloop
  endfacet
  facet normal 0 0 1
    outer loop
      vertex 139.228 3.9879 8
      vertex 140.411 4.005 8
      vertex 139.48 4.09805 8
    endloop
  endfacet
  facet normal 0 0 1
    outer loop
      vertex 138.964 3.90923 8
      vertex 140.411 4.005 8
      vertex 139.228 3.9879 8
    endloop
  endfacet
  facet normal 0 0 1
    outer loop
      vertex 138.687 3.86203 8
      vertex 140.411 4.005 8
      vertex 138.964 3.90923 8
    endloop
  endfacet
  facet normal 0 0 1
    outer loop
      vertex 142.353 4.005 8
      vertex 138.687 3.86203 8
      vertex 200 0 8
    endloop
  endfacet
  facet normal -0 0 1
    outer loop
      vertex 138.398 3.84628 8
      vertex 200 0 8
      vertex 138.687 3.86203 8
    endloop
  endfacet
  facet normal -0 0 1
    outer loop
      vertex 135.015 6.50357 8
      vertex 136.244 6.36893 8
      vertex 135.015 7.05652 8
    endloop
  endfacet
  facet normal 0 0 1
    outer loop
      vertex 136.244 6.36893 8
      vertex 135.015 6.50357 8
      vertex 136.279 5.78979 8
    endloop
  endfacet
  facet normal -0 0 1
    outer loop
      vertex 134.728 5.86868 8
      vertex 136.279 5.78979 8
      vertex 135.015 6.50357 8
    endloop
  endfacet
  facet normal 0 0 1
    outer loop
      vertex 136.279 5.78979 8
      vertex 134.728 5.86868 8
      vertex 136.382 5.28389 8
    endloop
  endfacet
  facet normal 0 0 1
    outer loop
      vertex 134.728 4.37364 8
      vertex 136.382 5.28389 8
      vertex 134.728 5.86868 8
    endloop
  endfacet
  facet normal 0 0 1
    outer loop
      vertex 136.382 5.28389 8
      vertex 134.728 4.37364 8
      vertex 136.554 4.85123 8
    endloop
  endfacet
  facet normal 0 0 1
    outer loop
      vertex 136.554 4.85123 8
      vertex 134.728 4.37364 8
      vertex 136.795 4.49181 8
    endloop
  endfacet
  facet normal 0 0 1
    outer loop
      vertex 136.795 4.49181 8
      vertex 134.728 4.37364 8
      vertex 137.101 4.2094 8
    endloop
  endfacet
  facet normal 0 0 1
    outer loop
      vertex 134.728 4.37364 8
      vertex 137.471 4.00768 8
      vertex 137.101 4.2094 8
    endloop
  endfacet
  facet normal -0 0 1
    outer loop
      vertex 134.383 4.25116 8
      vertex 137.471 4.00768 8
      vertex 134.728 4.37364 8
    endloop
  endfacet
  facet normal -0 0 1
    outer loop
      vertex 134.039 4.14462 8
      vertex 137.471 4.00768 8
      vertex 134.383 4.25116 8
    endloop
  endfacet
  facet normal -0 0 1
    outer loop
      vertex 133.694 4.05408 8
      vertex 137.471 4.00768 8
      vertex 134.039 4.14462 8
    endloop
  endfacet
  facet normal 0 0 1
    outer loop
      vertex 137.471 4.00768 8
      vertex 133.694 4.05408 8
      vertex 137.903 3.88663 8
    endloop
  endfacet
  facet normal -0 0 1
    outer loop
      vertex 133.35 3.97949 8
      vertex 137.903 3.88663 8
      vertex 133.694 4.05408 8
    endloop
  endfacet
  facet normal -0 0 1
    outer loop
      vertex 133.005 3.92122 8
      vertex 137.903 3.88663 8
      vertex 133.35 3.97949 8
    endloop
  endfacet
  facet normal 0 0 1
    outer loop
      vertex 132.661 3.87959 8
      vertex 137.903 3.88663 8
      vertex 133.005 3.92122 8
    endloop
  endfacet
  facet normal 0 0 1
    outer loop
      vertex 137.903 3.88663 8
      vertex 132.661 3.87959 8
      vertex 138.398 3.84628 8
    endloop
  endfacet
  facet normal -0 0 1
    outer loop
      vertex 132.316 3.85461 8
      vertex 138.398 3.84628 8
      vertex 132.661 3.87959 8
    endloop
  endfacet
  facet normal 0 0 1
    outer loop
      vertex 131.972 3.84628 8
      vertex 138.398 3.84628 8
      vertex 132.316 3.85461 8
    endloop
  endfacet
  facet normal 0 0 1
    outer loop
      vertex 138.398 3.84628 8
      vertex 131.972 3.84628 8
      vertex 200 0 8
    endloop
  endfacet
  facet normal 0 0 1
    outer loop
      vertex 126.982 6.1042 8
      vertex 128.551 6.3215 8
      vertex 128.494 7.03603 8
    endloop
  endfacet
  facet normal -0 0 1
    outer loop
      vertex 126.982 6.1042 8
      vertex 128.723 5.69136 8
      vertex 128.551 6.3215 8
    endloop
  endfacet
  facet normal 0 0 1
    outer loop
      vertex 126.982 4.005 8
      vertex 128.723 5.69136 8
      vertex 126.982 6.1042 8
    endloop
  endfacet
  facet normal 0 0 1
    outer loop
      vertex 128.723 5.69136 8
      vertex 126.982 4.005 8
      vertex 129.009 5.14566 8
    endloop
  endfacet
  facet normal 0 0 1
    outer loop
      vertex 129.009 5.14566 8
      vertex 126.982 4.005 8
      vertex 129.408 4.68437 8
    endloop
  endfacet
  facet normal 0 0 1
    outer loop
      vertex 129.408 4.68437 8
      vertex 126.982 4.005 8
      vertex 129.911 4.3177 8
    endloop
  endfacet
  facet normal 0 0 1
    outer loop
      vertex 126.982 4.005 8
      vertex 130.506 4.0558 8
      vertex 129.911 4.3177 8
    endloop
  endfacet
  facet normal -0 0 1
    outer loop
      vertex 126.982 4.005 8
      vertex 131.193 3.89867 8
      vertex 130.506 4.0558 8
    endloop
  endfacet
  facet normal 0 0 1
    outer loop
      vertex 126.982 4.005 8
      vertex 131.972 3.84628 8
      vertex 131.193 3.89867 8
    endloop
  endfacet
  facet normal -0 0 1
    outer loop
      vertex 120.835 3.85461 8
      vertex 131.972 3.84628 8
      vertex 126.982 4.005 8
    endloop
  endfacet
  facet normal 0 0 1
    outer loop
      vertex 120.835 3.85461 8
      vertex 126.982 4.005 8
      vertex 125.029 4.005 8
    endloop
  endfacet
  facet normal 0 0 1
    outer loop
      vertex 123.246 5.86868 8
      vertex 125.029 6.1042 8
      vertex 123.534 6.50357 8
    endloop
  endfacet
  facet normal 0 0 1
    outer loop
      vertex 123.246 4.37364 8
      vertex 125.029 6.1042 8
      vertex 123.246 5.86868 8
    endloop
  endfacet
  facet normal 0 0 1
    outer loop
      vertex 125.029 6.1042 8
      vertex 123.246 4.37364 8
      vertex 125.029 4.005 8
    endloop
  endfacet
  facet normal -0 0 1
    outer loop
      vertex 122.902 4.25116 8
      vertex 125.029 4.005 8
      vertex 123.246 4.37364 8
    endloop
  endfacet
  facet normal -0 0 1
    outer loop
      vertex 122.557 4.14462 8
      vertex 125.029 4.005 8
      vertex 122.902 4.25116 8
    endloop
  endfacet
  facet normal -0 0 1
    outer loop
      vertex 122.213 4.05408 8
      vertex 125.029 4.005 8
      vertex 122.557 4.14462 8
    endloop
  endfacet
  facet normal 0 0 1
    outer loop
      vertex 121.868 3.97949 8
      vertex 125.029 4.005 8
      vertex 122.213 4.05408 8
    endloop
  endfacet
  facet normal 0 0 1
    outer loop
      vertex 121.524 3.92122 8
      vertex 125.029 4.005 8
      vertex 121.868 3.97949 8
    endloop
  endfacet
  facet normal 0 0 1
    outer loop
      vertex 121.179 3.87959 8
      vertex 125.029 4.005 8
      vertex 121.524 3.92122 8
    endloop
  endfacet
  facet normal 0 0 1
    outer loop
      vertex 120.835 3.85461 8
      vertex 125.029 4.005 8
      vertex 121.179 3.87959 8
    endloop
  endfacet
  facet normal 0 0 1
    outer loop
      vertex 120.49 3.84628 8
      vertex 131.972 3.84628 8
      vertex 120.835 3.85461 8
    endloop
  endfacet
  facet normal 0 0 1
    outer loop
      vertex 131.972 3.84628 8
      vertex 120.49 3.84628 8
      vertex 200 0 8
    endloop
  endfacet
  facet normal 0 0 1
    outer loop
      vertex 117.069 7.73956 8
      vertex 115.788 4.005 8
      vertex 117.013 7.03603 8
    endloop
  endfacet
  facet normal 0 0 1
    outer loop
      vertex 117.013 7.03603 8
      vertex 115.788 4.005 8
      vertex 117.07 6.3215 8
    endloop
  endfacet
  facet normal 0 0 1
    outer loop
      vertex 115.788 4.005 8
      vertex 117.242 5.69136 8
      vertex 117.07 6.3215 8
    endloop
  endfacet
  facet normal 0 0 1
    outer loop
      vertex 115.788 4.005 8
      vertex 117.527 5.14566 8
      vertex 117.242 5.69136 8
    endloop
  endfacet
  facet normal 0 0 1
    outer loop
      vertex 115.788 4.005 8
      vertex 117.927 4.68437 8
      vertex 117.527 5.14566 8
    endloop
  endfacet
  facet normal 0 0 1
    outer loop
      vertex 115.788 4.005 8
      vertex 118.43 4.3177 8
      vertex 117.927 4.68437 8
    endloop
  endfacet
  facet normal 0 0 1
    outer loop
      vertex 115.788 4.005 8
      vertex 119.025 4.0558 8
      vertex 118.43 4.3177 8
    endloop
  endfacet
  facet normal -0 0 1
    outer loop
      vertex 115.788 4.005 8
      vertex 119.712 3.89867 8
      vertex 119.025 4.0558 8
    endloop
  endfacet
  facet normal 0 0 1
    outer loop
      vertex 115.788 4.005 8
      vertex 120.49 3.84628 8
      vertex 119.712 3.89867 8
    endloop
  endfacet
  facet normal -0 0 1
    outer loop
      vertex 112.141 3.86185 8
      vertex 120.49 3.84628 8
      vertex 115.788 4.005 8
    endloop
  endfacet
  facet normal 0 0 1
    outer loop
      vertex 112.141 3.86185 8
      vertex 115.788 4.005 8
      vertex 113.835 4.005 8
    endloop
  endfacet
  facet normal -0 0 1
    outer loop
      vertex 113.414 4.41618 8
      vertex 113.835 4.005 8
      vertex 113.63 4.63042 8
    endloop
  endfacet
  facet normal -0 0 1
    outer loop
      vertex 113.187 4.23782 8
      vertex 113.835 4.005 8
      vertex 113.414 4.41618 8
    endloop
  endfacet
  facet normal -0 0 1
    outer loop
      vertex 112.951 4.09532 8
      vertex 113.835 4.005 8
      vertex 113.187 4.23782 8
    endloop
  endfacet
  facet normal 0 0 1
    outer loop
      vertex 112.7 3.98637 8
      vertex 113.835 4.005 8
      vertex 112.951 4.09532 8
    endloop
  endfacet
  facet normal 0 0 1
    outer loop
      vertex 112.43 3.90855 8
      vertex 113.835 4.005 8
      vertex 112.7 3.98637 8
    endloop
  endfacet
  facet normal 0 0 1
    outer loop
      vertex 112.141 3.86185 8
      vertex 113.835 4.005 8
      vertex 112.43 3.90855 8
    endloop
  endfacet
  facet normal 0 0 1
    outer loop
      vertex 111.834 3.84628 8
      vertex 120.49 3.84628 8
      vertex 112.141 3.86185 8
    endloop
  endfacet
  facet normal 0 0 1
    outer loop
      vertex 120.49 3.84628 8
      vertex 111.834 3.84628 8
      vertex 200 0 8
    endloop
  endfacet
  facet normal 0 0 1
    outer loop
      vertex 108.07 7.46732 8
      vertex 109.313 6.36557 8
      vertex 109.268 7.03603 8
    endloop
  endfacet
  facet normal 0 0 1
    outer loop
      vertex 108.07 4.005 8
      vertex 109.313 6.36557 8
      vertex 108.07 7.46732 8
    endloop
  endfacet
  facet normal 0 0 1
    outer loop
      vertex 109.313 6.36557 8
      vertex 108.07 4.005 8
      vertex 109.448 5.75917 8
    endloop
  endfacet
  facet normal 0 0 1
    outer loop
      vertex 109.448 5.75917 8
      vertex 108.07 4.005 8
      vertex 109.673 5.21684 8
    endloop
  endfacet
  facet normal 0 0 1
    outer loop
      vertex 109.673 5.21684 8
      vertex 108.07 4.005 8
      vertex 109.989 4.7386 8
    endloop
  endfacet
  facet normal 0 0 1
    outer loop
      vertex 108.07 4.005 8
      vertex 110.375 4.34822 8
      vertex 109.989 4.7386 8
    endloop
  endfacet
  facet normal 0 0 1
    outer loop
      vertex 108.07 4.005 8
      vertex 110.811 4.06937 8
      vertex 110.375 4.34822 8
    endloop
  endfacet
  facet normal -0 0 1
    outer loop
      vertex 108.07 4.005 8
      vertex 111.297 3.90205 8
      vertex 110.811 4.06937 8
    endloop
  endfacet
  facet normal 0 0 1
    outer loop
      vertex 108.07 4.005 8
      vertex 111.834 3.84628 8
      vertex 111.297 3.90205 8
    endloop
  endfacet
  facet normal -0 0 1
    outer loop
      vertex 104.382 3.86208 8
      vertex 111.834 3.84628 8
      vertex 108.07 4.005 8
    endloop
  endfacet
  facet normal 0 0 1
    outer loop
      vertex 104.382 3.86208 8
      vertex 108.07 4.005 8
      vertex 106.112 4.005 8
    endloop
  endfacet
  facet normal -0 0 1
    outer loop
      vertex 105.697 4.42715 8
      vertex 106.112 4.005 8
      vertex 105.91 4.64778 8
    endloop
  endfacet
  facet normal -0 0 1
    outer loop
      vertex 105.471 4.24422 8
      vertex 106.112 4.005 8
      vertex 105.697 4.42715 8
    endloop
  endfacet
  facet normal -0 0 1
    outer loop
      vertex 105.233 4.09901 8
      vertex 106.112 4.005 8
      vertex 105.471 4.24422 8
    endloop
  endfacet
  facet normal 0 0 1
    outer loop
      vertex 104.976 3.98845 8
      vertex 106.112 4.005 8
      vertex 105.233 4.09901 8
    endloop
  endfacet
  facet normal 0 0 1
    outer loop
      vertex 104.692 3.90947 8
      vertex 106.112 4.005 8
      vertex 104.976 3.98845 8
    endloop
  endfacet
  facet normal 0 0 1
    outer loop
      vertex 104.382 3.86208 8
      vertex 106.112 4.005 8
      vertex 104.692 3.90947 8
    endloop
  endfacet
  facet normal 0 0 1
    outer loop
      vertex 104.045 3.84628 8
      vertex 111.834 3.84628 8
      vertex 104.382 3.86208 8
    endloop
  endfacet
  facet normal 0 0 1
    outer loop
      vertex 59.7744 1.69589 8
      vertex 111.834 3.84628 8
      vertex 104.045 3.84628 8
    endloop
  endfacet
  facet normal 0 0 1
    outer loop
      vertex 101.161 8.56886 8
      vertex 102.108 6.75108 8
      vertex 101.288 8.52829 8
    endloop
  endfacet
  facet normal 0 0 1
    outer loop
      vertex 101.035 8.60155 8
      vertex 102.108 6.75108 8
      vertex 101.161 8.56886 8
    endloop
  endfacet
  facet normal 0 0 1
    outer loop
      vertex 100.908 8.62672 8
      vertex 102.108 6.75108 8
      vertex 101.035 8.60155 8
    endloop
  endfacet
  facet normal -0 0 1
    outer loop
      vertex 98.9705 6.80252 8
      vertex 101.97 6.32379 8
      vertex 98.9957 7.2244 8
    endloop
  endfacet
  facet normal 0 0 1
    outer loop
      vertex 100.782 8.6447 8
      vertex 102.108 6.75108 8
      vertex 100.908 8.62672 8
    endloop
  endfacet
  facet normal 0 0 1
    outer loop
      vertex 100.655 8.65547 8
      vertex 102.108 6.75108 8
      vertex 100.782 8.6447 8
    endloop
  endfacet
  facet normal 0 0 1
    outer loop
      vertex 101.924 5.82533 8
      vertex 98.9705 6.80252 8
      vertex 101.961 5.40663 8
    endloop
  endfacet
  facet normal 0 0 1
    outer loop
      vertex 102.108 6.75108 8
      vertex 98.9957 7.2244 8
      vertex 101.97 6.32379 8
    endloop
  endfacet
  facet normal 0 0 1
    outer loop
      vertex 102.108 6.75108 8
      vertex 100.655 8.65547 8
      vertex 98.9957 7.2244 8
    endloop
  endfacet
  facet normal 0 0 1
    outer loop
      vertex 98.9957 7.2244 8
      vertex 100.655 8.65547 8
      vertex 100.527 8.65907 8
    endloop
  endfacet
  facet normal 0 0 1
    outer loop
      vertex 99.0715 7.59438 8
      vertex 100.527 8.65907 8
      vertex 100.175 8.62904 8
    endloop
  endfacet
  facet normal 0 0 1
    outer loop
      vertex 99.1978 7.91243 8
      vertex 100.175 8.62904 8
      vertex 99.8649 8.53896 8
    endloop
  endfacet
  facet normal 0 0 1
    outer loop
      vertex 98.9705 4.005 8
      vertex 101.961 5.40663 8
      vertex 98.9705 6.80252 8
    endloop
  endfacet
  facet normal 0 0 1
    outer loop
      vertex 99.3746 8.17859 8
      vertex 99.8649 8.53896 8
      vertex 99.5983 8.38881 8
    endloop
  endfacet
  facet normal 0 0 1
    outer loop
      vertex 99.8649 8.53896 8
      vertex 99.3746 8.17859 8
      vertex 99.1978 7.91243 8
    endloop
  endfacet
  facet normal 0 0 1
    outer loop
      vertex 100.175 8.62904 8
      vertex 99.1978 7.91243 8
      vertex 99.0715 7.59438 8
    endloop
  endfacet
  facet normal 0 0 1
    outer loop
      vertex 101.97 6.32379 8
      vertex 98.9705 6.80252 8
      vertex 101.924 5.82533 8
    endloop
  endfacet
  facet normal 0 0 1
    outer loop
      vertex 100.527 8.65907 8
      vertex 99.0715 7.59438 8
      vertex 98.9957 7.2244 8
    endloop
  endfacet
  facet normal 0 0 1
    outer loop
      vertex 101.961 5.40663 8
      vertex 98.9705 4.005 8
      vertex 102.071 5.02895 8
    endloop
  endfacet
  facet normal 0 0 1
    outer loop
      vertex 102.071 5.02895 8
      vertex 98.9705 4.005 8
      vertex 102.255 4.69228 8
    endloop
  endfacet
  facet normal 0 0 1
    outer loop
      vertex 102.255 4.69228 8
      vertex 98.9705 4.005 8
      vertex 102.512 4.39661 8
    endloop
  endfacet
  facet normal 0 0 1
    outer loop
      vertex 102.512 4.39661 8
      vertex 98.9705 4.005 8
      vertex 102.829 4.15584 8
    endloop
  endfacet
  facet normal -0 0 1
    outer loop
      vertex 98.9705 4.005 8
      vertex 103.19 3.98387 8
      vertex 102.829 4.15584 8
    endloop
  endfacet
  facet normal 0 0 1
    outer loop
      vertex 98.9705 4.005 8
      vertex 103.595 3.88068 8
      vertex 103.19 3.98387 8
    endloop
  endfacet
  facet normal 0 0 1
    outer loop
      vertex 98.9705 4.005 8
      vertex 104.045 3.84628 8
      vertex 103.595 3.88068 8
    endloop
  endfacet
  facet normal -0 0 1
    outer loop
      vertex 97.0283 4.005 8
      vertex 104.045 3.84628 8
      vertex 98.9705 4.005 8
    endloop
  endfacet
  facet normal 0 0 1
    outer loop
      vertex 104.045 3.84628 8
      vertex 97.0283 4.005 8
      vertex 59.7744 1.69589 8
    endloop
  endfacet
  facet normal 0 0 1
    outer loop
      vertex 97.0283 10.0824 8
      vertex 95.9643 8.69492 8
      vertex 97.0283 4.005 8
    endloop
  endfacet
  facet normal -0 0 1
    outer loop
      vertex 95.7962 5.39253 8
      vertex 97.0283 4.005 8
      vertex 95.9643 8.69492 8
    endloop
  endfacet
  facet normal 0 0 1
    outer loop
      vertex 95.7962 4.005 8
      vertex 97.0283 4.005 8
      vertex 95.7962 5.39253 8
    endloop
  endfacet
  facet normal 0 0 1
    outer loop
      vertex 59.7744 1.69589 8
      vertex 97.0283 4.005 8
      vertex 95.7962 4.005 8
    endloop
  endfacet
  facet normal 0 0 1
    outer loop
      vertex 59.7744 1.69589 8
      vertex 95.7962 4.005 8
      vertex 94.1307 4.005 8
    endloop
  endfacet
  facet normal 0 0 1
    outer loop
      vertex 92.0204 8.69492 8
      vertex 90.4138 7.99347 8
      vertex 92.0204 6.11493 8
    endloop
  endfacet
  facet normal -0 0 1
    outer loop
      vertex 90.4138 6.41653 8
      vertex 92.0204 6.11493 8
      vertex 90.4138 7.99347 8
    endloop
  endfacet
  facet normal 0 0 1
    outer loop
      vertex 92.0204 6.11493 8
      vertex 90.4138 6.41653 8
      vertex 92.0504 5.58186 8
    endloop
  endfacet
  facet normal 0 0 1
    outer loop
      vertex 92.0504 5.58186 8
      vertex 90.4138 6.41653 8
      vertex 92.1404 5.13252 8
    endloop
  endfacet
  facet normal 0 0 1
    outer loop
      vertex 92.1404 5.13252 8
      vertex 90.4138 6.41653 8
      vertex 92.2905 4.76691 8
    endloop
  endfacet
  facet normal 0 0 1
    outer loop
      vertex 85.7563 4.37364 8
      vertex 92.2905 4.76691 8
      vertex 90.4138 6.41653 8
    endloop
  endfacet
  facet normal 0 0 1
    outer loop
      vertex 85.7563 4.37364 8
      vertex 90.4138 6.41653 8
      vertex 87.007 6.41653 8
    endloop
  endfacet
  facet normal 0 0 1
    outer loop
      vertex 92.2905 4.76691 8
      vertex 85.7563 4.37364 8
      vertex 92.5005 4.485 8
    endloop
  endfacet
  facet normal 0 0 1
    outer loop
      vertex 92.5005 4.485 8
      vertex 85.7563 4.37364 8
      vertex 92.7824 4.27501 8
    endloop
  endfacet
  facet normal -0 0 1
    outer loop
      vertex 86.0438 6.50357 8
      vertex 87.007 6.41653 8
      vertex 86.0438 7.05652 8
    endloop
  endfacet
  facet normal 0 0 1
    outer loop
      vertex 85.7563 5.86868 8
      vertex 87.007 6.41653 8
      vertex 86.0438 6.50357 8
    endloop
  endfacet
  facet normal 0 0 1
    outer loop
      vertex 87.007 6.41653 8
      vertex 85.7563 5.86868 8
      vertex 85.7563 4.37364 8
    endloop
  endfacet
  facet normal 0 0 1
    outer loop
      vertex 92.7824 4.27501 8
      vertex 85.7563 4.37364 8
      vertex 93.1481 4.125 8
    endloop
  endfacet
  facet normal -0 0 1
    outer loop
      vertex 85.4118 4.25116 8
      vertex 93.1481 4.125 8
      vertex 85.7563 4.37364 8
    endloop
  endfacet
  facet normal -0 0 1
    outer loop
      vertex 85.0674 4.14462 8
      vertex 93.1481 4.125 8
      vertex 85.4118 4.25116 8
    endloop
  endfacet
  facet normal 0 0 1
    outer loop
      vertex 84.7229 4.05408 8
      vertex 93.1481 4.125 8
      vertex 85.0674 4.14462 8
    endloop
  endfacet
  facet normal 0 0 1
    outer loop
      vertex 93.1481 4.125 8
      vertex 84.7229 4.05408 8
      vertex 93.5976 4.035 8
    endloop
  endfacet
  facet normal 0 0 1
    outer loop
      vertex 84.3784 3.97949 8
      vertex 93.5976 4.035 8
      vertex 84.7229 4.05408 8
    endloop
  endfacet
  facet normal 0 0 1
    outer loop
      vertex 84.0339 3.92122 8
      vertex 93.5976 4.035 8
      vertex 84.3784 3.97949 8
    endloop
  endfacet
  facet normal 0 0 1
    outer loop
      vertex 83.6894 3.87959 8
      vertex 93.5976 4.035 8
      vertex 84.0339 3.92122 8
    endloop
  endfacet
  facet normal 0 0 1
    outer loop
      vertex 93.5976 4.035 8
      vertex 83.6894 3.87959 8
      vertex 94.1307 4.005 8
    endloop
  endfacet
  facet normal 0 0 1
    outer loop
      vertex 83.3449 3.85461 8
      vertex 94.1307 4.005 8
      vertex 83.6894 3.87959 8
    endloop
  endfacet
  facet normal 0 0 1
    outer loop
      vertex 59.7744 1.69589 8
      vertex 94.1307 4.005 8
      vertex 83.3449 3.85461 8
    endloop
  endfacet
  facet normal 0 0 1
    outer loop
      vertex 59.7744 1.69589 8
      vertex 83.3449 3.85461 8
      vertex 83.0004 3.84628 8
    endloop
  endfacet
  facet normal 0 0 1
    outer loop
      vertex 79.7212 4.005 8
      vertex 80.0372 5.14566 8
      vertex 79.7516 5.69136 8
    endloop
  endfacet
  facet normal 0 0 1
    outer loop
      vertex 79.7212 4.005 8
      vertex 80.4371 4.68437 8
      vertex 80.0372 5.14566 8
    endloop
  endfacet
  facet normal 0 0 1
    outer loop
      vertex 79.7212 4.005 8
      vertex 80.9401 4.3177 8
      vertex 80.4371 4.68437 8
    endloop
  endfacet
  facet normal 0 0 1
    outer loop
      vertex 79.7212 4.005 8
      vertex 81.535 4.0558 8
      vertex 80.9401 4.3177 8
    endloop
  endfacet
  facet normal -0 0 1
    outer loop
      vertex 79.7212 4.005 8
      vertex 82.2218 3.89867 8
      vertex 81.535 4.0558 8
    endloop
  endfacet
  facet normal 0 0 1
    outer loop
      vertex 79.7212 4.005 8
      vertex 83.0004 3.84628 8
      vertex 82.2218 3.89867 8
    endloop
  endfacet
  facet normal -0 0 1
    outer loop
      vertex 77.3668 4.005 8
      vertex 83.0004 3.84628 8
      vertex 79.7212 4.005 8
    endloop
  endfacet
  facet normal 0 0 1
    outer loop
      vertex 59.7744 1.69589 8
      vertex 83.0004 3.84628 8
      vertex 77.3668 4.005 8
    endloop
  endfacet
  facet normal 0 0 1
    outer loop
      vertex 74.9961 4.005 8
      vertex 77.3668 4.005 8
      vertex 74.9961 6.53909 8
    endloop
  endfacet
  facet normal 0 0 1
    outer loop
      vertex 59.7744 1.69589 8
      vertex 77.3668 4.005 8
      vertex 74.9961 4.005 8
    endloop
  endfacet
  facet normal 0 0 1
    outer loop
      vertex 59.7744 1.69589 8
      vertex 74.9961 4.005 8
      vertex 73.054 4.005 8
    endloop
  endfacet
  facet normal -0 0 1
    outer loop
      vertex 71.7668 6.32812 8
      vertex 73.054 4.005 8
      vertex 71.8219 7.03603 8
    endloop
  endfacet
  facet normal -0 0 1
    outer loop
      vertex 71.6015 5.70157 8
      vertex 73.054 4.005 8
      vertex 71.7668 6.32812 8
    endloop
  endfacet
  facet normal -0 0 1
    outer loop
      vertex 71.326 5.15637 8
      vertex 73.054 4.005 8
      vertex 71.6015 5.70157 8
    endloop
  endfacet
  facet normal -0 0 1
    outer loop
      vertex 70.9403 4.69252 8
      vertex 73.054 4.005 8
      vertex 71.326 5.15637 8
    endloop
  endfacet
  facet normal -0 0 1
    outer loop
      vertex 70.4566 4.3223 8
      vertex 73.054 4.005 8
      vertex 70.9403 4.69252 8
    endloop
  endfacet
  facet normal -0 0 1
    outer loop
      vertex 69.8872 4.05785 8
      vertex 73.054 4.005 8
      vertex 70.4566 4.3223 8
    endloop
  endfacet
  facet normal 0 0 1
    outer loop
      vertex 69.232 3.89919 8
      vertex 73.054 4.005 8
      vertex 69.8872 4.05785 8
    endloop
  endfacet
  facet normal 0 0 1
    outer loop
      vertex 59.7744 1.69589 8
      vertex 73.054 4.005 8
      vertex 69.232 3.89919 8
    endloop
  endfacet
  facet normal 0 0 1
    outer loop
      vertex 59.7744 1.69589 8
      vertex 69.232 3.89919 8
      vertex 68.4909 3.84628 8
    endloop
  endfacet
  facet normal 0 0 1
    outer loop
      vertex 64.3079 6.36557 8
      vertex 65.1437 7.03603 8
      vertex 64.353 7.03603 8
    endloop
  endfacet
  facet normal 0 0 1
    outer loop
      vertex 65.1437 7.03603 8
      vertex 64.3079 6.36557 8
      vertex 65.1992 6.32812 8
    endloop
  endfacet
  facet normal 0 0 1
    outer loop
      vertex 64.1727 5.75917 8
      vertex 65.1992 6.32812 8
      vertex 64.3079 6.36557 8
    endloop
  endfacet
  facet normal 0 0 1
    outer loop
      vertex 65.1992 6.32812 8
      vertex 64.1727 5.75917 8
      vertex 65.3655 5.70157 8
    endloop
  endfacet
  facet normal 0 0 1
    outer loop
      vertex 63.9472 5.21684 8
      vertex 65.3655 5.70157 8
      vertex 64.1727 5.75917 8
    endloop
  endfacet
  facet normal 0 0 1
    outer loop
      vertex 65.3655 5.70157 8
      vertex 63.9472 5.21684 8
      vertex 65.6427 5.15637 8
    endloop
  endfacet
  facet normal 0 0 1
    outer loop
      vertex 63.6315 4.7386 8
      vertex 65.6427 5.15637 8
      vertex 63.9472 5.21684 8
    endloop
  endfacet
  facet normal 0 0 1
    outer loop
      vertex 65.6427 5.15637 8
      vertex 63.6315 4.7386 8
      vertex 66.0307 4.69252 8
    endloop
  endfacet
  facet normal 0 0 1
    outer loop
      vertex 63.2457 4.34822 8
      vertex 66.0307 4.69252 8
      vertex 63.6315 4.7386 8
    endloop
  endfacet
  facet normal 0 0 1
    outer loop
      vertex 66.0307 4.69252 8
      vertex 63.2457 4.34822 8
      vertex 66.5171 4.3223 8
    endloop
  endfacet
  facet normal 0 0 1
    outer loop
      vertex 62.8096 4.06937 8
      vertex 66.5171 4.3223 8
      vertex 63.2457 4.34822 8
    endloop
  endfacet
  facet normal 0 0 1
    outer loop
      vertex 66.5171 4.3223 8
      vertex 62.8096 4.06937 8
      vertex 67.0893 4.05785 8
    endloop
  endfacet
  facet normal 0 0 1
    outer loop
      vertex 59.7744 1.69589 8
      vertex 67.0893 4.05785 8
      vertex 62.8096 4.06937 8
    endloop
  endfacet
  facet normal 0 0 1
    outer loop
      vertex 67.0893 4.05785 8
      vertex 59.7744 1.69589 8
      vertex 67.7472 3.89919 8
    endloop
  endfacet
  facet normal 0 0 1
    outer loop
      vertex 59.7744 1.69589 8
      vertex 62.8096 4.06937 8
      vertex 62.3234 3.90205 8
    endloop
  endfacet
  facet normal 0 0 1
    outer loop
      vertex 67.7472 3.89919 8
      vertex 59.7744 1.69589 8
      vertex 68.4909 3.84628 8
    endloop
  endfacet
  facet normal 0 0 1
    outer loop
      vertex 59.7744 1.69589 8
      vertex 62.3234 3.90205 8
      vertex 61.787 3.84628 8
    endloop
  endfacet
  facet normal 0 0 1
    outer loop
      vertex 59.7744 1.69589 8
      vertex 59.9805 4.63263 8
      vertex 59.7744 4.88052 8
    endloop
  endfacet
  facet normal 0 0 1
    outer loop
      vertex 59.7744 1.69589 8
      vertex 60.1975 4.41959 8
      vertex 59.9805 4.63263 8
    endloop
  endfacet
  facet normal 0 0 1
    outer loop
      vertex 59.7744 1.69589 8
      vertex 60.4254 4.24139 8
      vertex 60.1975 4.41959 8
    endloop
  endfacet
  facet normal 0 0 1
    outer loop
      vertex 59.7744 1.69589 8
      vertex 60.6641 4.09805 8
      vertex 60.4254 4.24139 8
    endloop
  endfacet
  facet normal 0 0 1
    outer loop
      vertex 59.7744 1.69589 8
      vertex 60.9173 3.9879 8
      vertex 60.6641 4.09805 8
    endloop
  endfacet
  facet normal 0 0 1
    outer loop
      vertex 59.7744 1.69589 8
      vertex 61.1889 3.90923 8
      vertex 60.9173 3.9879 8
    endloop
  endfacet
  facet normal 0 0 1
    outer loop
      vertex 59.7744 1.69589 8
      vertex 61.4788 3.86203 8
      vertex 61.1889 3.90923 8
    endloop
  endfacet
  facet normal 0 0 1
    outer loop
      vertex 59.7744 1.69589 8
      vertex 61.787 3.84628 8
      vertex 61.4788 3.86203 8
    endloop
  endfacet
  facet normal 0 0 1
    outer loop
      vertex 111.834 3.84628 8
      vertex 59.7744 1.69589 8
      vertex 200 0 8
    endloop
  endfacet
  facet normal 0 0 1
    outer loop
      vertex 0 0 8
      vertex 59.7744 1.69589 8
      vertex 57.8322 1.69589 8
    endloop
  endfacet
  facet normal 0 0 1
    outer loop
      vertex 59.7744 1.69589 8
      vertex 0 0 8
      vertex 200 0 8
    endloop
  endfacet
  facet normal 0 0 1
    outer loop
      vertex 14 14 8
      vertex 0 0 8
      vertex 57.8322 1.69589 8
    endloop
  endfacet
  facet normal 0 0 1
    outer loop
      vertex 14 120.57 8
      vertex 0 0 8
      vertex 14 14 8
    endloop
  endfacet
  facet normal 0 0 1
    outer loop
      vertex 111.28 7.03859 8
      vertex 113.835 7.03859 8
      vertex 113.815 7.44678 8
    endloop
  endfacet
  facet normal 0 0 1
    outer loop
      vertex 111.301 7.44678 8
      vertex 113.815 7.44678 8
      vertex 113.753 7.80344 8
    endloop
  endfacet
  facet normal 0 0 1
    outer loop
      vertex 113.835 7.03859 8
      vertex 111.28 7.03859 8
      vertex 113.815 6.63042 8
    endloop
  endfacet
  facet normal 0 0 1
    outer loop
      vertex 111.362 7.80344 8
      vertex 113.753 7.80344 8
      vertex 113.651 8.10854 8
    endloop
  endfacet
  facet normal 0 -0 1
    outer loop
      vertex 111.301 6.63042 8
      vertex 113.815 6.63042 8
      vertex 111.28 7.03859 8
    endloop
  endfacet
  facet normal 0 0 1
    outer loop
      vertex 112.555 8.81779 8
      vertex 113.651 8.10854 8
      vertex 113.507 8.36211 8
    endloop
  endfacet
  facet normal 0 0 1
    outer loop
      vertex 113.815 6.63042 8
      vertex 111.301 6.63042 8
      vertex 113.753 6.27374 8
    endloop
  endfacet
  facet normal 0 0 1
    outer loop
      vertex 112.849 8.78931 8
      vertex 113.507 8.36211 8
      vertex 113.325 8.56148 8
    endloop
  endfacet
  facet normal 0 -0 1
    outer loop
      vertex 111.362 6.27374 8
      vertex 113.753 6.27374 8
      vertex 111.301 6.63042 8
    endloop
  endfacet
  facet normal 0 0 1
    outer loop
      vertex 112.849 8.78931 8
      vertex 113.325 8.56148 8
      vertex 113.105 8.70387 8
    endloop
  endfacet
  facet normal 0 0 1
    outer loop
      vertex 113.753 6.27374 8
      vertex 111.362 6.27374 8
      vertex 113.651 5.96861 8
    endloop
  endfacet
  facet normal 0 0 1
    outer loop
      vertex 113.507 8.36211 8
      vertex 112.849 8.78931 8
      vertex 112.555 8.81779 8
    endloop
  endfacet
  facet normal 0 -0 1
    outer loop
      vertex 111.465 5.96861 8
      vertex 113.651 5.96861 8
      vertex 111.362 6.27374 8
    endloop
  endfacet
  facet normal 0 0 1
    outer loop
      vertex 113.651 8.10854 8
      vertex 112.555 8.81779 8
      vertex 111.465 8.10854 8
    endloop
  endfacet
  facet normal 0 -0 1
    outer loop
      vertex 112.555 5.25941 8
      vertex 113.651 5.96861 8
      vertex 111.465 5.96861 8
    endloop
  endfacet
  facet normal 0 0 1
    outer loop
      vertex 111.465 8.10854 8
      vertex 112.555 8.81779 8
      vertex 112.264 8.78931 8
    endloop
  endfacet
  facet normal 0 0 1
    outer loop
      vertex 113.651 5.96861 8
      vertex 112.555 5.25941 8
      vertex 113.507 5.71501 8
    endloop
  endfacet
  facet normal 0 0 1
    outer loop
      vertex 111.608 8.36211 8
      vertex 112.264 8.78931 8
      vertex 112.009 8.70387 8
    endloop
  endfacet
  facet normal 0 0 1
    outer loop
      vertex 113.325 5.51569 8
      vertex 112.849 5.28789 8
      vertex 113.105 5.37331 8
    endloop
  endfacet
  facet normal 0 0 1
    outer loop
      vertex 111.608 8.36211 8
      vertex 112.009 8.70387 8
      vertex 111.791 8.56148 8
    endloop
  endfacet
  facet normal 0 -0 1
    outer loop
      vertex 112.849 5.28789 8
      vertex 113.507 5.71501 8
      vertex 112.555 5.25941 8
    endloop
  endfacet
  facet normal 0 0 1
    outer loop
      vertex 112.264 8.78931 8
      vertex 111.608 8.36211 8
      vertex 111.465 8.10854 8
    endloop
  endfacet
  facet normal 0 0 1
    outer loop
      vertex 113.507 5.71501 8
      vertex 112.849 5.28789 8
      vertex 113.325 5.51569 8
    endloop
  endfacet
  facet normal 0 0 1
    outer loop
      vertex 113.651 8.10854 8
      vertex 111.465 8.10854 8
      vertex 111.362 7.80344 8
    endloop
  endfacet
  facet normal 0 0 1
    outer loop
      vertex 112.555 5.25941 8
      vertex 111.465 5.96861 8
      vertex 112.264 5.28789 8
    endloop
  endfacet
  facet normal 0 0 1
    outer loop
      vertex 113.753 7.80344 8
      vertex 111.362 7.80344 8
      vertex 111.301 7.44678 8
    endloop
  endfacet
  facet normal -0 -0 1
    outer loop
      vertex 111.608 5.71501 8
      vertex 112.264 5.28789 8
      vertex 111.465 5.96861 8
    endloop
  endfacet
  facet normal 0 0 1
    outer loop
      vertex 113.815 7.44678 8
      vertex 111.301 7.44678 8
      vertex 111.28 7.03859 8
    endloop
  endfacet
  facet normal 0 0 1
    outer loop
      vertex 112.264 5.28789 8
      vertex 111.608 5.71501 8
      vertex 112.009 5.37331 8
    endloop
  endfacet
  facet normal 0 0 1
    outer loop
      vertex 112.009 5.37331 8
      vertex 111.608 5.71501 8
      vertex 111.791 5.51569 8
    endloop
  endfacet
  facet normal -0 0 1
    outer loop
      vertex 105.103 6.73396 8
      vertex 106.112 6.51196 8
      vertex 106.112 6.73396 8
    endloop
  endfacet
  facet normal 0 0 1
    outer loop
      vertex 106.112 6.51196 8
      vertex 105.103 6.73396 8
      vertex 106.088 6.2292 8
    endloop
  endfacet
  facet normal 0 0 1
    outer loop
      vertex 106.088 6.2292 8
      vertex 105.103 6.73396 8
      vertex 106.018 5.97113 8
    endloop
  endfacet
  facet normal 0 0 1
    outer loop
      vertex 106.018 5.97113 8
      vertex 105.103 6.73396 8
      vertex 105.901 5.73776 8
    endloop
  endfacet
  facet normal 0 0 1
    outer loop
      vertex 105.901 5.73776 8
      vertex 105.103 6.73396 8
      vertex 105.738 5.52908 8
    endloop
  endfacet
  facet normal 0 0 1
    outer loop
      vertex 105.738 5.52908 8
      vertex 105.103 6.73396 8
      vertex 105.54 5.35735 8
    endloop
  endfacet
  facet normal 0 0 1
    outer loop
      vertex 105.54 5.35735 8
      vertex 105.103 6.73396 8
      vertex 105.32 5.23466 8
    endloop
  endfacet
  facet normal -0 0 1
    outer loop
      vertex 104.818 6.72112 8
      vertex 105.32 5.23466 8
      vertex 105.103 6.73396 8
    endloop
  endfacet
  facet normal 0 0 1
    outer loop
      vertex 105.32 5.23466 8
      vertex 104.818 6.72112 8
      vertex 105.078 5.16106 8
    endloop
  endfacet
  facet normal 0 0 1
    outer loop
      vertex 104.818 6.72112 8
      vertex 104.815 5.13652 8
      vertex 105.078 5.16106 8
    endloop
  endfacet
  facet normal -0 0 1
    outer loop
      vertex 104.57 6.68253 8
      vertex 104.815 5.13652 8
      vertex 104.818 6.72112 8
    endloop
  endfacet
  facet normal 0 0 1
    outer loop
      vertex 104.815 5.13652 8
      vertex 104.57 6.68253 8
      vertex 104.608 5.14955 8
    endloop
  endfacet
  facet normal -0 0 1
    outer loop
      vertex 104.361 6.61823 8
      vertex 104.608 5.14955 8
      vertex 104.57 6.68253 8
    endloop
  endfacet
  facet normal 0 0 1
    outer loop
      vertex 104.608 5.14955 8
      vertex 104.361 6.61823 8
      vertex 104.424 5.18864 8
    endloop
  endfacet
  facet normal -0 0 1
    outer loop
      vertex 103.882 5.92172 8
      vertex 104.424 5.18864 8
      vertex 104.361 6.61823 8
    endloop
  endfacet
  facet normal 0 0 1
    outer loop
      vertex 103.882 5.92172 8
      vertex 104.361 6.61823 8
      vertex 104.189 6.52821 8
    endloop
  endfacet
  facet normal 0 0 1
    outer loop
      vertex 104.424 5.18864 8
      vertex 103.882 5.92172 8
      vertex 104.264 5.2538 8
    endloop
  endfacet
  facet normal 0 0 1
    outer loop
      vertex 103.901 6.10991 8
      vertex 104.189 6.52821 8
      vertex 104.055 6.41315 8
    endloop
  endfacet
  facet normal -0 -0 1
    outer loop
      vertex 103.898 5.74759 8
      vertex 104.264 5.2538 8
      vertex 103.882 5.92172 8
    endloop
  endfacet
  facet normal 0 0 1
    outer loop
      vertex 103.901 6.10991 8
      vertex 104.055 6.41315 8
      vertex 103.959 6.27371 8
    endloop
  endfacet
  facet normal 0 0 1
    outer loop
      vertex 104.264 5.2538 8
      vertex 103.898 5.74759 8
      vertex 104.129 5.345 8
    endloop
  endfacet
  facet normal 0 0 1
    outer loop
      vertex 104.189 6.52821 8
      vertex 103.901 6.10991 8
      vertex 103.882 5.92172 8
    endloop
  endfacet
  facet normal 0 0 1
    outer loop
      vertex 104.129 5.345 8
      vertex 103.898 5.74759 8
      vertex 104.021 5.45923 8
    endloop
  endfacet
  facet normal 0 0 1
    outer loop
      vertex 104.021 5.45923 8
      vertex 103.898 5.74759 8
      vertex 103.944 5.59343 8
    endloop
  endfacet
  facet normal 0 0 1
    outer loop
      vertex 59.7744 7.03859 8
      vertex 62.3458 7.03859 8
      vertex 62.3253 7.44678 8
    endloop
  endfacet
  facet normal 0 0 1
    outer loop
      vertex 59.7952 7.44456 8
      vertex 62.3253 7.44678 8
      vertex 62.2638 7.80344 8
    endloop
  endfacet
  facet normal 0 0 1
    outer loop
      vertex 62.3458 7.03859 8
      vertex 59.7744 7.03859 8
      vertex 62.3253 6.63042 8
    endloop
  endfacet
  facet normal 0 0 1
    outer loop
      vertex 59.8578 7.80003 8
      vertex 62.2638 7.80344 8
      vertex 62.1612 8.10854 8
    endloop
  endfacet
  facet normal -0 -0 1
    outer loop
      vertex 59.7952 6.63263 8
      vertex 62.3253 6.63042 8
      vertex 59.7744 7.03859 8
    endloop
  endfacet
  facet normal 0 0 1
    outer loop
      vertex 61.0655 8.81779 8
      vertex 62.1612 8.10854 8
      vertex 62.0176 8.36211 8
    endloop
  endfacet
  facet normal 0 0 1
    outer loop
      vertex 62.3253 6.63042 8
      vertex 59.7952 6.63263 8
      vertex 62.2638 6.27374 8
    endloop
  endfacet
  facet normal 0 0 1
    outer loop
      vertex 61.359 8.78931 8
      vertex 62.0176 8.36211 8
      vertex 61.835 8.56148 8
    endloop
  endfacet
  facet normal -0 -0 1
    outer loop
      vertex 59.8578 6.27715 8
      vertex 62.2638 6.27374 8
      vertex 59.7952 6.63263 8
    endloop
  endfacet
  facet normal 0 0 1
    outer loop
      vertex 61.359 8.78931 8
      vertex 61.835 8.56148 8
      vertex 61.6155 8.70387 8
    endloop
  endfacet
  facet normal 0 0 1
    outer loop
      vertex 62.2638 6.27374 8
      vertex 59.8578 6.27715 8
      vertex 62.1612 5.96861 8
    endloop
  endfacet
  facet normal 0 0 1
    outer loop
      vertex 62.0176 8.36211 8
      vertex 61.359 8.78931 8
      vertex 61.0655 8.81779 8
    endloop
  endfacet
  facet normal -0 -0 1
    outer loop
      vertex 59.962 5.97218 8
      vertex 62.1612 5.96861 8
      vertex 59.8578 6.27715 8
    endloop
  endfacet
  facet normal 0 0 1
    outer loop
      vertex 62.1612 8.10854 8
      vertex 61.0655 8.81779 8
      vertex 59.962 8.10497 8
    endloop
  endfacet
  facet normal 0 -0 1
    outer loop
      vertex 61.0655 5.25941 8
      vertex 62.1612 5.96861 8
      vertex 59.962 5.97218 8
    endloop
  endfacet
  facet normal 0 0 1
    outer loop
      vertex 59.962 8.10497 8
      vertex 61.0655 8.81779 8
      vertex 60.7717 8.78914 8
    endloop
  endfacet
  facet normal 0 0 1
    outer loop
      vertex 62.1612 5.96861 8
      vertex 61.0655 5.25941 8
      vertex 62.0176 5.71501 8
    endloop
  endfacet
  facet normal 0 0 1
    outer loop
      vertex 60.108 8.35939 8
      vertex 60.7717 8.78914 8
      vertex 60.5142 8.70319 8
    endloop
  endfacet
  facet normal 0 -0 1
    outer loop
      vertex 61.359 5.28789 8
      vertex 62.0176 5.71501 8
      vertex 61.0655 5.25941 8
    endloop
  endfacet
  facet normal 0 0 1
    outer loop
      vertex 60.108 8.35939 8
      vertex 60.5142 8.70319 8
      vertex 60.293 8.55994 8
    endloop
  endfacet
  facet normal 0 0 1
    outer loop
      vertex 61.835 5.51569 8
      vertex 61.359 5.28789 8
      vertex 61.6155 5.37331 8
    endloop
  endfacet
  facet normal 0 0 1
    outer loop
      vertex 60.7717 8.78914 8
      vertex 60.108 8.35939 8
      vertex 59.962 8.10497 8
    endloop
  endfacet
  facet normal 0 0 1
    outer loop
      vertex 62.0176 5.71501 8
      vertex 61.359 5.28789 8
      vertex 61.835 5.51569 8
    endloop
  endfacet
  facet normal 0 0 1
    outer loop
      vertex 62.1612 8.10854 8
      vertex 59.962 8.10497 8
      vertex 59.8578 7.80003 8
    endloop
  endfacet
  facet normal 0 0 1
    outer loop
      vertex 61.0655 5.25941 8
      vertex 59.962 5.97218 8
      vertex 60.7717 5.28806 8
    endloop
  endfacet
  facet normal 0 0 1
    outer loop
      vertex 62.2638 7.80344 8
      vertex 59.8578 7.80003 8
      vertex 59.7952 7.44456 8
    endloop
  endfacet
  facet normal -0 -0 1
    outer loop
      vertex 60.108 5.71773 8
      vertex 60.7717 5.28806 8
      vertex 59.962 5.97218 8
    endloop
  endfacet
  facet normal 0 0 1
    outer loop
      vertex 62.3253 7.44678 8
      vertex 59.7952 7.44456 8
      vertex 59.7744 7.03859 8
    endloop
  endfacet
  facet normal 0 0 1
    outer loop
      vertex 60.7717 5.28806 8
      vertex 60.108 5.71773 8
      vertex 60.5142 5.37399 8
    endloop
  endfacet
  facet normal 0 0 1
    outer loop
      vertex 60.5142 5.37399 8
      vertex 60.108 5.71773 8
      vertex 60.293 5.51721 8
    endloop
  endfacet
  facet normal 0 0 1
    outer loop
      vertex 82.881 8.93555 8
      vertex 84.0273 7.96545 8
      vertex 83.9667 8.20241 8
    endloop
  endfacet
  facet normal 0 0 1
    outer loop
      vertex 83.1291 8.91432 8
      vertex 83.9667 8.20241 8
      vertex 83.8659 8.41252 8
    endloop
  endfacet
  facet normal 0 0 1
    outer loop
      vertex 83.1291 8.91432 8
      vertex 83.8659 8.41252 8
      vertex 83.7246 8.59579 8
    endloop
  endfacet
  facet normal 0 0 1
    outer loop
      vertex 83.3523 8.85062 8
      vertex 83.7246 8.59579 8
      vertex 83.5509 8.74443 8
    endloop
  endfacet
  facet normal 0 0 1
    outer loop
      vertex 83.1291 8.91432 8
      vertex 83.7246 8.59579 8
      vertex 83.3523 8.85062 8
    endloop
  endfacet
  facet normal 0 0 1
    outer loop
      vertex 82.881 8.93555 8
      vertex 83.9667 8.20241 8
      vertex 83.1291 8.91432 8
    endloop
  endfacet
  facet normal 0 0 1
    outer loop
      vertex 84.0273 7.96545 8
      vertex 82.881 8.93555 8
      vertex 84.0474 7.70163 8
    endloop
  endfacet
  facet normal -0 0 1
    outer loop
      vertex 82.6122 8.91568 8
      vertex 84.0474 7.70163 8
      vertex 82.881 8.93555 8
    endloop
  endfacet
  facet normal 0 0 1
    outer loop
      vertex 81.6781 8.22957 8
      vertex 82.6122 8.91568 8
      vertex 82.3698 8.85605 8
    endloop
  endfacet
  facet normal 0 0 1
    outer loop
      vertex 81.8045 8.44106 8
      vertex 82.3698 8.85605 8
      vertex 82.1538 8.75668 8
    endloop
  endfacet
  facet normal 0 0 1
    outer loop
      vertex 81.8045 8.44106 8
      vertex 82.1538 8.75668 8
      vertex 81.9642 8.61755 8
    endloop
  endfacet
  facet normal 0 0 1
    outer loop
      vertex 81.6781 8.22957 8
      vertex 82.3698 8.85605 8
      vertex 81.8045 8.44106 8
    endloop
  endfacet
  facet normal 0 0 1
    outer loop
      vertex 82.6122 8.91568 8
      vertex 81.6781 8.22957 8
      vertex 84.0474 7.70163 8
    endloop
  endfacet
  facet normal -0 0 1
    outer loop
      vertex 81.5848 7.98309 8
      vertex 84.0474 7.70163 8
      vertex 81.6781 8.22957 8
    endloop
  endfacet
  facet normal 0 0 1
    outer loop
      vertex 84.0474 7.70163 8
      vertex 81.5848 7.98309 8
      vertex 81.5248 7.70163 8
    endloop
  endfacet
  facet normal 0 0 1
    outer loop
      vertex 120.371 8.93555 8
      vertex 121.517 7.96545 8
      vertex 121.457 8.20241 8
    endloop
  endfacet
  facet normal 0 0 1
    outer loop
      vertex 120.619 8.91432 8
      vertex 121.457 8.20241 8
      vertex 121.356 8.41252 8
    endloop
  endfacet
  facet normal 0 0 1
    outer loop
      vertex 120.619 8.91432 8
      vertex 121.356 8.41252 8
      vertex 121.215 8.59579 8
    endloop
  endfacet
  facet normal 0 0 1
    outer loop
      vertex 120.842 8.85062 8
      vertex 121.215 8.59579 8
      vertex 121.041 8.74443 8
    endloop
  endfacet
  facet normal 0 0 1
    outer loop
      vertex 120.619 8.91432 8
      vertex 121.215 8.59579 8
      vertex 120.842 8.85062 8
    endloop
  endfacet
  facet normal 0 0 1
    outer loop
      vertex 120.371 8.93555 8
      vertex 121.457 8.20241 8
      vertex 120.619 8.91432 8
    endloop
  endfacet
  facet normal 0 0 1
    outer loop
      vertex 121.517 7.96545 8
      vertex 120.371 8.93555 8
      vertex 121.537 7.70163 8
    endloop
  endfacet
  facet normal -0 0 1
    outer loop
      vertex 120.102 8.91568 8
      vertex 121.537 7.70163 8
      vertex 120.371 8.93555 8
    endloop
  endfacet
  facet normal 0 0 1
    outer loop
      vertex 119.168 8.22957 8
      vertex 120.102 8.91568 8
      vertex 119.86 8.85605 8
    endloop
  endfacet
  facet normal 0 0 1
    outer loop
      vertex 119.295 8.44106 8
      vertex 119.86 8.85605 8
      vertex 119.644 8.75668 8
    endloop
  endfacet
  facet normal 0 0 1
    outer loop
      vertex 119.295 8.44106 8
      vertex 119.644 8.75668 8
      vertex 119.454 8.61755 8
    endloop
  endfacet
  facet normal 0 0 1
    outer loop
      vertex 119.168 8.22957 8
      vertex 119.86 8.85605 8
      vertex 119.295 8.44106 8
    endloop
  endfacet
  facet normal 0 0 1
    outer loop
      vertex 120.102 8.91568 8
      vertex 119.168 8.22957 8
      vertex 121.537 7.70163 8
    endloop
  endfacet
  facet normal -0 0 1
    outer loop
      vertex 119.075 7.98309 8
      vertex 121.537 7.70163 8
      vertex 119.168 8.22957 8
    endloop
  endfacet
  facet normal 0 0 1
    outer loop
      vertex 121.537 7.70163 8
      vertex 119.075 7.98309 8
      vertex 119.015 7.70163 8
    endloop
  endfacet
  facet normal 0 0 1
    outer loop
      vertex 131.852 8.93555 8
      vertex 132.999 7.96545 8
      vertex 132.938 8.20241 8
    endloop
  endfacet
  facet normal 0 0 1
    outer loop
      vertex 132.1 8.91432 8
      vertex 132.938 8.20241 8
      vertex 132.837 8.41252 8
    endloop
  endfacet
  facet normal 0 0 1
    outer loop
      vertex 132.1 8.91432 8
      vertex 132.837 8.41252 8
      vertex 132.696 8.59579 8
    endloop
  endfacet
  facet normal 0 0 1
    outer loop
      vertex 132.324 8.85062 8
      vertex 132.696 8.59579 8
      vertex 132.522 8.74443 8
    endloop
  endfacet
  facet normal 0 0 1
    outer loop
      vertex 132.1 8.91432 8
      vertex 132.696 8.59579 8
      vertex 132.324 8.85062 8
    endloop
  endfacet
  facet normal 0 0 1
    outer loop
      vertex 131.852 8.93555 8
      vertex 132.938 8.20241 8
      vertex 132.1 8.91432 8
    endloop
  endfacet
  facet normal 0 0 1
    outer loop
      vertex 132.999 7.96545 8
      vertex 131.852 8.93555 8
      vertex 133.019 7.70163 8
    endloop
  endfacet
  facet normal -0 0 1
    outer loop
      vertex 131.583 8.91568 8
      vertex 133.019 7.70163 8
      vertex 131.852 8.93555 8
    endloop
  endfacet
  facet normal 0 0 1
    outer loop
      vertex 130.649 8.22957 8
      vertex 131.583 8.91568 8
      vertex 131.341 8.85605 8
    endloop
  endfacet
  facet normal 0 0 1
    outer loop
      vertex 130.776 8.44106 8
      vertex 131.341 8.85605 8
      vertex 131.125 8.75668 8
    endloop
  endfacet
  facet normal 0 0 1
    outer loop
      vertex 130.776 8.44106 8
      vertex 131.125 8.75668 8
      vertex 130.936 8.61755 8
    endloop
  endfacet
  facet normal 0 0 1
    outer loop
      vertex 130.649 8.22957 8
      vertex 131.341 8.85605 8
      vertex 130.776 8.44106 8
    endloop
  endfacet
  facet normal 0 0 1
    outer loop
      vertex 131.583 8.91568 8
      vertex 130.649 8.22957 8
      vertex 133.019 7.70163 8
    endloop
  endfacet
  facet normal -0 0 1
    outer loop
      vertex 130.556 7.98309 8
      vertex 133.019 7.70163 8
      vertex 130.649 8.22957 8
    endloop
  endfacet
  facet normal 0 0 1
    outer loop
      vertex 133.019 7.70163 8
      vertex 130.556 7.98309 8
      vertex 130.496 7.70163 8
    endloop
  endfacet
  facet normal 0 0 1
    outer loop
      vertex 67.1673 7.03603 8
      vertex 69.7984 7.03603 8
      vertex 69.7774 7.44742 8
    endloop
  endfacet
  facet normal 0 0 1
    outer loop
      vertex 67.1884 7.44742 8
      vertex 69.7774 7.44742 8
      vertex 69.7143 7.80756 8
    endloop
  endfacet
  facet normal 0 0 1
    outer loop
      vertex 69.7984 7.03603 8
      vertex 67.1673 7.03603 8
      vertex 69.7774 6.62466 8
    endloop
  endfacet
  facet normal 0 0 1
    outer loop
      vertex 67.252 7.80756 8
      vertex 69.7143 7.80756 8
      vertex 69.6091 8.11646 8
    endloop
  endfacet
  facet normal 0 -0 1
    outer loop
      vertex 67.1884 6.62466 8
      vertex 69.7774 6.62466 8
      vertex 67.1673 7.03603 8
    endloop
  endfacet
  facet normal 0 0 1
    outer loop
      vertex 68.4909 8.83827 8
      vertex 69.6091 8.11646 8
      vertex 69.462 8.37411 8
    endloop
  endfacet
  facet normal 0 0 1
    outer loop
      vertex 69.7774 6.62466 8
      vertex 67.1884 6.62466 8
      vertex 69.7143 6.26451 8
    endloop
  endfacet
  facet normal 0 0 1
    outer loop
      vertex 68.7896 8.80927 8
      vertex 69.462 8.37411 8
      vertex 69.2752 8.57718 8
    endloop
  endfacet
  facet normal 0 -0 1
    outer loop
      vertex 67.252 6.26451 8
      vertex 69.7143 6.26451 8
      vertex 67.1884 6.62466 8
    endloop
  endfacet
  facet normal 0 0 1
    outer loop
      vertex 68.7896 8.80927 8
      vertex 69.2752 8.57718 8
      vertex 69.0511 8.72223 8
    endloop
  endfacet
  facet normal 0 0 1
    outer loop
      vertex 69.7143 6.26451 8
      vertex 67.252 6.26451 8
      vertex 69.6091 5.95558 8
    endloop
  endfacet
  facet normal 0 0 1
    outer loop
      vertex 69.462 8.37411 8
      vertex 68.7896 8.80927 8
      vertex 68.4909 8.83827 8
    endloop
  endfacet
  facet normal 0 -0 1
    outer loop
      vertex 67.358 5.95558 8
      vertex 69.6091 5.95558 8
      vertex 67.252 6.26451 8
    endloop
  endfacet
  facet normal 0 0 1
    outer loop
      vertex 69.6091 8.11646 8
      vertex 68.4909 8.83827 8
      vertex 67.358 8.11646 8
    endloop
  endfacet
  facet normal 0 -0 1
    outer loop
      vertex 68.4909 5.23381 8
      vertex 69.6091 5.95558 8
      vertex 67.358 5.95558 8
    endloop
  endfacet
  facet normal 0 0 1
    outer loop
      vertex 67.358 8.11646 8
      vertex 68.4909 8.83827 8
      vertex 68.1873 8.80927 8
    endloop
  endfacet
  facet normal 0 0 1
    outer loop
      vertex 69.6091 5.95558 8
      vertex 68.4909 5.23381 8
      vertex 69.462 5.69789 8
    endloop
  endfacet
  facet normal 0 0 1
    outer loop
      vertex 67.5063 8.37411 8
      vertex 68.1873 8.80927 8
      vertex 67.922 8.72223 8
    endloop
  endfacet
  facet normal 0 0 1
    outer loop
      vertex 69.2752 5.49486 8
      vertex 68.7896 5.26282 8
      vertex 69.0511 5.34982 8
    endloop
  endfacet
  facet normal 0 0 1
    outer loop
      vertex 67.5063 8.37411 8
      vertex 67.922 8.72223 8
      vertex 67.695 8.57718 8
    endloop
  endfacet
  facet normal 0 0 1
    outer loop
      vertex 69.462 5.69789 8
      vertex 68.7896 5.26282 8
      vertex 69.2752 5.49486 8
    endloop
  endfacet
  facet normal 0 0 1
    outer loop
      vertex 68.1873 8.80927 8
      vertex 67.5063 8.37411 8
      vertex 67.358 8.11646 8
    endloop
  endfacet
  facet normal 0 -0 1
    outer loop
      vertex 68.7896 5.26282 8
      vertex 69.462 5.69789 8
      vertex 68.4909 5.23381 8
    endloop
  endfacet
  facet normal 0 0 1
    outer loop
      vertex 69.6091 8.11646 8
      vertex 67.358 8.11646 8
      vertex 67.252 7.80756 8
    endloop
  endfacet
  facet normal 0 0 1
    outer loop
      vertex 68.4909 5.23381 8
      vertex 67.358 5.95558 8
      vertex 68.1873 5.26282 8
    endloop
  endfacet
  facet normal 0 0 1
    outer loop
      vertex 69.7143 7.80756 8
      vertex 67.252 7.80756 8
      vertex 67.1884 7.44742 8
    endloop
  endfacet
  facet normal -0 -0 1
    outer loop
      vertex 67.5063 5.69789 8
      vertex 68.1873 5.26282 8
      vertex 67.358 5.95558 8
    endloop
  endfacet
  facet normal 0 0 1
    outer loop
      vertex 69.7774 7.44742 8
      vertex 67.1884 7.44742 8
      vertex 67.1673 7.03603 8
    endloop
  endfacet
  facet normal 0 0 1
    outer loop
      vertex 68.1873 5.26282 8
      vertex 67.5063 5.69789 8
      vertex 67.922 5.34982 8
    endloop
  endfacet
  facet normal 0 0 1
    outer loop
      vertex 67.922 5.34982 8
      vertex 67.5063 5.69789 8
      vertex 67.695 5.49486 8
    endloop
  endfacet
  facet normal 0 0 -1
    outer loop
      vertex 200 0 0
      vertex 186 25.4295 0
      vertex 200 146 0
    endloop
  endfacet
  facet normal 0 0 -1
    outer loop
      vertex 200 0 0
      vertex 161.716 14 0
      vertex 186 25.4295 0
    endloop
  endfacet
  facet normal 0 0 -1
    outer loop
      vertex 0 0 0
      vertex 161.716 14 0
      vertex 200 0 0
    endloop
  endfacet
  facet normal -0 0 -1
    outer loop
      vertex 14 14 0
      vertex 0 0 0
      vertex 14 120.57 0
    endloop
  endfacet
  facet normal -0 0 -1
    outer loop
      vertex 161.716 14 0
      vertex 0 0 0
      vertex 14 14 0
    endloop
  endfacet
  facet normal 0 0 -1
    outer loop
      vertex 186 132 0
      vertex 200 146 0
      vertex 186 25.4295 0
    endloop
  endfacet
  facet normal 0 0 -1
    outer loop
      vertex 38.2841 132 0
      vertex 200 146 0
      vertex 186 132 0
    endloop
  endfacet
  facet normal 0 0 -1
    outer loop
      vertex 38.2841 132 0
      vertex 0 146 0
      vertex 200 146 0
    endloop
  endfacet
  facet normal 0 0 -1
    outer loop
      vertex 14 120.57 0
      vertex 0 146 0
      vertex 38.2841 132 0
    endloop
  endfacet
  facet normal 0 0 -1
    outer loop
      vertex 0 146 0
      vertex 14 120.57 0
      vertex 0 0 0
    endloop
  endfacet
  facet normal 0 0 -1
    outer loop
      vertex 161.716 14 0
      vertex 38.2841 132 0
      vertex 186 25.4295 0
    endloop
  endfacet
  facet normal 0 -0 -1
    outer loop
      vertex 38.2841 132 0
      vertex 161.716 14 0
      vertex 14 120.57 0
    endloop
  endfacet
  facet normal -1 0 0
    outer loop
      vertex 0 0 0
      vertex 0 146 8
      vertex 0 146 0
    endloop
  endfacet
  facet normal -1 -0 0
    outer loop
      vertex 0 146 8
      vertex 0 0 0
      vertex 0 0 8
    endloop
  endfacet
  facet normal 0 1 -0
    outer loop
      vertex 200 146 0
      vertex 0 146 8
      vertex 200 146 8
    endloop
  endfacet
  facet normal 0 1 0
    outer loop
      vertex 0 146 8
      vertex 200 146 0
      vertex 0 146 0
    endloop
  endfacet
  facet normal 0 -1 0
    outer loop
      vertex 0 0 0
      vertex 200 0 8
      vertex 0 0 8
    endloop
  endfacet
  facet normal 0 -1 -0
    outer loop
      vertex 200 0 8
      vertex 0 0 0
      vertex 200 0 0
    endloop
  endfacet
  facet normal 0 1 -0
    outer loop
      vertex 161.716 14 0
      vertex 14 14 8
      vertex 161.716 14 8
    endloop
  endfacet
  facet normal 0 1 0
    outer loop
      vertex 14 14 8
      vertex 161.716 14 0
      vertex 14 14 0
    endloop
  endfacet
  facet normal -0.58508 -0.810976 0
    outer loop
      vertex 14 120.57 0
      vertex 161.716 14 8
      vertex 14 120.57 8
    endloop
  endfacet
  facet normal -0.58508 -0.810976 -0
    outer loop
      vertex 161.716 14 8
      vertex 14 120.57 0
      vertex 161.716 14 0
    endloop
  endfacet
  facet normal 1 -0 0
    outer loop
      vertex 14 14 8
      vertex 14 120.57 0
      vertex 14 120.57 8
    endloop
  endfacet
  facet normal 1 0 0
    outer loop
      vertex 14 120.57 0
      vertex 14 14 8
      vertex 14 14 0
    endloop
  endfacet
  facet normal 0.585082 0.810974 -0
    outer loop
      vertex 186 25.4295 0
      vertex 38.2841 132 8
      vertex 186 25.4295 8
    endloop
  endfacet
  facet normal 0.585082 0.810974 0
    outer loop
      vertex 38.2841 132 8
      vertex 186 25.4295 0
      vertex 38.2841 132 0
    endloop
  endfacet
  facet normal -1 0 0
    outer loop
      vertex 186 25.4295 0
      vertex 186 132 8
      vertex 186 132 0
    endloop
  endfacet
  facet normal -1 -0 0
    outer loop
      vertex 186 132 8
      vertex 186 25.4295 0
      vertex 186 25.4295 8
    endloop
  endfacet
  facet normal 0 -1 0
    outer loop
      vertex 38.2841 132 0
      vertex 186 132 8
      vertex 38.2841 132 8
    endloop
  endfacet
  facet normal 0 -1 -0
    outer loop
      vertex 186 132 8
      vertex 38.2841 132 0
      vertex 186 132 0
    endloop
  endfacet
  facet normal -0 0 1
    outer loop
      vertex 113.753 6.27374 8.8
      vertex 115.788 4.005 8.8
      vertex 113.815 6.63042 8.8
    endloop
  endfacet
  facet normal 0 0 1
    outer loop
      vertex 115.788 4.005 8.8
      vertex 113.753 6.27374 8.8
      vertex 113.835 4.88052 8.8
    endloop
  endfacet
  facet normal -0 0 1
    outer loop
      vertex 113.651 5.96861 8.8
      vertex 113.835 4.88052 8.8
      vertex 113.753 6.27374 8.8
    endloop
  endfacet
  facet normal -0 0 1
    outer loop
      vertex 113.507 5.71501 8.8
      vertex 113.835 4.88052 8.8
      vertex 113.651 5.96861 8.8
    endloop
  endfacet
  facet normal -0 0 1
    outer loop
      vertex 113.325 5.51569 8.8
      vertex 113.835 4.88052 8.8
      vertex 113.507 5.71501 8.8
    endloop
  endfacet
  facet normal -0 0 1
    outer loop
      vertex 113.105 5.37331 8.8
      vertex 113.835 4.88052 8.8
      vertex 113.325 5.51569 8.8
    endloop
  endfacet
  facet normal 0 0 1
    outer loop
      vertex 113.835 4.88052 8.8
      vertex 113.105 5.37331 8.8
      vertex 113.63 4.63042 8.8
    endloop
  endfacet
  facet normal 0 0 1
    outer loop
      vertex 113.63 4.63042 8.8
      vertex 113.105 5.37331 8.8
      vertex 113.414 4.41618 8.8
    endloop
  endfacet
  facet normal -0 0 1
    outer loop
      vertex 112.849 5.28789 8.8
      vertex 113.414 4.41618 8.8
      vertex 113.105 5.37331 8.8
    endloop
  endfacet
  facet normal 0 0 1
    outer loop
      vertex 113.414 4.41618 8.8
      vertex 112.849 5.28789 8.8
      vertex 113.187 4.23782 8.8
    endloop
  endfacet
  facet normal 0 0 1
    outer loop
      vertex 113.187 4.23782 8.8
      vertex 112.849 5.28789 8.8
      vertex 112.951 4.09532 8.8
    endloop
  endfacet
  facet normal -0 0 1
    outer loop
      vertex 112.555 5.25941 8.8
      vertex 112.951 4.09532 8.8
      vertex 112.849 5.28789 8.8
    endloop
  endfacet
  facet normal 0 0 1
    outer loop
      vertex 112.951 4.09532 8.8
      vertex 112.555 5.25941 8.8
      vertex 112.7 3.98637 8.8
    endloop
  endfacet
  facet normal 0 0 1
    outer loop
      vertex 112.555 5.25941 8.8
      vertex 112.43 3.90855 8.8
      vertex 112.7 3.98637 8.8
    endloop
  endfacet
  facet normal 0 0 1
    outer loop
      vertex 112.264 5.28789 8.8
      vertex 112.43 3.90855 8.8
      vertex 112.555 5.25941 8.8
    endloop
  endfacet
  facet normal 0 0 1
    outer loop
      vertex 112.264 5.28789 8.8
      vertex 112.141 3.86185 8.8
      vertex 112.43 3.90855 8.8
    endloop
  endfacet
  facet normal 0 0 1
    outer loop
      vertex 111.834 3.84628 8.8
      vertex 112.264 5.28789 8.8
      vertex 112.009 5.37331 8.8
    endloop
  endfacet
  facet normal 0 0 1
    outer loop
      vertex 112.264 5.28789 8.8
      vertex 111.834 3.84628 8.8
      vertex 112.141 3.86185 8.8
    endloop
  endfacet
  facet normal 0 0 1
    outer loop
      vertex 111.297 3.90205 8.8
      vertex 112.009 5.37331 8.8
      vertex 111.791 5.51569 8.8
    endloop
  endfacet
  facet normal 0 0 1
    outer loop
      vertex 110.375 4.34822 8.8
      vertex 111.791 5.51569 8.8
      vertex 111.608 5.71501 8.8
    endloop
  endfacet
  facet normal 0 0 1
    outer loop
      vertex 109.989 4.7386 8.8
      vertex 111.608 5.71501 8.8
      vertex 111.465 5.96861 8.8
    endloop
  endfacet
  facet normal 0 0 1
    outer loop
      vertex 109.673 5.21684 8.8
      vertex 111.465 5.96861 8.8
      vertex 111.362 6.27374 8.8
    endloop
  endfacet
  facet normal 0 0 1
    outer loop
      vertex 112.009 5.37331 8.8
      vertex 111.297 3.90205 8.8
      vertex 111.834 3.84628 8.8
    endloop
  endfacet
  facet normal 0 0 1
    outer loop
      vertex 109.448 5.75917 8.8
      vertex 111.362 6.27374 8.8
      vertex 111.301 6.63042 8.8
    endloop
  endfacet
  facet normal -0 0 1
    outer loop
      vertex 109.268 7.03603 8.8
      vertex 111.301 6.63042 8.8
      vertex 111.28 7.03859 8.8
    endloop
  endfacet
  facet normal 0 0 1
    outer loop
      vertex 111.465 8.10854 8.8
      vertex 109.673 8.85519 8.8
      vertex 111.362 7.80344 8.8
    endloop
  endfacet
  facet normal 0 0 1
    outer loop
      vertex 111.301 6.63042 8.8
      vertex 109.268 7.03603 8.8
      vertex 109.313 6.36557 8.8
    endloop
  endfacet
  facet normal -0 0 1
    outer loop
      vertex 109.448 8.3129 8.8
      vertex 111.362 7.80344 8.8
      vertex 109.673 8.85519 8.8
    endloop
  endfacet
  facet normal 0 0 1
    outer loop
      vertex 111.301 6.63042 8.8
      vertex 109.313 6.36557 8.8
      vertex 109.448 5.75917 8.8
    endloop
  endfacet
  facet normal 0 0 1
    outer loop
      vertex 111.362 7.80344 8.8
      vertex 109.448 8.3129 8.8
      vertex 111.301 7.44678 8.8
    endloop
  endfacet
  facet normal 0 0 1
    outer loop
      vertex 111.362 6.27374 8.8
      vertex 109.448 5.75917 8.8
      vertex 109.673 5.21684 8.8
    endloop
  endfacet
  facet normal -0 0 1
    outer loop
      vertex 109.313 7.70651 8.8
      vertex 111.301 7.44678 8.8
      vertex 109.448 8.3129 8.8
    endloop
  endfacet
  facet normal 0 0 1
    outer loop
      vertex 111.465 5.96861 8.8
      vertex 109.673 5.21684 8.8
      vertex 109.989 4.7386 8.8
    endloop
  endfacet
  facet normal 0 0 1
    outer loop
      vertex 109.268 7.03603 8.8
      vertex 111.301 7.44678 8.8
      vertex 109.313 7.70651 8.8
    endloop
  endfacet
  facet normal 0 0 1
    outer loop
      vertex 111.608 5.71501 8.8
      vertex 109.989 4.7386 8.8
      vertex 110.375 4.34822 8.8
    endloop
  endfacet
  facet normal 0 0 1
    outer loop
      vertex 111.301 7.44678 8.8
      vertex 109.268 7.03603 8.8
      vertex 111.28 7.03859 8.8
    endloop
  endfacet
  facet normal 0 0 1
    outer loop
      vertex 111.791 5.51569 8.8
      vertex 110.811 4.06937 8.8
      vertex 111.297 3.90205 8.8
    endloop
  endfacet
  facet normal 0 0 1
    outer loop
      vertex 111.791 5.51569 8.8
      vertex 110.375 4.34822 8.8
      vertex 110.811 4.06937 8.8
    endloop
  endfacet
  facet normal 0 0 1
    outer loop
      vertex 115.788 4.005 8.8
      vertex 113.815 7.44678 8.8
      vertex 113.835 7.03859 8.8
    endloop
  endfacet
  facet normal 0 0 1
    outer loop
      vertex 113.835 9.19156 8.8
      vertex 113.753 7.80344 8.8
      vertex 113.815 7.44678 8.8
    endloop
  endfacet
  facet normal 0 0 1
    outer loop
      vertex 113.835 9.19156 8.8
      vertex 113.651 8.10854 8.8
      vertex 113.753 7.80344 8.8
    endloop
  endfacet
  facet normal 0 0 1
    outer loop
      vertex 113.105 8.70387 8.8
      vertex 113.835 9.19156 8.8
      vertex 113.629 9.43944 8.8
    endloop
  endfacet
  facet normal 0 0 1
    outer loop
      vertex 113.835 9.19156 8.8
      vertex 113.507 8.36211 8.8
      vertex 113.651 8.10854 8.8
    endloop
  endfacet
  facet normal 0 0 1
    outer loop
      vertex 113.105 8.70387 8.8
      vertex 113.629 9.43944 8.8
      vertex 113.413 9.65247 8.8
    endloop
  endfacet
  facet normal 0 0 1
    outer loop
      vertex 113.835 9.19156 8.8
      vertex 113.325 8.56148 8.8
      vertex 113.507 8.36211 8.8
    endloop
  endfacet
  facet normal 0 0 1
    outer loop
      vertex 112.849 8.78931 8.8
      vertex 113.413 9.65247 8.8
      vertex 113.186 9.83064 8.8
    endloop
  endfacet
  facet normal 0 0 1
    outer loop
      vertex 113.835 9.19156 8.8
      vertex 113.105 8.70387 8.8
      vertex 113.325 8.56148 8.8
    endloop
  endfacet
  facet normal 0 0 1
    outer loop
      vertex 112.849 8.78931 8.8
      vertex 113.186 9.83064 8.8
      vertex 112.948 9.97395 8.8
    endloop
  endfacet
  facet normal 0 0 1
    outer loop
      vertex 113.413 9.65247 8.8
      vertex 112.849 8.78931 8.8
      vertex 113.105 8.70387 8.8
    endloop
  endfacet
  facet normal 0 0 1
    outer loop
      vertex 112.555 8.81779 8.8
      vertex 112.948 9.97395 8.8
      vertex 112.697 10.0841 8.8
    endloop
  endfacet
  facet normal 0 0 1
    outer loop
      vertex 112.948 9.97395 8.8
      vertex 112.555 8.81779 8.8
      vertex 112.849 8.78931 8.8
    endloop
  endfacet
  facet normal 0 0 1
    outer loop
      vertex 112.427 10.1628 8.8
      vertex 112.555 8.81779 8.8
      vertex 112.697 10.0841 8.8
    endloop
  endfacet
  facet normal 0 0 1
    outer loop
      vertex 112.427 10.1628 8.8
      vertex 112.264 8.78931 8.8
      vertex 112.555 8.81779 8.8
    endloop
  endfacet
  facet normal 0 0 1
    outer loop
      vertex 112.139 10.2101 8.8
      vertex 112.264 8.78931 8.8
      vertex 112.427 10.1628 8.8
    endloop
  endfacet
  facet normal 0 0 1
    outer loop
      vertex 111.834 10.2258 8.8
      vertex 112.264 8.78931 8.8
      vertex 112.139 10.2101 8.8
    endloop
  endfacet
  facet normal 0 0 1
    outer loop
      vertex 112.264 8.78931 8.8
      vertex 111.834 10.2258 8.8
      vertex 112.009 8.70387 8.8
    endloop
  endfacet
  facet normal -0 0 1
    outer loop
      vertex 111.297 10.17 8.8
      vertex 112.009 8.70387 8.8
      vertex 111.834 10.2258 8.8
    endloop
  endfacet
  facet normal 0 0 1
    outer loop
      vertex 112.009 8.70387 8.8
      vertex 111.297 10.17 8.8
      vertex 111.791 8.56148 8.8
    endloop
  endfacet
  facet normal -0 0 1
    outer loop
      vertex 110.811 10.0027 8.8
      vertex 111.791 8.56148 8.8
      vertex 111.297 10.17 8.8
    endloop
  endfacet
  facet normal -0 0 1
    outer loop
      vertex 110.375 9.72382 8.8
      vertex 111.791 8.56148 8.8
      vertex 110.811 10.0027 8.8
    endloop
  endfacet
  facet normal 0 0 1
    outer loop
      vertex 111.791 8.56148 8.8
      vertex 110.375 9.72382 8.8
      vertex 111.608 8.36211 8.8
    endloop
  endfacet
  facet normal -0 0 1
    outer loop
      vertex 109.989 9.33339 8.8
      vertex 111.608 8.36211 8.8
      vertex 110.375 9.72382 8.8
    endloop
  endfacet
  facet normal 0 0 1
    outer loop
      vertex 111.608 8.36211 8.8
      vertex 109.989 9.33339 8.8
      vertex 111.465 8.10854 8.8
    endloop
  endfacet
  facet normal -0 0 1
    outer loop
      vertex 109.673 8.85519 8.8
      vertex 111.465 8.10854 8.8
      vertex 109.989 9.33339 8.8
    endloop
  endfacet
  facet normal 0 0 1
    outer loop
      vertex 113.835 9.19156 8.8
      vertex 115.788 12.4479 8.8
      vertex 113.835 12.4479 8.8
    endloop
  endfacet
  facet normal 0 0 1
    outer loop
      vertex 115.788 12.4479 8.8
      vertex 113.835 9.19156 8.8
      vertex 115.788 4.005 8.8
    endloop
  endfacet
  facet normal -0 0 1
    outer loop
      vertex 113.815 7.44678 8.8
      vertex 115.788 4.005 8.8
      vertex 113.835 9.19156 8.8
    endloop
  endfacet
  facet normal -0 0 1
    outer loop
      vertex 113.815 6.63042 8.8
      vertex 115.788 4.005 8.8
      vertex 113.835 7.03859 8.8
    endloop
  endfacet
  facet normal 0 0 1
    outer loop
      vertex 115.788 4.005 8.8
      vertex 113.835 4.88052 8.8
      vertex 113.835 4.005 8.8
    endloop
  endfacet
  facet normal -0 0 1
    outer loop
      vertex 77.2312 10.0824 8.8
      vertex 76.5205 7.29332 8.8
      vertex 79.4879 10.0824 8.8
    endloop
  endfacet
  facet normal 0 -0 1
    outer loop
      vertex 76.5205 7.29332 8.8
      vertex 77.2312 10.0824 8.8
      vertex 74.9961 7.85219 8.8
    endloop
  endfacet
  facet normal 0 0 1
    outer loop
      vertex 76.5205 7.29332 8.8
      vertex 77.3668 4.005 8.8
      vertex 79.7212 4.005 8.8
    endloop
  endfacet
  facet normal 0 0 1
    outer loop
      vertex 74.9961 6.53909 8.8
      vertex 76.5205 7.29332 8.8
      vertex 74.9961 7.85219 8.8
    endloop
  endfacet
  facet normal 0 0 1
    outer loop
      vertex 76.5205 7.29332 8.8
      vertex 74.9961 6.53909 8.8
      vertex 77.3668 4.005 8.8
    endloop
  endfacet
  facet normal -0 0 1
    outer loop
      vertex 73.054 12.4479 8.8
      vertex 74.9961 7.85219 8.8
      vertex 74.9961 12.4479 8.8
    endloop
  endfacet
  facet normal 0 0 1
    outer loop
      vertex 73.054 4.005 8.8
      vertex 74.9961 7.85219 8.8
      vertex 73.054 12.4479 8.8
    endloop
  endfacet
  facet normal 0 0 1
    outer loop
      vertex 74.9961 7.85219 8.8
      vertex 73.054 4.005 8.8
      vertex 74.9961 6.53909 8.8
    endloop
  endfacet
  facet normal 0 0 1
    outer loop
      vertex 74.9961 6.53909 8.8
      vertex 73.054 4.005 8.8
      vertex 74.9961 4.005 8.8
    endloop
  endfacet
  facet normal -0 0 1
    outer loop
      vertex 91.0547 10.0824 8.8
      vertex 92.0204 8.69492 8.8
      vertex 92.0204 10.0824 8.8
    endloop
  endfacet
  facet normal 0 0 1
    outer loop
      vertex 92.0204 8.69492 8.8
      vertex 91.0547 10.0824 8.8
      vertex 91.0547 8.69492 8.8
    endloop
  endfacet
  facet normal 0 0 1
    outer loop
      vertex 92.0204 10.0824 8.8
      vertex 93.9625 10.0824 8.8
      vertex 93.9625 11.8079 8.8
    endloop
  endfacet
  facet normal 0 0 1
    outer loop
      vertex 93.9625 10.0824 8.8
      vertex 92.0204 10.0824 8.8
      vertex 93.9625 8.69492 8.8
    endloop
  endfacet
  facet normal 0 0 1
    outer loop
      vertex 93.9625 8.69492 8.8
      vertex 92.0204 8.69492 8.8
      vertex 93.9625 6.11493 8.8
    endloop
  endfacet
  facet normal 0 0 1
    outer loop
      vertex 92.0204 6.11493 8.8
      vertex 93.9625 6.11493 8.8
      vertex 92.0204 8.69492 8.8
    endloop
  endfacet
  facet normal 0 -0 1
    outer loop
      vertex 92.0504 5.58186 8.8
      vertex 93.9625 6.11493 8.8
      vertex 92.0204 6.11493 8.8
    endloop
  endfacet
  facet normal 0 0 1
    outer loop
      vertex 93.9625 6.11493 8.8
      vertex 93.1481 4.125 8.8
      vertex 93.5976 4.035 8.8
    endloop
  endfacet
  facet normal 0 -0 1
    outer loop
      vertex 92.2905 4.76691 8.8
      vertex 93.9625 6.11493 8.8
      vertex 92.1404 5.13252 8.8
    endloop
  endfacet
  facet normal 0 0 1
    outer loop
      vertex 93.9625 6.11493 8.8
      vertex 92.7824 4.27501 8.8
      vertex 93.1481 4.125 8.8
    endloop
  endfacet
  facet normal 0 -0 1
    outer loop
      vertex 92.5005 4.485 8.8
      vertex 93.9625 6.11493 8.8
      vertex 92.2905 4.76691 8.8
    endloop
  endfacet
  facet normal 0 0 1
    outer loop
      vertex 92.0204 10.0824 8.8
      vertex 93.9625 11.8079 8.8
      vertex 92.0204 11.8079 8.8
    endloop
  endfacet
  facet normal 0 0 1
    outer loop
      vertex 93.9625 8.69492 8.8
      vertex 92.0204 10.0824 8.8
      vertex 92.0204 8.69492 8.8
    endloop
  endfacet
  facet normal 0 -0 1
    outer loop
      vertex 92.1404 5.13252 8.8
      vertex 93.9625 6.11493 8.8
      vertex 92.0504 5.58186 8.8
    endloop
  endfacet
  facet normal 0 0 1
    outer loop
      vertex 93.9625 6.11493 8.8
      vertex 92.5005 4.485 8.8
      vertex 92.7824 4.27501 8.8
    endloop
  endfacet
  facet normal -0 0 1
    outer loop
      vertex 93.9625 10.0824 8.8
      vertex 95.9643 8.69492 8.8
      vertex 95.9643 10.0824 8.8
    endloop
  endfacet
  facet normal 0 0 1
    outer loop
      vertex 95.9643 8.69492 8.8
      vertex 93.9625 10.0824 8.8
      vertex 93.9625 8.69492 8.8
    endloop
  endfacet
  facet normal -0 0 1
    outer loop
      vertex 94.798 5.39253 8.8
      vertex 95.7962 4.005 8.8
      vertex 95.7962 5.39253 8.8
    endloop
  endfacet
  facet normal 0 0 1
    outer loop
      vertex 94.1307 4.005 8.8
      vertex 94.798 5.39253 8.8
      vertex 94.5691 5.40186 8.8
    endloop
  endfacet
  facet normal 0 0 1
    outer loop
      vertex 94.1307 4.005 8.8
      vertex 94.5691 5.40186 8.8
      vertex 94.3816 5.42987 8.8
    endloop
  endfacet
  facet normal 0 0 1
    outer loop
      vertex 94.1307 4.005 8.8
      vertex 94.3816 5.42987 8.8
      vertex 94.2354 5.47655 8.8
    endloop
  endfacet
  facet normal 0 0 1
    outer loop
      vertex 94.798 5.39253 8.8
      vertex 94.1307 4.005 8.8
      vertex 95.7962 4.005 8.8
    endloop
  endfacet
  facet normal 0 0 1
    outer loop
      vertex 93.5976 4.035 8.8
      vertex 94.2354 5.47655 8.8
      vertex 94.1306 5.54189 8.8
    endloop
  endfacet
  facet normal 0 0 1
    outer loop
      vertex 93.5976 4.035 8.8
      vertex 94.1306 5.54189 8.8
      vertex 94.0571 5.63371 8.8
    endloop
  endfacet
  facet normal 0 0 1
    outer loop
      vertex 93.5976 4.035 8.8
      vertex 94.0571 5.63371 8.8
      vertex 94.0045 5.75983 8.8
    endloop
  endfacet
  facet normal 0 0 1
    outer loop
      vertex 93.5976 4.035 8.8
      vertex 94.0045 5.75983 8.8
      vertex 93.973 5.92023 8.8
    endloop
  endfacet
  facet normal 0 0 1
    outer loop
      vertex 94.2354 5.47655 8.8
      vertex 93.5976 4.035 8.8
      vertex 94.1307 4.005 8.8
    endloop
  endfacet
  facet normal 0 0 1
    outer loop
      vertex 93.5976 4.035 8.8
      vertex 93.973 5.92023 8.8
      vertex 93.9625 6.11493 8.8
    endloop
  endfacet
  facet normal 0 0 1
    outer loop
      vertex 123.319 8.35487 8.8
      vertex 121.517 7.96545 8.8
      vertex 121.537 7.70163 8.8
    endloop
  endfacet
  facet normal 0 0 1
    outer loop
      vertex 122.208 9.74042 8.8
      vertex 121.457 8.20241 8.8
      vertex 121.517 7.96545 8.8
    endloop
  endfacet
  facet normal 0 0 1
    outer loop
      vertex 122.208 9.74042 8.8
      vertex 121.356 8.41252 8.8
      vertex 121.457 8.20241 8.8
    endloop
  endfacet
  facet normal 0 0 1
    outer loop
      vertex 122.208 9.74042 8.8
      vertex 121.215 8.59579 8.8
      vertex 121.356 8.41252 8.8
    endloop
  endfacet
  facet normal 0 0 1
    outer loop
      vertex 120.842 8.85062 8.8
      vertex 121.671 10.0101 8.8
      vertex 121.062 10.1719 8.8
    endloop
  endfacet
  facet normal 0 0 1
    outer loop
      vertex 121.671 10.0101 8.8
      vertex 121.041 8.74443 8.8
      vertex 121.215 8.59579 8.8
    endloop
  endfacet
  facet normal 0 0 1
    outer loop
      vertex 121.671 10.0101 8.8
      vertex 120.842 8.85062 8.8
      vertex 121.041 8.74443 8.8
    endloop
  endfacet
  facet normal 0 0 1
    outer loop
      vertex 121.062 10.1719 8.8
      vertex 120.619 8.91432 8.8
      vertex 120.842 8.85062 8.8
    endloop
  endfacet
  facet normal 0 0 1
    outer loop
      vertex 120.382 10.2258 8.8
      vertex 120.619 8.91432 8.8
      vertex 121.062 10.1719 8.8
    endloop
  endfacet
  facet normal 0 0 1
    outer loop
      vertex 120.382 10.2258 8.8
      vertex 120.371 8.93555 8.8
      vertex 120.619 8.91432 8.8
    endloop
  endfacet
  facet normal 0 0 1
    outer loop
      vertex 120.382 10.2258 8.8
      vertex 120.102 8.91568 8.8
      vertex 120.371 8.93555 8.8
    endloop
  endfacet
  facet normal -0 0 1
    outer loop
      vertex 119.638 10.1726 8.8
      vertex 120.102 8.91568 8.8
      vertex 120.382 10.2258 8.8
    endloop
  endfacet
  facet normal 0 0 1
    outer loop
      vertex 120.102 8.91568 8.8
      vertex 119.638 10.1726 8.8
      vertex 119.86 8.85605 8.8
    endloop
  endfacet
  facet normal -0 0 1
    outer loop
      vertex 118.978 10.0129 8.8
      vertex 119.86 8.85605 8.8
      vertex 119.638 10.1726 8.8
    endloop
  endfacet
  facet normal 0 0 1
    outer loop
      vertex 119.86 8.85605 8.8
      vertex 118.978 10.0129 8.8
      vertex 119.644 8.75668 8.8
    endloop
  endfacet
  facet normal 0 0 1
    outer loop
      vertex 119.644 8.75668 8.8
      vertex 118.978 10.0129 8.8
      vertex 119.454 8.61755 8.8
    endloop
  endfacet
  facet normal -0 0 1
    outer loop
      vertex 118.402 9.74672 8.8
      vertex 119.454 8.61755 8.8
      vertex 118.978 10.0129 8.8
    endloop
  endfacet
  facet normal 0 0 1
    outer loop
      vertex 119.454 8.61755 8.8
      vertex 118.402 9.74672 8.8
      vertex 119.295 8.44106 8.8
    endloop
  endfacet
  facet normal -0 0 1
    outer loop
      vertex 117.518 8.9086 8.8
      vertex 119.168 8.22957 8.8
      vertex 117.911 9.37411 8.8
    endloop
  endfacet
  facet normal 0 0 1
    outer loop
      vertex 119.295 8.44106 8.8
      vertex 117.911 9.37411 8.8
      vertex 119.168 8.22957 8.8
    endloop
  endfacet
  facet normal -0 0 1
    outer loop
      vertex 117.911 9.37411 8.8
      vertex 119.295 8.44106 8.8
      vertex 118.402 9.74672 8.8
    endloop
  endfacet
  facet normal -0 0 1
    outer loop
      vertex 121.537 7.70163 8.8
      vertex 123.534 7.05652 8.8
      vertex 123.48 7.74199 8.8
    endloop
  endfacet
  facet normal 0 0 1
    outer loop
      vertex 121.537 7.70163 8.8
      vertex 123.48 7.74199 8.8
      vertex 123.319 8.35487 8.8
    endloop
  endfacet
  facet normal 0 0 1
    outer loop
      vertex 121.517 7.96545 8.8
      vertex 123.319 8.35487 8.8
      vertex 123.05 8.89519 8.8
    endloop
  endfacet
  facet normal 0 0 1
    outer loop
      vertex 121.517 7.96545 8.8
      vertex 123.05 8.89519 8.8
      vertex 122.674 9.36292 8.8
    endloop
  endfacet
  facet normal 0 0 1
    outer loop
      vertex 121.517 7.96545 8.8
      vertex 122.674 9.36292 8.8
      vertex 122.208 9.74042 8.8
    endloop
  endfacet
  facet normal 0 0 1
    outer loop
      vertex 121.215 8.59579 8.8
      vertex 122.208 9.74042 8.8
      vertex 121.671 10.0101 8.8
    endloop
  endfacet
  facet normal 0 0 1
    outer loop
      vertex 123.534 7.05652 8.8
      vertex 121.537 7.70163 8.8
      vertex 123.534 6.50357 8.8
    endloop
  endfacet
  facet normal 0 0 1
    outer loop
      vertex 118.993 6.50357 8.8
      vertex 121.537 7.70163 8.8
      vertex 119.015 7.70163 8.8
    endloop
  endfacet
  facet normal 0 0 1
    outer loop
      vertex 121.537 7.70163 8.8
      vertex 118.993 6.50357 8.8
      vertex 123.534 6.50357 8.8
    endloop
  endfacet
  facet normal -0 0 1
    outer loop
      vertex 122.91 5.69598 8.8
      vertex 123.246 4.37364 8.8
      vertex 123.246 5.86868 8.8
    endloop
  endfacet
  facet normal -0 0 1
    outer loop
      vertex 122.577 5.54666 8.8
      vertex 123.246 4.37364 8.8
      vertex 122.91 5.69598 8.8
    endloop
  endfacet
  facet normal 0 0 1
    outer loop
      vertex 123.246 4.37364 8.8
      vertex 122.577 5.54666 8.8
      vertex 122.902 4.25116 8.8
    endloop
  endfacet
  facet normal -0 0 1
    outer loop
      vertex 122.249 5.42075 8.8
      vertex 122.902 4.25116 8.8
      vertex 122.577 5.54666 8.8
    endloop
  endfacet
  facet normal 0 0 1
    outer loop
      vertex 122.902 4.25116 8.8
      vertex 122.249 5.42075 8.8
      vertex 122.557 4.14462 8.8
    endloop
  endfacet
  facet normal -0 0 1
    outer loop
      vertex 121.925 5.31821 8.8
      vertex 122.557 4.14462 8.8
      vertex 122.249 5.42075 8.8
    endloop
  endfacet
  facet normal 0 0 1
    outer loop
      vertex 122.557 4.14462 8.8
      vertex 121.925 5.31821 8.8
      vertex 122.213 4.05408 8.8
    endloop
  endfacet
  facet normal -0 0 1
    outer loop
      vertex 121.606 5.23872 8.8
      vertex 122.213 4.05408 8.8
      vertex 121.925 5.31821 8.8
    endloop
  endfacet
  facet normal 0 0 1
    outer loop
      vertex 122.213 4.05408 8.8
      vertex 121.606 5.23872 8.8
      vertex 121.868 3.97949 8.8
    endloop
  endfacet
  facet normal 0 0 1
    outer loop
      vertex 121.606 5.23872 8.8
      vertex 121.524 3.92122 8.8
      vertex 121.868 3.97949 8.8
    endloop
  endfacet
  facet normal -0 0 1
    outer loop
      vertex 121.29 5.18195 8.8
      vertex 121.524 3.92122 8.8
      vertex 121.606 5.23872 8.8
    endloop
  endfacet
  facet normal 0 0 1
    outer loop
      vertex 121.29 5.18195 8.8
      vertex 121.179 3.87959 8.8
      vertex 121.524 3.92122 8.8
    endloop
  endfacet
  facet normal -0 0 1
    outer loop
      vertex 120.978 5.14789 8.8
      vertex 121.179 3.87959 8.8
      vertex 121.29 5.18195 8.8
    endloop
  endfacet
  facet normal 0 0 1
    outer loop
      vertex 120.978 5.14789 8.8
      vertex 120.835 3.85461 8.8
      vertex 121.179 3.87959 8.8
    endloop
  endfacet
  facet normal -0 0 1
    outer loop
      vertex 120.669 5.13652 8.8
      vertex 120.835 3.85461 8.8
      vertex 120.978 5.14789 8.8
    endloop
  endfacet
  facet normal 0 0 1
    outer loop
      vertex 120.669 5.13652 8.8
      vertex 120.49 3.84628 8.8
      vertex 120.835 3.85461 8.8
    endloop
  endfacet
  facet normal 0 0 1
    outer loop
      vertex 120.311 5.15788 8.8
      vertex 120.49 3.84628 8.8
      vertex 120.669 5.13652 8.8
    endloop
  endfacet
  facet normal 0 0 1
    outer loop
      vertex 119.712 3.89867 8.8
      vertex 120.311 5.15788 8.8
      vertex 119.994 5.22197 8.8
    endloop
  endfacet
  facet normal 0 0 1
    outer loop
      vertex 119.712 3.89867 8.8
      vertex 119.994 5.22197 8.8
      vertex 119.719 5.32877 8.8
    endloop
  endfacet
  facet normal 0 0 1
    outer loop
      vertex 120.311 5.15788 8.8
      vertex 119.712 3.89867 8.8
      vertex 120.49 3.84628 8.8
    endloop
  endfacet
  facet normal 0 0 1
    outer loop
      vertex 119.025 4.0558 8.8
      vertex 119.719 5.32877 8.8
      vertex 119.487 5.47829 8.8
    endloop
  endfacet
  facet normal 0 0 1
    outer loop
      vertex 118.43 4.3177 8.8
      vertex 119.487 5.47829 8.8
      vertex 119.297 5.67053 8.8
    endloop
  endfacet
  facet normal 0 0 1
    outer loop
      vertex 117.927 4.68437 8.8
      vertex 119.297 5.67053 8.8
      vertex 119.152 5.90549 8.8
    endloop
  endfacet
  facet normal 0 0 1
    outer loop
      vertex 117.527 5.14566 8.8
      vertex 119.152 5.90549 8.8
      vertex 119.05 6.18317 8.8
    endloop
  endfacet
  facet normal 0 0 1
    outer loop
      vertex 119.719 5.32877 8.8
      vertex 119.025 4.0558 8.8
      vertex 119.712 3.89867 8.8
    endloop
  endfacet
  facet normal 0 0 1
    outer loop
      vertex 117.242 5.69136 8.8
      vertex 119.05 6.18317 8.8
      vertex 118.993 6.50357 8.8
    endloop
  endfacet
  facet normal 0 0 1
    outer loop
      vertex 119.487 5.47829 8.8
      vertex 118.43 4.3177 8.8
      vertex 119.025 4.0558 8.8
    endloop
  endfacet
  facet normal 0 0 1
    outer loop
      vertex 119.168 8.22957 8.8
      vertex 117.518 8.9086 8.8
      vertex 119.075 7.98309 8.8
    endloop
  endfacet
  facet normal -0 0 1
    outer loop
      vertex 117.238 8.36375 8.8
      vertex 119.075 7.98309 8.8
      vertex 117.518 8.9086 8.8
    endloop
  endfacet
  facet normal 0 -0 1
    outer loop
      vertex 117.07 6.3215 8.8
      vertex 118.993 6.50357 8.8
      vertex 117.013 7.03603 8.8
    endloop
  endfacet
  facet normal 0 0 1
    outer loop
      vertex 119.075 7.98309 8.8
      vertex 117.238 8.36375 8.8
      vertex 119.015 7.70163 8.8
    endloop
  endfacet
  facet normal 0 -0 1
    outer loop
      vertex 117.242 5.69136 8.8
      vertex 118.993 6.50357 8.8
      vertex 117.07 6.3215 8.8
    endloop
  endfacet
  facet normal -0 0 1
    outer loop
      vertex 117.069 7.73956 8.8
      vertex 119.015 7.70163 8.8
      vertex 117.238 8.36375 8.8
    endloop
  endfacet
  facet normal 0 0 1
    outer loop
      vertex 119.05 6.18317 8.8
      vertex 117.242 5.69136 8.8
      vertex 117.527 5.14566 8.8
    endloop
  endfacet
  facet normal 0 0 1
    outer loop
      vertex 117.013 7.03603 8.8
      vertex 119.015 7.70163 8.8
      vertex 117.069 7.73956 8.8
    endloop
  endfacet
  facet normal 0 0 1
    outer loop
      vertex 119.297 5.67053 8.8
      vertex 117.927 4.68437 8.8
      vertex 118.43 4.3177 8.8
    endloop
  endfacet
  facet normal 0 0 1
    outer loop
      vertex 119.015 7.70163 8.8
      vertex 117.013 7.03603 8.8
      vertex 118.993 6.50357 8.8
    endloop
  endfacet
  facet normal 0 0 1
    outer loop
      vertex 119.152 5.90549 8.8
      vertex 117.527 5.14566 8.8
      vertex 117.927 4.68437 8.8
    endloop
  endfacet
  facet normal -0 0 1
    outer loop
      vertex 106.018 5.97113 8.8
      vertex 108.07 4.005 8.8
      vertex 106.088 6.2292 8.8
    endloop
  endfacet
  facet normal 0 0 1
    outer loop
      vertex 108.07 4.005 8.8
      vertex 106.018 5.97113 8.8
      vertex 106.112 4.90613 8.8
    endloop
  endfacet
  facet normal -0 0 1
    outer loop
      vertex 105.901 5.73776 8.8
      vertex 106.112 4.90613 8.8
      vertex 106.018 5.97113 8.8
    endloop
  endfacet
  facet normal -0 0 1
    outer loop
      vertex 105.738 5.52908 8.8
      vertex 106.112 4.90613 8.8
      vertex 105.901 5.73776 8.8
    endloop
  endfacet
  facet normal -0 0 1
    outer loop
      vertex 105.54 5.35735 8.8
      vertex 106.112 4.90613 8.8
      vertex 105.738 5.52908 8.8
    endloop
  endfacet
  facet normal 0 0 1
    outer loop
      vertex 106.112 4.90613 8.8
      vertex 105.54 5.35735 8.8
      vertex 105.91 4.64778 8.8
    endloop
  endfacet
  facet normal -0 0 1
    outer loop
      vertex 105.32 5.23466 8.8
      vertex 105.91 4.64778 8.8
      vertex 105.54 5.35735 8.8
    endloop
  endfacet
  facet normal 0 0 1
    outer loop
      vertex 105.91 4.64778 8.8
      vertex 105.32 5.23466 8.8
      vertex 105.697 4.42715 8.8
    endloop
  endfacet
  facet normal -0 0 1
    outer loop
      vertex 105.078 5.16106 8.8
      vertex 105.697 4.42715 8.8
      vertex 105.32 5.23466 8.8
    endloop
  endfacet
  facet normal 0 0 1
    outer loop
      vertex 105.697 4.42715 8.8
      vertex 105.078 5.16106 8.8
      vertex 105.471 4.24422 8.8
    endloop
  endfacet
  facet normal 0 0 1
    outer loop
      vertex 105.471 4.24422 8.8
      vertex 105.078 5.16106 8.8
      vertex 105.233 4.09901 8.8
    endloop
  endfacet
  facet normal -0 0 1
    outer loop
      vertex 104.815 5.13652 8.8
      vertex 105.233 4.09901 8.8
      vertex 105.078 5.16106 8.8
    endloop
  endfacet
  facet normal 0 0 1
    outer loop
      vertex 105.233 4.09901 8.8
      vertex 104.815 5.13652 8.8
      vertex 104.976 3.98845 8.8
    endloop
  endfacet
  facet normal 0 0 1
    outer loop
      vertex 104.815 5.13652 8.8
      vertex 104.692 3.90947 8.8
      vertex 104.976 3.98845 8.8
    endloop
  endfacet
  facet normal 0 0 1
    outer loop
      vertex 104.608 5.14955 8.8
      vertex 104.692 3.90947 8.8
      vertex 104.815 5.13652 8.8
    endloop
  endfacet
  facet normal 0 0 1
    outer loop
      vertex 104.382 3.86208 8.8
      vertex 104.608 5.14955 8.8
      vertex 104.424 5.18864 8.8
    endloop
  endfacet
  facet normal 0 0 1
    outer loop
      vertex 104.608 5.14955 8.8
      vertex 104.382 3.86208 8.8
      vertex 104.692 3.90947 8.8
    endloop
  endfacet
  facet normal 0 0 1
    outer loop
      vertex 104.045 3.84628 8.8
      vertex 104.424 5.18864 8.8
      vertex 104.264 5.2538 8.8
    endloop
  endfacet
  facet normal 0 0 1
    outer loop
      vertex 103.595 3.88068 8.8
      vertex 104.264 5.2538 8.8
      vertex 104.129 5.345 8.8
    endloop
  endfacet
  facet normal 0 0 1
    outer loop
      vertex 104.424 5.18864 8.8
      vertex 104.045 3.84628 8.8
      vertex 104.382 3.86208 8.8
    endloop
  endfacet
  facet normal 0 0 1
    outer loop
      vertex 103.19 3.98387 8.8
      vertex 104.129 5.345 8.8
      vertex 104.021 5.45923 8.8
    endloop
  endfacet
  facet normal 0 0 1
    outer loop
      vertex 102.512 4.39661 8.8
      vertex 104.021 5.45923 8.8
      vertex 103.944 5.59343 8.8
    endloop
  endfacet
  facet normal 0 0 1
    outer loop
      vertex 102.071 5.02895 8.8
      vertex 103.944 5.59343 8.8
      vertex 103.898 5.74759 8.8
    endloop
  endfacet
  facet normal -0 0 1
    outer loop
      vertex 101.924 5.82533 8.8
      vertex 103.898 5.74759 8.8
      vertex 103.882 5.92172 8.8
    endloop
  endfacet
  facet normal -0 0 1
    outer loop
      vertex 102.337 7.10721 8.8
      vertex 103.959 6.27371 8.8
      vertex 102.659 7.3922 8.8
    endloop
  endfacet
  facet normal 0 0 1
    outer loop
      vertex 104.264 5.2538 8.8
      vertex 103.595 3.88068 8.8
      vertex 104.045 3.84628 8.8
    endloop
  endfacet
  facet normal 0 0 1
    outer loop
      vertex 103.959 6.27371 8.8
      vertex 102.337 7.10721 8.8
      vertex 103.901 6.10991 8.8
    endloop
  endfacet
  facet normal 0 0 1
    outer loop
      vertex 104.129 5.345 8.8
      vertex 103.19 3.98387 8.8
      vertex 103.595 3.88068 8.8
    endloop
  endfacet
  facet normal 0 0 1
    outer loop
      vertex 103.898 5.74759 8.8
      vertex 101.924 5.82533 8.8
      vertex 101.961 5.40663 8.8
    endloop
  endfacet
  facet normal -0 0 1
    outer loop
      vertex 102.108 6.75108 8.8
      vertex 103.901 6.10991 8.8
      vertex 102.337 7.10721 8.8
    endloop
  endfacet
  facet normal 0 0 1
    outer loop
      vertex 104.021 5.45923 8.8
      vertex 102.829 4.15584 8.8
      vertex 103.19 3.98387 8.8
    endloop
  endfacet
  facet normal -0 0 1
    outer loop
      vertex 101.97 6.32379 8.8
      vertex 103.901 6.10991 8.8
      vertex 102.108 6.75108 8.8
    endloop
  endfacet
  facet normal 0 0 1
    outer loop
      vertex 103.898 5.74759 8.8
      vertex 101.961 5.40663 8.8
      vertex 102.071 5.02895 8.8
    endloop
  endfacet
  facet normal 0 0 1
    outer loop
      vertex 103.901 6.10991 8.8
      vertex 101.97 6.32379 8.8
      vertex 103.882 5.92172 8.8
    endloop
  endfacet
  facet normal 0 0 1
    outer loop
      vertex 104.021 5.45923 8.8
      vertex 102.512 4.39661 8.8
      vertex 102.829 4.15584 8.8
    endloop
  endfacet
  facet normal 0 0 1
    outer loop
      vertex 103.882 5.92172 8.8
      vertex 101.97 6.32379 8.8
      vertex 101.924 5.82533 8.8
    endloop
  endfacet
  facet normal 0 0 1
    outer loop
      vertex 103.944 5.59343 8.8
      vertex 102.255 4.69228 8.8
      vertex 102.512 4.39661 8.8
    endloop
  endfacet
  facet normal 0 0 1
    outer loop
      vertex 103.944 5.59343 8.8
      vertex 102.071 5.02895 8.8
      vertex 102.255 4.69228 8.8
    endloop
  endfacet
  facet normal 0 0 1
    outer loop
      vertex 106.112 7.89107 8.8
      vertex 105.103 6.73396 8.8
      vertex 106.112 6.73396 8.8
    endloop
  endfacet
  facet normal -0 0 1
    outer loop
      vertex 104.967 7.89107 8.8
      vertex 105.103 6.73396 8.8
      vertex 106.112 7.89107 8.8
    endloop
  endfacet
  facet normal 0 0 1
    outer loop
      vertex 104.967 7.89107 8.8
      vertex 104.818 6.72112 8.8
      vertex 105.103 6.73396 8.8
    endloop
  endfacet
  facet normal -0 0 1
    outer loop
      vertex 104.233 7.85989 8.8
      vertex 104.818 6.72112 8.8
      vertex 104.967 7.89107 8.8
    endloop
  endfacet
  facet normal 0 0 1
    outer loop
      vertex 104.818 6.72112 8.8
      vertex 104.233 7.85989 8.8
      vertex 104.57 6.68253 8.8
    endloop
  endfacet
  facet normal 0 0 1
    outer loop
      vertex 104.57 6.68253 8.8
      vertex 104.233 7.85989 8.8
      vertex 104.361 6.61823 8.8
    endloop
  endfacet
  facet normal -0 0 1
    outer loop
      vertex 103.603 7.76636 8.8
      vertex 104.361 6.61823 8.8
      vertex 104.233 7.85989 8.8
    endloop
  endfacet
  facet normal 0 0 1
    outer loop
      vertex 104.361 6.61823 8.8
      vertex 103.603 7.76636 8.8
      vertex 104.189 6.52821 8.8
    endloop
  endfacet
  facet normal 0 0 1
    outer loop
      vertex 104.189 6.52821 8.8
      vertex 103.603 7.76636 8.8
      vertex 104.055 6.41315 8.8
    endloop
  endfacet
  facet normal -0 0 1
    outer loop
      vertex 103.079 7.61046 8.8
      vertex 104.055 6.41315 8.8
      vertex 103.603 7.76636 8.8
    endloop
  endfacet
  facet normal -0 0 1
    outer loop
      vertex 102.659 7.3922 8.8
      vertex 103.959 6.27371 8.8
      vertex 103.079 7.61046 8.8
    endloop
  endfacet
  facet normal 0 0 1
    outer loop
      vertex 104.055 6.41315 8.8
      vertex 103.079 7.61046 8.8
      vertex 103.959 6.27371 8.8
    endloop
  endfacet
  facet normal 0 0 1
    outer loop
      vertex 107.888 8.72507 8.8
      vertex 106.089 8.2599 8.8
      vertex 106.112 8.04443 8.8
    endloop
  endfacet
  facet normal 0 0 1
    outer loop
      vertex 106.919 9.86079 8.8
      vertex 106.021 8.44447 8.8
      vertex 106.089 8.2599 8.8
    endloop
  endfacet
  facet normal 0 0 1
    outer loop
      vertex 106.919 9.86079 8.8
      vertex 105.907 8.59814 8.8
      vertex 106.021 8.44447 8.8
    endloop
  endfacet
  facet normal 0 0 1
    outer loop
      vertex 106.382 10.0636 8.8
      vertex 105.748 8.72092 8.8
      vertex 105.907 8.59814 8.8
    endloop
  endfacet
  facet normal 0 0 1
    outer loop
      vertex 105.541 8.81482 8.8
      vertex 106.382 10.0636 8.8
      vertex 105.732 10.1852 8.8
    endloop
  endfacet
  facet normal 0 0 1
    outer loop
      vertex 106.382 10.0636 8.8
      vertex 105.541 8.81482 8.8
      vertex 105.748 8.72092 8.8
    endloop
  endfacet
  facet normal 0 0 1
    outer loop
      vertex 105.732 10.1852 8.8
      vertex 105.283 8.8819 8.8
      vertex 105.541 8.81482 8.8
    endloop
  endfacet
  facet normal 0 0 1
    outer loop
      vertex 104.967 10.2258 8.8
      vertex 105.283 8.8819 8.8
      vertex 105.732 10.1852 8.8
    endloop
  endfacet
  facet normal 0 0 1
    outer loop
      vertex 105.283 8.8819 8.8
      vertex 104.967 10.2258 8.8
      vertex 104.974 8.92213 8.8
    endloop
  endfacet
  facet normal -0 0 1
    outer loop
      vertex 104.653 10.2209 8.8
      vertex 104.974 8.92213 8.8
      vertex 104.967 10.2258 8.8
    endloop
  endfacet
  facet normal 0 0 1
    outer loop
      vertex 104.653 10.2209 8.8
      vertex 104.615 8.93555 8.8
      vertex 104.974 8.92213 8.8
    endloop
  endfacet
  facet normal -0 0 1
    outer loop
      vertex 104.338 10.2063 8.8
      vertex 104.615 8.93555 8.8
      vertex 104.653 10.2209 8.8
    endloop
  endfacet
  facet normal 0 0 1
    outer loop
      vertex 104.338 10.2063 8.8
      vertex 104.308 8.9278 8.8
      vertex 104.615 8.93555 8.8
    endloop
  endfacet
  facet normal -0 0 1
    outer loop
      vertex 104.023 10.1818 8.8
      vertex 104.308 8.9278 8.8
      vertex 104.338 10.2063 8.8
    endloop
  endfacet
  facet normal 0 0 1
    outer loop
      vertex 104.023 10.1818 8.8
      vertex 104.012 8.90451 8.8
      vertex 104.308 8.9278 8.8
    endloop
  endfacet
  facet normal -0 0 1
    outer loop
      vertex 103.709 10.1476 8.8
      vertex 104.012 8.90451 8.8
      vertex 104.023 10.1818 8.8
    endloop
  endfacet
  facet normal 0 0 1
    outer loop
      vertex 104.012 8.90451 8.8
      vertex 103.709 10.1476 8.8
      vertex 103.728 8.86571 8.8
    endloop
  endfacet
  facet normal -0 0 1
    outer loop
      vertex 103.394 10.104 8.8
      vertex 103.728 8.86571 8.8
      vertex 103.709 10.1476 8.8
    endloop
  endfacet
  facet normal 0 0 1
    outer loop
      vertex 103.728 8.86571 8.8
      vertex 103.394 10.104 8.8
      vertex 103.454 8.81139 8.8
    endloop
  endfacet
  facet normal -0 0 1
    outer loop
      vertex 103.081 10.0513 8.8
      vertex 103.454 8.81139 8.8
      vertex 103.394 10.104 8.8
    endloop
  endfacet
  facet normal 0 0 1
    outer loop
      vertex 103.454 8.81139 8.8
      vertex 103.081 10.0513 8.8
      vertex 103.19 8.74155 8.8
    endloop
  endfacet
  facet normal -0 0 1
    outer loop
      vertex 102.768 9.98949 8.8
      vertex 103.19 8.74155 8.8
      vertex 103.081 10.0513 8.8
    endloop
  endfacet
  facet normal 0 0 1
    outer loop
      vertex 103.19 8.74155 8.8
      vertex 102.768 9.98949 8.8
      vertex 102.936 8.65619 8.8
    endloop
  endfacet
  facet normal -0 0 1
    outer loop
      vertex 102.455 9.91859 8.8
      vertex 102.936 8.65619 8.8
      vertex 102.768 9.98949 8.8
    endloop
  endfacet
  facet normal 0 0 1
    outer loop
      vertex 102.936 8.65619 8.8
      vertex 102.455 9.91859 8.8
      vertex 102.691 8.55531 8.8
    endloop
  endfacet
  facet normal 0 0 1
    outer loop
      vertex 102.691 8.55531 8.8
      vertex 102.455 9.91859 8.8
      vertex 102.455 8.43892 8.8
    endloop
  endfacet
  facet normal -0 0 1
    outer loop
      vertex 106.112 7.89107 8.8
      vertex 108.07 7.46732 8.8
      vertex 108.025 8.14693 8.8
    endloop
  endfacet
  facet normal 0 0 1
    outer loop
      vertex 106.112 8.04443 8.8
      vertex 108.025 8.14693 8.8
      vertex 107.888 8.72507 8.8
    endloop
  endfacet
  facet normal 0 0 1
    outer loop
      vertex 106.089 8.2599 8.8
      vertex 107.888 8.72507 8.8
      vertex 107.66 9.20174 8.8
    endloop
  endfacet
  facet normal 0 0 1
    outer loop
      vertex 106.089 8.2599 8.8
      vertex 107.66 9.20174 8.8
      vertex 107.341 9.57692 8.8
    endloop
  endfacet
  facet normal 0 0 1
    outer loop
      vertex 106.089 8.2599 8.8
      vertex 107.341 9.57692 8.8
      vertex 106.919 9.86079 8.8
    endloop
  endfacet
  facet normal 0 0 1
    outer loop
      vertex 105.907 8.59814 8.8
      vertex 106.919 9.86079 8.8
      vertex 106.382 10.0636 8.8
    endloop
  endfacet
  facet normal 0 0 1
    outer loop
      vertex 108.025 8.14693 8.8
      vertex 106.112 8.04443 8.8
      vertex 106.112 7.89107 8.8
    endloop
  endfacet
  facet normal 0 0 1
    outer loop
      vertex 108.07 7.46732 8.8
      vertex 106.112 7.89107 8.8
      vertex 106.112 6.73396 8.8
    endloop
  endfacet
  facet normal 0 0 1
    outer loop
      vertex 108.07 7.46732 8.8
      vertex 106.112 6.73396 8.8
      vertex 106.112 6.51196 8.8
    endloop
  endfacet
  facet normal 0 0 1
    outer loop
      vertex 106.088 6.2292 8.8
      vertex 108.07 7.46732 8.8
      vertex 106.112 6.51196 8.8
    endloop
  endfacet
  facet normal 0 0 1
    outer loop
      vertex 108.07 7.46732 8.8
      vertex 106.088 6.2292 8.8
      vertex 108.07 4.005 8.8
    endloop
  endfacet
  facet normal 0 0 1
    outer loop
      vertex 108.07 4.005 8.8
      vertex 106.112 4.90613 8.8
      vertex 106.112 4.005 8.8
    endloop
  endfacet
  facet normal 0 0 1
    outer loop
      vertex 134.8 8.35487 8.8
      vertex 132.999 7.96545 8.8
      vertex 133.019 7.70163 8.8
    endloop
  endfacet
  facet normal 0 0 1
    outer loop
      vertex 133.69 9.74042 8.8
      vertex 132.938 8.20241 8.8
      vertex 132.999 7.96545 8.8
    endloop
  endfacet
  facet normal 0 0 1
    outer loop
      vertex 133.69 9.74042 8.8
      vertex 132.837 8.41252 8.8
      vertex 132.938 8.20241 8.8
    endloop
  endfacet
  facet normal 0 0 1
    outer loop
      vertex 133.69 9.74042 8.8
      vertex 132.696 8.59579 8.8
      vertex 132.837 8.41252 8.8
    endloop
  endfacet
  facet normal 0 0 1
    outer loop
      vertex 132.324 8.85062 8.8
      vertex 133.152 10.0101 8.8
      vertex 132.544 10.1719 8.8
    endloop
  endfacet
  facet normal 0 0 1
    outer loop
      vertex 133.152 10.0101 8.8
      vertex 132.522 8.74443 8.8
      vertex 132.696 8.59579 8.8
    endloop
  endfacet
  facet normal 0 0 1
    outer loop
      vertex 133.152 10.0101 8.8
      vertex 132.324 8.85062 8.8
      vertex 132.522 8.74443 8.8
    endloop
  endfacet
  facet normal 0 0 1
    outer loop
      vertex 132.544 10.1719 8.8
      vertex 132.1 8.91432 8.8
      vertex 132.324 8.85062 8.8
    endloop
  endfacet
  facet normal 0 0 1
    outer loop
      vertex 131.863 10.2258 8.8
      vertex 132.1 8.91432 8.8
      vertex 132.544 10.1719 8.8
    endloop
  endfacet
  facet normal 0 0 1
    outer loop
      vertex 131.863 10.2258 8.8
      vertex 131.852 8.93555 8.8
      vertex 132.1 8.91432 8.8
    endloop
  endfacet
  facet normal 0 0 1
    outer loop
      vertex 131.863 10.2258 8.8
      vertex 131.583 8.91568 8.8
      vertex 131.852 8.93555 8.8
    endloop
  endfacet
  facet normal -0 0 1
    outer loop
      vertex 131.119 10.1726 8.8
      vertex 131.583 8.91568 8.8
      vertex 131.863 10.2258 8.8
    endloop
  endfacet
  facet normal 0 0 1
    outer loop
      vertex 131.583 8.91568 8.8
      vertex 131.119 10.1726 8.8
      vertex 131.341 8.85605 8.8
    endloop
  endfacet
  facet normal -0 0 1
    outer loop
      vertex 130.459 10.0129 8.8
      vertex 131.341 8.85605 8.8
      vertex 131.119 10.1726 8.8
    endloop
  endfacet
  facet normal 0 0 1
    outer loop
      vertex 131.341 8.85605 8.8
      vertex 130.459 10.0129 8.8
      vertex 131.125 8.75668 8.8
    endloop
  endfacet
  facet normal 0 0 1
    outer loop
      vertex 131.125 8.75668 8.8
      vertex 130.459 10.0129 8.8
      vertex 130.936 8.61755 8.8
    endloop
  endfacet
  facet normal -0 0 1
    outer loop
      vertex 129.883 9.74672 8.8
      vertex 130.936 8.61755 8.8
      vertex 130.459 10.0129 8.8
    endloop
  endfacet
  facet normal 0 0 1
    outer loop
      vertex 130.936 8.61755 8.8
      vertex 129.883 9.74672 8.8
      vertex 130.776 8.44106 8.8
    endloop
  endfacet
  facet normal -0 0 1
    outer loop
      vertex 128.999 8.9086 8.8
      vertex 130.649 8.22957 8.8
      vertex 129.392 9.37411 8.8
    endloop
  endfacet
  facet normal 0 0 1
    outer loop
      vertex 130.776 8.44106 8.8
      vertex 129.392 9.37411 8.8
      vertex 130.649 8.22957 8.8
    endloop
  endfacet
  facet normal -0 0 1
    outer loop
      vertex 129.392 9.37411 8.8
      vertex 130.776 8.44106 8.8
      vertex 129.883 9.74672 8.8
    endloop
  endfacet
  facet normal -0 0 1
    outer loop
      vertex 133.019 7.70163 8.8
      vertex 135.015 7.05652 8.8
      vertex 134.961 7.74199 8.8
    endloop
  endfacet
  facet normal 0 0 1
    outer loop
      vertex 133.019 7.70163 8.8
      vertex 134.961 7.74199 8.8
      vertex 134.8 8.35487 8.8
    endloop
  endfacet
  facet normal 0 0 1
    outer loop
      vertex 132.999 7.96545 8.8
      vertex 134.8 8.35487 8.8
      vertex 134.531 8.89519 8.8
    endloop
  endfacet
  facet normal 0 0 1
    outer loop
      vertex 132.999 7.96545 8.8
      vertex 134.531 8.89519 8.8
      vertex 134.155 9.36292 8.8
    endloop
  endfacet
  facet normal 0 0 1
    outer loop
      vertex 132.999 7.96545 8.8
      vertex 134.155 9.36292 8.8
      vertex 133.69 9.74042 8.8
    endloop
  endfacet
  facet normal 0 0 1
    outer loop
      vertex 132.696 8.59579 8.8
      vertex 133.69 9.74042 8.8
      vertex 133.152 10.0101 8.8
    endloop
  endfacet
  facet normal 0 0 1
    outer loop
      vertex 135.015 7.05652 8.8
      vertex 133.019 7.70163 8.8
      vertex 135.015 6.50357 8.8
    endloop
  endfacet
  facet normal 0 0 1
    outer loop
      vertex 130.474 6.50357 8.8
      vertex 133.019 7.70163 8.8
      vertex 130.496 7.70163 8.8
    endloop
  endfacet
  facet normal 0 0 1
    outer loop
      vertex 133.019 7.70163 8.8
      vertex 130.474 6.50357 8.8
      vertex 135.015 6.50357 8.8
    endloop
  endfacet
  facet normal -0 0 1
    outer loop
      vertex 134.391 5.69598 8.8
      vertex 134.728 4.37364 8.8
      vertex 134.728 5.86868 8.8
    endloop
  endfacet
  facet normal -0 0 1
    outer loop
      vertex 134.058 5.54666 8.8
      vertex 134.728 4.37364 8.8
      vertex 134.391 5.69598 8.8
    endloop
  endfacet
  facet normal 0 0 1
    outer loop
      vertex 134.728 4.37364 8.8
      vertex 134.058 5.54666 8.8
      vertex 134.383 4.25116 8.8
    endloop
  endfacet
  facet normal -0 0 1
    outer loop
      vertex 133.73 5.42075 8.8
      vertex 134.383 4.25116 8.8
      vertex 134.058 5.54666 8.8
    endloop
  endfacet
  facet normal 0 0 1
    outer loop
      vertex 134.383 4.25116 8.8
      vertex 133.73 5.42075 8.8
      vertex 134.039 4.14462 8.8
    endloop
  endfacet
  facet normal -0 0 1
    outer loop
      vertex 133.407 5.31821 8.8
      vertex 134.039 4.14462 8.8
      vertex 133.73 5.42075 8.8
    endloop
  endfacet
  facet normal 0 0 1
    outer loop
      vertex 134.039 4.14462 8.8
      vertex 133.407 5.31821 8.8
      vertex 133.694 4.05408 8.8
    endloop
  endfacet
  facet normal -0 0 1
    outer loop
      vertex 133.087 5.23872 8.8
      vertex 133.694 4.05408 8.8
      vertex 133.407 5.31821 8.8
    endloop
  endfacet
  facet normal 0 0 1
    outer loop
      vertex 133.694 4.05408 8.8
      vertex 133.087 5.23872 8.8
      vertex 133.35 3.97949 8.8
    endloop
  endfacet
  facet normal 0 0 1
    outer loop
      vertex 133.087 5.23872 8.8
      vertex 133.005 3.92122 8.8
      vertex 133.35 3.97949 8.8
    endloop
  endfacet
  facet normal -0 0 1
    outer loop
      vertex 132.771 5.18195 8.8
      vertex 133.005 3.92122 8.8
      vertex 133.087 5.23872 8.8
    endloop
  endfacet
  facet normal 0 0 1
    outer loop
      vertex 132.771 5.18195 8.8
      vertex 132.661 3.87959 8.8
      vertex 133.005 3.92122 8.8
    endloop
  endfacet
  facet normal -0 0 1
    outer loop
      vertex 132.459 5.14789 8.8
      vertex 132.661 3.87959 8.8
      vertex 132.771 5.18195 8.8
    endloop
  endfacet
  facet normal 0 0 1
    outer loop
      vertex 132.459 5.14789 8.8
      vertex 132.316 3.85461 8.8
      vertex 132.661 3.87959 8.8
    endloop
  endfacet
  facet normal -0 0 1
    outer loop
      vertex 132.151 5.13652 8.8
      vertex 132.316 3.85461 8.8
      vertex 132.459 5.14789 8.8
    endloop
  endfacet
  facet normal 0 0 1
    outer loop
      vertex 132.151 5.13652 8.8
      vertex 131.972 3.84628 8.8
      vertex 132.316 3.85461 8.8
    endloop
  endfacet
  facet normal 0 0 1
    outer loop
      vertex 131.792 5.15788 8.8
      vertex 131.972 3.84628 8.8
      vertex 132.151 5.13652 8.8
    endloop
  endfacet
  facet normal 0 0 1
    outer loop
      vertex 131.193 3.89867 8.8
      vertex 131.792 5.15788 8.8
      vertex 131.475 5.22197 8.8
    endloop
  endfacet
  facet normal 0 0 1
    outer loop
      vertex 131.193 3.89867 8.8
      vertex 131.475 5.22197 8.8
      vertex 131.201 5.32877 8.8
    endloop
  endfacet
  facet normal 0 0 1
    outer loop
      vertex 131.792 5.15788 8.8
      vertex 131.193 3.89867 8.8
      vertex 131.972 3.84628 8.8
    endloop
  endfacet
  facet normal 0 0 1
    outer loop
      vertex 130.506 4.0558 8.8
      vertex 131.201 5.32877 8.8
      vertex 130.968 5.47829 8.8
    endloop
  endfacet
  facet normal 0 0 1
    outer loop
      vertex 129.911 4.3177 8.8
      vertex 130.968 5.47829 8.8
      vertex 130.779 5.67053 8.8
    endloop
  endfacet
  facet normal 0 0 1
    outer loop
      vertex 129.408 4.68437 8.8
      vertex 130.779 5.67053 8.8
      vertex 130.633 5.90549 8.8
    endloop
  endfacet
  facet normal 0 0 1
    outer loop
      vertex 129.009 5.14566 8.8
      vertex 130.633 5.90549 8.8
      vertex 130.532 6.18317 8.8
    endloop
  endfacet
  facet normal 0 0 1
    outer loop
      vertex 131.201 5.32877 8.8
      vertex 130.506 4.0558 8.8
      vertex 131.193 3.89867 8.8
    endloop
  endfacet
  facet normal 0 0 1
    outer loop
      vertex 128.723 5.69136 8.8
      vertex 130.532 6.18317 8.8
      vertex 130.474 6.50357 8.8
    endloop
  endfacet
  facet normal 0 0 1
    outer loop
      vertex 130.968 5.47829 8.8
      vertex 129.911 4.3177 8.8
      vertex 130.506 4.0558 8.8
    endloop
  endfacet
  facet normal 0 0 1
    outer loop
      vertex 130.649 8.22957 8.8
      vertex 128.999 8.9086 8.8
      vertex 130.556 7.98309 8.8
    endloop
  endfacet
  facet normal -0 0 1
    outer loop
      vertex 128.719 8.36375 8.8
      vertex 130.556 7.98309 8.8
      vertex 128.999 8.9086 8.8
    endloop
  endfacet
  facet normal 0 -0 1
    outer loop
      vertex 128.551 6.3215 8.8
      vertex 130.474 6.50357 8.8
      vertex 128.494 7.03603 8.8
    endloop
  endfacet
  facet normal 0 0 1
    outer loop
      vertex 130.556 7.98309 8.8
      vertex 128.719 8.36375 8.8
      vertex 130.496 7.70163 8.8
    endloop
  endfacet
  facet normal 0 -0 1
    outer loop
      vertex 128.723 5.69136 8.8
      vertex 130.474 6.50357 8.8
      vertex 128.551 6.3215 8.8
    endloop
  endfacet
  facet normal -0 0 1
    outer loop
      vertex 128.55 7.73956 8.8
      vertex 130.496 7.70163 8.8
      vertex 128.719 8.36375 8.8
    endloop
  endfacet
  facet normal 0 0 1
    outer loop
      vertex 130.532 6.18317 8.8
      vertex 128.723 5.69136 8.8
      vertex 129.009 5.14566 8.8
    endloop
  endfacet
  facet normal 0 0 1
    outer loop
      vertex 128.494 7.03603 8.8
      vertex 130.496 7.70163 8.8
      vertex 128.55 7.73956 8.8
    endloop
  endfacet
  facet normal 0 0 1
    outer loop
      vertex 130.779 5.67053 8.8
      vertex 129.408 4.68437 8.8
      vertex 129.911 4.3177 8.8
    endloop
  endfacet
  facet normal 0 0 1
    outer loop
      vertex 130.496 7.70163 8.8
      vertex 128.494 7.03603 8.8
      vertex 130.474 6.50357 8.8
    endloop
  endfacet
  facet normal 0 0 1
    outer loop
      vertex 130.633 5.90549 8.8
      vertex 129.009 5.14566 8.8
      vertex 129.408 4.68437 8.8
    endloop
  endfacet
  facet normal -0 0 1
    outer loop
      vertex 97.0283 10.0824 8.8
      vertex 98.9705 9.07892 8.8
      vertex 98.9705 10.0824 8.8
    endloop
  endfacet
  facet normal 0 0 1
    outer loop
      vertex 98.9705 9.07892 8.8
      vertex 97.0283 10.0824 8.8
      vertex 98.9705 6.80252 8.8
    endloop
  endfacet
  facet normal 0 0 1
    outer loop
      vertex 97.0283 4.005 8.8
      vertex 98.9705 6.80252 8.8
      vertex 97.0283 10.0824 8.8
    endloop
  endfacet
  facet normal 0 0 1
    outer loop
      vertex 98.9705 6.80252 8.8
      vertex 97.0283 4.005 8.8
      vertex 98.9705 4.005 8.8
    endloop
  endfacet
  facet normal 0 0 1
    outer loop
      vertex 101.161 8.56886 8.8
      vertex 101.536 10.1833 8.8
      vertex 101.434 10.1954 8.8
    endloop
  endfacet
  facet normal 0 0 1
    outer loop
      vertex 101.536 10.1833 8.8
      vertex 101.415 8.47986 8.8
      vertex 101.542 8.42355 8.8
    endloop
  endfacet
  facet normal 0 0 1
    outer loop
      vertex 101.161 8.56886 8.8
      vertex 101.434 10.1954 8.8
      vertex 101.345 10.2052 8.8
    endloop
  endfacet
  facet normal 0 0 1
    outer loop
      vertex 101.536 10.1833 8.8
      vertex 101.288 8.52829 8.8
      vertex 101.415 8.47986 8.8
    endloop
  endfacet
  facet normal 0 0 1
    outer loop
      vertex 101.035 8.60155 8.8
      vertex 101.345 10.2052 8.8
      vertex 101.269 10.2127 8.8
    endloop
  endfacet
  facet normal 0 0 1
    outer loop
      vertex 101.035 8.60155 8.8
      vertex 101.269 10.2127 8.8
      vertex 101.206 10.2178 8.8
    endloop
  endfacet
  facet normal 0 0 1
    outer loop
      vertex 101.536 10.1833 8.8
      vertex 101.161 8.56886 8.8
      vertex 101.288 8.52829 8.8
    endloop
  endfacet
  facet normal 0 0 1
    outer loop
      vertex 101.035 8.60155 8.8
      vertex 101.206 10.2178 8.8
      vertex 101.15 10.2213 8.8
    endloop
  endfacet
  facet normal 0 0 1
    outer loop
      vertex 100.908 8.62672 8.8
      vertex 101.15 10.2213 8.8
      vertex 101.096 10.2238 8.8
    endloop
  endfacet
  facet normal 0 0 1
    outer loop
      vertex 100.908 8.62672 8.8
      vertex 101.096 10.2238 8.8
      vertex 101.044 10.2253 8.8
    endloop
  endfacet
  facet normal 0 0 1
    outer loop
      vertex 101.345 10.2052 8.8
      vertex 101.035 8.60155 8.8
      vertex 101.161 8.56886 8.8
    endloop
  endfacet
  facet normal 0 0 1
    outer loop
      vertex 100.908 8.62672 8.8
      vertex 101.044 10.2253 8.8
      vertex 100.994 10.2258 8.8
    endloop
  endfacet
  facet normal 0 0 1
    outer loop
      vertex 101.15 10.2213 8.8
      vertex 100.908 8.62672 8.8
      vertex 101.035 8.60155 8.8
    endloop
  endfacet
  facet normal 0 0 1
    outer loop
      vertex 100.994 10.2258 8.8
      vertex 100.782 8.6447 8.8
      vertex 100.908 8.62672 8.8
    endloop
  endfacet
  facet normal -0 0 1
    outer loop
      vertex 100.667 10.2086 8.8
      vertex 100.782 8.6447 8.8
      vertex 100.994 10.2258 8.8
    endloop
  endfacet
  facet normal 0 0 1
    outer loop
      vertex 100.667 10.2086 8.8
      vertex 100.655 8.65547 8.8
      vertex 100.782 8.6447 8.8
    endloop
  endfacet
  facet normal -0 0 1
    outer loop
      vertex 100.364 10.1572 8.8
      vertex 100.655 8.65547 8.8
      vertex 100.667 10.2086 8.8
    endloop
  endfacet
  facet normal 0 0 1
    outer loop
      vertex 100.655 8.65547 8.8
      vertex 100.364 10.1572 8.8
      vertex 100.527 8.65907 8.8
    endloop
  endfacet
  facet normal -0 0 1
    outer loop
      vertex 100.085 10.0714 8.8
      vertex 100.527 8.65907 8.8
      vertex 100.364 10.1572 8.8
    endloop
  endfacet
  facet normal 0 0 1
    outer loop
      vertex 100.527 8.65907 8.8
      vertex 100.085 10.0714 8.8
      vertex 100.175 8.62904 8.8
    endloop
  endfacet
  facet normal -0 0 1
    outer loop
      vertex 99.8303 9.95131 8.8
      vertex 100.175 8.62904 8.8
      vertex 100.085 10.0714 8.8
    endloop
  endfacet
  facet normal -0 0 1
    outer loop
      vertex 99.5945 9.79385 8.8
      vertex 100.175 8.62904 8.8
      vertex 99.8303 9.95131 8.8
    endloop
  endfacet
  facet normal -0 0 1
    outer loop
      vertex 99.3726 9.59598 8.8
      vertex 100.175 8.62904 8.8
      vertex 99.5945 9.79385 8.8
    endloop
  endfacet
  facet normal 0 0 1
    outer loop
      vertex 100.175 8.62904 8.8
      vertex 99.3726 9.59598 8.8
      vertex 99.8649 8.53896 8.8
    endloop
  endfacet
  facet normal -0 0 1
    outer loop
      vertex 99.1646 9.35765 8.8
      vertex 99.8649 8.53896 8.8
      vertex 99.3726 9.59598 8.8
    endloop
  endfacet
  facet normal -0 0 1
    outer loop
      vertex 98.9705 9.07892 8.8
      vertex 99.8649 8.53896 8.8
      vertex 99.1646 9.35765 8.8
    endloop
  endfacet
  facet normal 0 0 1
    outer loop
      vertex 99.8649 8.53896 8.8
      vertex 98.9705 9.07892 8.8
      vertex 99.5983 8.38881 8.8
    endloop
  endfacet
  facet normal 0 0 1
    outer loop
      vertex 99.5983 8.38881 8.8
      vertex 98.9705 9.07892 8.8
      vertex 99.3746 8.17859 8.8
    endloop
  endfacet
  facet normal 0 0 1
    outer loop
      vertex 99.3746 8.17859 8.8
      vertex 98.9705 9.07892 8.8
      vertex 99.1978 7.91243 8.8
    endloop
  endfacet
  facet normal 0 0 1
    outer loop
      vertex 99.1978 7.91243 8.8
      vertex 98.9705 9.07892 8.8
      vertex 99.0715 7.59438 8.8
    endloop
  endfacet
  facet normal 0 0 1
    outer loop
      vertex 99.0715 7.59438 8.8
      vertex 98.9705 9.07892 8.8
      vertex 98.9957 7.2244 8.8
    endloop
  endfacet
  facet normal 0 0 1
    outer loop
      vertex 98.9957 7.2244 8.8
      vertex 98.9705 9.07892 8.8
      vertex 98.9705 6.80252 8.8
    endloop
  endfacet
  facet normal 0 0 1
    outer loop
      vertex 85.8289 8.35487 8.8
      vertex 84.0273 7.96545 8.8
      vertex 84.0474 7.70163 8.8
    endloop
  endfacet
  facet normal 0 0 1
    outer loop
      vertex 84.7183 9.74042 8.8
      vertex 83.9667 8.20241 8.8
      vertex 84.0273 7.96545 8.8
    endloop
  endfacet
  facet normal 0 0 1
    outer loop
      vertex 84.7183 9.74042 8.8
      vertex 83.8659 8.41252 8.8
      vertex 83.9667 8.20241 8.8
    endloop
  endfacet
  facet normal 0 0 1
    outer loop
      vertex 84.7183 9.74042 8.8
      vertex 83.7246 8.59579 8.8
      vertex 83.8659 8.41252 8.8
    endloop
  endfacet
  facet normal 0 0 1
    outer loop
      vertex 83.3523 8.85062 8.8
      vertex 84.1811 10.0101 8.8
      vertex 83.5723 10.1719 8.8
    endloop
  endfacet
  facet normal 0 0 1
    outer loop
      vertex 84.1811 10.0101 8.8
      vertex 83.5509 8.74443 8.8
      vertex 83.7246 8.59579 8.8
    endloop
  endfacet
  facet normal 0 0 1
    outer loop
      vertex 84.1811 10.0101 8.8
      vertex 83.3523 8.85062 8.8
      vertex 83.5509 8.74443 8.8
    endloop
  endfacet
  facet normal 0 0 1
    outer loop
      vertex 83.5723 10.1719 8.8
      vertex 83.1291 8.91432 8.8
      vertex 83.3523 8.85062 8.8
    endloop
  endfacet
  facet normal 0 0 1
    outer loop
      vertex 82.8919 10.2258 8.8
      vertex 83.1291 8.91432 8.8
      vertex 83.5723 10.1719 8.8
    endloop
  endfacet
  facet normal 0 0 1
    outer loop
      vertex 82.8919 10.2258 8.8
      vertex 82.881 8.93555 8.8
      vertex 83.1291 8.91432 8.8
    endloop
  endfacet
  facet normal 0 0 1
    outer loop
      vertex 82.8919 10.2258 8.8
      vertex 82.6122 8.91568 8.8
      vertex 82.881 8.93555 8.8
    endloop
  endfacet
  facet normal -0 0 1
    outer loop
      vertex 82.1475 10.1726 8.8
      vertex 82.6122 8.91568 8.8
      vertex 82.8919 10.2258 8.8
    endloop
  endfacet
  facet normal 0 0 1
    outer loop
      vertex 82.6122 8.91568 8.8
      vertex 82.1475 10.1726 8.8
      vertex 82.3698 8.85605 8.8
    endloop
  endfacet
  facet normal -0 0 1
    outer loop
      vertex 81.4875 10.0129 8.8
      vertex 82.3698 8.85605 8.8
      vertex 82.1475 10.1726 8.8
    endloop
  endfacet
  facet normal 0 0 1
    outer loop
      vertex 82.3698 8.85605 8.8
      vertex 81.4875 10.0129 8.8
      vertex 82.1538 8.75668 8.8
    endloop
  endfacet
  facet normal 0 0 1
    outer loop
      vertex 82.1538 8.75668 8.8
      vertex 81.4875 10.0129 8.8
      vertex 81.9642 8.61755 8.8
    endloop
  endfacet
  facet normal -0 0 1
    outer loop
      vertex 80.912 9.74672 8.8
      vertex 81.9642 8.61755 8.8
      vertex 81.4875 10.0129 8.8
    endloop
  endfacet
  facet normal 0 0 1
    outer loop
      vertex 81.9642 8.61755 8.8
      vertex 80.912 9.74672 8.8
      vertex 81.8045 8.44106 8.8
    endloop
  endfacet
  facet normal -0 0 1
    outer loop
      vertex 80.0281 8.9086 8.8
      vertex 81.6781 8.22957 8.8
      vertex 80.4209 9.37411 8.8
    endloop
  endfacet
  facet normal 0 0 1
    outer loop
      vertex 81.8045 8.44106 8.8
      vertex 80.4209 9.37411 8.8
      vertex 81.6781 8.22957 8.8
    endloop
  endfacet
  facet normal -0 0 1
    outer loop
      vertex 80.4209 9.37411 8.8
      vertex 81.8045 8.44106 8.8
      vertex 80.912 9.74672 8.8
    endloop
  endfacet
  facet normal -0 0 1
    outer loop
      vertex 84.0474 7.70163 8.8
      vertex 86.0438 7.05652 8.8
      vertex 85.9901 7.74199 8.8
    endloop
  endfacet
  facet normal 0 0 1
    outer loop
      vertex 84.0474 7.70163 8.8
      vertex 85.9901 7.74199 8.8
      vertex 85.8289 8.35487 8.8
    endloop
  endfacet
  facet normal 0 0 1
    outer loop
      vertex 84.0273 7.96545 8.8
      vertex 85.8289 8.35487 8.8
      vertex 85.5602 8.89519 8.8
    endloop
  endfacet
  facet normal 0 0 1
    outer loop
      vertex 84.0273 7.96545 8.8
      vertex 85.5602 8.89519 8.8
      vertex 85.184 9.36292 8.8
    endloop
  endfacet
  facet normal 0 0 1
    outer loop
      vertex 84.0273 7.96545 8.8
      vertex 85.184 9.36292 8.8
      vertex 84.7183 9.74042 8.8
    endloop
  endfacet
  facet normal 0 0 1
    outer loop
      vertex 83.7246 8.59579 8.8
      vertex 84.7183 9.74042 8.8
      vertex 84.1811 10.0101 8.8
    endloop
  endfacet
  facet normal 0 0 1
    outer loop
      vertex 86.0438 7.05652 8.8
      vertex 84.0474 7.70163 8.8
      vertex 86.0438 6.50357 8.8
    endloop
  endfacet
  facet normal 0 0 1
    outer loop
      vertex 81.5031 6.50357 8.8
      vertex 84.0474 7.70163 8.8
      vertex 81.5248 7.70163 8.8
    endloop
  endfacet
  facet normal 0 0 1
    outer loop
      vertex 84.0474 7.70163 8.8
      vertex 81.5031 6.50357 8.8
      vertex 86.0438 6.50357 8.8
    endloop
  endfacet
  facet normal -0 0 1
    outer loop
      vertex 85.4194 5.69598 8.8
      vertex 85.7563 4.37364 8.8
      vertex 85.7563 5.86868 8.8
    endloop
  endfacet
  facet normal -0 0 1
    outer loop
      vertex 85.087 5.54666 8.8
      vertex 85.7563 4.37364 8.8
      vertex 85.4194 5.69598 8.8
    endloop
  endfacet
  facet normal 0 0 1
    outer loop
      vertex 85.7563 4.37364 8.8
      vertex 85.087 5.54666 8.8
      vertex 85.4118 4.25116 8.8
    endloop
  endfacet
  facet normal -0 0 1
    outer loop
      vertex 84.7589 5.42075 8.8
      vertex 85.4118 4.25116 8.8
      vertex 85.087 5.54666 8.8
    endloop
  endfacet
  facet normal 0 0 1
    outer loop
      vertex 85.4118 4.25116 8.8
      vertex 84.7589 5.42075 8.8
      vertex 85.0674 4.14462 8.8
    endloop
  endfacet
  facet normal -0 0 1
    outer loop
      vertex 84.4353 5.31821 8.8
      vertex 85.0674 4.14462 8.8
      vertex 84.7589 5.42075 8.8
    endloop
  endfacet
  facet normal 0 0 1
    outer loop
      vertex 85.0674 4.14462 8.8
      vertex 84.4353 5.31821 8.8
      vertex 84.7229 4.05408 8.8
    endloop
  endfacet
  facet normal -0 0 1
    outer loop
      vertex 84.1157 5.23872 8.8
      vertex 84.7229 4.05408 8.8
      vertex 84.4353 5.31821 8.8
    endloop
  endfacet
  facet normal 0 0 1
    outer loop
      vertex 84.7229 4.05408 8.8
      vertex 84.1157 5.23872 8.8
      vertex 84.3784 3.97949 8.8
    endloop
  endfacet
  facet normal 0 0 1
    outer loop
      vertex 84.1157 5.23872 8.8
      vertex 84.0339 3.92122 8.8
      vertex 84.3784 3.97949 8.8
    endloop
  endfacet
  facet normal -0 0 1
    outer loop
      vertex 83.7999 5.18195 8.8
      vertex 84.0339 3.92122 8.8
      vertex 84.1157 5.23872 8.8
    endloop
  endfacet
  facet normal 0 0 1
    outer loop
      vertex 83.7999 5.18195 8.8
      vertex 83.6894 3.87959 8.8
      vertex 84.0339 3.92122 8.8
    endloop
  endfacet
  facet normal -0 0 1
    outer loop
      vertex 83.4878 5.14789 8.8
      vertex 83.6894 3.87959 8.8
      vertex 83.7999 5.18195 8.8
    endloop
  endfacet
  facet normal 0 0 1
    outer loop
      vertex 83.4878 5.14789 8.8
      vertex 83.3449 3.85461 8.8
      vertex 83.6894 3.87959 8.8
    endloop
  endfacet
  facet normal -0 0 1
    outer loop
      vertex 83.1794 5.13652 8.8
      vertex 83.3449 3.85461 8.8
      vertex 83.4878 5.14789 8.8
    endloop
  endfacet
  facet normal 0 0 1
    outer loop
      vertex 83.1794 5.13652 8.8
      vertex 83.0004 3.84628 8.8
      vertex 83.3449 3.85461 8.8
    endloop
  endfacet
  facet normal 0 0 1
    outer loop
      vertex 82.8207 5.15788 8.8
      vertex 83.0004 3.84628 8.8
      vertex 83.1794 5.13652 8.8
    endloop
  endfacet
  facet normal 0 0 1
    outer loop
      vertex 82.2218 3.89867 8.8
      vertex 82.8207 5.15788 8.8
      vertex 82.504 5.22197 8.8
    endloop
  endfacet
  facet normal 0 0 1
    outer loop
      vertex 82.2218 3.89867 8.8
      vertex 82.504 5.22197 8.8
      vertex 82.2294 5.32877 8.8
    endloop
  endfacet
  facet normal 0 0 1
    outer loop
      vertex 82.8207 5.15788 8.8
      vertex 82.2218 3.89867 8.8
      vertex 83.0004 3.84628 8.8
    endloop
  endfacet
  facet normal 0 0 1
    outer loop
      vertex 81.535 4.0558 8.8
      vertex 82.2294 5.32877 8.8
      vertex 81.9968 5.47829 8.8
    endloop
  endfacet
  facet normal 0 0 1
    outer loop
      vertex 80.9401 4.3177 8.8
      vertex 81.9968 5.47829 8.8
      vertex 81.8073 5.67053 8.8
    endloop
  endfacet
  facet normal 0 0 1
    outer loop
      vertex 80.4371 4.68437 8.8
      vertex 81.8073 5.67053 8.8
      vertex 81.6618 5.90549 8.8
    endloop
  endfacet
  facet normal 0 0 1
    outer loop
      vertex 80.0372 5.14566 8.8
      vertex 81.6618 5.90549 8.8
      vertex 81.5604 6.18317 8.8
    endloop
  endfacet
  facet normal 0 0 1
    outer loop
      vertex 82.2294 5.32877 8.8
      vertex 81.535 4.0558 8.8
      vertex 82.2218 3.89867 8.8
    endloop
  endfacet
  facet normal 0 0 1
    outer loop
      vertex 79.7516 5.69136 8.8
      vertex 81.5604 6.18317 8.8
      vertex 81.5031 6.50357 8.8
    endloop
  endfacet
  facet normal 0 0 1
    outer loop
      vertex 81.9968 5.47829 8.8
      vertex 80.9401 4.3177 8.8
      vertex 81.535 4.0558 8.8
    endloop
  endfacet
  facet normal 0 0 1
    outer loop
      vertex 81.6781 8.22957 8.8
      vertex 80.0281 8.9086 8.8
      vertex 81.5848 7.98309 8.8
    endloop
  endfacet
  facet normal -0 0 1
    outer loop
      vertex 79.7475 8.36375 8.8
      vertex 81.5848 7.98309 8.8
      vertex 80.0281 8.9086 8.8
    endloop
  endfacet
  facet normal 0 -0 1
    outer loop
      vertex 79.5802 6.3215 8.8
      vertex 81.5031 6.50357 8.8
      vertex 79.523 7.03603 8.8
    endloop
  endfacet
  facet normal 0 0 1
    outer loop
      vertex 81.5848 7.98309 8.8
      vertex 79.7475 8.36375 8.8
      vertex 81.5248 7.70163 8.8
    endloop
  endfacet
  facet normal 0 -0 1
    outer loop
      vertex 79.7516 5.69136 8.8
      vertex 81.5031 6.50357 8.8
      vertex 79.5802 6.3215 8.8
    endloop
  endfacet
  facet normal -0 0 1
    outer loop
      vertex 79.5791 7.73956 8.8
      vertex 81.5248 7.70163 8.8
      vertex 79.7475 8.36375 8.8
    endloop
  endfacet
  facet normal 0 0 1
    outer loop
      vertex 81.5604 6.18317 8.8
      vertex 79.7516 5.69136 8.8
      vertex 80.0372 5.14566 8.8
    endloop
  endfacet
  facet normal 0 0 1
    outer loop
      vertex 79.523 7.03603 8.8
      vertex 81.5248 7.70163 8.8
      vertex 79.5791 7.73956 8.8
    endloop
  endfacet
  facet normal 0 0 1
    outer loop
      vertex 81.8073 5.67053 8.8
      vertex 80.4371 4.68437 8.8
      vertex 80.9401 4.3177 8.8
    endloop
  endfacet
  facet normal 0 0 1
    outer loop
      vertex 81.5248 7.70163 8.8
      vertex 79.523 7.03603 8.8
      vertex 81.5031 6.50357 8.8
    endloop
  endfacet
  facet normal 0 0 1
    outer loop
      vertex 81.6618 5.90549 8.8
      vertex 80.0372 5.14566 8.8
      vertex 80.4371 4.68437 8.8
    endloop
  endfacet
  facet normal -0 0 1
    outer loop
      vertex 57.8322 10.0824 8.8
      vertex 59.7744 9.19156 8.8
      vertex 59.7744 10.0824 8.8
    endloop
  endfacet
  facet normal 0 0 1
    outer loop
      vertex 59.7744 9.19156 8.8
      vertex 57.8322 10.0824 8.8
      vertex 59.7744 7.03859 8.8
    endloop
  endfacet
  facet normal 0 0 1
    outer loop
      vertex 59.7744 7.03859 8.8
      vertex 57.8322 10.0824 8.8
      vertex 59.7744 4.88052 8.8
    endloop
  endfacet
  facet normal 0 0 1
    outer loop
      vertex 57.8322 1.69589 8.8
      vertex 59.7744 4.88052 8.8
      vertex 57.8322 10.0824 8.8
    endloop
  endfacet
  facet normal 0 0 1
    outer loop
      vertex 59.7744 4.88052 8.8
      vertex 57.8322 1.69589 8.8
      vertex 59.7744 1.69589 8.8
    endloop
  endfacet
  facet normal -0 0 1
    outer loop
      vertex 62.3253 7.44678 8.8
      vertex 64.353 7.03603 8.8
      vertex 64.3079 7.70651 8.8
    endloop
  endfacet
  facet normal 0 0 1
    outer loop
      vertex 62.3253 7.44678 8.8
      vertex 64.3079 7.70651 8.8
      vertex 64.1727 8.3129 8.8
    endloop
  endfacet
  facet normal 0 0 1
    outer loop
      vertex 62.3253 6.63042 8.8
      vertex 64.353 7.03603 8.8
      vertex 62.3458 7.03859 8.8
    endloop
  endfacet
  facet normal 0 0 1
    outer loop
      vertex 62.2638 7.80344 8.8
      vertex 64.1727 8.3129 8.8
      vertex 63.9472 8.85519 8.8
    endloop
  endfacet
  facet normal 0 0 1
    outer loop
      vertex 64.353 7.03603 8.8
      vertex 62.3253 6.63042 8.8
      vertex 64.3079 6.36557 8.8
    endloop
  endfacet
  facet normal 0 0 1
    outer loop
      vertex 62.1612 8.10854 8.8
      vertex 63.9472 8.85519 8.8
      vertex 63.6315 9.33339 8.8
    endloop
  endfacet
  facet normal 0 0 1
    outer loop
      vertex 64.3079 6.36557 8.8
      vertex 62.3253 6.63042 8.8
      vertex 64.1727 5.75917 8.8
    endloop
  endfacet
  facet normal 0 0 1
    outer loop
      vertex 62.0176 8.36211 8.8
      vertex 63.6315 9.33339 8.8
      vertex 63.2457 9.72382 8.8
    endloop
  endfacet
  facet normal -0 0 1
    outer loop
      vertex 62.2638 6.27374 8.8
      vertex 64.1727 5.75917 8.8
      vertex 62.3253 6.63042 8.8
    endloop
  endfacet
  facet normal 0 0 1
    outer loop
      vertex 61.835 8.56148 8.8
      vertex 63.2457 9.72382 8.8
      vertex 62.8096 10.0027 8.8
    endloop
  endfacet
  facet normal 0 0 1
    outer loop
      vertex 64.1727 5.75917 8.8
      vertex 62.2638 6.27374 8.8
      vertex 63.9472 5.21684 8.8
    endloop
  endfacet
  facet normal -0 0 1
    outer loop
      vertex 62.1612 5.96861 8.8
      vertex 63.9472 5.21684 8.8
      vertex 62.2638 6.27374 8.8
    endloop
  endfacet
  facet normal 0 0 1
    outer loop
      vertex 64.353 7.03603 8.8
      vertex 62.3253 7.44678 8.8
      vertex 62.3458 7.03859 8.8
    endloop
  endfacet
  facet normal 0 0 1
    outer loop
      vertex 61.835 8.56148 8.8
      vertex 62.8096 10.0027 8.8
      vertex 62.3234 10.17 8.8
    endloop
  endfacet
  facet normal 0 0 1
    outer loop
      vertex 64.1727 8.3129 8.8
      vertex 62.2638 7.80344 8.8
      vertex 62.3253 7.44678 8.8
    endloop
  endfacet
  facet normal 0 0 1
    outer loop
      vertex 63.9472 8.85519 8.8
      vertex 62.1612 8.10854 8.8
      vertex 62.2638 7.80344 8.8
    endloop
  endfacet
  facet normal 0 0 1
    outer loop
      vertex 63.6315 9.33339 8.8
      vertex 62.0176 8.36211 8.8
      vertex 62.1612 8.10854 8.8
    endloop
  endfacet
  facet normal 0 0 1
    outer loop
      vertex 63.2457 9.72382 8.8
      vertex 61.835 8.56148 8.8
      vertex 62.0176 8.36211 8.8
    endloop
  endfacet
  facet normal 0 0 1
    outer loop
      vertex 61.6155 8.70387 8.8
      vertex 62.3234 10.17 8.8
      vertex 61.787 10.2258 8.8
    endloop
  endfacet
  facet normal 0 0 1
    outer loop
      vertex 62.3234 10.17 8.8
      vertex 61.6155 8.70387 8.8
      vertex 61.835 8.56148 8.8
    endloop
  endfacet
  facet normal 0 0 1
    outer loop
      vertex 61.359 8.78931 8.8
      vertex 61.787 10.2258 8.8
      vertex 61.4788 10.2101 8.8
    endloop
  endfacet
  facet normal 0 0 1
    outer loop
      vertex 61.787 10.2258 8.8
      vertex 61.359 8.78931 8.8
      vertex 61.6155 8.70387 8.8
    endloop
  endfacet
  facet normal -0 0 1
    outer loop
      vertex 61.1889 10.1628 8.8
      vertex 61.359 8.78931 8.8
      vertex 61.4788 10.2101 8.8
    endloop
  endfacet
  facet normal 0 0 1
    outer loop
      vertex 61.1889 10.1628 8.8
      vertex 61.0655 8.81779 8.8
      vertex 61.359 8.78931 8.8
    endloop
  endfacet
  facet normal -0 0 1
    outer loop
      vertex 60.9173 10.0841 8.8
      vertex 61.0655 8.81779 8.8
      vertex 61.1889 10.1628 8.8
    endloop
  endfacet
  facet normal -0 0 1
    outer loop
      vertex 60.6641 9.97395 8.8
      vertex 61.0655 8.81779 8.8
      vertex 60.9173 10.0841 8.8
    endloop
  endfacet
  facet normal 0 0 1
    outer loop
      vertex 61.0655 8.81779 8.8
      vertex 60.6641 9.97395 8.8
      vertex 60.7717 8.78914 8.8
    endloop
  endfacet
  facet normal -0 0 1
    outer loop
      vertex 60.4254 9.83064 8.8
      vertex 60.7717 8.78914 8.8
      vertex 60.6641 9.97395 8.8
    endloop
  endfacet
  facet normal -0 0 1
    outer loop
      vertex 60.1975 9.65247 8.8
      vertex 60.7717 8.78914 8.8
      vertex 60.4254 9.83064 8.8
    endloop
  endfacet
  facet normal 0 0 1
    outer loop
      vertex 60.7717 8.78914 8.8
      vertex 60.1975 9.65247 8.8
      vertex 60.5142 8.70319 8.8
    endloop
  endfacet
  facet normal -0 0 1
    outer loop
      vertex 59.9805 9.43944 8.8
      vertex 60.5142 8.70319 8.8
      vertex 60.1975 9.65247 8.8
    endloop
  endfacet
  facet normal -0 0 1
    outer loop
      vertex 59.7744 9.19156 8.8
      vertex 60.5142 8.70319 8.8
      vertex 59.9805 9.43944 8.8
    endloop
  endfacet
  facet normal 0 0 1
    outer loop
      vertex 60.5142 8.70319 8.8
      vertex 59.7744 9.19156 8.8
      vertex 60.293 8.55994 8.8
    endloop
  endfacet
  facet normal 0 0 1
    outer loop
      vertex 60.293 8.55994 8.8
      vertex 59.7744 9.19156 8.8
      vertex 60.108 8.35939 8.8
    endloop
  endfacet
  facet normal 0 0 1
    outer loop
      vertex 60.108 8.35939 8.8
      vertex 59.7744 9.19156 8.8
      vertex 59.962 8.10497 8.8
    endloop
  endfacet
  facet normal 0 0 1
    outer loop
      vertex 59.962 8.10497 8.8
      vertex 59.7744 9.19156 8.8
      vertex 59.8578 7.80003 8.8
    endloop
  endfacet
  facet normal 0 0 1
    outer loop
      vertex 59.8578 7.80003 8.8
      vertex 59.7744 9.19156 8.8
      vertex 59.7952 7.44456 8.8
    endloop
  endfacet
  facet normal 0 0 1
    outer loop
      vertex 59.7952 7.44456 8.8
      vertex 59.7744 9.19156 8.8
      vertex 59.7744 7.03859 8.8
    endloop
  endfacet
  facet normal 0 0 1
    outer loop
      vertex 63.9472 5.21684 8.8
      vertex 62.1612 5.96861 8.8
      vertex 63.6315 4.7386 8.8
    endloop
  endfacet
  facet normal -0 0 1
    outer loop
      vertex 62.0176 5.71501 8.8
      vertex 63.6315 4.7386 8.8
      vertex 62.1612 5.96861 8.8
    endloop
  endfacet
  facet normal 0 0 1
    outer loop
      vertex 63.6315 4.7386 8.8
      vertex 62.0176 5.71501 8.8
      vertex 63.2457 4.34822 8.8
    endloop
  endfacet
  facet normal -0 0 1
    outer loop
      vertex 61.835 5.51569 8.8
      vertex 63.2457 4.34822 8.8
      vertex 62.0176 5.71501 8.8
    endloop
  endfacet
  facet normal 0 0 1
    outer loop
      vertex 63.2457 4.34822 8.8
      vertex 61.835 5.51569 8.8
      vertex 62.8096 4.06937 8.8
    endloop
  endfacet
  facet normal 0 0 1
    outer loop
      vertex 62.8096 4.06937 8.8
      vertex 61.835 5.51569 8.8
      vertex 62.3234 3.90205 8.8
    endloop
  endfacet
  facet normal -0 0 1
    outer loop
      vertex 61.6155 5.37331 8.8
      vertex 62.3234 3.90205 8.8
      vertex 61.835 5.51569 8.8
    endloop
  endfacet
  facet normal 0 0 1
    outer loop
      vertex 62.3234 3.90205 8.8
      vertex 61.6155 5.37331 8.8
      vertex 61.787 3.84628 8.8
    endloop
  endfacet
  facet normal -0 0 1
    outer loop
      vertex 61.359 5.28789 8.8
      vertex 61.787 3.84628 8.8
      vertex 61.6155 5.37331 8.8
    endloop
  endfacet
  facet normal 0 0 1
    outer loop
      vertex 61.787 3.84628 8.8
      vertex 61.359 5.28789 8.8
      vertex 61.4788 3.86203 8.8
    endloop
  endfacet
  facet normal 0 0 1
    outer loop
      vertex 61.359 5.28789 8.8
      vertex 61.1889 3.90923 8.8
      vertex 61.4788 3.86203 8.8
    endloop
  endfacet
  facet normal -0 0 1
    outer loop
      vertex 61.0655 5.25941 8.8
      vertex 61.1889 3.90923 8.8
      vertex 61.359 5.28789 8.8
    endloop
  endfacet
  facet normal 0 0 1
    outer loop
      vertex 61.0655 5.25941 8.8
      vertex 60.9173 3.9879 8.8
      vertex 61.1889 3.90923 8.8
    endloop
  endfacet
  facet normal 0 0 1
    outer loop
      vertex 60.6641 4.09805 8.8
      vertex 61.0655 5.25941 8.8
      vertex 60.7717 5.28806 8.8
    endloop
  endfacet
  facet normal 0 0 1
    outer loop
      vertex 61.0655 5.25941 8.8
      vertex 60.6641 4.09805 8.8
      vertex 60.9173 3.9879 8.8
    endloop
  endfacet
  facet normal 0 0 1
    outer loop
      vertex 60.1975 4.41959 8.8
      vertex 60.7717 5.28806 8.8
      vertex 60.5142 5.37399 8.8
    endloop
  endfacet
  facet normal 0 0 1
    outer loop
      vertex 60.7717 5.28806 8.8
      vertex 60.4254 4.24139 8.8
      vertex 60.6641 4.09805 8.8
    endloop
  endfacet
  facet normal 0 0 1
    outer loop
      vertex 59.7744 4.88052 8.8
      vertex 60.5142 5.37399 8.8
      vertex 60.293 5.51721 8.8
    endloop
  endfacet
  facet normal 0 0 1
    outer loop
      vertex 60.7717 5.28806 8.8
      vertex 60.1975 4.41959 8.8
      vertex 60.4254 4.24139 8.8
    endloop
  endfacet
  facet normal 0 0 1
    outer loop
      vertex 59.7744 4.88052 8.8
      vertex 60.293 5.51721 8.8
      vertex 60.108 5.71773 8.8
    endloop
  endfacet
  facet normal 0 0 1
    outer loop
      vertex 60.5142 5.37399 8.8
      vertex 59.9805 4.63263 8.8
      vertex 60.1975 4.41959 8.8
    endloop
  endfacet
  facet normal 0 0 1
    outer loop
      vertex 59.7744 4.88052 8.8
      vertex 60.108 5.71773 8.8
      vertex 59.962 5.97218 8.8
    endloop
  endfacet
  facet normal 0 0 1
    outer loop
      vertex 59.7744 4.88052 8.8
      vertex 59.962 5.97218 8.8
      vertex 59.8578 6.27715 8.8
    endloop
  endfacet
  facet normal 0 0 1
    outer loop
      vertex 59.7744 4.88052 8.8
      vertex 59.8578 6.27715 8.8
      vertex 59.7952 6.63263 8.8
    endloop
  endfacet
  facet normal 0 0 1
    outer loop
      vertex 60.5142 5.37399 8.8
      vertex 59.7744 4.88052 8.8
      vertex 59.9805 4.63263 8.8
    endloop
  endfacet
  facet normal 0 0 1
    outer loop
      vertex 59.7744 4.88052 8.8
      vertex 59.7952 6.63263 8.8
      vertex 59.7744 7.03859 8.8
    endloop
  endfacet
  facet normal -0 0 1
    outer loop
      vertex 69.7774 7.44742 8.8
      vertex 71.8219 7.03603 8.8
      vertex 71.7668 7.74394 8.8
    endloop
  endfacet
  facet normal 0 0 1
    outer loop
      vertex 69.7774 7.44742 8.8
      vertex 71.7668 7.74394 8.8
      vertex 71.6015 8.3705 8.8
    endloop
  endfacet
  facet normal 0 0 1
    outer loop
      vertex 69.7774 6.62466 8.8
      vertex 71.8219 7.03603 8.8
      vertex 69.7984 7.03603 8.8
    endloop
  endfacet
  facet normal 0 0 1
    outer loop
      vertex 69.7143 7.80756 8.8
      vertex 71.6015 8.3705 8.8
      vertex 71.326 8.91566 8.8
    endloop
  endfacet
  facet normal 0 0 1
    outer loop
      vertex 71.8219 7.03603 8.8
      vertex 69.7774 6.62466 8.8
      vertex 71.7668 6.32812 8.8
    endloop
  endfacet
  facet normal 0 0 1
    outer loop
      vertex 69.6091 8.11646 8.8
      vertex 71.326 8.91566 8.8
      vertex 70.9403 9.37947 8.8
    endloop
  endfacet
  facet normal 0 0 1
    outer loop
      vertex 71.7668 6.32812 8.8
      vertex 69.7774 6.62466 8.8
      vertex 71.6015 5.70157 8.8
    endloop
  endfacet
  facet normal 0 0 1
    outer loop
      vertex 69.462 8.37411 8.8
      vertex 70.9403 9.37947 8.8
      vertex 70.4566 9.74974 8.8
    endloop
  endfacet
  facet normal 0 0 1
    outer loop
      vertex 71.8219 7.03603 8.8
      vertex 69.7774 7.44742 8.8
      vertex 69.7984 7.03603 8.8
    endloop
  endfacet
  facet normal 0 0 1
    outer loop
      vertex 69.2752 8.57718 8.8
      vertex 70.4566 9.74974 8.8
      vertex 69.8872 10.0142 8.8
    endloop
  endfacet
  facet normal -0 0 1
    outer loop
      vertex 69.7143 6.26451 8.8
      vertex 71.6015 5.70157 8.8
      vertex 69.7774 6.62466 8.8
    endloop
  endfacet
  facet normal -0 0 1
    outer loop
      vertex 69.6091 5.95558 8.8
      vertex 71.326 5.15637 8.8
      vertex 69.7143 6.26451 8.8
    endloop
  endfacet
  facet normal 0 0 1
    outer loop
      vertex 71.6015 5.70157 8.8
      vertex 69.7143 6.26451 8.8
      vertex 71.326 5.15637 8.8
    endloop
  endfacet
  facet normal 0 0 1
    outer loop
      vertex 71.6015 8.3705 8.8
      vertex 69.7143 7.80756 8.8
      vertex 69.7774 7.44742 8.8
    endloop
  endfacet
  facet normal 0 0 1
    outer loop
      vertex 71.326 8.91566 8.8
      vertex 69.6091 8.11646 8.8
      vertex 69.7143 7.80756 8.8
    endloop
  endfacet
  facet normal 0 0 1
    outer loop
      vertex 70.9403 9.37947 8.8
      vertex 69.462 8.37411 8.8
      vertex 69.6091 8.11646 8.8
    endloop
  endfacet
  facet normal 0 0 1
    outer loop
      vertex 70.4566 9.74974 8.8
      vertex 69.2752 8.57718 8.8
      vertex 69.462 8.37411 8.8
    endloop
  endfacet
  facet normal 0 0 1
    outer loop
      vertex 69.0511 8.72223 8.8
      vertex 69.8872 10.0142 8.8
      vertex 69.232 10.1729 8.8
    endloop
  endfacet
  facet normal 0 0 1
    outer loop
      vertex 69.8872 10.0142 8.8
      vertex 69.0511 8.72223 8.8
      vertex 69.2752 8.57718 8.8
    endloop
  endfacet
  facet normal 0 0 1
    outer loop
      vertex 69.232 10.1729 8.8
      vertex 68.7896 8.80927 8.8
      vertex 69.0511 8.72223 8.8
    endloop
  endfacet
  facet normal 0 0 1
    outer loop
      vertex 68.4909 10.2258 8.8
      vertex 68.7896 8.80927 8.8
      vertex 69.232 10.1729 8.8
    endloop
  endfacet
  facet normal 0 0 1
    outer loop
      vertex 68.4909 10.2258 8.8
      vertex 68.4909 8.83827 8.8
      vertex 68.7896 8.80927 8.8
    endloop
  endfacet
  facet normal 0 0 1
    outer loop
      vertex 68.4909 10.2258 8.8
      vertex 68.1873 8.80927 8.8
      vertex 68.4909 8.83827 8.8
    endloop
  endfacet
  facet normal -0 0 1
    outer loop
      vertex 67.7472 10.1729 8.8
      vertex 68.1873 8.80927 8.8
      vertex 68.4909 10.2258 8.8
    endloop
  endfacet
  facet normal 0 0 1
    outer loop
      vertex 68.1873 8.80927 8.8
      vertex 67.7472 10.1729 8.8
      vertex 67.922 8.72223 8.8
    endloop
  endfacet
  facet normal -0 0 1
    outer loop
      vertex 67.0893 10.0142 8.8
      vertex 67.922 8.72223 8.8
      vertex 67.7472 10.1729 8.8
    endloop
  endfacet
  facet normal 0 0 1
    outer loop
      vertex 67.922 8.72223 8.8
      vertex 67.0893 10.0142 8.8
      vertex 67.695 8.57718 8.8
    endloop
  endfacet
  facet normal -0 0 1
    outer loop
      vertex 66.5171 9.74974 8.8
      vertex 67.695 8.57718 8.8
      vertex 67.0893 10.0142 8.8
    endloop
  endfacet
  facet normal 0 0 1
    outer loop
      vertex 67.695 8.57718 8.8
      vertex 66.5171 9.74974 8.8
      vertex 67.5063 8.37411 8.8
    endloop
  endfacet
  facet normal -0 0 1
    outer loop
      vertex 65.6427 8.91566 8.8
      vertex 67.358 8.11646 8.8
      vertex 66.0307 9.37947 8.8
    endloop
  endfacet
  facet normal 0 0 1
    outer loop
      vertex 67.5063 8.37411 8.8
      vertex 66.0307 9.37947 8.8
      vertex 67.358 8.11646 8.8
    endloop
  endfacet
  facet normal -0 0 1
    outer loop
      vertex 66.0307 9.37947 8.8
      vertex 67.5063 8.37411 8.8
      vertex 66.5171 9.74974 8.8
    endloop
  endfacet
  facet normal 0 0 1
    outer loop
      vertex 71.326 5.15637 8.8
      vertex 69.6091 5.95558 8.8
      vertex 70.9403 4.69252 8.8
    endloop
  endfacet
  facet normal -0 0 1
    outer loop
      vertex 69.462 5.69789 8.8
      vertex 70.9403 4.69252 8.8
      vertex 69.6091 5.95558 8.8
    endloop
  endfacet
  facet normal 0 0 1
    outer loop
      vertex 70.9403 4.69252 8.8
      vertex 69.462 5.69789 8.8
      vertex 70.4566 4.3223 8.8
    endloop
  endfacet
  facet normal -0 0 1
    outer loop
      vertex 69.2752 5.49486 8.8
      vertex 70.4566 4.3223 8.8
      vertex 69.462 5.69789 8.8
    endloop
  endfacet
  facet normal 0 0 1
    outer loop
      vertex 70.4566 4.3223 8.8
      vertex 69.2752 5.49486 8.8
      vertex 69.8872 4.05785 8.8
    endloop
  endfacet
  facet normal -0 0 1
    outer loop
      vertex 69.0511 5.34982 8.8
      vertex 69.8872 4.05785 8.8
      vertex 69.2752 5.49486 8.8
    endloop
  endfacet
  facet normal 0 0 1
    outer loop
      vertex 69.8872 4.05785 8.8
      vertex 69.0511 5.34982 8.8
      vertex 69.232 3.89919 8.8
    endloop
  endfacet
  facet normal -0 0 1
    outer loop
      vertex 68.7896 5.26282 8.8
      vertex 69.232 3.89919 8.8
      vertex 69.0511 5.34982 8.8
    endloop
  endfacet
  facet normal 0 0 1
    outer loop
      vertex 68.4909 3.84628 8.8
      vertex 68.7896 5.26282 8.8
      vertex 68.4909 5.23381 8.8
    endloop
  endfacet
  facet normal 0 0 1
    outer loop
      vertex 68.7896 5.26282 8.8
      vertex 68.4909 3.84628 8.8
      vertex 69.232 3.89919 8.8
    endloop
  endfacet
  facet normal 0 0 1
    outer loop
      vertex 68.1873 5.26282 8.8
      vertex 68.4909 3.84628 8.8
      vertex 68.4909 5.23381 8.8
    endloop
  endfacet
  facet normal 0 0 1
    outer loop
      vertex 67.7472 3.89919 8.8
      vertex 68.1873 5.26282 8.8
      vertex 67.922 5.34982 8.8
    endloop
  endfacet
  facet normal 0 0 1
    outer loop
      vertex 68.1873 5.26282 8.8
      vertex 67.7472 3.89919 8.8
      vertex 68.4909 3.84628 8.8
    endloop
  endfacet
  facet normal 0 0 1
    outer loop
      vertex 67.0893 4.05785 8.8
      vertex 67.922 5.34982 8.8
      vertex 67.695 5.49486 8.8
    endloop
  endfacet
  facet normal 0 0 1
    outer loop
      vertex 66.5171 4.3223 8.8
      vertex 67.695 5.49486 8.8
      vertex 67.5063 5.69789 8.8
    endloop
  endfacet
  facet normal 0 0 1
    outer loop
      vertex 66.0307 4.69252 8.8
      vertex 67.5063 5.69789 8.8
      vertex 67.358 5.95558 8.8
    endloop
  endfacet
  facet normal 0 0 1
    outer loop
      vertex 65.6427 5.15637 8.8
      vertex 67.358 5.95558 8.8
      vertex 67.252 6.26451 8.8
    endloop
  endfacet
  facet normal 0 0 1
    outer loop
      vertex 67.922 5.34982 8.8
      vertex 67.0893 4.05785 8.8
      vertex 67.7472 3.89919 8.8
    endloop
  endfacet
  facet normal 0 0 1
    outer loop
      vertex 65.3655 5.70157 8.8
      vertex 67.252 6.26451 8.8
      vertex 67.1884 6.62466 8.8
    endloop
  endfacet
  facet normal -0 0 1
    outer loop
      vertex 65.1437 7.03603 8.8
      vertex 67.1884 6.62466 8.8
      vertex 67.1673 7.03603 8.8
    endloop
  endfacet
  facet normal 0 0 1
    outer loop
      vertex 67.358 8.11646 8.8
      vertex 65.6427 8.91566 8.8
      vertex 67.252 7.80756 8.8
    endloop
  endfacet
  facet normal -0 0 1
    outer loop
      vertex 65.3655 8.3705 8.8
      vertex 67.252 7.80756 8.8
      vertex 65.6427 8.91566 8.8
    endloop
  endfacet
  facet normal 0 0 1
    outer loop
      vertex 67.1884 6.62466 8.8
      vertex 65.1437 7.03603 8.8
      vertex 65.1992 6.32812 8.8
    endloop
  endfacet
  facet normal 0 0 1
    outer loop
      vertex 67.252 7.80756 8.8
      vertex 65.3655 8.3705 8.8
      vertex 67.1884 7.44742 8.8
    endloop
  endfacet
  facet normal 0 0 1
    outer loop
      vertex 67.1884 6.62466 8.8
      vertex 65.1992 6.32812 8.8
      vertex 65.3655 5.70157 8.8
    endloop
  endfacet
  facet normal -0 0 1
    outer loop
      vertex 65.1992 7.74394 8.8
      vertex 67.1884 7.44742 8.8
      vertex 65.3655 8.3705 8.8
    endloop
  endfacet
  facet normal 0 0 1
    outer loop
      vertex 67.695 5.49486 8.8
      vertex 66.5171 4.3223 8.8
      vertex 67.0893 4.05785 8.8
    endloop
  endfacet
  facet normal 0 0 1
    outer loop
      vertex 65.1437 7.03603 8.8
      vertex 67.1884 7.44742 8.8
      vertex 65.1992 7.74394 8.8
    endloop
  endfacet
  facet normal 0 0 1
    outer loop
      vertex 67.252 6.26451 8.8
      vertex 65.3655 5.70157 8.8
      vertex 65.6427 5.15637 8.8
    endloop
  endfacet
  facet normal 0 0 1
    outer loop
      vertex 67.1884 7.44742 8.8
      vertex 65.1437 7.03603 8.8
      vertex 67.1673 7.03603 8.8
    endloop
  endfacet
  facet normal 0 0 1
    outer loop
      vertex 67.5063 5.69789 8.8
      vertex 66.0307 4.69252 8.8
      vertex 66.5171 4.3223 8.8
    endloop
  endfacet
  facet normal 0 0 1
    outer loop
      vertex 67.358 5.95558 8.8
      vertex 65.6427 5.15637 8.8
      vertex 66.0307 4.69252 8.8
    endloop
  endfacet
  facet normal -0 0 1
    outer loop
      vertex 136.244 10.0824 8.8
      vertex 138.197 9.47435 8.8
      vertex 138.197 10.0824 8.8
    endloop
  endfacet
  facet normal 0 0 1
    outer loop
      vertex 138.197 9.47435 8.8
      vertex 136.244 10.0824 8.8
      vertex 138.197 9.21153 8.8
    endloop
  endfacet
  facet normal 0 0 1
    outer loop
      vertex 138.197 9.21153 8.8
      vertex 136.244 10.0824 8.8
      vertex 138.196 8.91718 8.8
    endloop
  endfacet
  facet normal 0 0 1
    outer loop
      vertex 138.196 8.91718 8.8
      vertex 136.244 10.0824 8.8
      vertex 138.194 8.59126 8.8
    endloop
  endfacet
  facet normal 0 0 1
    outer loop
      vertex 138.194 8.59126 8.8
      vertex 136.244 10.0824 8.8
      vertex 138.192 8.2338 8.8
    endloop
  endfacet
  facet normal 0 0 1
    outer loop
      vertex 136.244 6.36893 8.8
      vertex 138.192 8.2338 8.8
      vertex 136.244 10.0824 8.8
    endloop
  endfacet
  facet normal 0 0 1
    outer loop
      vertex 138.192 8.2338 8.8
      vertex 136.244 6.36893 8.8
      vertex 138.189 7.8916 8.8
    endloop
  endfacet
  facet normal 0 0 1
    outer loop
      vertex 136.244 6.36893 8.8
      vertex 138.186 7.23755 8.8
      vertex 138.187 7.39348 8.8
    endloop
  endfacet
  facet normal 0 0 1
    outer loop
      vertex 138.189 7.8916 8.8
      vertex 136.244 6.36893 8.8
      vertex 138.188 7.6115 8.8
    endloop
  endfacet
  facet normal 0 0 1
    outer loop
      vertex 138.186 7.23755 8.8
      vertex 136.244 6.36893 8.8
      vertex 136.279 5.78979 8.8
    endloop
  endfacet
  facet normal 0 0 1
    outer loop
      vertex 138.186 7.23755 8.8
      vertex 136.279 5.78979 8.8
      vertex 136.382 5.28389 8.8
    endloop
  endfacet
  facet normal 0 0 1
    outer loop
      vertex 138.186 7.23755 8.8
      vertex 136.382 5.28389 8.8
      vertex 136.554 4.85123 8.8
    endloop
  endfacet
  facet normal 0 -0 1
    outer loop
      vertex 136.795 4.49181 8.8
      vertex 138.186 7.23755 8.8
      vertex 136.554 4.85123 8.8
    endloop
  endfacet
  facet normal 0 0 1
    outer loop
      vertex 138.186 7.23755 8.8
      vertex 137.471 4.00768 8.8
      vertex 137.903 3.88663 8.8
    endloop
  endfacet
  facet normal 0 0 1
    outer loop
      vertex 138.186 7.23755 8.8
      vertex 137.101 4.2094 8.8
      vertex 137.471 4.00768 8.8
    endloop
  endfacet
  facet normal 0 0 1
    outer loop
      vertex 138.188 7.6115 8.8
      vertex 136.244 6.36893 8.8
      vertex 138.187 7.39348 8.8
    endloop
  endfacet
  facet normal 0 0 1
    outer loop
      vertex 138.186 7.23755 8.8
      vertex 136.795 4.49181 8.8
      vertex 137.101 4.2094 8.8
    endloop
  endfacet
  facet normal -0 0 1
    outer loop
      vertex 140.324 6.34048 8.8
      vertex 142.353 4.005 8.8
      vertex 140.389 6.68762 8.8
    endloop
  endfacet
  facet normal 0 0 1
    outer loop
      vertex 142.353 4.005 8.8
      vertex 140.324 6.34048 8.8
      vertex 140.411 4.88052 8.8
    endloop
  endfacet
  facet normal -0 0 1
    outer loop
      vertex 140.215 6.03882 8.8
      vertex 140.411 4.88052 8.8
      vertex 140.324 6.34048 8.8
    endloop
  endfacet
  facet normal -0 0 1
    outer loop
      vertex 140.063 5.78261 8.8
      vertex 140.411 4.88052 8.8
      vertex 140.215 6.03882 8.8
    endloop
  endfacet
  facet normal -0 0 1
    outer loop
      vertex 139.873 5.57835 8.8
      vertex 140.411 4.88052 8.8
      vertex 140.063 5.78261 8.8
    endloop
  endfacet
  facet normal -0 0 1
    outer loop
      vertex 139.651 5.43245 8.8
      vertex 140.411 4.88052 8.8
      vertex 139.873 5.57835 8.8
    endloop
  endfacet
  facet normal 0 0 1
    outer loop
      vertex 140.411 4.88052 8.8
      vertex 139.651 5.43245 8.8
      vertex 140.188 4.63263 8.8
    endloop
  endfacet
  facet normal 0 0 1
    outer loop
      vertex 140.188 4.63263 8.8
      vertex 139.651 5.43245 8.8
      vertex 139.958 4.41959 8.8
    endloop
  endfacet
  facet normal -0 0 1
    outer loop
      vertex 139.396 5.34491 8.8
      vertex 139.958 4.41959 8.8
      vertex 139.651 5.43245 8.8
    endloop
  endfacet
  facet normal 0 0 1
    outer loop
      vertex 139.958 4.41959 8.8
      vertex 139.396 5.34491 8.8
      vertex 139.722 4.24139 8.8
    endloop
  endfacet
  facet normal -0 0 1
    outer loop
      vertex 139.109 5.31573 8.8
      vertex 139.722 4.24139 8.8
      vertex 139.396 5.34491 8.8
    endloop
  endfacet
  facet normal 0 0 1
    outer loop
      vertex 139.722 4.24139 8.8
      vertex 139.109 5.31573 8.8
      vertex 139.48 4.09805 8.8
    endloop
  endfacet
  facet normal 0 0 1
    outer loop
      vertex 139.48 4.09805 8.8
      vertex 139.109 5.31573 8.8
      vertex 139.228 3.9879 8.8
    endloop
  endfacet
  facet normal 0 0 1
    outer loop
      vertex 138.987 5.32217 8.8
      vertex 139.228 3.9879 8.8
      vertex 139.109 5.31573 8.8
    endloop
  endfacet
  facet normal 0 0 1
    outer loop
      vertex 138.987 5.32217 8.8
      vertex 138.964 3.90923 8.8
      vertex 139.228 3.9879 8.8
    endloop
  endfacet
  facet normal 0 0 1
    outer loop
      vertex 138.873 5.34151 8.8
      vertex 138.964 3.90923 8.8
      vertex 138.987 5.32217 8.8
    endloop
  endfacet
  facet normal 0 0 1
    outer loop
      vertex 138.687 3.86203 8.8
      vertex 138.873 5.34151 8.8
      vertex 138.766 5.37373 8.8
    endloop
  endfacet
  facet normal 0 0 1
    outer loop
      vertex 138.873 5.34151 8.8
      vertex 138.687 3.86203 8.8
      vertex 138.964 3.90923 8.8
    endloop
  endfacet
  facet normal 0 0 1
    outer loop
      vertex 138.398 3.84628 8.8
      vertex 138.766 5.37373 8.8
      vertex 138.666 5.41885 8.8
    endloop
  endfacet
  facet normal 0 0 1
    outer loop
      vertex 137.903 3.88663 8.8
      vertex 138.666 5.41885 8.8
      vertex 138.575 5.47588 8.8
    endloop
  endfacet
  facet normal 0 0 1
    outer loop
      vertex 137.903 3.88663 8.8
      vertex 138.575 5.47588 8.8
      vertex 138.492 5.54375 8.8
    endloop
  endfacet
  facet normal 0 0 1
    outer loop
      vertex 137.903 3.88663 8.8
      vertex 138.492 5.54375 8.8
      vertex 138.419 5.62247 8.8
    endloop
  endfacet
  facet normal 0 0 1
    outer loop
      vertex 138.766 5.37373 8.8
      vertex 138.398 3.84628 8.8
      vertex 138.687 3.86203 8.8
    endloop
  endfacet
  facet normal 0 0 1
    outer loop
      vertex 137.903 3.88663 8.8
      vertex 138.419 5.62247 8.8
      vertex 138.354 5.71205 8.8
    endloop
  endfacet
  facet normal 0 0 1
    outer loop
      vertex 137.903 3.88663 8.8
      vertex 138.354 5.71205 8.8
      vertex 138.312 5.79636 8.8
    endloop
  endfacet
  facet normal 0 0 1
    outer loop
      vertex 137.903 3.88663 8.8
      vertex 138.312 5.79636 8.8
      vertex 138.276 5.90273 8.8
    endloop
  endfacet
  facet normal 0 0 1
    outer loop
      vertex 137.903 3.88663 8.8
      vertex 138.276 5.90273 8.8
      vertex 138.247 6.03116 8.8
    endloop
  endfacet
  facet normal 0 0 1
    outer loop
      vertex 137.903 3.88663 8.8
      vertex 138.247 6.03116 8.8
      vertex 138.224 6.18164 8.8
    endloop
  endfacet
  facet normal 0 0 1
    outer loop
      vertex 137.903 3.88663 8.8
      vertex 138.224 6.18164 8.8
      vertex 138.208 6.36879 8.8
    endloop
  endfacet
  facet normal 0 0 1
    outer loop
      vertex 138.666 5.41885 8.8
      vertex 137.903 3.88663 8.8
      vertex 138.398 3.84628 8.8
    endloop
  endfacet
  facet normal 0 0 1
    outer loop
      vertex 138.196 6.60715 8.8
      vertex 137.903 3.88663 8.8
      vertex 138.208 6.36879 8.8
    endloop
  endfacet
  facet normal 0 0 1
    outer loop
      vertex 138.189 6.89674 8.8
      vertex 137.903 3.88663 8.8
      vertex 138.196 6.60715 8.8
    endloop
  endfacet
  facet normal 0 0 1
    outer loop
      vertex 137.903 3.88663 8.8
      vertex 138.189 6.89674 8.8
      vertex 138.186 7.23755 8.8
    endloop
  endfacet
  facet normal 0 0 1
    outer loop
      vertex 140.411 7.08018 8.8
      vertex 142.353 10.0824 8.8
      vertex 140.411 10.0824 8.8
    endloop
  endfacet
  facet normal 0 0 1
    outer loop
      vertex 142.353 10.0824 8.8
      vertex 140.411 7.08018 8.8
      vertex 142.353 4.005 8.8
    endloop
  endfacet
  facet normal -0 0 1
    outer loop
      vertex 140.389 6.68762 8.8
      vertex 142.353 4.005 8.8
      vertex 140.411 7.08018 8.8
    endloop
  endfacet
  facet normal 0 0 1
    outer loop
      vertex 142.353 4.005 8.8
      vertex 140.411 4.88052 8.8
      vertex 140.411 4.005 8.8
    endloop
  endfacet
  facet normal -0 0 1
    outer loop
      vertex 87.007 7.99347 8.8
      vertex 90.4138 6.41653 8.8
      vertex 90.4138 7.99347 8.8
    endloop
  endfacet
  facet normal 0 0 1
    outer loop
      vertex 90.4138 6.41653 8.8
      vertex 87.007 7.99347 8.8
      vertex 87.007 6.41653 8.8
    endloop
  endfacet
  facet normal -0 0 1
    outer loop
      vertex 125.029 6.1042 8.8
      vertex 126.982 4.005 8.8
      vertex 126.982 6.1042 8.8
    endloop
  endfacet
  facet normal 0 0 1
    outer loop
      vertex 126.982 4.005 8.8
      vertex 125.029 6.1042 8.8
      vertex 125.029 4.005 8.8
    endloop
  endfacet
  facet normal 0.159522 -0.987194 0
    outer loop
      vertex 112.141 3.86185 8
      vertex 112.43 3.90855 8.8
      vertex 112.141 3.86185 8.8
    endloop
  endfacet
  facet normal 0.159522 -0.987194 0
    outer loop
      vertex 112.43 3.90855 8.8
      vertex 112.141 3.86185 8
      vertex 112.43 3.90855 8
    endloop
  endfacet
  facet normal 0.276948 -0.960885 0
    outer loop
      vertex 112.43 3.90855 8
      vertex 112.7 3.98637 8.8
      vertex 112.43 3.90855 8.8
    endloop
  endfacet
  facet normal 0.276948 -0.960885 0
    outer loop
      vertex 112.7 3.98637 8.8
      vertex 112.43 3.90855 8
      vertex 112.7 3.98637 8
    endloop
  endfacet
  facet normal 0.398171 -0.917311 0
    outer loop
      vertex 112.7 3.98637 8
      vertex 112.951 4.09532 8.8
      vertex 112.7 3.98637 8.8
    endloop
  endfacet
  facet normal 0.398171 -0.917311 0
    outer loop
      vertex 112.951 4.09532 8.8
      vertex 112.7 3.98637 8
      vertex 112.951 4.09532 8
    endloop
  endfacet
  facet normal 0.516894 -0.856049 0
    outer loop
      vertex 112.951 4.09532 8
      vertex 113.187 4.23782 8.8
      vertex 112.951 4.09532 8.8
    endloop
  endfacet
  facet normal 0.516894 -0.856049 0
    outer loop
      vertex 113.187 4.23782 8.8
      vertex 112.951 4.09532 8
      vertex 113.187 4.23782 8
    endloop
  endfacet
  facet normal 0.617828 -0.786314 0
    outer loop
      vertex 113.187 4.23782 8
      vertex 113.414 4.41618 8.8
      vertex 113.187 4.23782 8.8
    endloop
  endfacet
  facet normal 0.617828 -0.786314 0
    outer loop
      vertex 113.414 4.41618 8.8
      vertex 113.187 4.23782 8
      vertex 113.414 4.41618 8
    endloop
  endfacet
  facet normal 0.704208 -0.709993 0
    outer loop
      vertex 113.414 4.41618 8
      vertex 113.63 4.63042 8.8
      vertex 113.414 4.41618 8.8
    endloop
  endfacet
  facet normal 0.704208 -0.709993 0
    outer loop
      vertex 113.63 4.63042 8.8
      vertex 113.414 4.41618 8
      vertex 113.63 4.63042 8
    endloop
  endfacet
  facet normal 0.773392 -0.633928 0
    outer loop
      vertex 113.63 4.63042 8.8
      vertex 113.835 4.88052 8
      vertex 113.835 4.88052 8.8
    endloop
  endfacet
  facet normal 0.773392 -0.633928 0
    outer loop
      vertex 113.835 4.88052 8
      vertex 113.63 4.63042 8.8
      vertex 113.63 4.63042 8
    endloop
  endfacet
  facet normal -1 0 0
    outer loop
      vertex 113.835 4.005 8
      vertex 113.835 4.88052 8.8
      vertex 113.835 4.88052 8
    endloop
  endfacet
  facet normal -1 -0 0
    outer loop
      vertex 113.835 4.88052 8.8
      vertex 113.835 4.005 8
      vertex 113.835 4.005 8.8
    endloop
  endfacet
  facet normal 0 -1 0
    outer loop
      vertex 113.835 4.005 8
      vertex 115.788 4.005 8.8
      vertex 113.835 4.005 8.8
    endloop
  endfacet
  facet normal 0 -1 -0
    outer loop
      vertex 115.788 4.005 8.8
      vertex 113.835 4.005 8
      vertex 115.788 4.005 8
    endloop
  endfacet
  facet normal 1 -0 0
    outer loop
      vertex 115.788 4.005 8.8
      vertex 115.788 12.4479 8
      vertex 115.788 12.4479 8.8
    endloop
  endfacet
  facet normal 1 0 0
    outer loop
      vertex 115.788 12.4479 8
      vertex 115.788 4.005 8.8
      vertex 115.788 4.005 8
    endloop
  endfacet
  facet normal 0 1 -0
    outer loop
      vertex 115.788 12.4479 8
      vertex 113.835 12.4479 8.8
      vertex 115.788 12.4479 8.8
    endloop
  endfacet
  facet normal 0 1 0
    outer loop
      vertex 113.835 12.4479 8.8
      vertex 115.788 12.4479 8
      vertex 113.835 12.4479 8
    endloop
  endfacet
  facet normal -1 0 0
    outer loop
      vertex 113.835 9.19156 8
      vertex 113.835 12.4479 8.8
      vertex 113.835 12.4479 8
    endloop
  endfacet
  facet normal -1 -0 0
    outer loop
      vertex 113.835 12.4479 8.8
      vertex 113.835 9.19156 8
      vertex 113.835 9.19156 8.8
    endloop
  endfacet
  facet normal 0.769085 0.639146 0
    outer loop
      vertex 113.835 9.19156 8.8
      vertex 113.629 9.43944 8
      vertex 113.629 9.43944 8.8
    endloop
  endfacet
  facet normal 0.769085 0.639146 0
    outer loop
      vertex 113.629 9.43944 8
      vertex 113.835 9.19156 8.8
      vertex 113.835 9.19156 8
    endloop
  endfacet
  facet normal 0.702195 0.711985 -0
    outer loop
      vertex 113.629 9.43944 8
      vertex 113.413 9.65247 8.8
      vertex 113.629 9.43944 8.8
    endloop
  endfacet
  facet normal 0.702195 0.711985 0
    outer loop
      vertex 113.413 9.65247 8.8
      vertex 113.629 9.43944 8
      vertex 113.413 9.65247 8
    endloop
  endfacet
  facet normal 0.61742 0.786633 -0
    outer loop
      vertex 113.413 9.65247 8
      vertex 113.186 9.83064 8.8
      vertex 113.413 9.65247 8.8
    endloop
  endfacet
  facet normal 0.61742 0.786633 0
    outer loop
      vertex 113.186 9.83064 8.8
      vertex 113.413 9.65247 8
      vertex 113.186 9.83064 8
    endloop
  endfacet
  facet normal 0.515845 0.856682 -0
    outer loop
      vertex 113.186 9.83064 8
      vertex 112.948 9.97395 8.8
      vertex 113.186 9.83064 8.8
    endloop
  endfacet
  facet normal 0.515845 0.856682 0
    outer loop
      vertex 112.948 9.97395 8.8
      vertex 113.186 9.83064 8
      vertex 112.948 9.97395 8
    endloop
  endfacet
  facet normal 0.401852 0.915705 -0
    outer loop
      vertex 112.948 9.97395 8
      vertex 112.697 10.0841 8.8
      vertex 112.948 9.97395 8.8
    endloop
  endfacet
  facet normal 0.401852 0.915705 0
    outer loop
      vertex 112.697 10.0841 8.8
      vertex 112.948 9.97395 8
      vertex 112.697 10.0841 8
    endloop
  endfacet
  facet normal 0.279836 0.960048 -0
    outer loop
      vertex 112.697 10.0841 8
      vertex 112.427 10.1628 8.8
      vertex 112.697 10.0841 8.8
    endloop
  endfacet
  facet normal 0.279836 0.960048 0
    outer loop
      vertex 112.427 10.1628 8.8
      vertex 112.697 10.0841 8
      vertex 112.427 10.1628 8
    endloop
  endfacet
  facet normal 0.162065 0.98678 -0
    outer loop
      vertex 112.427 10.1628 8
      vertex 112.139 10.2101 8.8
      vertex 112.427 10.1628 8.8
    endloop
  endfacet
  facet normal 0.162065 0.98678 0
    outer loop
      vertex 112.139 10.2101 8.8
      vertex 112.427 10.1628 8
      vertex 112.139 10.2101 8
    endloop
  endfacet
  facet normal 0.0514073 0.998678 -0
    outer loop
      vertex 112.139 10.2101 8
      vertex 111.834 10.2258 8.8
      vertex 112.139 10.2101 8.8
    endloop
  endfacet
  facet normal 0.0514073 0.998678 0
    outer loop
      vertex 111.834 10.2258 8.8
      vertex 112.139 10.2101 8
      vertex 111.834 10.2258 8
    endloop
  endfacet
  facet normal -0.103354 0.994645 0
    outer loop
      vertex 111.834 10.2258 8
      vertex 111.297 10.17 8.8
      vertex 111.834 10.2258 8.8
    endloop
  endfacet
  facet normal -0.103354 0.994645 0
    outer loop
      vertex 111.297 10.17 8.8
      vertex 111.834 10.2258 8
      vertex 111.297 10.17 8
    endloop
  endfacet
  facet normal -0.325493 0.945544 0
    outer loop
      vertex 111.297 10.17 8
      vertex 110.811 10.0027 8.8
      vertex 111.297 10.17 8.8
    endloop
  endfacet
  facet normal -0.325493 0.945544 0
    outer loop
      vertex 110.811 10.0027 8.8
      vertex 111.297 10.17 8
      vertex 110.811 10.0027 8
    endloop
  endfacet
  facet normal -0.538834 0.842412 0
    outer loop
      vertex 110.811 10.0027 8
      vertex 110.375 9.72382 8.8
      vertex 110.811 10.0027 8.8
    endloop
  endfacet
  facet normal -0.538834 0.842412 0
    outer loop
      vertex 110.375 9.72382 8.8
      vertex 110.811 10.0027 8
      vertex 110.375 9.72382 8
    endloop
  endfacet
  facet normal -0.71113 0.703061 0
    outer loop
      vertex 109.989 9.33339 8
      vertex 110.375 9.72382 8.8
      vertex 110.375 9.72382 8
    endloop
  endfacet
  facet normal -0.71113 0.703061 0
    outer loop
      vertex 110.375 9.72382 8.8
      vertex 109.989 9.33339 8
      vertex 109.989 9.33339 8.8
    endloop
  endfacet
  facet normal -0.834298 0.551314 0
    outer loop
      vertex 109.673 8.85519 8
      vertex 109.989 9.33339 8.8
      vertex 109.989 9.33339 8
    endloop
  endfacet
  facet normal -0.834298 0.551314 0
    outer loop
      vertex 109.989 9.33339 8.8
      vertex 109.673 8.85519 8
      vertex 109.673 8.85519 8.8
    endloop
  endfacet
  facet normal -0.923653 0.38323 0
    outer loop
      vertex 109.448 8.3129 8
      vertex 109.673 8.85519 8.8
      vertex 109.673 8.85519 8
    endloop
  endfacet
  facet normal -0.923653 0.38323 0
    outer loop
      vertex 109.673 8.85519 8.8
      vertex 109.448 8.3129 8
      vertex 109.448 8.3129 8.8
    endloop
  endfacet
  facet normal -0.976103 0.217309 0
    outer loop
      vertex 109.313 7.70651 8
      vertex 109.448 8.3129 8.8
      vertex 109.448 8.3129 8
    endloop
  endfacet
  facet normal -0.976103 0.217309 0
    outer loop
      vertex 109.448 8.3129 8.8
      vertex 109.313 7.70651 8
      vertex 109.313 7.70651 8.8
    endloop
  endfacet
  facet normal -0.997755 0.0669654 0
    outer loop
      vertex 109.268 7.03603 8
      vertex 109.313 7.70651 8.8
      vertex 109.313 7.70651 8
    endloop
  endfacet
  facet normal -0.997755 0.0669654 0
    outer loop
      vertex 109.313 7.70651 8.8
      vertex 109.268 7.03603 8
      vertex 109.268 7.03603 8.8
    endloop
  endfacet
  facet normal -0.997755 -0.0669674 0
    outer loop
      vertex 109.313 6.36557 8
      vertex 109.268 7.03603 8.8
      vertex 109.268 7.03603 8
    endloop
  endfacet
  facet normal -0.997755 -0.0669674 0
    outer loop
      vertex 109.268 7.03603 8.8
      vertex 109.313 6.36557 8
      vertex 109.313 6.36557 8.8
    endloop
  endfacet
  facet normal -0.976104 -0.217305 0
    outer loop
      vertex 109.448 5.75917 8
      vertex 109.313 6.36557 8.8
      vertex 109.313 6.36557 8
    endloop
  endfacet
  facet normal -0.976104 -0.217305 0
    outer loop
      vertex 109.313 6.36557 8.8
      vertex 109.448 5.75917 8
      vertex 109.448 5.75917 8.8
    endloop
  endfacet
  facet normal -0.923663 -0.383206 0
    outer loop
      vertex 109.673 5.21684 8
      vertex 109.448 5.75917 8.8
      vertex 109.448 5.75917 8
    endloop
  endfacet
  facet normal -0.923663 -0.383206 0
    outer loop
      vertex 109.448 5.75917 8.8
      vertex 109.673 5.21684 8
      vertex 109.673 5.21684 8.8
    endloop
  endfacet
  facet normal -0.834319 -0.551282 0
    outer loop
      vertex 109.989 4.7386 8
      vertex 109.673 5.21684 8.8
      vertex 109.673 5.21684 8
    endloop
  endfacet
  facet normal -0.834319 -0.551282 0
    outer loop
      vertex 109.673 5.21684 8.8
      vertex 109.989 4.7386 8
      vertex 109.989 4.7386 8.8
    endloop
  endfacet
  facet normal -0.711085 -0.703106 0
    outer loop
      vertex 110.375 4.34822 8
      vertex 109.989 4.7386 8.8
      vertex 109.989 4.7386 8
    endloop
  endfacet
  facet normal -0.711085 -0.703106 0
    outer loop
      vertex 109.989 4.7386 8.8
      vertex 110.375 4.34822 8
      vertex 110.375 4.34822 8.8
    endloop
  endfacet
  facet normal -0.538793 -0.842438 0
    outer loop
      vertex 110.375 4.34822 8
      vertex 110.811 4.06937 8.8
      vertex 110.375 4.34822 8.8
    endloop
  endfacet
  facet normal -0.538793 -0.842438 -0
    outer loop
      vertex 110.811 4.06937 8.8
      vertex 110.375 4.34822 8
      vertex 110.811 4.06937 8
    endloop
  endfacet
  facet normal -0.325528 -0.945532 0
    outer loop
      vertex 110.811 4.06937 8
      vertex 111.297 3.90205 8.8
      vertex 110.811 4.06937 8.8
    endloop
  endfacet
  facet normal -0.325528 -0.945532 -0
    outer loop
      vertex 111.297 3.90205 8.8
      vertex 110.811 4.06937 8
      vertex 111.297 3.90205 8
    endloop
  endfacet
  facet normal -0.103299 -0.99465 0
    outer loop
      vertex 111.297 3.90205 8
      vertex 111.834 3.84628 8.8
      vertex 111.297 3.90205 8.8
    endloop
  endfacet
  facet normal -0.103299 -0.99465 -0
    outer loop
      vertex 111.834 3.84628 8.8
      vertex 111.297 3.90205 8
      vertex 111.834 3.84628 8
    endloop
  endfacet
  facet normal 0.0506515 -0.998716 0
    outer loop
      vertex 111.834 3.84628 8
      vertex 112.141 3.86185 8.8
      vertex 111.834 3.84628 8.8
    endloop
  endfacet
  facet normal 0.0506515 -0.998716 0
    outer loop
      vertex 112.141 3.86185 8.8
      vertex 111.834 3.84628 8
      vertex 112.141 3.86185 8
    endloop
  endfacet
  facet normal 0.317633 0.948214 -0
    outer loop
      vertex 112.264 5.28789 8
      vertex 112.009 5.37331 8.8
      vertex 112.264 5.28789 8.8
    endloop
  endfacet
  facet normal 0.317633 0.948214 0
    outer loop
      vertex 112.009 5.37331 8.8
      vertex 112.264 5.28789 8
      vertex 112.009 5.37331 8
    endloop
  endfacet
  facet normal 0.546823 0.837248 -0
    outer loop
      vertex 112.009 5.37331 8
      vertex 111.791 5.51569 8.8
      vertex 112.009 5.37331 8.8
    endloop
  endfacet
  facet normal 0.546823 0.837248 0
    outer loop
      vertex 111.791 5.51569 8.8
      vertex 112.009 5.37331 8
      vertex 111.791 5.51569 8
    endloop
  endfacet
  facet normal 0.73662 0.676307 0
    outer loop
      vertex 111.791 5.51569 8.8
      vertex 111.608 5.71501 8
      vertex 111.608 5.71501 8.8
    endloop
  endfacet
  facet normal 0.73662 0.676307 0
    outer loop
      vertex 111.608 5.71501 8
      vertex 111.791 5.51569 8.8
      vertex 111.791 5.51569 8
    endloop
  endfacet
  facet normal 0.871061 0.491174 0
    outer loop
      vertex 111.608 5.71501 8.8
      vertex 111.465 5.96861 8
      vertex 111.465 5.96861 8.8
    endloop
  endfacet
  facet normal 0.871061 0.491174 0
    outer loop
      vertex 111.465 5.96861 8
      vertex 111.608 5.71501 8.8
      vertex 111.608 5.71501 8
    endloop
  endfacet
  facet normal 0.947475 0.319831 0
    outer loop
      vertex 111.465 5.96861 8.8
      vertex 111.362 6.27374 8
      vertex 111.362 6.27374 8.8
    endloop
  endfacet
  facet normal 0.947475 0.319831 0
    outer loop
      vertex 111.362 6.27374 8
      vertex 111.465 5.96861 8.8
      vertex 111.465 5.96861 8
    endloop
  endfacet
  facet normal 0.985689 0.168574 0
    outer loop
      vertex 111.362 6.27374 8.8
      vertex 111.301 6.63042 8
      vertex 111.301 6.63042 8.8
    endloop
  endfacet
  facet normal 0.985689 0.168574 0
    outer loop
      vertex 111.301 6.63042 8
      vertex 111.362 6.27374 8.8
      vertex 111.362 6.27374 8
    endloop
  endfacet
  facet normal 0.998679 0.0513812 0
    outer loop
      vertex 111.301 6.63042 8.8
      vertex 111.28 7.03859 8
      vertex 111.28 7.03859 8.8
    endloop
  endfacet
  facet normal 0.998679 0.0513812 0
    outer loop
      vertex 111.28 7.03859 8
      vertex 111.301 6.63042 8.8
      vertex 111.301 6.63042 8
    endloop
  endfacet
  facet normal 0.998679 -0.0513787 0
    outer loop
      vertex 111.28 7.03859 8.8
      vertex 111.301 7.44678 8
      vertex 111.301 7.44678 8.8
    endloop
  endfacet
  facet normal 0.998679 -0.0513787 0
    outer loop
      vertex 111.301 7.44678 8
      vertex 111.28 7.03859 8.8
      vertex 111.28 7.03859 8
    endloop
  endfacet
  facet normal 0.985687 -0.168583 0
    outer loop
      vertex 111.301 7.44678 8.8
      vertex 111.362 7.80344 8
      vertex 111.362 7.80344 8.8
    endloop
  endfacet
  facet normal 0.985687 -0.168583 0
    outer loop
      vertex 111.362 7.80344 8
      vertex 111.301 7.44678 8.8
      vertex 111.301 7.44678 8
    endloop
  endfacet
  facet normal 0.947465 -0.319859 0
    outer loop
      vertex 111.362 7.80344 8.8
      vertex 111.465 8.10854 8
      vertex 111.465 8.10854 8.8
    endloop
  endfacet
  facet normal 0.947465 -0.319859 0
    outer loop
      vertex 111.465 8.10854 8
      vertex 111.362 7.80344 8.8
      vertex 111.362 7.80344 8
    endloop
  endfacet
  facet normal 0.871037 -0.491218 0
    outer loop
      vertex 111.465 8.10854 8.8
      vertex 111.608 8.36211 8
      vertex 111.608 8.36211 8.8
    endloop
  endfacet
  facet normal 0.871037 -0.491218 0
    outer loop
      vertex 111.608 8.36211 8
      vertex 111.465 8.10854 8.8
      vertex 111.465 8.10854 8
    endloop
  endfacet
  facet normal 0.736705 -0.676215 0
    outer loop
      vertex 111.608 8.36211 8.8
      vertex 111.791 8.56148 8
      vertex 111.791 8.56148 8.8
    endloop
  endfacet
  facet normal 0.736705 -0.676215 0
    outer loop
      vertex 111.791 8.56148 8
      vertex 111.608 8.36211 8.8
      vertex 111.608 8.36211 8
    endloop
  endfacet
  facet normal 0.54685 -0.837231 0
    outer loop
      vertex 111.791 8.56148 8
      vertex 112.009 8.70387 8.8
      vertex 111.791 8.56148 8.8
    endloop
  endfacet
  facet normal 0.54685 -0.837231 0
    outer loop
      vertex 112.009 8.70387 8.8
      vertex 111.791 8.56148 8
      vertex 112.009 8.70387 8
    endloop
  endfacet
  facet normal 0.3177 -0.948191 0
    outer loop
      vertex 112.009 8.70387 8
      vertex 112.264 8.78931 8.8
      vertex 112.009 8.70387 8.8
    endloop
  endfacet
  facet normal 0.3177 -0.948191 0
    outer loop
      vertex 112.264 8.78931 8.8
      vertex 112.009 8.70387 8
      vertex 112.264 8.78931 8
    endloop
  endfacet
  facet normal 0.097404 -0.995245 0
    outer loop
      vertex 112.264 8.78931 8
      vertex 112.555 8.81779 8.8
      vertex 112.264 8.78931 8.8
    endloop
  endfacet
  facet normal 0.097404 -0.995245 0
    outer loop
      vertex 112.555 8.81779 8.8
      vertex 112.264 8.78931 8
      vertex 112.555 8.81779 8
    endloop
  endfacet
  facet normal -0.0964194 -0.995341 0
    outer loop
      vertex 112.555 8.81779 8
      vertex 112.849 8.78931 8.8
      vertex 112.555 8.81779 8.8
    endloop
  endfacet
  facet normal -0.0964194 -0.995341 -0
    outer loop
      vertex 112.849 8.78931 8.8
      vertex 112.555 8.81779 8
      vertex 112.849 8.78931 8
    endloop
  endfacet
  facet normal -0.316583 -0.948565 0
    outer loop
      vertex 112.849 8.78931 8
      vertex 113.105 8.70387 8.8
      vertex 112.849 8.78931 8.8
    endloop
  endfacet
  facet normal -0.316583 -0.948565 -0
    outer loop
      vertex 113.105 8.70387 8.8
      vertex 112.849 8.78931 8
      vertex 113.105 8.70387 8
    endloop
  endfacet
  facet normal -0.543351 -0.839506 0
    outer loop
      vertex 113.105 8.70387 8
      vertex 113.325 8.56148 8.8
      vertex 113.105 8.70387 8.8
    endloop
  endfacet
  facet normal -0.543351 -0.839506 -0
    outer loop
      vertex 113.325 8.56148 8.8
      vertex 113.105 8.70387 8
      vertex 113.325 8.56148 8
    endloop
  endfacet
  facet normal -0.738547 -0.674202 0
    outer loop
      vertex 113.507 8.36211 8
      vertex 113.325 8.56148 8.8
      vertex 113.325 8.56148 8
    endloop
  endfacet
  facet normal -0.738547 -0.674202 0
    outer loop
      vertex 113.325 8.56148 8.8
      vertex 113.507 8.36211 8
      vertex 113.507 8.36211 8.8
    endloop
  endfacet
  facet normal -0.869565 -0.493818 0
    outer loop
      vertex 113.651 8.10854 8
      vertex 113.507 8.36211 8.8
      vertex 113.507 8.36211 8
    endloop
  endfacet
  facet normal -0.869565 -0.493818 0
    outer loop
      vertex 113.507 8.36211 8.8
      vertex 113.651 8.10854 8
      vertex 113.651 8.10854 8.8
    endloop
  endfacet
  facet normal -0.948403 -0.317067 0
    outer loop
      vertex 113.753 7.80344 8
      vertex 113.651 8.10854 8.8
      vertex 113.651 8.10854 8
    endloop
  endfacet
  facet normal -0.948403 -0.317067 0
    outer loop
      vertex 113.651 8.10854 8.8
      vertex 113.753 7.80344 8
      vertex 113.753 7.80344 8.8
    endloop
  endfacet
  facet normal -0.985225 -0.171267 0
    outer loop
      vertex 113.815 7.44678 8
      vertex 113.753 7.80344 8.8
      vertex 113.753 7.80344 8
    endloop
  endfacet
  facet normal -0.985225 -0.171267 0
    outer loop
      vertex 113.753 7.80344 8.8
      vertex 113.815 7.44678 8
      vertex 113.815 7.44678 8.8
    endloop
  endfacet
  facet normal -0.998802 -0.0489381 0
    outer loop
      vertex 113.835 7.03859 8
      vertex 113.815 7.44678 8.8
      vertex 113.815 7.44678 8
    endloop
  endfacet
  facet normal -0.998802 -0.0489381 0
    outer loop
      vertex 113.815 7.44678 8.8
      vertex 113.835 7.03859 8
      vertex 113.835 7.03859 8.8
    endloop
  endfacet
  facet normal -0.998802 0.0489405 0
    outer loop
      vertex 113.815 6.63042 8
      vertex 113.835 7.03859 8.8
      vertex 113.835 7.03859 8
    endloop
  endfacet
  facet normal -0.998802 0.0489405 0
    outer loop
      vertex 113.835 7.03859 8.8
      vertex 113.815 6.63042 8
      vertex 113.815 6.63042 8.8
    endloop
  endfacet
  facet normal -0.985226 0.171257 0
    outer loop
      vertex 113.753 6.27374 8
      vertex 113.815 6.63042 8.8
      vertex 113.815 6.63042 8
    endloop
  endfacet
  facet normal -0.985226 0.171257 0
    outer loop
      vertex 113.815 6.63042 8.8
      vertex 113.753 6.27374 8
      vertex 113.753 6.27374 8.8
    endloop
  endfacet
  facet normal -0.948413 0.317039 0
    outer loop
      vertex 113.651 5.96861 8
      vertex 113.753 6.27374 8.8
      vertex 113.753 6.27374 8
    endloop
  endfacet
  facet normal -0.948413 0.317039 0
    outer loop
      vertex 113.753 6.27374 8.8
      vertex 113.651 5.96861 8
      vertex 113.651 5.96861 8.8
    endloop
  endfacet
  facet normal -0.86959 0.493774 0
    outer loop
      vertex 113.507 5.71501 8
      vertex 113.651 5.96861 8.8
      vertex 113.651 5.96861 8
    endloop
  endfacet
  facet normal -0.86959 0.493774 0
    outer loop
      vertex 113.651 5.96861 8.8
      vertex 113.507 5.71501 8
      vertex 113.507 5.71501 8.8
    endloop
  endfacet
  facet normal -0.738463 0.674294 0
    outer loop
      vertex 113.325 5.51569 8
      vertex 113.507 5.71501 8.8
      vertex 113.507 5.71501 8
    endloop
  endfacet
  facet normal -0.738463 0.674294 0
    outer loop
      vertex 113.507 5.71501 8.8
      vertex 113.325 5.51569 8
      vertex 113.325 5.51569 8.8
    endloop
  endfacet
  facet normal -0.543324 0.839523 0
    outer loop
      vertex 113.325 5.51569 8
      vertex 113.105 5.37331 8.8
      vertex 113.325 5.51569 8.8
    endloop
  endfacet
  facet normal -0.543324 0.839523 0
    outer loop
      vertex 113.105 5.37331 8.8
      vertex 113.325 5.51569 8
      vertex 113.105 5.37331 8
    endloop
  endfacet
  facet normal -0.316517 0.948587 0
    outer loop
      vertex 113.105 5.37331 8
      vertex 112.849 5.28789 8.8
      vertex 113.105 5.37331 8.8
    endloop
  endfacet
  facet normal -0.316517 0.948587 0
    outer loop
      vertex 112.849 5.28789 8.8
      vertex 113.105 5.37331 8
      vertex 112.849 5.28789 8
    endloop
  endfacet
  facet normal -0.0964194 0.995341 0
    outer loop
      vertex 112.849 5.28789 8
      vertex 112.555 5.25941 8.8
      vertex 112.849 5.28789 8.8
    endloop
  endfacet
  facet normal -0.0964194 0.995341 0
    outer loop
      vertex 112.555 5.25941 8.8
      vertex 112.849 5.28789 8
      vertex 112.555 5.25941 8
    endloop
  endfacet
  facet normal 0.097404 0.995245 -0
    outer loop
      vertex 112.555 5.25941 8
      vertex 112.264 5.28789 8.8
      vertex 112.555 5.25941 8.8
    endloop
  endfacet
  facet normal 0.097404 0.995245 0
    outer loop
      vertex 112.264 5.28789 8.8
      vertex 112.555 5.25941 8
      vertex 112.264 5.28789 8
    endloop
  endfacet
  facet normal -0.730257 -0.683172 0
    outer loop
      vertex 77.3668 4.005 8
      vertex 74.9961 6.53909 8.8
      vertex 74.9961 6.53909 8
    endloop
  endfacet
  facet normal -0.730257 -0.683172 0
    outer loop
      vertex 74.9961 6.53909 8.8
      vertex 77.3668 4.005 8
      vertex 77.3668 4.005 8.8
    endloop
  endfacet
  facet normal 0 -1 0
    outer loop
      vertex 77.3668 4.005 8
      vertex 79.7212 4.005 8.8
      vertex 77.3668 4.005 8.8
    endloop
  endfacet
  facet normal 0 -1 -0
    outer loop
      vertex 79.7212 4.005 8.8
      vertex 77.3668 4.005 8
      vertex 79.7212 4.005 8
    endloop
  endfacet
  facet normal 0.716589 0.697495 0
    outer loop
      vertex 79.7212 4.005 8.8
      vertex 76.5205 7.29332 8
      vertex 76.5205 7.29332 8.8
    endloop
  endfacet
  facet normal 0.716589 0.697495 0
    outer loop
      vertex 76.5205 7.29332 8
      vertex 79.7212 4.005 8.8
      vertex 79.7212 4.005 8
    endloop
  endfacet
  facet normal 0.684874 -0.728661 0
    outer loop
      vertex 76.5205 7.29332 8
      vertex 79.4879 10.0824 8.8
      vertex 76.5205 7.29332 8.8
    endloop
  endfacet
  facet normal 0.684874 -0.728661 0
    outer loop
      vertex 79.4879 10.0824 8.8
      vertex 76.5205 7.29332 8
      vertex 79.4879 10.0824 8
    endloop
  endfacet
  facet normal 0 1 -0
    outer loop
      vertex 79.4879 10.0824 8
      vertex 77.2312 10.0824 8.8
      vertex 79.4879 10.0824 8.8
    endloop
  endfacet
  facet normal 0 1 0
    outer loop
      vertex 77.2312 10.0824 8.8
      vertex 79.4879 10.0824 8
      vertex 77.2312 10.0824 8
    endloop
  endfacet
  facet normal -0.706332 0.707881 0
    outer loop
      vertex 77.2312 10.0824 8
      vertex 74.9961 7.85219 8.8
      vertex 77.2312 10.0824 8.8
    endloop
  endfacet
  facet normal -0.706332 0.707881 0
    outer loop
      vertex 74.9961 7.85219 8.8
      vertex 77.2312 10.0824 8
      vertex 74.9961 7.85219 8
    endloop
  endfacet
  facet normal 1 -0 0
    outer loop
      vertex 74.9961 7.85219 8.8
      vertex 74.9961 12.4479 8
      vertex 74.9961 12.4479 8.8
    endloop
  endfacet
  facet normal 1 0 0
    outer loop
      vertex 74.9961 12.4479 8
      vertex 74.9961 7.85219 8.8
      vertex 74.9961 7.85219 8
    endloop
  endfacet
  facet normal 0 1 -0
    outer loop
      vertex 74.9961 12.4479 8
      vertex 73.054 12.4479 8.8
      vertex 74.9961 12.4479 8.8
    endloop
  endfacet
  facet normal 0 1 0
    outer loop
      vertex 73.054 12.4479 8.8
      vertex 74.9961 12.4479 8
      vertex 73.054 12.4479 8
    endloop
  endfacet
  facet normal -1 0 0
    outer loop
      vertex 73.054 4.005 8
      vertex 73.054 12.4479 8.8
      vertex 73.054 12.4479 8
    endloop
  endfacet
  facet normal -1 -0 0
    outer loop
      vertex 73.054 12.4479 8.8
      vertex 73.054 4.005 8
      vertex 73.054 4.005 8.8
    endloop
  endfacet
  facet normal 0 -1 0
    outer loop
      vertex 73.054 4.005 8
      vertex 74.9961 4.005 8.8
      vertex 73.054 4.005 8.8
    endloop
  endfacet
  facet normal 0 -1 -0
    outer loop
      vertex 74.9961 4.005 8.8
      vertex 73.054 4.005 8
      vertex 74.9961 4.005 8
    endloop
  endfacet
  facet normal 1 -0 0
    outer loop
      vertex 74.9961 4.005 8.8
      vertex 74.9961 6.53909 8
      vertex 74.9961 6.53909 8.8
    endloop
  endfacet
  facet normal 1 0 0
    outer loop
      vertex 74.9961 6.53909 8
      vertex 74.9961 4.005 8.8
      vertex 74.9961 4.005 8
    endloop
  endfacet
  facet normal 0 1 -0
    outer loop
      vertex 95.7962 5.39253 8
      vertex 94.798 5.39253 8.8
      vertex 95.7962 5.39253 8.8
    endloop
  endfacet
  facet normal 0 1 0
    outer loop
      vertex 94.798 5.39253 8.8
      vertex 95.7962 5.39253 8
      vertex 94.798 5.39253 8
    endloop
  endfacet
  facet normal 0.0407263 0.99917 -0
    outer loop
      vertex 94.798 5.39253 8
      vertex 94.5691 5.40186 8.8
      vertex 94.798 5.39253 8.8
    endloop
  endfacet
  facet normal 0.0407263 0.99917 0
    outer loop
      vertex 94.5691 5.40186 8.8
      vertex 94.798 5.39253 8
      vertex 94.5691 5.40186 8
    endloop
  endfacet
  facet normal 0.147747 0.989025 -0
    outer loop
      vertex 94.5691 5.40186 8
      vertex 94.3816 5.42987 8.8
      vertex 94.5691 5.40186 8.8
    endloop
  endfacet
  facet normal 0.147747 0.989025 0
    outer loop
      vertex 94.3816 5.42987 8.8
      vertex 94.5691 5.40186 8
      vertex 94.3816 5.42987 8
    endloop
  endfacet
  facet normal 0.304161 0.952621 -0
    outer loop
      vertex 94.3816 5.42987 8
      vertex 94.2354 5.47655 8.8
      vertex 94.3816 5.42987 8.8
    endloop
  endfacet
  facet normal 0.304161 0.952621 0
    outer loop
      vertex 94.2354 5.47655 8.8
      vertex 94.3816 5.42987 8
      vertex 94.2354 5.47655 8
    endloop
  endfacet
  facet normal 0.529067 0.84858 -0
    outer loop
      vertex 94.2354 5.47655 8
      vertex 94.1306 5.54189 8.8
      vertex 94.2354 5.47655 8.8
    endloop
  endfacet
  facet normal 0.529067 0.84858 0
    outer loop
      vertex 94.1306 5.54189 8.8
      vertex 94.2354 5.47655 8
      vertex 94.1306 5.54189 8
    endloop
  endfacet
  facet normal 0.780686 0.624923 0
    outer loop
      vertex 94.1306 5.54189 8.8
      vertex 94.0571 5.63371 8
      vertex 94.0571 5.63371 8.8
    endloop
  endfacet
  facet normal 0.780686 0.624923 0
    outer loop
      vertex 94.0571 5.63371 8
      vertex 94.1306 5.54189 8.8
      vertex 94.1306 5.54189 8
    endloop
  endfacet
  facet normal 0.922947 0.384927 0
    outer loop
      vertex 94.0571 5.63371 8.8
      vertex 94.0045 5.75983 8
      vertex 94.0045 5.75983 8.8
    endloop
  endfacet
  facet normal 0.922947 0.384927 0
    outer loop
      vertex 94.0045 5.75983 8
      vertex 94.0571 5.63371 8.8
      vertex 94.0571 5.63371 8
    endloop
  endfacet
  facet normal 0.981257 0.192703 0
    outer loop
      vertex 94.0045 5.75983 8.8
      vertex 93.973 5.92023 8
      vertex 93.973 5.92023 8.8
    endloop
  endfacet
  facet normal 0.981257 0.192703 0
    outer loop
      vertex 93.973 5.92023 8
      vertex 94.0045 5.75983 8.8
      vertex 94.0045 5.75983 8
    endloop
  endfacet
  facet normal 0.998549 0.0538509 0
    outer loop
      vertex 93.973 5.92023 8.8
      vertex 93.9625 6.11493 8
      vertex 93.9625 6.11493 8.8
    endloop
  endfacet
  facet normal 0.998549 0.0538509 0
    outer loop
      vertex 93.9625 6.11493 8
      vertex 93.973 5.92023 8.8
      vertex 93.973 5.92023 8
    endloop
  endfacet
  facet normal 1 -0 0
    outer loop
      vertex 93.9625 6.11493 8.8
      vertex 93.9625 8.69492 8
      vertex 93.9625 8.69492 8.8
    endloop
  endfacet
  facet normal 1 0 0
    outer loop
      vertex 93.9625 8.69492 8
      vertex 93.9625 6.11493 8.8
      vertex 93.9625 6.11493 8
    endloop
  endfacet
  facet normal 0 -1 0
    outer loop
      vertex 93.9625 8.69492 8
      vertex 95.9643 8.69492 8.8
      vertex 93.9625 8.69492 8.8
    endloop
  endfacet
  facet normal 0 -1 -0
    outer loop
      vertex 95.9643 8.69492 8.8
      vertex 93.9625 8.69492 8
      vertex 95.9643 8.69492 8
    endloop
  endfacet
  facet normal 1 -0 0
    outer loop
      vertex 95.9643 8.69492 8.8
      vertex 95.9643 10.0824 8
      vertex 95.9643 10.0824 8.8
    endloop
  endfacet
  facet normal 1 0 0
    outer loop
      vertex 95.9643 10.0824 8
      vertex 95.9643 8.69492 8.8
      vertex 95.9643 8.69492 8
    endloop
  endfacet
  facet normal 0 1 -0
    outer loop
      vertex 95.9643 10.0824 8
      vertex 93.9625 10.0824 8.8
      vertex 95.9643 10.0824 8.8
    endloop
  endfacet
  facet normal 0 1 0
    outer loop
      vertex 93.9625 10.0824 8.8
      vertex 95.9643 10.0824 8
      vertex 93.9625 10.0824 8
    endloop
  endfacet
  facet normal 1 -0 0
    outer loop
      vertex 93.9625 10.0824 8.8
      vertex 93.9625 11.8079 8
      vertex 93.9625 11.8079 8.8
    endloop
  endfacet
  facet normal 1 0 0
    outer loop
      vertex 93.9625 11.8079 8
      vertex 93.9625 10.0824 8.8
      vertex 93.9625 10.0824 8
    endloop
  endfacet
  facet normal 0 1 -0
    outer loop
      vertex 93.9625 11.8079 8
      vertex 92.0204 11.8079 8.8
      vertex 93.9625 11.8079 8.8
    endloop
  endfacet
  facet normal 0 1 0
    outer loop
      vertex 92.0204 11.8079 8.8
      vertex 93.9625 11.8079 8
      vertex 92.0204 11.8079 8
    endloop
  endfacet
  facet normal -1 0 0
    outer loop
      vertex 92.0204 10.0824 8
      vertex 92.0204 11.8079 8.8
      vertex 92.0204 11.8079 8
    endloop
  endfacet
  facet normal -1 -0 0
    outer loop
      vertex 92.0204 11.8079 8.8
      vertex 92.0204 10.0824 8
      vertex 92.0204 10.0824 8.8
    endloop
  endfacet
  facet normal 0 1 -0
    outer loop
      vertex 92.0204 10.0824 8
      vertex 91.0547 10.0824 8.8
      vertex 92.0204 10.0824 8.8
    endloop
  endfacet
  facet normal 0 1 0
    outer loop
      vertex 91.0547 10.0824 8.8
      vertex 92.0204 10.0824 8
      vertex 91.0547 10.0824 8
    endloop
  endfacet
  facet normal -1 0 0
    outer loop
      vertex 91.0547 8.69492 8
      vertex 91.0547 10.0824 8.8
      vertex 91.0547 10.0824 8
    endloop
  endfacet
  facet normal -1 -0 0
    outer loop
      vertex 91.0547 10.0824 8.8
      vertex 91.0547 8.69492 8
      vertex 91.0547 8.69492 8.8
    endloop
  endfacet
  facet normal 0 -1 0
    outer loop
      vertex 91.0547 8.69492 8
      vertex 92.0204 8.69492 8.8
      vertex 91.0547 8.69492 8.8
    endloop
  endfacet
  facet normal 0 -1 -0
    outer loop
      vertex 92.0204 8.69492 8.8
      vertex 91.0547 8.69492 8
      vertex 92.0204 8.69492 8
    endloop
  endfacet
  facet normal -1 0 0
    outer loop
      vertex 92.0204 6.11493 8
      vertex 92.0204 8.69492 8.8
      vertex 92.0204 8.69492 8
    endloop
  endfacet
  facet normal -1 -0 0
    outer loop
      vertex 92.0204 8.69492 8.8
      vertex 92.0204 6.11493 8
      vertex 92.0204 6.11493 8.8
    endloop
  endfacet
  facet normal -0.99842 -0.0561889 0
    outer loop
      vertex 92.0504 5.58186 8
      vertex 92.0204 6.11493 8.8
      vertex 92.0204 6.11493 8
    endloop
  endfacet
  facet normal -0.99842 -0.0561889 0
    outer loop
      vertex 92.0204 6.11493 8.8
      vertex 92.0504 5.58186 8
      vertex 92.0504 5.58186 8.8
    endloop
  endfacet
  facet normal -0.980525 -0.196393 0
    outer loop
      vertex 92.1404 5.13252 8
      vertex 92.0504 5.58186 8.8
      vertex 92.0504 5.58186 8
    endloop
  endfacet
  facet normal -0.980525 -0.196393 0
    outer loop
      vertex 92.0504 5.58186 8.8
      vertex 92.1404 5.13252 8
      vertex 92.1404 5.13252 8.8
    endloop
  endfacet
  facet normal -0.925074 -0.379786 0
    outer loop
      vertex 92.2905 4.76691 8
      vertex 92.1404 5.13252 8.8
      vertex 92.1404 5.13252 8
    endloop
  endfacet
  facet normal -0.925074 -0.379786 0
    outer loop
      vertex 92.1404 5.13252 8.8
      vertex 92.2905 4.76691 8
      vertex 92.2905 4.76691 8.8
    endloop
  endfacet
  facet normal -0.801952 -0.597389 0
    outer loop
      vertex 92.5005 4.485 8
      vertex 92.2905 4.76691 8.8
      vertex 92.2905 4.76691 8
    endloop
  endfacet
  facet normal -0.801952 -0.597389 0
    outer loop
      vertex 92.2905 4.76691 8.8
      vertex 92.5005 4.485 8
      vertex 92.5005 4.485 8.8
    endloop
  endfacet
  facet normal -0.597384 -0.801955 0
    outer loop
      vertex 92.5005 4.485 8
      vertex 92.7824 4.27501 8.8
      vertex 92.5005 4.485 8.8
    endloop
  endfacet
  facet normal -0.597384 -0.801955 -0
    outer loop
      vertex 92.7824 4.27501 8.8
      vertex 92.5005 4.485 8
      vertex 92.7824 4.27501 8
    endloop
  endfacet
  facet normal -0.379511 -0.925187 0
    outer loop
      vertex 92.7824 4.27501 8
      vertex 93.1481 4.125 8.8
      vertex 92.7824 4.27501 8.8
    endloop
  endfacet
  facet normal -0.379511 -0.925187 -0
    outer loop
      vertex 93.1481 4.125 8.8
      vertex 92.7824 4.27501 8
      vertex 93.1481 4.125 8
    endloop
  endfacet
  facet normal -0.196326 -0.980539 0
    outer loop
      vertex 93.1481 4.125 8
      vertex 93.5976 4.035 8.8
      vertex 93.1481 4.125 8.8
    endloop
  endfacet
  facet normal -0.196326 -0.980539 -0
    outer loop
      vertex 93.5976 4.035 8.8
      vertex 93.1481 4.125 8
      vertex 93.5976 4.035 8
    endloop
  endfacet
  facet normal -0.0561857 -0.99842 0
    outer loop
      vertex 93.5976 4.035 8
      vertex 94.1307 4.005 8.8
      vertex 93.5976 4.035 8.8
    endloop
  endfacet
  facet normal -0.0561857 -0.99842 -0
    outer loop
      vertex 94.1307 4.005 8.8
      vertex 93.5976 4.035 8
      vertex 94.1307 4.005 8
    endloop
  endfacet
  facet normal 0 -1 0
    outer loop
      vertex 94.1307 4.005 8
      vertex 95.7962 4.005 8.8
      vertex 94.1307 4.005 8.8
    endloop
  endfacet
  facet normal 0 -1 -0
    outer loop
      vertex 95.7962 4.005 8.8
      vertex 94.1307 4.005 8
      vertex 95.7962 4.005 8
    endloop
  endfacet
  facet normal 1 -0 0
    outer loop
      vertex 95.7962 4.005 8.8
      vertex 95.7962 5.39253 8
      vertex 95.7962 5.39253 8.8
    endloop
  endfacet
  facet normal 1 0 0
    outer loop
      vertex 95.7962 5.39253 8
      vertex 95.7962 4.005 8.8
      vertex 95.7962 4.005 8
    endloop
  endfacet
  facet normal 0.0724256 -0.997374 0
    outer loop
      vertex 120.835 3.85461 8
      vertex 121.179 3.87959 8.8
      vertex 120.835 3.85461 8.8
    endloop
  endfacet
  facet normal 0.0724256 -0.997374 0
    outer loop
      vertex 121.179 3.87959 8.8
      vertex 120.835 3.85461 8
      vertex 121.179 3.87959 8
    endloop
  endfacet
  facet normal 0.119798 -0.992798 0
    outer loop
      vertex 121.179 3.87959 8
      vertex 121.524 3.92122 8.8
      vertex 121.179 3.87959 8.8
    endloop
  endfacet
  facet normal 0.119798 -0.992798 0
    outer loop
      vertex 121.524 3.92122 8.8
      vertex 121.179 3.87959 8
      vertex 121.524 3.92122 8
    endloop
  endfacet
  facet normal 0.16701 -0.985955 0
    outer loop
      vertex 121.524 3.92122 8
      vertex 121.868 3.97949 8.8
      vertex 121.524 3.92122 8.8
    endloop
  endfacet
  facet normal 0.16701 -0.985955 0
    outer loop
      vertex 121.868 3.97949 8.8
      vertex 121.524 3.92122 8
      vertex 121.868 3.97949 8
    endloop
  endfacet
  facet normal 0.21132 -0.977417 0
    outer loop
      vertex 121.868 3.97949 8
      vertex 122.213 4.05408 8.8
      vertex 121.868 3.97949 8.8
    endloop
  endfacet
  facet normal 0.21132 -0.977417 0
    outer loop
      vertex 122.213 4.05408 8.8
      vertex 121.868 3.97949 8
      vertex 122.213 4.05408 8
    endloop
  endfacet
  facet normal 0.254529 -0.967065 0
    outer loop
      vertex 122.213 4.05408 8
      vertex 122.557 4.14462 8.8
      vertex 122.213 4.05408 8.8
    endloop
  endfacet
  facet normal 0.254529 -0.967065 0
    outer loop
      vertex 122.557 4.14462 8.8
      vertex 122.213 4.05408 8
      vertex 122.557 4.14462 8
    endloop
  endfacet
  facet normal 0.295063 -0.955478 0
    outer loop
      vertex 122.557 4.14462 8
      vertex 122.902 4.25116 8.8
      vertex 122.557 4.14462 8.8
    endloop
  endfacet
  facet normal 0.295063 -0.955478 0
    outer loop
      vertex 122.902 4.25116 8.8
      vertex 122.557 4.14462 8
      vertex 122.902 4.25116 8
    endloop
  endfacet
  facet normal 0.33542 -0.942069 0
    outer loop
      vertex 122.902 4.25116 8
      vertex 123.246 4.37364 8.8
      vertex 122.902 4.25116 8.8
    endloop
  endfacet
  facet normal 0.33542 -0.942069 0
    outer loop
      vertex 123.246 4.37364 8.8
      vertex 122.902 4.25116 8
      vertex 123.246 4.37364 8
    endloop
  endfacet
  facet normal 1 -0 0
    outer loop
      vertex 123.246 4.37364 8.8
      vertex 123.246 5.86868 8
      vertex 123.246 5.86868 8.8
    endloop
  endfacet
  facet normal 1 0 0
    outer loop
      vertex 123.246 5.86868 8
      vertex 123.246 4.37364 8.8
      vertex 123.246 4.37364 8
    endloop
  endfacet
  facet normal -0.457139 0.889395 0
    outer loop
      vertex 123.246 5.86868 8
      vertex 122.91 5.69598 8.8
      vertex 123.246 5.86868 8.8
    endloop
  endfacet
  facet normal -0.457139 0.889395 0
    outer loop
      vertex 122.91 5.69598 8.8
      vertex 123.246 5.86868 8
      vertex 122.91 5.69598 8
    endloop
  endfacet
  facet normal -0.409157 0.912464 0
    outer loop
      vertex 122.91 5.69598 8
      vertex 122.577 5.54666 8.8
      vertex 122.91 5.69598 8.8
    endloop
  endfacet
  facet normal -0.409157 0.912464 0
    outer loop
      vertex 122.577 5.54666 8.8
      vertex 122.91 5.69598 8
      vertex 122.577 5.54666 8
    endloop
  endfacet
  facet normal -0.358374 0.933578 0
    outer loop
      vertex 122.577 5.54666 8
      vertex 122.249 5.42075 8.8
      vertex 122.577 5.54666 8.8
    endloop
  endfacet
  facet normal -0.358374 0.933578 0
    outer loop
      vertex 122.249 5.42075 8.8
      vertex 122.577 5.54666 8
      vertex 122.249 5.42075 8
    endloop
  endfacet
  facet normal -0.301731 0.953393 0
    outer loop
      vertex 122.249 5.42075 8
      vertex 121.925 5.31821 8.8
      vertex 122.249 5.42075 8.8
    endloop
  endfacet
  facet normal -0.301731 0.953393 0
    outer loop
      vertex 121.925 5.31821 8.8
      vertex 122.249 5.42075 8
      vertex 121.925 5.31821 8
    endloop
  endfacet
  facet normal -0.241791 0.970328 0
    outer loop
      vertex 121.925 5.31821 8
      vertex 121.606 5.23872 8.8
      vertex 121.925 5.31821 8.8
    endloop
  endfacet
  facet normal -0.241791 0.970328 0
    outer loop
      vertex 121.606 5.23872 8.8
      vertex 121.925 5.31821 8
      vertex 121.606 5.23872 8
    endloop
  endfacet
  facet normal -0.176821 0.984243 0
    outer loop
      vertex 121.606 5.23872 8
      vertex 121.29 5.18195 8.8
      vertex 121.606 5.23872 8.8
    endloop
  endfacet
  facet normal -0.176821 0.984243 0
    outer loop
      vertex 121.29 5.18195 8.8
      vertex 121.606 5.23872 8
      vertex 121.29 5.18195 8
    endloop
  endfacet
  facet normal -0.108522 0.994094 0
    outer loop
      vertex 121.29 5.18195 8
      vertex 120.978 5.14789 8.8
      vertex 121.29 5.18195 8.8
    endloop
  endfacet
  facet normal -0.108522 0.994094 0
    outer loop
      vertex 120.978 5.14789 8.8
      vertex 121.29 5.18195 8
      vertex 120.978 5.14789 8
    endloop
  endfacet
  facet normal -0.0367712 0.999324 0
    outer loop
      vertex 120.978 5.14789 8
      vertex 120.669 5.13652 8.8
      vertex 120.978 5.14789 8.8
    endloop
  endfacet
  facet normal -0.0367712 0.999324 0
    outer loop
      vertex 120.669 5.13652 8.8
      vertex 120.978 5.14789 8
      vertex 120.669 5.13652 8
    endloop
  endfacet
  facet normal 0.0595589 0.998225 -0
    outer loop
      vertex 120.669 5.13652 8
      vertex 120.311 5.15788 8.8
      vertex 120.669 5.13652 8.8
    endloop
  endfacet
  facet normal 0.0595589 0.998225 0
    outer loop
      vertex 120.311 5.15788 8.8
      vertex 120.669 5.13652 8
      vertex 120.311 5.15788 8
    endloop
  endfacet
  facet normal 0.198167 0.980168 -0
    outer loop
      vertex 120.311 5.15788 8
      vertex 119.994 5.22197 8.8
      vertex 120.311 5.15788 8.8
    endloop
  endfacet
  facet normal 0.198167 0.980168 0
    outer loop
      vertex 119.994 5.22197 8.8
      vertex 120.311 5.15788 8
      vertex 119.994 5.22197 8
    endloop
  endfacet
  facet normal 0.362021 0.93217 -0
    outer loop
      vertex 119.994 5.22197 8
      vertex 119.719 5.32877 8.8
      vertex 119.994 5.22197 8.8
    endloop
  endfacet
  facet normal 0.362021 0.93217 0
    outer loop
      vertex 119.719 5.32877 8.8
      vertex 119.994 5.22197 8
      vertex 119.719 5.32877 8
    endloop
  endfacet
  facet normal 0.541724 0.840556 -0
    outer loop
      vertex 119.719 5.32877 8
      vertex 119.487 5.47829 8.8
      vertex 119.719 5.32877 8.8
    endloop
  endfacet
  facet normal 0.541724 0.840556 0
    outer loop
      vertex 119.487 5.47829 8.8
      vertex 119.719 5.32877 8
      vertex 119.487 5.47829 8
    endloop
  endfacet
  facet normal 0.711238 0.702951 0
    outer loop
      vertex 119.487 5.47829 8.8
      vertex 119.297 5.67053 8
      vertex 119.297 5.67053 8.8
    endloop
  endfacet
  facet normal 0.711238 0.702951 0
    outer loop
      vertex 119.297 5.67053 8
      vertex 119.487 5.47829 8.8
      vertex 119.487 5.47829 8
    endloop
  endfacet
  facet normal 0.850996 0.525172 0
    outer loop
      vertex 119.297 5.67053 8.8
      vertex 119.152 5.90549 8
      vertex 119.152 5.90549 8.8
    endloop
  endfacet
  facet normal 0.850996 0.525172 0
    outer loop
      vertex 119.152 5.90549 8
      vertex 119.297 5.67053 8.8
      vertex 119.297 5.67053 8
    endloop
  endfacet
  facet normal 0.938675 0.344803 0
    outer loop
      vertex 119.152 5.90549 8.8
      vertex 119.05 6.18317 8
      vertex 119.05 6.18317 8.8
    endloop
  endfacet
  facet normal 0.938675 0.344803 0
    outer loop
      vertex 119.05 6.18317 8
      vertex 119.152 5.90549 8.8
      vertex 119.152 5.90549 8
    endloop
  endfacet
  facet normal 0.984541 0.175152 0
    outer loop
      vertex 119.05 6.18317 8.8
      vertex 118.993 6.50357 8
      vertex 118.993 6.50357 8.8
    endloop
  endfacet
  facet normal 0.984541 0.175152 0
    outer loop
      vertex 118.993 6.50357 8
      vertex 119.05 6.18317 8.8
      vertex 119.05 6.18317 8
    endloop
  endfacet
  facet normal 0 -1 0
    outer loop
      vertex 118.993 6.50357 8
      vertex 123.534 6.50357 8.8
      vertex 118.993 6.50357 8.8
    endloop
  endfacet
  facet normal 0 -1 -0
    outer loop
      vertex 123.534 6.50357 8.8
      vertex 118.993 6.50357 8
      vertex 123.534 6.50357 8
    endloop
  endfacet
  facet normal 1 -0 0
    outer loop
      vertex 123.534 6.50357 8.8
      vertex 123.534 7.05652 8
      vertex 123.534 7.05652 8.8
    endloop
  endfacet
  facet normal 1 0 0
    outer loop
      vertex 123.534 7.05652 8
      vertex 123.534 6.50357 8.8
      vertex 123.534 6.50357 8
    endloop
  endfacet
  facet normal 0.996911 0.0785347 0
    outer loop
      vertex 123.534 7.05652 8.8
      vertex 123.48 7.74199 8
      vertex 123.48 7.74199 8.8
    endloop
  endfacet
  facet normal 0.996911 0.0785347 0
    outer loop
      vertex 123.48 7.74199 8
      vertex 123.534 7.05652 8.8
      vertex 123.534 7.05652 8
    endloop
  endfacet
  facet normal 0.967185 0.254074 0
    outer loop
      vertex 123.48 7.74199 8.8
      vertex 123.319 8.35487 8
      vertex 123.319 8.35487 8.8
    endloop
  endfacet
  facet normal 0.967185 0.254074 0
    outer loop
      vertex 123.319 8.35487 8
      vertex 123.48 7.74199 8.8
      vertex 123.48 7.74199 8
    endloop
  endfacet
  facet normal 0.895195 0.445675 0
    outer loop
      vertex 123.319 8.35487 8.8
      vertex 123.05 8.89519 8
      vertex 123.05 8.89519 8.8
    endloop
  endfacet
  facet normal 0.895195 0.445675 0
    outer loop
      vertex 123.05 8.89519 8
      vertex 123.319 8.35487 8.8
      vertex 123.319 8.35487 8
    endloop
  endfacet
  facet normal 0.779391 0.626538 0
    outer loop
      vertex 123.05 8.89519 8.8
      vertex 122.674 9.36292 8
      vertex 122.674 9.36292 8.8
    endloop
  endfacet
  facet normal 0.779391 0.626538 0
    outer loop
      vertex 122.674 9.36292 8
      vertex 123.05 8.89519 8.8
      vertex 123.05 8.89519 8
    endloop
  endfacet
  facet normal 0.629462 0.777031 -0
    outer loop
      vertex 122.674 9.36292 8
      vertex 122.208 9.74042 8.8
      vertex 122.674 9.36292 8.8
    endloop
  endfacet
  facet normal 0.629462 0.777031 0
    outer loop
      vertex 122.208 9.74042 8.8
      vertex 122.674 9.36292 8
      vertex 122.208 9.74042 8
    endloop
  endfacet
  facet normal 0.448784 0.89364 -0
    outer loop
      vertex 122.208 9.74042 8
      vertex 121.671 10.0101 8.8
      vertex 122.208 9.74042 8.8
    endloop
  endfacet
  facet normal 0.448784 0.89364 0
    outer loop
      vertex 121.671 10.0101 8.8
      vertex 122.208 9.74042 8
      vertex 121.671 10.0101 8
    endloop
  endfacet
  facet normal 0.256774 0.966472 -0
    outer loop
      vertex 121.671 10.0101 8
      vertex 121.062 10.1719 8.8
      vertex 121.671 10.0101 8.8
    endloop
  endfacet
  facet normal 0.256774 0.966472 0
    outer loop
      vertex 121.062 10.1719 8.8
      vertex 121.671 10.0101 8
      vertex 121.062 10.1719 8
    endloop
  endfacet
  facet normal 0.0790169 0.996873 -0
    outer loop
      vertex 121.062 10.1719 8
      vertex 120.382 10.2258 8.8
      vertex 121.062 10.1719 8.8
    endloop
  endfacet
  facet normal 0.0790169 0.996873 0
    outer loop
      vertex 120.382 10.2258 8.8
      vertex 121.062 10.1719 8
      vertex 120.382 10.2258 8
    endloop
  endfacet
  facet normal -0.0713233 0.997453 0
    outer loop
      vertex 120.382 10.2258 8
      vertex 119.638 10.1726 8.8
      vertex 120.382 10.2258 8.8
    endloop
  endfacet
  facet normal -0.0713233 0.997453 0
    outer loop
      vertex 119.638 10.1726 8.8
      vertex 120.382 10.2258 8
      vertex 119.638 10.1726 8
    endloop
  endfacet
  facet normal -0.235183 0.971951 0
    outer loop
      vertex 119.638 10.1726 8
      vertex 118.978 10.0129 8.8
      vertex 119.638 10.1726 8.8
    endloop
  endfacet
  facet normal -0.235183 0.971951 0
    outer loop
      vertex 118.978 10.0129 8.8
      vertex 119.638 10.1726 8
      vertex 118.978 10.0129 8
    endloop
  endfacet
  facet normal -0.419492 0.907759 0
    outer loop
      vertex 118.978 10.0129 8
      vertex 118.402 9.74672 8.8
      vertex 118.978 10.0129 8.8
    endloop
  endfacet
  facet normal -0.419492 0.907759 0
    outer loop
      vertex 118.402 9.74672 8.8
      vertex 118.978 10.0129 8
      vertex 118.402 9.74672 8
    endloop
  endfacet
  facet normal -0.604518 0.796592 0
    outer loop
      vertex 118.402 9.74672 8
      vertex 117.911 9.37411 8.8
      vertex 118.402 9.74672 8.8
    endloop
  endfacet
  facet normal -0.604518 0.796592 0
    outer loop
      vertex 117.911 9.37411 8.8
      vertex 118.402 9.74672 8
      vertex 117.911 9.37411 8
    endloop
  endfacet
  facet normal -0.764109 0.645088 0
    outer loop
      vertex 117.518 8.9086 8
      vertex 117.911 9.37411 8.8
      vertex 117.911 9.37411 8
    endloop
  endfacet
  facet normal -0.764109 0.645088 0
    outer loop
      vertex 117.911 9.37411 8.8
      vertex 117.518 8.9086 8
      vertex 117.518 8.9086 8.8
    endloop
  endfacet
  facet normal -0.889426 0.457079 0
    outer loop
      vertex 117.238 8.36375 8
      vertex 117.518 8.9086 8.8
      vertex 117.518 8.9086 8
    endloop
  endfacet
  facet normal -0.889426 0.457079 0
    outer loop
      vertex 117.518 8.9086 8.8
      vertex 117.238 8.36375 8
      vertex 117.238 8.36375 8.8
    endloop
  endfacet
  facet normal -0.965246 0.261341 0
    outer loop
      vertex 117.069 7.73956 8
      vertex 117.238 8.36375 8.8
      vertex 117.238 8.36375 8
    endloop
  endfacet
  facet normal -0.965246 0.261341 0
    outer loop
      vertex 117.238 8.36375 8.8
      vertex 117.069 7.73956 8
      vertex 117.069 7.73956 8.8
    endloop
  endfacet
  facet normal -0.996847 0.0793476 0
    outer loop
      vertex 117.013 7.03603 8
      vertex 117.069 7.73956 8.8
      vertex 117.069 7.73956 8
    endloop
  endfacet
  facet normal -0.996847 0.0793476 0
    outer loop
      vertex 117.069 7.73956 8.8
      vertex 117.013 7.03603 8
      vertex 117.013 7.03603 8.8
    endloop
  endfacet
  facet normal -0.996833 -0.0795201 0
    outer loop
      vertex 117.07 6.3215 8
      vertex 117.013 7.03603 8.8
      vertex 117.013 7.03603 8
    endloop
  endfacet
  facet normal -0.996833 -0.0795201 0
    outer loop
      vertex 117.013 7.03603 8.8
      vertex 117.07 6.3215 8
      vertex 117.07 6.3215 8.8
    endloop
  endfacet
  facet normal -0.964708 -0.263322 0
    outer loop
      vertex 117.242 5.69136 8
      vertex 117.07 6.3215 8.8
      vertex 117.07 6.3215 8
    endloop
  endfacet
  facet normal -0.964708 -0.263322 0
    outer loop
      vertex 117.07 6.3215 8.8
      vertex 117.242 5.69136 8
      vertex 117.242 5.69136 8.8
    endloop
  endfacet
  facet normal -0.886394 -0.462932 0
    outer loop
      vertex 117.527 5.14566 8
      vertex 117.242 5.69136 8.8
      vertex 117.242 5.69136 8
    endloop
  endfacet
  facet normal -0.886394 -0.462932 0
    outer loop
      vertex 117.242 5.69136 8.8
      vertex 117.527 5.14566 8
      vertex 117.527 5.14566 8.8
    endloop
  endfacet
  facet normal -0.755515 -0.655132 0
    outer loop
      vertex 117.927 4.68437 8
      vertex 117.527 5.14566 8.8
      vertex 117.527 5.14566 8
    endloop
  endfacet
  facet normal -0.755515 -0.655132 0
    outer loop
      vertex 117.527 5.14566 8.8
      vertex 117.927 4.68437 8
      vertex 117.927 4.68437 8.8
    endloop
  endfacet
  facet normal -0.589066 -0.808085 0
    outer loop
      vertex 117.927 4.68437 8
      vertex 118.43 4.3177 8.8
      vertex 117.927 4.68437 8.8
    endloop
  endfacet
  facet normal -0.589066 -0.808085 -0
    outer loop
      vertex 118.43 4.3177 8.8
      vertex 117.927 4.68437 8
      vertex 118.43 4.3177 8
    endloop
  endfacet
  facet normal -0.402867 -0.915258 0
    outer loop
      vertex 118.43 4.3177 8
      vertex 119.025 4.0558 8.8
      vertex 118.43 4.3177 8.8
    endloop
  endfacet
  facet normal -0.402867 -0.915258 -0
    outer loop
      vertex 119.025 4.0558 8.8
      vertex 118.43 4.3177 8
      vertex 119.025 4.0558 8
    endloop
  endfacet
  facet normal -0.222962 -0.974827 0
    outer loop
      vertex 119.025 4.0558 8
      vertex 119.712 3.89867 8.8
      vertex 119.025 4.0558 8.8
    endloop
  endfacet
  facet normal -0.222962 -0.974827 -0
    outer loop
      vertex 119.712 3.89867 8.8
      vertex 119.025 4.0558 8
      vertex 119.712 3.89867 8
    endloop
  endfacet
  facet normal -0.0671872 -0.99774 0
    outer loop
      vertex 119.712 3.89867 8
      vertex 120.49 3.84628 8.8
      vertex 119.712 3.89867 8.8
    endloop
  endfacet
  facet normal -0.0671872 -0.99774 -0
    outer loop
      vertex 120.49 3.84628 8.8
      vertex 119.712 3.89867 8
      vertex 120.49 3.84628 8
    endloop
  endfacet
  facet normal 0.0241379 -0.999709 0
    outer loop
      vertex 120.49 3.84628 8
      vertex 120.835 3.85461 8.8
      vertex 120.49 3.84628 8.8
    endloop
  endfacet
  facet normal 0.0241379 -0.999709 0
    outer loop
      vertex 120.835 3.85461 8.8
      vertex 120.49 3.84628 8
      vertex 120.835 3.85461 8
    endloop
  endfacet
  facet normal 0.978025 -0.20849 0
    outer loop
      vertex 119.015 7.70163 8.8
      vertex 119.075 7.98309 8
      vertex 119.075 7.98309 8.8
    endloop
  endfacet
  facet normal 0.978025 -0.20849 0
    outer loop
      vertex 119.075 7.98309 8
      vertex 119.015 7.70163 8.8
      vertex 119.015 7.70163 8
    endloop
  endfacet
  facet normal 0.935616 -0.35302 0
    outer loop
      vertex 119.075 7.98309 8.8
      vertex 119.168 8.22957 8
      vertex 119.168 8.22957 8.8
    endloop
  endfacet
  facet normal 0.935616 -0.35302 0
    outer loop
      vertex 119.168 8.22957 8
      vertex 119.075 7.98309 8.8
      vertex 119.075 7.98309 8
    endloop
  endfacet
  facet normal 0.857303 -0.514812 0
    outer loop
      vertex 119.168 8.22957 8.8
      vertex 119.295 8.44106 8
      vertex 119.295 8.44106 8.8
    endloop
  endfacet
  facet normal 0.857303 -0.514812 0
    outer loop
      vertex 119.295 8.44106 8
      vertex 119.168 8.22957 8.8
      vertex 119.168 8.22957 8
    endloop
  endfacet
  facet normal 0.742961 -0.669334 0
    outer loop
      vertex 119.295 8.44106 8.8
      vertex 119.454 8.61755 8
      vertex 119.454 8.61755 8.8
    endloop
  endfacet
  facet normal 0.742961 -0.669334 0
    outer loop
      vertex 119.454 8.61755 8
      vertex 119.295 8.44106 8.8
      vertex 119.295 8.44106 8
    endloop
  endfacet
  facet normal 0.590802 -0.806817 0
    outer loop
      vertex 119.454 8.61755 8
      vertex 119.644 8.75668 8.8
      vertex 119.454 8.61755 8.8
    endloop
  endfacet
  facet normal 0.590802 -0.806817 0
    outer loop
      vertex 119.644 8.75668 8.8
      vertex 119.454 8.61755 8
      vertex 119.644 8.75668 8
    endloop
  endfacet
  facet normal 0.41794 -0.908474 0
    outer loop
      vertex 119.644 8.75668 8
      vertex 119.86 8.85605 8.8
      vertex 119.644 8.75668 8.8
    endloop
  endfacet
  facet normal 0.41794 -0.908474 0
    outer loop
      vertex 119.86 8.85605 8.8
      vertex 119.644 8.75668 8
      vertex 119.86 8.85605 8
    endloop
  endfacet
  facet normal 0.239249 -0.970958 0
    outer loop
      vertex 119.86 8.85605 8
      vertex 120.102 8.91568 8.8
      vertex 119.86 8.85605 8.8
    endloop
  endfacet
  facet normal 0.239249 -0.970958 0
    outer loop
      vertex 120.102 8.91568 8.8
      vertex 119.86 8.85605 8
      vertex 120.102 8.91568 8
    endloop
  endfacet
  facet normal 0.0736655 -0.997283 0
    outer loop
      vertex 120.102 8.91568 8
      vertex 120.371 8.93555 8.8
      vertex 120.102 8.91568 8.8
    endloop
  endfacet
  facet normal 0.0736655 -0.997283 0
    outer loop
      vertex 120.371 8.93555 8.8
      vertex 120.102 8.91568 8
      vertex 120.371 8.93555 8
    endloop
  endfacet
  facet normal -0.0852929 -0.996356 0
    outer loop
      vertex 120.371 8.93555 8
      vertex 120.619 8.91432 8.8
      vertex 120.371 8.93555 8.8
    endloop
  endfacet
  facet normal -0.0852929 -0.996356 -0
    outer loop
      vertex 120.619 8.91432 8.8
      vertex 120.371 8.93555 8
      vertex 120.619 8.91432 8
    endloop
  endfacet
  facet normal -0.274664 -0.96154 0
    outer loop
      vertex 120.619 8.91432 8
      vertex 120.842 8.85062 8.8
      vertex 120.619 8.91432 8.8
    endloop
  endfacet
  facet normal -0.274664 -0.96154 -0
    outer loop
      vertex 120.842 8.85062 8.8
      vertex 120.619 8.91432 8
      vertex 120.842 8.85062 8
    endloop
  endfacet
  facet normal -0.470784 -0.882249 0
    outer loop
      vertex 120.842 8.85062 8
      vertex 121.041 8.74443 8.8
      vertex 120.842 8.85062 8.8
    endloop
  endfacet
  facet normal -0.470784 -0.882249 -0
    outer loop
      vertex 121.041 8.74443 8.8
      vertex 120.842 8.85062 8
      vertex 121.041 8.74443 8
    endloop
  endfacet
  facet normal -0.649524 -0.760341 0
    outer loop
      vertex 121.041 8.74443 8
      vertex 121.215 8.59579 8.8
      vertex 121.041 8.74443 8.8
    endloop
  endfacet
  facet normal -0.649524 -0.760341 -0
    outer loop
      vertex 121.215 8.59579 8.8
      vertex 121.041 8.74443 8
      vertex 121.215 8.59579 8
    endloop
  endfacet
  facet normal -0.792576 -0.609773 0
    outer loop
      vertex 121.356 8.41252 8
      vertex 121.215 8.59579 8.8
      vertex 121.215 8.59579 8
    endloop
  endfacet
  facet normal -0.792576 -0.609773 0
    outer loop
      vertex 121.215 8.59579 8.8
      vertex 121.356 8.41252 8
      vertex 121.356 8.41252 8.8
    endloop
  endfacet
  facet normal -0.901277 -0.433244 0
    outer loop
      vertex 121.457 8.20241 8
      vertex 121.356 8.41252 8.8
      vertex 121.356 8.41252 8
    endloop
  endfacet
  facet normal -0.901277 -0.433244 0
    outer loop
      vertex 121.356 8.41252 8.8
      vertex 121.457 8.20241 8
      vertex 121.457 8.20241 8.8
    endloop
  endfacet
  facet normal -0.969407 -0.245461 0
    outer loop
      vertex 121.517 7.96545 8
      vertex 121.457 8.20241 8.8
      vertex 121.457 8.20241 8
    endloop
  endfacet
  facet normal -0.969407 -0.245461 0
    outer loop
      vertex 121.457 8.20241 8.8
      vertex 121.517 7.96545 8
      vertex 121.517 7.96545 8.8
    endloop
  endfacet
  facet normal -0.997139 -0.0755924 0
    outer loop
      vertex 121.537 7.70163 8
      vertex 121.517 7.96545 8.8
      vertex 121.517 7.96545 8
    endloop
  endfacet
  facet normal -0.997139 -0.0755924 0
    outer loop
      vertex 121.517 7.96545 8.8
      vertex 121.537 7.70163 8
      vertex 121.537 7.70163 8.8
    endloop
  endfacet
  facet normal 0 1 -0
    outer loop
      vertex 121.537 7.70163 8
      vertex 119.015 7.70163 8.8
      vertex 121.537 7.70163 8.8
    endloop
  endfacet
  facet normal 0 1 0
    outer loop
      vertex 119.015 7.70163 8.8
      vertex 121.537 7.70163 8
      vertex 119.015 7.70163 8
    endloop
  endfacet
  facet normal 0.151115 -0.988516 0
    outer loop
      vertex 104.382 3.86208 8
      vertex 104.692 3.90947 8.8
      vertex 104.382 3.86208 8.8
    endloop
  endfacet
  facet normal 0.151115 -0.988516 0
    outer loop
      vertex 104.692 3.90947 8.8
      vertex 104.382 3.86208 8
      vertex 104.692 3.90947 8
    endloop
  endfacet
  facet normal 0.267931 -0.963438 0
    outer loop
      vertex 104.692 3.90947 8
      vertex 104.976 3.98845 8.8
      vertex 104.692 3.90947 8.8
    endloop
  endfacet
  facet normal 0.267931 -0.963438 0
    outer loop
      vertex 104.976 3.98845 8.8
      vertex 104.692 3.90947 8
      vertex 104.976 3.98845 8
    endloop
  endfacet
  facet normal 0.395179 -0.918604 0
    outer loop
      vertex 104.976 3.98845 8
      vertex 105.233 4.09901 8.8
      vertex 104.976 3.98845 8.8
    endloop
  endfacet
  facet normal 0.395179 -0.918604 0
    outer loop
      vertex 105.233 4.09901 8.8
      vertex 104.976 3.98845 8
      vertex 105.233 4.09901 8
    endloop
  endfacet
  facet normal 0.520838 -0.853656 0
    outer loop
      vertex 105.233 4.09901 8
      vertex 105.471 4.24422 8.8
      vertex 105.233 4.09901 8.8
    endloop
  endfacet
  facet normal 0.520838 -0.853656 0
    outer loop
      vertex 105.471 4.24422 8.8
      vertex 105.233 4.09901 8
      vertex 105.471 4.24422 8
    endloop
  endfacet
  facet normal 0.629152 -0.777283 0
    outer loop
      vertex 105.471 4.24422 8
      vertex 105.697 4.42715 8.8
      vertex 105.471 4.24422 8.8
    endloop
  endfacet
  facet normal 0.629152 -0.777283 0
    outer loop
      vertex 105.697 4.42715 8.8
      vertex 105.471 4.24422 8
      vertex 105.697 4.42715 8
    endloop
  endfacet
  facet normal 0.719437 -0.694557 0
    outer loop
      vertex 105.697 4.42715 8.8
      vertex 105.91 4.64778 8
      vertex 105.91 4.64778 8.8
    endloop
  endfacet
  facet normal 0.719437 -0.694557 0
    outer loop
      vertex 105.91 4.64778 8
      vertex 105.697 4.42715 8.8
      vertex 105.697 4.42715 8
    endloop
  endfacet
  facet normal 0.787782 -0.615955 0
    outer loop
      vertex 105.91 4.64778 8.8
      vertex 106.112 4.90613 8
      vertex 106.112 4.90613 8.8
    endloop
  endfacet
  facet normal 0.787782 -0.615955 0
    outer loop
      vertex 106.112 4.90613 8
      vertex 105.91 4.64778 8.8
      vertex 105.91 4.64778 8
    endloop
  endfacet
  facet normal -1 0 0
    outer loop
      vertex 106.112 4.005 8
      vertex 106.112 4.90613 8.8
      vertex 106.112 4.90613 8
    endloop
  endfacet
  facet normal -1 -0 0
    outer loop
      vertex 106.112 4.90613 8.8
      vertex 106.112 4.005 8
      vertex 106.112 4.005 8.8
    endloop
  endfacet
  facet normal 0 -1 0
    outer loop
      vertex 106.112 4.005 8
      vertex 108.07 4.005 8.8
      vertex 106.112 4.005 8.8
    endloop
  endfacet
  facet normal 0 -1 -0
    outer loop
      vertex 108.07 4.005 8.8
      vertex 106.112 4.005 8
      vertex 108.07 4.005 8
    endloop
  endfacet
  facet normal 1 -0 0
    outer loop
      vertex 108.07 4.005 8.8
      vertex 108.07 7.46732 8
      vertex 108.07 7.46732 8.8
    endloop
  endfacet
  facet normal 1 0 0
    outer loop
      vertex 108.07 7.46732 8
      vertex 108.07 4.005 8.8
      vertex 108.07 4.005 8
    endloop
  endfacet
  facet normal 0.997815 0.0660698 0
    outer loop
      vertex 108.07 7.46732 8.8
      vertex 108.025 8.14693 8
      vertex 108.025 8.14693 8.8
    endloop
  endfacet
  facet normal 0.997815 0.0660698 0
    outer loop
      vertex 108.025 8.14693 8
      vertex 108.07 7.46732 8.8
      vertex 108.07 7.46732 8
    endloop
  endfacet
  facet normal 0.973053 0.230581 0
    outer loop
      vertex 108.025 8.14693 8.8
      vertex 107.888 8.72507 8
      vertex 107.888 8.72507 8.8
    endloop
  endfacet
  facet normal 0.973053 0.230581 0
    outer loop
      vertex 107.888 8.72507 8
      vertex 108.025 8.14693 8.8
      vertex 108.025 8.14693 8
    endloop
  endfacet
  facet normal 0.902114 0.431498 0
    outer loop
      vertex 107.888 8.72507 8.8
      vertex 107.66 9.20174 8
      vertex 107.66 9.20174 8.8
    endloop
  endfacet
  facet normal 0.902114 0.431498 0
    outer loop
      vertex 107.66 9.20174 8
      vertex 107.888 8.72507 8.8
      vertex 107.888 8.72507 8
    endloop
  endfacet
  facet normal 0.761842 0.647763 0
    outer loop
      vertex 107.66 9.20174 8.8
      vertex 107.341 9.57692 8
      vertex 107.341 9.57692 8.8
    endloop
  endfacet
  facet normal 0.761842 0.647763 0
    outer loop
      vertex 107.341 9.57692 8
      vertex 107.66 9.20174 8.8
      vertex 107.66 9.20174 8
    endloop
  endfacet
  facet normal 0.558148 0.829741 -0
    outer loop
      vertex 107.341 9.57692 8
      vertex 106.919 9.86079 8.8
      vertex 107.341 9.57692 8.8
    endloop
  endfacet
  facet normal 0.558148 0.829741 0
    outer loop
      vertex 106.919 9.86079 8.8
      vertex 107.341 9.57692 8
      vertex 106.919 9.86079 8
    endloop
  endfacet
  facet normal 0.353314 0.935505 -0
    outer loop
      vertex 106.919 9.86079 8
      vertex 106.382 10.0636 8.8
      vertex 106.919 9.86079 8.8
    endloop
  endfacet
  facet normal 0.353314 0.935505 0
    outer loop
      vertex 106.382 10.0636 8.8
      vertex 106.919 9.86079 8
      vertex 106.382 10.0636 8
    endloop
  endfacet
  facet normal 0.183887 0.982947 -0
    outer loop
      vertex 106.382 10.0636 8
      vertex 105.732 10.1852 8.8
      vertex 106.382 10.0636 8.8
    endloop
  endfacet
  facet normal 0.183887 0.982947 0
    outer loop
      vertex 105.732 10.1852 8.8
      vertex 106.382 10.0636 8
      vertex 105.732 10.1852 8
    endloop
  endfacet
  facet normal 0.0529973 0.998595 -0
    outer loop
      vertex 105.732 10.1852 8
      vertex 104.967 10.2258 8.8
      vertex 105.732 10.1852 8.8
    endloop
  endfacet
  facet normal 0.0529973 0.998595 0
    outer loop
      vertex 104.967 10.2258 8.8
      vertex 105.732 10.1852 8
      vertex 104.967 10.2258 8
    endloop
  endfacet
  facet normal -0.0156032 0.999878 0
    outer loop
      vertex 104.967 10.2258 8
      vertex 104.653 10.2209 8.8
      vertex 104.967 10.2258 8.8
    endloop
  endfacet
  facet normal -0.0156032 0.999878 0
    outer loop
      vertex 104.653 10.2209 8.8
      vertex 104.967 10.2258 8
      vertex 104.653 10.2209 8
    endloop
  endfacet
  facet normal -0.0462995 0.998928 0
    outer loop
      vertex 104.653 10.2209 8
      vertex 104.338 10.2063 8.8
      vertex 104.653 10.2209 8.8
    endloop
  endfacet
  facet normal -0.0462995 0.998928 0
    outer loop
      vertex 104.338 10.2063 8.8
      vertex 104.653 10.2209 8
      vertex 104.338 10.2063 8
    endloop
  endfacet
  facet normal -0.0775436 0.996989 0
    outer loop
      vertex 104.338 10.2063 8
      vertex 104.023 10.1818 8.8
      vertex 104.338 10.2063 8.8
    endloop
  endfacet
  facet normal -0.0775436 0.996989 0
    outer loop
      vertex 104.023 10.1818 8.8
      vertex 104.338 10.2063 8
      vertex 104.023 10.1818 8
    endloop
  endfacet
  facet normal -0.108277 0.994121 0
    outer loop
      vertex 104.023 10.1818 8
      vertex 103.709 10.1476 8.8
      vertex 104.023 10.1818 8.8
    endloop
  endfacet
  facet normal -0.108277 0.994121 0
    outer loop
      vertex 103.709 10.1476 8.8
      vertex 104.023 10.1818 8
      vertex 103.709 10.1476 8
    endloop
  endfacet
  facet normal -0.137106 0.990556 0
    outer loop
      vertex 103.709 10.1476 8
      vertex 103.394 10.104 8.8
      vertex 103.709 10.1476 8.8
    endloop
  endfacet
  facet normal -0.137106 0.990556 0
    outer loop
      vertex 103.394 10.104 8.8
      vertex 103.709 10.1476 8
      vertex 103.394 10.104 8
    endloop
  endfacet
  facet normal -0.166034 0.98612 0
    outer loop
      vertex 103.394 10.104 8
      vertex 103.081 10.0513 8.8
      vertex 103.394 10.104 8.8
    endloop
  endfacet
  facet normal -0.166034 0.98612 0
    outer loop
      vertex 103.081 10.0513 8.8
      vertex 103.394 10.104 8
      vertex 103.081 10.0513 8
    endloop
  endfacet
  facet normal -0.193735 0.981054 0
    outer loop
      vertex 103.081 10.0513 8
      vertex 102.768 9.98949 8.8
      vertex 103.081 10.0513 8.8
    endloop
  endfacet
  facet normal -0.193735 0.981054 0
    outer loop
      vertex 102.768 9.98949 8.8
      vertex 103.081 10.0513 8
      vertex 102.768 9.98949 8
    endloop
  endfacet
  facet normal -0.220921 0.975292 0
    outer loop
      vertex 102.768 9.98949 8
      vertex 102.455 9.91859 8.8
      vertex 102.768 9.98949 8.8
    endloop
  endfacet
  facet normal -0.220921 0.975292 0
    outer loop
      vertex 102.455 9.91859 8.8
      vertex 102.768 9.98949 8
      vertex 102.455 9.91859 8
    endloop
  endfacet
  facet normal -1 0 0
    outer loop
      vertex 102.455 8.43892 8
      vertex 102.455 9.91859 8.8
      vertex 102.455 9.91859 8
    endloop
  endfacet
  facet normal -1 -0 0
    outer loop
      vertex 102.455 9.91859 8.8
      vertex 102.455 8.43892 8
      vertex 102.455 8.43892 8.8
    endloop
  endfacet
  facet normal 0.442312 -0.896861 0
    outer loop
      vertex 102.455 8.43892 8
      vertex 102.691 8.55531 8.8
      vertex 102.455 8.43892 8.8
    endloop
  endfacet
  facet normal 0.442312 -0.896861 0
    outer loop
      vertex 102.691 8.55531 8.8
      vertex 102.455 8.43892 8
      vertex 102.691 8.55531 8
    endloop
  endfacet
  facet normal 0.380742 -0.924681 0
    outer loop
      vertex 102.691 8.55531 8
      vertex 102.936 8.65619 8.8
      vertex 102.691 8.55531 8.8
    endloop
  endfacet
  facet normal 0.380742 -0.924681 0
    outer loop
      vertex 102.936 8.65619 8.8
      vertex 102.691 8.55531 8
      vertex 102.936 8.65619 8
    endloop
  endfacet
  facet normal 0.318556 -0.947904 0
    outer loop
      vertex 102.936 8.65619 8
      vertex 103.19 8.74155 8.8
      vertex 102.936 8.65619 8.8
    endloop
  endfacet
  facet normal 0.318556 -0.947904 0
    outer loop
      vertex 103.19 8.74155 8.8
      vertex 102.936 8.65619 8
      vertex 103.19 8.74155 8
    endloop
  endfacet
  facet normal 0.255748 -0.966744 0
    outer loop
      vertex 103.19 8.74155 8
      vertex 103.454 8.81139 8.8
      vertex 103.19 8.74155 8.8
    endloop
  endfacet
  facet normal 0.255748 -0.966744 0
    outer loop
      vertex 103.454 8.81139 8.8
      vertex 103.19 8.74155 8
      vertex 103.454 8.81139 8
    endloop
  endfacet
  facet normal 0.194464 -0.98091 0
    outer loop
      vertex 103.454 8.81139 8
      vertex 103.728 8.86571 8.8
      vertex 103.454 8.81139 8.8
    endloop
  endfacet
  facet normal 0.194464 -0.98091 0
    outer loop
      vertex 103.728 8.86571 8.8
      vertex 103.454 8.81139 8
      vertex 103.728 8.86571 8
    endloop
  endfacet
  facet normal 0.135362 -0.990796 0
    outer loop
      vertex 103.728 8.86571 8
      vertex 104.012 8.90451 8.8
      vertex 103.728 8.86571 8.8
    endloop
  endfacet
  facet normal 0.135362 -0.990796 0
    outer loop
      vertex 104.012 8.90451 8.8
      vertex 103.728 8.86571 8
      vertex 104.012 8.90451 8
    endloop
  endfacet
  facet normal 0.07844 -0.996919 0
    outer loop
      vertex 104.012 8.90451 8
      vertex 104.308 8.9278 8.8
      vertex 104.012 8.90451 8.8
    endloop
  endfacet
  facet normal 0.07844 -0.996919 0
    outer loop
      vertex 104.308 8.9278 8.8
      vertex 104.012 8.90451 8
      vertex 104.308 8.9278 8
    endloop
  endfacet
  facet normal 0.0252363 -0.999682 0
    outer loop
      vertex 104.308 8.9278 8
      vertex 104.615 8.93555 8.8
      vertex 104.308 8.9278 8.8
    endloop
  endfacet
  facet normal 0.0252363 -0.999682 0
    outer loop
      vertex 104.615 8.93555 8.8
      vertex 104.308 8.9278 8
      vertex 104.615 8.93555 8
    endloop
  endfacet
  facet normal -0.0373555 -0.999302 0
    outer loop
      vertex 104.615 8.93555 8
      vertex 104.974 8.92213 8.8
      vertex 104.615 8.93555 8.8
    endloop
  endfacet
  facet normal -0.0373555 -0.999302 -0
    outer loop
      vertex 104.974 8.92213 8.8
      vertex 104.615 8.93555 8
      vertex 104.974 8.92213 8
    endloop
  endfacet
  facet normal -0.129105 -0.991631 0
    outer loop
      vertex 104.974 8.92213 8
      vertex 105.283 8.8819 8.8
      vertex 104.974 8.92213 8.8
    endloop
  endfacet
  facet normal -0.129105 -0.991631 -0
    outer loop
      vertex 105.283 8.8819 8.8
      vertex 104.974 8.92213 8
      vertex 105.283 8.8819 8
    endloop
  endfacet
  facet normal -0.251634 -0.967823 0
    outer loop
      vertex 105.283 8.8819 8
      vertex 105.541 8.81482 8.8
      vertex 105.283 8.8819 8.8
    endloop
  endfacet
  facet normal -0.251634 -0.967823 -0
    outer loop
      vertex 105.541 8.81482 8.8
      vertex 105.283 8.8819 8
      vertex 105.541 8.81482 8
    endloop
  endfacet
  facet normal -0.413107 -0.910683 0
    outer loop
      vertex 105.541 8.81482 8
      vertex 105.748 8.72092 8.8
      vertex 105.541 8.81482 8.8
    endloop
  endfacet
  facet normal -0.413107 -0.910683 -0
    outer loop
      vertex 105.748 8.72092 8.8
      vertex 105.541 8.81482 8
      vertex 105.748 8.72092 8
    endloop
  endfacet
  facet normal -0.611187 -0.791486 0
    outer loop
      vertex 105.748 8.72092 8
      vertex 105.907 8.59814 8.8
      vertex 105.748 8.72092 8.8
    endloop
  endfacet
  facet normal -0.611187 -0.791486 -0
    outer loop
      vertex 105.907 8.59814 8.8
      vertex 105.748 8.72092 8
      vertex 105.907 8.59814 8
    endloop
  endfacet
  facet normal -0.803131 -0.595802 0
    outer loop
      vertex 106.021 8.44447 8
      vertex 105.907 8.59814 8.8
      vertex 105.907 8.59814 8
    endloop
  endfacet
  facet normal -0.803131 -0.595802 0
    outer loop
      vertex 105.907 8.59814 8.8
      vertex 106.021 8.44447 8
      vertex 106.021 8.44447 8.8
    endloop
  endfacet
  facet normal -0.938342 -0.345708 0
    outer loop
      vertex 106.089 8.2599 8
      vertex 106.021 8.44447 8.8
      vertex 106.021 8.44447 8
    endloop
  endfacet
  facet normal -0.938342 -0.345708 0
    outer loop
      vertex 106.021 8.44447 8.8
      vertex 106.089 8.2599 8
      vertex 106.089 8.2599 8.8
    endloop
  endfacet
  facet normal -0.994351 -0.10614 0
    outer loop
      vertex 106.112 8.04443 8
      vertex 106.089 8.2599 8.8
      vertex 106.089 8.2599 8
    endloop
  endfacet
  facet normal -0.994351 -0.10614 0
    outer loop
      vertex 106.089 8.2599 8.8
      vertex 106.112 8.04443 8
      vertex 106.112 8.04443 8.8
    endloop
  endfacet
  facet normal -1 0 0
    outer loop
      vertex 106.112 7.89107 8
      vertex 106.112 8.04443 8.8
      vertex 106.112 8.04443 8
    endloop
  endfacet
  facet normal -1 -0 0
    outer loop
      vertex 106.112 8.04443 8.8
      vertex 106.112 7.89107 8
      vertex 106.112 7.89107 8.8
    endloop
  endfacet
  facet normal 0 1 -0
    outer loop
      vertex 106.112 7.89107 8
      vertex 104.967 7.89107 8.8
      vertex 106.112 7.89107 8.8
    endloop
  endfacet
  facet normal 0 1 0
    outer loop
      vertex 104.967 7.89107 8.8
      vertex 106.112 7.89107 8
      vertex 104.967 7.89107 8
    endloop
  endfacet
  facet normal -0.0424413 0.999099 0
    outer loop
      vertex 104.967 7.89107 8
      vertex 104.233 7.85989 8.8
      vertex 104.967 7.89107 8.8
    endloop
  endfacet
  facet normal -0.0424413 0.999099 0
    outer loop
      vertex 104.233 7.85989 8.8
      vertex 104.967 7.89107 8
      vertex 104.233 7.85989 8
    endloop
  endfacet
  facet normal -0.146851 0.989159 0
    outer loop
      vertex 104.233 7.85989 8
      vertex 103.603 7.76636 8.8
      vertex 104.233 7.85989 8.8
    endloop
  endfacet
  facet normal -0.146851 0.989159 0
    outer loop
      vertex 103.603 7.76636 8.8
      vertex 104.233 7.85989 8
      vertex 103.603 7.76636 8
    endloop
  endfacet
  facet normal -0.285166 0.958478 0
    outer loop
      vertex 103.603 7.76636 8
      vertex 103.079 7.61046 8.8
      vertex 103.603 7.76636 8.8
    endloop
  endfacet
  facet normal -0.285166 0.958478 0
    outer loop
      vertex 103.079 7.61046 8.8
      vertex 103.603 7.76636 8
      vertex 103.079 7.61046 8
    endloop
  endfacet
  facet normal -0.46112 0.887338 0
    outer loop
      vertex 103.079 7.61046 8
      vertex 102.659 7.3922 8.8
      vertex 103.079 7.61046 8.8
    endloop
  endfacet
  facet normal -0.46112 0.887338 0
    outer loop
      vertex 102.659 7.3922 8.8
      vertex 103.079 7.61046 8
      vertex 102.659 7.3922 8
    endloop
  endfacet
  facet normal -0.662762 0.748831 0
    outer loop
      vertex 102.659 7.3922 8
      vertex 102.337 7.10721 8.8
      vertex 102.659 7.3922 8.8
    endloop
  endfacet
  facet normal -0.662762 0.748831 0
    outer loop
      vertex 102.337 7.10721 8.8
      vertex 102.659 7.3922 8
      vertex 102.337 7.10721 8
    endloop
  endfacet
  facet normal -0.841115 0.540857 0
    outer loop
      vertex 102.108 6.75108 8
      vertex 102.337 7.10721 8.8
      vertex 102.337 7.10721 8
    endloop
  endfacet
  facet normal -0.841115 0.540857 0
    outer loop
      vertex 102.337 7.10721 8.8
      vertex 102.108 6.75108 8
      vertex 102.108 6.75108 8.8
    endloop
  endfacet
  facet normal -0.951602 0.307335 0
    outer loop
      vertex 101.97 6.32379 8
      vertex 102.108 6.75108 8.8
      vertex 102.108 6.75108 8
    endloop
  endfacet
  facet normal -0.951602 0.307335 0
    outer loop
      vertex 102.108 6.75108 8.8
      vertex 101.97 6.32379 8
      vertex 101.97 6.32379 8.8
    endloop
  endfacet
  facet normal -0.995769 0.0918938 0
    outer loop
      vertex 101.924 5.82533 8
      vertex 101.97 6.32379 8.8
      vertex 101.97 6.32379 8
    endloop
  endfacet
  facet normal -0.995769 0.0918938 0
    outer loop
      vertex 101.97 6.32379 8.8
      vertex 101.924 5.82533 8
      vertex 101.924 5.82533 8.8
    endloop
  endfacet
  facet normal -0.996118 -0.0880257 0
    outer loop
      vertex 101.961 5.40663 8
      vertex 101.924 5.82533 8.8
      vertex 101.924 5.82533 8
    endloop
  endfacet
  facet normal -0.996118 -0.0880257 0
    outer loop
      vertex 101.924 5.82533 8.8
      vertex 101.961 5.40663 8
      vertex 101.961 5.40663 8.8
    endloop
  endfacet
  facet normal -0.960107 -0.279633 0
    outer loop
      vertex 102.071 5.02895 8
      vertex 101.961 5.40663 8.8
      vertex 101.961 5.40663 8
    endloop
  endfacet
  facet normal -0.960107 -0.279633 0
    outer loop
      vertex 101.961 5.40663 8.8
      vertex 102.071 5.02895 8
      vertex 102.071 5.02895 8.8
    endloop
  endfacet
  facet normal -0.877499 -0.479579 0
    outer loop
      vertex 102.255 4.69228 8
      vertex 102.071 5.02895 8.8
      vertex 102.071 5.02895 8
    endloop
  endfacet
  facet normal -0.877499 -0.479579 0
    outer loop
      vertex 102.071 5.02895 8.8
      vertex 102.255 4.69228 8
      vertex 102.255 4.69228 8.8
    endloop
  endfacet
  facet normal -0.754737 -0.656027 0
    outer loop
      vertex 102.512 4.39661 8
      vertex 102.255 4.69228 8.8
      vertex 102.255 4.69228 8
    endloop
  endfacet
  facet normal -0.754737 -0.656027 0
    outer loop
      vertex 102.255 4.69228 8.8
      vertex 102.512 4.39661 8
      vertex 102.512 4.39661 8.8
    endloop
  endfacet
  facet normal -0.604844 -0.796344 0
    outer loop
      vertex 102.512 4.39661 8
      vertex 102.829 4.15584 8.8
      vertex 102.512 4.39661 8.8
    endloop
  endfacet
  facet normal -0.604844 -0.796344 -0
    outer loop
      vertex 102.829 4.15584 8.8
      vertex 102.512 4.39661 8
      vertex 102.829 4.15584 8
    endloop
  endfacet
  facet normal -0.430067 -0.902797 0
    outer loop
      vertex 102.829 4.15584 8
      vertex 103.19 3.98387 8.8
      vertex 102.829 4.15584 8.8
    endloop
  endfacet
  facet normal -0.430067 -0.902797 -0
    outer loop
      vertex 103.19 3.98387 8.8
      vertex 102.829 4.15584 8
      vertex 103.19 3.98387 8
    endloop
  endfacet
  facet normal -0.246902 -0.96904 0
    outer loop
      vertex 103.19 3.98387 8
      vertex 103.595 3.88068 8.8
      vertex 103.19 3.98387 8.8
    endloop
  endfacet
  facet normal -0.246902 -0.96904 -0
    outer loop
      vertex 103.595 3.88068 8.8
      vertex 103.19 3.98387 8
      vertex 103.595 3.88068 8
    endloop
  endfacet
  facet normal -0.0762221 -0.997091 0
    outer loop
      vertex 103.595 3.88068 8
      vertex 104.045 3.84628 8.8
      vertex 103.595 3.88068 8.8
    endloop
  endfacet
  facet normal -0.0762221 -0.997091 -0
    outer loop
      vertex 104.045 3.84628 8.8
      vertex 103.595 3.88068 8
      vertex 104.045 3.84628 8
    endloop
  endfacet
  facet normal 0.0468328 -0.998903 0
    outer loop
      vertex 104.045 3.84628 8
      vertex 104.382 3.86208 8.8
      vertex 104.045 3.84628 8.8
    endloop
  endfacet
  facet normal 0.0468328 -0.998903 0
    outer loop
      vertex 104.382 3.86208 8.8
      vertex 104.045 3.84628 8
      vertex 104.382 3.86208 8
    endloop
  endfacet
  facet normal 0.207808 0.97817 -0
    outer loop
      vertex 104.608 5.14955 8
      vertex 104.424 5.18864 8.8
      vertex 104.608 5.14955 8.8
    endloop
  endfacet
  facet normal 0.207808 0.97817 0
    outer loop
      vertex 104.424 5.18864 8.8
      vertex 104.608 5.14955 8
      vertex 104.424 5.18864 8
    endloop
  endfacet
  facet normal 0.377172 0.926143 -0
    outer loop
      vertex 104.424 5.18864 8
      vertex 104.264 5.2538 8.8
      vertex 104.424 5.18864 8.8
    endloop
  endfacet
  facet normal 0.377172 0.926143 0
    outer loop
      vertex 104.264 5.2538 8.8
      vertex 104.424 5.18864 8
      vertex 104.264 5.2538 8
    endloop
  endfacet
  facet normal 0.559789 0.828635 -0
    outer loop
      vertex 104.264 5.2538 8
      vertex 104.129 5.345 8.8
      vertex 104.264 5.2538 8.8
    endloop
  endfacet
  facet normal 0.559789 0.828635 0
    outer loop
      vertex 104.129 5.345 8.8
      vertex 104.264 5.2538 8
      vertex 104.129 5.345 8
    endloop
  endfacet
  facet normal 0.726644 0.687014 0
    outer loop
      vertex 104.129 5.345 8.8
      vertex 104.021 5.45923 8
      vertex 104.021 5.45923 8.8
    endloop
  endfacet
  facet normal 0.726644 0.687014 0
    outer loop
      vertex 104.021 5.45923 8
      vertex 104.129 5.345 8.8
      vertex 104.129 5.345 8
    endloop
  endfacet
  facet normal 0.867367 0.497669 0
    outer loop
      vertex 104.021 5.45923 8.8
      vertex 103.944 5.59343 8
      vertex 103.944 5.59343 8.8
    endloop
  endfacet
  facet normal 0.867367 0.497669 0
    outer loop
      vertex 103.944 5.59343 8
      vertex 104.021 5.45923 8.8
      vertex 104.021 5.45923 8
    endloop
  endfacet
  facet normal 0.95825 0.285933 0
    outer loop
      vertex 103.944 5.59343 8.8
      vertex 103.898 5.74759 8
      vertex 103.898 5.74759 8.8
    endloop
  endfacet
  facet normal 0.95825 0.285933 0
    outer loop
      vertex 103.898 5.74759 8
      vertex 103.944 5.59343 8.8
      vertex 103.944 5.59343 8
    endloop
  endfacet
  facet normal 0.995805 0.0914999 0
    outer loop
      vertex 103.898 5.74759 8.8
      vertex 103.882 5.92172 8
      vertex 103.882 5.92172 8.8
    endloop
  endfacet
  facet normal 0.995805 0.0914999 0
    outer loop
      vertex 103.882 5.92172 8
      vertex 103.898 5.74759 8.8
      vertex 103.898 5.74759 8
    endloop
  endfacet
  facet normal 0.994942 -0.100451 0
    outer loop
      vertex 103.882 5.92172 8.8
      vertex 103.901 6.10991 8
      vertex 103.901 6.10991 8.8
    endloop
  endfacet
  facet normal 0.994942 -0.100451 0
    outer loop
      vertex 103.901 6.10991 8
      vertex 103.882 5.92172 8.8
      vertex 103.882 5.92172 8
    endloop
  endfacet
  facet normal 0.94265 -0.333783 0
    outer loop
      vertex 103.901 6.10991 8.8
      vertex 103.959 6.27371 8
      vertex 103.959 6.27371 8.8
    endloop
  endfacet
  facet normal 0.94265 -0.333783 0
    outer loop
      vertex 103.959 6.27371 8
      vertex 103.901 6.10991 8.8
      vertex 103.901 6.10991 8
    endloop
  endfacet
  facet normal 0.823669 -0.56707 0
    outer loop
      vertex 103.959 6.27371 8.8
      vertex 104.055 6.41315 8
      vertex 104.055 6.41315 8.8
    endloop
  endfacet
  facet normal 0.823669 -0.56707 0
    outer loop
      vertex 104.055 6.41315 8
      vertex 103.959 6.27371 8.8
      vertex 103.959 6.27371 8
    endloop
  endfacet
  facet normal 0.651453 -0.758689 0
    outer loop
      vertex 104.055 6.41315 8
      vertex 104.189 6.52821 8.8
      vertex 104.055 6.41315 8.8
    endloop
  endfacet
  facet normal 0.651453 -0.758689 0
    outer loop
      vertex 104.189 6.52821 8.8
      vertex 104.055 6.41315 8
      vertex 104.189 6.52821 8
    endloop
  endfacet
  facet normal 0.463703 -0.885991 0
    outer loop
      vertex 104.189 6.52821 8
      vertex 104.361 6.61823 8.8
      vertex 104.189 6.52821 8.8
    endloop
  endfacet
  facet normal 0.463703 -0.885991 0
    outer loop
      vertex 104.361 6.61823 8.8
      vertex 104.189 6.52821 8
      vertex 104.361 6.61823 8
    endloop
  endfacet
  facet normal 0.294054 -0.955789 0
    outer loop
      vertex 104.361 6.61823 8
      vertex 104.57 6.68253 8.8
      vertex 104.361 6.61823 8.8
    endloop
  endfacet
  facet normal 0.294054 -0.955789 0
    outer loop
      vertex 104.57 6.68253 8.8
      vertex 104.361 6.61823 8
      vertex 104.57 6.68253 8
    endloop
  endfacet
  facet normal 0.153755 -0.988109 0
    outer loop
      vertex 104.57 6.68253 8
      vertex 104.818 6.72112 8.8
      vertex 104.57 6.68253 8.8
    endloop
  endfacet
  facet normal 0.153755 -0.988109 0
    outer loop
      vertex 104.818 6.72112 8.8
      vertex 104.57 6.68253 8
      vertex 104.818 6.72112 8
    endloop
  endfacet
  facet normal 0.045007 -0.998987 0
    outer loop
      vertex 104.818 6.72112 8
      vertex 105.103 6.73396 8.8
      vertex 104.818 6.72112 8.8
    endloop
  endfacet
  facet normal 0.045007 -0.998987 0
    outer loop
      vertex 105.103 6.73396 8.8
      vertex 104.818 6.72112 8
      vertex 105.103 6.73396 8
    endloop
  endfacet
  facet normal 0 -1 0
    outer loop
      vertex 105.103 6.73396 8
      vertex 106.112 6.73396 8.8
      vertex 105.103 6.73396 8.8
    endloop
  endfacet
  facet normal 0 -1 -0
    outer loop
      vertex 106.112 6.73396 8.8
      vertex 105.103 6.73396 8
      vertex 106.112 6.73396 8
    endloop
  endfacet
  facet normal -1 0 0
    outer loop
      vertex 106.112 6.51196 8
      vertex 106.112 6.73396 8.8
      vertex 106.112 6.73396 8
    endloop
  endfacet
  facet normal -1 -0 0
    outer loop
      vertex 106.112 6.73396 8.8
      vertex 106.112 6.51196 8
      vertex 106.112 6.51196 8.8
    endloop
  endfacet
  facet normal -0.996417 0.0845735 0
    outer loop
      vertex 106.088 6.2292 8
      vertex 106.112 6.51196 8.8
      vertex 106.112 6.51196 8
    endloop
  endfacet
  facet normal -0.996417 0.0845735 0
    outer loop
      vertex 106.112 6.51196 8.8
      vertex 106.088 6.2292 8
      vertex 106.088 6.2292 8.8
    endloop
  endfacet
  facet normal -0.965126 0.261785 0
    outer loop
      vertex 106.018 5.97113 8
      vertex 106.088 6.2292 8.8
      vertex 106.088 6.2292 8
    endloop
  endfacet
  facet normal -0.965126 0.261785 0
    outer loop
      vertex 106.088 6.2292 8.8
      vertex 106.018 5.97113 8
      vertex 106.018 5.97113 8.8
    endloop
  endfacet
  facet normal -0.893944 0.448179 0
    outer loop
      vertex 105.901 5.73776 8
      vertex 106.018 5.97113 8.8
      vertex 106.018 5.97113 8
    endloop
  endfacet
  facet normal -0.893944 0.448179 0
    outer loop
      vertex 106.018 5.97113 8.8
      vertex 105.901 5.73776 8
      vertex 105.901 5.73776 8.8
    endloop
  endfacet
  facet normal -0.788082 0.615571 0
    outer loop
      vertex 105.738 5.52908 8
      vertex 105.901 5.73776 8.8
      vertex 105.901 5.73776 8
    endloop
  endfacet
  facet normal -0.788082 0.615571 0
    outer loop
      vertex 105.901 5.73776 8.8
      vertex 105.738 5.52908 8
      vertex 105.738 5.52908 8.8
    endloop
  endfacet
  facet normal -0.655214 0.755444 0
    outer loop
      vertex 105.738 5.52908 8
      vertex 105.54 5.35735 8.8
      vertex 105.738 5.52908 8.8
    endloop
  endfacet
  facet normal -0.655214 0.755444 0
    outer loop
      vertex 105.54 5.35735 8.8
      vertex 105.738 5.52908 8
      vertex 105.54 5.35735 8
    endloop
  endfacet
  facet normal -0.487061 0.873368 0
    outer loop
      vertex 105.54 5.35735 8
      vertex 105.32 5.23466 8.8
      vertex 105.54 5.35735 8.8
    endloop
  endfacet
  facet normal -0.487061 0.873368 0
    outer loop
      vertex 105.32 5.23466 8.8
      vertex 105.54 5.35735 8
      vertex 105.32 5.23466 8
    endloop
  endfacet
  facet normal -0.290973 0.956731 0
    outer loop
      vertex 105.32 5.23466 8
      vertex 105.078 5.16106 8.8
      vertex 105.32 5.23466 8.8
    endloop
  endfacet
  facet normal -0.290973 0.956731 0
    outer loop
      vertex 105.078 5.16106 8.8
      vertex 105.32 5.23466 8
      vertex 105.078 5.16106 8
    endloop
  endfacet
  facet normal -0.0929044 0.995675 0
    outer loop
      vertex 105.078 5.16106 8
      vertex 104.815 5.13652 8.8
      vertex 105.078 5.16106 8.8
    endloop
  endfacet
  facet normal -0.0929044 0.995675 0
    outer loop
      vertex 104.815 5.13652 8.8
      vertex 105.078 5.16106 8
      vertex 104.815 5.13652 8
    endloop
  endfacet
  facet normal 0.0628225 0.998025 -0
    outer loop
      vertex 104.815 5.13652 8
      vertex 104.608 5.14955 8.8
      vertex 104.815 5.13652 8.8
    endloop
  endfacet
  facet normal 0.0628225 0.998025 0
    outer loop
      vertex 104.608 5.14955 8.8
      vertex 104.815 5.13652 8
      vertex 104.608 5.14955 8
    endloop
  endfacet
  facet normal 0.0722167 -0.997389 0
    outer loop
      vertex 132.316 3.85461 8
      vertex 132.661 3.87959 8.8
      vertex 132.316 3.85461 8.8
    endloop
  endfacet
  facet normal 0.0722167 -0.997389 0
    outer loop
      vertex 132.661 3.87959 8.8
      vertex 132.316 3.85461 8
      vertex 132.661 3.87959 8
    endloop
  endfacet
  facet normal 0.120141 -0.992757 0
    outer loop
      vertex 132.661 3.87959 8
      vertex 133.005 3.92122 8.8
      vertex 132.661 3.87959 8.8
    endloop
  endfacet
  facet normal 0.120141 -0.992757 0
    outer loop
      vertex 133.005 3.92122 8.8
      vertex 132.661 3.87959 8
      vertex 133.005 3.92122 8
    endloop
  endfacet
  facet normal 0.16654 -0.986035 0
    outer loop
      vertex 133.005 3.92122 8
      vertex 133.35 3.97949 8.8
      vertex 133.005 3.92122 8.8
    endloop
  endfacet
  facet normal 0.16654 -0.986035 0
    outer loop
      vertex 133.35 3.97949 8.8
      vertex 133.005 3.92122 8
      vertex 133.35 3.97949 8
    endloop
  endfacet
  facet normal 0.211907 -0.97729 0
    outer loop
      vertex 133.35 3.97949 8
      vertex 133.694 4.05408 8.8
      vertex 133.35 3.97949 8.8
    endloop
  endfacet
  facet normal 0.211907 -0.97729 0
    outer loop
      vertex 133.694 4.05408 8.8
      vertex 133.35 3.97949 8
      vertex 133.694 4.05408 8
    endloop
  endfacet
  facet normal 0.253839 -0.967246 0
    outer loop
      vertex 133.694 4.05408 8
      vertex 134.039 4.14462 8.8
      vertex 133.694 4.05408 8.8
    endloop
  endfacet
  facet normal 0.253839 -0.967246 0
    outer loop
      vertex 134.039 4.14462 8.8
      vertex 133.694 4.05408 8
      vertex 134.039 4.14462 8
    endloop
  endfacet
  facet normal 0.295845 -0.955236 0
    outer loop
      vertex 134.039 4.14462 8
      vertex 134.383 4.25116 8.8
      vertex 134.039 4.14462 8.8
    endloop
  endfacet
  facet normal 0.295845 -0.955236 0
    outer loop
      vertex 134.383 4.25116 8.8
      vertex 134.039 4.14462 8
      vertex 134.383 4.25116 8
    endloop
  endfacet
  facet normal 0.334557 -0.942376 0
    outer loop
      vertex 134.383 4.25116 8
      vertex 134.728 4.37364 8.8
      vertex 134.383 4.25116 8.8
    endloop
  endfacet
  facet normal 0.334557 -0.942376 0
    outer loop
      vertex 134.728 4.37364 8.8
      vertex 134.383 4.25116 8
      vertex 134.728 4.37364 8
    endloop
  endfacet
  facet normal 1 -0 0
    outer loop
      vertex 134.728 4.37364 8.8
      vertex 134.728 5.86868 8
      vertex 134.728 5.86868 8.8
    endloop
  endfacet
  facet normal 1 0 0
    outer loop
      vertex 134.728 5.86868 8
      vertex 134.728 4.37364 8.8
      vertex 134.728 4.37364 8
    endloop
  endfacet
  facet normal -0.456065 0.889947 0
    outer loop
      vertex 134.728 5.86868 8
      vertex 134.391 5.69598 8.8
      vertex 134.728 5.86868 8.8
    endloop
  endfacet
  facet normal -0.456065 0.889947 0
    outer loop
      vertex 134.391 5.69598 8.8
      vertex 134.728 5.86868 8
      vertex 134.391 5.69598 8
    endloop
  endfacet
  facet normal -0.409157 0.912464 0
    outer loop
      vertex 134.391 5.69598 8
      vertex 134.058 5.54666 8.8
      vertex 134.391 5.69598 8.8
    endloop
  endfacet
  facet normal -0.409157 0.912464 0
    outer loop
      vertex 134.058 5.54666 8.8
      vertex 134.391 5.69598 8
      vertex 134.058 5.54666 8
    endloop
  endfacet
  facet normal -0.358374 0.933578 0
    outer loop
      vertex 134.058 5.54666 8
      vertex 133.73 5.42075 8.8
      vertex 134.058 5.54666 8.8
    endloop
  endfacet
  facet normal -0.358374 0.933578 0
    outer loop
      vertex 133.73 5.42075 8.8
      vertex 134.058 5.54666 8
      vertex 133.73 5.42075 8
    endloop
  endfacet
  facet normal -0.30258 0.953124 0
    outer loop
      vertex 133.73 5.42075 8
      vertex 133.407 5.31821 8.8
      vertex 133.73 5.42075 8.8
    endloop
  endfacet
  facet normal -0.30258 0.953124 0
    outer loop
      vertex 133.407 5.31821 8.8
      vertex 133.73 5.42075 8
      vertex 133.407 5.31821 8
    endloop
  endfacet
  facet normal -0.24108 0.970505 0
    outer loop
      vertex 133.407 5.31821 8
      vertex 133.087 5.23872 8.8
      vertex 133.407 5.31821 8.8
    endloop
  endfacet
  facet normal -0.24108 0.970505 0
    outer loop
      vertex 133.087 5.23872 8.8
      vertex 133.407 5.31821 8
      vertex 133.087 5.23872 8
    endloop
  endfacet
  facet normal -0.176821 0.984243 0
    outer loop
      vertex 133.087 5.23872 8
      vertex 132.771 5.18195 8.8
      vertex 133.087 5.23872 8.8
    endloop
  endfacet
  facet normal -0.176821 0.984243 0
    outer loop
      vertex 132.771 5.18195 8.8
      vertex 133.087 5.23872 8
      vertex 132.771 5.18195 8
    endloop
  endfacet
  facet normal -0.108522 0.994094 0
    outer loop
      vertex 132.771 5.18195 8
      vertex 132.459 5.14789 8.8
      vertex 132.771 5.18195 8.8
    endloop
  endfacet
  facet normal -0.108522 0.994094 0
    outer loop
      vertex 132.459 5.14789 8.8
      vertex 132.771 5.18195 8
      vertex 132.459 5.14789 8
    endloop
  endfacet
  facet normal -0.0368905 0.999319 0
    outer loop
      vertex 132.459 5.14789 8
      vertex 132.151 5.13652 8.8
      vertex 132.459 5.14789 8.8
    endloop
  endfacet
  facet normal -0.0368905 0.999319 0
    outer loop
      vertex 132.151 5.13652 8.8
      vertex 132.459 5.14789 8
      vertex 132.151 5.13652 8
    endloop
  endfacet
  facet normal 0.0593936 0.998235 -0
    outer loop
      vertex 132.151 5.13652 8
      vertex 131.792 5.15788 8.8
      vertex 132.151 5.13652 8.8
    endloop
  endfacet
  facet normal 0.0593936 0.998235 0
    outer loop
      vertex 131.792 5.15788 8.8
      vertex 132.151 5.13652 8
      vertex 131.792 5.15788 8
    endloop
  endfacet
  facet normal 0.198167 0.980168 -0
    outer loop
      vertex 131.792 5.15788 8
      vertex 131.475 5.22197 8.8
      vertex 131.792 5.15788 8.8
    endloop
  endfacet
  facet normal 0.198167 0.980168 0
    outer loop
      vertex 131.475 5.22197 8.8
      vertex 131.792 5.15788 8
      vertex 131.475 5.22197 8
    endloop
  endfacet
  facet normal 0.363168 0.931724 -0
    outer loop
      vertex 131.475 5.22197 8
      vertex 131.201 5.32877 8.8
      vertex 131.475 5.22197 8.8
    endloop
  endfacet
  facet normal 0.363168 0.931724 0
    outer loop
      vertex 131.201 5.32877 8.8
      vertex 131.475 5.22197 8
      vertex 131.201 5.32877 8
    endloop
  endfacet
  facet normal 0.540078 0.841615 -0
    outer loop
      vertex 131.201 5.32877 8
      vertex 130.968 5.47829 8.8
      vertex 131.201 5.32877 8.8
    endloop
  endfacet
  facet normal 0.540078 0.841615 0
    outer loop
      vertex 130.968 5.47829 8.8
      vertex 131.201 5.32877 8
      vertex 130.968 5.47829 8
    endloop
  endfacet
  facet normal 0.71309 0.701072 0
    outer loop
      vertex 130.968 5.47829 8.8
      vertex 130.779 5.67053 8
      vertex 130.779 5.67053 8.8
    endloop
  endfacet
  facet normal 0.71309 0.701072 0
    outer loop
      vertex 130.779 5.67053 8
      vertex 130.968 5.47829 8.8
      vertex 130.968 5.47829 8
    endloop
  endfacet
  facet normal 0.849376 0.527788 0
    outer loop
      vertex 130.779 5.67053 8.8
      vertex 130.633 5.90549 8
      vertex 130.633 5.90549 8.8
    endloop
  endfacet
  facet normal 0.849376 0.527788 0
    outer loop
      vertex 130.633 5.90549 8
      vertex 130.779 5.67053 8.8
      vertex 130.779 5.67053 8
    endloop
  endfacet
  facet normal 0.939766 0.341819 0
    outer loop
      vertex 130.633 5.90549 8.8
      vertex 130.532 6.18317 8
      vertex 130.532 6.18317 8.8
    endloop
  endfacet
  facet normal 0.939766 0.341819 0
    outer loop
      vertex 130.532 6.18317 8
      vertex 130.633 5.90549 8.8
      vertex 130.633 5.90549 8
    endloop
  endfacet
  facet normal 0.984007 0.178129 0
    outer loop
      vertex 130.532 6.18317 8.8
      vertex 130.474 6.50357 8
      vertex 130.474 6.50357 8.8
    endloop
  endfacet
  facet normal 0.984007 0.178129 0
    outer loop
      vertex 130.474 6.50357 8
      vertex 130.532 6.18317 8.8
      vertex 130.532 6.18317 8
    endloop
  endfacet
  facet normal 0 -1 0
    outer loop
      vertex 130.474 6.50357 8
      vertex 135.015 6.50357 8.8
      vertex 130.474 6.50357 8.8
    endloop
  endfacet
  facet normal 0 -1 -0
    outer loop
      vertex 135.015 6.50357 8.8
      vertex 130.474 6.50357 8
      vertex 135.015 6.50357 8
    endloop
  endfacet
  facet normal 1 -0 0
    outer loop
      vertex 135.015 6.50357 8.8
      vertex 135.015 7.05652 8
      vertex 135.015 7.05652 8.8
    endloop
  endfacet
  facet normal 1 0 0
    outer loop
      vertex 135.015 7.05652 8
      vertex 135.015 6.50357 8.8
      vertex 135.015 6.50357 8
    endloop
  endfacet
  facet normal 0.996911 0.0785347 0
    outer loop
      vertex 135.015 7.05652 8.8
      vertex 134.961 7.74199 8
      vertex 134.961 7.74199 8.8
    endloop
  endfacet
  facet normal 0.996911 0.0785347 0
    outer loop
      vertex 134.961 7.74199 8
      vertex 135.015 7.05652 8.8
      vertex 135.015 7.05652 8
    endloop
  endfacet
  facet normal 0.967185 0.254074 0
    outer loop
      vertex 134.961 7.74199 8.8
      vertex 134.8 8.35487 8
      vertex 134.8 8.35487 8.8
    endloop
  endfacet
  facet normal 0.967185 0.254074 0
    outer loop
      vertex 134.8 8.35487 8
      vertex 134.961 7.74199 8.8
      vertex 134.961 7.74199 8
    endloop
  endfacet
  facet normal 0.895195 0.445675 0
    outer loop
      vertex 134.8 8.35487 8.8
      vertex 134.531 8.89519 8
      vertex 134.531 8.89519 8.8
    endloop
  endfacet
  facet normal 0.895195 0.445675 0
    outer loop
      vertex 134.531 8.89519 8
      vertex 134.8 8.35487 8.8
      vertex 134.8 8.35487 8
    endloop
  endfacet
  facet normal 0.779391 0.626538 0
    outer loop
      vertex 134.531 8.89519 8.8
      vertex 134.155 9.36292 8
      vertex 134.155 9.36292 8.8
    endloop
  endfacet
  facet normal 0.779391 0.626538 0
    outer loop
      vertex 134.155 9.36292 8
      vertex 134.531 8.89519 8.8
      vertex 134.531 8.89519 8
    endloop
  endfacet
  facet normal 0.630278 0.776369 -0
    outer loop
      vertex 134.155 9.36292 8
      vertex 133.69 9.74042 8.8
      vertex 134.155 9.36292 8.8
    endloop
  endfacet
  facet normal 0.630278 0.776369 0
    outer loop
      vertex 133.69 9.74042 8.8
      vertex 134.155 9.36292 8
      vertex 133.69 9.74042 8
    endloop
  endfacet
  facet normal 0.448117 0.893975 -0
    outer loop
      vertex 133.69 9.74042 8
      vertex 133.152 10.0101 8.8
      vertex 133.69 9.74042 8.8
    endloop
  endfacet
  facet normal 0.448117 0.893975 0
    outer loop
      vertex 133.152 10.0101 8.8
      vertex 133.69 9.74042 8
      vertex 133.152 10.0101 8
    endloop
  endfacet
  facet normal 0.257168 0.966367 -0
    outer loop
      vertex 133.152 10.0101 8
      vertex 132.544 10.1719 8.8
      vertex 133.152 10.0101 8.8
    endloop
  endfacet
  facet normal 0.257168 0.966367 0
    outer loop
      vertex 132.544 10.1719 8.8
      vertex 133.152 10.0101 8
      vertex 132.544 10.1719 8
    endloop
  endfacet
  facet normal 0.0789016 0.996882 -0
    outer loop
      vertex 132.544 10.1719 8
      vertex 131.863 10.2258 8.8
      vertex 132.544 10.1719 8.8
    endloop
  endfacet
  facet normal 0.0789016 0.996882 0
    outer loop
      vertex 131.863 10.2258 8.8
      vertex 132.544 10.1719 8
      vertex 131.863 10.2258 8
    endloop
  endfacet
  facet normal -0.0713233 0.997453 0
    outer loop
      vertex 131.863 10.2258 8
      vertex 131.119 10.1726 8.8
      vertex 131.863 10.2258 8.8
    endloop
  endfacet
  facet normal -0.0713233 0.997453 0
    outer loop
      vertex 131.119 10.1726 8.8
      vertex 131.863 10.2258 8
      vertex 131.119 10.1726 8
    endloop
  endfacet
  facet normal -0.235183 0.971951 0
    outer loop
      vertex 131.119 10.1726 8
      vertex 130.459 10.0129 8.8
      vertex 131.119 10.1726 8.8
    endloop
  endfacet
  facet normal -0.235183 0.971951 0
    outer loop
      vertex 130.459 10.0129 8.8
      vertex 131.119 10.1726 8
      vertex 130.459 10.0129 8
    endloop
  endfacet
  facet normal -0.419492 0.907759 0
    outer loop
      vertex 130.459 10.0129 8
      vertex 129.883 9.74672 8.8
      vertex 130.459 10.0129 8.8
    endloop
  endfacet
  facet normal -0.419492 0.907759 0
    outer loop
      vertex 129.883 9.74672 8.8
      vertex 130.459 10.0129 8
      vertex 129.883 9.74672 8
    endloop
  endfacet
  facet normal -0.604518 0.796592 0
    outer loop
      vertex 129.883 9.74672 8
      vertex 129.392 9.37411 8.8
      vertex 129.883 9.74672 8.8
    endloop
  endfacet
  facet normal -0.604518 0.796592 0
    outer loop
      vertex 129.392 9.37411 8.8
      vertex 129.883 9.74672 8
      vertex 129.392 9.37411 8
    endloop
  endfacet
  facet normal -0.764109 0.645088 0
    outer loop
      vertex 128.999 8.9086 8
      vertex 129.392 9.37411 8.8
      vertex 129.392 9.37411 8
    endloop
  endfacet
  facet normal -0.764109 0.645088 0
    outer loop
      vertex 129.392 9.37411 8.8
      vertex 128.999 8.9086 8
      vertex 128.999 8.9086 8.8
    endloop
  endfacet
  facet normal -0.889426 0.457079 0
    outer loop
      vertex 128.719 8.36375 8
      vertex 128.999 8.9086 8.8
      vertex 128.999 8.9086 8
    endloop
  endfacet
  facet normal -0.889426 0.457079 0
    outer loop
      vertex 128.999 8.9086 8.8
      vertex 128.719 8.36375 8
      vertex 128.719 8.36375 8.8
    endloop
  endfacet
  facet normal -0.965246 0.261341 0
    outer loop
      vertex 128.55 7.73956 8
      vertex 128.719 8.36375 8.8
      vertex 128.719 8.36375 8
    endloop
  endfacet
  facet normal -0.965246 0.261341 0
    outer loop
      vertex 128.719 8.36375 8.8
      vertex 128.55 7.73956 8
      vertex 128.55 7.73956 8.8
    endloop
  endfacet
  facet normal -0.996847 0.0793476 0
    outer loop
      vertex 128.494 7.03603 8
      vertex 128.55 7.73956 8.8
      vertex 128.55 7.73956 8
    endloop
  endfacet
  facet normal -0.996847 0.0793476 0
    outer loop
      vertex 128.55 7.73956 8.8
      vertex 128.494 7.03603 8
      vertex 128.494 7.03603 8.8
    endloop
  endfacet
  facet normal -0.996833 -0.0795201 0
    outer loop
      vertex 128.551 6.3215 8
      vertex 128.494 7.03603 8.8
      vertex 128.494 7.03603 8
    endloop
  endfacet
  facet normal -0.996833 -0.0795201 0
    outer loop
      vertex 128.494 7.03603 8.8
      vertex 128.551 6.3215 8
      vertex 128.551 6.3215 8.8
    endloop
  endfacet
  facet normal -0.964708 -0.263322 0
    outer loop
      vertex 128.723 5.69136 8
      vertex 128.551 6.3215 8.8
      vertex 128.551 6.3215 8
    endloop
  endfacet
  facet normal -0.964708 -0.263322 0
    outer loop
      vertex 128.551 6.3215 8.8
      vertex 128.723 5.69136 8
      vertex 128.723 5.69136 8.8
    endloop
  endfacet
  facet normal -0.885727 -0.464207 0
    outer loop
      vertex 129.009 5.14566 8
      vertex 128.723 5.69136 8.8
      vertex 128.723 5.69136 8
    endloop
  endfacet
  facet normal -0.885727 -0.464207 0
    outer loop
      vertex 128.723 5.69136 8.8
      vertex 129.009 5.14566 8
      vertex 129.009 5.14566 8.8
    endloop
  endfacet
  facet normal -0.756325 -0.654196 0
    outer loop
      vertex 129.408 4.68437 8
      vertex 129.009 5.14566 8.8
      vertex 129.009 5.14566 8
    endloop
  endfacet
  facet normal -0.756325 -0.654196 0
    outer loop
      vertex 129.009 5.14566 8.8
      vertex 129.408 4.68437 8
      vertex 129.408 4.68437 8.8
    endloop
  endfacet
  facet normal -0.589066 -0.808085 0
    outer loop
      vertex 129.408 4.68437 8
      vertex 129.911 4.3177 8.8
      vertex 129.408 4.68437 8.8
    endloop
  endfacet
  facet normal -0.589066 -0.808085 -0
    outer loop
      vertex 129.911 4.3177 8.8
      vertex 129.408 4.68437 8
      vertex 129.911 4.3177 8
    endloop
  endfacet
  facet normal -0.402867 -0.915258 0
    outer loop
      vertex 129.911 4.3177 8
      vertex 130.506 4.0558 8.8
      vertex 129.911 4.3177 8.8
    endloop
  endfacet
  facet normal -0.402867 -0.915258 -0
    outer loop
      vertex 130.506 4.0558 8.8
      vertex 129.911 4.3177 8
      vertex 130.506 4.0558 8
    endloop
  endfacet
  facet normal -0.222962 -0.974827 0
    outer loop
      vertex 130.506 4.0558 8
      vertex 131.193 3.89867 8.8
      vertex 130.506 4.0558 8.8
    endloop
  endfacet
  facet normal -0.222962 -0.974827 -0
    outer loop
      vertex 131.193 3.89867 8.8
      vertex 130.506 4.0558 8
      vertex 131.193 3.89867 8
    endloop
  endfacet
  facet normal -0.0671013 -0.997746 0
    outer loop
      vertex 131.193 3.89867 8
      vertex 131.972 3.84628 8.8
      vertex 131.193 3.89867 8.8
    endloop
  endfacet
  facet normal -0.0671013 -0.997746 -0
    outer loop
      vertex 131.972 3.84628 8.8
      vertex 131.193 3.89867 8
      vertex 131.972 3.84628 8
    endloop
  endfacet
  facet normal 0.024208 -0.999707 0
    outer loop
      vertex 131.972 3.84628 8
      vertex 132.316 3.85461 8.8
      vertex 131.972 3.84628 8.8
    endloop
  endfacet
  facet normal 0.024208 -0.999707 0
    outer loop
      vertex 132.316 3.85461 8.8
      vertex 131.972 3.84628 8
      vertex 132.316 3.85461 8
    endloop
  endfacet
  facet normal 0.978025 -0.20849 0
    outer loop
      vertex 130.496 7.70163 8.8
      vertex 130.556 7.98309 8
      vertex 130.556 7.98309 8.8
    endloop
  endfacet
  facet normal 0.978025 -0.20849 0
    outer loop
      vertex 130.556 7.98309 8
      vertex 130.496 7.70163 8.8
      vertex 130.496 7.70163 8
    endloop
  endfacet
  facet normal 0.935616 -0.35302 0
    outer loop
      vertex 130.556 7.98309 8.8
      vertex 130.649 8.22957 8
      vertex 130.649 8.22957 8.8
    endloop
  endfacet
  facet normal 0.935616 -0.35302 0
    outer loop
      vertex 130.649 8.22957 8
      vertex 130.556 7.98309 8.8
      vertex 130.556 7.98309 8
    endloop
  endfacet
  facet normal 0.857303 -0.514812 0
    outer loop
      vertex 130.649 8.22957 8.8
      vertex 130.776 8.44106 8
      vertex 130.776 8.44106 8.8
    endloop
  endfacet
  facet normal 0.857303 -0.514812 0
    outer loop
      vertex 130.776 8.44106 8
      vertex 130.649 8.22957 8.8
      vertex 130.649 8.22957 8
    endloop
  endfacet
  facet normal 0.74087 -0.671648 0
    outer loop
      vertex 130.776 8.44106 8.8
      vertex 130.936 8.61755 8
      vertex 130.936 8.61755 8.8
    endloop
  endfacet
  facet normal 0.74087 -0.671648 0
    outer loop
      vertex 130.936 8.61755 8
      vertex 130.776 8.44106 8.8
      vertex 130.776 8.44106 8
    endloop
  endfacet
  facet normal 0.592831 -0.805327 0
    outer loop
      vertex 130.936 8.61755 8
      vertex 131.125 8.75668 8.8
      vertex 130.936 8.61755 8.8
    endloop
  endfacet
  facet normal 0.592831 -0.805327 0
    outer loop
      vertex 131.125 8.75668 8.8
      vertex 130.936 8.61755 8
      vertex 131.125 8.75668 8
    endloop
  endfacet
  facet normal 0.41794 -0.908474 0
    outer loop
      vertex 131.125 8.75668 8
      vertex 131.341 8.85605 8.8
      vertex 131.125 8.75668 8.8
    endloop
  endfacet
  facet normal 0.41794 -0.908474 0
    outer loop
      vertex 131.341 8.85605 8.8
      vertex 131.125 8.75668 8
      vertex 131.341 8.85605 8
    endloop
  endfacet
  facet normal 0.239249 -0.970958 0
    outer loop
      vertex 131.341 8.85605 8
      vertex 131.583 8.91568 8.8
      vertex 131.341 8.85605 8.8
    endloop
  endfacet
  facet normal 0.239249 -0.970958 0
    outer loop
      vertex 131.583 8.91568 8.8
      vertex 131.341 8.85605 8
      vertex 131.583 8.91568 8
    endloop
  endfacet
  facet normal 0.0736655 -0.997283 0
    outer loop
      vertex 131.583 8.91568 8
      vertex 131.852 8.93555 8.8
      vertex 131.583 8.91568 8.8
    endloop
  endfacet
  facet normal 0.0736655 -0.997283 0
    outer loop
      vertex 131.852 8.93555 8.8
      vertex 131.583 8.91568 8
      vertex 131.852 8.93555 8
    endloop
  endfacet
  facet normal -0.0852929 -0.996356 0
    outer loop
      vertex 131.852 8.93555 8
      vertex 132.1 8.91432 8.8
      vertex 131.852 8.93555 8.8
    endloop
  endfacet
  facet normal -0.0852929 -0.996356 -0
    outer loop
      vertex 132.1 8.91432 8.8
      vertex 131.852 8.93555 8
      vertex 132.1 8.91432 8
    endloop
  endfacet
  facet normal -0.27353 -0.961863 0
    outer loop
      vertex 132.1 8.91432 8
      vertex 132.324 8.85062 8.8
      vertex 132.1 8.91432 8.8
    endloop
  endfacet
  facet normal -0.27353 -0.961863 -0
    outer loop
      vertex 132.324 8.85062 8.8
      vertex 132.1 8.91432 8
      vertex 132.324 8.85062 8
    endloop
  endfacet
  facet normal -0.472631 -0.88126 0
    outer loop
      vertex 132.324 8.85062 8
      vertex 132.522 8.74443 8.8
      vertex 132.324 8.85062 8.8
    endloop
  endfacet
  facet normal -0.472631 -0.88126 -0
    outer loop
      vertex 132.522 8.74443 8.8
      vertex 132.324 8.85062 8
      vertex 132.522 8.74443 8
    endloop
  endfacet
  facet normal -0.649524 -0.760341 0
    outer loop
      vertex 132.522 8.74443 8
      vertex 132.696 8.59579 8.8
      vertex 132.522 8.74443 8.8
    endloop
  endfacet
  facet normal -0.649524 -0.760341 -0
    outer loop
      vertex 132.696 8.59579 8.8
      vertex 132.522 8.74443 8
      vertex 132.696 8.59579 8
    endloop
  endfacet
  facet normal -0.792576 -0.609773 0
    outer loop
      vertex 132.837 8.41252 8
      vertex 132.696 8.59579 8.8
      vertex 132.696 8.59579 8
    endloop
  endfacet
  facet normal -0.792576 -0.609773 0
    outer loop
      vertex 132.696 8.59579 8.8
      vertex 132.837 8.41252 8
      vertex 132.837 8.41252 8.8
    endloop
  endfacet
  facet normal -0.901277 -0.433244 0
    outer loop
      vertex 132.938 8.20241 8
      vertex 132.837 8.41252 8.8
      vertex 132.837 8.41252 8
    endloop
  endfacet
  facet normal -0.901277 -0.433244 0
    outer loop
      vertex 132.837 8.41252 8.8
      vertex 132.938 8.20241 8
      vertex 132.938 8.20241 8.8
    endloop
  endfacet
  facet normal -0.968426 -0.2493 0
    outer loop
      vertex 132.999 7.96545 8
      vertex 132.938 8.20241 8.8
      vertex 132.938 8.20241 8
    endloop
  endfacet
  facet normal -0.968426 -0.2493 0
    outer loop
      vertex 132.938 8.20241 8.8
      vertex 132.999 7.96545 8
      vertex 132.999 7.96545 8.8
    endloop
  endfacet
  facet normal -0.997139 -0.0755924 0
    outer loop
      vertex 133.019 7.70163 8
      vertex 132.999 7.96545 8.8
      vertex 132.999 7.96545 8
    endloop
  endfacet
  facet normal -0.997139 -0.0755924 0
    outer loop
      vertex 132.999 7.96545 8.8
      vertex 133.019 7.70163 8
      vertex 133.019 7.70163 8.8
    endloop
  endfacet
  facet normal 0 1 -0
    outer loop
      vertex 133.019 7.70163 8
      vertex 130.496 7.70163 8.8
      vertex 133.019 7.70163 8.8
    endloop
  endfacet
  facet normal 0 1 0
    outer loop
      vertex 130.496 7.70163 8.8
      vertex 133.019 7.70163 8
      vertex 130.496 7.70163 8
    endloop
  endfacet
  facet normal 0.998221 -0.0596263 0
    outer loop
      vertex 98.9705 6.80252 8.8
      vertex 98.9957 7.2244 8
      vertex 98.9957 7.2244 8.8
    endloop
  endfacet
  facet normal 0.998221 -0.0596263 0
    outer loop
      vertex 98.9957 7.2244 8
      vertex 98.9705 6.80252 8.8
      vertex 98.9705 6.80252 8
    endloop
  endfacet
  facet normal 0.979651 -0.200707 0
    outer loop
      vertex 98.9957 7.2244 8.8
      vertex 99.0715 7.59438 8
      vertex 99.0715 7.59438 8.8
    endloop
  endfacet
  facet normal 0.979651 -0.200707 0
    outer loop
      vertex 99.0715 7.59438 8
      vertex 98.9957 7.2244 8.8
      vertex 98.9957 7.2244 8
    endloop
  endfacet
  facet normal 0.929401 -0.369072 0
    outer loop
      vertex 99.0715 7.59438 8.8
      vertex 99.1978 7.91243 8
      vertex 99.1978 7.91243 8.8
    endloop
  endfacet
  facet normal 0.929401 -0.369072 0
    outer loop
      vertex 99.1978 7.91243 8
      vertex 99.0715 7.59438 8.8
      vertex 99.0715 7.59438 8
    endloop
  endfacet
  facet normal 0.832974 -0.553313 0
    outer loop
      vertex 99.1978 7.91243 8.8
      vertex 99.3746 8.17859 8
      vertex 99.3746 8.17859 8.8
    endloop
  endfacet
  facet normal 0.832974 -0.553313 0
    outer loop
      vertex 99.3746 8.17859 8
      vertex 99.1978 7.91243 8.8
      vertex 99.1978 7.91243 8
    endloop
  endfacet
  facet normal 0.68481 -0.728722 0
    outer loop
      vertex 99.3746 8.17859 8
      vertex 99.5983 8.38881 8.8
      vertex 99.3746 8.17859 8.8
    endloop
  endfacet
  facet normal 0.68481 -0.728722 0
    outer loop
      vertex 99.5983 8.38881 8.8
      vertex 99.3746 8.17859 8
      vertex 99.5983 8.38881 8
    endloop
  endfacet
  facet normal 0.490727 -0.871314 0
    outer loop
      vertex 99.5983 8.38881 8
      vertex 99.8649 8.53896 8.8
      vertex 99.5983 8.38881 8.8
    endloop
  endfacet
  facet normal 0.490727 -0.871314 0
    outer loop
      vertex 99.8649 8.53896 8.8
      vertex 99.5983 8.38881 8
      vertex 99.8649 8.53896 8
    endloop
  endfacet
  facet normal 0.278956 -0.960304 0
    outer loop
      vertex 99.8649 8.53896 8
      vertex 100.175 8.62904 8.8
      vertex 99.8649 8.53896 8.8
    endloop
  endfacet
  facet normal 0.278956 -0.960304 0
    outer loop
      vertex 100.175 8.62904 8.8
      vertex 99.8649 8.53896 8
      vertex 100.175 8.62904 8
    endloop
  endfacet
  facet normal 0.0850037 -0.996381 0
    outer loop
      vertex 100.175 8.62904 8
      vertex 100.527 8.65907 8.8
      vertex 100.175 8.62904 8.8
    endloop
  endfacet
  facet normal 0.0850037 -0.996381 0
    outer loop
      vertex 100.527 8.65907 8.8
      vertex 100.175 8.62904 8
      vertex 100.527 8.65907 8
    endloop
  endfacet
  facet normal -0.0281139 -0.999605 0
    outer loop
      vertex 100.527 8.65907 8
      vertex 100.655 8.65547 8.8
      vertex 100.527 8.65907 8.8
    endloop
  endfacet
  facet normal -0.0281139 -0.999605 -0
    outer loop
      vertex 100.655 8.65547 8.8
      vertex 100.527 8.65907 8
      vertex 100.655 8.65547 8
    endloop
  endfacet
  facet normal -0.0844999 -0.996423 0
    outer loop
      vertex 100.655 8.65547 8
      vertex 100.782 8.6447 8.8
      vertex 100.655 8.65547 8.8
    endloop
  endfacet
  facet normal -0.0844999 -0.996423 -0
    outer loop
      vertex 100.782 8.6447 8.8
      vertex 100.655 8.65547 8
      vertex 100.782 8.6447 8
    endloop
  endfacet
  facet normal -0.141267 -0.989971 0
    outer loop
      vertex 100.782 8.6447 8
      vertex 100.908 8.62672 8.8
      vertex 100.782 8.6447 8.8
    endloop
  endfacet
  facet normal -0.141267 -0.989971 -0
    outer loop
      vertex 100.908 8.62672 8.8
      vertex 100.782 8.6447 8
      vertex 100.908 8.62672 8
    endloop
  endfacet
  facet normal -0.194408 -0.980921 0
    outer loop
      vertex 100.908 8.62672 8
      vertex 101.035 8.60155 8.8
      vertex 100.908 8.62672 8.8
    endloop
  endfacet
  facet normal -0.194408 -0.980921 -0
    outer loop
      vertex 101.035 8.60155 8.8
      vertex 100.908 8.62672 8
      vertex 101.035 8.60155 8
    endloop
  endfacet
  facet normal -0.25113 -0.967953 0
    outer loop
      vertex 101.035 8.60155 8
      vertex 101.161 8.56886 8.8
      vertex 101.035 8.60155 8.8
    endloop
  endfacet
  facet normal -0.25113 -0.967953 -0
    outer loop
      vertex 101.161 8.56886 8.8
      vertex 101.035 8.60155 8
      vertex 101.161 8.56886 8
    endloop
  endfacet
  facet normal -0.304299 -0.952576 0
    outer loop
      vertex 101.161 8.56886 8
      vertex 101.288 8.52829 8.8
      vertex 101.161 8.56886 8.8
    endloop
  endfacet
  facet normal -0.304299 -0.952576 -0
    outer loop
      vertex 101.288 8.52829 8.8
      vertex 101.161 8.56886 8
      vertex 101.288 8.52829 8
    endloop
  endfacet
  facet normal -0.35631 -0.934368 0
    outer loop
      vertex 101.288 8.52829 8
      vertex 101.415 8.47986 8.8
      vertex 101.288 8.52829 8.8
    endloop
  endfacet
  facet normal -0.35631 -0.934368 -0
    outer loop
      vertex 101.415 8.47986 8.8
      vertex 101.288 8.52829 8
      vertex 101.415 8.47986 8
    endloop
  endfacet
  facet normal -0.40533 -0.91417 0
    outer loop
      vertex 101.415 8.47986 8
      vertex 101.542 8.42355 8.8
      vertex 101.415 8.47986 8.8
    endloop
  endfacet
  facet normal -0.40533 -0.91417 -0
    outer loop
      vertex 101.542 8.42355 8.8
      vertex 101.415 8.47986 8
      vertex 101.542 8.42355 8
    endloop
  endfacet
  facet normal 0.999994 0.00340956 0
    outer loop
      vertex 101.542 8.42355 8.8
      vertex 101.536 10.1833 8
      vertex 101.536 10.1833 8.8
    endloop
  endfacet
  facet normal 0.999994 0.00340956 0
    outer loop
      vertex 101.536 10.1833 8
      vertex 101.542 8.42355 8.8
      vertex 101.542 8.42355 8
    endloop
  endfacet
  facet normal 0.117801 0.993037 -0
    outer loop
      vertex 101.536 10.1833 8
      vertex 101.434 10.1954 8.8
      vertex 101.536 10.1833 8.8
    endloop
  endfacet
  facet normal 0.117801 0.993037 0
    outer loop
      vertex 101.434 10.1954 8.8
      vertex 101.536 10.1833 8
      vertex 101.434 10.1954 8
    endloop
  endfacet
  facet normal 0.109451 0.993992 -0
    outer loop
      vertex 101.434 10.1954 8
      vertex 101.345 10.2052 8.8
      vertex 101.434 10.1954 8.8
    endloop
  endfacet
  facet normal 0.109451 0.993992 0
    outer loop
      vertex 101.345 10.2052 8.8
      vertex 101.434 10.1954 8
      vertex 101.345 10.2052 8
    endloop
  endfacet
  facet normal 0.0982072 0.995166 -0
    outer loop
      vertex 101.345 10.2052 8
      vertex 101.269 10.2127 8.8
      vertex 101.345 10.2052 8.8
    endloop
  endfacet
  facet normal 0.0982072 0.995166 0
    outer loop
      vertex 101.269 10.2127 8.8
      vertex 101.345 10.2052 8
      vertex 101.269 10.2127 8
    endloop
  endfacet
  facet normal 0.0806884 0.996739 -0
    outer loop
      vertex 101.269 10.2127 8
      vertex 101.206 10.2178 8.8
      vertex 101.269 10.2127 8.8
    endloop
  endfacet
  facet normal 0.0806884 0.996739 0
    outer loop
      vertex 101.206 10.2178 8.8
      vertex 101.269 10.2127 8
      vertex 101.206 10.2178 8
    endloop
  endfacet
  facet normal 0.0623783 0.998053 -0
    outer loop
      vertex 101.206 10.2178 8
      vertex 101.15 10.2213 8.8
      vertex 101.206 10.2178 8.8
    endloop
  endfacet
  facet normal 0.0623783 0.998053 0
    outer loop
      vertex 101.15 10.2213 8.8
      vertex 101.206 10.2178 8
      vertex 101.15 10.2213 8
    endloop
  endfacet
  facet normal 0.0462468 0.99893 -0
    outer loop
      vertex 101.15 10.2213 8
      vertex 101.096 10.2238 8.8
      vertex 101.15 10.2213 8.8
    endloop
  endfacet
  facet normal 0.0462468 0.99893 0
    outer loop
      vertex 101.096 10.2238 8.8
      vertex 101.15 10.2213 8
      vertex 101.096 10.2238 8
    endloop
  endfacet
  facet normal 0.0288342 0.999584 -0
    outer loop
      vertex 101.096 10.2238 8
      vertex 101.044 10.2253 8.8
      vertex 101.096 10.2238 8.8
    endloop
  endfacet
  facet normal 0.0288342 0.999584 0
    outer loop
      vertex 101.044 10.2253 8.8
      vertex 101.096 10.2238 8
      vertex 101.044 10.2253 8
    endloop
  endfacet
  facet normal 0.0099995 0.99995 -0
    outer loop
      vertex 101.044 10.2253 8
      vertex 100.994 10.2258 8.8
      vertex 101.044 10.2253 8.8
    endloop
  endfacet
  facet normal 0.0099995 0.99995 0
    outer loop
      vertex 100.994 10.2258 8.8
      vertex 101.044 10.2253 8
      vertex 100.994 10.2258 8
    endloop
  endfacet
  facet normal -0.0525268 0.99862 0
    outer loop
      vertex 100.994 10.2258 8
      vertex 100.667 10.2086 8.8
      vertex 100.994 10.2258 8.8
    endloop
  endfacet
  facet normal -0.0525268 0.99862 0
    outer loop
      vertex 100.667 10.2086 8.8
      vertex 100.994 10.2258 8
      vertex 100.667 10.2086 8
    endloop
  endfacet
  facet normal -0.167248 0.985915 0
    outer loop
      vertex 100.667 10.2086 8
      vertex 100.364 10.1572 8.8
      vertex 100.667 10.2086 8.8
    endloop
  endfacet
  facet normal -0.167248 0.985915 0
    outer loop
      vertex 100.364 10.1572 8.8
      vertex 100.667 10.2086 8
      vertex 100.364 10.1572 8
    endloop
  endfacet
  facet normal -0.293941 0.955823 0
    outer loop
      vertex 100.364 10.1572 8
      vertex 100.085 10.0714 8.8
      vertex 100.364 10.1572 8.8
    endloop
  endfacet
  facet normal -0.293941 0.955823 0
    outer loop
      vertex 100.085 10.0714 8.8
      vertex 100.364 10.1572 8
      vertex 100.085 10.0714 8
    endloop
  endfacet
  facet normal -0.426469 0.904502 0
    outer loop
      vertex 100.085 10.0714 8
      vertex 99.8303 9.95131 8.8
      vertex 100.085 10.0714 8.8
    endloop
  endfacet
  facet normal -0.426469 0.904502 0
    outer loop
      vertex 99.8303 9.95131 8.8
      vertex 100.085 10.0714 8
      vertex 99.8303 9.95131 8
    endloop
  endfacet
  facet normal -0.555335 0.831627 0
    outer loop
      vertex 99.8303 9.95131 8
      vertex 99.5945 9.79385 8.8
      vertex 99.8303 9.95131 8.8
    endloop
  endfacet
  facet normal -0.555335 0.831627 0
    outer loop
      vertex 99.5945 9.79385 8.8
      vertex 99.8303 9.95131 8
      vertex 99.5945 9.79385 8
    endloop
  endfacet
  facet normal -0.665538 0.746364 0
    outer loop
      vertex 99.5945 9.79385 8
      vertex 99.3726 9.59598 8.8
      vertex 99.5945 9.79385 8.8
    endloop
  endfacet
  facet normal -0.665538 0.746364 0
    outer loop
      vertex 99.3726 9.59598 8.8
      vertex 99.5945 9.79385 8
      vertex 99.3726 9.59598 8
    endloop
  endfacet
  facet normal -0.75342 0.657539 0
    outer loop
      vertex 99.1646 9.35765 8
      vertex 99.3726 9.59598 8.8
      vertex 99.3726 9.59598 8
    endloop
  endfacet
  facet normal -0.75342 0.657539 0
    outer loop
      vertex 99.3726 9.59598 8.8
      vertex 99.1646 9.35765 8
      vertex 99.1646 9.35765 8.8
    endloop
  endfacet
  facet normal -0.820628 0.571463 0
    outer loop
      vertex 98.9705 9.07892 8
      vertex 99.1646 9.35765 8.8
      vertex 99.1646 9.35765 8
    endloop
  endfacet
  facet normal -0.820628 0.571463 0
    outer loop
      vertex 99.1646 9.35765 8.8
      vertex 98.9705 9.07892 8
      vertex 98.9705 9.07892 8.8
    endloop
  endfacet
  facet normal 1 -0 0
    outer loop
      vertex 98.9705 9.07892 8.8
      vertex 98.9705 10.0824 8
      vertex 98.9705 10.0824 8.8
    endloop
  endfacet
  facet normal 1 0 0
    outer loop
      vertex 98.9705 10.0824 8
      vertex 98.9705 9.07892 8.8
      vertex 98.9705 9.07892 8
    endloop
  endfacet
  facet normal 0 1 -0
    outer loop
      vertex 98.9705 10.0824 8
      vertex 97.0283 10.0824 8.8
      vertex 98.9705 10.0824 8.8
    endloop
  endfacet
  facet normal 0 1 0
    outer loop
      vertex 97.0283 10.0824 8.8
      vertex 98.9705 10.0824 8
      vertex 97.0283 10.0824 8
    endloop
  endfacet
  facet normal -1 0 0
    outer loop
      vertex 97.0283 4.005 8
      vertex 97.0283 10.0824 8.8
      vertex 97.0283 10.0824 8
    endloop
  endfacet
  facet normal -1 -0 0
    outer loop
      vertex 97.0283 10.0824 8.8
      vertex 97.0283 4.005 8
      vertex 97.0283 4.005 8.8
    endloop
  endfacet
  facet normal 0 -1 0
    outer loop
      vertex 97.0283 4.005 8
      vertex 98.9705 4.005 8.8
      vertex 97.0283 4.005 8.8
    endloop
  endfacet
  facet normal 0 -1 -0
    outer loop
      vertex 98.9705 4.005 8.8
      vertex 97.0283 4.005 8
      vertex 98.9705 4.005 8
    endloop
  endfacet
  facet normal 1 -0 0
    outer loop
      vertex 98.9705 4.005 8.8
      vertex 98.9705 6.80252 8
      vertex 98.9705 6.80252 8.8
    endloop
  endfacet
  facet normal 1 0 0
    outer loop
      vertex 98.9705 6.80252 8
      vertex 98.9705 4.005 8.8
      vertex 98.9705 4.005 8
    endloop
  endfacet
  facet normal 0.072321 -0.997381 0
    outer loop
      vertex 83.3449 3.85461 8
      vertex 83.6894 3.87959 8.8
      vertex 83.3449 3.85461 8.8
    endloop
  endfacet
  facet normal 0.072321 -0.997381 0
    outer loop
      vertex 83.6894 3.87959 8.8
      vertex 83.3449 3.85461 8
      vertex 83.6894 3.87959 8
    endloop
  endfacet
  facet normal 0.119969 -0.992778 0
    outer loop
      vertex 83.6894 3.87959 8
      vertex 84.0339 3.92122 8.8
      vertex 83.6894 3.87959 8.8
    endloop
  endfacet
  facet normal 0.119969 -0.992778 0
    outer loop
      vertex 84.0339 3.92122 8.8
      vertex 83.6894 3.87959 8
      vertex 84.0339 3.92122 8
    endloop
  endfacet
  facet normal 0.166775 -0.985995 0
    outer loop
      vertex 84.0339 3.92122 8
      vertex 84.3784 3.97949 8.8
      vertex 84.0339 3.92122 8.8
    endloop
  endfacet
  facet normal 0.166775 -0.985995 0
    outer loop
      vertex 84.3784 3.97949 8.8
      vertex 84.0339 3.92122 8
      vertex 84.3784 3.97949 8
    endloop
  endfacet
  facet normal 0.211613 -0.977353 0
    outer loop
      vertex 84.3784 3.97949 8
      vertex 84.7229 4.05408 8.8
      vertex 84.3784 3.97949 8.8
    endloop
  endfacet
  facet normal 0.211613 -0.977353 0
    outer loop
      vertex 84.7229 4.05408 8.8
      vertex 84.3784 3.97949 8
      vertex 84.7229 4.05408 8
    endloop
  endfacet
  facet normal 0.254184 -0.967156 0
    outer loop
      vertex 84.7229 4.05408 8
      vertex 85.0674 4.14462 8.8
      vertex 84.7229 4.05408 8.8
    endloop
  endfacet
  facet normal 0.254184 -0.967156 0
    outer loop
      vertex 85.0674 4.14462 8.8
      vertex 84.7229 4.05408 8
      vertex 85.0674 4.14462 8
    endloop
  endfacet
  facet normal 0.295532 -0.955333 0
    outer loop
      vertex 85.0674 4.14462 8
      vertex 85.4118 4.25116 8.8
      vertex 85.0674 4.14462 8.8
    endloop
  endfacet
  facet normal 0.295532 -0.955333 0
    outer loop
      vertex 85.4118 4.25116 8.8
      vertex 85.0674 4.14462 8
      vertex 85.4118 4.25116 8
    endloop
  endfacet
  facet normal 0.334988 -0.942222 0
    outer loop
      vertex 85.4118 4.25116 8
      vertex 85.7563 4.37364 8.8
      vertex 85.4118 4.25116 8.8
    endloop
  endfacet
  facet normal 0.334988 -0.942222 0
    outer loop
      vertex 85.7563 4.37364 8.8
      vertex 85.4118 4.25116 8
      vertex 85.7563 4.37364 8
    endloop
  endfacet
  facet normal 1 -0 0
    outer loop
      vertex 85.7563 4.37364 8.8
      vertex 85.7563 5.86868 8
      vertex 85.7563 5.86868 8.8
    endloop
  endfacet
  facet normal 1 0 0
    outer loop
      vertex 85.7563 5.86868 8
      vertex 85.7563 4.37364 8.8
      vertex 85.7563 4.37364 8
    endloop
  endfacet
  facet normal -0.456172 0.889892 0
    outer loop
      vertex 85.7563 5.86868 8
      vertex 85.4194 5.69598 8.8
      vertex 85.7563 5.86868 8.8
    endloop
  endfacet
  facet normal -0.456172 0.889892 0
    outer loop
      vertex 85.4194 5.69598 8.8
      vertex 85.7563 5.86868 8
      vertex 85.4194 5.69598 8
    endloop
  endfacet
  facet normal -0.409771 0.912188 0
    outer loop
      vertex 85.4194 5.69598 8
      vertex 85.087 5.54666 8.8
      vertex 85.4194 5.69598 8.8
    endloop
  endfacet
  facet normal -0.409771 0.912188 0
    outer loop
      vertex 85.087 5.54666 8.8
      vertex 85.4194 5.69598 8
      vertex 85.087 5.54666 8
    endloop
  endfacet
  facet normal -0.358279 0.933614 0
    outer loop
      vertex 85.087 5.54666 8
      vertex 84.7589 5.42075 8.8
      vertex 85.087 5.54666 8.8
    endloop
  endfacet
  facet normal -0.358279 0.933614 0
    outer loop
      vertex 84.7589 5.42075 8.8
      vertex 85.087 5.54666 8
      vertex 84.7589 5.42075 8
    endloop
  endfacet
  facet normal -0.30207 0.953286 0
    outer loop
      vertex 84.7589 5.42075 8
      vertex 84.4353 5.31821 8.8
      vertex 84.7589 5.42075 8.8
    endloop
  endfacet
  facet normal -0.30207 0.953286 0
    outer loop
      vertex 84.4353 5.31821 8.8
      vertex 84.7589 5.42075 8
      vertex 84.4353 5.31821 8
    endloop
  endfacet
  facet normal -0.241364 0.970435 0
    outer loop
      vertex 84.4353 5.31821 8
      vertex 84.1157 5.23872 8.8
      vertex 84.4353 5.31821 8.8
    endloop
  endfacet
  facet normal -0.241364 0.970435 0
    outer loop
      vertex 84.1157 5.23872 8.8
      vertex 84.4353 5.31821 8
      vertex 84.1157 5.23872 8
    endloop
  endfacet
  facet normal -0.17693 0.984224 0
    outer loop
      vertex 84.1157 5.23872 8
      vertex 83.7999 5.18195 8.8
      vertex 84.1157 5.23872 8.8
    endloop
  endfacet
  facet normal -0.17693 0.984224 0
    outer loop
      vertex 83.7999 5.18195 8.8
      vertex 84.1157 5.23872 8
      vertex 83.7999 5.18195 8
    endloop
  endfacet
  facet normal -0.108488 0.994098 0
    outer loop
      vertex 83.7999 5.18195 8
      vertex 83.4878 5.14789 8.8
      vertex 83.7999 5.18195 8.8
    endloop
  endfacet
  facet normal -0.108488 0.994098 0
    outer loop
      vertex 83.4878 5.14789 8.8
      vertex 83.7999 5.18195 8
      vertex 83.4878 5.14789 8
    endloop
  endfacet
  facet normal -0.0368427 0.999321 0
    outer loop
      vertex 83.4878 5.14789 8
      vertex 83.1794 5.13652 8.8
      vertex 83.4878 5.14789 8.8
    endloop
  endfacet
  facet normal -0.0368427 0.999321 0
    outer loop
      vertex 83.1794 5.13652 8.8
      vertex 83.4878 5.14789 8
      vertex 83.1794 5.13652 8
    endloop
  endfacet
  facet normal 0.0594431 0.998232 -0
    outer loop
      vertex 83.1794 5.13652 8
      vertex 82.8207 5.15788 8.8
      vertex 83.1794 5.13652 8.8
    endloop
  endfacet
  facet normal 0.0594431 0.998232 0
    outer loop
      vertex 82.8207 5.15788 8.8
      vertex 83.1794 5.13652 8
      vertex 82.8207 5.15788 8
    endloop
  endfacet
  facet normal 0.198347 0.980132 -0
    outer loop
      vertex 82.8207 5.15788 8
      vertex 82.504 5.22197 8.8
      vertex 82.8207 5.15788 8.8
    endloop
  endfacet
  facet normal 0.198347 0.980132 0
    outer loop
      vertex 82.504 5.22197 8.8
      vertex 82.8207 5.15788 8
      vertex 82.504 5.22197 8
    endloop
  endfacet
  facet normal 0.362479 0.931992 -0
    outer loop
      vertex 82.504 5.22197 8
      vertex 82.2294 5.32877 8.8
      vertex 82.504 5.22197 8.8
    endloop
  endfacet
  facet normal 0.362479 0.931992 0
    outer loop
      vertex 82.2294 5.32877 8.8
      vertex 82.504 5.22197 8
      vertex 82.2294 5.32877 8
    endloop
  endfacet
  facet normal 0.540736 0.841193 -0
    outer loop
      vertex 82.2294 5.32877 8
      vertex 81.9968 5.47829 8.8
      vertex 82.2294 5.32877 8.8
    endloop
  endfacet
  facet normal 0.540736 0.841193 0
    outer loop
      vertex 81.9968 5.47829 8.8
      vertex 82.2294 5.32877 8
      vertex 81.9968 5.47829 8
    endloop
  endfacet
  facet normal 0.712164 0.702013 0
    outer loop
      vertex 81.9968 5.47829 8.8
      vertex 81.8073 5.67053 8
      vertex 81.8073 5.67053 8.8
    endloop
  endfacet
  facet normal 0.712164 0.702013 0
    outer loop
      vertex 81.8073 5.67053 8
      vertex 81.9968 5.47829 8.8
      vertex 81.9968 5.47829 8
    endloop
  endfacet
  facet normal 0.850186 0.526482 0
    outer loop
      vertex 81.8073 5.67053 8.8
      vertex 81.6618 5.90549 8
      vertex 81.6618 5.90549 8.8
    endloop
  endfacet
  facet normal 0.850186 0.526482 0
    outer loop
      vertex 81.6618 5.90549 8
      vertex 81.8073 5.67053 8.8
      vertex 81.8073 5.67053 8
    endloop
  endfacet
  facet normal 0.93933 0.343014 0
    outer loop
      vertex 81.6618 5.90549 8.8
      vertex 81.5604 6.18317 8
      vertex 81.5604 6.18317 8.8
    endloop
  endfacet
  facet normal 0.93933 0.343014 0
    outer loop
      vertex 81.5604 6.18317 8
      vertex 81.6618 5.90549 8.8
      vertex 81.6618 5.90549 8
    endloop
  endfacet
  facet normal 0.984382 0.176046 0
    outer loop
      vertex 81.5604 6.18317 8.8
      vertex 81.5031 6.50357 8
      vertex 81.5031 6.50357 8.8
    endloop
  endfacet
  facet normal 0.984382 0.176046 0
    outer loop
      vertex 81.5031 6.50357 8
      vertex 81.5604 6.18317 8.8
      vertex 81.5604 6.18317 8
    endloop
  endfacet
  facet normal 0 -1 0
    outer loop
      vertex 81.5031 6.50357 8
      vertex 86.0438 6.50357 8.8
      vertex 81.5031 6.50357 8.8
    endloop
  endfacet
  facet normal 0 -1 -0
    outer loop
      vertex 86.0438 6.50357 8.8
      vertex 81.5031 6.50357 8
      vertex 86.0438 6.50357 8
    endloop
  endfacet
  facet normal 1 -0 0
    outer loop
      vertex 86.0438 6.50357 8.8
      vertex 86.0438 7.05652 8
      vertex 86.0438 7.05652 8.8
    endloop
  endfacet
  facet normal 1 0 0
    outer loop
      vertex 86.0438 7.05652 8
      vertex 86.0438 6.50357 8.8
      vertex 86.0438 6.50357 8
    endloop
  endfacet
  facet normal 0.996945 0.0781011 0
    outer loop
      vertex 86.0438 7.05652 8.8
      vertex 85.9901 7.74199 8
      vertex 85.9901 7.74199 8.8
    endloop
  endfacet
  facet normal 0.996945 0.0781011 0
    outer loop
      vertex 85.9901 7.74199 8
      vertex 86.0438 7.05652 8.8
      vertex 86.0438 7.05652 8
    endloop
  endfacet
  facet normal 0.967107 0.254369 0
    outer loop
      vertex 85.9901 7.74199 8.8
      vertex 85.8289 8.35487 8
      vertex 85.8289 8.35487 8.8
    endloop
  endfacet
  facet normal 0.967107 0.254369 0
    outer loop
      vertex 85.8289 8.35487 8
      vertex 85.9901 7.74199 8.8
      vertex 85.9901 7.74199 8
    endloop
  endfacet
  facet normal 0.895393 0.445277 0
    outer loop
      vertex 85.8289 8.35487 8.8
      vertex 85.5602 8.89519 8
      vertex 85.5602 8.89519 8.8
    endloop
  endfacet
  facet normal 0.895393 0.445277 0
    outer loop
      vertex 85.5602 8.89519 8
      vertex 85.8289 8.35487 8.8
      vertex 85.8289 8.35487 8
    endloop
  endfacet
  facet normal 0.779228 0.626741 0
    outer loop
      vertex 85.5602 8.89519 8.8
      vertex 85.184 9.36292 8
      vertex 85.184 9.36292 8.8
    endloop
  endfacet
  facet normal 0.779228 0.626741 0
    outer loop
      vertex 85.184 9.36292 8
      vertex 85.5602 8.89519 8.8
      vertex 85.5602 8.89519 8
    endloop
  endfacet
  facet normal 0.629707 0.776833 -0
    outer loop
      vertex 85.184 9.36292 8
      vertex 84.7183 9.74042 8.8
      vertex 85.184 9.36292 8.8
    endloop
  endfacet
  facet normal 0.629707 0.776833 0
    outer loop
      vertex 84.7183 9.74042 8.8
      vertex 85.184 9.36292 8
      vertex 84.7183 9.74042 8
    endloop
  endfacet
  facet normal 0.44865 0.893707 -0
    outer loop
      vertex 84.7183 9.74042 8
      vertex 84.1811 10.0101 8.8
      vertex 84.7183 9.74042 8.8
    endloop
  endfacet
  facet normal 0.44865 0.893707 0
    outer loop
      vertex 84.1811 10.0101 8.8
      vertex 84.7183 9.74042 8
      vertex 84.1811 10.0101 8
    endloop
  endfacet
  facet normal 0.256852 0.966451 -0
    outer loop
      vertex 84.1811 10.0101 8
      vertex 83.5723 10.1719 8.8
      vertex 84.1811 10.0101 8.8
    endloop
  endfacet
  facet normal 0.256852 0.966451 0
    outer loop
      vertex 83.5723 10.1719 8.8
      vertex 84.1811 10.0101 8
      vertex 83.5723 10.1719 8
    endloop
  endfacet
  facet normal 0.0789707 0.996877 -0
    outer loop
      vertex 83.5723 10.1719 8
      vertex 82.8919 10.2258 8.8
      vertex 83.5723 10.1719 8.8
    endloop
  endfacet
  facet normal 0.0789707 0.996877 0
    outer loop
      vertex 82.8919 10.2258 8.8
      vertex 83.5723 10.1719 8
      vertex 82.8919 10.2258 8
    endloop
  endfacet
  facet normal -0.0712851 0.997456 0
    outer loop
      vertex 82.8919 10.2258 8
      vertex 82.1475 10.1726 8.8
      vertex 82.8919 10.2258 8.8
    endloop
  endfacet
  facet normal -0.0712851 0.997456 0
    outer loop
      vertex 82.1475 10.1726 8.8
      vertex 82.8919 10.2258 8
      vertex 82.1475 10.1726 8
    endloop
  endfacet
  facet normal -0.235183 0.971951 0
    outer loop
      vertex 82.1475 10.1726 8
      vertex 81.4875 10.0129 8.8
      vertex 82.1475 10.1726 8.8
    endloop
  endfacet
  facet normal -0.235183 0.971951 0
    outer loop
      vertex 81.4875 10.0129 8.8
      vertex 82.1475 10.1726 8
      vertex 81.4875 10.0129 8
    endloop
  endfacet
  facet normal -0.419792 0.90762 0
    outer loop
      vertex 81.4875 10.0129 8
      vertex 80.912 9.74672 8.8
      vertex 81.4875 10.0129 8.8
    endloop
  endfacet
  facet normal -0.419792 0.90762 0
    outer loop
      vertex 80.912 9.74672 8.8
      vertex 81.4875 10.0129 8
      vertex 80.912 9.74672 8
    endloop
  endfacet
  facet normal -0.604439 0.796651 0
    outer loop
      vertex 80.912 9.74672 8
      vertex 80.4209 9.37411 8.8
      vertex 80.912 9.74672 8.8
    endloop
  endfacet
  facet normal -0.604439 0.796651 0
    outer loop
      vertex 80.4209 9.37411 8.8
      vertex 80.912 9.74672 8
      vertex 80.4209 9.37411 8
    endloop
  endfacet
  facet normal -0.76427 0.644896 0
    outer loop
      vertex 80.0281 8.9086 8
      vertex 80.4209 9.37411 8.8
      vertex 80.4209 9.37411 8
    endloop
  endfacet
  facet normal -0.76427 0.644896 0
    outer loop
      vertex 80.4209 9.37411 8.8
      vertex 80.0281 8.9086 8
      vertex 80.0281 8.9086 8.8
    endloop
  endfacet
  facet normal -0.889028 0.457853 0
    outer loop
      vertex 79.7475 8.36375 8
      vertex 80.0281 8.9086 8.8
      vertex 80.0281 8.9086 8
    endloop
  endfacet
  facet normal -0.889028 0.457853 0
    outer loop
      vertex 80.0281 8.9086 8.8
      vertex 79.7475 8.36375 8
      vertex 79.7475 8.36375 8.8
    endloop
  endfacet
  facet normal -0.96548 0.260477 0
    outer loop
      vertex 79.5791 7.73956 8
      vertex 79.7475 8.36375 8.8
      vertex 79.7475 8.36375 8
    endloop
  endfacet
  facet normal -0.96548 0.260477 0
    outer loop
      vertex 79.7475 8.36375 8.8
      vertex 79.5791 7.73956 8
      vertex 79.5791 7.73956 8.8
    endloop
  endfacet
  facet normal -0.996836 0.0794884 0
    outer loop
      vertex 79.523 7.03603 8
      vertex 79.5791 7.73956 8.8
      vertex 79.5791 7.73956 8
    endloop
  endfacet
  facet normal -0.996836 0.0794884 0
    outer loop
      vertex 79.5791 7.73956 8.8
      vertex 79.523 7.03603 8
      vertex 79.523 7.03603 8.8
    endloop
  endfacet
  facet normal -0.996811 -0.0797973 0
    outer loop
      vertex 79.5802 6.3215 8
      vertex 79.523 7.03603 8.8
      vertex 79.523 7.03603 8
    endloop
  endfacet
  facet normal -0.996811 -0.0797973 0
    outer loop
      vertex 79.523 7.03603 8.8
      vertex 79.5802 6.3215 8
      vertex 79.5802 6.3215 8.8
    endloop
  endfacet
  facet normal -0.964941 -0.262467 0
    outer loop
      vertex 79.7516 5.69136 8
      vertex 79.5802 6.3215 8.8
      vertex 79.5802 6.3215 8
    endloop
  endfacet
  facet normal -0.964941 -0.262467 0
    outer loop
      vertex 79.5802 6.3215 8.8
      vertex 79.7516 5.69136 8
      vertex 79.7516 5.69136 8.8
    endloop
  endfacet
  facet normal -0.885994 -0.463698 0
    outer loop
      vertex 80.0372 5.14566 8
      vertex 79.7516 5.69136 8.8
      vertex 79.7516 5.69136 8
    endloop
  endfacet
  facet normal -0.885994 -0.463698 0
    outer loop
      vertex 79.7516 5.69136 8.8
      vertex 80.0372 5.14566 8
      vertex 80.0372 5.14566 8.8
    endloop
  endfacet
  facet normal -0.755596 -0.655038 0
    outer loop
      vertex 80.4371 4.68437 8
      vertex 80.0372 5.14566 8.8
      vertex 80.0372 5.14566 8
    endloop
  endfacet
  facet normal -0.755596 -0.655038 0
    outer loop
      vertex 80.0372 5.14566 8.8
      vertex 80.4371 4.68437 8
      vertex 80.4371 4.68437 8.8
    endloop
  endfacet
  facet normal -0.589066 -0.808085 0
    outer loop
      vertex 80.4371 4.68437 8
      vertex 80.9401 4.3177 8.8
      vertex 80.4371 4.68437 8.8
    endloop
  endfacet
  facet normal -0.589066 -0.808085 -0
    outer loop
      vertex 80.9401 4.3177 8.8
      vertex 80.4371 4.68437 8
      vertex 80.9401 4.3177 8
    endloop
  endfacet
  facet normal -0.402924 -0.915233 0
    outer loop
      vertex 80.9401 4.3177 8
      vertex 81.535 4.0558 8.8
      vertex 80.9401 4.3177 8.8
    endloop
  endfacet
  facet normal -0.402924 -0.915233 -0
    outer loop
      vertex 81.535 4.0558 8.8
      vertex 80.9401 4.3177 8
      vertex 81.535 4.0558 8
    endloop
  endfacet
  facet normal -0.223023 -0.974813 0
    outer loop
      vertex 81.535 4.0558 8
      vertex 82.2218 3.89867 8.8
      vertex 81.535 4.0558 8.8
    endloop
  endfacet
  facet normal -0.223023 -0.974813 -0
    outer loop
      vertex 82.2218 3.89867 8.8
      vertex 81.535 4.0558 8
      vertex 82.2218 3.89867 8
    endloop
  endfacet
  facet normal -0.0671356 -0.997744 0
    outer loop
      vertex 82.2218 3.89867 8
      vertex 83.0004 3.84628 8.8
      vertex 82.2218 3.89867 8.8
    endloop
  endfacet
  facet normal -0.0671356 -0.997744 -0
    outer loop
      vertex 83.0004 3.84628 8.8
      vertex 82.2218 3.89867 8
      vertex 83.0004 3.84628 8
    endloop
  endfacet
  facet normal 0.0241729 -0.999708 0
    outer loop
      vertex 83.0004 3.84628 8
      vertex 83.3449 3.85461 8.8
      vertex 83.0004 3.84628 8.8
    endloop
  endfacet
  facet normal 0.0241729 -0.999708 0
    outer loop
      vertex 83.3449 3.85461 8.8
      vertex 83.0004 3.84628 8
      vertex 83.3449 3.85461 8
    endloop
  endfacet
  facet normal 0.978025 -0.20849 0
    outer loop
      vertex 81.5248 7.70163 8.8
      vertex 81.5848 7.98309 8
      vertex 81.5848 7.98309 8.8
    endloop
  endfacet
  facet normal 0.978025 -0.20849 0
    outer loop
      vertex 81.5848 7.98309 8
      vertex 81.5248 7.70163 8.8
      vertex 81.5248 7.70163 8
    endloop
  endfacet
  facet normal 0.935239 -0.354016 0
    outer loop
      vertex 81.5848 7.98309 8.8
      vertex 81.6781 8.22957 8
      vertex 81.6781 8.22957 8.8
    endloop
  endfacet
  facet normal 0.935239 -0.354016 0
    outer loop
      vertex 81.6781 8.22957 8
      vertex 81.5848 7.98309 8.8
      vertex 81.5848 7.98309 8
    endloop
  endfacet
  facet normal 0.858376 -0.513021 0
    outer loop
      vertex 81.6781 8.22957 8.8
      vertex 81.8045 8.44106 8
      vertex 81.8045 8.44106 8.8
    endloop
  endfacet
  facet normal 0.858376 -0.513021 0
    outer loop
      vertex 81.8045 8.44106 8
      vertex 81.6781 8.22957 8.8
      vertex 81.6781 8.22957 8
    endloop
  endfacet
  facet normal 0.741497 -0.670956 0
    outer loop
      vertex 81.8045 8.44106 8.8
      vertex 81.9642 8.61755 8
      vertex 81.9642 8.61755 8.8
    endloop
  endfacet
  facet normal 0.741497 -0.670956 0
    outer loop
      vertex 81.9642 8.61755 8
      vertex 81.8045 8.44106 8.8
      vertex 81.8045 8.44106 8
    endloop
  endfacet
  facet normal 0.591613 -0.806222 0
    outer loop
      vertex 81.9642 8.61755 8
      vertex 82.1538 8.75668 8.8
      vertex 81.9642 8.61755 8.8
    endloop
  endfacet
  facet normal 0.591613 -0.806222 0
    outer loop
      vertex 82.1538 8.75668 8.8
      vertex 81.9642 8.61755 8
      vertex 82.1538 8.75668 8
    endloop
  endfacet
  facet normal 0.41794 -0.908474 0
    outer loop
      vertex 82.1538 8.75668 8
      vertex 82.3698 8.85605 8.8
      vertex 82.1538 8.75668 8.8
    endloop
  endfacet
  facet normal 0.41794 -0.908474 0
    outer loop
      vertex 82.3698 8.85605 8.8
      vertex 82.1538 8.75668 8
      vertex 82.3698 8.85605 8
    endloop
  endfacet
  facet normal 0.238877 -0.97105 0
    outer loop
      vertex 82.3698 8.85605 8
      vertex 82.6122 8.91568 8.8
      vertex 82.3698 8.85605 8.8
    endloop
  endfacet
  facet normal 0.238877 -0.97105 0
    outer loop
      vertex 82.6122 8.91568 8.8
      vertex 82.3698 8.85605 8
      vertex 82.6122 8.91568 8
    endloop
  endfacet
  facet normal 0.07372 -0.997279 0
    outer loop
      vertex 82.6122 8.91568 8
      vertex 82.881 8.93555 8.8
      vertex 82.6122 8.91568 8.8
    endloop
  endfacet
  facet normal 0.07372 -0.997279 0
    outer loop
      vertex 82.881 8.93555 8.8
      vertex 82.6122 8.91568 8
      vertex 82.881 8.93555 8
    endloop
  endfacet
  facet normal -0.0852588 -0.996359 0
    outer loop
      vertex 82.881 8.93555 8
      vertex 83.1291 8.91432 8.8
      vertex 82.881 8.93555 8.8
    endloop
  endfacet
  facet normal -0.0852588 -0.996359 -0
    outer loop
      vertex 83.1291 8.91432 8.8
      vertex 82.881 8.93555 8
      vertex 83.1291 8.91432 8
    endloop
  endfacet
  facet normal -0.274437 -0.961605 0
    outer loop
      vertex 83.1291 8.91432 8
      vertex 83.3523 8.85062 8.8
      vertex 83.1291 8.91432 8.8
    endloop
  endfacet
  facet normal -0.274437 -0.961605 -0
    outer loop
      vertex 83.3523 8.85062 8.8
      vertex 83.1291 8.91432 8
      vertex 83.3523 8.85062 8
    endloop
  endfacet
  facet normal -0.471521 -0.881855 0
    outer loop
      vertex 83.3523 8.85062 8
      vertex 83.5509 8.74443 8.8
      vertex 83.3523 8.85062 8.8
    endloop
  endfacet
  facet normal -0.471521 -0.881855 -0
    outer loop
      vertex 83.5509 8.74443 8.8
      vertex 83.3523 8.85062 8
      vertex 83.5509 8.74443 8
    endloop
  endfacet
  facet normal -0.650172 -0.759787 0
    outer loop
      vertex 83.5509 8.74443 8
      vertex 83.7246 8.59579 8.8
      vertex 83.5509 8.74443 8.8
    endloop
  endfacet
  facet normal -0.650172 -0.759787 -0
    outer loop
      vertex 83.7246 8.59579 8.8
      vertex 83.5509 8.74443 8
      vertex 83.7246 8.59579 8
    endloop
  endfacet
  facet normal -0.791949 -0.610587 0
    outer loop
      vertex 83.8659 8.41252 8
      vertex 83.7246 8.59579 8.8
      vertex 83.7246 8.59579 8
    endloop
  endfacet
  facet normal -0.791949 -0.610587 0
    outer loop
      vertex 83.7246 8.59579 8.8
      vertex 83.8659 8.41252 8
      vertex 83.8659 8.41252 8.8
    endloop
  endfacet
  facet normal -0.901611 -0.432547 0
    outer loop
      vertex 83.9667 8.20241 8
      vertex 83.8659 8.41252 8.8
      vertex 83.8659 8.41252 8
    endloop
  endfacet
  facet normal -0.901611 -0.432547 0
    outer loop
      vertex 83.8659 8.41252 8.8
      vertex 83.9667 8.20241 8
      vertex 83.9667 8.20241 8.8
    endloop
  endfacet
  facet normal -0.96882 -0.247765 0
    outer loop
      vertex 84.0273 7.96545 8
      vertex 83.9667 8.20241 8.8
      vertex 83.9667 8.20241 8
    endloop
  endfacet
  facet normal -0.96882 -0.247765 0
    outer loop
      vertex 83.9667 8.20241 8.8
      vertex 84.0273 7.96545 8
      vertex 84.0273 7.96545 8.8
    endloop
  endfacet
  facet normal -0.99711 -0.0759681 0
    outer loop
      vertex 84.0474 7.70163 8
      vertex 84.0273 7.96545 8.8
      vertex 84.0273 7.96545 8
    endloop
  endfacet
  facet normal -0.99711 -0.0759681 0
    outer loop
      vertex 84.0273 7.96545 8.8
      vertex 84.0474 7.70163 8
      vertex 84.0474 7.70163 8.8
    endloop
  endfacet
  facet normal 0 1 -0
    outer loop
      vertex 84.0474 7.70163 8
      vertex 81.5248 7.70163 8.8
      vertex 84.0474 7.70163 8.8
    endloop
  endfacet
  facet normal 0 1 0
    outer loop
      vertex 81.5248 7.70163 8.8
      vertex 84.0474 7.70163 8
      vertex 81.5248 7.70163 8
    endloop
  endfacet
  facet normal -0.768945 -0.639314 0
    outer loop
      vertex 59.9805 4.63263 8
      vertex 59.7744 4.88052 8.8
      vertex 59.7744 4.88052 8
    endloop
  endfacet
  facet normal -0.768945 -0.639314 0
    outer loop
      vertex 59.7744 4.88052 8.8
      vertex 59.9805 4.63263 8
      vertex 59.9805 4.63263 8.8
    endloop
  endfacet
  facet normal -0.700566 -0.713588 0
    outer loop
      vertex 59.9805 4.63263 8
      vertex 60.1975 4.41959 8.8
      vertex 59.9805 4.63263 8.8
    endloop
  endfacet
  facet normal -0.700566 -0.713588 -0
    outer loop
      vertex 60.1975 4.41959 8.8
      vertex 59.9805 4.63263 8
      vertex 60.1975 4.41959 8
    endloop
  endfacet
  facet normal -0.615973 -0.787768 0
    outer loop
      vertex 60.1975 4.41959 8
      vertex 60.4254 4.24139 8.8
      vertex 60.1975 4.41959 8.8
    endloop
  endfacet
  facet normal -0.615973 -0.787768 -0
    outer loop
      vertex 60.4254 4.24139 8.8
      vertex 60.1975 4.41959 8
      vertex 60.4254 4.24139 8
    endloop
  endfacet
  facet normal -0.514813 -0.857303 0
    outer loop
      vertex 60.4254 4.24139 8
      vertex 60.6641 4.09805 8.8
      vertex 60.4254 4.24139 8.8
    endloop
  endfacet
  facet normal -0.514813 -0.857303 -0
    outer loop
      vertex 60.6641 4.09805 8.8
      vertex 60.4254 4.24139 8
      vertex 60.6641 4.09805 8
    endloop
  endfacet
  facet normal -0.398918 -0.916987 0
    outer loop
      vertex 60.6641 4.09805 8
      vertex 60.9173 3.9879 8.8
      vertex 60.6641 4.09805 8.8
    endloop
  endfacet
  facet normal -0.398918 -0.916987 -0
    outer loop
      vertex 60.9173 3.9879 8.8
      vertex 60.6641 4.09805 8
      vertex 60.9173 3.9879 8
    endloop
  endfacet
  facet normal -0.278218 -0.960518 0
    outer loop
      vertex 60.9173 3.9879 8
      vertex 61.1889 3.90923 8.8
      vertex 60.9173 3.9879 8.8
    endloop
  endfacet
  facet normal -0.278218 -0.960518 -0
    outer loop
      vertex 61.1889 3.90923 8.8
      vertex 60.9173 3.9879 8
      vertex 61.1889 3.90923 8
    endloop
  endfacet
  facet normal -0.160699 -0.987004 0
    outer loop
      vertex 61.1889 3.90923 8
      vertex 61.4788 3.86203 8.8
      vertex 61.1889 3.90923 8.8
    endloop
  endfacet
  facet normal -0.160699 -0.987004 -0
    outer loop
      vertex 61.4788 3.86203 8.8
      vertex 61.1889 3.90923 8
      vertex 61.4788 3.86203 8
    endloop
  endfacet
  facet normal -0.0510366 -0.998697 0
    outer loop
      vertex 61.4788 3.86203 8
      vertex 61.787 3.84628 8.8
      vertex 61.4788 3.86203 8.8
    endloop
  endfacet
  facet normal -0.0510366 -0.998697 -0
    outer loop
      vertex 61.787 3.84628 8.8
      vertex 61.4788 3.86203 8
      vertex 61.787 3.84628 8
    endloop
  endfacet
  facet normal 0.103413 -0.994638 0
    outer loop
      vertex 61.787 3.84628 8
      vertex 62.3234 3.90205 8.8
      vertex 61.787 3.84628 8.8
    endloop
  endfacet
  facet normal 0.103413 -0.994638 0
    outer loop
      vertex 62.3234 3.90205 8.8
      vertex 61.787 3.84628 8
      vertex 62.3234 3.90205 8
    endloop
  endfacet
  facet normal 0.325408 -0.945574 0
    outer loop
      vertex 62.3234 3.90205 8
      vertex 62.8096 4.06937 8.8
      vertex 62.3234 3.90205 8.8
    endloop
  endfacet
  facet normal 0.325408 -0.945574 0
    outer loop
      vertex 62.8096 4.06937 8.8
      vertex 62.3234 3.90205 8
      vertex 62.8096 4.06937 8
    endloop
  endfacet
  facet normal 0.538706 -0.842494 0
    outer loop
      vertex 62.8096 4.06937 8
      vertex 63.2457 4.34822 8.8
      vertex 62.8096 4.06937 8.8
    endloop
  endfacet
  facet normal 0.538706 -0.842494 0
    outer loop
      vertex 63.2457 4.34822 8.8
      vertex 62.8096 4.06937 8
      vertex 63.2457 4.34822 8
    endloop
  endfacet
  facet normal 0.711267 -0.702922 0
    outer loop
      vertex 63.2457 4.34822 8.8
      vertex 63.6315 4.7386 8
      vertex 63.6315 4.7386 8.8
    endloop
  endfacet
  facet normal 0.711267 -0.702922 0
    outer loop
      vertex 63.6315 4.7386 8
      vertex 63.2457 4.34822 8.8
      vertex 63.2457 4.34822 8
    endloop
  endfacet
  facet normal 0.83456 -0.550917 0
    outer loop
      vertex 63.6315 4.7386 8.8
      vertex 63.9472 5.21684 8
      vertex 63.9472 5.21684 8.8
    endloop
  endfacet
  facet normal 0.83456 -0.550917 0
    outer loop
      vertex 63.9472 5.21684 8
      vertex 63.6315 4.7386 8.8
      vertex 63.6315 4.7386 8
    endloop
  endfacet
  facet normal 0.923361 -0.383932 0
    outer loop
      vertex 63.9472 5.21684 8.8
      vertex 64.1727 5.75917 8
      vertex 64.1727 5.75917 8.8
    endloop
  endfacet
  facet normal 0.923361 -0.383932 0
    outer loop
      vertex 64.1727 5.75917 8
      vertex 63.9472 5.21684 8.8
      vertex 63.9472 5.21684 8
    endloop
  endfacet
  facet normal 0.976035 -0.217612 0
    outer loop
      vertex 64.1727 5.75917 8.8
      vertex 64.3079 6.36557 8
      vertex 64.3079 6.36557 8.8
    endloop
  endfacet
  facet normal 0.976035 -0.217612 0
    outer loop
      vertex 64.3079 6.36557 8
      vertex 64.1727 5.75917 8.8
      vertex 64.1727 5.75917 8
    endloop
  endfacet
  facet normal 0.997745 -0.0671156 0
    outer loop
      vertex 64.3079 6.36557 8.8
      vertex 64.353 7.03603 8
      vertex 64.353 7.03603 8.8
    endloop
  endfacet
  facet normal 0.997745 -0.0671156 0
    outer loop
      vertex 64.353 7.03603 8
      vertex 64.3079 6.36557 8.8
      vertex 64.3079 6.36557 8
    endloop
  endfacet
  facet normal 0.997745 0.0671136 0
    outer loop
      vertex 64.353 7.03603 8.8
      vertex 64.3079 7.70651 8
      vertex 64.3079 7.70651 8.8
    endloop
  endfacet
  facet normal 0.997745 0.0671136 0
    outer loop
      vertex 64.3079 7.70651 8
      vertex 64.353 7.03603 8.8
      vertex 64.353 7.03603 8
    endloop
  endfacet
  facet normal 0.976035 0.217616 0
    outer loop
      vertex 64.3079 7.70651 8.8
      vertex 64.1727 8.3129 8
      vertex 64.1727 8.3129 8.8
    endloop
  endfacet
  facet normal 0.976035 0.217616 0
    outer loop
      vertex 64.1727 8.3129 8
      vertex 64.3079 7.70651 8.8
      vertex 64.3079 7.70651 8
    endloop
  endfacet
  facet normal 0.923351 0.383956 0
    outer loop
      vertex 64.1727 8.3129 8.8
      vertex 63.9472 8.85519 8
      vertex 63.9472 8.85519 8.8
    endloop
  endfacet
  facet normal 0.923351 0.383956 0
    outer loop
      vertex 63.9472 8.85519 8
      vertex 64.1727 8.3129 8.8
      vertex 64.1727 8.3129 8
    endloop
  endfacet
  facet normal 0.834539 0.550949 0
    outer loop
      vertex 63.9472 8.85519 8.8
      vertex 63.6315 9.33339 8
      vertex 63.6315 9.33339 8.8
    endloop
  endfacet
  facet normal 0.834539 0.550949 0
    outer loop
      vertex 63.6315 9.33339 8
      vertex 63.9472 8.85519 8.8
      vertex 63.9472 8.85519 8
    endloop
  endfacet
  facet normal 0.711312 0.702877 0
    outer loop
      vertex 63.6315 9.33339 8.8
      vertex 63.2457 9.72382 8
      vertex 63.2457 9.72382 8.8
    endloop
  endfacet
  facet normal 0.711312 0.702877 0
    outer loop
      vertex 63.2457 9.72382 8
      vertex 63.6315 9.33339 8.8
      vertex 63.6315 9.33339 8
    endloop
  endfacet
  facet normal 0.538747 0.842468 -0
    outer loop
      vertex 63.2457 9.72382 8
      vertex 62.8096 10.0027 8.8
      vertex 63.2457 9.72382 8.8
    endloop
  endfacet
  facet normal 0.538747 0.842468 0
    outer loop
      vertex 62.8096 10.0027 8.8
      vertex 63.2457 9.72382 8
      vertex 62.8096 10.0027 8
    endloop
  endfacet
  facet normal 0.325373 0.945586 -0
    outer loop
      vertex 62.8096 10.0027 8
      vertex 62.3234 10.17 8.8
      vertex 62.8096 10.0027 8.8
    endloop
  endfacet
  facet normal 0.325373 0.945586 0
    outer loop
      vertex 62.3234 10.17 8.8
      vertex 62.8096 10.0027 8
      vertex 62.3234 10.17 8
    endloop
  endfacet
  facet normal 0.103469 0.994633 -0
    outer loop
      vertex 62.3234 10.17 8
      vertex 61.787 10.2258 8.8
      vertex 62.3234 10.17 8.8
    endloop
  endfacet
  facet normal 0.103469 0.994633 0
    outer loop
      vertex 61.787 10.2258 8.8
      vertex 62.3234 10.17 8
      vertex 61.787 10.2258 8
    endloop
  endfacet
  facet normal -0.050875 0.998705 0
    outer loop
      vertex 61.787 10.2258 8
      vertex 61.4788 10.2101 8.8
      vertex 61.787 10.2258 8.8
    endloop
  endfacet
  facet normal -0.050875 0.998705 0
    outer loop
      vertex 61.4788 10.2101 8.8
      vertex 61.787 10.2258 8
      vertex 61.4788 10.2101 8
    endloop
  endfacet
  facet normal -0.16103 0.986949 0
    outer loop
      vertex 61.4788 10.2101 8
      vertex 61.1889 10.1628 8.8
      vertex 61.4788 10.2101 8.8
    endloop
  endfacet
  facet normal -0.16103 0.986949 0
    outer loop
      vertex 61.1889 10.1628 8.8
      vertex 61.4788 10.2101 8
      vertex 61.1889 10.1628 8
    endloop
  endfacet
  facet normal -0.278316 0.96049 0
    outer loop
      vertex 61.1889 10.1628 8
      vertex 60.9173 10.0841 8.8
      vertex 61.1889 10.1628 8.8
    endloop
  endfacet
  facet normal -0.278316 0.96049 0
    outer loop
      vertex 60.9173 10.0841 8.8
      vertex 61.1889 10.1628 8
      vertex 60.9173 10.0841 8
    endloop
  endfacet
  facet normal -0.398918 0.916987 0
    outer loop
      vertex 60.9173 10.0841 8
      vertex 60.6641 9.97395 8.8
      vertex 60.9173 10.0841 8.8
    endloop
  endfacet
  facet normal -0.398918 0.916987 0
    outer loop
      vertex 60.6641 9.97395 8.8
      vertex 60.9173 10.0841 8
      vertex 60.6641 9.97395 8
    endloop
  endfacet
  facet normal -0.514733 0.85735 0
    outer loop
      vertex 60.6641 9.97395 8
      vertex 60.4254 9.83064 8.8
      vertex 60.6641 9.97395 8.8
    endloop
  endfacet
  facet normal -0.514733 0.85735 0
    outer loop
      vertex 60.4254 9.83064 8.8
      vertex 60.6641 9.97395 8
      vertex 60.4254 9.83064 8
    endloop
  endfacet
  facet normal -0.615908 0.787818 0
    outer loop
      vertex 60.4254 9.83064 8
      vertex 60.1975 9.65247 8.8
      vertex 60.4254 9.83064 8.8
    endloop
  endfacet
  facet normal -0.615908 0.787818 0
    outer loop
      vertex 60.1975 9.65247 8.8
      vertex 60.4254 9.83064 8
      vertex 60.1975 9.65247 8
    endloop
  endfacet
  facet normal -0.700549 0.713604 0
    outer loop
      vertex 60.1975 9.65247 8
      vertex 59.9805 9.43944 8.8
      vertex 60.1975 9.65247 8.8
    endloop
  endfacet
  facet normal -0.700549 0.713604 0
    outer loop
      vertex 59.9805 9.43944 8.8
      vertex 60.1975 9.65247 8
      vertex 59.9805 9.43944 8
    endloop
  endfacet
  facet normal -0.768933 0.63933 0
    outer loop
      vertex 59.7744 9.19156 8
      vertex 59.9805 9.43944 8.8
      vertex 59.9805 9.43944 8
    endloop
  endfacet
  facet normal -0.768933 0.63933 0
    outer loop
      vertex 59.9805 9.43944 8.8
      vertex 59.7744 9.19156 8
      vertex 59.7744 9.19156 8.8
    endloop
  endfacet
  facet normal 1 -0 0
    outer loop
      vertex 59.7744 9.19156 8.8
      vertex 59.7744 10.0824 8
      vertex 59.7744 10.0824 8.8
    endloop
  endfacet
  facet normal 1 0 0
    outer loop
      vertex 59.7744 10.0824 8
      vertex 59.7744 9.19156 8.8
      vertex 59.7744 9.19156 8
    endloop
  endfacet
  facet normal 0 1 -0
    outer loop
      vertex 59.7744 10.0824 8
      vertex 57.8322 10.0824 8.8
      vertex 59.7744 10.0824 8.8
    endloop
  endfacet
  facet normal 0 1 0
    outer loop
      vertex 57.8322 10.0824 8.8
      vertex 59.7744 10.0824 8
      vertex 57.8322 10.0824 8
    endloop
  endfacet
  facet normal -1 0 0
    outer loop
      vertex 57.8322 1.69589 8
      vertex 57.8322 10.0824 8.8
      vertex 57.8322 10.0824 8
    endloop
  endfacet
  facet normal -1 -0 0
    outer loop
      vertex 57.8322 10.0824 8.8
      vertex 57.8322 1.69589 8
      vertex 57.8322 1.69589 8.8
    endloop
  endfacet
  facet normal 0 -1 0
    outer loop
      vertex 57.8322 1.69589 8
      vertex 59.7744 1.69589 8.8
      vertex 57.8322 1.69589 8.8
    endloop
  endfacet
  facet normal 0 -1 -0
    outer loop
      vertex 59.7744 1.69589 8.8
      vertex 57.8322 1.69589 8
      vertex 59.7744 1.69589 8
    endloop
  endfacet
  facet normal 1 -0 0
    outer loop
      vertex 59.7744 1.69589 8.8
      vertex 59.7744 4.88052 8
      vertex 59.7744 4.88052 8.8
    endloop
  endfacet
  facet normal 1 0 0
    outer loop
      vertex 59.7744 4.88052 8
      vertex 59.7744 1.69589 8.8
      vertex 59.7744 1.69589 8
    endloop
  endfacet
  facet normal 0.316548 0.948576 -0
    outer loop
      vertex 60.7717 5.28806 8
      vertex 60.5142 5.37399 8.8
      vertex 60.7717 5.28806 8.8
    endloop
  endfacet
  facet normal 0.316548 0.948576 0
    outer loop
      vertex 60.5142 5.37399 8.8
      vertex 60.7717 5.28806 8
      vertex 60.5142 5.37399 8
    endloop
  endfacet
  facet normal 0.543494 0.839413 -0
    outer loop
      vertex 60.5142 5.37399 8
      vertex 60.293 5.51721 8.8
      vertex 60.5142 5.37399 8.8
    endloop
  endfacet
  facet normal 0.543494 0.839413 0
    outer loop
      vertex 60.293 5.51721 8.8
      vertex 60.5142 5.37399 8
      vertex 60.293 5.51721 8
    endloop
  endfacet
  facet normal 0.734978 0.678091 0
    outer loop
      vertex 60.293 5.51721 8.8
      vertex 60.108 5.71773 8
      vertex 60.108 5.71773 8.8
    endloop
  endfacet
  facet normal 0.734978 0.678091 0
    outer loop
      vertex 60.108 5.71773 8
      vertex 60.293 5.51721 8.8
      vertex 60.293 5.51721 8
    endloop
  endfacet
  facet normal 0.867361 0.49768 0
    outer loop
      vertex 60.108 5.71773 8.8
      vertex 59.962 5.97218 8
      vertex 59.962 5.97218 8.8
    endloop
  endfacet
  facet normal 0.867361 0.49768 0
    outer loop
      vertex 59.962 5.97218 8
      vertex 60.108 5.71773 8.8
      vertex 60.108 5.71773 8
    endloop
  endfacet
  facet normal 0.946289 0.323321 0
    outer loop
      vertex 59.962 5.97218 8.8
      vertex 59.8578 6.27715 8
      vertex 59.8578 6.27715 8.8
    endloop
  endfacet
  facet normal 0.946289 0.323321 0
    outer loop
      vertex 59.8578 6.27715 8
      vertex 59.962 5.97218 8.8
      vertex 59.962 5.97218 8
    endloop
  endfacet
  facet normal 0.984846 0.173431 0
    outer loop
      vertex 59.8578 6.27715 8.8
      vertex 59.7952 6.63263 8
      vertex 59.7952 6.63263 8.8
    endloop
  endfacet
  facet normal 0.984846 0.173431 0
    outer loop
      vertex 59.7952 6.63263 8
      vertex 59.8578 6.27715 8.8
      vertex 59.8578 6.27715 8
    endloop
  endfacet
  facet normal 0.99869 0.0511695 0
    outer loop
      vertex 59.7952 6.63263 8.8
      vertex 59.7744 7.03859 8
      vertex 59.7744 7.03859 8.8
    endloop
  endfacet
  facet normal 0.99869 0.0511695 0
    outer loop
      vertex 59.7744 7.03859 8
      vertex 59.7952 6.63263 8.8
      vertex 59.7952 6.63263 8
    endloop
  endfacet
  facet normal 0.99869 -0.0511682 0
    outer loop
      vertex 59.7744 7.03859 8.8
      vertex 59.7952 7.44456 8
      vertex 59.7952 7.44456 8.8
    endloop
  endfacet
  facet normal 0.99869 -0.0511682 0
    outer loop
      vertex 59.7952 7.44456 8
      vertex 59.7744 7.03859 8.8
      vertex 59.7744 7.03859 8
    endloop
  endfacet
  facet normal 0.984845 -0.173436 0
    outer loop
      vertex 59.7952 7.44456 8.8
      vertex 59.8578 7.80003 8
      vertex 59.8578 7.80003 8.8
    endloop
  endfacet
  facet normal 0.984845 -0.173436 0
    outer loop
      vertex 59.8578 7.80003 8
      vertex 59.7952 7.44456 8.8
      vertex 59.7952 7.44456 8
    endloop
  endfacet
  facet normal 0.946279 -0.32335 0
    outer loop
      vertex 59.8578 7.80003 8.8
      vertex 59.962 8.10497 8
      vertex 59.962 8.10497 8.8
    endloop
  endfacet
  facet normal 0.946279 -0.32335 0
    outer loop
      vertex 59.962 8.10497 8
      vertex 59.8578 7.80003 8.8
      vertex 59.8578 7.80003 8
    endloop
  endfacet
  facet normal 0.867335 -0.497724 0
    outer loop
      vertex 59.962 8.10497 8.8
      vertex 60.108 8.35939 8
      vertex 60.108 8.35939 8.8
    endloop
  endfacet
  facet normal 0.867335 -0.497724 0
    outer loop
      vertex 60.108 8.35939 8
      vertex 59.962 8.10497 8.8
      vertex 59.962 8.10497 8
    endloop
  endfacet
  facet normal 0.735028 -0.678037 0
    outer loop
      vertex 60.108 8.35939 8.8
      vertex 60.293 8.55994 8
      vertex 60.293 8.55994 8.8
    endloop
  endfacet
  facet normal 0.735028 -0.678037 0
    outer loop
      vertex 60.293 8.55994 8
      vertex 60.108 8.35939 8.8
      vertex 60.108 8.35939 8
    endloop
  endfacet
  facet normal 0.543574 -0.839361 0
    outer loop
      vertex 60.293 8.55994 8
      vertex 60.5142 8.70319 8.8
      vertex 60.293 8.55994 8.8
    endloop
  endfacet
  facet normal 0.543574 -0.839361 0
    outer loop
      vertex 60.5142 8.70319 8.8
      vertex 60.293 8.55994 8
      vertex 60.5142 8.70319 8
    endloop
  endfacet
  facet normal 0.316615 -0.948554 0
    outer loop
      vertex 60.5142 8.70319 8
      vertex 60.7717 8.78914 8.8
      vertex 60.5142 8.70319 8.8
    endloop
  endfacet
  facet normal 0.316615 -0.948554 0
    outer loop
      vertex 60.7717 8.78914 8.8
      vertex 60.5142 8.70319 8
      vertex 60.7717 8.78914 8
    endloop
  endfacet
  facet normal 0.0970549 -0.995279 0
    outer loop
      vertex 60.7717 8.78914 8
      vertex 61.0655 8.81779 8.8
      vertex 60.7717 8.78914 8.8
    endloop
  endfacet
  facet normal 0.0970549 -0.995279 0
    outer loop
      vertex 61.0655 8.81779 8.8
      vertex 60.7717 8.78914 8
      vertex 61.0655 8.81779 8
    endloop
  endfacet
  facet normal -0.0965821 -0.995325 0
    outer loop
      vertex 61.0655 8.81779 8
      vertex 61.359 8.78931 8.8
      vertex 61.0655 8.81779 8.8
    endloop
  endfacet
  facet normal -0.0965821 -0.995325 -0
    outer loop
      vertex 61.359 8.78931 8.8
      vertex 61.0655 8.81779 8
      vertex 61.359 8.78931 8
    endloop
  endfacet
  facet normal -0.316028 -0.94875 0
    outer loop
      vertex 61.359 8.78931 8
      vertex 61.6155 8.70387 8.8
      vertex 61.359 8.78931 8.8
    endloop
  endfacet
  facet normal -0.316028 -0.94875 -0
    outer loop
      vertex 61.6155 8.70387 8.8
      vertex 61.359 8.78931 8
      vertex 61.6155 8.70387 8
    endloop
  endfacet
  facet normal -0.544222 -0.838941 0
    outer loop
      vertex 61.6155 8.70387 8
      vertex 61.835 8.56148 8.8
      vertex 61.6155 8.70387 8.8
    endloop
  endfacet
  facet normal -0.544222 -0.838941 -0
    outer loop
      vertex 61.835 8.56148 8.8
      vertex 61.6155 8.70387 8
      vertex 61.835 8.56148 8
    endloop
  endfacet
  facet normal -0.737441 -0.675411 0
    outer loop
      vertex 62.0176 8.36211 8
      vertex 61.835 8.56148 8.8
      vertex 61.835 8.56148 8
    endloop
  endfacet
  facet normal -0.737441 -0.675411 0
    outer loop
      vertex 61.835 8.56148 8.8
      vertex 62.0176 8.36211 8
      vertex 62.0176 8.36211 8.8
    endloop
  endfacet
  facet normal -0.870154 -0.49278 0
    outer loop
      vertex 62.1612 8.10854 8
      vertex 62.0176 8.36211 8.8
      vertex 62.0176 8.36211 8
    endloop
  endfacet
  facet normal -0.870154 -0.49278 0
    outer loop
      vertex 62.0176 8.36211 8.8
      vertex 62.1612 8.10854 8
      vertex 62.1612 8.10854 8.8
    endloop
  endfacet
  facet normal -0.947841 -0.318743 0
    outer loop
      vertex 62.2638 7.80344 8
      vertex 62.1612 8.10854 8.8
      vertex 62.1612 8.10854 8
    endloop
  endfacet
  facet normal -0.947841 -0.318743 0
    outer loop
      vertex 62.1612 8.10854 8.8
      vertex 62.2638 7.80344 8
      vertex 62.2638 7.80344 8.8
    endloop
  endfacet
  facet normal -0.985457 -0.169925 0
    outer loop
      vertex 62.3253 7.44678 8
      vertex 62.2638 7.80344 8.8
      vertex 62.2638 7.80344 8
    endloop
  endfacet
  facet normal -0.985457 -0.169925 0
    outer loop
      vertex 62.2638 7.80344 8.8
      vertex 62.3253 7.44678 8
      vertex 62.3253 7.44678 8.8
    endloop
  endfacet
  facet normal -0.998741 -0.0501585 0
    outer loop
      vertex 62.3458 7.03859 8
      vertex 62.3253 7.44678 8.8
      vertex 62.3253 7.44678 8
    endloop
  endfacet
  facet normal -0.998741 -0.0501585 0
    outer loop
      vertex 62.3253 7.44678 8.8
      vertex 62.3458 7.03859 8
      vertex 62.3458 7.03859 8.8
    endloop
  endfacet
  facet normal -0.998741 0.0501609 0
    outer loop
      vertex 62.3253 6.63042 8
      vertex 62.3458 7.03859 8.8
      vertex 62.3458 7.03859 8
    endloop
  endfacet
  facet normal -0.998741 0.0501609 0
    outer loop
      vertex 62.3458 7.03859 8.8
      vertex 62.3253 6.63042 8
      vertex 62.3253 6.63042 8.8
    endloop
  endfacet
  facet normal -0.985459 0.169916 0
    outer loop
      vertex 62.2638 6.27374 8
      vertex 62.3253 6.63042 8.8
      vertex 62.3253 6.63042 8
    endloop
  endfacet
  facet normal -0.985459 0.169916 0
    outer loop
      vertex 62.3253 6.63042 8.8
      vertex 62.2638 6.27374 8
      vertex 62.2638 6.27374 8.8
    endloop
  endfacet
  facet normal -0.947851 0.318715 0
    outer loop
      vertex 62.1612 5.96861 8
      vertex 62.2638 6.27374 8.8
      vertex 62.2638 6.27374 8
    endloop
  endfacet
  facet normal -0.947851 0.318715 0
    outer loop
      vertex 62.2638 6.27374 8.8
      vertex 62.1612 5.96861 8
      vertex 62.1612 5.96861 8.8
    endloop
  endfacet
  facet normal -0.870179 0.492736 0
    outer loop
      vertex 62.0176 5.71501 8
      vertex 62.1612 5.96861 8.8
      vertex 62.1612 5.96861 8
    endloop
  endfacet
  facet normal -0.870179 0.492736 0
    outer loop
      vertex 62.1612 5.96861 8.8
      vertex 62.0176 5.71501 8
      vertex 62.0176 5.71501 8.8
    endloop
  endfacet
  facet normal -0.737357 0.675503 0
    outer loop
      vertex 61.835 5.51569 8
      vertex 62.0176 5.71501 8.8
      vertex 62.0176 5.71501 8
    endloop
  endfacet
  facet normal -0.737357 0.675503 0
    outer loop
      vertex 62.0176 5.71501 8.8
      vertex 61.835 5.51569 8
      vertex 61.835 5.51569 8.8
    endloop
  endfacet
  facet normal -0.544195 0.838958 0
    outer loop
      vertex 61.835 5.51569 8
      vertex 61.6155 5.37331 8.8
      vertex 61.835 5.51569 8.8
    endloop
  endfacet
  facet normal -0.544195 0.838958 0
    outer loop
      vertex 61.6155 5.37331 8.8
      vertex 61.835 5.51569 8
      vertex 61.6155 5.37331 8
    endloop
  endfacet
  facet normal -0.315961 0.948772 0
    outer loop
      vertex 61.6155 5.37331 8
      vertex 61.359 5.28789 8.8
      vertex 61.6155 5.37331 8.8
    endloop
  endfacet
  facet normal -0.315961 0.948772 0
    outer loop
      vertex 61.359 5.28789 8.8
      vertex 61.6155 5.37331 8
      vertex 61.359 5.28789 8
    endloop
  endfacet
  facet normal -0.0965821 0.995325 0
    outer loop
      vertex 61.359 5.28789 8
      vertex 61.0655 5.25941 8.8
      vertex 61.359 5.28789 8.8
    endloop
  endfacet
  facet normal -0.0965821 0.995325 0
    outer loop
      vertex 61.0655 5.25941 8.8
      vertex 61.359 5.28789 8
      vertex 61.0655 5.25941 8
    endloop
  endfacet
  facet normal 0.0970549 0.995279 -0
    outer loop
      vertex 61.0655 5.25941 8
      vertex 60.7717 5.28806 8.8
      vertex 61.0655 5.25941 8.8
    endloop
  endfacet
  facet normal 0.0970549 0.995279 0
    outer loop
      vertex 60.7717 5.28806 8.8
      vertex 61.0655 5.25941 8
      vertex 60.7717 5.28806 8
    endloop
  endfacet
  facet normal 0.235353 -0.97191 0
    outer loop
      vertex 69.232 3.89919 8
      vertex 69.8872 4.05785 8.8
      vertex 69.232 3.89919 8.8
    endloop
  endfacet
  facet normal 0.235353 -0.97191 0
    outer loop
      vertex 69.8872 4.05785 8.8
      vertex 69.232 3.89919 8
      vertex 69.8872 4.05785 8
    endloop
  endfacet
  facet normal 0.421224 -0.906957 0
    outer loop
      vertex 69.8872 4.05785 8
      vertex 70.4566 4.3223 8.8
      vertex 69.8872 4.05785 8.8
    endloop
  endfacet
  facet normal 0.421224 -0.906957 0
    outer loop
      vertex 70.4566 4.3223 8.8
      vertex 69.8872 4.05785 8
      vertex 70.4566 4.3223 8
    endloop
  endfacet
  facet normal 0.607794 -0.794095 0
    outer loop
      vertex 70.4566 4.3223 8
      vertex 70.9403 4.69252 8.8
      vertex 70.4566 4.3223 8.8
    endloop
  endfacet
  facet normal 0.607794 -0.794095 0
    outer loop
      vertex 70.9403 4.69252 8.8
      vertex 70.4566 4.3223 8
      vertex 70.9403 4.69252 8
    endloop
  endfacet
  facet normal 0.768907 -0.639361 0
    outer loop
      vertex 70.9403 4.69252 8.8
      vertex 71.326 5.15637 8
      vertex 71.326 5.15637 8.8
    endloop
  endfacet
  facet normal 0.768907 -0.639361 0
    outer loop
      vertex 71.326 5.15637 8
      vertex 70.9403 4.69252 8.8
      vertex 70.9403 4.69252 8
    endloop
  endfacet
  facet normal 0.89252 -0.451008 0
    outer loop
      vertex 71.326 5.15637 8.8
      vertex 71.6015 5.70157 8
      vertex 71.6015 5.70157 8.8
    endloop
  endfacet
  facet normal 0.89252 -0.451008 0
    outer loop
      vertex 71.6015 5.70157 8
      vertex 71.326 5.15637 8.8
      vertex 71.326 5.15637 8
    endloop
  endfacet
  facet normal 0.966915 -0.255097 0
    outer loop
      vertex 71.6015 5.70157 8.8
      vertex 71.7668 6.32812 8
      vertex 71.7668 6.32812 8.8
    endloop
  endfacet
  facet normal 0.966915 -0.255097 0
    outer loop
      vertex 71.7668 6.32812 8
      vertex 71.6015 5.70157 8.8
      vertex 71.6015 5.70157 8
    endloop
  endfacet
  facet normal 0.996985 -0.0776 0
    outer loop
      vertex 71.7668 6.32812 8.8
      vertex 71.8219 7.03603 8
      vertex 71.8219 7.03603 8.8
    endloop
  endfacet
  facet normal 0.996985 -0.0776 0
    outer loop
      vertex 71.8219 7.03603 8
      vertex 71.7668 6.32812 8.8
      vertex 71.7668 6.32812 8
    endloop
  endfacet
  facet normal 0.996985 0.0776 0
    outer loop
      vertex 71.8219 7.03603 8.8
      vertex 71.7668 7.74394 8
      vertex 71.7668 7.74394 8.8
    endloop
  endfacet
  facet normal 0.996985 0.0776 0
    outer loop
      vertex 71.7668 7.74394 8
      vertex 71.8219 7.03603 8.8
      vertex 71.8219 7.03603 8
    endloop
  endfacet
  facet normal 0.966916 0.255093 0
    outer loop
      vertex 71.7668 7.74394 8.8
      vertex 71.6015 8.3705 8
      vertex 71.6015 8.3705 8.8
    endloop
  endfacet
  facet normal 0.966916 0.255093 0
    outer loop
      vertex 71.6015 8.3705 8
      vertex 71.7668 7.74394 8.8
      vertex 71.7668 7.74394 8
    endloop
  endfacet
  facet normal 0.892507 0.451034 0
    outer loop
      vertex 71.6015 8.3705 8.8
      vertex 71.326 8.91566 8
      vertex 71.326 8.91566 8.8
    endloop
  endfacet
  facet normal 0.892507 0.451034 0
    outer loop
      vertex 71.326 8.91566 8
      vertex 71.6015 8.3705 8.8
      vertex 71.6015 8.3705 8
    endloop
  endfacet
  facet normal 0.76888 0.639393 0
    outer loop
      vertex 71.326 8.91566 8.8
      vertex 70.9403 9.37947 8
      vertex 70.9403 9.37947 8.8
    endloop
  endfacet
  facet normal 0.76888 0.639393 0
    outer loop
      vertex 70.9403 9.37947 8
      vertex 71.326 8.91566 8.8
      vertex 71.326 8.91566 8
    endloop
  endfacet
  facet normal 0.607845 0.794055 -0
    outer loop
      vertex 70.9403 9.37947 8
      vertex 70.4566 9.74974 8.8
      vertex 70.9403 9.37947 8.8
    endloop
  endfacet
  facet normal 0.607845 0.794055 0
    outer loop
      vertex 70.4566 9.74974 8.8
      vertex 70.9403 9.37947 8
      vertex 70.4566 9.74974 8
    endloop
  endfacet
  facet normal 0.421237 0.906951 -0
    outer loop
      vertex 70.4566 9.74974 8
      vertex 69.8872 10.0142 8.8
      vertex 70.4566 9.74974 8.8
    endloop
  endfacet
  facet normal 0.421237 0.906951 0
    outer loop
      vertex 69.8872 10.0142 8.8
      vertex 70.4566 9.74974 8
      vertex 69.8872 10.0142 8
    endloop
  endfacet
  facet normal 0.235409 0.971896 -0
    outer loop
      vertex 69.8872 10.0142 8
      vertex 69.232 10.1729 8.8
      vertex 69.8872 10.0142 8.8
    endloop
  endfacet
  facet normal 0.235409 0.971896 0
    outer loop
      vertex 69.232 10.1729 8.8
      vertex 69.8872 10.0142 8
      vertex 69.232 10.1729 8
    endloop
  endfacet
  facet normal 0.0711992 0.997462 -0
    outer loop
      vertex 69.232 10.1729 8
      vertex 68.4909 10.2258 8.8
      vertex 69.232 10.1729 8.8
    endloop
  endfacet
  facet normal 0.0711992 0.997462 0
    outer loop
      vertex 68.4909 10.2258 8.8
      vertex 69.232 10.1729 8
      vertex 68.4909 10.2258 8
    endloop
  endfacet
  facet normal -0.0709516 0.99748 0
    outer loop
      vertex 68.4909 10.2258 8
      vertex 67.7472 10.1729 8.8
      vertex 68.4909 10.2258 8.8
    endloop
  endfacet
  facet normal -0.0709516 0.99748 0
    outer loop
      vertex 67.7472 10.1729 8.8
      vertex 68.4909 10.2258 8
      vertex 67.7472 10.1729 8
    endloop
  endfacet
  facet normal -0.234496 0.972117 0
    outer loop
      vertex 67.7472 10.1729 8
      vertex 67.0893 10.0142 8.8
      vertex 67.7472 10.1729 8.8
    endloop
  endfacet
  facet normal -0.234496 0.972117 0
    outer loop
      vertex 67.0893 10.0142 8.8
      vertex 67.7472 10.1729 8
      vertex 67.0893 10.0142 8
    endloop
  endfacet
  facet normal -0.419539 0.907737 0
    outer loop
      vertex 67.0893 10.0142 8
      vertex 66.5171 9.74974 8.8
      vertex 67.0893 10.0142 8.8
    endloop
  endfacet
  facet normal -0.419539 0.907737 0
    outer loop
      vertex 66.5171 9.74974 8.8
      vertex 67.0893 10.0142 8
      vertex 66.5171 9.74974 8
    endloop
  endfacet
  facet normal -0.605711 0.795684 0
    outer loop
      vertex 66.5171 9.74974 8
      vertex 66.0307 9.37947 8.8
      vertex 66.5171 9.74974 8.8
    endloop
  endfacet
  facet normal -0.605711 0.795684 0
    outer loop
      vertex 66.0307 9.37947 8.8
      vertex 66.5171 9.74974 8
      vertex 66.0307 9.37947 8
    endloop
  endfacet
  facet normal -0.767007 0.641639 0
    outer loop
      vertex 65.6427 8.91566 8
      vertex 66.0307 9.37947 8.8
      vertex 66.0307 9.37947 8
    endloop
  endfacet
  facet normal -0.767007 0.641639 0
    outer loop
      vertex 66.0307 9.37947 8.8
      vertex 65.6427 8.91566 8
      vertex 65.6427 8.91566 8.8
    endloop
  endfacet
  facet normal -0.891385 0.453247 0
    outer loop
      vertex 65.3655 8.3705 8
      vertex 65.6427 8.91566 8.8
      vertex 65.6427 8.91566 8
    endloop
  endfacet
  facet normal -0.891385 0.453247 0
    outer loop
      vertex 65.6427 8.91566 8.8
      vertex 65.3655 8.3705 8
      vertex 65.3655 8.3705 8.8
    endloop
  endfacet
  facet normal -0.966535 0.256535 0
    outer loop
      vertex 65.1992 7.74394 8
      vertex 65.3655 8.3705 8.8
      vertex 65.3655 8.3705 8
    endloop
  endfacet
  facet normal -0.966535 0.256535 0
    outer loop
      vertex 65.3655 8.3705 8.8
      vertex 65.1992 7.74394 8
      vertex 65.1992 7.74394 8.8
    endloop
  endfacet
  facet normal -0.996941 0.07816 0
    outer loop
      vertex 65.1437 7.03603 8
      vertex 65.1992 7.74394 8.8
      vertex 65.1992 7.74394 8
    endloop
  endfacet
  facet normal -0.996941 0.07816 0
    outer loop
      vertex 65.1992 7.74394 8.8
      vertex 65.1437 7.03603 8
      vertex 65.1437 7.03603 8.8
    endloop
  endfacet
  facet normal -0.996941 -0.07816 0
    outer loop
      vertex 65.1992 6.32812 8
      vertex 65.1437 7.03603 8.8
      vertex 65.1437 7.03603 8
    endloop
  endfacet
  facet normal -0.996941 -0.07816 0
    outer loop
      vertex 65.1437 7.03603 8.8
      vertex 65.1992 6.32812 8
      vertex 65.1992 6.32812 8.8
    endloop
  endfacet
  facet normal -0.966534 -0.256539 0
    outer loop
      vertex 65.3655 5.70157 8
      vertex 65.1992 6.32812 8.8
      vertex 65.1992 6.32812 8
    endloop
  endfacet
  facet normal -0.966534 -0.256539 0
    outer loop
      vertex 65.1992 6.32812 8.8
      vertex 65.3655 5.70157 8
      vertex 65.3655 5.70157 8.8
    endloop
  endfacet
  facet normal -0.891399 -0.45322 0
    outer loop
      vertex 65.6427 5.15637 8
      vertex 65.3655 5.70157 8.8
      vertex 65.3655 5.70157 8
    endloop
  endfacet
  facet normal -0.891399 -0.45322 0
    outer loop
      vertex 65.3655 5.70157 8.8
      vertex 65.6427 5.15637 8
      vertex 65.6427 5.15637 8.8
    endloop
  endfacet
  facet normal -0.767034 -0.641607 0
    outer loop
      vertex 66.0307 4.69252 8
      vertex 65.6427 5.15637 8.8
      vertex 65.6427 5.15637 8
    endloop
  endfacet
  facet normal -0.767034 -0.641607 0
    outer loop
      vertex 65.6427 5.15637 8.8
      vertex 66.0307 4.69252 8
      vertex 66.0307 4.69252 8.8
    endloop
  endfacet
  facet normal -0.60566 -0.795724 0
    outer loop
      vertex 66.0307 4.69252 8
      vertex 66.5171 4.3223 8.8
      vertex 66.0307 4.69252 8.8
    endloop
  endfacet
  facet normal -0.60566 -0.795724 -0
    outer loop
      vertex 66.5171 4.3223 8.8
      vertex 66.0307 4.69252 8
      vertex 66.5171 4.3223 8
    endloop
  endfacet
  facet normal -0.419526 -0.907743 0
    outer loop
      vertex 66.5171 4.3223 8
      vertex 67.0893 4.05785 8.8
      vertex 66.5171 4.3223 8.8
    endloop
  endfacet
  facet normal -0.419526 -0.907743 -0
    outer loop
      vertex 67.0893 4.05785 8.8
      vertex 66.5171 4.3223 8
      vertex 67.0893 4.05785 8
    endloop
  endfacet
  facet normal -0.23444 -0.972131 0
    outer loop
      vertex 67.0893 4.05785 8
      vertex 67.7472 3.89919 8.8
      vertex 67.0893 4.05785 8.8
    endloop
  endfacet
  facet normal -0.23444 -0.972131 -0
    outer loop
      vertex 67.7472 3.89919 8.8
      vertex 67.0893 4.05785 8
      vertex 67.7472 3.89919 8
    endloop
  endfacet
  facet normal -0.0709649 -0.997479 0
    outer loop
      vertex 67.7472 3.89919 8
      vertex 68.4909 3.84628 8.8
      vertex 67.7472 3.89919 8.8
    endloop
  endfacet
  facet normal -0.0709649 -0.997479 -0
    outer loop
      vertex 68.4909 3.84628 8.8
      vertex 67.7472 3.89919 8
      vertex 68.4909 3.84628 8
    endloop
  endfacet
  facet normal 0.0712126 -0.997461 0
    outer loop
      vertex 68.4909 3.84628 8
      vertex 69.232 3.89919 8.8
      vertex 68.4909 3.84628 8.8
    endloop
  endfacet
  facet normal 0.0712126 -0.997461 0
    outer loop
      vertex 69.232 3.89919 8.8
      vertex 68.4909 3.84628 8
      vertex 69.232 3.89919 8
    endloop
  endfacet
  facet normal 0.311604 0.950212 -0
    outer loop
      vertex 68.1873 5.26282 8
      vertex 67.922 5.34982 8.8
      vertex 68.1873 5.26282 8.8
    endloop
  endfacet
  facet normal 0.311604 0.950212 0
    outer loop
      vertex 67.922 5.34982 8.8
      vertex 68.1873 5.26282 8
      vertex 67.922 5.34982 8
    endloop
  endfacet
  facet normal 0.538421 0.842676 -0
    outer loop
      vertex 67.922 5.34982 8
      vertex 67.695 5.49486 8.8
      vertex 67.922 5.34982 8.8
    endloop
  endfacet
  facet normal 0.538421 0.842676 0
    outer loop
      vertex 67.695 5.49486 8.8
      vertex 67.922 5.34982 8
      vertex 67.695 5.49486 8
    endloop
  endfacet
  facet normal 0.732484 0.680785 0
    outer loop
      vertex 67.695 5.49486 8.8
      vertex 67.5063 5.69789 8
      vertex 67.5063 5.69789 8.8
    endloop
  endfacet
  facet normal 0.732484 0.680785 0
    outer loop
      vertex 67.5063 5.69789 8
      vertex 67.695 5.49486 8.8
      vertex 67.695 5.49486 8
    endloop
  endfacet
  facet normal 0.86672 0.498795 0
    outer loop
      vertex 67.5063 5.69789 8.8
      vertex 67.358 5.95558 8
      vertex 67.358 5.95558 8.8
    endloop
  endfacet
  facet normal 0.86672 0.498795 0
    outer loop
      vertex 67.358 5.95558 8
      vertex 67.5063 5.69789 8.8
      vertex 67.5063 5.69789 8
    endloop
  endfacet
  facet normal 0.94587 0.324547 0
    outer loop
      vertex 67.358 5.95558 8.8
      vertex 67.252 6.26451 8
      vertex 67.252 6.26451 8.8
    endloop
  endfacet
  facet normal 0.94587 0.324547 0
    outer loop
      vertex 67.252 6.26451 8
      vertex 67.358 5.95558 8.8
      vertex 67.358 5.95558 8
    endloop
  endfacet
  facet normal 0.984763 0.173902 0
    outer loop
      vertex 67.252 6.26451 8.8
      vertex 67.1884 6.62466 8
      vertex 67.1884 6.62466 8.8
    endloop
  endfacet
  facet normal 0.984763 0.173902 0
    outer loop
      vertex 67.1884 6.62466 8
      vertex 67.252 6.26451 8.8
      vertex 67.252 6.26451 8
    endloop
  endfacet
  facet normal 0.998687 0.0512247 0
    outer loop
      vertex 67.1884 6.62466 8.8
      vertex 67.1673 7.03603 8
      vertex 67.1673 7.03603 8.8
    endloop
  endfacet
  facet normal 0.998687 0.0512247 0
    outer loop
      vertex 67.1673 7.03603 8
      vertex 67.1884 6.62466 8.8
      vertex 67.1884 6.62466 8
    endloop
  endfacet
  facet normal 0.998687 -0.0512222 0
    outer loop
      vertex 67.1673 7.03603 8.8
      vertex 67.1884 7.44742 8
      vertex 67.1884 7.44742 8.8
    endloop
  endfacet
  facet normal 0.998687 -0.0512222 0
    outer loop
      vertex 67.1884 7.44742 8
      vertex 67.1673 7.03603 8.8
      vertex 67.1673 7.03603 8
    endloop
  endfacet
  facet normal 0.984762 -0.173907 0
    outer loop
      vertex 67.1884 7.44742 8.8
      vertex 67.252 7.80756 8
      vertex 67.252 7.80756 8.8
    endloop
  endfacet
  facet normal 0.984762 -0.173907 0
    outer loop
      vertex 67.252 7.80756 8
      vertex 67.1884 7.44742 8.8
      vertex 67.1884 7.44742 8
    endloop
  endfacet
  facet normal 0.94586 -0.324575 0
    outer loop
      vertex 67.252 7.80756 8.8
      vertex 67.358 8.11646 8
      vertex 67.358 8.11646 8.8
    endloop
  endfacet
  facet normal 0.94586 -0.324575 0
    outer loop
      vertex 67.358 8.11646 8
      vertex 67.252 7.80756 8.8
      vertex 67.252 7.80756 8
    endloop
  endfacet
  facet normal 0.866686 -0.498853 0
    outer loop
      vertex 67.358 8.11646 8.8
      vertex 67.5063 8.37411 8
      vertex 67.5063 8.37411 8.8
    endloop
  endfacet
  facet normal 0.866686 -0.498853 0
    outer loop
      vertex 67.5063 8.37411 8
      vertex 67.358 8.11646 8.8
      vertex 67.358 8.11646 8
    endloop
  endfacet
  facet normal 0.732551 -0.680713 0
    outer loop
      vertex 67.5063 8.37411 8.8
      vertex 67.695 8.57718 8
      vertex 67.695 8.57718 8.8
    endloop
  endfacet
  facet normal 0.732551 -0.680713 0
    outer loop
      vertex 67.695 8.57718 8
      vertex 67.5063 8.37411 8.8
      vertex 67.5063 8.37411 8
    endloop
  endfacet
  facet normal 0.538448 -0.842659 0
    outer loop
      vertex 67.695 8.57718 8
      vertex 67.922 8.72223 8.8
      vertex 67.695 8.57718 8.8
    endloop
  endfacet
  facet normal 0.538448 -0.842659 0
    outer loop
      vertex 67.922 8.72223 8.8
      vertex 67.695 8.57718 8
      vertex 67.922 8.72223 8
    endloop
  endfacet
  facet normal 0.311733 -0.95017 0
    outer loop
      vertex 67.922 8.72223 8
      vertex 68.1873 8.80927 8.8
      vertex 67.922 8.72223 8.8
    endloop
  endfacet
  facet normal 0.311733 -0.95017 0
    outer loop
      vertex 68.1873 8.80927 8.8
      vertex 67.922 8.72223 8
      vertex 68.1873 8.80927 8
    endloop
  endfacet
  facet normal 0.0950876 -0.995469 0
    outer loop
      vertex 68.1873 8.80927 8
      vertex 68.4909 8.83827 8.8
      vertex 68.1873 8.80927 8.8
    endloop
  endfacet
  facet normal 0.0950876 -0.995469 0
    outer loop
      vertex 68.4909 8.83827 8.8
      vertex 68.1873 8.80927 8
      vertex 68.4909 8.83827 8
    endloop
  endfacet
  facet normal -0.096633 -0.99532 0
    outer loop
      vertex 68.4909 8.83827 8
      vertex 68.7896 8.80927 8.8
      vertex 68.4909 8.83827 8.8
    endloop
  endfacet
  facet normal -0.096633 -0.99532 -0
    outer loop
      vertex 68.7896 8.80927 8.8
      vertex 68.4909 8.83827 8
      vertex 68.7896 8.80927 8
    endloop
  endfacet
  facet normal -0.315814 -0.948821 0
    outer loop
      vertex 68.7896 8.80927 8
      vertex 69.0511 8.72223 8.8
      vertex 68.7896 8.80927 8.8
    endloop
  endfacet
  facet normal -0.315814 -0.948821 -0
    outer loop
      vertex 69.0511 8.72223 8.8
      vertex 68.7896 8.80927 8
      vertex 69.0511 8.72223 8
    endloop
  endfacet
  facet normal -0.543368 -0.839495 0
    outer loop
      vertex 69.0511 8.72223 8
      vertex 69.2752 8.57718 8.8
      vertex 69.0511 8.72223 8.8
    endloop
  endfacet
  facet normal -0.543368 -0.839495 -0
    outer loop
      vertex 69.2752 8.57718 8.8
      vertex 69.0511 8.72223 8
      vertex 69.2752 8.57718 8
    endloop
  endfacet
  facet normal -0.735975 -0.677009 0
    outer loop
      vertex 69.462 8.37411 8
      vertex 69.2752 8.57718 8.8
      vertex 69.2752 8.57718 8
    endloop
  endfacet
  facet normal -0.735975 -0.677009 0
    outer loop
      vertex 69.2752 8.57718 8.8
      vertex 69.462 8.37411 8
      vertex 69.462 8.37411 8.8
    endloop
  endfacet
  facet normal -0.86843 -0.495812 0
    outer loop
      vertex 69.6091 8.11646 8
      vertex 69.462 8.37411 8.8
      vertex 69.462 8.37411 8
    endloop
  endfacet
  facet normal -0.86843 -0.495812 0
    outer loop
      vertex 69.462 8.37411 8.8
      vertex 69.6091 8.11646 8
      vertex 69.6091 8.11646 8.8
    endloop
  endfacet
  facet normal -0.94661 -0.322381 0
    outer loop
      vertex 69.7143 7.80756 8
      vertex 69.6091 8.11646 8.8
      vertex 69.6091 8.11646 8
    endloop
  endfacet
  facet normal -0.94661 -0.322381 0
    outer loop
      vertex 69.6091 8.11646 8.8
      vertex 69.7143 7.80756 8
      vertex 69.7143 7.80756 8.8
    endloop
  endfacet
  facet normal -0.984995 -0.172581 0
    outer loop
      vertex 69.7774 7.44742 8
      vertex 69.7143 7.80756 8.8
      vertex 69.7143 7.80756 8
    endloop
  endfacet
  facet normal -0.984995 -0.172581 0
    outer loop
      vertex 69.7143 7.80756 8.8
      vertex 69.7774 7.44742 8
      vertex 69.7774 7.44742 8.8
    endloop
  endfacet
  facet normal -0.9987 -0.0509801 0
    outer loop
      vertex 69.7984 7.03603 8
      vertex 69.7774 7.44742 8.8
      vertex 69.7774 7.44742 8
    endloop
  endfacet
  facet normal -0.9987 -0.0509801 0
    outer loop
      vertex 69.7774 7.44742 8.8
      vertex 69.7984 7.03603 8
      vertex 69.7984 7.03603 8.8
    endloop
  endfacet
  facet normal -0.9987 0.0509825 0
    outer loop
      vertex 69.7774 6.62466 8
      vertex 69.7984 7.03603 8.8
      vertex 69.7984 7.03603 8
    endloop
  endfacet
  facet normal -0.9987 0.0509825 0
    outer loop
      vertex 69.7984 7.03603 8.8
      vertex 69.7774 6.62466 8
      vertex 69.7774 6.62466 8.8
    endloop
  endfacet
  facet normal -0.984996 0.172576 0
    outer loop
      vertex 69.7143 6.26451 8
      vertex 69.7774 6.62466 8.8
      vertex 69.7774 6.62466 8
    endloop
  endfacet
  facet normal -0.984996 0.172576 0
    outer loop
      vertex 69.7774 6.62466 8.8
      vertex 69.7143 6.26451 8
      vertex 69.7143 6.26451 8.8
    endloop
  endfacet
  facet normal -0.94662 0.322353 0
    outer loop
      vertex 69.6091 5.95558 8
      vertex 69.7143 6.26451 8.8
      vertex 69.7143 6.26451 8
    endloop
  endfacet
  facet normal -0.94662 0.322353 0
    outer loop
      vertex 69.7143 6.26451 8.8
      vertex 69.6091 5.95558 8
      vertex 69.6091 5.95558 8.8
    endloop
  endfacet
  facet normal -0.868463 0.495754 0
    outer loop
      vertex 69.462 5.69789 8
      vertex 69.6091 5.95558 8.8
      vertex 69.6091 5.95558 8
    endloop
  endfacet
  facet normal -0.868463 0.495754 0
    outer loop
      vertex 69.6091 5.95558 8.8
      vertex 69.462 5.69789 8
      vertex 69.462 5.69789 8.8
    endloop
  endfacet
  facet normal -0.735909 0.677081 0
    outer loop
      vertex 69.2752 5.49486 8
      vertex 69.462 5.69789 8.8
      vertex 69.462 5.69789 8
    endloop
  endfacet
  facet normal -0.735909 0.677081 0
    outer loop
      vertex 69.462 5.69789 8.8
      vertex 69.2752 5.49486 8
      vertex 69.2752 5.49486 8.8
    endloop
  endfacet
  facet normal -0.543341 0.839512 0
    outer loop
      vertex 69.2752 5.49486 8
      vertex 69.0511 5.34982 8.8
      vertex 69.2752 5.49486 8.8
    endloop
  endfacet
  facet normal -0.543341 0.839512 0
    outer loop
      vertex 69.0511 5.34982 8.8
      vertex 69.2752 5.49486 8
      vertex 69.0511 5.34982 8
    endloop
  endfacet
  facet normal -0.315683 0.948865 0
    outer loop
      vertex 69.0511 5.34982 8
      vertex 68.7896 5.26282 8.8
      vertex 69.0511 5.34982 8.8
    endloop
  endfacet
  facet normal -0.315683 0.948865 0
    outer loop
      vertex 68.7896 5.26282 8.8
      vertex 69.0511 5.34982 8
      vertex 68.7896 5.26282 8
    endloop
  endfacet
  facet normal -0.096666 0.995317 0
    outer loop
      vertex 68.7896 5.26282 8
      vertex 68.4909 5.23381 8.8
      vertex 68.7896 5.26282 8.8
    endloop
  endfacet
  facet normal -0.096666 0.995317 0
    outer loop
      vertex 68.4909 5.23381 8.8
      vertex 68.7896 5.26282 8
      vertex 68.4909 5.23381 8
    endloop
  endfacet
  facet normal 0.0951201 0.995466 -0
    outer loop
      vertex 68.4909 5.23381 8
      vertex 68.1873 5.26282 8.8
      vertex 68.4909 5.23381 8.8
    endloop
  endfacet
  facet normal 0.0951201 0.995466 0
    outer loop
      vertex 68.1873 5.26282 8.8
      vertex 68.4909 5.23381 8
      vertex 68.1873 5.26282 8
    endloop
  endfacet
  facet normal 0.167976 -0.985791 0
    outer loop
      vertex 138.687 3.86203 8
      vertex 138.964 3.90923 8.8
      vertex 138.687 3.86203 8.8
    endloop
  endfacet
  facet normal 0.167976 -0.985791 0
    outer loop
      vertex 138.964 3.90923 8.8
      vertex 138.687 3.86203 8
      vertex 138.964 3.90923 8
    endloop
  endfacet
  facet normal 0.285582 -0.958354 0
    outer loop
      vertex 138.964 3.90923 8
      vertex 139.228 3.9879 8.8
      vertex 138.964 3.90923 8.8
    endloop
  endfacet
  facet normal 0.285582 -0.958354 0
    outer loop
      vertex 139.228 3.9879 8.8
      vertex 138.964 3.90923 8
      vertex 139.228 3.9879 8
    endloop
  endfacet
  facet normal 0.400514 -0.916291 0
    outer loop
      vertex 139.228 3.9879 8
      vertex 139.48 4.09805 8.8
      vertex 139.228 3.9879 8.8
    endloop
  endfacet
  facet normal 0.400514 -0.916291 0
    outer loop
      vertex 139.48 4.09805 8.8
      vertex 139.228 3.9879 8
      vertex 139.48 4.09805 8
    endloop
  endfacet
  facet normal 0.509625 -0.860397 0
    outer loop
      vertex 139.48 4.09805 8
      vertex 139.722 4.24139 8.8
      vertex 139.48 4.09805 8.8
    endloop
  endfacet
  facet normal 0.509625 -0.860397 0
    outer loop
      vertex 139.722 4.24139 8.8
      vertex 139.48 4.09805 8
      vertex 139.722 4.24139 8
    endloop
  endfacet
  facet normal 0.602594 -0.798048 0
    outer loop
      vertex 139.722 4.24139 8
      vertex 139.958 4.41959 8.8
      vertex 139.722 4.24139 8.8
    endloop
  endfacet
  facet normal 0.602594 -0.798048 0
    outer loop
      vertex 139.958 4.41959 8.8
      vertex 139.722 4.24139 8
      vertex 139.958 4.41959 8
    endloop
  endfacet
  facet normal 0.67954 -0.733638 0
    outer loop
      vertex 139.958 4.41959 8
      vertex 140.188 4.63263 8.8
      vertex 139.958 4.41959 8.8
    endloop
  endfacet
  facet normal 0.67954 -0.733638 0
    outer loop
      vertex 140.188 4.63263 8.8
      vertex 139.958 4.41959 8
      vertex 140.188 4.63263 8
    endloop
  endfacet
  facet normal 0.743445 -0.668797 0
    outer loop
      vertex 140.188 4.63263 8.8
      vertex 140.411 4.88052 8
      vertex 140.411 4.88052 8.8
    endloop
  endfacet
  facet normal 0.743445 -0.668797 0
    outer loop
      vertex 140.411 4.88052 8
      vertex 140.188 4.63263 8.8
      vertex 140.188 4.63263 8
    endloop
  endfacet
  facet normal -1 0 0
    outer loop
      vertex 140.411 4.005 8
      vertex 140.411 4.88052 8.8
      vertex 140.411 4.88052 8
    endloop
  endfacet
  facet normal -1 -0 0
    outer loop
      vertex 140.411 4.88052 8.8
      vertex 140.411 4.005 8
      vertex 140.411 4.005 8.8
    endloop
  endfacet
  facet normal 0 -1 0
    outer loop
      vertex 140.411 4.005 8
      vertex 142.353 4.005 8.8
      vertex 140.411 4.005 8.8
    endloop
  endfacet
  facet normal 0 -1 -0
    outer loop
      vertex 142.353 4.005 8.8
      vertex 140.411 4.005 8
      vertex 142.353 4.005 8
    endloop
  endfacet
  facet normal 1 -0 0
    outer loop
      vertex 142.353 4.005 8.8
      vertex 142.353 10.0824 8
      vertex 142.353 10.0824 8.8
    endloop
  endfacet
  facet normal 1 0 0
    outer loop
      vertex 142.353 10.0824 8
      vertex 142.353 4.005 8.8
      vertex 142.353 4.005 8
    endloop
  endfacet
  facet normal 0 1 -0
    outer loop
      vertex 142.353 10.0824 8
      vertex 140.411 10.0824 8.8
      vertex 142.353 10.0824 8.8
    endloop
  endfacet
  facet normal 0 1 0
    outer loop
      vertex 140.411 10.0824 8.8
      vertex 142.353 10.0824 8
      vertex 140.411 10.0824 8
    endloop
  endfacet
  facet normal -1 0 0
    outer loop
      vertex 140.411 7.08018 8
      vertex 140.411 10.0824 8.8
      vertex 140.411 10.0824 8
    endloop
  endfacet
  facet normal -1 -0 0
    outer loop
      vertex 140.411 10.0824 8.8
      vertex 140.411 7.08018 8
      vertex 140.411 7.08018 8.8
    endloop
  endfacet
  facet normal -0.998433 0.0559546 0
    outer loop
      vertex 140.389 6.68762 8
      vertex 140.411 7.08018 8.8
      vertex 140.411 7.08018 8
    endloop
  endfacet
  facet normal -0.998433 0.0559546 0
    outer loop
      vertex 140.411 7.08018 8.8
      vertex 140.389 6.68762 8
      vertex 140.389 6.68762 8.8
    endloop
  endfacet
  facet normal -0.982918 0.184046 0
    outer loop
      vertex 140.324 6.34048 8
      vertex 140.389 6.68762 8.8
      vertex 140.389 6.68762 8
    endloop
  endfacet
  facet normal -0.982918 0.184046 0
    outer loop
      vertex 140.389 6.68762 8.8
      vertex 140.324 6.34048 8
      vertex 140.324 6.34048 8.8
    endloop
  endfacet
  facet normal -0.940487 0.33983 0
    outer loop
      vertex 140.215 6.03882 8
      vertex 140.324 6.34048 8.8
      vertex 140.324 6.34048 8
    endloop
  endfacet
  facet normal -0.940487 0.33983 0
    outer loop
      vertex 140.324 6.34048 8.8
      vertex 140.215 6.03882 8
      vertex 140.215 6.03882 8.8
    endloop
  endfacet
  facet normal -0.860038 0.510229 0
    outer loop
      vertex 140.063 5.78261 8
      vertex 140.215 6.03882 8.8
      vertex 140.215 6.03882 8
    endloop
  endfacet
  facet normal -0.860038 0.510229 0
    outer loop
      vertex 140.215 6.03882 8.8
      vertex 140.063 5.78261 8
      vertex 140.063 5.78261 8.8
    endloop
  endfacet
  facet normal -0.732203 0.681086 0
    outer loop
      vertex 139.873 5.57835 8
      vertex 140.063 5.78261 8.8
      vertex 140.063 5.78261 8
    endloop
  endfacet
  facet normal -0.732203 0.681086 0
    outer loop
      vertex 140.063 5.78261 8.8
      vertex 139.873 5.57835 8
      vertex 139.873 5.57835 8.8
    endloop
  endfacet
  facet normal -0.549215 0.835681 0
    outer loop
      vertex 139.873 5.57835 8
      vertex 139.651 5.43245 8.8
      vertex 139.873 5.57835 8.8
    endloop
  endfacet
  facet normal -0.549215 0.835681 0
    outer loop
      vertex 139.651 5.43245 8.8
      vertex 139.873 5.57835 8
      vertex 139.651 5.43245 8
    endloop
  endfacet
  facet normal -0.324694 0.945819 0
    outer loop
      vertex 139.651 5.43245 8
      vertex 139.396 5.34491 8.8
      vertex 139.651 5.43245 8.8
    endloop
  endfacet
  facet normal -0.324694 0.945819 0
    outer loop
      vertex 139.396 5.34491 8.8
      vertex 139.651 5.43245 8
      vertex 139.396 5.34491 8
    endloop
  endfacet
  facet normal -0.101151 0.994871 0
    outer loop
      vertex 139.396 5.34491 8
      vertex 139.109 5.31573 8.8
      vertex 139.396 5.34491 8.8
    endloop
  endfacet
  facet normal -0.101151 0.994871 0
    outer loop
      vertex 139.109 5.31573 8.8
      vertex 139.396 5.34491 8
      vertex 139.109 5.31573 8
    endloop
  endfacet
  facet normal 0.0527135 0.99861 -0
    outer loop
      vertex 139.109 5.31573 8
      vertex 138.987 5.32217 8.8
      vertex 139.109 5.31573 8.8
    endloop
  endfacet
  facet normal 0.0527135 0.99861 0
    outer loop
      vertex 138.987 5.32217 8.8
      vertex 139.109 5.31573 8
      vertex 138.987 5.32217 8
    endloop
  endfacet
  facet normal 0.167259 0.985913 -0
    outer loop
      vertex 138.987 5.32217 8
      vertex 138.873 5.34151 8.8
      vertex 138.987 5.32217 8.8
    endloop
  endfacet
  facet normal 0.167259 0.985913 0
    outer loop
      vertex 138.873 5.34151 8.8
      vertex 138.987 5.32217 8
      vertex 138.873 5.34151 8
    endloop
  endfacet
  facet normal 0.288333 0.95753 -0
    outer loop
      vertex 138.873 5.34151 8
      vertex 138.766 5.37373 8.8
      vertex 138.873 5.34151 8.8
    endloop
  endfacet
  facet normal 0.288333 0.95753 0
    outer loop
      vertex 138.766 5.37373 8.8
      vertex 138.873 5.34151 8
      vertex 138.766 5.37373 8
    endloop
  endfacet
  facet normal 0.411274 0.911512 -0
    outer loop
      vertex 138.766 5.37373 8
      vertex 138.666 5.41885 8.8
      vertex 138.766 5.37373 8.8
    endloop
  endfacet
  facet normal 0.411274 0.911512 0
    outer loop
      vertex 138.666 5.41885 8.8
      vertex 138.766 5.37373 8
      vertex 138.666 5.41885 8
    endloop
  endfacet
  facet normal 0.531036 0.847349 -0
    outer loop
      vertex 138.666 5.41885 8
      vertex 138.575 5.47588 8.8
      vertex 138.666 5.41885 8.8
    endloop
  endfacet
  facet normal 0.531036 0.847349 0
    outer loop
      vertex 138.575 5.47588 8.8
      vertex 138.666 5.41885 8
      vertex 138.575 5.47588 8
    endloop
  endfacet
  facet normal 0.633019 0.774136 -0
    outer loop
      vertex 138.575 5.47588 8
      vertex 138.492 5.54375 8.8
      vertex 138.575 5.47588 8.8
    endloop
  endfacet
  facet normal 0.633019 0.774136 0
    outer loop
      vertex 138.492 5.54375 8.8
      vertex 138.575 5.47588 8
      vertex 138.492 5.54375 8
    endloop
  endfacet
  facet normal 0.733245 0.679965 0
    outer loop
      vertex 138.492 5.54375 8.8
      vertex 138.419 5.62247 8
      vertex 138.419 5.62247 8.8
    endloop
  endfacet
  facet normal 0.733245 0.679965 0
    outer loop
      vertex 138.419 5.62247 8
      vertex 138.492 5.54375 8.8
      vertex 138.492 5.54375 8
    endloop
  endfacet
  facet normal 0.809376 0.58729 0
    outer loop
      vertex 138.419 5.62247 8.8
      vertex 138.354 5.71205 8
      vertex 138.354 5.71205 8.8
    endloop
  endfacet
  facet normal 0.809376 0.58729 0
    outer loop
      vertex 138.354 5.71205 8
      vertex 138.419 5.62247 8.8
      vertex 138.419 5.62247 8
    endloop
  endfacet
  facet normal 0.895084 0.445897 0
    outer loop
      vertex 138.354 5.71205 8.8
      vertex 138.312 5.79636 8
      vertex 138.312 5.79636 8.8
    endloop
  endfacet
  facet normal 0.895084 0.445897 0
    outer loop
      vertex 138.312 5.79636 8
      vertex 138.354 5.71205 8.8
      vertex 138.354 5.71205 8
    endloop
  endfacet
  facet normal 0.947222 0.320579 0
    outer loop
      vertex 138.312 5.79636 8.8
      vertex 138.276 5.90273 8
      vertex 138.276 5.90273 8.8
    endloop
  endfacet
  facet normal 0.947222 0.320579 0
    outer loop
      vertex 138.276 5.90273 8
      vertex 138.312 5.79636 8.8
      vertex 138.312 5.79636 8
    endloop
  endfacet
  facet normal 0.975442 0.220259 0
    outer loop
      vertex 138.276 5.90273 8.8
      vertex 138.247 6.03116 8
      vertex 138.247 6.03116 8.8
    endloop
  endfacet
  facet normal 0.975442 0.220259 0
    outer loop
      vertex 138.247 6.03116 8
      vertex 138.276 5.90273 8.8
      vertex 138.276 5.90273 8
    endloop
  endfacet
  facet normal 0.98852 0.15109 0
    outer loop
      vertex 138.247 6.03116 8.8
      vertex 138.224 6.18164 8
      vertex 138.224 6.18164 8.8
    endloop
  endfacet
  facet normal 0.98852 0.15109 0
    outer loop
      vertex 138.224 6.18164 8
      vertex 138.247 6.03116 8.8
      vertex 138.247 6.03116 8
    endloop
  endfacet
  facet normal 0.996365 0.0851822 0
    outer loop
      vertex 138.224 6.18164 8.8
      vertex 138.208 6.36879 8
      vertex 138.208 6.36879 8.8
    endloop
  endfacet
  facet normal 0.996365 0.0851822 0
    outer loop
      vertex 138.208 6.36879 8
      vertex 138.224 6.18164 8.8
      vertex 138.224 6.18164 8
    endloop
  endfacet
  facet normal 0.998735 0.0502803 0
    outer loop
      vertex 138.208 6.36879 8.8
      vertex 138.196 6.60715 8
      vertex 138.196 6.60715 8.8
    endloop
  endfacet
  facet normal 0.998735 0.0502803 0
    outer loop
      vertex 138.196 6.60715 8
      vertex 138.208 6.36879 8.8
      vertex 138.208 6.36879 8
    endloop
  endfacet
  facet normal 0.999708 0.024165 0
    outer loop
      vertex 138.196 6.60715 8.8
      vertex 138.189 6.89674 8
      vertex 138.189 6.89674 8.8
    endloop
  endfacet
  facet normal 0.999708 0.024165 0
    outer loop
      vertex 138.189 6.89674 8
      vertex 138.196 6.60715 8.8
      vertex 138.196 6.60715 8
    endloop
  endfacet
  facet normal 0.999961 0.00880222 0
    outer loop
      vertex 138.189 6.89674 8.8
      vertex 138.186 7.23755 8
      vertex 138.186 7.23755 8.8
    endloop
  endfacet
  facet normal 0.999961 0.00880222 0
    outer loop
      vertex 138.186 7.23755 8
      vertex 138.189 6.89674 8.8
      vertex 138.189 6.89674 8
    endloop
  endfacet
  facet normal 0.999979 -0.006413 0
    outer loop
      vertex 138.186 7.23755 8.8
      vertex 138.187 7.39348 8
      vertex 138.187 7.39348 8.8
    endloop
  endfacet
  facet normal 0.999979 -0.006413 0
    outer loop
      vertex 138.187 7.39348 8
      vertex 138.186 7.23755 8.8
      vertex 138.186 7.23755 8
    endloop
  endfacet
  facet normal 0.999989 -0.00458669 0
    outer loop
      vertex 138.187 7.39348 8.8
      vertex 138.188 7.6115 8
      vertex 138.188 7.6115 8.8
    endloop
  endfacet
  facet normal 0.999989 -0.00458669 0
    outer loop
      vertex 138.188 7.6115 8
      vertex 138.187 7.39348 8.8
      vertex 138.187 7.39348 8
    endloop
  endfacet
  facet normal 0.999994 -0.00357013 0
    outer loop
      vertex 138.188 7.6115 8.8
      vertex 138.189 7.8916 8
      vertex 138.189 7.8916 8.8
    endloop
  endfacet
  facet normal 0.999994 -0.00357013 0
    outer loop
      vertex 138.189 7.8916 8
      vertex 138.188 7.6115 8.8
      vertex 138.188 7.6115 8
    endloop
  endfacet
  facet normal 0.999962 -0.00876647 0
    outer loop
      vertex 138.189 7.8916 8.8
      vertex 138.192 8.2338 8
      vertex 138.192 8.2338 8.8
    endloop
  endfacet
  facet normal 0.999962 -0.00876647 0
    outer loop
      vertex 138.192 8.2338 8
      vertex 138.189 7.8916 8.8
      vertex 138.189 7.8916 8
    endloop
  endfacet
  facet normal 0.999984 -0.00559494 0
    outer loop
      vertex 138.192 8.2338 8.8
      vertex 138.194 8.59126 8
      vertex 138.194 8.59126 8.8
    endloop
  endfacet
  facet normal 0.999984 -0.00559494 0
    outer loop
      vertex 138.194 8.59126 8
      vertex 138.192 8.2338 8.8
      vertex 138.192 8.2338 8
    endloop
  endfacet
  facet normal 0.999981 -0.00613636 0
    outer loop
      vertex 138.194 8.59126 8.8
      vertex 138.196 8.91718 8
      vertex 138.196 8.91718 8.8
    endloop
  endfacet
  facet normal 0.999981 -0.00613636 0
    outer loop
      vertex 138.196 8.91718 8
      vertex 138.194 8.59126 8.8
      vertex 138.194 8.59126 8
    endloop
  endfacet
  facet normal 0.999994 -0.0033973 0
    outer loop
      vertex 138.196 8.91718 8.8
      vertex 138.197 9.21153 8
      vertex 138.197 9.21153 8.8
    endloop
  endfacet
  facet normal 0.999994 -0.0033973 0
    outer loop
      vertex 138.197 9.21153 8
      vertex 138.196 8.91718 8.8
      vertex 138.196 8.91718 8
    endloop
  endfacet
  facet normal 1 -0 0
    outer loop
      vertex 138.197 9.21153 8.8
      vertex 138.197 9.47435 8
      vertex 138.197 9.47435 8.8
    endloop
  endfacet
  facet normal 1 0 0
    outer loop
      vertex 138.197 9.47435 8
      vertex 138.197 9.21153 8.8
      vertex 138.197 9.21153 8
    endloop
  endfacet
  facet normal 1 -0 0
    outer loop
      vertex 138.197 9.47435 8.8
      vertex 138.197 10.0824 8
      vertex 138.197 10.0824 8.8
    endloop
  endfacet
  facet normal 1 0 0
    outer loop
      vertex 138.197 10.0824 8
      vertex 138.197 9.47435 8.8
      vertex 138.197 9.47435 8
    endloop
  endfacet
  facet normal 0 1 -0
    outer loop
      vertex 138.197 10.0824 8
      vertex 136.244 10.0824 8.8
      vertex 138.197 10.0824 8.8
    endloop
  endfacet
  facet normal 0 1 0
    outer loop
      vertex 136.244 10.0824 8.8
      vertex 138.197 10.0824 8
      vertex 136.244 10.0824 8
    endloop
  endfacet
  facet normal -1 0 0
    outer loop
      vertex 136.244 6.36893 8
      vertex 136.244 10.0824 8.8
      vertex 136.244 10.0824 8
    endloop
  endfacet
  facet normal -1 -0 0
    outer loop
      vertex 136.244 10.0824 8.8
      vertex 136.244 6.36893 8
      vertex 136.244 6.36893 8.8
    endloop
  endfacet
  facet normal -0.998179 -0.0603244 0
    outer loop
      vertex 136.279 5.78979 8
      vertex 136.244 6.36893 8.8
      vertex 136.244 6.36893 8
    endloop
  endfacet
  facet normal -0.998179 -0.0603244 0
    outer loop
      vertex 136.244 6.36893 8.8
      vertex 136.279 5.78979 8
      vertex 136.279 5.78979 8.8
    endloop
  endfacet
  facet normal -0.979897 -0.199505 0
    outer loop
      vertex 136.382 5.28389 8
      vertex 136.279 5.78979 8.8
      vertex 136.279 5.78979 8
    endloop
  endfacet
  facet normal -0.979897 -0.199505 0
    outer loop
      vertex 136.279 5.78979 8.8
      vertex 136.382 5.28389 8
      vertex 136.382 5.28389 8.8
    endloop
  endfacet
  facet normal -0.929263 -0.36942 0
    outer loop
      vertex 136.554 4.85123 8
      vertex 136.382 5.28389 8.8
      vertex 136.382 5.28389 8
    endloop
  endfacet
  facet normal -0.929263 -0.36942 0
    outer loop
      vertex 136.382 5.28389 8.8
      vertex 136.554 4.85123 8
      vertex 136.554 4.85123 8.8
    endloop
  endfacet
  facet normal -0.830568 -0.556917 0
    outer loop
      vertex 136.795 4.49181 8
      vertex 136.554 4.85123 8.8
      vertex 136.554 4.85123 8
    endloop
  endfacet
  facet normal -0.830568 -0.556917 0
    outer loop
      vertex 136.554 4.85123 8.8
      vertex 136.795 4.49181 8
      vertex 136.795 4.49181 8.8
    endloop
  endfacet
  facet normal -0.678213 -0.734865 0
    outer loop
      vertex 136.795 4.49181 8
      vertex 137.101 4.2094 8.8
      vertex 136.795 4.49181 8.8
    endloop
  endfacet
  facet normal -0.678213 -0.734865 -0
    outer loop
      vertex 137.101 4.2094 8.8
      vertex 136.795 4.49181 8
      vertex 137.101 4.2094 8
    endloop
  endfacet
  facet normal -0.478673 -0.877993 0
    outer loop
      vertex 137.101 4.2094 8
      vertex 137.471 4.00768 8.8
      vertex 137.101 4.2094 8.8
    endloop
  endfacet
  facet normal -0.478673 -0.877993 -0
    outer loop
      vertex 137.471 4.00768 8.8
      vertex 137.101 4.2094 8
      vertex 137.471 4.00768 8
    endloop
  endfacet
  facet normal -0.269816 -0.962912 0
    outer loop
      vertex 137.471 4.00768 8
      vertex 137.903 3.88663 8.8
      vertex 137.471 4.00768 8.8
    endloop
  endfacet
  facet normal -0.269816 -0.962912 -0
    outer loop
      vertex 137.903 3.88663 8.8
      vertex 137.471 4.00768 8
      vertex 137.903 3.88663 8
    endloop
  endfacet
  facet normal -0.0812457 -0.996694 0
    outer loop
      vertex 137.903 3.88663 8
      vertex 138.398 3.84628 8.8
      vertex 137.903 3.88663 8.8
    endloop
  endfacet
  facet normal -0.0812457 -0.996694 -0
    outer loop
      vertex 138.398 3.84628 8.8
      vertex 137.903 3.88663 8
      vertex 138.398 3.84628 8
    endloop
  endfacet
  facet normal 0.0544175 -0.998518 0
    outer loop
      vertex 138.398 3.84628 8
      vertex 138.687 3.86203 8.8
      vertex 138.398 3.84628 8.8
    endloop
  endfacet
  facet normal 0.0544175 -0.998518 0
    outer loop
      vertex 138.687 3.86203 8.8
      vertex 138.398 3.84628 8
      vertex 138.687 3.86203 8
    endloop
  endfacet
  facet normal 0 1 -0
    outer loop
      vertex 90.4138 7.99347 8
      vertex 87.007 7.99347 8.8
      vertex 90.4138 7.99347 8.8
    endloop
  endfacet
  facet normal 0 1 0
    outer loop
      vertex 87.007 7.99347 8.8
      vertex 90.4138 7.99347 8
      vertex 87.007 7.99347 8
    endloop
  endfacet
  facet normal -1 0 0
    outer loop
      vertex 87.007 6.41653 8
      vertex 87.007 7.99347 8.8
      vertex 87.007 7.99347 8
    endloop
  endfacet
  facet normal -1 -0 0
    outer loop
      vertex 87.007 7.99347 8.8
      vertex 87.007 6.41653 8
      vertex 87.007 6.41653 8.8
    endloop
  endfacet
  facet normal 0 -1 0
    outer loop
      vertex 87.007 6.41653 8
      vertex 90.4138 6.41653 8.8
      vertex 87.007 6.41653 8.8
    endloop
  endfacet
  facet normal 0 -1 -0
    outer loop
      vertex 90.4138 6.41653 8.8
      vertex 87.007 6.41653 8
      vertex 90.4138 6.41653 8
    endloop
  endfacet
  facet normal 1 -0 0
    outer loop
      vertex 90.4138 6.41653 8.8
      vertex 90.4138 7.99347 8
      vertex 90.4138 7.99347 8.8
    endloop
  endfacet
  facet normal 1 0 0
    outer loop
      vertex 90.4138 7.99347 8
      vertex 90.4138 6.41653 8.8
      vertex 90.4138 6.41653 8
    endloop
  endfacet
  facet normal 0 1 -0
    outer loop
      vertex 126.982 6.1042 8
      vertex 125.029 6.1042 8.8
      vertex 126.982 6.1042 8.8
    endloop
  endfacet
  facet normal 0 1 0
    outer loop
      vertex 125.029 6.1042 8.8
      vertex 126.982 6.1042 8
      vertex 125.029 6.1042 8
    endloop
  endfacet
  facet normal -1 0 0
    outer loop
      vertex 125.029 4.005 8
      vertex 125.029 6.1042 8.8
      vertex 125.029 6.1042 8
    endloop
  endfacet
  facet normal -1 -0 0
    outer loop
      vertex 125.029 6.1042 8.8
      vertex 125.029 4.005 8
      vertex 125.029 4.005 8.8
    endloop
  endfacet
  facet normal 0 -1 0
    outer loop
      vertex 125.029 4.005 8
      vertex 126.982 4.005 8.8
      vertex 125.029 4.005 8.8
    endloop
  endfacet
  facet normal 0 -1 -0
    outer loop
      vertex 126.982 4.005 8.8
      vertex 125.029 4.005 8
      vertex 126.982 4.005 8
    endloop
  endfacet
  facet normal 1 -0 0
    outer loop
      vertex 126.982 4.005 8.8
      vertex 126.982 6.1042 8
      vertex 126.982 6.1042 8.8
    endloop
  endfacet
  facet normal 1 0 0
    outer loop
      vertex 126.982 6.1042 8
      vertex 126.982 4.005 8.8
      vertex 126.982 4.005 8
    endloop
  endfacet
endsolid PokeTrade_poke-trade.eu_poketrade-stojan-lehky-noha_CC-BY-NC-SA-4.0
