solid PokeTrade_poke-trade.eu_poketrade-podavac-lehky-kapsa_CC-BY-NC-SA-4.0
  facet normal 1 0 0
    outer loop
      vertex 91.6 69 23.408
      vertex 91.6 70.3 24
      vertex 91.6 69.59 24
    endloop
  endfacet
  facet normal 1 0 0
    outer loop
      vertex 91.6 70.3 24
      vertex 91.6 69 23.408
      vertex 91.6 67.9 15.2
    endloop
  endfacet
  facet normal 1 0 0
    outer loop
      vertex 91.6 67.9 15.2
      vertex 91.6 69 23.408
      vertex 91.6 67.9 23.408
    endloop
  endfacet
  facet normal 1 0 0
    outer loop
      vertex 91.6 70.3 24
      vertex 91.6 67.9 15.2
      vertex 91.6 70.3 2
    endloop
  endfacet
  facet normal 1 0 0
    outer loop
      vertex 91.6 70.3 2
      vertex 91.6 67.9 15.2
      vertex 91.6 67.9 2
    endloop
  endfacet
  facet normal 1 -0 0
    outer loop
      vertex 91.6 7.62939e-07 23.408
      vertex 91.6 2.4 15.2
      vertex 91.6 2.4 23.408
    endloop
  endfacet
  facet normal 1 -0 0
    outer loop
      vertex 91.6 0 23.408
      vertex 91.6 2.4 15.2
      vertex 91.6 7.62939e-07 23.408
    endloop
  endfacet
  facet normal 1 0 0
    outer loop
      vertex 91.6 2.4 15.2
      vertex 91.6 0 23.408
      vertex 91.6 0 2
    endloop
  endfacet
  facet normal 1 0 0
    outer loop
      vertex 91.6 2.4 15.2
      vertex 91.6 0 2
      vertex 91.6 2.4 2
    endloop
  endfacet
  facet normal 1 -0 0
    outer loop
      vertex 91.6 6.4 14
      vertex 91.6 63.9 2
      vertex 91.6 63.9 14
    endloop
  endfacet
  facet normal 1 0 0
    outer loop
      vertex 91.6 63.9 2
      vertex 91.6 6.4 14
      vertex 91.6 6.4 2
    endloop
  endfacet
  facet normal -0 0 1
    outer loop
      vertex 0 70.3 24
      vertex 32 69.59 24
      vertex 32 70.3 24
    endloop
  endfacet
  facet normal 0 0 1
    outer loop
      vertex 32 69.59 24
      vertex 0 70.3 24
      vertex 0 69.59 24
    endloop
  endfacet
  facet normal -0 0 1
    outer loop
      vertex 62 70.3 24
      vertex 91.6 69.59 24
      vertex 91.6 70.3 24
    endloop
  endfacet
  facet normal 0 0 1
    outer loop
      vertex 91.6 69.59 24
      vertex 62 70.3 24
      vertex 62 69.59 24
    endloop
  endfacet
  facet normal 0 0 -1
    outer loop
      vertex 0 0 0
      vertex 46.4 1.2 0
      vertex 46.4 0 0
    endloop
  endfacet
  facet normal -0 0 -1
    outer loop
      vertex 46.4 1.2 0
      vertex 0 0 0
      vertex 46.4 69.1 0
    endloop
  endfacet
  facet normal 0 0 -1
    outer loop
      vertex 0 70.3 0
      vertex 46.4 69.1 0
      vertex 0 0 0
    endloop
  endfacet
  facet normal 0 0 -1
    outer loop
      vertex 46.4 69.1 0
      vertex 0 70.3 0
      vertex 46.4 70.3 0
    endloop
  endfacet
  facet normal 0 0 -1
    outer loop
      vertex 46.4 1.2 0
      vertex 47.6 69.1 0
      vertex 47.6 1.2 0
    endloop
  endfacet
  facet normal -0 0 -1
    outer loop
      vertex 47.6 69.1 0
      vertex 46.4 1.2 0
      vertex 46.4 69.1 0
    endloop
  endfacet
  facet normal 0 0 -1
    outer loop
      vertex 47.6 1.2 0
      vertex 184.309 0 0
      vertex 47.6 0 0
    endloop
  endfacet
  facet normal 0 0 -1
    outer loop
      vertex 184.309 0 0
      vertex 47.6 1.2 0
      vertex 184.309 70.3 0
    endloop
  endfacet
  facet normal 0 0 -1
    outer loop
      vertex 47.6 69.1 0
      vertex 184.309 70.3 0
      vertex 47.6 1.2 0
    endloop
  endfacet
  facet normal -0 0 -1
    outer loop
      vertex 184.309 70.3 0
      vertex 47.6 69.1 0
      vertex 47.6 70.3 0
    endloop
  endfacet
  facet normal -1 0 0
    outer loop
      vertex 0 69 23.408
      vertex 0 70.3 24
      vertex 0 70.3 0
    endloop
  endfacet
  facet normal -1 -0 0
    outer loop
      vertex 0 70.3 24
      vertex 0 69 23.408
      vertex 0 69.59 24
    endloop
  endfacet
  facet normal -1 0 0
    outer loop
      vertex 0 0 0
      vertex 0 69 23.408
      vertex 0 70.3 0
    endloop
  endfacet
  facet normal -1 -0 0
    outer loop
      vertex 0 69 23.408
      vertex 0 0 0
      vertex 0 0 23.408
    endloop
  endfacet
  facet normal 0 1 -0
    outer loop
      vertex 91.6 2.4 15.2
      vertex 89.2 2.4 21
      vertex 91.6 2.4 23.408
    endloop
  endfacet
  facet normal 0 1 0
    outer loop
      vertex 89.2 2.4 15.2
      vertex 89.2 2.4 21
      vertex 91.6 2.4 15.2
    endloop
  endfacet
  facet normal 0 1 0
    outer loop
      vertex 89.2 2.4 21
      vertex 89.2 2.4 15.2
      vertex 62 2.4 21
    endloop
  endfacet
  facet normal 0 1 0
    outer loop
      vertex 89.2 2.4 15.2
      vertex 62 2.4 8
      vertex 62 2.4 21
    endloop
  endfacet
  facet normal 0 1 0
    outer loop
      vertex 62 2.4 8
      vertex 89.2 2.4 2
      vertex 32 2.4 8
    endloop
  endfacet
  facet normal 0 1 -0
    outer loop
      vertex 89.2 2.4 2
      vertex 62 2.4 8
      vertex 89.2 2.4 15.2
    endloop
  endfacet
  facet normal 0 1 -0
    outer loop
      vertex 32 2.4 8
      vertex 2.4 2.4 21
      vertex 32 2.4 21
    endloop
  endfacet
  facet normal 0 1 0
    outer loop
      vertex 32 2.4 8
      vertex 2.4 2.4 2
      vertex 2.4 2.4 21
    endloop
  endfacet
  facet normal 0 1 0
    outer loop
      vertex 2.4 2.4 2
      vertex 32 2.4 8
      vertex 89.2 2.4 2
    endloop
  endfacet
  facet normal 0 -1 0
    outer loop
      vertex 165.676 2.4 8.40269
      vertex 164.695 2.4 9.20013
      vertex 165.331 2.4 8.50237
    endloop
  endfacet
  facet normal 0 -1 0
    outer loop
      vertex 164.62 2.4 9.56563
      vertex 167.949 2.4 8.81316
      vertex 168.341 2.4 9.0101
    endloop
  endfacet
  facet normal 0 -1 0
    outer loop
      vertex 165.331 2.4 8.50237
      vertex 164.839 2.4 8.90109
      vertex 165.052 2.4 8.6685
    endloop
  endfacet
  facet normal 0 -1 0
    outer loop
      vertex 164.62 2.4 9.56563
      vertex 167.564 2.4 8.6526
      vertex 167.949 2.4 8.81316
    endloop
  endfacet
  facet normal 0 -1 0
    outer loop
      vertex 164.62 2.4 9.56563
      vertex 167.186 2.4 8.52843
      vertex 167.564 2.4 8.6526
    endloop
  endfacet
  facet normal 0 -1 0
    outer loop
      vertex 164.695 2.4 9.20013
      vertex 165.676 2.4 8.40269
      vertex 164.62 2.4 9.56563
    endloop
  endfacet
  facet normal 0 -1 0
    outer loop
      vertex 164.62 2.4 9.56563
      vertex 166.813 2.4 8.44011
      vertex 167.186 2.4 8.52843
    endloop
  endfacet
  facet normal 0 -1 0
    outer loop
      vertex 164.62 2.4 9.56563
      vertex 165.676 2.4 8.40269
      vertex 166.087 2.4 8.36946
    endloop
  endfacet
  facet normal 0 -1 0
    outer loop
      vertex 164.62 2.4 9.56563
      vertex 166.447 2.4 8.38713
      vertex 166.813 2.4 8.44011
    endloop
  endfacet
  facet normal 0 -1 0
    outer loop
      vertex 164.62 2.4 9.56563
      vertex 166.087 2.4 8.36946
      vertex 166.447 2.4 8.38713
    endloop
  endfacet
  facet normal 0 -1 0
    outer loop
      vertex 155.63 2.4 8.40269
      vertex 154.649 2.4 9.20013
      vertex 155.285 2.4 8.50237
    endloop
  endfacet
  facet normal 0 -1 0
    outer loop
      vertex 154.574 2.4 9.56563
      vertex 157.903 2.4 8.81316
      vertex 158.295 2.4 9.0101
    endloop
  endfacet
  facet normal 0 -1 0
    outer loop
      vertex 155.285 2.4 8.50237
      vertex 154.793 2.4 8.90109
      vertex 155.006 2.4 8.6685
    endloop
  endfacet
  facet normal 0 -1 0
    outer loop
      vertex 154.574 2.4 9.56563
      vertex 157.518 2.4 8.6526
      vertex 157.903 2.4 8.81316
    endloop
  endfacet
  facet normal 0 -1 0
    outer loop
      vertex 154.574 2.4 9.56563
      vertex 157.139 2.4 8.52843
      vertex 157.518 2.4 8.6526
    endloop
  endfacet
  facet normal 0 -1 0
    outer loop
      vertex 154.649 2.4 9.20013
      vertex 155.63 2.4 8.40269
      vertex 154.574 2.4 9.56563
    endloop
  endfacet
  facet normal 0 -1 0
    outer loop
      vertex 154.574 2.4 9.56563
      vertex 156.767 2.4 8.44011
      vertex 157.139 2.4 8.52843
    endloop
  endfacet
  facet normal 0 -1 0
    outer loop
      vertex 154.574 2.4 9.56563
      vertex 155.63 2.4 8.40269
      vertex 156.041 2.4 8.36946
    endloop
  endfacet
  facet normal 0 -1 0
    outer loop
      vertex 154.574 2.4 9.56563
      vertex 156.401 2.4 8.38713
      vertex 156.767 2.4 8.44011
    endloop
  endfacet
  facet normal 0 -1 0
    outer loop
      vertex 154.574 2.4 9.56563
      vertex 156.041 2.4 8.36946
      vertex 156.401 2.4 8.38713
    endloop
  endfacet
  facet normal 0 -1 0
    outer loop
      vertex 122.826 2.4 8.40269
      vertex 121.845 2.4 9.20013
      vertex 122.481 2.4 8.50237
    endloop
  endfacet
  facet normal 0 -1 0
    outer loop
      vertex 121.77 2.4 9.56563
      vertex 125.099 2.4 8.81316
      vertex 125.492 2.4 9.0101
    endloop
  endfacet
  facet normal 0 -1 0
    outer loop
      vertex 122.481 2.4 8.50237
      vertex 121.989 2.4 8.90109
      vertex 122.202 2.4 8.6685
    endloop
  endfacet
  facet normal 0 -1 0
    outer loop
      vertex 121.77 2.4 9.56563
      vertex 124.714 2.4 8.6526
      vertex 125.099 2.4 8.81316
    endloop
  endfacet
  facet normal 0 -1 0
    outer loop
      vertex 121.77 2.4 9.56563
      vertex 124.336 2.4 8.52843
      vertex 124.714 2.4 8.6526
    endloop
  endfacet
  facet normal 0 -1 0
    outer loop
      vertex 121.845 2.4 9.20013
      vertex 122.826 2.4 8.40269
      vertex 121.77 2.4 9.56563
    endloop
  endfacet
  facet normal 0 -1 0
    outer loop
      vertex 121.77 2.4 9.56563
      vertex 123.964 2.4 8.44011
      vertex 124.336 2.4 8.52843
    endloop
  endfacet
  facet normal 0 -1 0
    outer loop
      vertex 121.77 2.4 9.56563
      vertex 122.826 2.4 8.40269
      vertex 123.237 2.4 8.36946
    endloop
  endfacet
  facet normal 0 -1 0
    outer loop
      vertex 121.77 2.4 9.56563
      vertex 123.597 2.4 8.38713
      vertex 123.964 2.4 8.44011
    endloop
  endfacet
  facet normal 0 -1 0
    outer loop
      vertex 121.77 2.4 9.56563
      vertex 123.237 2.4 8.36946
      vertex 123.597 2.4 8.38713
    endloop
  endfacet
  facet normal 0 -1 0
    outer loop
      vertex 158.295 2.4 9.0101
      vertex 158.547 2.4 9.56563
      vertex 154.574 2.4 9.56563
    endloop
  endfacet
  facet normal 0 -1 0
    outer loop
      vertex 155.285 2.4 8.50237
      vertex 154.649 2.4 9.20013
      vertex 154.793 2.4 8.90109
    endloop
  endfacet
  facet normal 0 -1 -0
    outer loop
      vertex 158.547 2.4 9.56563
      vertex 158.295 2.4 9.0101
      vertex 159.855 2.4 9.21619
    endloop
  endfacet
  facet normal 0 -1 0
    outer loop
      vertex 158.295 2.4 7.70195
      vertex 159.855 2.4 9.21619
      vertex 158.295 2.4 9.0101
    endloop
  endfacet
  facet normal 0 -1 0
    outer loop
      vertex 158.295 2.4 7.70195
      vertex 159.855 2.4 7.37938
      vertex 159.855 2.4 9.21619
    endloop
  endfacet
  facet normal 0 -1 0
    outer loop
      vertex 157.893 2.4 7.56213
      vertex 159.855 2.4 7.37938
      vertex 158.295 2.4 7.70195
    endloop
  endfacet
  facet normal 0 -1 0
    outer loop
      vertex 157.492 2.4 7.44717
      vertex 159.855 2.4 7.37938
      vertex 157.893 2.4 7.56213
    endloop
  endfacet
  facet normal 0 -1 0
    outer loop
      vertex 156.688 2.4 7.2923
      vertex 159.855 2.4 7.37938
      vertex 157.09 2.4 7.35706
    endloop
  endfacet
  facet normal 0 -1 0
    outer loop
      vertex 157.09 2.4 7.35706
      vertex 159.855 2.4 7.37938
      vertex 157.492 2.4 7.44717
    endloop
  endfacet
  facet normal 0 -1 0
    outer loop
      vertex 125.492 2.4 9.0101
      vertex 125.743 2.4 9.56563
      vertex 121.77 2.4 9.56563
    endloop
  endfacet
  facet normal 0 -1 0
    outer loop
      vertex 125.492 2.4 7.70195
      vertex 129.567 2.4 9.48946
      vertex 126.586 2.4 9.48946
    endloop
  endfacet
  facet normal 0 -1 -0
    outer loop
      vertex 125.743 2.4 9.56563
      vertex 125.492 2.4 9.0101
      vertex 126.586 2.4 9.48946
    endloop
  endfacet
  facet normal 0 -1 0
    outer loop
      vertex 122.481 2.4 8.50237
      vertex 121.845 2.4 9.20013
      vertex 121.989 2.4 8.90109
    endloop
  endfacet
  facet normal 0 -1 0
    outer loop
      vertex 125.492 2.4 7.70195
      vertex 126.586 2.4 9.48946
      vertex 125.492 2.4 9.0101
    endloop
  endfacet
  facet normal 0 -1 0
    outer loop
      vertex 129.567 2.4 9.48946
      vertex 131.019 2.4 8.61993
      vertex 130.973 2.4 9.22556
    endloop
  endfacet
  facet normal 0 -1 -0
    outer loop
      vertex 129.567 2.4 9.48946
      vertex 125.492 2.4 7.70195
      vertex 131.159 2.4 8.14455
    endloop
  endfacet
  facet normal 0 -1 0
    outer loop
      vertex 129.567 2.4 9.48946
      vertex 131.159 2.4 8.14455
      vertex 131.019 2.4 8.61993
    endloop
  endfacet
  facet normal 0 -1 -0
    outer loop
      vertex 131.159 2.4 8.14455
      vertex 125.492 2.4 7.70195
      vertex 131.393 2.4 7.79938
    endloop
  endfacet
  facet normal 0 -1 0
    outer loop
      vertex 125.492 2.4 7.70195
      vertex 131.738 2.4 7.56606
      vertex 131.393 2.4 7.79938
    endloop
  endfacet
  facet normal 0 -1 0
    outer loop
      vertex 125.09 2.4 7.56213
      vertex 131.738 2.4 7.56606
      vertex 125.492 2.4 7.70195
    endloop
  endfacet
  facet normal 0 -1 0
    outer loop
      vertex 124.688 2.4 7.44717
      vertex 131.738 2.4 7.56606
      vertex 125.09 2.4 7.56213
    endloop
  endfacet
  facet normal 0 -1 0
    outer loop
      vertex 124.688 2.4 7.44717
      vertex 132.213 2.4 7.42606
      vertex 131.738 2.4 7.56606
    endloop
  endfacet
  facet normal 0 -1 0
    outer loop
      vertex 124.286 2.4 7.35706
      vertex 132.213 2.4 7.42606
      vertex 124.688 2.4 7.44717
    endloop
  endfacet
  facet normal 0 0 0
    outer loop
      vertex 132.819 2.4 7.37938
      vertex 135.355 2.4 7.37938
      vertex 134.276 2.4 7.37938
    endloop
  endfacet
  facet normal 0 -1 0
    outer loop
      vertex 91.6 2.4 2
      vertex 135.355 2.4 7.37938
      vertex 132.819 2.4 7.37938
    endloop
  endfacet
  facet normal 0 -1 -0
    outer loop
      vertex 132.213 2.4 7.42606
      vertex 123.884 2.4 7.2923
      vertex 132.819 2.4 7.37938
    endloop
  endfacet
  facet normal 0 -1 0
    outer loop
      vertex 123.884 2.4 7.2923
      vertex 132.213 2.4 7.42606
      vertex 124.286 2.4 7.35706
    endloop
  endfacet
  facet normal 0 -1 0
    outer loop
      vertex 139.71 2.4 9.53986
      vertex 138.565 2.4 11.4461
      vertex 138.416 2.4 11.4517
    endloop
  endfacet
  facet normal 0 -1 0
    outer loop
      vertex 137.211 2.4 10.7107
      vertex 138.416 2.4 11.4517
      vertex 138.013 2.4 11.405
    endloop
  endfacet
  facet normal 0 -1 0
    outer loop
      vertex 139.71 2.4 9.53986
      vertex 138.416 2.4 11.4517
      vertex 137.093 2.4 10.3093
    endloop
  endfacet
  facet normal 0 -1 0
    outer loop
      vertex 138.565 2.4 11.4461
      vertex 139.71 2.4 9.53986
      vertex 138.713 2.4 11.4293
    endloop
  endfacet
  facet normal 0 -1 0
    outer loop
      vertex 138.86 2.4 11.4014
      vertex 139.71 2.4 9.53986
      vertex 139.007 2.4 11.3617
    endloop
  endfacet
  facet normal 0 -1 0
    outer loop
      vertex 137.408 2.4 11.0313
      vertex 138.013 2.4 11.405
      vertex 137.677 2.4 11.2648
    endloop
  endfacet
  facet normal 0 -1 0
    outer loop
      vertex 138.416 2.4 11.4517
      vertex 137.211 2.4 10.7107
      vertex 137.093 2.4 10.3093
    endloop
  endfacet
  facet normal 0 -1 0
    outer loop
      vertex 139.155 2.4 11.3098
      vertex 139.71 2.4 9.53986
      vertex 139.304 2.4 11.2456
    endloop
  endfacet
  facet normal 0 -1 0
    outer loop
      vertex 138.013 2.4 11.405
      vertex 137.408 2.4 11.0313
      vertex 137.211 2.4 10.7107
    endloop
  endfacet
  facet normal 0 -1 0
    outer loop
      vertex 139.304 2.4 11.2456
      vertex 141.465 2.4 10.7312
      vertex 143.267 2.4 11.1593
    endloop
  endfacet
  facet normal -0 -1 0
    outer loop
      vertex 142.301 2.4 10.7797
      vertex 143.267 2.4 11.1593
      vertex 141.465 2.4 10.7312
    endloop
  endfacet
  facet normal 0 -1 -0
    outer loop
      vertex 143.267 2.4 11.1593
      vertex 142.301 2.4 10.7797
      vertex 143.303 2.4 10.9139
    endloop
  endfacet
  facet normal 0 -1 0
    outer loop
      vertex 139.007 2.4 11.3617
      vertex 139.71 2.4 9.53986
      vertex 139.155 2.4 11.3098
    endloop
  endfacet
  facet normal 0 -1 0
    outer loop
      vertex 139.304 2.4 11.2456
      vertex 140.792 2.4 10.5857
      vertex 141.465 2.4 10.7312
    endloop
  endfacet
  facet normal 0 -1 0
    outer loop
      vertex 139.304 2.4 11.2456
      vertex 140.281 2.4 10.3432
      vertex 140.792 2.4 10.5857
    endloop
  endfacet
  facet normal 0 -1 0
    outer loop
      vertex 138.713 2.4 11.4293
      vertex 139.71 2.4 9.53986
      vertex 138.86 2.4 11.4014
    endloop
  endfacet
  facet normal 0 -1 0
    outer loop
      vertex 139.304 2.4 11.2456
      vertex 139.924 2.4 9.99687
      vertex 140.281 2.4 10.3432
    endloop
  endfacet
  facet normal 0 -1 0
    outer loop
      vertex 139.71 2.4 9.53986
      vertex 137.093 2.4 10.3093
      vertex 137.054 2.4 9.82721
    endloop
  endfacet
  facet normal 0 -1 0
    outer loop
      vertex 139.304 2.4 11.2456
      vertex 139.71 2.4 9.53986
      vertex 139.924 2.4 9.99687
    endloop
  endfacet
  facet normal 0 -1 0
    outer loop
      vertex 137.054 2.4 9.82721
      vertex 139.638 2.4 8.97217
      vertex 139.71 2.4 9.53986
    endloop
  endfacet
  facet normal 0 -1 0
    outer loop
      vertex 137.054 2.4 7.37938
      vertex 139.638 2.4 8.97217
      vertex 137.054 2.4 9.82721
    endloop
  endfacet
  facet normal 0 -1 -0
    outer loop
      vertex 139.638 2.4 8.97217
      vertex 137.054 2.4 7.37938
      vertex 139.695 2.4 8.49165
    endloop
  endfacet
  facet normal 0 -1 -0
    outer loop
      vertex 139.695 2.4 8.49165
      vertex 137.054 2.4 7.37938
      vertex 139.867 2.4 8.07495
    endloop
  endfacet
  facet normal 0 -1 -0
    outer loop
      vertex 139.867 2.4 8.07495
      vertex 137.054 2.4 7.37938
      vertex 140.153 2.4 7.72203
    endloop
  endfacet
  facet normal 0 -1 -0
    outer loop
      vertex 140.153 2.4 7.72203
      vertex 137.054 2.4 7.37938
      vertex 140.531 2.4 7.45451
    endloop
  endfacet
  facet normal 0 -1 0
    outer loop
      vertex 137.054 2.4 7.37938
      vertex 140.978 2.4 7.29401
      vertex 140.531 2.4 7.45451
    endloop
  endfacet
  facet normal 0 -1 0
    outer loop
      vertex 123.482 2.4 7.25345
      vertex 132.819 2.4 7.37938
      vertex 123.884 2.4 7.2923
    endloop
  endfacet
  facet normal 0 -1 0
    outer loop
      vertex 91.6 2.4 2
      vertex 132.819 2.4 7.37938
      vertex 123.482 2.4 7.25345
    endloop
  endfacet
  facet normal -0 -1 0
    outer loop
      vertex 141.494 2.4 7.24051
      vertex 135.355 2.4 7.37938
      vertex 91.6 2.4 2
    endloop
  endfacet
  facet normal 0 -1 0
    outer loop
      vertex 91.6 2.4 2
      vertex 123.482 2.4 7.25345
      vertex 123.08 2.4 7.24051
    endloop
  endfacet
  facet normal 0 -1 0
    outer loop
      vertex 137.054 2.4 7.37938
      vertex 141.494 2.4 7.24051
      vertex 140.978 2.4 7.29401
    endloop
  endfacet
  facet normal 0 -1 -0
    outer loop
      vertex 130.128 2.4 11.483
      vertex 129.567 2.4 10.8693
      vertex 130.973 2.4 11.483
    endloop
  endfacet
  facet normal 0 -1 0
    outer loop
      vertex 130.973 2.4 9.22556
      vertex 129.567 2.4 10.8693
      vertex 129.567 2.4 9.48946
    endloop
  endfacet
  facet normal 0 -1 0
    outer loop
      vertex 129.567 2.4 10.8693
      vertex 130.973 2.4 9.22556
      vertex 130.973 2.4 11.483
    endloop
  endfacet
  facet normal 0 -1 -0
    outer loop
      vertex 143.303 2.4 10.9139
      vertex 142.301 2.4 10.7797
      vertex 143.303 2.4 10.7797
    endloop
  endfacet
  facet normal 0 -1 0
    outer loop
      vertex 168.341 2.4 9.0101
      vertex 168.593 2.4 9.56563
      vertex 164.62 2.4 9.56563
    endloop
  endfacet
  facet normal 0 -1 0
    outer loop
      vertex 165.331 2.4 8.50237
      vertex 164.695 2.4 9.20013
      vertex 164.839 2.4 8.90109
    endloop
  endfacet
  facet normal 0 -1 0
    outer loop
      vertex 169.722 2.4 8.78639
      vertex 168.593 2.4 9.56563
      vertex 168.341 2.4 9.0101
    endloop
  endfacet
  facet normal 0 -1 0
    outer loop
      vertex 168.593 2.4 9.56563
      vertex 169.722 2.4 8.78639
      vertex 169.668 2.4 9.44781
    endloop
  endfacet
  facet normal 0 -1 0
    outer loop
      vertex 168.341 2.4 7.70195
      vertex 169.722 2.4 8.78639
      vertex 168.341 2.4 9.0101
    endloop
  endfacet
  facet normal 0 -1 -0
    outer loop
      vertex 169.722 2.4 8.78639
      vertex 168.341 2.4 7.70195
      vertex 169.882 2.4 8.23889
    endloop
  endfacet
  facet normal 0 -1 -0
    outer loop
      vertex 169.882 2.4 8.23889
      vertex 168.341 2.4 7.70195
      vertex 170.15 2.4 7.80533
    endloop
  endfacet
  facet normal 0 -1 0
    outer loop
      vertex 170.52 2.4 7.49153
      vertex 168.341 2.4 7.70195
      vertex 167.94 2.4 7.56213
    endloop
  endfacet
  facet normal 0 -1 0
    outer loop
      vertex 168.341 2.4 7.70195
      vertex 170.52 2.4 7.49153
      vertex 170.15 2.4 7.80533
    endloop
  endfacet
  facet normal 0 -1 0
    outer loop
      vertex 170.988 2.4 7.30327
      vertex 167.94 2.4 7.56213
      vertex 167.538 2.4 7.44717
    endloop
  endfacet
  facet normal 0 -1 0
    outer loop
      vertex 170.988 2.4 7.30327
      vertex 167.538 2.4 7.44717
      vertex 167.136 2.4 7.35706
    endloop
  endfacet
  facet normal 0 -1 0
    outer loop
      vertex 167.94 2.4 7.56213
      vertex 170.988 2.4 7.30327
      vertex 170.52 2.4 7.49153
    endloop
  endfacet
  facet normal 0 -1 0
    outer loop
      vertex 166.734 2.4 7.2923
      vertex 170.988 2.4 7.30327
      vertex 167.136 2.4 7.35706
    endloop
  endfacet
  facet normal 0 -1 0
    outer loop
      vertex 171.553 2.4 7.24051
      vertex 166.734 2.4 7.2923
      vertex 166.332 2.4 7.25345
    endloop
  endfacet
  facet normal 0 -1 0
    outer loop
      vertex 184.309 2.4 2
      vertex 166.332 2.4 7.25345
      vertex 165.93 2.4 7.24051
    endloop
  endfacet
  facet normal 0 -1 0
    outer loop
      vertex 166.734 2.4 7.2923
      vertex 171.553 2.4 7.24051
      vertex 170.988 2.4 7.30327
    endloop
  endfacet
  facet normal 0 -1 0
    outer loop
      vertex 116.076 2.4 9.59671
      vertex 116.076 2.4 7.37938
      vertex 118.151 2.4 7.37938
    endloop
  endfacet
  facet normal 0 -1 0
    outer loop
      vertex 132.672 2.4 11.483
      vertex 132.672 2.4 9.22556
      vertex 134.424 2.4 11.483
    endloop
  endfacet
  facet normal 0 -1 0
    outer loop
      vertex 171.377 2.4 12.1651
      vertex 173.314 2.4 12.6971
      vertex 171.377 2.4 12.6971
    endloop
  endfacet
  facet normal 0 -1 0
    outer loop
      vertex 171.377 2.4 11.8523
      vertex 173.314 2.4 12.6971
      vertex 171.377 2.4 12.1651
    endloop
  endfacet
  facet normal 0 -1 0
    outer loop
      vertex 171.375 2.4 11.4905
      vertex 173.314 2.4 12.6971
      vertex 171.377 2.4 11.8523
    endloop
  endfacet
  facet normal 0 -1 0
    outer loop
      vertex 173.314 2.4 10.0702
      vertex 171.375 2.4 11.4905
      vertex 171.372 2.4 11.0796
    endloop
  endfacet
  facet normal 0 -1 0
    outer loop
      vertex 173.314 2.4 10.0702
      vertex 171.372 2.4 11.0796
      vertex 171.37 2.4 10.6924
    endloop
  endfacet
  facet normal 0 -1 0
    outer loop
      vertex 173.314 2.4 10.0702
      vertex 171.37 2.4 10.6924
      vertex 171.368 2.4 10.4018
    endloop
  endfacet
  facet normal 0 -1 0
    outer loop
      vertex 173.314 2.4 10.0702
      vertex 171.368 2.4 10.4018
      vertex 171.368 2.4 10.2079
    endloop
  endfacet
  facet normal 0 -1 0
    outer loop
      vertex 171.375 2.4 11.4905
      vertex 173.314 2.4 10.0702
      vertex 173.314 2.4 12.6971
    endloop
  endfacet
  facet normal 0 -1 0
    outer loop
      vertex 171.371 2.4 9.82021
      vertex 173.314 2.4 10.0702
      vertex 171.368 2.4 10.2079
    endloop
  endfacet
  facet normal 0 -1 0
    outer loop
      vertex 171.371 2.4 9.82021
      vertex 173.28 2.4 9.621
      vertex 173.314 2.4 10.0702
    endloop
  endfacet
  facet normal 0 -1 0
    outer loop
      vertex 171.382 2.4 9.51222
      vertex 173.28 2.4 9.621
      vertex 171.371 2.4 9.82021
    endloop
  endfacet
  facet normal 0 -1 0
    outer loop
      vertex 173.01 2.4 8.93478
      vertex 171.382 2.4 9.51222
      vertex 171.401 2.4 9.28394
    endloop
  endfacet
  facet normal 0 -1 0
    outer loop
      vertex 171.382 2.4 9.51222
      vertex 173.179 2.4 9.24254
      vertex 173.28 2.4 9.621
    endloop
  endfacet
  facet normal 0 -1 0
    outer loop
      vertex 172.175 2.4 8.52626
      vertex 171.401 2.4 9.28394
      vertex 171.428 2.4 9.11266
    endloop
  endfacet
  facet normal 0 -1 0
    outer loop
      vertex 172.035 2.4 8.53629
      vertex 171.428 2.4 9.11266
      vertex 171.466 2.4 8.97569
    endloop
  endfacet
  facet normal 0 -1 0
    outer loop
      vertex 171.382 2.4 9.51222
      vertex 173.01 2.4 8.93478
      vertex 173.179 2.4 9.24254
    endloop
  endfacet
  facet normal 0 -1 0
    outer loop
      vertex 171.592 2.4 8.77065
      vertex 171.466 2.4 8.97569
      vertex 171.515 2.4 8.87305
    endloop
  endfacet
  facet normal 0 -1 0
    outer loop
      vertex 171.466 2.4 8.97569
      vertex 171.592 2.4 8.77065
      vertex 172.035 2.4 8.53629
    endloop
  endfacet
  facet normal 0 -1 0
    outer loop
      vertex 171.401 2.4 9.28394
      vertex 172.782 2.4 8.70782
      vertex 173.01 2.4 8.93478
    endloop
  endfacet
  facet normal 0 -1 0
    outer loop
      vertex 172.035 2.4 8.53629
      vertex 171.592 2.4 8.77065
      vertex 171.683 2.4 8.68513
    endloop
  endfacet
  facet normal 0 -1 0
    outer loop
      vertex 172.035 2.4 8.53629
      vertex 171.683 2.4 8.68513
      vertex 171.788 2.4 8.61649
    endloop
  endfacet
  facet normal 0 -1 0
    outer loop
      vertex 171.401 2.4 9.28394
      vertex 172.504 2.4 8.57166
      vertex 172.782 2.4 8.70782
    endloop
  endfacet
  facet normal 0 -1 0
    outer loop
      vertex 172.035 2.4 8.53629
      vertex 171.788 2.4 8.61649
      vertex 171.906 2.4 8.56636
    endloop
  endfacet
  facet normal 0 -1 0
    outer loop
      vertex 171.428 2.4 9.11266
      vertex 172.035 2.4 8.53629
      vertex 172.175 2.4 8.52626
    endloop
  endfacet
  facet normal 0 -1 0
    outer loop
      vertex 171.401 2.4 9.28394
      vertex 172.175 2.4 8.52626
      vertex 172.504 2.4 8.57166
    endloop
  endfacet
  facet normal 0 -1 0
    outer loop
      vertex 167.283 2.4 12.487
      vertex 169.668 2.4 12.6971
      vertex 166.615 2.4 12.7387
    endloop
  endfacet
  facet normal 0 -1 0
    outer loop
      vertex 167.841 2.4 12.0676
      vertex 169.668 2.4 12.6971
      vertex 167.283 2.4 12.487
    endloop
  endfacet
  facet normal 0 -1 0
    outer loop
      vertex 168.259 2.4 11.5078
      vertex 169.668 2.4 12.6971
      vertex 167.841 2.4 12.0676
    endloop
  endfacet
  facet normal 0 -1 0
    outer loop
      vertex 168.509 2.4 10.8351
      vertex 169.668 2.4 12.6971
      vertex 168.259 2.4 11.5078
    endloop
  endfacet
  facet normal 0 -1 0
    outer loop
      vertex 169.668 2.4 9.44781
      vertex 168.509 2.4 10.8351
      vertex 168.593 2.4 10.0495
    endloop
  endfacet
  facet normal 0 -1 0
    outer loop
      vertex 169.668 2.4 9.44781
      vertex 168.593 2.4 10.0495
      vertex 168.593 2.4 9.56563
    endloop
  endfacet
  facet normal 0 -1 0
    outer loop
      vertex 168.509 2.4 10.8351
      vertex 169.668 2.4 9.44781
      vertex 169.668 2.4 12.6971
    endloop
  endfacet
  facet normal 0 -1 0
    outer loop
      vertex 134.424 2.4 11.483
      vertex 135.355 2.4 12.6971
      vertex 134.424 2.4 12.6971
    endloop
  endfacet
  facet normal 0 -1 0
    outer loop
      vertex 133.144 2.4 8.60799
      vertex 132.672 2.4 9.22556
      vertex 132.688 2.4 9.00508
    endloop
  endfacet
  facet normal 0 -1 0
    outer loop
      vertex 134.276 2.4 8.59346
      vertex 132.672 2.4 9.22556
      vertex 133.403 2.4 8.59346
    endloop
  endfacet
  facet normal 0 -1 0
    outer loop
      vertex 132.949 2.4 8.65155
      vertex 132.688 2.4 9.00508
      vertex 132.737 2.4 8.83795
    endloop
  endfacet
  facet normal 0 -1 0
    outer loop
      vertex 132.949 2.4 8.65155
      vertex 132.737 2.4 8.83795
      vertex 132.819 2.4 8.72415
    endloop
  endfacet
  facet normal 0 -1 0
    outer loop
      vertex 132.688 2.4 9.00508
      vertex 132.949 2.4 8.65155
      vertex 133.144 2.4 8.60799
    endloop
  endfacet
  facet normal 0 -1 0
    outer loop
      vertex 132.672 2.4 9.22556
      vertex 133.144 2.4 8.60799
      vertex 133.403 2.4 8.59346
    endloop
  endfacet
  facet normal 0 -1 0
    outer loop
      vertex 132.672 2.4 9.22556
      vertex 134.276 2.4 8.59346
      vertex 134.424 2.4 11.483
    endloop
  endfacet
  facet normal 0 -1 0
    outer loop
      vertex 135.355 2.4 7.37938
      vertex 134.424 2.4 11.483
      vertex 134.276 2.4 8.59346
    endloop
  endfacet
  facet normal 0 -1 0
    outer loop
      vertex 135.355 2.4 7.37938
      vertex 134.276 2.4 8.59346
      vertex 134.276 2.4 7.37938
    endloop
  endfacet
  facet normal 0 -1 0
    outer loop
      vertex 134.424 2.4 11.483
      vertex 135.355 2.4 7.37938
      vertex 135.355 2.4 12.6971
    endloop
  endfacet
  facet normal 0 -1 0
    outer loop
      vertex 124.991 2.4 12.0676
      vertex 130.973 2.4 14.2069
      vertex 124.434 2.4 12.487
    endloop
  endfacet
  facet normal 0 -1 0
    outer loop
      vertex 130.973 2.4 14.2069
      vertex 124.991 2.4 12.0676
      vertex 130.128 2.4 12.6971
    endloop
  endfacet
  facet normal 0 -1 0
    outer loop
      vertex 126.586 2.4 10.8693
      vertex 124.991 2.4 12.0676
      vertex 125.409 2.4 11.5078
    endloop
  endfacet
  facet normal 0 -1 0
    outer loop
      vertex 124.991 2.4 12.0676
      vertex 126.586 2.4 10.8693
      vertex 130.128 2.4 12.6971
    endloop
  endfacet
  facet normal 0 -1 -0
    outer loop
      vertex 130.128 2.4 12.6971
      vertex 129.567 2.4 10.8693
      vertex 130.128 2.4 11.483
    endloop
  endfacet
  facet normal 0 -1 0
    outer loop
      vertex 129.567 2.4 10.8693
      vertex 130.128 2.4 12.6971
      vertex 126.586 2.4 10.8693
    endloop
  endfacet
  facet normal 0 -1 0
    outer loop
      vertex 125.66 2.4 10.8351
      vertex 126.586 2.4 10.8693
      vertex 125.409 2.4 11.5078
    endloop
  endfacet
  facet normal 0 -1 0
    outer loop
      vertex 125.743 2.4 10.0495
      vertex 126.586 2.4 10.8693
      vertex 125.66 2.4 10.8351
    endloop
  endfacet
  facet normal 0 -1 0
    outer loop
      vertex 126.586 2.4 9.48946
      vertex 125.743 2.4 10.0495
      vertex 125.743 2.4 9.56563
    endloop
  endfacet
  facet normal 0 -1 0
    outer loop
      vertex 125.743 2.4 10.0495
      vertex 126.586 2.4 9.48946
      vertex 126.586 2.4 10.8693
    endloop
  endfacet
  facet normal 0 -1 0
    outer loop
      vertex 151.77 2.4 14.7669
      vertex 164.983 2.4 12.7398
      vertex 165.835 2.4 12.8226
    endloop
  endfacet
  facet normal 0 -1 0
    outer loop
      vertex 151.77 2.4 14.7669
      vertex 156.569 2.4 12.7387
      vertex 164.983 2.4 12.7398
    endloop
  endfacet
  facet normal 0 -1 0
    outer loop
      vertex 156.569 2.4 12.7387
      vertex 164.262 2.4 12.4914
      vertex 164.983 2.4 12.7398
    endloop
  endfacet
  facet normal 0 -1 0
    outer loop
      vertex 157.237 2.4 12.487
      vertex 164.262 2.4 12.4914
      vertex 156.569 2.4 12.7387
    endloop
  endfacet
  facet normal 0 -1 0
    outer loop
      vertex 157.237 2.4 12.487
      vertex 163.673 2.4 12.0773
      vertex 164.262 2.4 12.4914
    endloop
  endfacet
  facet normal 0 -1 0
    outer loop
      vertex 157.795 2.4 12.0676
      vertex 163.673 2.4 12.0773
      vertex 157.237 2.4 12.487
    endloop
  endfacet
  facet normal 0 -1 0
    outer loop
      vertex 157.795 2.4 12.0676
      vertex 163.236 2.4 11.5188
      vertex 163.673 2.4 12.0773
    endloop
  endfacet
  facet normal 0 -1 0
    outer loop
      vertex 158.213 2.4 11.5078
      vertex 163.236 2.4 11.5188
      vertex 157.795 2.4 12.0676
    endloop
  endfacet
  facet normal 0 -1 0
    outer loop
      vertex 158.213 2.4 11.5078
      vertex 162.975 2.4 10.8369
      vertex 163.236 2.4 11.5188
    endloop
  endfacet
  facet normal 0 -1 0
    outer loop
      vertex 158.463 2.4 10.8351
      vertex 162.975 2.4 10.8369
      vertex 158.213 2.4 11.5078
    endloop
  endfacet
  facet normal 0 -1 0
    outer loop
      vertex 159.855 2.4 9.21619
      vertex 158.463 2.4 10.8351
      vertex 158.547 2.4 10.0495
    endloop
  endfacet
  facet normal 0 -1 0
    outer loop
      vertex 158.463 2.4 10.8351
      vertex 159.855 2.4 9.21619
      vertex 162.975 2.4 10.8369
    endloop
  endfacet
  facet normal 0 -1 0
    outer loop
      vertex 159.855 2.4 9.21619
      vertex 158.547 2.4 10.0495
      vertex 158.547 2.4 9.56563
    endloop
  endfacet
  facet normal 0 -1 0
    outer loop
      vertex 162.975 2.4 10.8369
      vertex 159.855 2.4 9.21619
      vertex 161.564 2.4 9.21619
    endloop
  endfacet
  facet normal 0 -1 0
    outer loop
      vertex 162.975 2.4 10.8369
      vertex 161.564 2.4 9.21619
      vertex 162.887 2.4 10.0315
    endloop
  endfacet
  facet normal 0 -1 0
    outer loop
      vertex 161.564 2.4 9.21619
      vertex 162.976 2.4 9.21431
      vertex 162.887 2.4 10.0315
    endloop
  endfacet
  facet normal 0 -1 0
    outer loop
      vertex 161.564 2.4 9.21619
      vertex 163.243 2.4 8.52841
      vertex 162.976 2.4 9.21431
    endloop
  endfacet
  facet normal 0 -1 0
    outer loop
      vertex 161.564 2.4 7.37938
      vertex 163.243 2.4 8.52841
      vertex 161.564 2.4 9.21619
    endloop
  endfacet
  facet normal 0 -1 -0
    outer loop
      vertex 163.243 2.4 8.52841
      vertex 161.564 2.4 7.37938
      vertex 163.687 2.4 7.97382
    endloop
  endfacet
  facet normal 0 -1 -0
    outer loop
      vertex 163.687 2.4 7.97382
      vertex 161.564 2.4 7.37938
      vertex 164.292 2.4 7.56642
    endloop
  endfacet
  facet normal 0 -1 0
    outer loop
      vertex 161.564 2.4 7.37938
      vertex 165.039 2.4 7.32198
      vertex 164.292 2.4 7.56642
    endloop
  endfacet
  facet normal 0 -1 0
    outer loop
      vertex 156.286 2.4 7.25345
      vertex 159.855 2.4 7.37938
      vertex 156.688 2.4 7.2923
    endloop
  endfacet
  facet normal 0 -1 0
    outer loop
      vertex 184.309 2.4 2
      vertex 159.855 2.4 7.37938
      vertex 156.286 2.4 7.25345
    endloop
  endfacet
  facet normal 0 -1 0
    outer loop
      vertex 159.855 2.4 7.37938
      vertex 184.309 2.4 2
      vertex 161.564 2.4 7.37938
    endloop
  endfacet
  facet normal 0 -1 0
    outer loop
      vertex 184.309 2.4 2
      vertex 156.286 2.4 7.25345
      vertex 155.884 2.4 7.24051
    endloop
  endfacet
  facet normal 0 -1 0
    outer loop
      vertex 161.564 2.4 7.37938
      vertex 165.93 2.4 7.24051
      vertex 165.039 2.4 7.32198
    endloop
  endfacet
  facet normal 0 -1 0
    outer loop
      vertex 151.77 2.4 14.7669
      vertex 154.937 2.4 12.7398
      vertex 155.789 2.4 12.8226
    endloop
  endfacet
  facet normal 0 -1 0
    outer loop
      vertex 151.77 2.4 14.7669
      vertex 154.216 2.4 12.4914
      vertex 154.937 2.4 12.7398
    endloop
  endfacet
  facet normal 0 -1 0
    outer loop
      vertex 151.77 2.4 14.7669
      vertex 153.627 2.4 12.0773
      vertex 154.216 2.4 12.4914
    endloop
  endfacet
  facet normal 0 -1 0
    outer loop
      vertex 151.77 2.4 14.7669
      vertex 153.19 2.4 11.5188
      vertex 153.627 2.4 12.0773
    endloop
  endfacet
  facet normal 0 -1 0
    outer loop
      vertex 151.77 2.4 14.7669
      vertex 152.928 2.4 10.8369
      vertex 153.19 2.4 11.5188
    endloop
  endfacet
  facet normal 0 -1 0
    outer loop
      vertex 151.77 2.4 14.7669
      vertex 152.841 2.4 10.0315
      vertex 152.928 2.4 10.8369
    endloop
  endfacet
  facet normal 0 -1 0
    outer loop
      vertex 151.77 2.4 7.37938
      vertex 152.841 2.4 10.0315
      vertex 151.77 2.4 14.7669
    endloop
  endfacet
  facet normal 0 -1 -0
    outer loop
      vertex 152.841 2.4 10.0315
      vertex 151.77 2.4 7.37938
      vertex 152.93 2.4 9.21431
    endloop
  endfacet
  facet normal 0 -1 0
    outer loop
      vertex 151.77 2.4 7.37938
      vertex 153.197 2.4 8.52841
      vertex 152.93 2.4 9.21431
    endloop
  endfacet
  facet normal 0 -1 0
    outer loop
      vertex 151.77 2.4 7.37938
      vertex 153.641 2.4 7.97382
      vertex 153.197 2.4 8.52841
    endloop
  endfacet
  facet normal 0 -1 0
    outer loop
      vertex 151.77 2.4 7.37938
      vertex 154.246 2.4 7.56642
      vertex 153.641 2.4 7.97382
    endloop
  endfacet
  facet normal 0 -1 0
    outer loop
      vertex 151.77 2.4 7.37938
      vertex 154.993 2.4 7.32198
      vertex 154.246 2.4 7.56642
    endloop
  endfacet
  facet normal 0 -1 -0
    outer loop
      vertex 150.061 2.4 7.37938
      vertex 148.665 2.4 7.26471
      vertex 151.77 2.4 7.37938
    endloop
  endfacet
  facet normal 0 -1 0
    outer loop
      vertex 155.884 2.4 7.24051
      vertex 151.77 2.4 7.37938
      vertex 148.665 2.4 7.26471
    endloop
  endfacet
  facet normal 0 -1 0
    outer loop
      vertex 155.884 2.4 7.24051
      vertex 148.665 2.4 7.26471
      vertex 148.309 2.4 7.24051
    endloop
  endfacet
  facet normal 0 -1 0
    outer loop
      vertex 151.77 2.4 7.37938
      vertex 155.884 2.4 7.24051
      vertex 154.993 2.4 7.32198
    endloop
  endfacet
  facet normal 0 -1 0
    outer loop
      vertex 143.863 2.4 12.5702
      vertex 150.061 2.4 14.7669
      vertex 143.171 2.4 12.7595
    endloop
  endfacet
  facet normal 0 -1 0
    outer loop
      vertex 150.061 2.4 14.7669
      vertex 147.693 2.4 12.7358
      vertex 148.309 2.4 12.8226
    endloop
  endfacet
  facet normal 0 -1 0
    outer loop
      vertex 150.061 2.4 14.7669
      vertex 143.863 2.4 12.5702
      vertex 147.693 2.4 12.7358
    endloop
  endfacet
  facet normal 0 -1 0
    outer loop
      vertex 143.863 2.4 12.5702
      vertex 147.155 2.4 12.4755
      vertex 147.693 2.4 12.7358
    endloop
  endfacet
  facet normal 0 -1 0
    outer loop
      vertex 144.378 2.4 12.2548
      vertex 147.155 2.4 12.4755
      vertex 143.863 2.4 12.5702
    endloop
  endfacet
  facet normal 0 -1 0
    outer loop
      vertex 144.378 2.4 12.2548
      vertex 146.695 2.4 12.0417
      vertex 147.155 2.4 12.4755
    endloop
  endfacet
  facet normal 0 -1 0
    outer loop
      vertex 144.732 2.4 11.7973
      vertex 146.695 2.4 12.0417
      vertex 144.378 2.4 12.2548
    endloop
  endfacet
  facet normal 0 -1 0
    outer loop
      vertex 144.732 2.4 11.7973
      vertex 146.344 2.4 11.4713
      vertex 146.695 2.4 12.0417
    endloop
  endfacet
  facet normal 0 -1 0
    outer loop
      vertex 144.945 2.4 11.1821
      vertex 146.344 2.4 11.4713
      vertex 144.732 2.4 11.7973
    endloop
  endfacet
  facet normal 0 -1 0
    outer loop
      vertex 144.945 2.4 11.1821
      vertex 146.134 2.4 10.8013
      vertex 146.344 2.4 11.4713
    endloop
  endfacet
  facet normal 0 -1 0
    outer loop
      vertex 145.016 2.4 10.4089
      vertex 146.134 2.4 10.8013
      vertex 144.945 2.4 11.1821
    endloop
  endfacet
  facet normal 0 -1 0
    outer loop
      vertex 145.016 2.4 10.4089
      vertex 146.064 2.4 10.0315
      vertex 146.134 2.4 10.8013
    endloop
  endfacet
  facet normal 0 -1 0
    outer loop
      vertex 145.016 2.4 10.4089
      vertex 146.134 2.4 9.26178
      vertex 146.064 2.4 10.0315
    endloop
  endfacet
  facet normal 0 -1 0
    outer loop
      vertex 145.016 2.4 7.37938
      vertex 146.134 2.4 9.26178
      vertex 145.016 2.4 10.4089
    endloop
  endfacet
  facet normal 0 -1 -0
    outer loop
      vertex 146.134 2.4 9.26178
      vertex 145.016 2.4 7.37938
      vertex 146.344 2.4 8.59169
    endloop
  endfacet
  facet normal 0 -1 -0
    outer loop
      vertex 146.344 2.4 8.59169
      vertex 145.016 2.4 7.37938
      vertex 146.695 2.4 8.02129
    endloop
  endfacet
  facet normal 0 -1 0
    outer loop
      vertex 145.016 2.4 7.37938
      vertex 147.155 2.4 7.58751
      vertex 146.695 2.4 8.02129
    endloop
  endfacet
  facet normal 0 -1 0
    outer loop
      vertex 145.016 2.4 7.37938
      vertex 147.693 2.4 7.32726
      vertex 147.155 2.4 7.58751
    endloop
  endfacet
  facet normal 0 -1 -0
    outer loop
      vertex 143.303 2.4 7.37938
      vertex 141.882 2.4 7.26508
      vertex 145.016 2.4 7.37938
    endloop
  endfacet
  facet normal 0 -1 0
    outer loop
      vertex 148.309 2.4 7.24051
      vertex 145.016 2.4 7.37938
      vertex 141.882 2.4 7.26508
    endloop
  endfacet
  facet normal 0 -1 0
    outer loop
      vertex 148.309 2.4 7.24051
      vertex 141.882 2.4 7.26508
      vertex 141.494 2.4 7.24051
    endloop
  endfacet
  facet normal 0 -1 0
    outer loop
      vertex 145.016 2.4 7.37938
      vertex 148.309 2.4 7.24051
      vertex 147.693 2.4 7.32726
    endloop
  endfacet
  facet normal 0 -1 0
    outer loop
      vertex 141.934 2.4 12.815
      vertex 132.672 2.4 14.2069
      vertex 138.945 2.4 12.8195
    endloop
  endfacet
  facet normal 0 -1 0
    outer loop
      vertex 132.672 2.4 14.2069
      vertex 141.934 2.4 12.815
      vertex 150.061 2.4 14.7669
    endloop
  endfacet
  facet normal 0 -1 0
    outer loop
      vertex 141.934 2.4 12.815
      vertex 138.945 2.4 12.8195
      vertex 139.01 2.4 12.8156
    endloop
  endfacet
  facet normal 0 -1 0
    outer loop
      vertex 150.061 2.4 14.7669
      vertex 141.934 2.4 12.815
      vertex 142.301 2.4 12.8226
    endloop
  endfacet
  facet normal 0 -1 0
    outer loop
      vertex 141.567 2.4 12.7922
      vertex 139.01 2.4 12.8156
      vertex 139.086 2.4 12.8091
    endloop
  endfacet
  facet normal 0 -1 0
    outer loop
      vertex 141.567 2.4 12.7922
      vertex 139.086 2.4 12.8091
      vertex 139.183 2.4 12.7991
    endloop
  endfacet
  facet normal 0 -1 0
    outer loop
      vertex 139.01 2.4 12.8156
      vertex 141.567 2.4 12.7922
      vertex 141.934 2.4 12.815
    endloop
  endfacet
  facet normal 0 -1 0
    outer loop
      vertex 139.299 2.4 12.7854
      vertex 141.567 2.4 12.7922
      vertex 139.183 2.4 12.7991
    endloop
  endfacet
  facet normal 0 -1 0
    outer loop
      vertex 139.299 2.4 12.7854
      vertex 141.2 2.4 12.7542
      vertex 141.567 2.4 12.7922
    endloop
  endfacet
  facet normal 0 -1 0
    outer loop
      vertex 139.299 2.4 12.7854
      vertex 140.833 2.4 12.7015
      vertex 141.2 2.4 12.7542
    endloop
  endfacet
  facet normal 0 -1 0
    outer loop
      vertex 139.299 2.4 12.7854
      vertex 140.468 2.4 12.6347
      vertex 140.833 2.4 12.7015
    endloop
  endfacet
  facet normal 0 -1 0
    outer loop
      vertex 139.299 2.4 12.7854
      vertex 140.103 2.4 12.5538
      vertex 140.468 2.4 12.6347
    endloop
  endfacet
  facet normal 0 -1 0
    outer loop
      vertex 139.304 2.4 11.2456
      vertex 140.103 2.4 12.5538
      vertex 139.299 2.4 12.7854
    endloop
  endfacet
  facet normal 0 -1 -0
    outer loop
      vertex 140.103 2.4 12.5538
      vertex 139.304 2.4 11.2456
      vertex 140.103 2.4 11.259
    endloop
  endfacet
  facet normal 0 -1 0
    outer loop
      vertex 132.672 2.4 14.2069
      vertex 138.448 2.4 12.7959
      vertex 138.824 2.4 12.8226
    endloop
  endfacet
  facet normal 0 -1 0
    outer loop
      vertex 137.054 2.4 12.6971
      vertex 138.448 2.4 12.7959
      vertex 132.672 2.4 14.2069
    endloop
  endfacet
  facet normal 0 -1 0
    outer loop
      vertex 134.424 2.4 12.6971
      vertex 132.672 2.4 14.2069
      vertex 132.672 2.4 12.6971
    endloop
  endfacet
  facet normal 0 -1 0
    outer loop
      vertex 135.355 2.4 12.6971
      vertex 132.672 2.4 14.2069
      vertex 134.424 2.4 12.6971
    endloop
  endfacet
  facet normal 0 -1 0
    outer loop
      vertex 137.054 2.4 12.6971
      vertex 132.672 2.4 14.2069
      vertex 135.355 2.4 12.6971
    endloop
  endfacet
  facet normal 0 -1 0
    outer loop
      vertex 138.448 2.4 12.7959
      vertex 137.054 2.4 12.6971
      vertex 138.108 2.4 12.7158
    endloop
  endfacet
  facet normal 0 -1 0
    outer loop
      vertex 137.054 2.4 12.6971
      vertex 137.806 2.4 12.5824
      vertex 138.108 2.4 12.7158
    endloop
  endfacet
  facet normal 0 -1 0
    outer loop
      vertex 137.054 2.4 12.6971
      vertex 137.534 2.4 12.3908
      vertex 137.806 2.4 12.5824
    endloop
  endfacet
  facet normal 0 -1 0
    outer loop
      vertex 137.054 2.4 12.6971
      vertex 137.283 2.4 12.1364
      vertex 137.534 2.4 12.3908
    endloop
  endfacet
  facet normal -0 -1 0
    outer loop
      vertex 137.283 2.4 12.1364
      vertex 137.054 2.4 12.6971
      vertex 137.054 2.4 11.819
    endloop
  endfacet
  facet normal 0 -1 0
    outer loop
      vertex 114.377 2.4 14.7669
      vertex 109.533 2.4 12.7403
      vertex 110.384 2.4 12.8226
    endloop
  endfacet
  facet normal 0 -1 0
    outer loop
      vertex 114.377 2.4 14.7669
      vertex 105.134 2.4 12.7358
      vertex 109.533 2.4 12.7403
    endloop
  endfacet
  facet normal 0 -1 0
    outer loop
      vertex 105.134 2.4 12.7358
      vertex 108.816 2.4 12.4934
      vertex 109.533 2.4 12.7403
    endloop
  endfacet
  facet normal 0 -1 0
    outer loop
      vertex 105.672 2.4 12.4755
      vertex 108.816 2.4 12.4934
      vertex 105.134 2.4 12.7358
    endloop
  endfacet
  facet normal 0 -1 0
    outer loop
      vertex 105.672 2.4 12.4755
      vertex 108.232 2.4 12.082
      vertex 108.816 2.4 12.4934
    endloop
  endfacet
  facet normal 0 -1 0
    outer loop
      vertex 106.132 2.4 12.0417
      vertex 108.232 2.4 12.082
      vertex 105.672 2.4 12.4755
    endloop
  endfacet
  facet normal 0 -1 0
    outer loop
      vertex 106.132 2.4 12.0417
      vertex 107.8 2.4 11.5251
      vertex 108.232 2.4 12.082
    endloop
  endfacet
  facet normal 0 -1 0
    outer loop
      vertex 106.483 2.4 11.4713
      vertex 107.8 2.4 11.5251
      vertex 106.132 2.4 12.0417
    endloop
  endfacet
  facet normal 0 -1 0
    outer loop
      vertex 106.483 2.4 11.4713
      vertex 107.542 2.4 10.8416
      vertex 107.8 2.4 11.5251
    endloop
  endfacet
  facet normal 0 -1 0
    outer loop
      vertex 106.694 2.4 10.8013
      vertex 107.542 2.4 10.8416
      vertex 106.483 2.4 11.4713
    endloop
  endfacet
  facet normal 0 -1 0
    outer loop
      vertex 107.456 2.4 10.0315
      vertex 106.694 2.4 10.8013
      vertex 106.764 2.4 10.0315
    endloop
  endfacet
  facet normal 0 -1 0
    outer loop
      vertex 106.694 2.4 10.8013
      vertex 107.456 2.4 10.0315
      vertex 107.542 2.4 10.8416
    endloop
  endfacet
  facet normal 0 -1 0
    outer loop
      vertex 106.694 2.4 9.26178
      vertex 107.456 2.4 10.0315
      vertex 106.764 2.4 10.0315
    endloop
  endfacet
  facet normal 0 -1 0
    outer loop
      vertex 106.694 2.4 9.26178
      vertex 107.542 2.4 9.22145
      vertex 107.456 2.4 10.0315
    endloop
  endfacet
  facet normal 0 -1 0
    outer loop
      vertex 106.483 2.4 8.59169
      vertex 107.542 2.4 9.22145
      vertex 106.694 2.4 9.26178
    endloop
  endfacet
  facet normal 0 -1 0
    outer loop
      vertex 106.483 2.4 8.59169
      vertex 107.8 2.4 8.53793
      vertex 107.542 2.4 9.22145
    endloop
  endfacet
  facet normal 0 -1 0
    outer loop
      vertex 106.132 2.4 8.02129
      vertex 107.8 2.4 8.53793
      vertex 106.483 2.4 8.59169
    endloop
  endfacet
  facet normal 0 -1 0
    outer loop
      vertex 106.132 2.4 8.02129
      vertex 108.232 2.4 7.98096
      vertex 107.8 2.4 8.53793
    endloop
  endfacet
  facet normal 0 -1 0
    outer loop
      vertex 105.672 2.4 7.58751
      vertex 108.232 2.4 7.98096
      vertex 106.132 2.4 8.02129
    endloop
  endfacet
  facet normal 0 -1 0
    outer loop
      vertex 105.672 2.4 7.58751
      vertex 108.816 2.4 7.5696
      vertex 108.232 2.4 7.98096
    endloop
  endfacet
  facet normal 0 -1 0
    outer loop
      vertex 105.134 2.4 7.32726
      vertex 108.816 2.4 7.5696
      vertex 105.672 2.4 7.58751
    endloop
  endfacet
  facet normal 0 -1 0
    outer loop
      vertex 102.757 2.4 5.3589
      vertex 108.816 2.4 7.5696
      vertex 105.134 2.4 7.32726
    endloop
  endfacet
  facet normal 0 -1 0
    outer loop
      vertex 102.757 2.4 5.3589
      vertex 105.134 2.4 7.32726
      vertex 104.518 2.4 7.24051
    endloop
  endfacet
  facet normal 0 -1 -0
    outer loop
      vertex 108.816 2.4 7.5696
      vertex 102.757 2.4 5.3589
      vertex 109.533 2.4 7.32277
    endloop
  endfacet
  facet normal 0 -1 0
    outer loop
      vertex 132.672 2.4 14.2069
      vertex 184.309 2.4 64.4945
      vertex 130.973 2.4 14.2069
    endloop
  endfacet
  facet normal 0 -1 0
    outer loop
      vertex 116.076 2.4 14.7669
      vertex 122.985 2.4 12.8226
      vertex 130.973 2.4 14.2069
    endloop
  endfacet
  facet normal 0 -1 0
    outer loop
      vertex 116.076 2.4 14.7669
      vertex 122.133 2.4 12.7398
      vertex 122.985 2.4 12.8226
    endloop
  endfacet
  facet normal 0 -1 0
    outer loop
      vertex 120.007 2.4 12.6971
      vertex 116.076 2.4 14.7669
      vertex 118.032 2.4 12.6971
    endloop
  endfacet
  facet normal -0 -1 0
    outer loop
      vertex 118.032 2.4 12.6971
      vertex 116.076 2.4 14.7669
      vertex 116.076 2.4 10.7457
    endloop
  endfacet
  facet normal 0 -1 0
    outer loop
      vertex 91.6 2.4 15.2
      vertex 104.518 2.4 12.8226
      vertex 114.377 2.4 14.7669
    endloop
  endfacet
  facet normal 0 -1 0
    outer loop
      vertex 91.6 2.4 15.2
      vertex 104.162 2.4 12.7981
      vertex 104.518 2.4 12.8226
    endloop
  endfacet
  facet normal 0 -1 0
    outer loop
      vertex 102.757 2.4 12.6971
      vertex 104.162 2.4 12.7981
      vertex 91.6 2.4 15.2
    endloop
  endfacet
  facet normal 0 -1 0
    outer loop
      vertex 102.757 2.4 12.6971
      vertex 91.6 2.4 15.2
      vertex 101.058 2.4 12.6971
    endloop
  endfacet
  facet normal 0 -1 0
    outer loop
      vertex 91.6 2.4 15.2
      vertex 101.058 2.4 5.3589
      vertex 101.058 2.4 12.6971
    endloop
  endfacet
  facet normal 0 -1 -0
    outer loop
      vertex 101.058 2.4 5.3589
      vertex 91.6 2.4 2
      vertex 102.757 2.4 5.3589
    endloop
  endfacet
  facet normal 0 -1 0
    outer loop
      vertex 91.6 2.4 2
      vertex 101.058 2.4 5.3589
      vertex 91.6 2.4 15.2
    endloop
  endfacet
  facet normal 0 -1 0
    outer loop
      vertex 114.377 2.4 14.7669
      vertex 184.309 2.4 64.4945
      vertex 91.6 2.4 15.2
    endloop
  endfacet
  facet normal 0 -1 0
    outer loop
      vertex 116.076 2.4 14.7669
      vertex 184.309 2.4 64.4945
      vertex 114.377 2.4 14.7669
    endloop
  endfacet
  facet normal 0 -1 0
    outer loop
      vertex 130.973 2.4 14.2069
      vertex 184.309 2.4 64.4945
      vertex 116.076 2.4 14.7669
    endloop
  endfacet
  facet normal 0 -1 0
    outer loop
      vertex 151.77 2.4 14.7669
      vertex 184.309 2.4 64.4945
      vertex 150.061 2.4 14.7669
    endloop
  endfacet
  facet normal 0 -1 0
    outer loop
      vertex 156.569 2.4 12.7387
      vertex 151.77 2.4 14.7669
      vertex 155.789 2.4 12.8226
    endloop
  endfacet
  facet normal 0 -1 0
    outer loop
      vertex 151.77 2.4 14.7669
      vertex 165.835 2.4 12.8226
      vertex 184.309 2.4 64.4945
    endloop
  endfacet
  facet normal 0 -1 0
    outer loop
      vertex 169.668 2.4 12.6971
      vertex 165.835 2.4 12.8226
      vertex 166.615 2.4 12.7387
    endloop
  endfacet
  facet normal 0 -1 0
    outer loop
      vertex 165.835 2.4 12.8226
      vertex 169.668 2.4 12.6971
      vertex 184.309 2.4 64.4945
    endloop
  endfacet
  facet normal 0 -1 0
    outer loop
      vertex 171.377 2.4 12.6971
      vertex 184.309 2.4 64.4945
      vertex 169.668 2.4 12.6971
    endloop
  endfacet
  facet normal 0 -1 0
    outer loop
      vertex 173.314 2.4 12.6971
      vertex 184.309 2.4 64.4945
      vertex 171.377 2.4 12.6971
    endloop
  endfacet
  facet normal 0 -1 0
    outer loop
      vertex 175.013 2.4 12.6971
      vertex 184.309 2.4 64.4945
      vertex 173.314 2.4 12.6971
    endloop
  endfacet
  facet normal 0 -1 0
    outer loop
      vertex 184.309 2.4 2
      vertex 175.013 2.4 12.6971
      vertex 175.013 2.4 7.37938
    endloop
  endfacet
  facet normal 0 -1 0
    outer loop
      vertex 184.309 2.4 2
      vertex 173.314 2.4 7.37938
      vertex 171.888 2.4 7.26498
    endloop
  endfacet
  facet normal 0 -1 0
    outer loop
      vertex 184.309 2.4 2
      vertex 171.888 2.4 7.26498
      vertex 171.553 2.4 7.24051
    endloop
  endfacet
  facet normal 0 -1 0
    outer loop
      vertex 161.564 2.4 7.37938
      vertex 184.309 2.4 2
      vertex 165.93 2.4 7.24051
    endloop
  endfacet
  facet normal 0 -1 0
    outer loop
      vertex 166.332 2.4 7.25345
      vertex 184.309 2.4 2
      vertex 171.553 2.4 7.24051
    endloop
  endfacet
  facet normal 0 -1 0
    outer loop
      vertex 175.013 2.4 12.6971
      vertex 184.309 2.4 2
      vertex 184.309 2.4 64.4945
    endloop
  endfacet
  facet normal 0 -1 0
    outer loop
      vertex 173.314 2.4 7.37938
      vertex 184.309 2.4 2
      vertex 175.013 2.4 7.37938
    endloop
  endfacet
  facet normal 0 -1 0
    outer loop
      vertex 184.309 2.4 64.4945
      vertex 132.672 2.4 14.2069
      vertex 150.061 2.4 14.7669
    endloop
  endfacet
  facet normal 0 -1 0
    outer loop
      vertex 138.883 2.4 12.8218
      vertex 132.672 2.4 14.2069
      vertex 138.824 2.4 12.8226
    endloop
  endfacet
  facet normal 0 -1 0
    outer loop
      vertex 138.945 2.4 12.8195
      vertex 132.672 2.4 14.2069
      vertex 138.883 2.4 12.8218
    endloop
  endfacet
  facet normal 0 -1 0
    outer loop
      vertex 143.171 2.4 12.7595
      vertex 150.061 2.4 14.7669
      vertex 142.301 2.4 12.8226
    endloop
  endfacet
  facet normal 0 -1 0
    outer loop
      vertex 148.662 2.4 12.7981
      vertex 150.061 2.4 14.7669
      vertex 148.309 2.4 12.8226
    endloop
  endfacet
  facet normal 0 -1 0
    outer loop
      vertex 148.987 2.4 12.7246
      vertex 150.061 2.4 14.7669
      vertex 148.662 2.4 12.7981
    endloop
  endfacet
  facet normal 0 -1 0
    outer loop
      vertex 149.285 2.4 12.6022
      vertex 150.061 2.4 14.7669
      vertex 148.987 2.4 12.7246
    endloop
  endfacet
  facet normal 0 -1 0
    outer loop
      vertex 149.56 2.4 12.4282
      vertex 150.061 2.4 14.7669
      vertex 149.285 2.4 12.6022
    endloop
  endfacet
  facet normal 0 -1 0
    outer loop
      vertex 149.818 2.4 12.2
      vertex 150.061 2.4 14.7669
      vertex 149.56 2.4 12.4282
    endloop
  endfacet
  facet normal 0 -1 -0
    outer loop
      vertex 150.061 2.4 14.7669
      vertex 149.818 2.4 12.2
      vertex 150.061 2.4 11.9176
    endloop
  endfacet
  facet normal 0 -1 0
    outer loop
      vertex 105.134 2.4 12.7358
      vertex 114.377 2.4 14.7669
      vertex 104.518 2.4 12.8226
    endloop
  endfacet
  facet normal 0 -1 0
    outer loop
      vertex 111.232 2.4 12.7403
      vertex 114.377 2.4 14.7669
      vertex 110.384 2.4 12.8226
    endloop
  endfacet
  facet normal 0 -1 0
    outer loop
      vertex 111.947 2.4 12.4934
      vertex 114.377 2.4 14.7669
      vertex 111.232 2.4 12.7403
    endloop
  endfacet
  facet normal 0 -1 0
    outer loop
      vertex 112.528 2.4 12.082
      vertex 114.377 2.4 14.7669
      vertex 111.947 2.4 12.4934
    endloop
  endfacet
  facet normal 0 -1 0
    outer loop
      vertex 112.956 2.4 11.5251
      vertex 114.377 2.4 14.7669
      vertex 112.528 2.4 12.082
    endloop
  endfacet
  facet normal 0 -1 0
    outer loop
      vertex 113.213 2.4 10.8416
      vertex 114.377 2.4 14.7669
      vertex 112.956 2.4 11.5251
    endloop
  endfacet
  facet normal 0 -1 0
    outer loop
      vertex 113.299 2.4 10.0315
      vertex 114.377 2.4 14.7669
      vertex 113.213 2.4 10.8416
    endloop
  endfacet
  facet normal 0 -1 0
    outer loop
      vertex 114.377 2.4 7.37938
      vertex 113.299 2.4 10.0315
      vertex 113.213 2.4 9.22145
    endloop
  endfacet
  facet normal 0 -1 0
    outer loop
      vertex 113.299 2.4 10.0315
      vertex 114.377 2.4 7.37938
      vertex 114.377 2.4 14.7669
    endloop
  endfacet
  facet normal 0 -1 0
    outer loop
      vertex 112.956 2.4 8.53793
      vertex 114.377 2.4 7.37938
      vertex 113.213 2.4 9.22145
    endloop
  endfacet
  facet normal 0 -1 0
    outer loop
      vertex 112.528 2.4 7.98096
      vertex 114.377 2.4 7.37938
      vertex 112.956 2.4 8.53793
    endloop
  endfacet
  facet normal 0 -1 0
    outer loop
      vertex 111.947 2.4 7.5696
      vertex 114.377 2.4 7.37938
      vertex 112.528 2.4 7.98096
    endloop
  endfacet
  facet normal 0 -1 0
    outer loop
      vertex 102.757 2.4 5.3589
      vertex 116.076 2.4 7.37938
      vertex 114.377 2.4 7.37938
    endloop
  endfacet
  facet normal 0 -1 -0
    outer loop
      vertex 116.076 2.4 7.37938
      vertex 102.757 2.4 5.3589
      vertex 118.151 2.4 7.37938
    endloop
  endfacet
  facet normal 0 -1 0
    outer loop
      vertex 102.757 2.4 5.3589
      vertex 114.377 2.4 7.37938
      vertex 111.232 2.4 7.32277
    endloop
  endfacet
  facet normal 0 -1 0
    outer loop
      vertex 111.232 2.4 7.32277
      vertex 114.377 2.4 7.37938
      vertex 111.947 2.4 7.5696
    endloop
  endfacet
  facet normal 0 -1 0
    outer loop
      vertex 123.765 2.4 12.7387
      vertex 130.973 2.4 14.2069
      vertex 122.985 2.4 12.8226
    endloop
  endfacet
  facet normal 0 -1 0
    outer loop
      vertex 124.434 2.4 12.487
      vertex 130.973 2.4 14.2069
      vertex 123.765 2.4 12.7387
    endloop
  endfacet
  facet normal 0 -1 -0
    outer loop
      vertex 130.973 2.4 14.2069
      vertex 130.128 2.4 12.6971
      vertex 130.973 2.4 12.6971
    endloop
  endfacet
  facet normal 0 -1 0
    outer loop
      vertex 104.162 2.4 12.7981
      vertex 102.757 2.4 12.6971
      vertex 103.835 2.4 12.7246
    endloop
  endfacet
  facet normal 0 -1 0
    outer loop
      vertex 102.757 2.4 12.6971
      vertex 103.536 2.4 12.6022
      vertex 103.835 2.4 12.7246
    endloop
  endfacet
  facet normal 0 -1 0
    outer loop
      vertex 102.757 2.4 12.6971
      vertex 103.259 2.4 12.4282
      vertex 103.536 2.4 12.6022
    endloop
  endfacet
  facet normal 0 -1 0
    outer loop
      vertex 102.757 2.4 12.6971
      vertex 103 2.4 12.2
      vertex 103.259 2.4 12.4282
    endloop
  endfacet
  facet normal -0 -1 0
    outer loop
      vertex 103 2.4 12.2
      vertex 102.757 2.4 12.6971
      vertex 102.757 2.4 11.9176
    endloop
  endfacet
  facet normal 0 -1 0
    outer loop
      vertex 116.076 2.4 14.7669
      vertex 120.007 2.4 12.6971
      vertex 122.133 2.4 12.7398
    endloop
  endfacet
  facet normal 0 -1 0
    outer loop
      vertex 120.007 2.4 12.6971
      vertex 121.412 2.4 12.4914
      vertex 122.133 2.4 12.7398
    endloop
  endfacet
  facet normal 0 -1 0
    outer loop
      vertex 120.007 2.4 12.6971
      vertex 120.823 2.4 12.0773
      vertex 121.412 2.4 12.4914
    endloop
  endfacet
  facet normal 0 -1 0
    outer loop
      vertex 120.007 2.4 12.6971
      vertex 120.387 2.4 11.5188
      vertex 120.823 2.4 12.0773
    endloop
  endfacet
  facet normal 0 -1 0
    outer loop
      vertex 120.007 2.4 12.6971
      vertex 120.125 2.4 10.8369
      vertex 120.387 2.4 11.5188
    endloop
  endfacet
  facet normal 0 -1 0
    outer loop
      vertex 117.41 2.4 10.2567
      vertex 120.125 2.4 10.8369
      vertex 120.007 2.4 12.6971
    endloop
  endfacet
  facet normal 0 -1 0
    outer loop
      vertex 117.41 2.4 10.2567
      vertex 120.037 2.4 10.0315
      vertex 120.125 2.4 10.8369
    endloop
  endfacet
  facet normal 0 -1 0
    outer loop
      vertex 117.41 2.4 10.2567
      vertex 120.126 2.4 9.21431
      vertex 120.037 2.4 10.0315
    endloop
  endfacet
  facet normal 0 -1 0
    outer loop
      vertex 120.211 2.4 7.37938
      vertex 120.126 2.4 9.21431
      vertex 117.41 2.4 10.2567
    endloop
  endfacet
  facet normal 0 -1 0
    outer loop
      vertex 120.126 2.4 9.21431
      vertex 120.211 2.4 7.37938
      vertex 120.393 2.4 8.52841
    endloop
  endfacet
  facet normal 0 -1 -0
    outer loop
      vertex 120.393 2.4 8.52841
      vertex 120.211 2.4 7.37938
      vertex 120.837 2.4 7.97382
    endloop
  endfacet
  facet normal 0 -1 -0
    outer loop
      vertex 120.837 2.4 7.97382
      vertex 120.211 2.4 7.37938
      vertex 121.442 2.4 7.56642
    endloop
  endfacet
  facet normal 0 -1 0
    outer loop
      vertex 120.211 2.4 7.37938
      vertex 122.19 2.4 7.32198
      vertex 121.442 2.4 7.56642
    endloop
  endfacet
  facet normal -0 -1 0
    outer loop
      vertex 123.08 2.4 7.24051
      vertex 118.151 2.4 7.37938
      vertex 102.757 2.4 5.3589
    endloop
  endfacet
  facet normal 0 -1 0
    outer loop
      vertex 102.757 2.4 5.3589
      vertex 111.232 2.4 7.32277
      vertex 110.384 2.4 7.24051
    endloop
  endfacet
  facet normal 0 -1 0
    outer loop
      vertex 118.151 2.4 7.37938
      vertex 123.08 2.4 7.24051
      vertex 120.211 2.4 7.37938
    endloop
  endfacet
  facet normal 0 -1 0
    outer loop
      vertex 143.065 2.4 7.87379
      vertex 143.303 2.4 7.37938
      vertex 143.303 2.4 8.16786
    endloop
  endfacet
  facet normal 0 -1 0
    outer loop
      vertex 142.809 2.4 7.63838
      vertex 143.303 2.4 7.37938
      vertex 143.065 2.4 7.87379
    endloop
  endfacet
  facet normal 0 -1 0
    outer loop
      vertex 142.534 2.4 7.46164
      vertex 143.303 2.4 7.37938
      vertex 142.809 2.4 7.63838
    endloop
  endfacet
  facet normal 0 -1 0
    outer loop
      vertex 141.882 2.4 7.26508
      vertex 143.303 2.4 7.37938
      vertex 142.228 2.4 7.33878
    endloop
  endfacet
  facet normal 0 -1 0
    outer loop
      vertex 142.228 2.4 7.33878
      vertex 143.303 2.4 7.37938
      vertex 142.534 2.4 7.46164
    endloop
  endfacet
  facet normal 0 -1 0
    outer loop
      vertex 143.267 2.4 11.1593
      vertex 141.993 2.4 11.6936
      vertex 141.637 2.4 11.6815
    endloop
  endfacet
  facet normal 0 -1 0
    outer loop
      vertex 143.267 2.4 11.1593
      vertex 141.637 2.4 11.6815
      vertex 141.298 2.4 11.6453
    endloop
  endfacet
  facet normal 0 -1 0
    outer loop
      vertex 141.993 2.4 11.6936
      vertex 143.267 2.4 11.1593
      vertex 142.402 2.4 11.6727
    endloop
  endfacet
  facet normal 0 -1 0
    outer loop
      vertex 143.267 2.4 11.1593
      vertex 141.298 2.4 11.6453
      vertex 140.977 2.4 11.585
    endloop
  endfacet
  facet normal 0 -1 0
    outer loop
      vertex 142.402 2.4 11.6727
      vertex 143.267 2.4 11.1593
      vertex 142.733 2.4 11.6101
    endloop
  endfacet
  facet normal 0 -1 0
    outer loop
      vertex 143.267 2.4 11.1593
      vertex 140.977 2.4 11.585
      vertex 140.671 2.4 11.5005
    endloop
  endfacet
  facet normal 0 -1 0
    outer loop
      vertex 143.267 2.4 11.1593
      vertex 140.671 2.4 11.5005
      vertex 140.38 2.4 11.3918
    endloop
  endfacet
  facet normal 0 -1 0
    outer loop
      vertex 142.733 2.4 11.6101
      vertex 143.267 2.4 11.1593
      vertex 142.985 2.4 11.5058
    endloop
  endfacet
  facet normal 0 -1 0
    outer loop
      vertex 143.267 2.4 11.1593
      vertex 140.38 2.4 11.3918
      vertex 140.103 2.4 11.259
    endloop
  endfacet
  facet normal 0 -1 0
    outer loop
      vertex 142.985 2.4 11.5058
      vertex 143.267 2.4 11.1593
      vertex 143.161 2.4 11.3566
    endloop
  endfacet
  facet normal 0 -1 0
    outer loop
      vertex 143.267 2.4 11.1593
      vertex 140.103 2.4 11.259
      vertex 139.304 2.4 11.2456
    endloop
  endfacet
  facet normal 0 -1 0
    outer loop
      vertex 149.819 2.4 7.86064
      vertex 150.061 2.4 7.37938
      vertex 150.061 2.4 8.14546
    endloop
  endfacet
  facet normal 0 -1 0
    outer loop
      vertex 149.561 2.4 7.63164
      vertex 150.061 2.4 7.37938
      vertex 149.819 2.4 7.86064
    endloop
  endfacet
  facet normal 0 -1 0
    outer loop
      vertex 149.287 2.4 7.45842
      vertex 150.061 2.4 7.37938
      vertex 149.561 2.4 7.63164
    endloop
  endfacet
  facet normal 0 -1 0
    outer loop
      vertex 148.665 2.4 7.26471
      vertex 150.061 2.4 7.37938
      vertex 148.991 2.4 7.33736
    endloop
  endfacet
  facet normal 0 -1 0
    outer loop
      vertex 148.991 2.4 7.33736
      vertex 150.061 2.4 7.37938
      vertex 149.287 2.4 7.45842
    endloop
  endfacet
  facet normal 0 -1 -0
    outer loop
      vertex 109.533 2.4 7.32277
      vertex 102.757 2.4 5.3589
      vertex 110.384 2.4 7.24051
    endloop
  endfacet
  facet normal 0 -1 0
    outer loop
      vertex 120.211 2.4 7.37938
      vertex 123.08 2.4 7.24051
      vertex 122.19 2.4 7.32198
    endloop
  endfacet
  facet normal 0 -1 0
    outer loop
      vertex 91.6 2.4 2
      vertex 123.08 2.4 7.24051
      vertex 102.757 2.4 5.3589
    endloop
  endfacet
  facet normal 0 -1 0
    outer loop
      vertex 135.355 2.4 7.37938
      vertex 141.494 2.4 7.24051
      vertex 137.054 2.4 7.37938
    endloop
  endfacet
  facet normal 0 -1 0
    outer loop
      vertex 184.309 2.4 2
      vertex 141.494 2.4 7.24051
      vertex 91.6 2.4 2
    endloop
  endfacet
  facet normal 0 -1 0
    outer loop
      vertex 141.494 2.4 7.24051
      vertex 184.309 2.4 2
      vertex 148.309 2.4 7.24051
    endloop
  endfacet
  facet normal 0 -1 0
    outer loop
      vertex 148.309 2.4 7.24051
      vertex 184.309 2.4 2
      vertex 155.884 2.4 7.24051
    endloop
  endfacet
  facet normal 0 -1 -0
    outer loop
      vertex 104.162 2.4 7.26498
      vertex 102.757 2.4 5.3589
      vertex 104.518 2.4 7.24051
    endloop
  endfacet
  facet normal 0 -1 -0
    outer loop
      vertex 103.835 2.4 7.33841
      vertex 102.757 2.4 5.3589
      vertex 104.162 2.4 7.26498
    endloop
  endfacet
  facet normal 0 -1 -0
    outer loop
      vertex 103.536 2.4 7.4608
      vertex 102.757 2.4 5.3589
      vertex 103.835 2.4 7.33841
    endloop
  endfacet
  facet normal 0 -1 -0
    outer loop
      vertex 103.259 2.4 7.63481
      vertex 102.757 2.4 5.3589
      vertex 103.536 2.4 7.4608
    endloop
  endfacet
  facet normal 0 -1 -0
    outer loop
      vertex 103 2.4 7.86302
      vertex 102.757 2.4 5.3589
      vertex 103.259 2.4 7.63481
    endloop
  endfacet
  facet normal 0 -1 0
    outer loop
      vertex 102.757 2.4 5.3589
      vertex 103 2.4 7.86302
      vertex 102.757 2.4 8.14546
    endloop
  endfacet
  facet normal 0 -1 0
    outer loop
      vertex 173.053 2.4 7.86302
      vertex 173.314 2.4 7.37938
      vertex 173.314 2.4 8.14546
    endloop
  endfacet
  facet normal 0 -1 0
    outer loop
      vertex 172.781 2.4 7.63481
      vertex 173.314 2.4 7.37938
      vertex 173.053 2.4 7.86302
    endloop
  endfacet
  facet normal 0 -1 0
    outer loop
      vertex 172.5 2.4 7.4608
      vertex 173.314 2.4 7.37938
      vertex 172.781 2.4 7.63481
    endloop
  endfacet
  facet normal 0 -1 0
    outer loop
      vertex 171.888 2.4 7.26498
      vertex 173.314 2.4 7.37938
      vertex 172.204 2.4 7.33841
    endloop
  endfacet
  facet normal 0 -1 0
    outer loop
      vertex 172.204 2.4 7.33841
      vertex 173.314 2.4 7.37938
      vertex 172.5 2.4 7.4608
    endloop
  endfacet
  facet normal 0 -1 0
    outer loop
      vertex 148.112 2.4 11.1918
      vertex 148.94 2.4 11.5906
      vertex 148.608 2.4 11.5463
    endloop
  endfacet
  facet normal 0 -1 0
    outer loop
      vertex 148.112 2.4 11.1918
      vertex 148.608 2.4 11.5463
      vertex 148.332 2.4 11.4134
    endloop
  endfacet
  facet normal 0 -1 0
    outer loop
      vertex 147.953 2.4 10.886
      vertex 148.94 2.4 11.5906
      vertex 148.112 2.4 11.1918
    endloop
  endfacet
  facet normal 0 -1 0
    outer loop
      vertex 148.94 2.4 11.5906
      vertex 149.774 2.4 11.1918
      vertex 149.276 2.4 11.5463
    endloop
  endfacet
  facet normal 0 -1 0
    outer loop
      vertex 149.276 2.4 11.5463
      vertex 149.774 2.4 11.1918
      vertex 149.553 2.4 11.4134
    endloop
  endfacet
  facet normal 0 -1 0
    outer loop
      vertex 149.933 2.4 10.886
      vertex 148.94 2.4 11.5906
      vertex 147.953 2.4 10.886
    endloop
  endfacet
  facet normal 0 -1 0
    outer loop
      vertex 148.94 2.4 11.5906
      vertex 149.933 2.4 10.886
      vertex 149.774 2.4 11.1918
    endloop
  endfacet
  facet normal 0 -1 0
    outer loop
      vertex 147.857 2.4 10.5
      vertex 149.933 2.4 10.886
      vertex 147.953 2.4 10.886
    endloop
  endfacet
  facet normal 0 -1 0
    outer loop
      vertex 147.857 2.4 10.5
      vertex 150.029 2.4 10.5
      vertex 149.933 2.4 10.886
    endloop
  endfacet
  facet normal 0 -1 0
    outer loop
      vertex 147.825 2.4 10.0338
      vertex 150.029 2.4 10.5
      vertex 147.857 2.4 10.5
    endloop
  endfacet
  facet normal 0 -1 0
    outer loop
      vertex 147.825 2.4 10.0338
      vertex 150.061 2.4 10.0338
      vertex 150.029 2.4 10.5
    endloop
  endfacet
  facet normal 0 -1 0
    outer loop
      vertex 147.857 2.4 9.56758
      vertex 150.061 2.4 10.0338
      vertex 147.825 2.4 10.0338
    endloop
  endfacet
  facet normal 0 -1 0
    outer loop
      vertex 147.857 2.4 9.56758
      vertex 150.029 2.4 9.56758
      vertex 150.061 2.4 10.0338
    endloop
  endfacet
  facet normal 0 -1 0
    outer loop
      vertex 147.953 2.4 9.18152
      vertex 150.029 2.4 9.56758
      vertex 147.857 2.4 9.56758
    endloop
  endfacet
  facet normal 0 -1 0
    outer loop
      vertex 147.953 2.4 9.18152
      vertex 149.933 2.4 9.18152
      vertex 150.029 2.4 9.56758
    endloop
  endfacet
  facet normal 0 -1 0
    outer loop
      vertex 148.94 2.4 8.47699
      vertex 147.953 2.4 9.18152
      vertex 148.112 2.4 8.87563
    endloop
  endfacet
  facet normal 0 -1 0
    outer loop
      vertex 147.953 2.4 9.18152
      vertex 148.94 2.4 8.47699
      vertex 149.933 2.4 9.18152
    endloop
  endfacet
  facet normal 0 -1 0
    outer loop
      vertex 148.608 2.4 8.52127
      vertex 148.112 2.4 8.87563
      vertex 148.332 2.4 8.65416
    endloop
  endfacet
  facet normal 0 -1 0
    outer loop
      vertex 149.933 2.4 9.18152
      vertex 148.94 2.4 8.47699
      vertex 149.774 2.4 8.87563
    endloop
  endfacet
  facet normal 0 -1 0
    outer loop
      vertex 148.112 2.4 8.87563
      vertex 148.608 2.4 8.52127
      vertex 148.94 2.4 8.47699
    endloop
  endfacet
  facet normal -0 -1 0
    outer loop
      vertex 149.276 2.4 8.52127
      vertex 149.774 2.4 8.87563
      vertex 148.94 2.4 8.47699
    endloop
  endfacet
  facet normal 0 -1 0
    outer loop
      vertex 149.774 2.4 8.87563
      vertex 149.276 2.4 8.52127
      vertex 149.553 2.4 8.65416
    endloop
  endfacet
  facet normal 0 -1 0
    outer loop
      vertex 142.471 2.4 8.40762
      vertex 142.42 2.4 9.76723
      vertex 142.095 2.4 9.74722
    endloop
  endfacet
  facet normal 0 -1 0
    outer loop
      vertex 142.168 2.4 8.36946
      vertex 142.095 2.4 9.74722
      vertex 141.828 2.4 9.68721
    endloop
  endfacet
  facet normal 0 -1 0
    outer loop
      vertex 141.352 2.4 9.05652
      vertex 141.828 2.4 9.68721
      vertex 141.62 2.4 9.58719
    endloop
  endfacet
  facet normal 0 -1 0
    outer loop
      vertex 142.42 2.4 9.76723
      vertex 143.303 2.4 9.57297
      vertex 143.303 2.4 9.76723
    endloop
  endfacet
  facet normal 0 -1 0
    outer loop
      vertex 141.381 2.4 9.27132
      vertex 141.62 2.4 9.58719
      vertex 141.471 2.4 9.4482
    endloop
  endfacet
  facet normal 0 -1 0
    outer loop
      vertex 141.62 2.4 9.58719
      vertex 141.381 2.4 9.27132
      vertex 141.352 2.4 9.05652
    endloop
  endfacet
  facet normal 0 -1 0
    outer loop
      vertex 142.42 2.4 9.76723
      vertex 143.266 2.4 9.24788
      vertex 143.303 2.4 9.57297
    endloop
  endfacet
  facet normal 0 -1 -0
    outer loop
      vertex 141.828 2.4 9.68721
      vertex 141.352 2.4 9.05652
      vertex 141.931 2.4 8.38972
    endloop
  endfacet
  facet normal 0 -1 0
    outer loop
      vertex 142.42 2.4 9.76723
      vertex 143.157 2.4 8.9612
      vertex 143.266 2.4 9.24788
    endloop
  endfacet
  facet normal 0 -1 0
    outer loop
      vertex 141.73 2.4 8.45053
      vertex 141.352 2.4 9.05652
      vertex 141.376 2.4 8.85724
    endloop
  endfacet
  facet normal 0 -1 0
    outer loop
      vertex 142.42 2.4 9.76723
      vertex 142.975 2.4 8.71295
      vertex 143.157 2.4 8.9612
    endloop
  endfacet
  facet normal 0 -1 0
    outer loop
      vertex 141.568 2.4 8.55188
      vertex 141.376 2.4 8.85724
      vertex 141.448 2.4 8.68903
    endloop
  endfacet
  facet normal 0 -1 0
    outer loop
      vertex 141.376 2.4 8.85724
      vertex 141.568 2.4 8.55188
      vertex 141.73 2.4 8.45053
    endloop
  endfacet
  facet normal 0 -1 0
    outer loop
      vertex 142.095 2.4 9.74722
      vertex 142.168 2.4 8.36946
      vertex 142.471 2.4 8.40762
    endloop
  endfacet
  facet normal 0 -1 0
    outer loop
      vertex 141.352 2.4 9.05652
      vertex 141.73 2.4 8.45053
      vertex 141.931 2.4 8.38972
    endloop
  endfacet
  facet normal 0 -1 0
    outer loop
      vertex 142.42 2.4 9.76723
      vertex 142.74 2.4 8.52213
      vertex 142.975 2.4 8.71295
    endloop
  endfacet
  facet normal 0 -1 0
    outer loop
      vertex 141.828 2.4 9.68721
      vertex 141.931 2.4 8.38972
      vertex 142.168 2.4 8.36946
    endloop
  endfacet
  facet normal 0 -1 0
    outer loop
      vertex 142.42 2.4 9.76723
      vertex 142.471 2.4 8.40762
      vertex 142.74 2.4 8.52213
    endloop
  endfacet
  facet normal 0 -1 0
    outer loop
      vertex 103.049 2.4 11.1895
      vertex 103.887 2.4 11.5906
      vertex 103.551 2.4 11.546
    endloop
  endfacet
  facet normal 0 -1 0
    outer loop
      vertex 103.887 2.4 11.5906
      vertex 104.72 2.4 11.1918
      vertex 104.222 2.4 11.5463
    endloop
  endfacet
  facet normal 0 -1 0
    outer loop
      vertex 103.049 2.4 11.1895
      vertex 103.551 2.4 11.546
      vertex 103.272 2.4 11.4123
    endloop
  endfacet
  facet normal 0 -1 0
    outer loop
      vertex 104.222 2.4 11.5463
      vertex 104.72 2.4 11.1918
      vertex 104.5 2.4 11.4134
    endloop
  endfacet
  facet normal 0 -1 0
    outer loop
      vertex 102.887 2.4 10.8828
      vertex 103.887 2.4 11.5906
      vertex 103.049 2.4 11.1895
    endloop
  endfacet
  facet normal 0 -1 0
    outer loop
      vertex 103.887 2.4 11.5906
      vertex 104.88 2.4 10.886
      vertex 104.72 2.4 11.1918
    endloop
  endfacet
  facet normal 0 -1 -0
    outer loop
      vertex 103.887 2.4 11.5906
      vertex 102.887 2.4 10.8828
      vertex 104.88 2.4 10.886
    endloop
  endfacet
  facet normal 0 -1 0
    outer loop
      vertex 102.887 2.4 10.8828
      vertex 104.975 2.4 10.5
      vertex 104.88 2.4 10.886
    endloop
  endfacet
  facet normal 0 -1 0
    outer loop
      vertex 102.79 2.4 10.4976
      vertex 104.975 2.4 10.5
      vertex 102.887 2.4 10.8828
    endloop
  endfacet
  facet normal 0 -1 0
    outer loop
      vertex 102.757 2.4 10.0338
      vertex 104.975 2.4 10.5
      vertex 102.79 2.4 10.4976
    endloop
  endfacet
  facet normal 0 -1 0
    outer loop
      vertex 102.757 2.4 10.0338
      vertex 105.007 2.4 10.0338
      vertex 104.975 2.4 10.5
    endloop
  endfacet
  facet normal 0 -1 0
    outer loop
      vertex 102.79 2.4 9.56996
      vertex 105.007 2.4 10.0338
      vertex 102.757 2.4 10.0338
    endloop
  endfacet
  facet normal 0 -1 0
    outer loop
      vertex 102.79 2.4 9.56996
      vertex 104.975 2.4 9.56758
      vertex 105.007 2.4 10.0338
    endloop
  endfacet
  facet normal 0 -1 0
    outer loop
      vertex 102.887 2.4 9.18469
      vertex 104.975 2.4 9.56758
      vertex 102.79 2.4 9.56996
    endloop
  endfacet
  facet normal 0 -1 0
    outer loop
      vertex 102.887 2.4 9.18469
      vertex 104.88 2.4 9.18152
      vertex 104.975 2.4 9.56758
    endloop
  endfacet
  facet normal 0 -1 0
    outer loop
      vertex 103.887 2.4 8.47699
      vertex 102.887 2.4 9.18469
      vertex 103.049 2.4 8.87801
    endloop
  endfacet
  facet normal 0 -1 0
    outer loop
      vertex 102.887 2.4 9.18469
      vertex 103.887 2.4 8.47699
      vertex 104.88 2.4 9.18152
    endloop
  endfacet
  facet normal 0 -1 0
    outer loop
      vertex 103.551 2.4 8.52155
      vertex 103.049 2.4 8.87801
      vertex 103.272 2.4 8.65521
    endloop
  endfacet
  facet normal 0 -1 0
    outer loop
      vertex 104.88 2.4 9.18152
      vertex 103.887 2.4 8.47699
      vertex 104.72 2.4 8.87563
    endloop
  endfacet
  facet normal 0 -1 0
    outer loop
      vertex 103.049 2.4 8.87801
      vertex 103.551 2.4 8.52155
      vertex 103.887 2.4 8.47699
    endloop
  endfacet
  facet normal -0 -1 0
    outer loop
      vertex 104.222 2.4 8.52127
      vertex 104.72 2.4 8.87563
      vertex 103.887 2.4 8.47699
    endloop
  endfacet
  facet normal 0 -1 0
    outer loop
      vertex 104.72 2.4 8.87563
      vertex 104.222 2.4 8.52127
      vertex 104.5 2.4 8.65416
    endloop
  endfacet
  facet normal 0 -1 0
    outer loop
      vertex 123.996 2.4 10.6139
      vertex 122.976 2.4 11.6936
      vertex 122.667 2.4 11.6627
    endloop
  endfacet
  facet normal 0 -1 0
    outer loop
      vertex 121.994 2.4 11.2026
      vertex 122.667 2.4 11.6627
      vertex 122.4 2.4 11.5699
    endloop
  endfacet
  facet normal -0 -1 -0
    outer loop
      vertex 123.965 2.4 10.9165
      vertex 122.976 2.4 11.6936
      vertex 123.996 2.4 10.6139
    endloop
  endfacet
  facet normal 0 -1 0
    outer loop
      vertex 121.994 2.4 11.2026
      vertex 122.4 2.4 11.5699
      vertex 122.173 2.4 11.4154
    endloop
  endfacet
  facet normal -0 -1 -0
    outer loop
      vertex 123.714 2.4 11.3963
      vertex 123.26 2.4 11.6606
      vertex 123.965 2.4 10.9165
    endloop
  endfacet
  facet normal 0 -1 -0
    outer loop
      vertex 122.667 2.4 11.6627
      vertex 121.994 2.4 11.2026
      vertex 123.996 2.4 10.6139
    endloop
  endfacet
  facet normal 0 -1 0
    outer loop
      vertex 123.26 2.4 11.6606
      vertex 123.714 2.4 11.3963
      vertex 123.506 2.4 11.5615
    endloop
  endfacet
  facet normal 0 -1 0
    outer loop
      vertex 123.996 2.4 10.6139
      vertex 121.994 2.4 11.2026
      vertex 121.865 2.4 10.9355
    endloop
  endfacet
  facet normal 0 -1 0
    outer loop
      vertex 123.714 2.4 11.3963
      vertex 123.965 2.4 10.9165
      vertex 123.871 2.4 11.1773
    endloop
  endfacet
  facet normal 0 -1 0
    outer loop
      vertex 123.996 2.4 10.6139
      vertex 121.865 2.4 10.9355
      vertex 121.789 2.4 10.6139
    endloop
  endfacet
  facet normal 0 -1 0
    outer loop
      vertex 122.976 2.4 11.6936
      vertex 123.965 2.4 10.9165
      vertex 123.26 2.4 11.6606
    endloop
  endfacet
  facet normal 0 -1 0
    outer loop
      vertex 156.8 2.4 10.6139
      vertex 155.779 2.4 11.6936
      vertex 155.471 2.4 11.6627
    endloop
  endfacet
  facet normal 0 -1 0
    outer loop
      vertex 154.797 2.4 11.2026
      vertex 155.471 2.4 11.6627
      vertex 155.204 2.4 11.5699
    endloop
  endfacet
  facet normal -0 -1 -0
    outer loop
      vertex 156.769 2.4 10.9165
      vertex 155.779 2.4 11.6936
      vertex 156.8 2.4 10.6139
    endloop
  endfacet
  facet normal 0 -1 0
    outer loop
      vertex 154.797 2.4 11.2026
      vertex 155.204 2.4 11.5699
      vertex 154.977 2.4 11.4154
    endloop
  endfacet
  facet normal -0 -1 -0
    outer loop
      vertex 156.518 2.4 11.3963
      vertex 156.064 2.4 11.6606
      vertex 156.769 2.4 10.9165
    endloop
  endfacet
  facet normal 0 -1 -0
    outer loop
      vertex 155.471 2.4 11.6627
      vertex 154.797 2.4 11.2026
      vertex 156.8 2.4 10.6139
    endloop
  endfacet
  facet normal 0 -1 0
    outer loop
      vertex 156.064 2.4 11.6606
      vertex 156.518 2.4 11.3963
      vertex 156.31 2.4 11.5615
    endloop
  endfacet
  facet normal 0 -1 0
    outer loop
      vertex 156.8 2.4 10.6139
      vertex 154.797 2.4 11.2026
      vertex 154.669 2.4 10.9355
    endloop
  endfacet
  facet normal 0 -1 0
    outer loop
      vertex 156.518 2.4 11.3963
      vertex 156.769 2.4 10.9165
      vertex 156.675 2.4 11.1773
    endloop
  endfacet
  facet normal 0 -1 0
    outer loop
      vertex 156.8 2.4 10.6139
      vertex 154.669 2.4 10.9355
      vertex 154.593 2.4 10.6139
    endloop
  endfacet
  facet normal 0 -1 0
    outer loop
      vertex 155.779 2.4 11.6936
      vertex 156.769 2.4 10.9165
      vertex 156.064 2.4 11.6606
    endloop
  endfacet
  facet normal 0 -1 0
    outer loop
      vertex 166.846 2.4 10.6139
      vertex 165.826 2.4 11.6936
      vertex 165.517 2.4 11.6627
    endloop
  endfacet
  facet normal 0 -1 0
    outer loop
      vertex 164.843 2.4 11.2026
      vertex 165.517 2.4 11.6627
      vertex 165.25 2.4 11.5699
    endloop
  endfacet
  facet normal -0 -1 -0
    outer loop
      vertex 166.815 2.4 10.9165
      vertex 165.826 2.4 11.6936
      vertex 166.846 2.4 10.6139
    endloop
  endfacet
  facet normal 0 -1 0
    outer loop
      vertex 164.843 2.4 11.2026
      vertex 165.25 2.4 11.5699
      vertex 165.023 2.4 11.4154
    endloop
  endfacet
  facet normal -0 -1 -0
    outer loop
      vertex 166.564 2.4 11.3963
      vertex 166.11 2.4 11.6606
      vertex 166.815 2.4 10.9165
    endloop
  endfacet
  facet normal 0 -1 -0
    outer loop
      vertex 165.517 2.4 11.6627
      vertex 164.843 2.4 11.2026
      vertex 166.846 2.4 10.6139
    endloop
  endfacet
  facet normal 0 -1 0
    outer loop
      vertex 166.11 2.4 11.6606
      vertex 166.564 2.4 11.3963
      vertex 166.356 2.4 11.5615
    endloop
  endfacet
  facet normal 0 -1 0
    outer loop
      vertex 166.846 2.4 10.6139
      vertex 164.843 2.4 11.2026
      vertex 164.715 2.4 10.9355
    endloop
  endfacet
  facet normal 0 -1 0
    outer loop
      vertex 166.564 2.4 11.3963
      vertex 166.815 2.4 10.9165
      vertex 166.721 2.4 11.1773
    endloop
  endfacet
  facet normal 0 -1 0
    outer loop
      vertex 166.846 2.4 10.6139
      vertex 164.715 2.4 10.9355
      vertex 164.639 2.4 10.6139
    endloop
  endfacet
  facet normal 0 -1 0
    outer loop
      vertex 165.826 2.4 11.6936
      vertex 166.815 2.4 10.9165
      vertex 166.11 2.4 11.6606
    endloop
  endfacet
  facet normal 0 -1 0
    outer loop
      vertex 109.523 2.4 11.2023
      vertex 110.384 2.4 11.6085
      vertex 110.038 2.4 11.5634
    endloop
  endfacet
  facet normal 0 -1 0
    outer loop
      vertex 109.523 2.4 11.2023
      vertex 110.038 2.4 11.5634
      vertex 109.75 2.4 11.428
    endloop
  endfacet
  facet normal 0 -1 0
    outer loop
      vertex 109.358 2.4 10.8918
      vertex 110.384 2.4 11.6085
      vertex 109.523 2.4 11.2023
    endloop
  endfacet
  facet normal 0 -1 0
    outer loop
      vertex 110.384 2.4 11.6085
      vertex 111.234 2.4 11.2023
      vertex 110.726 2.4 11.5634
    endloop
  endfacet
  facet normal 0 -1 0
    outer loop
      vertex 110.726 2.4 11.5634
      vertex 111.234 2.4 11.2023
      vertex 111.009 2.4 11.428
    endloop
  endfacet
  facet normal 0 -1 0
    outer loop
      vertex 111.398 2.4 10.8918
      vertex 110.384 2.4 11.6085
      vertex 109.358 2.4 10.8918
    endloop
  endfacet
  facet normal 0 -1 0
    outer loop
      vertex 110.384 2.4 11.6085
      vertex 111.398 2.4 10.8918
      vertex 111.234 2.4 11.2023
    endloop
  endfacet
  facet normal 0 -1 0
    outer loop
      vertex 109.259 2.4 10.5015
      vertex 111.398 2.4 10.8918
      vertex 109.358 2.4 10.8918
    endloop
  endfacet
  facet normal 0 -1 0
    outer loop
      vertex 109.259 2.4 10.5015
      vertex 111.496 2.4 10.5015
      vertex 111.398 2.4 10.8918
    endloop
  endfacet
  facet normal 0 -1 0
    outer loop
      vertex 109.226 2.4 10.0315
      vertex 111.496 2.4 10.5015
      vertex 109.259 2.4 10.5015
    endloop
  endfacet
  facet normal 0 -1 0
    outer loop
      vertex 109.226 2.4 10.0315
      vertex 111.528 2.4 10.0315
      vertex 111.496 2.4 10.5015
    endloop
  endfacet
  facet normal 0 -1 0
    outer loop
      vertex 109.259 2.4 9.56155
      vertex 111.528 2.4 10.0315
      vertex 109.226 2.4 10.0315
    endloop
  endfacet
  facet normal 0 -1 0
    outer loop
      vertex 109.259 2.4 9.56155
      vertex 111.496 2.4 9.56155
      vertex 111.528 2.4 10.0315
    endloop
  endfacet
  facet normal 0 -1 0
    outer loop
      vertex 109.358 2.4 9.17126
      vertex 111.496 2.4 9.56155
      vertex 109.259 2.4 9.56155
    endloop
  endfacet
  facet normal 0 -1 0
    outer loop
      vertex 109.358 2.4 9.17126
      vertex 111.398 2.4 9.17126
      vertex 111.496 2.4 9.56155
    endloop
  endfacet
  facet normal 0 -1 0
    outer loop
      vertex 110.384 2.4 8.45459
      vertex 109.358 2.4 9.17126
      vertex 109.523 2.4 8.86066
    endloop
  endfacet
  facet normal 0 -1 0
    outer loop
      vertex 109.358 2.4 9.17126
      vertex 110.384 2.4 8.45459
      vertex 111.398 2.4 9.17126
    endloop
  endfacet
  facet normal 0 -1 0
    outer loop
      vertex 110.038 2.4 8.49969
      vertex 109.523 2.4 8.86066
      vertex 109.75 2.4 8.63506
    endloop
  endfacet
  facet normal 0 -1 0
    outer loop
      vertex 111.398 2.4 9.17126
      vertex 110.384 2.4 8.45459
      vertex 111.234 2.4 8.86066
    endloop
  endfacet
  facet normal 0 -1 0
    outer loop
      vertex 109.523 2.4 8.86066
      vertex 110.038 2.4 8.49969
      vertex 110.384 2.4 8.45459
    endloop
  endfacet
  facet normal -0 -1 0
    outer loop
      vertex 110.726 2.4 8.49969
      vertex 111.234 2.4 8.86066
      vertex 110.384 2.4 8.45459
    endloop
  endfacet
  facet normal 0 -1 0
    outer loop
      vertex 111.234 2.4 8.86066
      vertex 110.726 2.4 8.49969
      vertex 111.009 2.4 8.63506
    endloop
  endfacet
  facet normal 0 -1 0
    outer loop
      vertex 0 0 23.408
      vertex 32 0 8
      vertex 32 0 23.408
    endloop
  endfacet
  facet normal 0 -1 0
    outer loop
      vertex 32 0 8
      vertex 46.4 0 3
      vertex 62 0 8
    endloop
  endfacet
  facet normal 0 -1 0
    outer loop
      vertex 0 0 0
      vertex 32 0 8
      vertex 0 0 23.408
    endloop
  endfacet
  facet normal 0 -1 0
    outer loop
      vertex 46.4 0 0
      vertex 32 0 8
      vertex 0 0 0
    endloop
  endfacet
  facet normal 0 -1 0
    outer loop
      vertex 32 0 8
      vertex 46.4 0 0
      vertex 46.4 0 3
    endloop
  endfacet
  facet normal 0 -1 0
    outer loop
      vertex 62 0 8
      vertex 91.6 0 23.408
      vertex 62 0 23.408
    endloop
  endfacet
  facet normal 0 -1 0
    outer loop
      vertex 47.6 0 3
      vertex 62 0 8
      vertex 46.4 0 3
    endloop
  endfacet
  facet normal 0 -1 0
    outer loop
      vertex 62 0 8
      vertex 91.6 0 2
      vertex 91.6 0 23.408
    endloop
  endfacet
  facet normal 0 -1 0
    outer loop
      vertex 47.6 0 0
      vertex 62 0 8
      vertex 47.6 0 3
    endloop
  endfacet
  facet normal 0 -1 -0
    outer loop
      vertex 62 0 8
      vertex 47.6 0 0
      vertex 91.6 0 2
    endloop
  endfacet
  facet normal 0 -1 0
    outer loop
      vertex 184.309 0 0
      vertex 91.6 0 2
      vertex 47.6 0 0
    endloop
  endfacet
  facet normal 0 -1 0
    outer loop
      vertex 91.6 0 2
      vertex 184.309 0 0
      vertex 184.309 0 2
    endloop
  endfacet
  facet normal 0 1 0
    outer loop
      vertex 184.309 70.3 2
      vertex 184.309 70.3 0
      vertex 91.6 70.3 2
    endloop
  endfacet
  facet normal 0 1 0
    outer loop
      vertex 91.6 70.3 24
      vertex 62 70.3 8
      vertex 62 70.3 24
    endloop
  endfacet
  facet normal 0 1 0
    outer loop
      vertex 62 70.3 8
      vertex 47.6 70.3 3
      vertex 32 70.3 8
    endloop
  endfacet
  facet normal 0 1 -0
    outer loop
      vertex 91.6 70.3 2
      vertex 62 70.3 8
      vertex 91.6 70.3 24
    endloop
  endfacet
  facet normal 0 1 0
    outer loop
      vertex 47.6 70.3 0
      vertex 62 70.3 8
      vertex 91.6 70.3 2
    endloop
  endfacet
  facet normal 0 1 0
    outer loop
      vertex 62 70.3 8
      vertex 47.6 70.3 0
      vertex 47.6 70.3 3
    endloop
  endfacet
  facet normal 0 1 0
    outer loop
      vertex 47.6 70.3 0
      vertex 91.6 70.3 2
      vertex 184.309 70.3 0
    endloop
  endfacet
  facet normal 0 1 -0
    outer loop
      vertex 32 70.3 8
      vertex 0 70.3 24
      vertex 32 70.3 24
    endloop
  endfacet
  facet normal 0 1 -0
    outer loop
      vertex 46.4 70.3 3
      vertex 32 70.3 8
      vertex 47.6 70.3 3
    endloop
  endfacet
  facet normal 0 1 -0
    outer loop
      vertex 46.4 70.3 0
      vertex 32 70.3 8
      vertex 46.4 70.3 3
    endloop
  endfacet
  facet normal 0 1 0
    outer loop
      vertex 0 70.3 0
      vertex 32 70.3 8
      vertex 46.4 70.3 0
    endloop
  endfacet
  facet normal 0 1 0
    outer loop
      vertex 32 70.3 8
      vertex 0 70.3 0
      vertex 0 70.3 24
    endloop
  endfacet
  facet normal 0 -1 0
    outer loop
      vertex 2.4 67.9 22.3043
      vertex 32 67.9 8
      vertex 32 67.9 22.3043
    endloop
  endfacet
  facet normal 0 -1 0
    outer loop
      vertex 89.2 67.9 2
      vertex 32 67.9 8
      vertex 2.4 67.9 2
    endloop
  endfacet
  facet normal 0 -1 0
    outer loop
      vertex 2.4 67.9 2
      vertex 32 67.9 8
      vertex 2.4 67.9 22.3043
    endloop
  endfacet
  facet normal 0 -1 0
    outer loop
      vertex 89.2 67.9 15.2
      vertex 90.5 67.9 22.3043
      vertex 62 67.9 22.3043
    endloop
  endfacet
  facet normal 0 -1 -0
    outer loop
      vertex 90.5 67.9 22.3043
      vertex 89.2 67.9 15.2
      vertex 91.6 67.9 15.2
    endloop
  endfacet
  facet normal 0 -1 0
    outer loop
      vertex 62 67.9 8
      vertex 89.2 67.9 15.2
      vertex 62 67.9 22.3043
    endloop
  endfacet
  facet normal 0 -1 0
    outer loop
      vertex 62 67.9 8
      vertex 89.2 67.9 2
      vertex 89.2 67.9 15.2
    endloop
  endfacet
  facet normal 0 -1 0
    outer loop
      vertex 32 67.9 8
      vertex 89.2 67.9 2
      vertex 62 67.9 8
    endloop
  endfacet
  facet normal 0 -1 -0
    outer loop
      vertex 91.6 67.9 23.408
      vertex 90.5 67.9 22.3043
      vertex 91.6 67.9 15.2
    endloop
  endfacet
  facet normal 0 1 0
    outer loop
      vertex 166.376 67.9 7.32277
      vertex 173.152 67.9 5.3589
      vertex 165.525 67.9 7.24051
    endloop
  endfacet
  facet normal 0 1 0
    outer loop
      vertex 165.525 67.9 7.24051
      vertex 173.152 67.9 5.3589
      vertex 152.829 67.9 7.24051
    endloop
  endfacet
  facet normal 0 1 0
    outer loop
      vertex 184.309 67.9 2
      vertex 152.829 67.9 7.24051
      vertex 173.152 67.9 5.3589
    endloop
  endfacet
  facet normal 0 1 0
    outer loop
      vertex 152.829 67.9 7.24051
      vertex 184.309 67.9 2
      vertex 134.415 67.9 7.24051
    endloop
  endfacet
  facet normal 0 1 0
    outer loop
      vertex 91.6 67.9 2
      vertex 134.415 67.9 7.24051
      vertex 184.309 67.9 2
    endloop
  endfacet
  facet normal 0 1 0
    outer loop
      vertex 134.415 67.9 7.24051
      vertex 91.6 67.9 2
      vertex 127.6 67.9 7.24051
    endloop
  endfacet
  facet normal 0 1 0
    outer loop
      vertex 120.026 67.9 7.24051
      vertex 91.6 67.9 2
      vertex 109.98 67.9 7.24051
    endloop
  endfacet
  facet normal 0 1 0
    outer loop
      vertex 171.747 67.9 7.26498
      vertex 173.152 67.9 5.3589
      vertex 171.391 67.9 7.24051
    endloop
  endfacet
  facet normal 0 1 0
    outer loop
      vertex 172.075 67.9 7.33841
      vertex 173.152 67.9 5.3589
      vertex 171.747 67.9 7.26498
    endloop
  endfacet
  facet normal 0 1 0
    outer loop
      vertex 172.374 67.9 7.4608
      vertex 173.152 67.9 5.3589
      vertex 172.075 67.9 7.33841
    endloop
  endfacet
  facet normal 0 1 0
    outer loop
      vertex 172.65 67.9 7.63481
      vertex 173.152 67.9 5.3589
      vertex 172.374 67.9 7.4608
    endloop
  endfacet
  facet normal 0 1 0
    outer loop
      vertex 172.91 67.9 7.86302
      vertex 173.152 67.9 5.3589
      vertex 172.65 67.9 7.63481
    endloop
  endfacet
  facet normal 0 1 -0
    outer loop
      vertex 173.152 67.9 5.3589
      vertex 172.91 67.9 7.86302
      vertex 173.152 67.9 8.14546
    endloop
  endfacet
  facet normal 0 1 0
    outer loop
      vertex 102.857 67.9 7.86302
      vertex 102.596 67.9 7.37938
      vertex 102.596 67.9 8.14546
    endloop
  endfacet
  facet normal 0 1 0
    outer loop
      vertex 103.128 67.9 7.63481
      vertex 102.596 67.9 7.37938
      vertex 102.857 67.9 7.86302
    endloop
  endfacet
  facet normal 0 1 0
    outer loop
      vertex 103.41 67.9 7.4608
      vertex 102.596 67.9 7.37938
      vertex 103.128 67.9 7.63481
    endloop
  endfacet
  facet normal 0 1 0
    outer loop
      vertex 104.021 67.9 7.26498
      vertex 102.596 67.9 7.37938
      vertex 103.706 67.9 7.33841
    endloop
  endfacet
  facet normal 0 1 0
    outer loop
      vertex 103.706 67.9 7.33841
      vertex 102.596 67.9 7.37938
      vertex 103.41 67.9 7.4608
    endloop
  endfacet
  facet normal 0 1 0
    outer loop
      vertex 132.844 67.9 7.87379
      vertex 132.607 67.9 7.37938
      vertex 132.607 67.9 8.16786
    endloop
  endfacet
  facet normal 0 1 0
    outer loop
      vertex 133.101 67.9 7.63838
      vertex 132.607 67.9 7.37938
      vertex 132.844 67.9 7.87379
    endloop
  endfacet
  facet normal 0 1 0
    outer loop
      vertex 133.376 67.9 7.46164
      vertex 132.607 67.9 7.37938
      vertex 133.101 67.9 7.63838
    endloop
  endfacet
  facet normal 0 1 0
    outer loop
      vertex 134.028 67.9 7.26508
      vertex 132.607 67.9 7.37938
      vertex 133.681 67.9 7.33878
    endloop
  endfacet
  facet normal 0 1 0
    outer loop
      vertex 133.681 67.9 7.33878
      vertex 132.607 67.9 7.37938
      vertex 133.376 67.9 7.46164
    endloop
  endfacet
  facet normal 0 1 0
    outer loop
      vertex 126.091 67.9 7.86064
      vertex 125.849 67.9 7.37938
      vertex 125.849 67.9 8.14546
    endloop
  endfacet
  facet normal 0 1 0
    outer loop
      vertex 126.349 67.9 7.63164
      vertex 125.849 67.9 7.37938
      vertex 126.091 67.9 7.86064
    endloop
  endfacet
  facet normal 0 1 0
    outer loop
      vertex 126.623 67.9 7.45842
      vertex 125.849 67.9 7.37938
      vertex 126.349 67.9 7.63164
    endloop
  endfacet
  facet normal 0 1 0
    outer loop
      vertex 127.245 67.9 7.26471
      vertex 125.849 67.9 7.37938
      vertex 126.919 67.9 7.33736
    endloop
  endfacet
  facet normal 0 1 0
    outer loop
      vertex 126.919 67.9 7.33736
      vertex 125.849 67.9 7.37938
      vertex 126.623 67.9 7.45842
    endloop
  endfacet
  facet normal 0 1 0
    outer loop
      vertex 143.238 67.9 11.483
      vertex 143.238 67.9 9.22556
      vertex 141.486 67.9 11.483
    endloop
  endfacet
  facet normal 0 1 0
    outer loop
      vertex 134.445 67.9 10.7312
      vertex 133.917 67.9 11.6936
      vertex 134.272 67.9 11.6815
    endloop
  endfacet
  facet normal 0 1 -0
    outer loop
      vertex 134.445 67.9 10.7312
      vertex 134.272 67.9 11.6815
      vertex 134.611 67.9 11.6453
    endloop
  endfacet
  facet normal 0 1 0
    outer loop
      vertex 133.917 67.9 11.6936
      vertex 133.608 67.9 10.7797
      vertex 133.507 67.9 11.6727
    endloop
  endfacet
  facet normal 0 1 0
    outer loop
      vertex 134.445 67.9 10.7312
      vertex 134.611 67.9 11.6453
      vertex 134.933 67.9 11.585
    endloop
  endfacet
  facet normal 0 1 0
    outer loop
      vertex 133.507 67.9 11.6727
      vertex 133.608 67.9 10.7797
      vertex 133.176 67.9 11.6101
    endloop
  endfacet
  facet normal 0 1 -0
    outer loop
      vertex 135.118 67.9 10.5857
      vertex 134.933 67.9 11.585
      vertex 135.239 67.9 11.5005
    endloop
  endfacet
  facet normal 0 1 0
    outer loop
      vertex 135.118 67.9 10.5857
      vertex 135.239 67.9 11.5005
      vertex 135.53 67.9 11.3918
    endloop
  endfacet
  facet normal 0 1 0
    outer loop
      vertex 133.917 67.9 11.6936
      vertex 134.445 67.9 10.7312
      vertex 133.608 67.9 10.7797
    endloop
  endfacet
  facet normal 0 1 0
    outer loop
      vertex 135.118 67.9 10.5857
      vertex 135.53 67.9 11.3918
      vertex 135.806 67.9 11.259
    endloop
  endfacet
  facet normal 0 1 0
    outer loop
      vertex 133.176 67.9 11.6101
      vertex 133.608 67.9 10.7797
      vertex 132.925 67.9 11.5058
    endloop
  endfacet
  facet normal 0 1 0
    outer loop
      vertex 135.628 67.9 10.3432
      vertex 135.806 67.9 11.259
      vertex 136.606 67.9 11.2456
    endloop
  endfacet
  facet normal 0 1 0
    outer loop
      vertex 110.233 67.9 8.40269
      vertex 111.214 67.9 9.20013
      vertex 110.578 67.9 8.50237
    endloop
  endfacet
  facet normal 0 1 0
    outer loop
      vertex 111.29 67.9 9.56563
      vertex 107.96 67.9 8.81316
      vertex 107.568 67.9 9.0101
    endloop
  endfacet
  facet normal 0 1 0
    outer loop
      vertex 110.578 67.9 8.50237
      vertex 111.07 67.9 8.90109
      vertex 110.858 67.9 8.6685
    endloop
  endfacet
  facet normal 0 1 0
    outer loop
      vertex 111.29 67.9 9.56563
      vertex 108.346 67.9 8.6526
      vertex 107.96 67.9 8.81316
    endloop
  endfacet
  facet normal 0 1 0
    outer loop
      vertex 111.29 67.9 9.56563
      vertex 108.724 67.9 8.52843
      vertex 108.346 67.9 8.6526
    endloop
  endfacet
  facet normal 0 1 -0
    outer loop
      vertex 111.214 67.9 9.20013
      vertex 110.233 67.9 8.40269
      vertex 111.29 67.9 9.56563
    endloop
  endfacet
  facet normal 0 1 0
    outer loop
      vertex 111.29 67.9 9.56563
      vertex 109.096 67.9 8.44011
      vertex 108.724 67.9 8.52843
    endloop
  endfacet
  facet normal 0 1 0
    outer loop
      vertex 111.29 67.9 9.56563
      vertex 110.233 67.9 8.40269
      vertex 109.823 67.9 8.36946
    endloop
  endfacet
  facet normal 0 1 0
    outer loop
      vertex 111.29 67.9 9.56563
      vertex 109.462 67.9 8.38713
      vertex 109.096 67.9 8.44011
    endloop
  endfacet
  facet normal 0 1 0
    outer loop
      vertex 111.29 67.9 9.56563
      vertex 109.823 67.9 8.36946
      vertex 109.462 67.9 8.38713
    endloop
  endfacet
  facet normal 0 1 0
    outer loop
      vertex 120.279 67.9 8.40269
      vertex 121.26 67.9 9.20013
      vertex 120.624 67.9 8.50237
    endloop
  endfacet
  facet normal 0 1 0
    outer loop
      vertex 121.336 67.9 9.56563
      vertex 118.006 67.9 8.81316
      vertex 117.614 67.9 9.0101
    endloop
  endfacet
  facet normal 0 1 0
    outer loop
      vertex 120.624 67.9 8.50237
      vertex 121.116 67.9 8.90109
      vertex 120.904 67.9 8.6685
    endloop
  endfacet
  facet normal 0 1 0
    outer loop
      vertex 121.336 67.9 9.56563
      vertex 118.392 67.9 8.6526
      vertex 118.006 67.9 8.81316
    endloop
  endfacet
  facet normal 0 1 0
    outer loop
      vertex 121.336 67.9 9.56563
      vertex 118.77 67.9 8.52843
      vertex 118.392 67.9 8.6526
    endloop
  endfacet
  facet normal 0 1 -0
    outer loop
      vertex 121.26 67.9 9.20013
      vertex 120.279 67.9 8.40269
      vertex 121.336 67.9 9.56563
    endloop
  endfacet
  facet normal 0 1 0
    outer loop
      vertex 121.336 67.9 9.56563
      vertex 119.142 67.9 8.44011
      vertex 118.77 67.9 8.52843
    endloop
  endfacet
  facet normal 0 1 0
    outer loop
      vertex 121.336 67.9 9.56563
      vertex 120.279 67.9 8.40269
      vertex 119.869 67.9 8.36946
    endloop
  endfacet
  facet normal 0 1 0
    outer loop
      vertex 121.336 67.9 9.56563
      vertex 119.508 67.9 8.38713
      vertex 119.142 67.9 8.44011
    endloop
  endfacet
  facet normal 0 1 0
    outer loop
      vertex 121.336 67.9 9.56563
      vertex 119.869 67.9 8.36946
      vertex 119.508 67.9 8.38713
    endloop
  endfacet
  facet normal 0 1 0
    outer loop
      vertex 153.083 67.9 8.40269
      vertex 154.064 67.9 9.20013
      vertex 153.428 67.9 8.50237
    endloop
  endfacet
  facet normal 0 1 0
    outer loop
      vertex 154.14 67.9 9.56563
      vertex 150.81 67.9 8.81316
      vertex 150.418 67.9 9.0101
    endloop
  endfacet
  facet normal 0 1 0
    outer loop
      vertex 153.428 67.9 8.50237
      vertex 153.92 67.9 8.90109
      vertex 153.708 67.9 8.6685
    endloop
  endfacet
  facet normal 0 1 0
    outer loop
      vertex 154.14 67.9 9.56563
      vertex 151.195 67.9 8.6526
      vertex 150.81 67.9 8.81316
    endloop
  endfacet
  facet normal 0 1 0
    outer loop
      vertex 154.14 67.9 9.56563
      vertex 151.574 67.9 8.52843
      vertex 151.195 67.9 8.6526
    endloop
  endfacet
  facet normal 0 1 -0
    outer loop
      vertex 154.064 67.9 9.20013
      vertex 153.083 67.9 8.40269
      vertex 154.14 67.9 9.56563
    endloop
  endfacet
  facet normal 0 1 0
    outer loop
      vertex 154.14 67.9 9.56563
      vertex 151.946 67.9 8.44011
      vertex 151.574 67.9 8.52843
    endloop
  endfacet
  facet normal 0 1 0
    outer loop
      vertex 154.14 67.9 9.56563
      vertex 153.083 67.9 8.40269
      vertex 152.673 67.9 8.36946
    endloop
  endfacet
  facet normal 0 1 0
    outer loop
      vertex 154.14 67.9 9.56563
      vertex 152.312 67.9 8.38713
      vertex 151.946 67.9 8.44011
    endloop
  endfacet
  facet normal 0 1 0
    outer loop
      vertex 154.14 67.9 9.56563
      vertex 152.673 67.9 8.36946
      vertex 152.312 67.9 8.38713
    endloop
  endfacet
  facet normal 0 1 -0
    outer loop
      vertex 117.614 67.9 9.0101
      vertex 117.363 67.9 9.56563
      vertex 121.336 67.9 9.56563
    endloop
  endfacet
  facet normal 0 1 0
    outer loop
      vertex 120.624 67.9 8.50237
      vertex 121.26 67.9 9.20013
      vertex 121.116 67.9 8.90109
    endloop
  endfacet
  facet normal 0 1 0
    outer loop
      vertex 117.363 67.9 9.56563
      vertex 117.614 67.9 9.0101
      vertex 116.055 67.9 9.21619
    endloop
  endfacet
  facet normal 0 1 -0
    outer loop
      vertex 117.614 67.9 7.70195
      vertex 116.055 67.9 9.21619
      vertex 117.614 67.9 9.0101
    endloop
  endfacet
  facet normal 0 1 0
    outer loop
      vertex 117.614 67.9 7.70195
      vertex 116.055 67.9 7.37938
      vertex 116.055 67.9 9.21619
    endloop
  endfacet
  facet normal 0 1 0
    outer loop
      vertex 118.016 67.9 7.56213
      vertex 116.055 67.9 7.37938
      vertex 117.614 67.9 7.70195
    endloop
  endfacet
  facet normal 0 1 0
    outer loop
      vertex 118.418 67.9 7.44717
      vertex 116.055 67.9 7.37938
      vertex 118.016 67.9 7.56213
    endloop
  endfacet
  facet normal 0 1 0
    outer loop
      vertex 119.222 67.9 7.2923
      vertex 116.055 67.9 7.37938
      vertex 118.82 67.9 7.35706
    endloop
  endfacet
  facet normal 0 1 0
    outer loop
      vertex 118.82 67.9 7.35706
      vertex 116.055 67.9 7.37938
      vertex 118.418 67.9 7.44717
    endloop
  endfacet
  facet normal 0 1 -0
    outer loop
      vertex 107.568 67.9 9.0101
      vertex 107.317 67.9 9.56563
      vertex 111.29 67.9 9.56563
    endloop
  endfacet
  facet normal 0 1 0
    outer loop
      vertex 110.578 67.9 8.50237
      vertex 111.214 67.9 9.20013
      vertex 111.07 67.9 8.90109
    endloop
  endfacet
  facet normal 0 1 0
    outer loop
      vertex 106.188 67.9 8.78639
      vertex 107.317 67.9 9.56563
      vertex 107.568 67.9 9.0101
    endloop
  endfacet
  facet normal 0 1 0
    outer loop
      vertex 107.317 67.9 9.56563
      vertex 106.188 67.9 8.78639
      vertex 106.241 67.9 9.44781
    endloop
  endfacet
  facet normal 0 1 -0
    outer loop
      vertex 107.568 67.9 7.70195
      vertex 106.188 67.9 8.78639
      vertex 107.568 67.9 9.0101
    endloop
  endfacet
  facet normal 0 1 0
    outer loop
      vertex 106.188 67.9 8.78639
      vertex 107.568 67.9 7.70195
      vertex 106.027 67.9 8.23889
    endloop
  endfacet
  facet normal 0 1 0
    outer loop
      vertex 106.027 67.9 8.23889
      vertex 107.568 67.9 7.70195
      vertex 105.759 67.9 7.80533
    endloop
  endfacet
  facet normal 0 1 0
    outer loop
      vertex 105.389 67.9 7.49153
      vertex 107.568 67.9 7.70195
      vertex 107.97 67.9 7.56213
    endloop
  endfacet
  facet normal 0 1 0
    outer loop
      vertex 107.568 67.9 7.70195
      vertex 105.389 67.9 7.49153
      vertex 105.759 67.9 7.80533
    endloop
  endfacet
  facet normal 0 1 0
    outer loop
      vertex 104.922 67.9 7.30327
      vertex 107.97 67.9 7.56213
      vertex 108.372 67.9 7.44717
    endloop
  endfacet
  facet normal 0 1 0
    outer loop
      vertex 104.922 67.9 7.30327
      vertex 108.372 67.9 7.44717
      vertex 108.774 67.9 7.35706
    endloop
  endfacet
  facet normal 0 1 0
    outer loop
      vertex 107.97 67.9 7.56213
      vertex 104.922 67.9 7.30327
      vertex 105.389 67.9 7.49153
    endloop
  endfacet
  facet normal 0 1 0
    outer loop
      vertex 109.176 67.9 7.2923
      vertex 104.922 67.9 7.30327
      vertex 108.774 67.9 7.35706
    endloop
  endfacet
  facet normal 0 1 0
    outer loop
      vertex 104.357 67.9 7.24051
      vertex 109.176 67.9 7.2923
      vertex 109.578 67.9 7.25345
    endloop
  endfacet
  facet normal 0 1 0
    outer loop
      vertex 104.357 67.9 7.24051
      vertex 109.578 67.9 7.25345
      vertex 109.98 67.9 7.24051
    endloop
  endfacet
  facet normal 0 1 0
    outer loop
      vertex 109.176 67.9 7.2923
      vertex 104.357 67.9 7.24051
      vertex 104.922 67.9 7.30327
    endloop
  endfacet
  facet normal 0 1 -0
    outer loop
      vertex 150.418 67.9 9.0101
      vertex 150.166 67.9 9.56563
      vertex 154.14 67.9 9.56563
    endloop
  endfacet
  facet normal 0 1 0
    outer loop
      vertex 150.418 67.9 7.70195
      vertex 146.343 67.9 9.48946
      vertex 149.324 67.9 9.48946
    endloop
  endfacet
  facet normal 0 1 0
    outer loop
      vertex 150.166 67.9 9.56563
      vertex 150.418 67.9 9.0101
      vertex 149.324 67.9 9.48946
    endloop
  endfacet
  facet normal 0 1 0
    outer loop
      vertex 153.428 67.9 8.50237
      vertex 154.064 67.9 9.20013
      vertex 153.92 67.9 8.90109
    endloop
  endfacet
  facet normal 0 1 -0
    outer loop
      vertex 150.418 67.9 7.70195
      vertex 149.324 67.9 9.48946
      vertex 150.418 67.9 9.0101
    endloop
  endfacet
  facet normal 0 1 0
    outer loop
      vertex 146.343 67.9 9.48946
      vertex 144.89 67.9 8.61993
      vertex 144.937 67.9 9.22556
    endloop
  endfacet
  facet normal 0 1 0
    outer loop
      vertex 146.343 67.9 9.48946
      vertex 150.418 67.9 7.70195
      vertex 144.75 67.9 8.14455
    endloop
  endfacet
  facet normal 0 1 0
    outer loop
      vertex 146.343 67.9 9.48946
      vertex 144.75 67.9 8.14455
      vertex 144.89 67.9 8.61993
    endloop
  endfacet
  facet normal 0 1 0
    outer loop
      vertex 144.75 67.9 8.14455
      vertex 150.418 67.9 7.70195
      vertex 144.517 67.9 7.79938
    endloop
  endfacet
  facet normal 0 1 0
    outer loop
      vertex 150.418 67.9 7.70195
      vertex 144.172 67.9 7.56606
      vertex 144.517 67.9 7.79938
    endloop
  endfacet
  facet normal 0 1 0
    outer loop
      vertex 150.82 67.9 7.56213
      vertex 144.172 67.9 7.56606
      vertex 150.418 67.9 7.70195
    endloop
  endfacet
  facet normal 0 1 0
    outer loop
      vertex 151.222 67.9 7.44717
      vertex 144.172 67.9 7.56606
      vertex 150.82 67.9 7.56213
    endloop
  endfacet
  facet normal 0 1 0
    outer loop
      vertex 151.222 67.9 7.44717
      vertex 143.696 67.9 7.42606
      vertex 144.172 67.9 7.56606
    endloop
  endfacet
  facet normal 0 1 0
    outer loop
      vertex 151.624 67.9 7.35706
      vertex 143.696 67.9 7.42606
      vertex 151.222 67.9 7.44717
    endloop
  endfacet
  facet normal 0 0 0
    outer loop
      vertex 143.09 67.9 7.37938
      vertex 140.555 67.9 7.37938
      vertex 141.633 67.9 7.37938
    endloop
  endfacet
  facet normal 0 1 0
    outer loop
      vertex 134.415 67.9 7.24051
      vertex 140.555 67.9 7.37938
      vertex 143.09 67.9 7.37938
    endloop
  endfacet
  facet normal 0 1 0
    outer loop
      vertex 143.696 67.9 7.42606
      vertex 152.026 67.9 7.2923
      vertex 143.09 67.9 7.37938
    endloop
  endfacet
  facet normal 0 1 0
    outer loop
      vertex 152.026 67.9 7.2923
      vertex 143.696 67.9 7.42606
      vertex 151.624 67.9 7.35706
    endloop
  endfacet
  facet normal 0 1 0
    outer loop
      vertex 136.2 67.9 9.53986
      vertex 137.345 67.9 11.4461
      vertex 137.493 67.9 11.4517
    endloop
  endfacet
  facet normal 0 1 0
    outer loop
      vertex 138.698 67.9 10.7107
      vertex 137.493 67.9 11.4517
      vertex 137.896 67.9 11.405
    endloop
  endfacet
  facet normal 0 1 0
    outer loop
      vertex 136.2 67.9 9.53986
      vertex 137.493 67.9 11.4517
      vertex 138.816 67.9 10.3093
    endloop
  endfacet
  facet normal 0 1 0
    outer loop
      vertex 137.345 67.9 11.4461
      vertex 136.2 67.9 9.53986
      vertex 137.197 67.9 11.4293
    endloop
  endfacet
  facet normal 0 1 0
    outer loop
      vertex 137.049 67.9 11.4014
      vertex 136.2 67.9 9.53986
      vertex 136.902 67.9 11.3617
    endloop
  endfacet
  facet normal 0 1 0
    outer loop
      vertex 138.502 67.9 11.0313
      vertex 137.896 67.9 11.405
      vertex 138.233 67.9 11.2648
    endloop
  endfacet
  facet normal 0 1 0
    outer loop
      vertex 137.493 67.9 11.4517
      vertex 138.698 67.9 10.7107
      vertex 138.816 67.9 10.3093
    endloop
  endfacet
  facet normal 0 1 0
    outer loop
      vertex 136.754 67.9 11.3098
      vertex 136.2 67.9 9.53986
      vertex 136.606 67.9 11.2456
    endloop
  endfacet
  facet normal 0 1 0
    outer loop
      vertex 137.896 67.9 11.405
      vertex 138.502 67.9 11.0313
      vertex 138.698 67.9 10.7107
    endloop
  endfacet
  facet normal 0 1 0
    outer loop
      vertex 132.925 67.9 11.5058
      vertex 133.608 67.9 10.7797
      vertex 132.748 67.9 11.3566
    endloop
  endfacet
  facet normal 0 1 0
    outer loop
      vertex 132.748 67.9 11.3566
      vertex 133.608 67.9 10.7797
      vertex 132.642 67.9 11.1593
    endloop
  endfacet
  facet normal 0 1 0
    outer loop
      vertex 132.642 67.9 11.1593
      vertex 133.608 67.9 10.7797
      vertex 132.607 67.9 10.9139
    endloop
  endfacet
  facet normal 0 1 0
    outer loop
      vertex 136.902 67.9 11.3617
      vertex 136.2 67.9 9.53986
      vertex 136.754 67.9 11.3098
    endloop
  endfacet
  facet normal 0 1 0
    outer loop
      vertex 134.933 67.9 11.585
      vertex 135.118 67.9 10.5857
      vertex 134.445 67.9 10.7312
    endloop
  endfacet
  facet normal 0 1 0
    outer loop
      vertex 135.806 67.9 11.259
      vertex 135.628 67.9 10.3432
      vertex 135.118 67.9 10.5857
    endloop
  endfacet
  facet normal 0 1 0
    outer loop
      vertex 137.197 67.9 11.4293
      vertex 136.2 67.9 9.53986
      vertex 137.049 67.9 11.4014
    endloop
  endfacet
  facet normal 0 1 0
    outer loop
      vertex 136.606 67.9 11.2456
      vertex 135.986 67.9 9.99687
      vertex 135.628 67.9 10.3432
    endloop
  endfacet
  facet normal 0 1 0
    outer loop
      vertex 136.2 67.9 9.53986
      vertex 138.816 67.9 10.3093
      vertex 138.856 67.9 9.82721
    endloop
  endfacet
  facet normal 0 1 0
    outer loop
      vertex 136.606 67.9 11.2456
      vertex 136.2 67.9 9.53986
      vertex 135.986 67.9 9.99687
    endloop
  endfacet
  facet normal 0 1 0
    outer loop
      vertex 138.856 67.9 9.82721
      vertex 136.271 67.9 8.97217
      vertex 136.2 67.9 9.53986
    endloop
  endfacet
  facet normal 0 1 -0
    outer loop
      vertex 138.856 67.9 7.37938
      vertex 136.271 67.9 8.97217
      vertex 138.856 67.9 9.82721
    endloop
  endfacet
  facet normal 0 1 0
    outer loop
      vertex 136.271 67.9 8.97217
      vertex 138.856 67.9 7.37938
      vertex 136.214 67.9 8.49165
    endloop
  endfacet
  facet normal 0 1 0
    outer loop
      vertex 136.214 67.9 8.49165
      vertex 138.856 67.9 7.37938
      vertex 136.043 67.9 8.07495
    endloop
  endfacet
  facet normal 0 1 0
    outer loop
      vertex 136.043 67.9 8.07495
      vertex 138.856 67.9 7.37938
      vertex 135.756 67.9 7.72203
    endloop
  endfacet
  facet normal 0 1 0
    outer loop
      vertex 135.756 67.9 7.72203
      vertex 138.856 67.9 7.37938
      vertex 135.379 67.9 7.45451
    endloop
  endfacet
  facet normal 0 1 0
    outer loop
      vertex 138.856 67.9 7.37938
      vertex 134.931 67.9 7.29401
      vertex 135.379 67.9 7.45451
    endloop
  endfacet
  facet normal 0 1 0
    outer loop
      vertex 152.427 67.9 7.25345
      vertex 143.09 67.9 7.37938
      vertex 152.026 67.9 7.2923
    endloop
  endfacet
  facet normal 0 1 0
    outer loop
      vertex 134.415 67.9 7.24051
      vertex 143.09 67.9 7.37938
      vertex 152.427 67.9 7.25345
    endloop
  endfacet
  facet normal 0 1 0
    outer loop
      vertex 140.555 67.9 7.37938
      vertex 134.415 67.9 7.24051
      vertex 138.856 67.9 7.37938
    endloop
  endfacet
  facet normal 0 1 0
    outer loop
      vertex 134.415 67.9 7.24051
      vertex 152.427 67.9 7.25345
      vertex 152.829 67.9 7.24051
    endloop
  endfacet
  facet normal 0 1 0
    outer loop
      vertex 138.856 67.9 7.37938
      vertex 134.415 67.9 7.24051
      vertex 134.931 67.9 7.29401
    endloop
  endfacet
  facet normal 0 1 -0
    outer loop
      vertex 104.532 67.9 12.1651
      vertex 102.596 67.9 12.6971
      vertex 104.532 67.9 12.6971
    endloop
  endfacet
  facet normal 0 1 0
    outer loop
      vertex 104.533 67.9 11.8523
      vertex 102.596 67.9 12.6971
      vertex 104.532 67.9 12.1651
    endloop
  endfacet
  facet normal 0 1 0
    outer loop
      vertex 104.534 67.9 11.4905
      vertex 102.596 67.9 12.6971
      vertex 104.533 67.9 11.8523
    endloop
  endfacet
  facet normal 0 1 0
    outer loop
      vertex 102.596 67.9 10.0702
      vertex 104.534 67.9 11.4905
      vertex 104.537 67.9 11.0796
    endloop
  endfacet
  facet normal 0 1 0
    outer loop
      vertex 102.596 67.9 10.0702
      vertex 104.537 67.9 11.0796
      vertex 104.54 67.9 10.6924
    endloop
  endfacet
  facet normal 0 1 0
    outer loop
      vertex 102.596 67.9 10.0702
      vertex 104.54 67.9 10.6924
      vertex 104.541 67.9 10.4018
    endloop
  endfacet
  facet normal 0 1 0
    outer loop
      vertex 102.596 67.9 10.0702
      vertex 104.541 67.9 10.4018
      vertex 104.542 67.9 10.2079
    endloop
  endfacet
  facet normal 0 1 0
    outer loop
      vertex 104.534 67.9 11.4905
      vertex 102.596 67.9 10.0702
      vertex 102.596 67.9 12.6971
    endloop
  endfacet
  facet normal 0 1 -0
    outer loop
      vertex 104.538 67.9 9.82021
      vertex 102.596 67.9 10.0702
      vertex 104.542 67.9 10.2079
    endloop
  endfacet
  facet normal 0 1 0
    outer loop
      vertex 104.538 67.9 9.82021
      vertex 102.629 67.9 9.621
      vertex 102.596 67.9 10.0702
    endloop
  endfacet
  facet normal 0 1 -0
    outer loop
      vertex 104.527 67.9 9.51222
      vertex 102.629 67.9 9.621
      vertex 104.538 67.9 9.82021
    endloop
  endfacet
  facet normal 0 1 0
    outer loop
      vertex 102.899 67.9 8.93478
      vertex 104.527 67.9 9.51222
      vertex 104.509 67.9 9.28394
    endloop
  endfacet
  facet normal 0 1 0
    outer loop
      vertex 104.527 67.9 9.51222
      vertex 102.731 67.9 9.24254
      vertex 102.629 67.9 9.621
    endloop
  endfacet
  facet normal 0 1 0
    outer loop
      vertex 103.735 67.9 8.52626
      vertex 104.509 67.9 9.28394
      vertex 104.481 67.9 9.11266
    endloop
  endfacet
  facet normal 0 1 0
    outer loop
      vertex 103.875 67.9 8.53629
      vertex 104.481 67.9 9.11266
      vertex 104.443 67.9 8.97569
    endloop
  endfacet
  facet normal 0 1 0
    outer loop
      vertex 104.527 67.9 9.51222
      vertex 102.899 67.9 8.93478
      vertex 102.731 67.9 9.24254
    endloop
  endfacet
  facet normal 0 1 0
    outer loop
      vertex 104.318 67.9 8.77065
      vertex 104.443 67.9 8.97569
      vertex 104.395 67.9 8.87305
    endloop
  endfacet
  facet normal 0 1 0
    outer loop
      vertex 104.443 67.9 8.97569
      vertex 104.318 67.9 8.77065
      vertex 103.875 67.9 8.53629
    endloop
  endfacet
  facet normal 0 1 0
    outer loop
      vertex 104.509 67.9 9.28394
      vertex 103.127 67.9 8.70782
      vertex 102.899 67.9 8.93478
    endloop
  endfacet
  facet normal 0 1 0
    outer loop
      vertex 103.875 67.9 8.53629
      vertex 104.318 67.9 8.77065
      vertex 104.227 67.9 8.68513
    endloop
  endfacet
  facet normal 0 1 0
    outer loop
      vertex 103.875 67.9 8.53629
      vertex 104.227 67.9 8.68513
      vertex 104.122 67.9 8.61649
    endloop
  endfacet
  facet normal 0 1 0
    outer loop
      vertex 104.509 67.9 9.28394
      vertex 103.406 67.9 8.57166
      vertex 103.127 67.9 8.70782
    endloop
  endfacet
  facet normal 0 1 0
    outer loop
      vertex 103.875 67.9 8.53629
      vertex 104.122 67.9 8.61649
      vertex 104.004 67.9 8.56636
    endloop
  endfacet
  facet normal 0 1 0
    outer loop
      vertex 104.481 67.9 9.11266
      vertex 103.875 67.9 8.53629
      vertex 103.735 67.9 8.52626
    endloop
  endfacet
  facet normal 0 1 0
    outer loop
      vertex 104.509 67.9 9.28394
      vertex 103.735 67.9 8.52626
      vertex 103.406 67.9 8.57166
    endloop
  endfacet
  facet normal 0 1 -0
    outer loop
      vertex 108.626 67.9 12.487
      vertex 106.241 67.9 12.6971
      vertex 109.295 67.9 12.7387
    endloop
  endfacet
  facet normal 0 1 -0
    outer loop
      vertex 108.069 67.9 12.0676
      vertex 106.241 67.9 12.6971
      vertex 108.626 67.9 12.487
    endloop
  endfacet
  facet normal 0 1 -0
    outer loop
      vertex 107.651 67.9 11.5078
      vertex 106.241 67.9 12.6971
      vertex 108.069 67.9 12.0676
    endloop
  endfacet
  facet normal 0 1 -0
    outer loop
      vertex 107.4 67.9 10.8351
      vertex 106.241 67.9 12.6971
      vertex 107.651 67.9 11.5078
    endloop
  endfacet
  facet normal 0 1 0
    outer loop
      vertex 106.241 67.9 9.44781
      vertex 107.4 67.9 10.8351
      vertex 107.317 67.9 10.0495
    endloop
  endfacet
  facet normal 0 1 0
    outer loop
      vertex 106.241 67.9 9.44781
      vertex 107.317 67.9 10.0495
      vertex 107.317 67.9 9.56563
    endloop
  endfacet
  facet normal 0 1 0
    outer loop
      vertex 107.4 67.9 10.8351
      vertex 106.241 67.9 9.44781
      vertex 106.241 67.9 12.6971
    endloop
  endfacet
  facet normal 0 1 -0
    outer loop
      vertex 141.486 67.9 11.483
      vertex 140.555 67.9 12.6971
      vertex 141.486 67.9 12.6971
    endloop
  endfacet
  facet normal 0 1 0
    outer loop
      vertex 142.765 67.9 8.60799
      vertex 143.238 67.9 9.22556
      vertex 143.221 67.9 9.00508
    endloop
  endfacet
  facet normal 0 1 0
    outer loop
      vertex 141.633 67.9 8.59346
      vertex 143.238 67.9 9.22556
      vertex 142.506 67.9 8.59346
    endloop
  endfacet
  facet normal 0 1 0
    outer loop
      vertex 142.96 67.9 8.65155
      vertex 143.221 67.9 9.00508
      vertex 143.172 67.9 8.83795
    endloop
  endfacet
  facet normal 0 1 0
    outer loop
      vertex 142.96 67.9 8.65155
      vertex 143.172 67.9 8.83795
      vertex 143.09 67.9 8.72415
    endloop
  endfacet
  facet normal 0 1 0
    outer loop
      vertex 143.221 67.9 9.00508
      vertex 142.96 67.9 8.65155
      vertex 142.765 67.9 8.60799
    endloop
  endfacet
  facet normal 0 1 0
    outer loop
      vertex 143.238 67.9 9.22556
      vertex 142.765 67.9 8.60799
      vertex 142.506 67.9 8.59346
    endloop
  endfacet
  facet normal 0 1 0
    outer loop
      vertex 143.238 67.9 9.22556
      vertex 141.633 67.9 8.59346
      vertex 141.486 67.9 11.483
    endloop
  endfacet
  facet normal 0 1 0
    outer loop
      vertex 140.555 67.9 7.37938
      vertex 141.486 67.9 11.483
      vertex 141.633 67.9 8.59346
    endloop
  endfacet
  facet normal 0 1 0
    outer loop
      vertex 140.555 67.9 7.37938
      vertex 141.633 67.9 8.59346
      vertex 141.633 67.9 7.37938
    endloop
  endfacet
  facet normal 0 1 0
    outer loop
      vertex 141.486 67.9 11.483
      vertex 140.555 67.9 7.37938
      vertex 140.555 67.9 12.6971
    endloop
  endfacet
  facet normal 0 1 -0
    outer loop
      vertex 150.919 67.9 12.0676
      vertex 144.937 67.9 14.2069
      vertex 151.476 67.9 12.487
    endloop
  endfacet
  facet normal 0 1 0
    outer loop
      vertex 144.937 67.9 14.2069
      vertex 150.919 67.9 12.0676
      vertex 145.782 67.9 12.6971
    endloop
  endfacet
  facet normal 0 1 0
    outer loop
      vertex 149.324 67.9 10.8693
      vertex 150.919 67.9 12.0676
      vertex 150.501 67.9 11.5078
    endloop
  endfacet
  facet normal 0 1 0
    outer loop
      vertex 150.919 67.9 12.0676
      vertex 149.324 67.9 10.8693
      vertex 145.782 67.9 12.6971
    endloop
  endfacet
  facet normal 0 1 0
    outer loop
      vertex 145.782 67.9 12.6971
      vertex 146.343 67.9 10.8693
      vertex 145.782 67.9 11.483
    endloop
  endfacet
  facet normal 0 1 -0
    outer loop
      vertex 146.343 67.9 10.8693
      vertex 145.782 67.9 12.6971
      vertex 149.324 67.9 10.8693
    endloop
  endfacet
  facet normal 0 1 -0
    outer loop
      vertex 150.25 67.9 10.8351
      vertex 149.324 67.9 10.8693
      vertex 150.501 67.9 11.5078
    endloop
  endfacet
  facet normal 0 1 -0
    outer loop
      vertex 150.166 67.9 10.0495
      vertex 149.324 67.9 10.8693
      vertex 150.25 67.9 10.8351
    endloop
  endfacet
  facet normal 0 1 0
    outer loop
      vertex 149.324 67.9 9.48946
      vertex 150.166 67.9 10.0495
      vertex 150.166 67.9 9.56563
    endloop
  endfacet
  facet normal 0 1 0
    outer loop
      vertex 150.166 67.9 10.0495
      vertex 149.324 67.9 9.48946
      vertex 149.324 67.9 10.8693
    endloop
  endfacet
  facet normal 0 1 0
    outer loop
      vertex 124.14 67.9 14.7669
      vertex 110.926 67.9 12.7398
      vertex 110.074 67.9 12.8226
    endloop
  endfacet
  facet normal 0 1 0
    outer loop
      vertex 124.14 67.9 14.7669
      vertex 119.341 67.9 12.7387
      vertex 110.926 67.9 12.7398
    endloop
  endfacet
  facet normal 0 1 0
    outer loop
      vertex 119.341 67.9 12.7387
      vertex 111.647 67.9 12.4914
      vertex 110.926 67.9 12.7398
    endloop
  endfacet
  facet normal 0 1 -0
    outer loop
      vertex 118.672 67.9 12.487
      vertex 111.647 67.9 12.4914
      vertex 119.341 67.9 12.7387
    endloop
  endfacet
  facet normal 0 1 0
    outer loop
      vertex 118.672 67.9 12.487
      vertex 112.237 67.9 12.0773
      vertex 111.647 67.9 12.4914
    endloop
  endfacet
  facet normal 0 1 -0
    outer loop
      vertex 118.115 67.9 12.0676
      vertex 112.237 67.9 12.0773
      vertex 118.672 67.9 12.487
    endloop
  endfacet
  facet normal 0 1 0
    outer loop
      vertex 118.115 67.9 12.0676
      vertex 112.673 67.9 11.5188
      vertex 112.237 67.9 12.0773
    endloop
  endfacet
  facet normal 0 1 -0
    outer loop
      vertex 117.697 67.9 11.5078
      vertex 112.673 67.9 11.5188
      vertex 118.115 67.9 12.0676
    endloop
  endfacet
  facet normal 0 1 0
    outer loop
      vertex 117.697 67.9 11.5078
      vertex 112.935 67.9 10.8369
      vertex 112.673 67.9 11.5188
    endloop
  endfacet
  facet normal 0 1 -0
    outer loop
      vertex 117.446 67.9 10.8351
      vertex 112.935 67.9 10.8369
      vertex 117.697 67.9 11.5078
    endloop
  endfacet
  facet normal 0 1 0
    outer loop
      vertex 116.055 67.9 9.21619
      vertex 117.446 67.9 10.8351
      vertex 117.363 67.9 10.0495
    endloop
  endfacet
  facet normal 0 1 0
    outer loop
      vertex 117.446 67.9 10.8351
      vertex 116.055 67.9 9.21619
      vertex 112.935 67.9 10.8369
    endloop
  endfacet
  facet normal 0 1 0
    outer loop
      vertex 116.055 67.9 9.21619
      vertex 117.363 67.9 10.0495
      vertex 117.363 67.9 9.56563
    endloop
  endfacet
  facet normal 0 1 0
    outer loop
      vertex 112.935 67.9 10.8369
      vertex 116.055 67.9 9.21619
      vertex 114.346 67.9 9.21619
    endloop
  endfacet
  facet normal 0 1 0
    outer loop
      vertex 112.935 67.9 10.8369
      vertex 114.346 67.9 9.21619
      vertex 113.022 67.9 10.0315
    endloop
  endfacet
  facet normal 0 1 0
    outer loop
      vertex 114.346 67.9 9.21619
      vertex 112.933 67.9 9.21431
      vertex 113.022 67.9 10.0315
    endloop
  endfacet
  facet normal 0 1 0
    outer loop
      vertex 114.346 67.9 9.21619
      vertex 112.667 67.9 8.52841
      vertex 112.933 67.9 9.21431
    endloop
  endfacet
  facet normal 0 1 -0
    outer loop
      vertex 114.346 67.9 7.37938
      vertex 112.667 67.9 8.52841
      vertex 114.346 67.9 9.21619
    endloop
  endfacet
  facet normal 0 1 0
    outer loop
      vertex 112.667 67.9 8.52841
      vertex 114.346 67.9 7.37938
      vertex 112.222 67.9 7.97382
    endloop
  endfacet
  facet normal 0 1 0
    outer loop
      vertex 112.222 67.9 7.97382
      vertex 114.346 67.9 7.37938
      vertex 111.618 67.9 7.56642
    endloop
  endfacet
  facet normal 0 1 0
    outer loop
      vertex 114.346 67.9 7.37938
      vertex 110.87 67.9 7.32198
      vertex 111.618 67.9 7.56642
    endloop
  endfacet
  facet normal 0 1 0
    outer loop
      vertex 119.624 67.9 7.25345
      vertex 116.055 67.9 7.37938
      vertex 119.222 67.9 7.2923
    endloop
  endfacet
  facet normal 0 1 0
    outer loop
      vertex 116.055 67.9 7.37938
      vertex 119.624 67.9 7.25345
      vertex 114.346 67.9 7.37938
    endloop
  endfacet
  facet normal 0 1 0
    outer loop
      vertex 109.98 67.9 7.24051
      vertex 114.346 67.9 7.37938
      vertex 119.624 67.9 7.25345
    endloop
  endfacet
  facet normal 0 1 0
    outer loop
      vertex 109.98 67.9 7.24051
      vertex 119.624 67.9 7.25345
      vertex 120.026 67.9 7.24051
    endloop
  endfacet
  facet normal 0 1 0
    outer loop
      vertex 114.346 67.9 7.37938
      vertex 109.98 67.9 7.24051
      vertex 110.87 67.9 7.32198
    endloop
  endfacet
  facet normal 0 1 0
    outer loop
      vertex 124.14 67.9 14.7669
      vertex 120.973 67.9 12.7398
      vertex 120.121 67.9 12.8226
    endloop
  endfacet
  facet normal 0 1 0
    outer loop
      vertex 124.14 67.9 14.7669
      vertex 121.693 67.9 12.4914
      vertex 120.973 67.9 12.7398
    endloop
  endfacet
  facet normal 0 1 0
    outer loop
      vertex 124.14 67.9 14.7669
      vertex 122.283 67.9 12.0773
      vertex 121.693 67.9 12.4914
    endloop
  endfacet
  facet normal 0 1 0
    outer loop
      vertex 124.14 67.9 14.7669
      vertex 122.719 67.9 11.5188
      vertex 122.283 67.9 12.0773
    endloop
  endfacet
  facet normal 0 1 0
    outer loop
      vertex 124.14 67.9 14.7669
      vertex 122.981 67.9 10.8369
      vertex 122.719 67.9 11.5188
    endloop
  endfacet
  facet normal 0 1 0
    outer loop
      vertex 124.14 67.9 14.7669
      vertex 123.068 67.9 10.0315
      vertex 122.981 67.9 10.8369
    endloop
  endfacet
  facet normal 0 1 -0
    outer loop
      vertex 124.14 67.9 7.37938
      vertex 123.068 67.9 10.0315
      vertex 124.14 67.9 14.7669
    endloop
  endfacet
  facet normal 0 1 0
    outer loop
      vertex 123.068 67.9 10.0315
      vertex 124.14 67.9 7.37938
      vertex 122.979 67.9 9.21431
    endloop
  endfacet
  facet normal 0 1 0
    outer loop
      vertex 124.14 67.9 7.37938
      vertex 122.713 67.9 8.52841
      vertex 122.979 67.9 9.21431
    endloop
  endfacet
  facet normal 0 1 0
    outer loop
      vertex 124.14 67.9 7.37938
      vertex 122.268 67.9 7.97382
      vertex 122.713 67.9 8.52841
    endloop
  endfacet
  facet normal 0 1 0
    outer loop
      vertex 124.14 67.9 7.37938
      vertex 121.664 67.9 7.56642
      vertex 122.268 67.9 7.97382
    endloop
  endfacet
  facet normal 0 1 0
    outer loop
      vertex 124.14 67.9 7.37938
      vertex 120.916 67.9 7.32198
      vertex 121.664 67.9 7.56642
    endloop
  endfacet
  facet normal 0 1 0
    outer loop
      vertex 125.849 67.9 7.37938
      vertex 127.245 67.9 7.26471
      vertex 124.14 67.9 7.37938
    endloop
  endfacet
  facet normal 0 1 0
    outer loop
      vertex 120.026 67.9 7.24051
      vertex 124.14 67.9 7.37938
      vertex 127.245 67.9 7.26471
    endloop
  endfacet
  facet normal 0 1 0
    outer loop
      vertex 120.026 67.9 7.24051
      vertex 127.245 67.9 7.26471
      vertex 127.6 67.9 7.24051
    endloop
  endfacet
  facet normal 0 1 0
    outer loop
      vertex 124.14 67.9 7.37938
      vertex 120.026 67.9 7.24051
      vertex 120.916 67.9 7.32198
    endloop
  endfacet
  facet normal 0 1 -0
    outer loop
      vertex 132.046 67.9 12.5702
      vertex 125.849 67.9 14.7669
      vertex 132.738 67.9 12.7595
    endloop
  endfacet
  facet normal 0 1 0
    outer loop
      vertex 125.849 67.9 14.7669
      vertex 128.216 67.9 12.7358
      vertex 127.6 67.9 12.8226
    endloop
  endfacet
  facet normal 0 1 0
    outer loop
      vertex 125.849 67.9 14.7669
      vertex 132.046 67.9 12.5702
      vertex 128.216 67.9 12.7358
    endloop
  endfacet
  facet normal 0 1 0
    outer loop
      vertex 132.046 67.9 12.5702
      vertex 128.754 67.9 12.4755
      vertex 128.216 67.9 12.7358
    endloop
  endfacet
  facet normal 0 1 -0
    outer loop
      vertex 131.532 67.9 12.2548
      vertex 128.754 67.9 12.4755
      vertex 132.046 67.9 12.5702
    endloop
  endfacet
  facet normal 0 1 0
    outer loop
      vertex 131.532 67.9 12.2548
      vertex 129.214 67.9 12.0417
      vertex 128.754 67.9 12.4755
    endloop
  endfacet
  facet normal 0 1 -0
    outer loop
      vertex 131.177 67.9 11.7973
      vertex 129.214 67.9 12.0417
      vertex 131.532 67.9 12.2548
    endloop
  endfacet
  facet normal 0 1 0
    outer loop
      vertex 131.177 67.9 11.7973
      vertex 129.565 67.9 11.4713
      vertex 129.214 67.9 12.0417
    endloop
  endfacet
  facet normal 0 1 -0
    outer loop
      vertex 130.964 67.9 11.1821
      vertex 129.565 67.9 11.4713
      vertex 131.177 67.9 11.7973
    endloop
  endfacet
  facet normal 0 1 0
    outer loop
      vertex 130.964 67.9 11.1821
      vertex 129.775 67.9 10.8013
      vertex 129.565 67.9 11.4713
    endloop
  endfacet
  facet normal 0 1 -0
    outer loop
      vertex 130.893 67.9 10.4089
      vertex 129.775 67.9 10.8013
      vertex 130.964 67.9 11.1821
    endloop
  endfacet
  facet normal 0 1 0
    outer loop
      vertex 130.893 67.9 10.4089
      vertex 129.846 67.9 10.0315
      vertex 129.775 67.9 10.8013
    endloop
  endfacet
  facet normal 0 1 0
    outer loop
      vertex 130.893 67.9 10.4089
      vertex 129.775 67.9 9.26178
      vertex 129.846 67.9 10.0315
    endloop
  endfacet
  facet normal 0 1 -0
    outer loop
      vertex 130.893 67.9 7.37938
      vertex 129.775 67.9 9.26178
      vertex 130.893 67.9 10.4089
    endloop
  endfacet
  facet normal 0 1 0
    outer loop
      vertex 129.775 67.9 9.26178
      vertex 130.893 67.9 7.37938
      vertex 129.565 67.9 8.59169
    endloop
  endfacet
  facet normal 0 1 0
    outer loop
      vertex 129.565 67.9 8.59169
      vertex 130.893 67.9 7.37938
      vertex 129.214 67.9 8.02129
    endloop
  endfacet
  facet normal 0 1 0
    outer loop
      vertex 130.893 67.9 7.37938
      vertex 128.754 67.9 7.58751
      vertex 129.214 67.9 8.02129
    endloop
  endfacet
  facet normal 0 1 0
    outer loop
      vertex 130.893 67.9 7.37938
      vertex 128.216 67.9 7.32726
      vertex 128.754 67.9 7.58751
    endloop
  endfacet
  facet normal 0 1 0
    outer loop
      vertex 132.607 67.9 7.37938
      vertex 134.028 67.9 7.26508
      vertex 130.893 67.9 7.37938
    endloop
  endfacet
  facet normal 0 1 0
    outer loop
      vertex 127.6 67.9 7.24051
      vertex 130.893 67.9 7.37938
      vertex 134.028 67.9 7.26508
    endloop
  endfacet
  facet normal 0 1 0
    outer loop
      vertex 127.6 67.9 7.24051
      vertex 134.028 67.9 7.26508
      vertex 134.415 67.9 7.24051
    endloop
  endfacet
  facet normal 0 1 0
    outer loop
      vertex 130.893 67.9 7.37938
      vertex 127.6 67.9 7.24051
      vertex 128.216 67.9 7.32726
    endloop
  endfacet
  facet normal 0 1 0
    outer loop
      vertex 133.976 67.9 12.815
      vertex 143.238 67.9 14.2069
      vertex 136.965 67.9 12.8195
    endloop
  endfacet
  facet normal 0 1 0
    outer loop
      vertex 143.238 67.9 14.2069
      vertex 133.976 67.9 12.815
      vertex 125.849 67.9 14.7669
    endloop
  endfacet
  facet normal 0 1 0
    outer loop
      vertex 133.976 67.9 12.815
      vertex 136.965 67.9 12.8195
      vertex 136.9 67.9 12.8156
    endloop
  endfacet
  facet normal 0 1 0
    outer loop
      vertex 125.849 67.9 14.7669
      vertex 133.976 67.9 12.815
      vertex 133.608 67.9 12.8226
    endloop
  endfacet
  facet normal 0 1 0
    outer loop
      vertex 134.343 67.9 12.7922
      vertex 136.9 67.9 12.8156
      vertex 136.823 67.9 12.8091
    endloop
  endfacet
  facet normal 0 1 0
    outer loop
      vertex 134.343 67.9 12.7922
      vertex 136.823 67.9 12.8091
      vertex 136.727 67.9 12.7991
    endloop
  endfacet
  facet normal 0 1 0
    outer loop
      vertex 136.9 67.9 12.8156
      vertex 134.343 67.9 12.7922
      vertex 133.976 67.9 12.815
    endloop
  endfacet
  facet normal 0 1 -0
    outer loop
      vertex 136.61 67.9 12.7854
      vertex 134.343 67.9 12.7922
      vertex 136.727 67.9 12.7991
    endloop
  endfacet
  facet normal 0 1 0
    outer loop
      vertex 136.61 67.9 12.7854
      vertex 134.71 67.9 12.7542
      vertex 134.343 67.9 12.7922
    endloop
  endfacet
  facet normal 0 1 0
    outer loop
      vertex 136.61 67.9 12.7854
      vertex 135.076 67.9 12.7015
      vertex 134.71 67.9 12.7542
    endloop
  endfacet
  facet normal 0 1 0
    outer loop
      vertex 136.61 67.9 12.7854
      vertex 135.442 67.9 12.6347
      vertex 135.076 67.9 12.7015
    endloop
  endfacet
  facet normal 0 1 0
    outer loop
      vertex 136.61 67.9 12.7854
      vertex 135.806 67.9 12.5538
      vertex 135.442 67.9 12.6347
    endloop
  endfacet
  facet normal 0 1 -0
    outer loop
      vertex 136.606 67.9 11.2456
      vertex 135.806 67.9 12.5538
      vertex 136.61 67.9 12.7854
    endloop
  endfacet
  facet normal 0 1 0
    outer loop
      vertex 135.806 67.9 12.5538
      vertex 136.606 67.9 11.2456
      vertex 135.806 67.9 11.259
    endloop
  endfacet
  facet normal 0 1 0
    outer loop
      vertex 143.238 67.9 14.2069
      vertex 137.462 67.9 12.7959
      vertex 137.085 67.9 12.8226
    endloop
  endfacet
  facet normal 0 1 -0
    outer loop
      vertex 138.856 67.9 12.6971
      vertex 137.462 67.9 12.7959
      vertex 143.238 67.9 14.2069
    endloop
  endfacet
  facet normal 0 1 0
    outer loop
      vertex 141.486 67.9 12.6971
      vertex 143.238 67.9 14.2069
      vertex 143.238 67.9 12.6971
    endloop
  endfacet
  facet normal 0 1 0
    outer loop
      vertex 140.555 67.9 12.6971
      vertex 143.238 67.9 14.2069
      vertex 141.486 67.9 12.6971
    endloop
  endfacet
  facet normal 0 1 0
    outer loop
      vertex 138.856 67.9 12.6971
      vertex 143.238 67.9 14.2069
      vertex 140.555 67.9 12.6971
    endloop
  endfacet
  facet normal 0 1 0
    outer loop
      vertex 137.462 67.9 12.7959
      vertex 138.856 67.9 12.6971
      vertex 137.801 67.9 12.7158
    endloop
  endfacet
  facet normal 0 1 0
    outer loop
      vertex 138.856 67.9 12.6971
      vertex 138.103 67.9 12.5824
      vertex 137.801 67.9 12.7158
    endloop
  endfacet
  facet normal 0 1 0
    outer loop
      vertex 138.856 67.9 12.6971
      vertex 138.376 67.9 12.3908
      vertex 138.103 67.9 12.5824
    endloop
  endfacet
  facet normal 0 1 0
    outer loop
      vertex 138.856 67.9 12.6971
      vertex 138.626 67.9 12.1364
      vertex 138.376 67.9 12.3908
    endloop
  endfacet
  facet normal -0 1 0
    outer loop
      vertex 138.626 67.9 12.1364
      vertex 138.856 67.9 12.6971
      vertex 138.856 67.9 11.819
    endloop
  endfacet
  facet normal 0 1 0
    outer loop
      vertex 161.533 67.9 14.7669
      vertex 166.376 67.9 12.7403
      vertex 165.525 67.9 12.8226
    endloop
  endfacet
  facet normal 0 1 0
    outer loop
      vertex 161.533 67.9 14.7669
      vertex 170.775 67.9 12.7358
      vertex 166.376 67.9 12.7403
    endloop
  endfacet
  facet normal 0 1 0
    outer loop
      vertex 170.775 67.9 12.7358
      vertex 167.094 67.9 12.4934
      vertex 166.376 67.9 12.7403
    endloop
  endfacet
  facet normal 0 1 -0
    outer loop
      vertex 170.237 67.9 12.4755
      vertex 167.094 67.9 12.4934
      vertex 170.775 67.9 12.7358
    endloop
  endfacet
  facet normal 0 1 0
    outer loop
      vertex 170.237 67.9 12.4755
      vertex 167.678 67.9 12.082
      vertex 167.094 67.9 12.4934
    endloop
  endfacet
  facet normal 0 1 -0
    outer loop
      vertex 169.777 67.9 12.0417
      vertex 167.678 67.9 12.082
      vertex 170.237 67.9 12.4755
    endloop
  endfacet
  facet normal 0 1 0
    outer loop
      vertex 169.777 67.9 12.0417
      vertex 168.109 67.9 11.5251
      vertex 167.678 67.9 12.082
    endloop
  endfacet
  facet normal 0 1 -0
    outer loop
      vertex 169.426 67.9 11.4713
      vertex 168.109 67.9 11.5251
      vertex 169.777 67.9 12.0417
    endloop
  endfacet
  facet normal 0 1 0
    outer loop
      vertex 169.426 67.9 11.4713
      vertex 168.368 67.9 10.8416
      vertex 168.109 67.9 11.5251
    endloop
  endfacet
  facet normal 0 1 -0
    outer loop
      vertex 169.216 67.9 10.8013
      vertex 168.368 67.9 10.8416
      vertex 169.426 67.9 11.4713
    endloop
  endfacet
  facet normal 0 1 0
    outer loop
      vertex 168.454 67.9 10.0315
      vertex 169.216 67.9 10.8013
      vertex 169.146 67.9 10.0315
    endloop
  endfacet
  facet normal 0 1 0
    outer loop
      vertex 169.216 67.9 10.8013
      vertex 168.454 67.9 10.0315
      vertex 168.368 67.9 10.8416
    endloop
  endfacet
  facet normal 0 1 0
    outer loop
      vertex 169.216 67.9 9.26178
      vertex 168.454 67.9 10.0315
      vertex 169.146 67.9 10.0315
    endloop
  endfacet
  facet normal 0 1 0
    outer loop
      vertex 169.216 67.9 9.26178
      vertex 168.368 67.9 9.22145
      vertex 168.454 67.9 10.0315
    endloop
  endfacet
  facet normal 0 1 0
    outer loop
      vertex 169.426 67.9 8.59169
      vertex 168.368 67.9 9.22145
      vertex 169.216 67.9 9.26178
    endloop
  endfacet
  facet normal 0 1 0
    outer loop
      vertex 169.426 67.9 8.59169
      vertex 168.109 67.9 8.53793
      vertex 168.368 67.9 9.22145
    endloop
  endfacet
  facet normal 0 1 0
    outer loop
      vertex 169.777 67.9 8.02129
      vertex 168.109 67.9 8.53793
      vertex 169.426 67.9 8.59169
    endloop
  endfacet
  facet normal 0 1 0
    outer loop
      vertex 169.777 67.9 8.02129
      vertex 167.678 67.9 7.98096
      vertex 168.109 67.9 8.53793
    endloop
  endfacet
  facet normal 0 1 0
    outer loop
      vertex 170.237 67.9 7.58751
      vertex 167.678 67.9 7.98096
      vertex 169.777 67.9 8.02129
    endloop
  endfacet
  facet normal 0 1 0
    outer loop
      vertex 170.237 67.9 7.58751
      vertex 167.094 67.9 7.5696
      vertex 167.678 67.9 7.98096
    endloop
  endfacet
  facet normal 0 1 0
    outer loop
      vertex 170.775 67.9 7.32726
      vertex 167.094 67.9 7.5696
      vertex 170.237 67.9 7.58751
    endloop
  endfacet
  facet normal 0 1 0
    outer loop
      vertex 173.152 67.9 5.3589
      vertex 167.094 67.9 7.5696
      vertex 170.775 67.9 7.32726
    endloop
  endfacet
  facet normal 0 1 0
    outer loop
      vertex 173.152 67.9 5.3589
      vertex 170.775 67.9 7.32726
      vertex 171.391 67.9 7.24051
    endloop
  endfacet
  facet normal 0 1 0
    outer loop
      vertex 167.094 67.9 7.5696
      vertex 173.152 67.9 5.3589
      vertex 166.376 67.9 7.32277
    endloop
  endfacet
  facet normal 0 1 0
    outer loop
      vertex 143.238 67.9 14.2069
      vertex 184.309 67.9 64.4945
      vertex 144.937 67.9 14.2069
    endloop
  endfacet
  facet normal 0 1 0
    outer loop
      vertex 159.833 67.9 14.7669
      vertex 152.924 67.9 12.8226
      vertex 144.937 67.9 14.2069
    endloop
  endfacet
  facet normal 0 1 0
    outer loop
      vertex 159.833 67.9 14.7669
      vertex 153.776 67.9 12.7398
      vertex 152.924 67.9 12.8226
    endloop
  endfacet
  facet normal 0 1 0
    outer loop
      vertex 155.903 67.9 12.6971
      vertex 159.833 67.9 14.7669
      vertex 157.877 67.9 12.6971
    endloop
  endfacet
  facet normal -0 1 0
    outer loop
      vertex 157.877 67.9 12.6971
      vertex 159.833 67.9 14.7669
      vertex 159.833 67.9 10.7457
    endloop
  endfacet
  facet normal 0 1 0
    outer loop
      vertex 159.833 67.9 14.7669
      vertex 184.309 67.9 64.4945
      vertex 161.533 67.9 14.7669
    endloop
  endfacet
  facet normal 0 1 0
    outer loop
      vertex 184.309 67.9 64.4945
      vertex 171.391 67.9 12.8226
      vertex 161.533 67.9 14.7669
    endloop
  endfacet
  facet normal 0 1 0
    outer loop
      vertex 184.309 67.9 64.4945
      vertex 171.747 67.9 12.7981
      vertex 171.391 67.9 12.8226
    endloop
  endfacet
  facet normal 0 1 -0
    outer loop
      vertex 174.852 67.9 12.6971
      vertex 171.747 67.9 12.7981
      vertex 184.309 67.9 64.4945
    endloop
  endfacet
  facet normal 0 1 0
    outer loop
      vertex 171.747 67.9 12.7981
      vertex 174.852 67.9 12.6971
      vertex 173.152 67.9 12.6971
    endloop
  endfacet
  facet normal 0 1 -0
    outer loop
      vertex 184.309 67.9 2
      vertex 174.852 67.9 12.6971
      vertex 184.309 67.9 64.4945
    endloop
  endfacet
  facet normal 0 1 0
    outer loop
      vertex 174.852 67.9 5.3589
      vertex 184.309 67.9 2
      vertex 173.152 67.9 5.3589
    endloop
  endfacet
  facet normal 0 1 0
    outer loop
      vertex 174.852 67.9 12.6971
      vertex 184.309 67.9 2
      vertex 174.852 67.9 5.3589
    endloop
  endfacet
  facet normal 0 1 0
    outer loop
      vertex 144.937 67.9 14.2069
      vertex 184.309 67.9 64.4945
      vertex 159.833 67.9 14.7669
    endloop
  endfacet
  facet normal 0 1 0
    outer loop
      vertex 124.14 67.9 14.7669
      vertex 184.309 67.9 64.4945
      vertex 125.849 67.9 14.7669
    endloop
  endfacet
  facet normal 0 1 0
    outer loop
      vertex 184.309 67.9 64.4945
      vertex 124.14 67.9 14.7669
      vertex 91.6 67.9 15.2
    endloop
  endfacet
  facet normal 0 1 0
    outer loop
      vertex 119.341 67.9 12.7387
      vertex 124.14 67.9 14.7669
      vertex 120.121 67.9 12.8226
    endloop
  endfacet
  facet normal 0 1 0
    outer loop
      vertex 124.14 67.9 14.7669
      vertex 110.074 67.9 12.8226
      vertex 91.6 67.9 15.2
    endloop
  endfacet
  facet normal 0 1 0
    outer loop
      vertex 106.241 67.9 12.6971
      vertex 110.074 67.9 12.8226
      vertex 109.295 67.9 12.7387
    endloop
  endfacet
  facet normal 0 1 0
    outer loop
      vertex 110.074 67.9 12.8226
      vertex 106.241 67.9 12.6971
      vertex 91.6 67.9 15.2
    endloop
  endfacet
  facet normal 0 1 -0
    outer loop
      vertex 104.532 67.9 12.6971
      vertex 91.6 67.9 15.2
      vertex 106.241 67.9 12.6971
    endloop
  endfacet
  facet normal 0 1 -0
    outer loop
      vertex 102.596 67.9 12.6971
      vertex 91.6 67.9 15.2
      vertex 104.532 67.9 12.6971
    endloop
  endfacet
  facet normal 0 1 -0
    outer loop
      vertex 100.896 67.9 12.6971
      vertex 91.6 67.9 15.2
      vertex 102.596 67.9 12.6971
    endloop
  endfacet
  facet normal 0 1 -0
    outer loop
      vertex 100.896 67.9 7.37938
      vertex 91.6 67.9 15.2
      vertex 100.896 67.9 12.6971
    endloop
  endfacet
  facet normal 0 1 0
    outer loop
      vertex 91.6 67.9 2
      vertex 102.596 67.9 7.37938
      vertex 104.021 67.9 7.26498
    endloop
  endfacet
  facet normal 0 1 0
    outer loop
      vertex 91.6 67.9 2
      vertex 104.021 67.9 7.26498
      vertex 104.357 67.9 7.24051
    endloop
  endfacet
  facet normal 0 1 0
    outer loop
      vertex 127.6 67.9 7.24051
      vertex 91.6 67.9 2
      vertex 120.026 67.9 7.24051
    endloop
  endfacet
  facet normal 0 1 0
    outer loop
      vertex 109.98 67.9 7.24051
      vertex 91.6 67.9 2
      vertex 104.357 67.9 7.24051
    endloop
  endfacet
  facet normal 0 1 0
    outer loop
      vertex 100.896 67.9 7.37938
      vertex 91.6 67.9 2
      vertex 91.6 67.9 15.2
    endloop
  endfacet
  facet normal 0 1 0
    outer loop
      vertex 102.596 67.9 7.37938
      vertex 91.6 67.9 2
      vertex 100.896 67.9 7.37938
    endloop
  endfacet
  facet normal 0 1 0
    outer loop
      vertex 184.309 67.9 64.4945
      vertex 143.238 67.9 14.2069
      vertex 125.849 67.9 14.7669
    endloop
  endfacet
  facet normal 0 1 0
    outer loop
      vertex 137.026 67.9 12.8218
      vertex 143.238 67.9 14.2069
      vertex 137.085 67.9 12.8226
    endloop
  endfacet
  facet normal 0 1 0
    outer loop
      vertex 136.965 67.9 12.8195
      vertex 143.238 67.9 14.2069
      vertex 137.026 67.9 12.8218
    endloop
  endfacet
  facet normal 0 1 -0
    outer loop
      vertex 132.738 67.9 12.7595
      vertex 125.849 67.9 14.7669
      vertex 133.608 67.9 12.8226
    endloop
  endfacet
  facet normal 0 1 -0
    outer loop
      vertex 127.247 67.9 12.7981
      vertex 125.849 67.9 14.7669
      vertex 127.6 67.9 12.8226
    endloop
  endfacet
  facet normal 0 1 -0
    outer loop
      vertex 126.922 67.9 12.7246
      vertex 125.849 67.9 14.7669
      vertex 127.247 67.9 12.7981
    endloop
  endfacet
  facet normal 0 1 -0
    outer loop
      vertex 126.625 67.9 12.6022
      vertex 125.849 67.9 14.7669
      vertex 126.922 67.9 12.7246
    endloop
  endfacet
  facet normal 0 1 -0
    outer loop
      vertex 126.35 67.9 12.4282
      vertex 125.849 67.9 14.7669
      vertex 126.625 67.9 12.6022
    endloop
  endfacet
  facet normal 0 1 -0
    outer loop
      vertex 126.091 67.9 12.2
      vertex 125.849 67.9 14.7669
      vertex 126.35 67.9 12.4282
    endloop
  endfacet
  facet normal 0 1 0
    outer loop
      vertex 125.849 67.9 14.7669
      vertex 126.091 67.9 12.2
      vertex 125.849 67.9 11.9176
    endloop
  endfacet
  facet normal 0 1 -0
    outer loop
      vertex 170.775 67.9 12.7358
      vertex 161.533 67.9 14.7669
      vertex 171.391 67.9 12.8226
    endloop
  endfacet
  facet normal 0 1 -0
    outer loop
      vertex 164.677 67.9 12.7403
      vertex 161.533 67.9 14.7669
      vertex 165.525 67.9 12.8226
    endloop
  endfacet
  facet normal 0 1 -0
    outer loop
      vertex 163.963 67.9 12.4934
      vertex 161.533 67.9 14.7669
      vertex 164.677 67.9 12.7403
    endloop
  endfacet
  facet normal 0 1 -0
    outer loop
      vertex 163.382 67.9 12.082
      vertex 161.533 67.9 14.7669
      vertex 163.963 67.9 12.4934
    endloop
  endfacet
  facet normal 0 1 -0
    outer loop
      vertex 162.953 67.9 11.5251
      vertex 161.533 67.9 14.7669
      vertex 163.382 67.9 12.082
    endloop
  endfacet
  facet normal 0 1 -0
    outer loop
      vertex 162.696 67.9 10.8416
      vertex 161.533 67.9 14.7669
      vertex 162.953 67.9 11.5251
    endloop
  endfacet
  facet normal 0 1 -0
    outer loop
      vertex 162.611 67.9 10.0315
      vertex 161.533 67.9 14.7669
      vertex 162.696 67.9 10.8416
    endloop
  endfacet
  facet normal 0 1 0
    outer loop
      vertex 161.533 67.9 7.37938
      vertex 162.611 67.9 10.0315
      vertex 162.696 67.9 9.22145
    endloop
  endfacet
  facet normal 0 1 0
    outer loop
      vertex 162.611 67.9 10.0315
      vertex 161.533 67.9 7.37938
      vertex 161.533 67.9 14.7669
    endloop
  endfacet
  facet normal 0 1 0
    outer loop
      vertex 162.953 67.9 8.53793
      vertex 161.533 67.9 7.37938
      vertex 162.696 67.9 9.22145
    endloop
  endfacet
  facet normal 0 1 0
    outer loop
      vertex 163.382 67.9 7.98096
      vertex 161.533 67.9 7.37938
      vertex 162.953 67.9 8.53793
    endloop
  endfacet
  facet normal 0 1 0
    outer loop
      vertex 163.963 67.9 7.5696
      vertex 161.533 67.9 7.37938
      vertex 163.382 67.9 7.98096
    endloop
  endfacet
  facet normal 0 1 0
    outer loop
      vertex 165.525 67.9 7.24051
      vertex 159.833 67.9 7.37938
      vertex 161.533 67.9 7.37938
    endloop
  endfacet
  facet normal 0 1 0
    outer loop
      vertex 159.833 67.9 7.37938
      vertex 152.829 67.9 7.24051
      vertex 157.759 67.9 7.37938
    endloop
  endfacet
  facet normal 0 1 0
    outer loop
      vertex 165.525 67.9 7.24051
      vertex 161.533 67.9 7.37938
      vertex 164.677 67.9 7.32277
    endloop
  endfacet
  facet normal 0 1 0
    outer loop
      vertex 164.677 67.9 7.32277
      vertex 161.533 67.9 7.37938
      vertex 163.963 67.9 7.5696
    endloop
  endfacet
  facet normal 0 1 -0
    outer loop
      vertex 152.145 67.9 12.7387
      vertex 144.937 67.9 14.2069
      vertex 152.924 67.9 12.8226
    endloop
  endfacet
  facet normal 0 1 -0
    outer loop
      vertex 151.476 67.9 12.487
      vertex 144.937 67.9 14.2069
      vertex 152.145 67.9 12.7387
    endloop
  endfacet
  facet normal 0 1 0
    outer loop
      vertex 144.937 67.9 14.2069
      vertex 145.782 67.9 12.6971
      vertex 144.937 67.9 12.6971
    endloop
  endfacet
  facet normal 0 1 0
    outer loop
      vertex 171.747 67.9 12.7981
      vertex 173.152 67.9 12.6971
      vertex 172.075 67.9 12.7246
    endloop
  endfacet
  facet normal 0 1 0
    outer loop
      vertex 173.152 67.9 12.6971
      vertex 172.374 67.9 12.6022
      vertex 172.075 67.9 12.7246
    endloop
  endfacet
  facet normal 0 1 0
    outer loop
      vertex 173.152 67.9 12.6971
      vertex 172.65 67.9 12.4282
      vertex 172.374 67.9 12.6022
    endloop
  endfacet
  facet normal 0 1 0
    outer loop
      vertex 173.152 67.9 12.6971
      vertex 172.91 67.9 12.2
      vertex 172.65 67.9 12.4282
    endloop
  endfacet
  facet normal -0 1 0
    outer loop
      vertex 172.91 67.9 12.2
      vertex 173.152 67.9 12.6971
      vertex 173.152 67.9 11.9176
    endloop
  endfacet
  facet normal 0 1 0
    outer loop
      vertex 159.833 67.9 14.7669
      vertex 155.903 67.9 12.6971
      vertex 153.776 67.9 12.7398
    endloop
  endfacet
  facet normal 0 1 0
    outer loop
      vertex 155.903 67.9 12.6971
      vertex 154.497 67.9 12.4914
      vertex 153.776 67.9 12.7398
    endloop
  endfacet
  facet normal 0 1 0
    outer loop
      vertex 155.903 67.9 12.6971
      vertex 155.086 67.9 12.0773
      vertex 154.497 67.9 12.4914
    endloop
  endfacet
  facet normal 0 1 0
    outer loop
      vertex 155.903 67.9 12.6971
      vertex 155.523 67.9 11.5188
      vertex 155.086 67.9 12.0773
    endloop
  endfacet
  facet normal 0 1 0
    outer loop
      vertex 155.903 67.9 12.6971
      vertex 155.785 67.9 10.8369
      vertex 155.523 67.9 11.5188
    endloop
  endfacet
  facet normal 0 1 0
    outer loop
      vertex 158.499 67.9 10.2567
      vertex 155.785 67.9 10.8369
      vertex 155.903 67.9 12.6971
    endloop
  endfacet
  facet normal 0 1 0
    outer loop
      vertex 158.499 67.9 10.2567
      vertex 155.872 67.9 10.0315
      vertex 155.785 67.9 10.8369
    endloop
  endfacet
  facet normal 0 1 0
    outer loop
      vertex 158.499 67.9 10.2567
      vertex 155.783 67.9 9.21431
      vertex 155.872 67.9 10.0315
    endloop
  endfacet
  facet normal 0 1 0
    outer loop
      vertex 155.699 67.9 7.37938
      vertex 155.783 67.9 9.21431
      vertex 158.499 67.9 10.2567
    endloop
  endfacet
  facet normal 0 1 0
    outer loop
      vertex 155.783 67.9 9.21431
      vertex 155.699 67.9 7.37938
      vertex 155.517 67.9 8.52841
    endloop
  endfacet
  facet normal 0 1 0
    outer loop
      vertex 155.517 67.9 8.52841
      vertex 155.699 67.9 7.37938
      vertex 155.072 67.9 7.97382
    endloop
  endfacet
  facet normal 0 1 0
    outer loop
      vertex 155.072 67.9 7.97382
      vertex 155.699 67.9 7.37938
      vertex 154.468 67.9 7.56642
    endloop
  endfacet
  facet normal 0 1 0
    outer loop
      vertex 155.699 67.9 7.37938
      vertex 153.72 67.9 7.32198
      vertex 154.468 67.9 7.56642
    endloop
  endfacet
  facet normal 0 1 0
    outer loop
      vertex 159.833 67.9 7.37938
      vertex 165.525 67.9 7.24051
      vertex 152.829 67.9 7.24051
    endloop
  endfacet
  facet normal 0 1 0
    outer loop
      vertex 157.759 67.9 7.37938
      vertex 152.829 67.9 7.24051
      vertex 155.699 67.9 7.37938
    endloop
  endfacet
  facet normal 0 1 0
    outer loop
      vertex 155.699 67.9 7.37938
      vertex 152.829 67.9 7.24051
      vertex 153.72 67.9 7.32198
    endloop
  endfacet
  facet normal 0 1 0
    outer loop
      vertex 145.782 67.9 11.483
      vertex 146.343 67.9 10.8693
      vertex 144.937 67.9 11.483
    endloop
  endfacet
  facet normal 0 1 0
    outer loop
      vertex 144.937 67.9 9.22556
      vertex 146.343 67.9 10.8693
      vertex 146.343 67.9 9.48946
    endloop
  endfacet
  facet normal 0 1 0
    outer loop
      vertex 146.343 67.9 10.8693
      vertex 144.937 67.9 9.22556
      vertex 144.937 67.9 11.483
    endloop
  endfacet
  facet normal 0 1 0
    outer loop
      vertex 132.607 67.9 10.9139
      vertex 133.608 67.9 10.7797
      vertex 132.607 67.9 10.7797
    endloop
  endfacet
  facet normal 0 1 0
    outer loop
      vertex 159.833 67.9 9.59671
      vertex 159.833 67.9 7.37938
      vertex 157.759 67.9 7.37938
    endloop
  endfacet
  facet normal 0 1 0
    outer loop
      vertex 127.797 67.9 11.1918
      vertex 126.969 67.9 11.5906
      vertex 127.302 67.9 11.5463
    endloop
  endfacet
  facet normal 0 1 0
    outer loop
      vertex 127.797 67.9 11.1918
      vertex 127.302 67.9 11.5463
      vertex 127.578 67.9 11.4134
    endloop
  endfacet
  facet normal 0 1 0
    outer loop
      vertex 127.957 67.9 10.886
      vertex 126.969 67.9 11.5906
      vertex 127.797 67.9 11.1918
    endloop
  endfacet
  facet normal 0 1 0
    outer loop
      vertex 126.969 67.9 11.5906
      vertex 126.136 67.9 11.1918
      vertex 126.634 67.9 11.5463
    endloop
  endfacet
  facet normal 0 1 0
    outer loop
      vertex 126.634 67.9 11.5463
      vertex 126.136 67.9 11.1918
      vertex 126.356 67.9 11.4134
    endloop
  endfacet
  facet normal 0 1 0
    outer loop
      vertex 125.976 67.9 10.886
      vertex 126.969 67.9 11.5906
      vertex 127.957 67.9 10.886
    endloop
  endfacet
  facet normal 0 1 0
    outer loop
      vertex 126.969 67.9 11.5906
      vertex 125.976 67.9 10.886
      vertex 126.136 67.9 11.1918
    endloop
  endfacet
  facet normal 0 1 0
    outer loop
      vertex 128.053 67.9 10.5
      vertex 125.976 67.9 10.886
      vertex 127.957 67.9 10.886
    endloop
  endfacet
  facet normal 0 1 0
    outer loop
      vertex 128.053 67.9 10.5
      vertex 125.881 67.9 10.5
      vertex 125.976 67.9 10.886
    endloop
  endfacet
  facet normal 0 1 0
    outer loop
      vertex 128.085 67.9 10.0338
      vertex 125.881 67.9 10.5
      vertex 128.053 67.9 10.5
    endloop
  endfacet
  facet normal 0 1 0
    outer loop
      vertex 128.085 67.9 10.0338
      vertex 125.849 67.9 10.0338
      vertex 125.881 67.9 10.5
    endloop
  endfacet
  facet normal 0 1 -0
    outer loop
      vertex 128.053 67.9 9.56758
      vertex 125.849 67.9 10.0338
      vertex 128.085 67.9 10.0338
    endloop
  endfacet
  facet normal 0 1 0
    outer loop
      vertex 128.053 67.9 9.56758
      vertex 125.881 67.9 9.56758
      vertex 125.849 67.9 10.0338
    endloop
  endfacet
  facet normal 0 1 -0
    outer loop
      vertex 127.957 67.9 9.18152
      vertex 125.881 67.9 9.56758
      vertex 128.053 67.9 9.56758
    endloop
  endfacet
  facet normal 0 1 0
    outer loop
      vertex 127.957 67.9 9.18152
      vertex 125.976 67.9 9.18152
      vertex 125.881 67.9 9.56758
    endloop
  endfacet
  facet normal 0 1 0
    outer loop
      vertex 126.969 67.9 8.47699
      vertex 127.957 67.9 9.18152
      vertex 127.797 67.9 8.87563
    endloop
  endfacet
  facet normal 0 1 0
    outer loop
      vertex 127.957 67.9 9.18152
      vertex 126.969 67.9 8.47699
      vertex 125.976 67.9 9.18152
    endloop
  endfacet
  facet normal 0 1 0
    outer loop
      vertex 127.302 67.9 8.52127
      vertex 127.797 67.9 8.87563
      vertex 127.578 67.9 8.65416
    endloop
  endfacet
  facet normal 0 1 0
    outer loop
      vertex 125.976 67.9 9.18152
      vertex 126.969 67.9 8.47699
      vertex 126.136 67.9 8.87563
    endloop
  endfacet
  facet normal 0 1 0
    outer loop
      vertex 127.797 67.9 8.87563
      vertex 127.302 67.9 8.52127
      vertex 126.969 67.9 8.47699
    endloop
  endfacet
  facet normal -0 1 -0
    outer loop
      vertex 126.634 67.9 8.52127
      vertex 126.136 67.9 8.87563
      vertex 126.969 67.9 8.47699
    endloop
  endfacet
  facet normal 0 1 0
    outer loop
      vertex 126.136 67.9 8.87563
      vertex 126.634 67.9 8.52127
      vertex 126.356 67.9 8.65416
    endloop
  endfacet
  facet normal 0 1 0
    outer loop
      vertex 133.439 67.9 8.40762
      vertex 133.49 67.9 9.76723
      vertex 133.815 67.9 9.74722
    endloop
  endfacet
  facet normal 0 1 0
    outer loop
      vertex 133.741 67.9 8.36946
      vertex 133.815 67.9 9.74722
      vertex 134.082 67.9 9.68721
    endloop
  endfacet
  facet normal 0 1 0
    outer loop
      vertex 134.558 67.9 9.05652
      vertex 134.082 67.9 9.68721
      vertex 134.29 67.9 9.58719
    endloop
  endfacet
  facet normal 0 1 0
    outer loop
      vertex 133.49 67.9 9.76723
      vertex 132.607 67.9 9.57297
      vertex 132.607 67.9 9.76723
    endloop
  endfacet
  facet normal 0 1 0
    outer loop
      vertex 134.528 67.9 9.27132
      vertex 134.29 67.9 9.58719
      vertex 134.439 67.9 9.4482
    endloop
  endfacet
  facet normal 0 1 0
    outer loop
      vertex 134.29 67.9 9.58719
      vertex 134.528 67.9 9.27132
      vertex 134.558 67.9 9.05652
    endloop
  endfacet
  facet normal 0 1 0
    outer loop
      vertex 133.49 67.9 9.76723
      vertex 132.643 67.9 9.24788
      vertex 132.607 67.9 9.57297
    endloop
  endfacet
  facet normal 0 1 0
    outer loop
      vertex 134.082 67.9 9.68721
      vertex 134.558 67.9 9.05652
      vertex 133.979 67.9 8.38972
    endloop
  endfacet
  facet normal 0 1 0
    outer loop
      vertex 133.49 67.9 9.76723
      vertex 132.752 67.9 8.9612
      vertex 132.643 67.9 9.24788
    endloop
  endfacet
  facet normal 0 1 0
    outer loop
      vertex 134.179 67.9 8.45053
      vertex 134.558 67.9 9.05652
      vertex 134.534 67.9 8.85724
    endloop
  endfacet
  facet normal 0 1 0
    outer loop
      vertex 133.49 67.9 9.76723
      vertex 132.934 67.9 8.71295
      vertex 132.752 67.9 8.9612
    endloop
  endfacet
  facet normal 0 1 0
    outer loop
      vertex 134.342 67.9 8.55188
      vertex 134.534 67.9 8.85724
      vertex 134.462 67.9 8.68903
    endloop
  endfacet
  facet normal 0 1 0
    outer loop
      vertex 134.534 67.9 8.85724
      vertex 134.342 67.9 8.55188
      vertex 134.179 67.9 8.45053
    endloop
  endfacet
  facet normal 0 1 0
    outer loop
      vertex 133.815 67.9 9.74722
      vertex 133.741 67.9 8.36946
      vertex 133.439 67.9 8.40762
    endloop
  endfacet
  facet normal 0 1 0
    outer loop
      vertex 134.558 67.9 9.05652
      vertex 134.179 67.9 8.45053
      vertex 133.979 67.9 8.38972
    endloop
  endfacet
  facet normal 0 1 0
    outer loop
      vertex 133.49 67.9 9.76723
      vertex 133.17 67.9 8.52213
      vertex 132.934 67.9 8.71295
    endloop
  endfacet
  facet normal 0 1 0
    outer loop
      vertex 134.082 67.9 9.68721
      vertex 133.979 67.9 8.38972
      vertex 133.741 67.9 8.36946
    endloop
  endfacet
  facet normal 0 1 0
    outer loop
      vertex 133.49 67.9 9.76723
      vertex 133.439 67.9 8.40762
      vertex 133.17 67.9 8.52213
    endloop
  endfacet
  facet normal 0 1 0
    outer loop
      vertex 172.86 67.9 11.1895
      vertex 172.022 67.9 11.5906
      vertex 172.358 67.9 11.546
    endloop
  endfacet
  facet normal 0 1 0
    outer loop
      vertex 172.022 67.9 11.5906
      vertex 171.189 67.9 11.1918
      vertex 171.687 67.9 11.5463
    endloop
  endfacet
  facet normal 0 1 0
    outer loop
      vertex 172.86 67.9 11.1895
      vertex 172.358 67.9 11.546
      vertex 172.637 67.9 11.4123
    endloop
  endfacet
  facet normal 0 1 0
    outer loop
      vertex 171.687 67.9 11.5463
      vertex 171.189 67.9 11.1918
      vertex 171.41 67.9 11.4134
    endloop
  endfacet
  facet normal 0 1 0
    outer loop
      vertex 173.022 67.9 10.8828
      vertex 172.022 67.9 11.5906
      vertex 172.86 67.9 11.1895
    endloop
  endfacet
  facet normal 0 1 0
    outer loop
      vertex 172.022 67.9 11.5906
      vertex 171.03 67.9 10.886
      vertex 171.189 67.9 11.1918
    endloop
  endfacet
  facet normal 0 1 0
    outer loop
      vertex 172.022 67.9 11.5906
      vertex 173.022 67.9 10.8828
      vertex 171.03 67.9 10.886
    endloop
  endfacet
  facet normal 0 1 0
    outer loop
      vertex 173.022 67.9 10.8828
      vertex 170.934 67.9 10.5
      vertex 171.03 67.9 10.886
    endloop
  endfacet
  facet normal 0 1 0
    outer loop
      vertex 173.12 67.9 10.4976
      vertex 170.934 67.9 10.5
      vertex 173.022 67.9 10.8828
    endloop
  endfacet
  facet normal 0 1 0
    outer loop
      vertex 173.152 67.9 10.0338
      vertex 170.934 67.9 10.5
      vertex 173.12 67.9 10.4976
    endloop
  endfacet
  facet normal 0 1 0
    outer loop
      vertex 173.152 67.9 10.0338
      vertex 170.902 67.9 10.0338
      vertex 170.934 67.9 10.5
    endloop
  endfacet
  facet normal 0 1 -0
    outer loop
      vertex 173.12 67.9 9.56996
      vertex 170.902 67.9 10.0338
      vertex 173.152 67.9 10.0338
    endloop
  endfacet
  facet normal 0 1 0
    outer loop
      vertex 173.12 67.9 9.56996
      vertex 170.934 67.9 9.56758
      vertex 170.902 67.9 10.0338
    endloop
  endfacet
  facet normal 0 1 -0
    outer loop
      vertex 173.022 67.9 9.18469
      vertex 170.934 67.9 9.56758
      vertex 173.12 67.9 9.56996
    endloop
  endfacet
  facet normal 0 1 0
    outer loop
      vertex 173.022 67.9 9.18469
      vertex 171.03 67.9 9.18152
      vertex 170.934 67.9 9.56758
    endloop
  endfacet
  facet normal 0 1 0
    outer loop
      vertex 172.022 67.9 8.47699
      vertex 173.022 67.9 9.18469
      vertex 172.86 67.9 8.87801
    endloop
  endfacet
  facet normal 0 1 0
    outer loop
      vertex 173.022 67.9 9.18469
      vertex 172.022 67.9 8.47699
      vertex 171.03 67.9 9.18152
    endloop
  endfacet
  facet normal 0 1 0
    outer loop
      vertex 172.358 67.9 8.52155
      vertex 172.86 67.9 8.87801
      vertex 172.637 67.9 8.65521
    endloop
  endfacet
  facet normal 0 1 0
    outer loop
      vertex 171.03 67.9 9.18152
      vertex 172.022 67.9 8.47699
      vertex 171.189 67.9 8.87563
    endloop
  endfacet
  facet normal 0 1 0
    outer loop
      vertex 172.86 67.9 8.87801
      vertex 172.358 67.9 8.52155
      vertex 172.022 67.9 8.47699
    endloop
  endfacet
  facet normal -0 1 -0
    outer loop
      vertex 171.687 67.9 8.52127
      vertex 171.189 67.9 8.87563
      vertex 172.022 67.9 8.47699
    endloop
  endfacet
  facet normal 0 1 0
    outer loop
      vertex 171.189 67.9 8.87563
      vertex 171.687 67.9 8.52127
      vertex 171.41 67.9 8.65416
    endloop
  endfacet
  facet normal 0 1 0
    outer loop
      vertex 151.913 67.9 10.6139
      vertex 152.934 67.9 11.6936
      vertex 153.242 67.9 11.6627
    endloop
  endfacet
  facet normal 0 1 0
    outer loop
      vertex 153.916 67.9 11.2026
      vertex 153.242 67.9 11.6627
      vertex 153.51 67.9 11.5699
    endloop
  endfacet
  facet normal -0 1 0
    outer loop
      vertex 151.945 67.9 10.9165
      vertex 152.934 67.9 11.6936
      vertex 151.913 67.9 10.6139
    endloop
  endfacet
  facet normal 0 1 0
    outer loop
      vertex 153.916 67.9 11.2026
      vertex 153.51 67.9 11.5699
      vertex 153.736 67.9 11.4154
    endloop
  endfacet
  facet normal -0 1 0
    outer loop
      vertex 152.196 67.9 11.3963
      vertex 152.649 67.9 11.6606
      vertex 151.945 67.9 10.9165
    endloop
  endfacet
  facet normal 0 1 0
    outer loop
      vertex 153.242 67.9 11.6627
      vertex 153.916 67.9 11.2026
      vertex 151.913 67.9 10.6139
    endloop
  endfacet
  facet normal 0 1 0
    outer loop
      vertex 152.649 67.9 11.6606
      vertex 152.196 67.9 11.3963
      vertex 152.403 67.9 11.5615
    endloop
  endfacet
  facet normal 0 1 0
    outer loop
      vertex 151.913 67.9 10.6139
      vertex 153.916 67.9 11.2026
      vertex 154.044 67.9 10.9355
    endloop
  endfacet
  facet normal 0 1 0
    outer loop
      vertex 152.196 67.9 11.3963
      vertex 151.945 67.9 10.9165
      vertex 152.039 67.9 11.1773
    endloop
  endfacet
  facet normal 0 1 0
    outer loop
      vertex 151.913 67.9 10.6139
      vertex 154.044 67.9 10.9355
      vertex 154.121 67.9 10.6139
    endloop
  endfacet
  facet normal 0 1 0
    outer loop
      vertex 152.934 67.9 11.6936
      vertex 151.945 67.9 10.9165
      vertex 152.649 67.9 11.6606
    endloop
  endfacet
  facet normal 0 1 0
    outer loop
      vertex 119.109 67.9 10.6139
      vertex 120.13 67.9 11.6936
      vertex 120.439 67.9 11.6627
    endloop
  endfacet
  facet normal 0 1 0
    outer loop
      vertex 121.112 67.9 11.2026
      vertex 120.439 67.9 11.6627
      vertex 120.706 67.9 11.5699
    endloop
  endfacet
  facet normal -0 1 0
    outer loop
      vertex 119.141 67.9 10.9165
      vertex 120.13 67.9 11.6936
      vertex 119.109 67.9 10.6139
    endloop
  endfacet
  facet normal 0 1 0
    outer loop
      vertex 121.112 67.9 11.2026
      vertex 120.706 67.9 11.5699
      vertex 120.932 67.9 11.4154
    endloop
  endfacet
  facet normal -0 1 0
    outer loop
      vertex 119.392 67.9 11.3963
      vertex 119.845 67.9 11.6606
      vertex 119.141 67.9 10.9165
    endloop
  endfacet
  facet normal 0 1 0
    outer loop
      vertex 120.439 67.9 11.6627
      vertex 121.112 67.9 11.2026
      vertex 119.109 67.9 10.6139
    endloop
  endfacet
  facet normal 0 1 0
    outer loop
      vertex 119.845 67.9 11.6606
      vertex 119.392 67.9 11.3963
      vertex 119.599 67.9 11.5615
    endloop
  endfacet
  facet normal 0 1 0
    outer loop
      vertex 119.109 67.9 10.6139
      vertex 121.112 67.9 11.2026
      vertex 121.24 67.9 10.9355
    endloop
  endfacet
  facet normal 0 1 0
    outer loop
      vertex 119.392 67.9 11.3963
      vertex 119.141 67.9 10.9165
      vertex 119.235 67.9 11.1773
    endloop
  endfacet
  facet normal 0 1 0
    outer loop
      vertex 119.109 67.9 10.6139
      vertex 121.24 67.9 10.9355
      vertex 121.317 67.9 10.6139
    endloop
  endfacet
  facet normal 0 1 0
    outer loop
      vertex 120.13 67.9 11.6936
      vertex 119.141 67.9 10.9165
      vertex 119.845 67.9 11.6606
    endloop
  endfacet
  facet normal 0 1 0
    outer loop
      vertex 109.063 67.9 10.6139
      vertex 110.084 67.9 11.6936
      vertex 110.392 67.9 11.6627
    endloop
  endfacet
  facet normal 0 1 0
    outer loop
      vertex 111.066 67.9 11.2026
      vertex 110.392 67.9 11.6627
      vertex 110.66 67.9 11.5699
    endloop
  endfacet
  facet normal -0 1 0
    outer loop
      vertex 109.095 67.9 10.9165
      vertex 110.084 67.9 11.6936
      vertex 109.063 67.9 10.6139
    endloop
  endfacet
  facet normal 0 1 0
    outer loop
      vertex 111.066 67.9 11.2026
      vertex 110.66 67.9 11.5699
      vertex 110.886 67.9 11.4154
    endloop
  endfacet
  facet normal -0 1 0
    outer loop
      vertex 109.346 67.9 11.3963
      vertex 109.799 67.9 11.6606
      vertex 109.095 67.9 10.9165
    endloop
  endfacet
  facet normal 0 1 0
    outer loop
      vertex 110.392 67.9 11.6627
      vertex 111.066 67.9 11.2026
      vertex 109.063 67.9 10.6139
    endloop
  endfacet
  facet normal 0 1 0
    outer loop
      vertex 109.799 67.9 11.6606
      vertex 109.346 67.9 11.3963
      vertex 109.553 67.9 11.5615
    endloop
  endfacet
  facet normal 0 1 0
    outer loop
      vertex 109.063 67.9 10.6139
      vertex 111.066 67.9 11.2026
      vertex 111.194 67.9 10.9355
    endloop
  endfacet
  facet normal 0 1 0
    outer loop
      vertex 109.346 67.9 11.3963
      vertex 109.095 67.9 10.9165
      vertex 109.189 67.9 11.1773
    endloop
  endfacet
  facet normal 0 1 0
    outer loop
      vertex 109.063 67.9 10.6139
      vertex 111.194 67.9 10.9355
      vertex 111.271 67.9 10.6139
    endloop
  endfacet
  facet normal 0 1 0
    outer loop
      vertex 110.084 67.9 11.6936
      vertex 109.095 67.9 10.9165
      vertex 109.799 67.9 11.6606
    endloop
  endfacet
  facet normal 0 1 0
    outer loop
      vertex 166.387 67.9 11.2023
      vertex 165.525 67.9 11.6085
      vertex 165.872 67.9 11.5634
    endloop
  endfacet
  facet normal 0 1 0
    outer loop
      vertex 166.387 67.9 11.2023
      vertex 165.872 67.9 11.5634
      vertex 166.159 67.9 11.428
    endloop
  endfacet
  facet normal 0 1 0
    outer loop
      vertex 166.552 67.9 10.8918
      vertex 165.525 67.9 11.6085
      vertex 166.387 67.9 11.2023
    endloop
  endfacet
  facet normal 0 1 0
    outer loop
      vertex 165.525 67.9 11.6085
      vertex 164.676 67.9 11.2023
      vertex 165.184 67.9 11.5634
    endloop
  endfacet
  facet normal 0 1 0
    outer loop
      vertex 165.184 67.9 11.5634
      vertex 164.676 67.9 11.2023
      vertex 164.901 67.9 11.428
    endloop
  endfacet
  facet normal 0 1 0
    outer loop
      vertex 164.512 67.9 10.8918
      vertex 165.525 67.9 11.6085
      vertex 166.552 67.9 10.8918
    endloop
  endfacet
  facet normal 0 1 0
    outer loop
      vertex 165.525 67.9 11.6085
      vertex 164.512 67.9 10.8918
      vertex 164.676 67.9 11.2023
    endloop
  endfacet
  facet normal 0 1 0
    outer loop
      vertex 166.65 67.9 10.5015
      vertex 164.512 67.9 10.8918
      vertex 166.552 67.9 10.8918
    endloop
  endfacet
  facet normal 0 1 0
    outer loop
      vertex 166.65 67.9 10.5015
      vertex 164.414 67.9 10.5015
      vertex 164.512 67.9 10.8918
    endloop
  endfacet
  facet normal 0 1 0
    outer loop
      vertex 166.683 67.9 10.0315
      vertex 164.414 67.9 10.5015
      vertex 166.65 67.9 10.5015
    endloop
  endfacet
  facet normal 0 1 0
    outer loop
      vertex 166.683 67.9 10.0315
      vertex 164.381 67.9 10.0315
      vertex 164.414 67.9 10.5015
    endloop
  endfacet
  facet normal 0 1 -0
    outer loop
      vertex 166.65 67.9 9.56155
      vertex 164.381 67.9 10.0315
      vertex 166.683 67.9 10.0315
    endloop
  endfacet
  facet normal 0 1 0
    outer loop
      vertex 166.65 67.9 9.56155
      vertex 164.414 67.9 9.56155
      vertex 164.381 67.9 10.0315
    endloop
  endfacet
  facet normal 0 1 -0
    outer loop
      vertex 166.552 67.9 9.17126
      vertex 164.414 67.9 9.56155
      vertex 166.65 67.9 9.56155
    endloop
  endfacet
  facet normal 0 1 0
    outer loop
      vertex 166.552 67.9 9.17126
      vertex 164.512 67.9 9.17126
      vertex 164.414 67.9 9.56155
    endloop
  endfacet
  facet normal 0 1 0
    outer loop
      vertex 165.525 67.9 8.45459
      vertex 166.552 67.9 9.17126
      vertex 166.387 67.9 8.86066
    endloop
  endfacet
  facet normal 0 1 0
    outer loop
      vertex 166.552 67.9 9.17126
      vertex 165.525 67.9 8.45459
      vertex 164.512 67.9 9.17126
    endloop
  endfacet
  facet normal 0 1 0
    outer loop
      vertex 165.872 67.9 8.49969
      vertex 166.387 67.9 8.86066
      vertex 166.159 67.9 8.63506
    endloop
  endfacet
  facet normal 0 1 0
    outer loop
      vertex 164.512 67.9 9.17126
      vertex 165.525 67.9 8.45459
      vertex 164.676 67.9 8.86066
    endloop
  endfacet
  facet normal 0 1 0
    outer loop
      vertex 166.387 67.9 8.86066
      vertex 165.872 67.9 8.49969
      vertex 165.525 67.9 8.45459
    endloop
  endfacet
  facet normal -0 1 -0
    outer loop
      vertex 165.184 67.9 8.49969
      vertex 164.676 67.9 8.86066
      vertex 165.525 67.9 8.45459
    endloop
  endfacet
  facet normal 0 1 0
    outer loop
      vertex 164.676 67.9 8.86066
      vertex 165.184 67.9 8.49969
      vertex 164.901 67.9 8.63506
    endloop
  endfacet
  facet normal 0 1 0
    outer loop
      vertex 91.6 6.4 15.2
      vertex 91.6 6.4 14
      vertex 89.2 6.4 15.2
    endloop
  endfacet
  facet normal 0 1 -0
    outer loop
      vertex 184.309 6.4 2
      vertex 91.6 6.4 15.2
      vertex 184.309 6.4 64.4945
    endloop
  endfacet
  facet normal 0 1 0
    outer loop
      vertex 91.6 6.4 15.2
      vertex 184.309 6.4 2
      vertex 91.6 6.4 14
    endloop
  endfacet
  facet normal 0 1 0
    outer loop
      vertex 91.6 6.4 14
      vertex 184.309 6.4 2
      vertex 91.6 6.4 2
    endloop
  endfacet
  facet normal 0 1 0
    outer loop
      vertex 89.2 6.4 15.2
      vertex 91.6 6.4 14
      vertex 89.2 6.4 14
    endloop
  endfacet
  facet normal 0 0 0
    outer loop
      vertex 89.2 6.4 15.2
      vertex 89.2 6.4 14
      vertex 89.2 6.4 2
    endloop
  endfacet
  facet normal -0.469473 0 0.882947
    outer loop
      vertex 184.309 6.4 64.4945
      vertex 91.6 2.4 15.2
      vertex 184.309 2.4 64.4945
    endloop
  endfacet
  facet normal -0.469473 0 0.882947
    outer loop
      vertex 91.6 6.4 15.2
      vertex 91.6 2.4 15.2
      vertex 184.309 6.4 64.4945
    endloop
  endfacet
  facet normal -0 0 1
    outer loop
      vertex 89.2 6.4 15.2
      vertex 91.6 2.4 15.2
      vertex 91.6 6.4 15.2
    endloop
  endfacet
  facet normal 0 0 1
    outer loop
      vertex 91.6 2.4 15.2
      vertex 89.2 6.4 15.2
      vertex 89.2 2.4 15.2
    endloop
  endfacet
  facet normal -1 0 0
    outer loop
      vertex 89.2 2.4 2
      vertex 89.2 6.4 15.2
      vertex 89.2 6.4 2
    endloop
  endfacet
  facet normal -1 -0 0
    outer loop
      vertex 89.2 6.4 15.2
      vertex 89.2 2.4 2
      vertex 89.2 2.4 15.2
    endloop
  endfacet
  facet normal 1 -0 0
    outer loop
      vertex 184.309 2.4 64.4945
      vertex 184.309 6.4 2
      vertex 184.309 6.4 64.4945
    endloop
  endfacet
  facet normal 1 0 0
    outer loop
      vertex 184.309 6.4 2
      vertex 184.309 2.4 64.4945
      vertex 184.309 2.4 2
    endloop
  endfacet
  facet normal 0 -1 0
    outer loop
      vertex 89.2 63.9 15.2
      vertex 89.2 63.9 14
      vertex 91.6 63.9 15.2
    endloop
  endfacet
  facet normal 0 -1 0
    outer loop
      vertex 91.6 63.9 14
      vertex 91.6 63.9 15.2
      vertex 89.2 63.9 14
    endloop
  endfacet
  facet normal 0 -1 0
    outer loop
      vertex 184.309 63.9 2
      vertex 91.6 63.9 15.2
      vertex 91.6 63.9 14
    endloop
  endfacet
  facet normal 0 -1 0
    outer loop
      vertex 184.309 63.9 2
      vertex 91.6 63.9 14
      vertex 91.6 63.9 2
    endloop
  endfacet
  facet normal 0 -1 0
    outer loop
      vertex 91.6 63.9 15.2
      vertex 184.309 63.9 2
      vertex 184.309 63.9 64.4945
    endloop
  endfacet
  facet normal 0 0 0
    outer loop
      vertex 89.2 63.9 15.2
      vertex 89.2 63.9 2
      vertex 89.2 63.9 14
    endloop
  endfacet
  facet normal -0.469473 0 0.882947
    outer loop
      vertex 91.6 67.9 15.2
      vertex 184.309 63.9 64.4945
      vertex 184.309 67.9 64.4945
    endloop
  endfacet
  facet normal -0.469473 0 0.882947
    outer loop
      vertex 91.6 67.9 15.2
      vertex 91.6 63.9 15.2
      vertex 184.309 63.9 64.4945
    endloop
  endfacet
  facet normal -0 0 1
    outer loop
      vertex 89.2 67.9 15.2
      vertex 91.6 63.9 15.2
      vertex 91.6 67.9 15.2
    endloop
  endfacet
  facet normal 0 0 1
    outer loop
      vertex 91.6 63.9 15.2
      vertex 89.2 67.9 15.2
      vertex 89.2 63.9 15.2
    endloop
  endfacet
  facet normal -1 0 0
    outer loop
      vertex 89.2 63.9 2
      vertex 89.2 67.9 15.2
      vertex 89.2 67.9 2
    endloop
  endfacet
  facet normal -1 -0 0
    outer loop
      vertex 89.2 67.9 15.2
      vertex 89.2 63.9 2
      vertex 89.2 63.9 15.2
    endloop
  endfacet
  facet normal 1 -0 0
    outer loop
      vertex 184.309 63.9 64.4945
      vertex 184.309 67.9 2
      vertex 184.309 67.9 64.4945
    endloop
  endfacet
  facet normal 1 0 0
    outer loop
      vertex 184.309 67.9 2
      vertex 184.309 63.9 64.4945
      vertex 184.309 63.9 2
    endloop
  endfacet
  facet normal 1 -0 0
    outer loop
      vertex 184.309 0 2
      vertex 184.309 70.3 0
      vertex 184.309 70.3 2
    endloop
  endfacet
  facet normal 1 0 0
    outer loop
      vertex 184.309 70.3 0
      vertex 184.309 0 2
      vertex 184.309 0 0
    endloop
  endfacet
  facet normal -0 0 1
    outer loop
      vertex 91.6 70.3 2
      vertex 184.309 67.9 2
      vertex 184.309 70.3 2
    endloop
  endfacet
  facet normal 0 0 1
    outer loop
      vertex 184.309 67.9 2
      vertex 91.6 70.3 2
      vertex 91.6 67.9 2
    endloop
  endfacet
  facet normal -0 0 1
    outer loop
      vertex 91.6 63.9 2
      vertex 184.309 6.4 2
      vertex 184.309 63.9 2
    endloop
  endfacet
  facet normal 0 0 1
    outer loop
      vertex 184.309 6.4 2
      vertex 91.6 63.9 2
      vertex 91.6 6.4 2
    endloop
  endfacet
  facet normal -0 0 1
    outer loop
      vertex 91.6 2.4 2
      vertex 184.309 0 2
      vertex 184.309 2.4 2
    endloop
  endfacet
  facet normal 0 0 1
    outer loop
      vertex 184.309 0 2
      vertex 91.6 2.4 2
      vertex 91.6 0 2
    endloop
  endfacet
  facet normal 0 0 0
    outer loop
      vertex 184.309 63.9 2
      vertex 184.309 6.4 2
      vertex 184.309 2.4 2
    endloop
  endfacet
  facet normal 0 0 0
    outer loop
      vertex 184.309 70.3 2
      vertex 184.309 67.9 2
      vertex 184.309 63.9 2
    endloop
  endfacet
  facet normal -0 0 0
    outer loop
      vertex 184.309 2.4 2
      vertex 184.309 0 2
      vertex 184.309 70.3 2
    endloop
  endfacet
  facet normal 0 0 0
    outer loop
      vertex 184.309 2.4 2
      vertex 184.309 70.3 2
      vertex 184.309 63.9 2
    endloop
  endfacet
  facet normal -0 0 1
    outer loop
      vertex 2.4 67.9 2
      vertex 89.2 63.9 2
      vertex 89.2 67.9 2
    endloop
  endfacet
  facet normal 0 0 1
    outer loop
      vertex 89.2 63.9 2
      vertex 2.4 67.9 2
      vertex 89.2 6.4 2
    endloop
  endfacet
  facet normal 0 0 1
    outer loop
      vertex 2.4 2.4 2
      vertex 89.2 6.4 2
      vertex 2.4 67.9 2
    endloop
  endfacet
  facet normal 0 0 1
    outer loop
      vertex 89.2 6.4 2
      vertex 2.4 2.4 2
      vertex 89.2 2.4 2
    endloop
  endfacet
  facet normal 1 -0 0
    outer loop
      vertex 2.4 66.6 21
      vertex 2.4 67.9 2
      vertex 2.4 67.9 22.3043
    endloop
  endfacet
  facet normal 1 0 0
    outer loop
      vertex 2.4 2.4 2
      vertex 2.4 66.6 21
      vertex 2.4 2.4 21
    endloop
  endfacet
  facet normal 1 0 0
    outer loop
      vertex 2.4 66.6 21
      vertex 2.4 2.4 2
      vertex 2.4 67.9 2
    endloop
  endfacet
  facet normal -0 0 1
    outer loop
      vertex 89.2 63.9 14
      vertex 91.6 6.4 14
      vertex 91.6 63.9 14
    endloop
  endfacet
  facet normal 0 0 1
    outer loop
      vertex 91.6 6.4 14
      vertex 89.2 63.9 14
      vertex 89.2 6.4 14
    endloop
  endfacet
  facet normal -1 0 0
    outer loop
      vertex 89.2 6.4 2
      vertex 89.2 63.9 14
      vertex 89.2 63.9 2
    endloop
  endfacet
  facet normal -1 -0 0
    outer loop
      vertex 89.2 63.9 14
      vertex 89.2 6.4 2
      vertex 89.2 6.4 14
    endloop
  endfacet
  facet normal -1 0 0
    outer loop
      vertex 62 0 8
      vertex 62 2.4 21
      vertex 62 2.4 8
    endloop
  endfacet
  facet normal -1 -0 0
    outer loop
      vertex 62 2.4 21
      vertex 62 0 8
      vertex 62 0 23.408
    endloop
  endfacet
  facet normal -0 0 1
    outer loop
      vertex 32 2.4 8
      vertex 62 0 8
      vertex 62 2.4 8
    endloop
  endfacet
  facet normal 0 0 1
    outer loop
      vertex 62 0 8
      vertex 32 2.4 8
      vertex 32 0 8
    endloop
  endfacet
  facet normal 1 0 0
    outer loop
      vertex 32 0 8
      vertex 32 2.4 21
      vertex 32 0 23.408
    endloop
  endfacet
  facet normal 1 0 0
    outer loop
      vertex 32 2.4 21
      vertex 32 0 8
      vertex 32 2.4 8
    endloop
  endfacet
  facet normal -1 0 0
    outer loop
      vertex 62 67.9 22.3043
      vertex 62 70.3 24
      vertex 62 70.3 8
    endloop
  endfacet
  facet normal -1 0 0
    outer loop
      vertex 62 67.9 22.3043
      vertex 62 70.3 8
      vertex 62 67.9 8
    endloop
  endfacet
  facet normal -1 -0 0
    outer loop
      vertex 62 70.3 24
      vertex 62 67.9 22.3043
      vertex 62 69.59 24
    endloop
  endfacet
  facet normal -0 0 1
    outer loop
      vertex 32 70.3 8
      vertex 62 67.9 8
      vertex 62 70.3 8
    endloop
  endfacet
  facet normal 0 0 1
    outer loop
      vertex 62 67.9 8
      vertex 32 70.3 8
      vertex 32 67.9 8
    endloop
  endfacet
  facet normal 1 0 0
    outer loop
      vertex 32 67.9 22.3043
      vertex 32 70.3 24
      vertex 32 69.59 24
    endloop
  endfacet
  facet normal 1 0 0
    outer loop
      vertex 32 70.3 24
      vertex 32 67.9 22.3043
      vertex 32 70.3 8
    endloop
  endfacet
  facet normal 1 0 0
    outer loop
      vertex 32 70.3 8
      vertex 32 67.9 22.3043
      vertex 32 67.9 8
    endloop
  endfacet
  facet normal -1 0 0
    outer loop
      vertex 47.6 0 0
      vertex 47.6 1.2 3
      vertex 47.6 1.2 0
    endloop
  endfacet
  facet normal -1 -0 0
    outer loop
      vertex 47.6 1.2 3
      vertex 47.6 0 0
      vertex 47.6 0 3
    endloop
  endfacet
  facet normal 0 0 -1
    outer loop
      vertex 46.4 0 3
      vertex 47.6 1.2 3
      vertex 47.6 0 3
    endloop
  endfacet
  facet normal -0 0 -1
    outer loop
      vertex 47.6 1.2 3
      vertex 46.4 0 3
      vertex 46.4 1.2 3
    endloop
  endfacet
  facet normal 1 -0 0
    outer loop
      vertex 46.4 0 3
      vertex 46.4 1.2 0
      vertex 46.4 1.2 3
    endloop
  endfacet
  facet normal 1 0 0
    outer loop
      vertex 46.4 1.2 0
      vertex 46.4 0 3
      vertex 46.4 0 0
    endloop
  endfacet
  facet normal 0 -1 0
    outer loop
      vertex 46.4 1.2 0
      vertex 47.6 1.2 3
      vertex 46.4 1.2 3
    endloop
  endfacet
  facet normal 0 -1 -0
    outer loop
      vertex 47.6 1.2 3
      vertex 46.4 1.2 0
      vertex 47.6 1.2 0
    endloop
  endfacet
  facet normal -1 0 0
    outer loop
      vertex 47.6 69.1 0
      vertex 47.6 70.3 3
      vertex 47.6 70.3 0
    endloop
  endfacet
  facet normal -1 -0 0
    outer loop
      vertex 47.6 70.3 3
      vertex 47.6 69.1 0
      vertex 47.6 69.1 3
    endloop
  endfacet
  facet normal 0 0 -1
    outer loop
      vertex 46.4 69.1 3
      vertex 47.6 70.3 3
      vertex 47.6 69.1 3
    endloop
  endfacet
  facet normal -0 0 -1
    outer loop
      vertex 47.6 70.3 3
      vertex 46.4 69.1 3
      vertex 46.4 70.3 3
    endloop
  endfacet
  facet normal 1 -0 0
    outer loop
      vertex 46.4 69.1 3
      vertex 46.4 70.3 0
      vertex 46.4 70.3 3
    endloop
  endfacet
  facet normal 1 0 0
    outer loop
      vertex 46.4 70.3 0
      vertex 46.4 69.1 3
      vertex 46.4 69.1 0
    endloop
  endfacet
  facet normal 0 1 -0
    outer loop
      vertex 47.6 69.1 0
      vertex 46.4 69.1 3
      vertex 47.6 69.1 3
    endloop
  endfacet
  facet normal 0 1 0
    outer loop
      vertex 46.4 69.1 3
      vertex 47.6 69.1 0
      vertex 46.4 69.1 0
    endloop
  endfacet
  facet normal -0 0.708282 0.705929
    outer loop
      vertex 2.4 2.4 21
      vertex 32 0 23.408
      vertex 32 2.4 21
    endloop
  endfacet
  facet normal 0 0.708282 0.705929
    outer loop
      vertex 32 0 23.408
      vertex 2.4 2.4 21
      vertex 0 0 23.408
    endloop
  endfacet
  facet normal -1.8256e-08 0.708282 0.705929
    outer loop
      vertex 89.2 2.4 21
      vertex 62 0 23.408
      vertex 91.6 7.62939e-07 23.408
    endloop
  endfacet
  facet normal 0 0.708282 0.705929
    outer loop
      vertex 62 0 23.408
      vertex 89.2 2.4 21
      vertex 62 2.4 21
    endloop
  endfacet
  facet normal 0 0 1
    outer loop
      vertex 62 0 23.408
      vertex 91.6 0 23.408
      vertex 91.6 7.62939e-07 23.408
    endloop
  endfacet
  facet normal 0.708282 0 0.705929
    outer loop
      vertex 0 69 23.408
      vertex 2.4 2.4 21
      vertex 2.4 66.6 21
    endloop
  endfacet
  facet normal 0.708282 0 0.705929
    outer loop
      vertex 2.4 2.4 21
      vertex 0 69 23.408
      vertex 0 0 23.408
    endloop
  endfacet
  facet normal -0.708282 0 0.705929
    outer loop
      vertex 91.6 7.62939e-07 23.408
      vertex 91.6 2.4 23.408
      vertex 89.2 2.4 21
    endloop
  endfacet
  facet normal -0.708293 0 0.705919
    outer loop
      vertex 91.6 67.9 23.408
      vertex 91.6 69 23.408
      vertex 90.5 67.9 22.3043
    endloop
  endfacet
  facet normal 1.8101e-05 -0.708273 0.705938
    outer loop
      vertex 0 69 23.408
      vertex 2.4 66.6 21
      vertex 2.4 67.9 22.3043
    endloop
  endfacet
  facet normal -8.4749e-06 -0.708302 0.705909
    outer loop
      vertex 2.4 67.9 22.3043
      vertex 0 69.59 24
      vertex 0 69 23.408
    endloop
  endfacet
  facet normal 0 -0.708296 0.705915
    outer loop
      vertex 0 69.59 24
      vertex 2.4 67.9 22.3043
      vertex 32 69.59 24
    endloop
  endfacet
  facet normal 0 -0.708296 0.705915
    outer loop
      vertex 32 69.59 24
      vertex 2.4 67.9 22.3043
      vertex 32 67.9 22.3043
    endloop
  endfacet
  facet normal 0 -0.708296 0.705915
    outer loop
      vertex 90.5 67.9 22.3043
      vertex 91.6 69.59 24
      vertex 62 69.59 24
    endloop
  endfacet
  facet normal 0 -0.708296 0.705915
    outer loop
      vertex 90.5 67.9 22.3043
      vertex 62 69.59 24
      vertex 62 67.9 22.3043
    endloop
  endfacet
  facet normal 1.84907e-05 -0.708302 0.705909
    outer loop
      vertex 91.6 69.59 24
      vertex 90.5 67.9 22.3043
      vertex 91.6 69 23.408
    endloop
  endfacet
  facet normal 0 -1 0
    outer loop
      vertex 148.332 1.6 11.4134
      vertex 148.309 1.6 12.8226
      vertex 147.693 1.6 12.7358
    endloop
  endfacet
  facet normal 0 -1 0
    outer loop
      vertex 148.309 1.6 12.8226
      vertex 148.608 1.6 11.5463
      vertex 148.662 1.6 12.7981
    endloop
  endfacet
  facet normal 0 -1 -0
    outer loop
      vertex 148.662 1.6 12.7981
      vertex 148.608 1.6 11.5463
      vertex 148.987 1.6 12.7246
    endloop
  endfacet
  facet normal 0 -1 0
    outer loop
      vertex 148.332 1.6 11.4134
      vertex 147.693 1.6 12.7358
      vertex 147.155 1.6 12.4755
    endloop
  endfacet
  facet normal -0 -1 0
    outer loop
      vertex 148.94 1.6 11.5906
      vertex 148.987 1.6 12.7246
      vertex 148.608 1.6 11.5463
    endloop
  endfacet
  facet normal 0 -1 -0
    outer loop
      vertex 148.987 1.6 12.7246
      vertex 148.94 1.6 11.5906
      vertex 149.285 1.6 12.6022
    endloop
  endfacet
  facet normal 0 -1 0
    outer loop
      vertex 148.112 1.6 11.1918
      vertex 147.155 1.6 12.4755
      vertex 146.695 1.6 12.0417
    endloop
  endfacet
  facet normal 0 -1 -0
    outer loop
      vertex 149.285 1.6 12.6022
      vertex 148.94 1.6 11.5906
      vertex 149.56 1.6 12.4282
    endloop
  endfacet
  facet normal 0 -1 -0
    outer loop
      vertex 149.56 1.6 12.4282
      vertex 149.276 1.6 11.5463
      vertex 149.818 1.6 12.2
    endloop
  endfacet
  facet normal 0 -1 0
    outer loop
      vertex 149.276 1.6 11.5463
      vertex 149.56 1.6 12.4282
      vertex 148.94 1.6 11.5906
    endloop
  endfacet
  facet normal 0 -1 0
    outer loop
      vertex 147.953 1.6 10.886
      vertex 146.695 1.6 12.0417
      vertex 146.344 1.6 11.4713
    endloop
  endfacet
  facet normal 0 -1 0
    outer loop
      vertex 148.309 1.6 12.8226
      vertex 148.332 1.6 11.4134
      vertex 148.608 1.6 11.5463
    endloop
  endfacet
  facet normal 0 -1 0
    outer loop
      vertex 147.155 1.6 12.4755
      vertex 148.112 1.6 11.1918
      vertex 148.332 1.6 11.4134
    endloop
  endfacet
  facet normal 0 -1 0
    outer loop
      vertex 146.695 1.6 12.0417
      vertex 147.953 1.6 10.886
      vertex 148.112 1.6 11.1918
    endloop
  endfacet
  facet normal 0 -1 0
    outer loop
      vertex 147.857 1.6 10.5
      vertex 146.344 1.6 11.4713
      vertex 146.134 1.6 10.8013
    endloop
  endfacet
  facet normal 0 -1 0
    outer loop
      vertex 146.344 1.6 11.4713
      vertex 147.857 1.6 10.5
      vertex 147.953 1.6 10.886
    endloop
  endfacet
  facet normal 0 -1 0
    outer loop
      vertex 146.064 1.6 10.0315
      vertex 147.857 1.6 10.5
      vertex 146.134 1.6 10.8013
    endloop
  endfacet
  facet normal 0 -1 0
    outer loop
      vertex 147.857 1.6 10.5
      vertex 146.064 1.6 10.0315
      vertex 147.825 1.6 10.0338
    endloop
  endfacet
  facet normal 0 -1 0
    outer loop
      vertex 146.064 1.6 10.0315
      vertex 147.857 1.6 9.56758
      vertex 147.825 1.6 10.0338
    endloop
  endfacet
  facet normal 0 -1 0
    outer loop
      vertex 146.134 1.6 9.26178
      vertex 147.857 1.6 9.56758
      vertex 146.064 1.6 10.0315
    endloop
  endfacet
  facet normal 0 -1 0
    outer loop
      vertex 146.344 1.6 8.59169
      vertex 147.857 1.6 9.56758
      vertex 146.134 1.6 9.26178
    endloop
  endfacet
  facet normal 0 -1 -0
    outer loop
      vertex 147.857 1.6 9.56758
      vertex 146.344 1.6 8.59169
      vertex 147.953 1.6 9.18152
    endloop
  endfacet
  facet normal 0 -1 0
    outer loop
      vertex 146.695 1.6 8.02129
      vertex 147.953 1.6 9.18152
      vertex 146.344 1.6 8.59169
    endloop
  endfacet
  facet normal 0 -1 -0
    outer loop
      vertex 147.953 1.6 9.18152
      vertex 146.695 1.6 8.02129
      vertex 148.112 1.6 8.87563
    endloop
  endfacet
  facet normal 0 -1 0
    outer loop
      vertex 147.155 1.6 7.58751
      vertex 148.112 1.6 8.87563
      vertex 146.695 1.6 8.02129
    endloop
  endfacet
  facet normal 0 -1 -0
    outer loop
      vertex 148.112 1.6 8.87563
      vertex 147.155 1.6 7.58751
      vertex 148.332 1.6 8.65416
    endloop
  endfacet
  facet normal 0 -1 0
    outer loop
      vertex 147.693 1.6 7.32726
      vertex 148.332 1.6 8.65416
      vertex 147.155 1.6 7.58751
    endloop
  endfacet
  facet normal 0 -1 0
    outer loop
      vertex 148.309 1.6 7.24051
      vertex 148.332 1.6 8.65416
      vertex 147.693 1.6 7.32726
    endloop
  endfacet
  facet normal 0 -1 0
    outer loop
      vertex 148.94 1.6 8.47699
      vertex 149.819 1.6 7.86064
      vertex 150.061 1.6 8.14546
    endloop
  endfacet
  facet normal 0 -1 0
    outer loop
      vertex 148.608 1.6 8.52127
      vertex 148.665 1.6 7.26471
      vertex 148.94 1.6 8.47699
    endloop
  endfacet
  facet normal 0 -1 -0
    outer loop
      vertex 148.332 1.6 8.65416
      vertex 148.309 1.6 7.24051
      vertex 148.608 1.6 8.52127
    endloop
  endfacet
  facet normal -0 -1 0
    outer loop
      vertex 148.991 1.6 7.33736
      vertex 148.94 1.6 8.47699
      vertex 148.665 1.6 7.26471
    endloop
  endfacet
  facet normal 0 -1 0
    outer loop
      vertex 148.94 1.6 8.47699
      vertex 149.287 1.6 7.45842
      vertex 149.561 1.6 7.63164
    endloop
  endfacet
  facet normal -0 -1 0
    outer loop
      vertex 148.665 1.6 7.26471
      vertex 148.608 1.6 8.52127
      vertex 148.309 1.6 7.24051
    endloop
  endfacet
  facet normal 0 -1 0
    outer loop
      vertex 148.94 1.6 8.47699
      vertex 148.991 1.6 7.33736
      vertex 149.287 1.6 7.45842
    endloop
  endfacet
  facet normal 0 -1 0
    outer loop
      vertex 148.94 1.6 8.47699
      vertex 149.561 1.6 7.63164
      vertex 149.819 1.6 7.86064
    endloop
  endfacet
  facet normal 0 -1 0
    outer loop
      vertex 150.061 1.6 11.9176
      vertex 151.77 1.6 14.7669
      vertex 150.061 1.6 14.7669
    endloop
  endfacet
  facet normal 0 -1 0
    outer loop
      vertex 149.553 1.6 11.4134
      vertex 149.818 1.6 12.2
      vertex 149.276 1.6 11.5463
    endloop
  endfacet
  facet normal 0 -1 -0
    outer loop
      vertex 149.818 1.6 12.2
      vertex 149.553 1.6 11.4134
      vertex 150.061 1.6 11.9176
    endloop
  endfacet
  facet normal 0 -1 0
    outer loop
      vertex 149.774 1.6 11.1918
      vertex 150.061 1.6 11.9176
      vertex 149.553 1.6 11.4134
    endloop
  endfacet
  facet normal 0 -1 0
    outer loop
      vertex 149.933 1.6 10.886
      vertex 150.061 1.6 11.9176
      vertex 149.774 1.6 11.1918
    endloop
  endfacet
  facet normal 0 -1 0
    outer loop
      vertex 150.029 1.6 10.5
      vertex 150.061 1.6 11.9176
      vertex 149.933 1.6 10.886
    endloop
  endfacet
  facet normal 0 -1 -0
    outer loop
      vertex 150.061 1.6 11.9176
      vertex 150.029 1.6 10.5
      vertex 151.77 1.6 14.7669
    endloop
  endfacet
  facet normal 0 -1 0
    outer loop
      vertex 151.77 1.6 7.37938
      vertex 150.029 1.6 10.5
      vertex 150.061 1.6 10.0338
    endloop
  endfacet
  facet normal 0 -1 0
    outer loop
      vertex 151.77 1.6 7.37938
      vertex 150.061 1.6 10.0338
      vertex 150.029 1.6 9.56758
    endloop
  endfacet
  facet normal 0 -1 0
    outer loop
      vertex 151.77 1.6 7.37938
      vertex 150.029 1.6 9.56758
      vertex 149.933 1.6 9.18152
    endloop
  endfacet
  facet normal 0 -1 0
    outer loop
      vertex 150.061 1.6 8.14546
      vertex 149.276 1.6 8.52127
      vertex 148.94 1.6 8.47699
    endloop
  endfacet
  facet normal 0 -1 0
    outer loop
      vertex 150.061 1.6 8.14546
      vertex 149.553 1.6 8.65416
      vertex 149.276 1.6 8.52127
    endloop
  endfacet
  facet normal 0 -1 0
    outer loop
      vertex 150.061 1.6 8.14546
      vertex 149.774 1.6 8.87563
      vertex 149.553 1.6 8.65416
    endloop
  endfacet
  facet normal 0 -1 0
    outer loop
      vertex 150.061 1.6 8.14546
      vertex 149.933 1.6 9.18152
      vertex 149.774 1.6 8.87563
    endloop
  endfacet
  facet normal 0 -1 0
    outer loop
      vertex 151.77 1.6 7.37938
      vertex 149.933 1.6 9.18152
      vertex 150.061 1.6 8.14546
    endloop
  endfacet
  facet normal 0 -1 0
    outer loop
      vertex 151.77 1.6 7.37938
      vertex 150.061 1.6 8.14546
      vertex 150.061 1.6 7.37938
    endloop
  endfacet
  facet normal 0 -1 0
    outer loop
      vertex 150.029 1.6 10.5
      vertex 151.77 1.6 7.37938
      vertex 151.77 1.6 14.7669
    endloop
  endfacet
  facet normal 0 -1 0
    outer loop
      vertex 114.377 1.6 14.7669
      vertex 116.076 1.6 10.7457
      vertex 116.076 1.6 14.7669
    endloop
  endfacet
  facet normal 0 -1 0
    outer loop
      vertex 116.076 1.6 10.7457
      vertex 116.076 1.6 9.59671
      vertex 117.41 1.6 10.2567
    endloop
  endfacet
  facet normal 0 -1 0
    outer loop
      vertex 114.377 1.6 7.37938
      vertex 116.076 1.6 10.7457
      vertex 114.377 1.6 14.7669
    endloop
  endfacet
  facet normal 0 -1 -0
    outer loop
      vertex 116.076 1.6 10.7457
      vertex 114.377 1.6 7.37938
      vertex 116.076 1.6 9.59671
    endloop
  endfacet
  facet normal 0 -1 -0
    outer loop
      vertex 116.076 1.6 9.59671
      vertex 114.377 1.6 7.37938
      vertex 116.076 1.6 7.37938
    endloop
  endfacet
  facet normal 0 -1 0
    outer loop
      vertex 117.41 1.6 10.2567
      vertex 118.032 1.6 12.6971
      vertex 116.076 1.6 10.7457
    endloop
  endfacet
  facet normal 0 -1 -0
    outer loop
      vertex 118.032 1.6 12.6971
      vertex 117.41 1.6 10.2567
      vertex 120.007 1.6 12.6971
    endloop
  endfacet
  facet normal 0 -1 0
    outer loop
      vertex 118.151 1.6 7.37938
      vertex 117.41 1.6 10.2567
      vertex 116.076 1.6 9.59671
    endloop
  endfacet
  facet normal 0 -1 0
    outer loop
      vertex 117.41 1.6 10.2567
      vertex 118.151 1.6 7.37938
      vertex 120.211 1.6 7.37938
    endloop
  endfacet
  facet normal 0 -1 0
    outer loop
      vertex 130.973 1.6 9.22556
      vertex 132.672 1.6 11.483
      vertex 130.973 1.6 11.483
    endloop
  endfacet
  facet normal 0 -1 0
    outer loop
      vertex 130.973 1.6 9.22556
      vertex 132.672 1.6 9.22556
      vertex 132.672 1.6 11.483
    endloop
  endfacet
  facet normal 0 -1 0
    outer loop
      vertex 130.973 1.6 9.22556
      vertex 132.688 1.6 9.00508
      vertex 132.672 1.6 9.22556
    endloop
  endfacet
  facet normal 0 -1 0
    outer loop
      vertex 131.019 1.6 8.61993
      vertex 132.688 1.6 9.00508
      vertex 130.973 1.6 9.22556
    endloop
  endfacet
  facet normal 0 -1 -0
    outer loop
      vertex 132.688 1.6 9.00508
      vertex 131.019 1.6 8.61993
      vertex 132.737 1.6 8.83795
    endloop
  endfacet
  facet normal 0 -1 0
    outer loop
      vertex 131.159 1.6 8.14455
      vertex 132.737 1.6 8.83795
      vertex 131.019 1.6 8.61993
    endloop
  endfacet
  facet normal 0 -1 0
    outer loop
      vertex 131.393 1.6 7.79938
      vertex 132.737 1.6 8.83795
      vertex 131.159 1.6 8.14455
    endloop
  endfacet
  facet normal 0 -1 0
    outer loop
      vertex 131.738 1.6 7.56606
      vertex 132.737 1.6 8.83795
      vertex 131.393 1.6 7.79938
    endloop
  endfacet
  facet normal 0 -1 -0
    outer loop
      vertex 132.737 1.6 8.83795
      vertex 131.738 1.6 7.56606
      vertex 132.819 1.6 8.72415
    endloop
  endfacet
  facet normal 0 -1 0
    outer loop
      vertex 132.213 1.6 7.42606
      vertex 132.819 1.6 8.72415
      vertex 131.738 1.6 7.56606
    endloop
  endfacet
  facet normal 0 -1 0
    outer loop
      vertex 132.819 1.6 7.37938
      vertex 132.949 1.6 8.65155
      vertex 132.213 1.6 7.42606
    endloop
  endfacet
  facet normal 0 -1 -0
    outer loop
      vertex 132.819 1.6 8.72415
      vertex 132.213 1.6 7.42606
      vertex 132.949 1.6 8.65155
    endloop
  endfacet
  facet normal 0 -1 -0
    outer loop
      vertex 132.949 1.6 8.65155
      vertex 132.819 1.6 7.37938
      vertex 133.144 1.6 8.60799
    endloop
  endfacet
  facet normal 0 -1 -0
    outer loop
      vertex 133.144 1.6 8.60799
      vertex 132.819 1.6 7.37938
      vertex 133.403 1.6 8.59346
    endloop
  endfacet
  facet normal 0 -1 0
    outer loop
      vertex 134.276 1.6 7.37938
      vertex 133.403 1.6 8.59346
      vertex 132.819 1.6 7.37938
    endloop
  endfacet
  facet normal 0 -1 0
    outer loop
      vertex 133.403 1.6 8.59346
      vertex 134.276 1.6 7.37938
      vertex 134.276 1.6 8.59346
    endloop
  endfacet
  facet normal 0 -1 0
    outer loop
      vertex 130.973 1.6 11.483
      vertex 130.973 1.6 12.6971
      vertex 130.128 1.6 12.6971
    endloop
  endfacet
  facet normal 0 -1 0
    outer loop
      vertex 130.973 1.6 12.6971
      vertex 130.973 1.6 11.483
      vertex 132.672 1.6 12.6971
    endloop
  endfacet
  facet normal 0 -1 0
    outer loop
      vertex 130.973 1.6 11.483
      vertex 130.128 1.6 12.6971
      vertex 130.128 1.6 11.483
    endloop
  endfacet
  facet normal 0 -1 -0
    outer loop
      vertex 132.672 1.6 12.6971
      vertex 130.973 1.6 11.483
      vertex 132.672 1.6 11.483
    endloop
  endfacet
  facet normal 0 -1 0
    outer loop
      vertex 132.672 1.6 12.6971
      vertex 132.672 1.6 11.483
      vertex 134.424 1.6 12.6971
    endloop
  endfacet
  facet normal 0 -1 -0
    outer loop
      vertex 134.424 1.6 12.6971
      vertex 132.672 1.6 11.483
      vertex 134.424 1.6 11.483
    endloop
  endfacet
  facet normal 0 -1 0
    outer loop
      vertex 130.973 1.6 12.6971
      vertex 132.672 1.6 14.2069
      vertex 130.973 1.6 14.2069
    endloop
  endfacet
  facet normal 0 -1 -0
    outer loop
      vertex 132.672 1.6 14.2069
      vertex 130.973 1.6 12.6971
      vertex 132.672 1.6 12.6971
    endloop
  endfacet
  facet normal 0 -1 0
    outer loop
      vertex 152.93 1.6 9.21431
      vertex 154.574 1.6 9.56563
      vertex 152.841 1.6 10.0315
    endloop
  endfacet
  facet normal 0 -1 0
    outer loop
      vertex 152.93 1.6 9.21431
      vertex 154.649 1.6 9.20013
      vertex 154.574 1.6 9.56563
    endloop
  endfacet
  facet normal 0 -1 0
    outer loop
      vertex 153.197 1.6 8.52841
      vertex 154.649 1.6 9.20013
      vertex 152.93 1.6 9.21431
    endloop
  endfacet
  facet normal 0 -1 0
    outer loop
      vertex 153.641 1.6 7.97382
      vertex 154.649 1.6 9.20013
      vertex 153.197 1.6 8.52841
    endloop
  endfacet
  facet normal 0 -1 -0
    outer loop
      vertex 154.649 1.6 9.20013
      vertex 153.641 1.6 7.97382
      vertex 154.793 1.6 8.90109
    endloop
  endfacet
  facet normal 0 -1 0
    outer loop
      vertex 154.246 1.6 7.56642
      vertex 154.793 1.6 8.90109
      vertex 153.641 1.6 7.97382
    endloop
  endfacet
  facet normal 0 -1 -0
    outer loop
      vertex 154.793 1.6 8.90109
      vertex 154.246 1.6 7.56642
      vertex 155.006 1.6 8.6685
    endloop
  endfacet
  facet normal 0 -1 -0
    outer loop
      vertex 155.006 1.6 8.6685
      vertex 154.246 1.6 7.56642
      vertex 155.285 1.6 8.50237
    endloop
  endfacet
  facet normal 0 -1 0
    outer loop
      vertex 154.993 1.6 7.32198
      vertex 155.285 1.6 8.50237
      vertex 154.246 1.6 7.56642
    endloop
  endfacet
  facet normal 0 -1 0
    outer loop
      vertex 155.471 1.6 11.6627
      vertex 155.789 1.6 12.8226
      vertex 154.937 1.6 12.7398
    endloop
  endfacet
  facet normal 0 -1 0
    outer loop
      vertex 155.204 1.6 11.5699
      vertex 154.937 1.6 12.7398
      vertex 154.216 1.6 12.4914
    endloop
  endfacet
  facet normal 0 -1 0
    outer loop
      vertex 155.789 1.6 12.8226
      vertex 155.471 1.6 11.6627
      vertex 155.779 1.6 11.6936
    endloop
  endfacet
  facet normal 0 -1 0
    outer loop
      vertex 154.797 1.6 11.2026
      vertex 154.216 1.6 12.4914
      vertex 153.627 1.6 12.0773
    endloop
  endfacet
  facet normal 0 -1 0
    outer loop
      vertex 156.064 1.6 11.6606
      vertex 155.789 1.6 12.8226
      vertex 155.779 1.6 11.6936
    endloop
  endfacet
  facet normal 0 -1 0
    outer loop
      vertex 156.31 1.6 11.5615
      vertex 156.569 1.6 12.7387
      vertex 156.064 1.6 11.6606
    endloop
  endfacet
  facet normal 0 -1 0
    outer loop
      vertex 155.789 1.6 12.8226
      vertex 156.064 1.6 11.6606
      vertex 156.569 1.6 12.7387
    endloop
  endfacet
  facet normal 0 -1 0
    outer loop
      vertex 154.937 1.6 12.7398
      vertex 155.204 1.6 11.5699
      vertex 155.471 1.6 11.6627
    endloop
  endfacet
  facet normal 0 -1 0
    outer loop
      vertex 154.669 1.6 10.9355
      vertex 153.627 1.6 12.0773
      vertex 153.19 1.6 11.5188
    endloop
  endfacet
  facet normal 0 -1 0
    outer loop
      vertex 154.216 1.6 12.4914
      vertex 154.977 1.6 11.4154
      vertex 155.204 1.6 11.5699
    endloop
  endfacet
  facet normal 0 -1 0
    outer loop
      vertex 154.216 1.6 12.4914
      vertex 154.797 1.6 11.2026
      vertex 154.977 1.6 11.4154
    endloop
  endfacet
  facet normal 0 -1 0
    outer loop
      vertex 153.627 1.6 12.0773
      vertex 154.669 1.6 10.9355
      vertex 154.797 1.6 11.2026
    endloop
  endfacet
  facet normal 0 -1 0
    outer loop
      vertex 154.593 1.6 10.6139
      vertex 153.19 1.6 11.5188
      vertex 152.928 1.6 10.8369
    endloop
  endfacet
  facet normal 0 -1 0
    outer loop
      vertex 153.19 1.6 11.5188
      vertex 154.593 1.6 10.6139
      vertex 154.669 1.6 10.9355
    endloop
  endfacet
  facet normal 0 -1 0
    outer loop
      vertex 154.574 1.6 9.56563
      vertex 156.8 1.6 10.6139
      vertex 154.593 1.6 10.6139
    endloop
  endfacet
  facet normal 0 -1 0
    outer loop
      vertex 152.841 1.6 10.0315
      vertex 154.593 1.6 10.6139
      vertex 152.928 1.6 10.8369
    endloop
  endfacet
  facet normal 0 -1 0
    outer loop
      vertex 154.593 1.6 10.6139
      vertex 152.841 1.6 10.0315
      vertex 154.574 1.6 9.56563
    endloop
  endfacet
  facet normal 0 -1 0
    outer loop
      vertex 158.547 1.6 9.56563
      vertex 156.8 1.6 10.6139
      vertex 154.574 1.6 9.56563
    endloop
  endfacet
  facet normal 0 -1 0
    outer loop
      vertex 156.8 1.6 10.6139
      vertex 158.547 1.6 9.56563
      vertex 158.547 1.6 10.0495
    endloop
  endfacet
  facet normal 0 -1 -0
    outer loop
      vertex 156.569 1.6 12.7387
      vertex 156.31 1.6 11.5615
      vertex 157.237 1.6 12.487
    endloop
  endfacet
  facet normal 0 -1 0
    outer loop
      vertex 156.518 1.6 11.3963
      vertex 157.237 1.6 12.487
      vertex 156.31 1.6 11.5615
    endloop
  endfacet
  facet normal 0 -1 -0
    outer loop
      vertex 157.237 1.6 12.487
      vertex 156.518 1.6 11.3963
      vertex 157.795 1.6 12.0676
    endloop
  endfacet
  facet normal 0 -1 0
    outer loop
      vertex 156.675 1.6 11.1773
      vertex 157.795 1.6 12.0676
      vertex 156.518 1.6 11.3963
    endloop
  endfacet
  facet normal 0 -1 -0
    outer loop
      vertex 157.795 1.6 12.0676
      vertex 156.675 1.6 11.1773
      vertex 158.213 1.6 11.5078
    endloop
  endfacet
  facet normal 0 -1 0
    outer loop
      vertex 156.769 1.6 10.9165
      vertex 158.213 1.6 11.5078
      vertex 156.675 1.6 11.1773
    endloop
  endfacet
  facet normal 0 -1 0
    outer loop
      vertex 156.769 1.6 10.9165
      vertex 158.463 1.6 10.8351
      vertex 158.213 1.6 11.5078
    endloop
  endfacet
  facet normal 0 -1 0
    outer loop
      vertex 156.8 1.6 10.6139
      vertex 158.463 1.6 10.8351
      vertex 156.769 1.6 10.9165
    endloop
  endfacet
  facet normal 0 -1 -0
    outer loop
      vertex 158.463 1.6 10.8351
      vertex 156.8 1.6 10.6139
      vertex 158.547 1.6 10.0495
    endloop
  endfacet
  facet normal 0 -1 -0
    outer loop
      vertex 155.285 1.6 8.50237
      vertex 154.993 1.6 7.32198
      vertex 155.63 1.6 8.40269
    endloop
  endfacet
  facet normal 0 -1 0
    outer loop
      vertex 155.884 1.6 7.24051
      vertex 155.63 1.6 8.40269
      vertex 154.993 1.6 7.32198
    endloop
  endfacet
  facet normal 0 -1 0
    outer loop
      vertex 157.903 1.6 8.81316
      vertex 158.295 1.6 7.70195
      vertex 158.295 1.6 9.0101
    endloop
  endfacet
  facet normal 0 -1 0
    outer loop
      vertex 157.518 1.6 8.6526
      vertex 158.295 1.6 7.70195
      vertex 157.903 1.6 8.81316
    endloop
  endfacet
  facet normal 0 -1 0
    outer loop
      vertex 157.492 1.6 7.44717
      vertex 157.518 1.6 8.6526
      vertex 157.139 1.6 8.52843
    endloop
  endfacet
  facet normal 0 -1 0
    outer loop
      vertex 157.09 1.6 7.35706
      vertex 157.139 1.6 8.52843
      vertex 156.767 1.6 8.44011
    endloop
  endfacet
  facet normal 0 -1 0
    outer loop
      vertex 155.63 1.6 8.40269
      vertex 155.884 1.6 7.24051
      vertex 156.041 1.6 8.36946
    endloop
  endfacet
  facet normal -0 -1 0
    outer loop
      vertex 156.286 1.6 7.25345
      vertex 156.041 1.6 8.36946
      vertex 155.884 1.6 7.24051
    endloop
  endfacet
  facet normal 0 -1 0
    outer loop
      vertex 157.518 1.6 8.6526
      vertex 157.893 1.6 7.56213
      vertex 158.295 1.6 7.70195
    endloop
  endfacet
  facet normal 0 -1 -0
    outer loop
      vertex 157.518 1.6 8.6526
      vertex 157.492 1.6 7.44717
      vertex 157.893 1.6 7.56213
    endloop
  endfacet
  facet normal 0 -1 -0
    outer loop
      vertex 157.139 1.6 8.52843
      vertex 157.09 1.6 7.35706
      vertex 157.492 1.6 7.44717
    endloop
  endfacet
  facet normal 0 -1 0
    outer loop
      vertex 156.041 1.6 8.36946
      vertex 156.286 1.6 7.25345
      vertex 156.401 1.6 8.38713
    endloop
  endfacet
  facet normal 0 -1 -0
    outer loop
      vertex 156.767 1.6 8.44011
      vertex 156.688 1.6 7.2923
      vertex 157.09 1.6 7.35706
    endloop
  endfacet
  facet normal 0 -1 0
    outer loop
      vertex 156.401 1.6 8.38713
      vertex 156.688 1.6 7.2923
      vertex 156.767 1.6 8.44011
    endloop
  endfacet
  facet normal -0 -1 0
    outer loop
      vertex 156.688 1.6 7.2923
      vertex 156.401 1.6 8.38713
      vertex 156.286 1.6 7.25345
    endloop
  endfacet
  facet normal 0 -1 0
    outer loop
      vertex 142.095 1.6 9.74722
      vertex 142.301 1.6 10.7797
      vertex 141.465 1.6 10.7312
    endloop
  endfacet
  facet normal 0 -1 0
    outer loop
      vertex 141.637 1.6 11.6815
      vertex 141.934 1.6 12.815
      vertex 141.567 1.6 12.7922
    endloop
  endfacet
  facet normal 0 -1 0
    outer loop
      vertex 141.934 1.6 12.815
      vertex 141.993 1.6 11.6936
      vertex 142.301 1.6 12.8226
    endloop
  endfacet
  facet normal 0 -1 0
    outer loop
      vertex 141.637 1.6 11.6815
      vertex 141.567 1.6 12.7922
      vertex 141.2 1.6 12.7542
    endloop
  endfacet
  facet normal 0 -1 0
    outer loop
      vertex 141.298 1.6 11.6453
      vertex 141.2 1.6 12.7542
      vertex 140.833 1.6 12.7015
    endloop
  endfacet
  facet normal 0 -1 0
    outer loop
      vertex 140.977 1.6 11.585
      vertex 140.833 1.6 12.7015
      vertex 140.468 1.6 12.6347
    endloop
  endfacet
  facet normal 0 -1 -0
    outer loop
      vertex 142.301 1.6 12.8226
      vertex 141.993 1.6 11.6936
      vertex 142.402 1.6 11.6727
    endloop
  endfacet
  facet normal 0 -1 0
    outer loop
      vertex 140.671 1.6 11.5005
      vertex 140.468 1.6 12.6347
      vertex 140.103 1.6 12.5538
    endloop
  endfacet
  facet normal 0 -1 0
    outer loop
      vertex 142.733 1.6 11.6101
      vertex 142.301 1.6 12.8226
      vertex 142.402 1.6 11.6727
    endloop
  endfacet
  facet normal 0 -1 0
    outer loop
      vertex 142.985 1.6 11.5058
      vertex 143.171 1.6 12.7595
      vertex 142.733 1.6 11.6101
    endloop
  endfacet
  facet normal 0 -1 0
    outer loop
      vertex 142.301 1.6 12.8226
      vertex 142.733 1.6 11.6101
      vertex 143.171 1.6 12.7595
    endloop
  endfacet
  facet normal 0 -1 -0
    outer loop
      vertex 141.934 1.6 12.815
      vertex 141.637 1.6 11.6815
      vertex 141.993 1.6 11.6936
    endloop
  endfacet
  facet normal 0 -1 0
    outer loop
      vertex 141.2 1.6 12.7542
      vertex 141.298 1.6 11.6453
      vertex 141.637 1.6 11.6815
    endloop
  endfacet
  facet normal 0 -1 0
    outer loop
      vertex 140.833 1.6 12.7015
      vertex 140.977 1.6 11.585
      vertex 141.298 1.6 11.6453
    endloop
  endfacet
  facet normal 0 -1 0
    outer loop
      vertex 140.468 1.6 12.6347
      vertex 140.671 1.6 11.5005
      vertex 140.977 1.6 11.585
    endloop
  endfacet
  facet normal 0 -1 0
    outer loop
      vertex 140.103 1.6 12.5538
      vertex 140.38 1.6 11.3918
      vertex 140.671 1.6 11.5005
    endloop
  endfacet
  facet normal -0 -1 0
    outer loop
      vertex 140.38 1.6 11.3918
      vertex 140.103 1.6 12.5538
      vertex 140.103 1.6 11.259
    endloop
  endfacet
  facet normal 0 -1 -0
    outer loop
      vertex 143.171 1.6 12.7595
      vertex 142.985 1.6 11.5058
      vertex 143.863 1.6 12.5702
    endloop
  endfacet
  facet normal 0 -1 0
    outer loop
      vertex 143.161 1.6 11.3566
      vertex 143.863 1.6 12.5702
      vertex 142.985 1.6 11.5058
    endloop
  endfacet
  facet normal 0 -1 -0
    outer loop
      vertex 143.863 1.6 12.5702
      vertex 143.161 1.6 11.3566
      vertex 144.378 1.6 12.2548
    endloop
  endfacet
  facet normal 0 -1 0
    outer loop
      vertex 143.267 1.6 11.1593
      vertex 144.378 1.6 12.2548
      vertex 143.161 1.6 11.3566
    endloop
  endfacet
  facet normal 0 -1 -0
    outer loop
      vertex 144.378 1.6 12.2548
      vertex 143.267 1.6 11.1593
      vertex 144.732 1.6 11.7973
    endloop
  endfacet
  facet normal 0 -1 -0
    outer loop
      vertex 144.732 1.6 11.7973
      vertex 143.267 1.6 11.1593
      vertex 144.945 1.6 11.1821
    endloop
  endfacet
  facet normal 0 -1 0
    outer loop
      vertex 143.303 1.6 10.9139
      vertex 144.945 1.6 11.1821
      vertex 143.267 1.6 11.1593
    endloop
  endfacet
  facet normal 0 -1 0
    outer loop
      vertex 143.303 1.6 10.7797
      vertex 144.945 1.6 11.1821
      vertex 143.303 1.6 10.9139
    endloop
  endfacet
  facet normal 0 -1 0
    outer loop
      vertex 141.62 1.6 9.58719
      vertex 141.465 1.6 10.7312
      vertex 140.792 1.6 10.5857
    endloop
  endfacet
  facet normal 0 -1 0
    outer loop
      vertex 143.303 1.6 10.7797
      vertex 145.016 1.6 10.4089
      vertex 144.945 1.6 11.1821
    endloop
  endfacet
  facet normal 0 -1 -0
    outer loop
      vertex 142.301 1.6 10.7797
      vertex 142.095 1.6 9.74722
      vertex 142.42 1.6 9.76723
    endloop
  endfacet
  facet normal 0 -1 0
    outer loop
      vertex 141.471 1.6 9.4482
      vertex 140.792 1.6 10.5857
      vertex 140.281 1.6 10.3432
    endloop
  endfacet
  facet normal 0 -1 0
    outer loop
      vertex 141.381 1.6 9.27132
      vertex 140.281 1.6 10.3432
      vertex 139.924 1.6 9.99687
    endloop
  endfacet
  facet normal 0 -1 -0
    outer loop
      vertex 143.303 1.6 10.7797
      vertex 142.42 1.6 9.76723
      vertex 143.303 1.6 9.76723
    endloop
  endfacet
  facet normal 0 -1 0
    outer loop
      vertex 143.303 1.6 10.7797
      vertex 143.303 1.6 9.76723
      vertex 145.016 1.6 10.4089
    endloop
  endfacet
  facet normal 0 -1 0
    outer loop
      vertex 143.303 1.6 9.57297
      vertex 145.016 1.6 10.4089
      vertex 143.303 1.6 9.76723
    endloop
  endfacet
  facet normal 0 -1 0
    outer loop
      vertex 143.266 1.6 9.24788
      vertex 145.016 1.6 10.4089
      vertex 143.303 1.6 9.57297
    endloop
  endfacet
  facet normal 0 -1 0
    outer loop
      vertex 143.303 1.6 8.16786
      vertex 143.266 1.6 9.24788
      vertex 143.157 1.6 8.9612
    endloop
  endfacet
  facet normal 0 -1 0
    outer loop
      vertex 143.303 1.6 8.16786
      vertex 143.157 1.6 8.9612
      vertex 142.975 1.6 8.71295
    endloop
  endfacet
  facet normal 0 -1 0
    outer loop
      vertex 142.534 1.6 7.46164
      vertex 142.471 1.6 8.40762
      vertex 142.168 1.6 8.36946
    endloop
  endfacet
  facet normal 0 -1 0
    outer loop
      vertex 143.065 1.6 7.87379
      vertex 142.74 1.6 8.52213
      vertex 142.471 1.6 8.40762
    endloop
  endfacet
  facet normal 0 -1 0
    outer loop
      vertex 143.303 1.6 8.16786
      vertex 142.975 1.6 8.71295
      vertex 142.74 1.6 8.52213
    endloop
  endfacet
  facet normal 0 -1 0
    outer loop
      vertex 143.266 1.6 9.24788
      vertex 143.303 1.6 8.16786
      vertex 145.016 1.6 7.37938
    endloop
  endfacet
  facet normal 0 -1 0
    outer loop
      vertex 145.016 1.6 7.37938
      vertex 143.303 1.6 8.16786
      vertex 143.303 1.6 7.37938
    endloop
  endfacet
  facet normal 0 -1 0
    outer loop
      vertex 143.266 1.6 9.24788
      vertex 145.016 1.6 7.37938
      vertex 145.016 1.6 10.4089
    endloop
  endfacet
  facet normal 0 -1 0
    outer loop
      vertex 142.301 1.6 10.7797
      vertex 142.42 1.6 9.76723
      vertex 143.303 1.6 10.7797
    endloop
  endfacet
  facet normal 0 -1 0
    outer loop
      vertex 141.465 1.6 10.7312
      vertex 141.828 1.6 9.68721
      vertex 142.095 1.6 9.74722
    endloop
  endfacet
  facet normal 0 -1 0
    outer loop
      vertex 141.465 1.6 10.7312
      vertex 141.62 1.6 9.58719
      vertex 141.828 1.6 9.68721
    endloop
  endfacet
  facet normal 0 -1 0
    outer loop
      vertex 141.381 1.6 9.27132
      vertex 139.924 1.6 9.99687
      vertex 139.71 1.6 9.53986
    endloop
  endfacet
  facet normal 0 -1 0
    outer loop
      vertex 140.792 1.6 10.5857
      vertex 141.471 1.6 9.4482
      vertex 141.62 1.6 9.58719
    endloop
  endfacet
  facet normal 0 -1 0
    outer loop
      vertex 140.281 1.6 10.3432
      vertex 141.381 1.6 9.27132
      vertex 141.471 1.6 9.4482
    endloop
  endfacet
  facet normal 0 -1 0
    outer loop
      vertex 139.71 1.6 9.53986
      vertex 141.352 1.6 9.05652
      vertex 141.381 1.6 9.27132
    endloop
  endfacet
  facet normal 0 -1 0
    outer loop
      vertex 139.638 1.6 8.97217
      vertex 141.352 1.6 9.05652
      vertex 139.71 1.6 9.53986
    endloop
  endfacet
  facet normal 0 -1 0
    outer loop
      vertex 139.638 1.6 8.97217
      vertex 141.376 1.6 8.85724
      vertex 141.352 1.6 9.05652
    endloop
  endfacet
  facet normal 0 -1 0
    outer loop
      vertex 139.695 1.6 8.49165
      vertex 141.376 1.6 8.85724
      vertex 139.638 1.6 8.97217
    endloop
  endfacet
  facet normal 0 -1 0
    outer loop
      vertex 139.867 1.6 8.07495
      vertex 141.376 1.6 8.85724
      vertex 139.695 1.6 8.49165
    endloop
  endfacet
  facet normal 0 -1 -0
    outer loop
      vertex 141.376 1.6 8.85724
      vertex 139.867 1.6 8.07495
      vertex 141.448 1.6 8.68903
    endloop
  endfacet
  facet normal 0 -1 0
    outer loop
      vertex 140.153 1.6 7.72203
      vertex 141.448 1.6 8.68903
      vertex 139.867 1.6 8.07495
    endloop
  endfacet
  facet normal 0 -1 0
    outer loop
      vertex 140.531 1.6 7.45451
      vertex 141.448 1.6 8.68903
      vertex 140.153 1.6 7.72203
    endloop
  endfacet
  facet normal 0 -1 -0
    outer loop
      vertex 141.448 1.6 8.68903
      vertex 140.531 1.6 7.45451
      vertex 141.568 1.6 8.55188
    endloop
  endfacet
  facet normal 0 -1 0
    outer loop
      vertex 140.978 1.6 7.29401
      vertex 141.568 1.6 8.55188
      vertex 140.531 1.6 7.45451
    endloop
  endfacet
  facet normal 0 -1 -0
    outer loop
      vertex 141.568 1.6 8.55188
      vertex 140.978 1.6 7.29401
      vertex 141.73 1.6 8.45053
    endloop
  endfacet
  facet normal 0 -1 0
    outer loop
      vertex 142.74 1.6 8.52213
      vertex 143.065 1.6 7.87379
      vertex 143.303 1.6 8.16786
    endloop
  endfacet
  facet normal 0 -1 0
    outer loop
      vertex 141.494 1.6 7.24051
      vertex 141.73 1.6 8.45053
      vertex 140.978 1.6 7.29401
    endloop
  endfacet
  facet normal -0 -1 0
    outer loop
      vertex 142.228 1.6 7.33878
      vertex 141.931 1.6 8.38972
      vertex 141.882 1.6 7.26508
    endloop
  endfacet
  facet normal 0 -1 0
    outer loop
      vertex 142.471 1.6 8.40762
      vertex 142.809 1.6 7.63838
      vertex 143.065 1.6 7.87379
    endloop
  endfacet
  facet normal 0 -1 -0
    outer loop
      vertex 141.73 1.6 8.45053
      vertex 141.494 1.6 7.24051
      vertex 141.931 1.6 8.38972
    endloop
  endfacet
  facet normal -0 -1 0
    outer loop
      vertex 142.534 1.6 7.46164
      vertex 142.168 1.6 8.36946
      vertex 142.228 1.6 7.33878
    endloop
  endfacet
  facet normal -0 -1 0
    outer loop
      vertex 141.882 1.6 7.26508
      vertex 141.931 1.6 8.38972
      vertex 141.494 1.6 7.24051
    endloop
  endfacet
  facet normal 0 -1 0
    outer loop
      vertex 142.471 1.6 8.40762
      vertex 142.534 1.6 7.46164
      vertex 142.809 1.6 7.63838
    endloop
  endfacet
  facet normal 0 -1 0
    outer loop
      vertex 141.931 1.6 8.38972
      vertex 142.228 1.6 7.33878
      vertex 142.168 1.6 8.36946
    endloop
  endfacet
  facet normal 0 -1 0
    outer loop
      vertex 162.976 1.6 9.21431
      vertex 164.62 1.6 9.56563
      vertex 162.887 1.6 10.0315
    endloop
  endfacet
  facet normal 0 -1 0
    outer loop
      vertex 162.976 1.6 9.21431
      vertex 164.695 1.6 9.20013
      vertex 164.62 1.6 9.56563
    endloop
  endfacet
  facet normal 0 -1 0
    outer loop
      vertex 163.243 1.6 8.52841
      vertex 164.695 1.6 9.20013
      vertex 162.976 1.6 9.21431
    endloop
  endfacet
  facet normal 0 -1 0
    outer loop
      vertex 163.687 1.6 7.97382
      vertex 164.695 1.6 9.20013
      vertex 163.243 1.6 8.52841
    endloop
  endfacet
  facet normal 0 -1 -0
    outer loop
      vertex 164.695 1.6 9.20013
      vertex 163.687 1.6 7.97382
      vertex 164.839 1.6 8.90109
    endloop
  endfacet
  facet normal 0 -1 0
    outer loop
      vertex 164.292 1.6 7.56642
      vertex 164.839 1.6 8.90109
      vertex 163.687 1.6 7.97382
    endloop
  endfacet
  facet normal 0 -1 -0
    outer loop
      vertex 164.839 1.6 8.90109
      vertex 164.292 1.6 7.56642
      vertex 165.052 1.6 8.6685
    endloop
  endfacet
  facet normal 0 -1 -0
    outer loop
      vertex 165.052 1.6 8.6685
      vertex 164.292 1.6 7.56642
      vertex 165.331 1.6 8.50237
    endloop
  endfacet
  facet normal 0 -1 0
    outer loop
      vertex 165.039 1.6 7.32198
      vertex 165.331 1.6 8.50237
      vertex 164.292 1.6 7.56642
    endloop
  endfacet
  facet normal 0 -1 0
    outer loop
      vertex 165.517 1.6 11.6627
      vertex 165.835 1.6 12.8226
      vertex 164.983 1.6 12.7398
    endloop
  endfacet
  facet normal 0 -1 0
    outer loop
      vertex 165.25 1.6 11.5699
      vertex 164.983 1.6 12.7398
      vertex 164.262 1.6 12.4914
    endloop
  endfacet
  facet normal 0 -1 0
    outer loop
      vertex 165.835 1.6 12.8226
      vertex 165.517 1.6 11.6627
      vertex 165.826 1.6 11.6936
    endloop
  endfacet
  facet normal 0 -1 0
    outer loop
      vertex 164.843 1.6 11.2026
      vertex 164.262 1.6 12.4914
      vertex 163.673 1.6 12.0773
    endloop
  endfacet
  facet normal 0 -1 0
    outer loop
      vertex 166.11 1.6 11.6606
      vertex 165.835 1.6 12.8226
      vertex 165.826 1.6 11.6936
    endloop
  endfacet
  facet normal 0 -1 0
    outer loop
      vertex 166.356 1.6 11.5615
      vertex 166.615 1.6 12.7387
      vertex 166.11 1.6 11.6606
    endloop
  endfacet
  facet normal 0 -1 0
    outer loop
      vertex 165.835 1.6 12.8226
      vertex 166.11 1.6 11.6606
      vertex 166.615 1.6 12.7387
    endloop
  endfacet
  facet normal 0 -1 0
    outer loop
      vertex 164.983 1.6 12.7398
      vertex 165.25 1.6 11.5699
      vertex 165.517 1.6 11.6627
    endloop
  endfacet
  facet normal 0 -1 0
    outer loop
      vertex 164.715 1.6 10.9355
      vertex 163.673 1.6 12.0773
      vertex 163.236 1.6 11.5188
    endloop
  endfacet
  facet normal 0 -1 0
    outer loop
      vertex 164.262 1.6 12.4914
      vertex 165.023 1.6 11.4154
      vertex 165.25 1.6 11.5699
    endloop
  endfacet
  facet normal 0 -1 0
    outer loop
      vertex 164.262 1.6 12.4914
      vertex 164.843 1.6 11.2026
      vertex 165.023 1.6 11.4154
    endloop
  endfacet
  facet normal 0 -1 0
    outer loop
      vertex 163.673 1.6 12.0773
      vertex 164.715 1.6 10.9355
      vertex 164.843 1.6 11.2026
    endloop
  endfacet
  facet normal 0 -1 0
    outer loop
      vertex 164.639 1.6 10.6139
      vertex 163.236 1.6 11.5188
      vertex 162.975 1.6 10.8369
    endloop
  endfacet
  facet normal 0 -1 0
    outer loop
      vertex 163.236 1.6 11.5188
      vertex 164.639 1.6 10.6139
      vertex 164.715 1.6 10.9355
    endloop
  endfacet
  facet normal 0 -1 0
    outer loop
      vertex 164.62 1.6 9.56563
      vertex 166.846 1.6 10.6139
      vertex 164.639 1.6 10.6139
    endloop
  endfacet
  facet normal 0 -1 0
    outer loop
      vertex 162.887 1.6 10.0315
      vertex 164.639 1.6 10.6139
      vertex 162.975 1.6 10.8369
    endloop
  endfacet
  facet normal 0 -1 0
    outer loop
      vertex 164.639 1.6 10.6139
      vertex 162.887 1.6 10.0315
      vertex 164.62 1.6 9.56563
    endloop
  endfacet
  facet normal 0 -1 0
    outer loop
      vertex 168.593 1.6 9.56563
      vertex 166.846 1.6 10.6139
      vertex 164.62 1.6 9.56563
    endloop
  endfacet
  facet normal 0 -1 0
    outer loop
      vertex 166.846 1.6 10.6139
      vertex 168.593 1.6 9.56563
      vertex 168.593 1.6 10.0495
    endloop
  endfacet
  facet normal 0 -1 -0
    outer loop
      vertex 166.615 1.6 12.7387
      vertex 166.356 1.6 11.5615
      vertex 167.283 1.6 12.487
    endloop
  endfacet
  facet normal 0 -1 0
    outer loop
      vertex 166.564 1.6 11.3963
      vertex 167.283 1.6 12.487
      vertex 166.356 1.6 11.5615
    endloop
  endfacet
  facet normal 0 -1 -0
    outer loop
      vertex 167.283 1.6 12.487
      vertex 166.564 1.6 11.3963
      vertex 167.841 1.6 12.0676
    endloop
  endfacet
  facet normal 0 -1 0
    outer loop
      vertex 166.721 1.6 11.1773
      vertex 167.841 1.6 12.0676
      vertex 166.564 1.6 11.3963
    endloop
  endfacet
  facet normal 0 -1 -0
    outer loop
      vertex 167.841 1.6 12.0676
      vertex 166.721 1.6 11.1773
      vertex 168.259 1.6 11.5078
    endloop
  endfacet
  facet normal 0 -1 0
    outer loop
      vertex 166.815 1.6 10.9165
      vertex 168.259 1.6 11.5078
      vertex 166.721 1.6 11.1773
    endloop
  endfacet
  facet normal 0 -1 0
    outer loop
      vertex 166.815 1.6 10.9165
      vertex 168.509 1.6 10.8351
      vertex 168.259 1.6 11.5078
    endloop
  endfacet
  facet normal 0 -1 0
    outer loop
      vertex 166.846 1.6 10.6139
      vertex 168.509 1.6 10.8351
      vertex 166.815 1.6 10.9165
    endloop
  endfacet
  facet normal 0 -1 -0
    outer loop
      vertex 168.509 1.6 10.8351
      vertex 166.846 1.6 10.6139
      vertex 168.593 1.6 10.0495
    endloop
  endfacet
  facet normal 0 -1 -0
    outer loop
      vertex 165.331 1.6 8.50237
      vertex 165.039 1.6 7.32198
      vertex 165.676 1.6 8.40269
    endloop
  endfacet
  facet normal 0 -1 0
    outer loop
      vertex 165.93 1.6 7.24051
      vertex 165.676 1.6 8.40269
      vertex 165.039 1.6 7.32198
    endloop
  endfacet
  facet normal 0 -1 0
    outer loop
      vertex 167.949 1.6 8.81316
      vertex 168.341 1.6 7.70195
      vertex 168.341 1.6 9.0101
    endloop
  endfacet
  facet normal 0 -1 0
    outer loop
      vertex 167.564 1.6 8.6526
      vertex 168.341 1.6 7.70195
      vertex 167.949 1.6 8.81316
    endloop
  endfacet
  facet normal 0 -1 0
    outer loop
      vertex 167.538 1.6 7.44717
      vertex 167.564 1.6 8.6526
      vertex 167.186 1.6 8.52843
    endloop
  endfacet
  facet normal 0 -1 0
    outer loop
      vertex 167.136 1.6 7.35706
      vertex 167.186 1.6 8.52843
      vertex 166.813 1.6 8.44011
    endloop
  endfacet
  facet normal 0 -1 0
    outer loop
      vertex 165.676 1.6 8.40269
      vertex 165.93 1.6 7.24051
      vertex 166.087 1.6 8.36946
    endloop
  endfacet
  facet normal -0 -1 0
    outer loop
      vertex 166.332 1.6 7.25345
      vertex 166.087 1.6 8.36946
      vertex 165.93 1.6 7.24051
    endloop
  endfacet
  facet normal 0 -1 0
    outer loop
      vertex 167.564 1.6 8.6526
      vertex 167.94 1.6 7.56213
      vertex 168.341 1.6 7.70195
    endloop
  endfacet
  facet normal 0 -1 -0
    outer loop
      vertex 167.564 1.6 8.6526
      vertex 167.538 1.6 7.44717
      vertex 167.94 1.6 7.56213
    endloop
  endfacet
  facet normal 0 -1 -0
    outer loop
      vertex 167.186 1.6 8.52843
      vertex 167.136 1.6 7.35706
      vertex 167.538 1.6 7.44717
    endloop
  endfacet
  facet normal 0 -1 0
    outer loop
      vertex 166.087 1.6 8.36946
      vertex 166.332 1.6 7.25345
      vertex 166.447 1.6 8.38713
    endloop
  endfacet
  facet normal 0 -1 -0
    outer loop
      vertex 166.813 1.6 8.44011
      vertex 166.734 1.6 7.2923
      vertex 167.136 1.6 7.35706
    endloop
  endfacet
  facet normal 0 -1 0
    outer loop
      vertex 166.447 1.6 8.38713
      vertex 166.734 1.6 7.2923
      vertex 166.813 1.6 8.44011
    endloop
  endfacet
  facet normal -0 -1 0
    outer loop
      vertex 166.734 1.6 7.2923
      vertex 166.447 1.6 8.38713
      vertex 166.332 1.6 7.25345
    endloop
  endfacet
  facet normal 0 -1 0
    outer loop
      vertex 138.713 1.6 11.4293
      vertex 138.883 1.6 12.8218
      vertex 138.824 1.6 12.8226
    endloop
  endfacet
  facet normal 0 -1 -0
    outer loop
      vertex 138.883 1.6 12.8218
      vertex 138.713 1.6 11.4293
      vertex 138.945 1.6 12.8195
    endloop
  endfacet
  facet normal 0 -1 0
    outer loop
      vertex 138.86 1.6 11.4014
      vertex 138.945 1.6 12.8195
      vertex 138.713 1.6 11.4293
    endloop
  endfacet
  facet normal 0 -1 -0
    outer loop
      vertex 139.01 1.6 12.8156
      vertex 138.86 1.6 11.4014
      vertex 139.086 1.6 12.8091
    endloop
  endfacet
  facet normal 0 -1 0
    outer loop
      vertex 138.565 1.6 11.4461
      vertex 138.824 1.6 12.8226
      vertex 138.448 1.6 12.7959
    endloop
  endfacet
  facet normal 0 -1 -0
    outer loop
      vertex 138.945 1.6 12.8195
      vertex 138.86 1.6 11.4014
      vertex 139.01 1.6 12.8156
    endloop
  endfacet
  facet normal 0 -1 0
    outer loop
      vertex 138.416 1.6 11.4517
      vertex 138.448 1.6 12.7959
      vertex 138.108 1.6 12.7158
    endloop
  endfacet
  facet normal 0 -1 0
    outer loop
      vertex 138.416 1.6 11.4517
      vertex 138.108 1.6 12.7158
      vertex 137.806 1.6 12.5824
    endloop
  endfacet
  facet normal 0 -1 0
    outer loop
      vertex 138.013 1.6 11.405
      vertex 137.806 1.6 12.5824
      vertex 137.534 1.6 12.3908
    endloop
  endfacet
  facet normal 0 -1 0
    outer loop
      vertex 138.013 1.6 11.405
      vertex 137.534 1.6 12.3908
      vertex 137.283 1.6 12.1364
    endloop
  endfacet
  facet normal 0 -1 0
    outer loop
      vertex 137.677 1.6 11.2648
      vertex 137.283 1.6 12.1364
      vertex 137.054 1.6 11.819
    endloop
  endfacet
  facet normal 0 -1 0
    outer loop
      vertex 137.806 1.6 12.5824
      vertex 138.013 1.6 11.405
      vertex 138.416 1.6 11.4517
    endloop
  endfacet
  facet normal 0 -1 0
    outer loop
      vertex 138.824 1.6 12.8226
      vertex 138.565 1.6 11.4461
      vertex 138.713 1.6 11.4293
    endloop
  endfacet
  facet normal 0 -1 -0
    outer loop
      vertex 139.086 1.6 12.8091
      vertex 138.86 1.6 11.4014
      vertex 139.183 1.6 12.7991
    endloop
  endfacet
  facet normal 0 -1 0
    outer loop
      vertex 139.007 1.6 11.3617
      vertex 139.183 1.6 12.7991
      vertex 138.86 1.6 11.4014
    endloop
  endfacet
  facet normal 0 -1 -0
    outer loop
      vertex 139.183 1.6 12.7991
      vertex 139.007 1.6 11.3617
      vertex 139.299 1.6 12.7854
    endloop
  endfacet
  facet normal 0 -1 0
    outer loop
      vertex 139.155 1.6 11.3098
      vertex 139.299 1.6 12.7854
      vertex 139.007 1.6 11.3617
    endloop
  endfacet
  facet normal 0 -1 -0
    outer loop
      vertex 139.299 1.6 12.7854
      vertex 139.155 1.6 11.3098
      vertex 139.304 1.6 11.2456
    endloop
  endfacet
  facet normal 0 -1 0
    outer loop
      vertex 135.355 1.6 12.6971
      vertex 137.054 1.6 11.819
      vertex 137.054 1.6 12.6971
    endloop
  endfacet
  facet normal 0 -1 -0
    outer loop
      vertex 138.448 1.6 12.7959
      vertex 138.416 1.6 11.4517
      vertex 138.565 1.6 11.4461
    endloop
  endfacet
  facet normal 0 -1 0
    outer loop
      vertex 137.283 1.6 12.1364
      vertex 137.677 1.6 11.2648
      vertex 138.013 1.6 11.405
    endloop
  endfacet
  facet normal 0 -1 0
    outer loop
      vertex 137.211 1.6 10.7107
      vertex 137.054 1.6 11.819
      vertex 135.355 1.6 12.6971
    endloop
  endfacet
  facet normal 0 -1 0
    outer loop
      vertex 137.054 1.6 11.819
      vertex 137.408 1.6 11.0313
      vertex 137.677 1.6 11.2648
    endloop
  endfacet
  facet normal 0 -1 0
    outer loop
      vertex 137.054 1.6 11.819
      vertex 137.211 1.6 10.7107
      vertex 137.408 1.6 11.0313
    endloop
  endfacet
  facet normal 0 -1 0
    outer loop
      vertex 135.355 1.6 12.6971
      vertex 137.093 1.6 10.3093
      vertex 137.211 1.6 10.7107
    endloop
  endfacet
  facet normal 0 -1 0
    outer loop
      vertex 135.355 1.6 12.6971
      vertex 137.054 1.6 9.82721
      vertex 137.093 1.6 10.3093
    endloop
  endfacet
  facet normal 0 -1 0
    outer loop
      vertex 135.355 1.6 7.37938
      vertex 137.054 1.6 9.82721
      vertex 135.355 1.6 12.6971
    endloop
  endfacet
  facet normal 0 -1 -0
    outer loop
      vertex 137.054 1.6 9.82721
      vertex 135.355 1.6 7.37938
      vertex 137.054 1.6 7.37938
    endloop
  endfacet
  facet normal 0 -1 0
    outer loop
      vertex 120.126 1.6 9.21431
      vertex 121.77 1.6 9.56563
      vertex 120.037 1.6 10.0315
    endloop
  endfacet
  facet normal 0 -1 0
    outer loop
      vertex 120.126 1.6 9.21431
      vertex 121.845 1.6 9.20013
      vertex 121.77 1.6 9.56563
    endloop
  endfacet
  facet normal 0 -1 0
    outer loop
      vertex 120.393 1.6 8.52841
      vertex 121.845 1.6 9.20013
      vertex 120.126 1.6 9.21431
    endloop
  endfacet
  facet normal 0 -1 0
    outer loop
      vertex 120.837 1.6 7.97382
      vertex 121.845 1.6 9.20013
      vertex 120.393 1.6 8.52841
    endloop
  endfacet
  facet normal 0 -1 -0
    outer loop
      vertex 121.845 1.6 9.20013
      vertex 120.837 1.6 7.97382
      vertex 121.989 1.6 8.90109
    endloop
  endfacet
  facet normal 0 -1 0
    outer loop
      vertex 121.442 1.6 7.56642
      vertex 121.989 1.6 8.90109
      vertex 120.837 1.6 7.97382
    endloop
  endfacet
  facet normal 0 -1 -0
    outer loop
      vertex 121.989 1.6 8.90109
      vertex 121.442 1.6 7.56642
      vertex 122.202 1.6 8.6685
    endloop
  endfacet
  facet normal 0 -1 -0
    outer loop
      vertex 122.202 1.6 8.6685
      vertex 121.442 1.6 7.56642
      vertex 122.481 1.6 8.50237
    endloop
  endfacet
  facet normal 0 -1 0
    outer loop
      vertex 122.19 1.6 7.32198
      vertex 122.481 1.6 8.50237
      vertex 121.442 1.6 7.56642
    endloop
  endfacet
  facet normal 0 -1 0
    outer loop
      vertex 122.667 1.6 11.6627
      vertex 122.985 1.6 12.8226
      vertex 122.133 1.6 12.7398
    endloop
  endfacet
  facet normal 0 -1 0
    outer loop
      vertex 122.4 1.6 11.5699
      vertex 122.133 1.6 12.7398
      vertex 121.412 1.6 12.4914
    endloop
  endfacet
  facet normal 0 -1 0
    outer loop
      vertex 122.985 1.6 12.8226
      vertex 122.667 1.6 11.6627
      vertex 122.976 1.6 11.6936
    endloop
  endfacet
  facet normal 0 -1 0
    outer loop
      vertex 121.994 1.6 11.2026
      vertex 121.412 1.6 12.4914
      vertex 120.823 1.6 12.0773
    endloop
  endfacet
  facet normal 0 -1 0
    outer loop
      vertex 123.26 1.6 11.6606
      vertex 122.985 1.6 12.8226
      vertex 122.976 1.6 11.6936
    endloop
  endfacet
  facet normal 0 -1 0
    outer loop
      vertex 123.506 1.6 11.5615
      vertex 123.765 1.6 12.7387
      vertex 123.26 1.6 11.6606
    endloop
  endfacet
  facet normal 0 -1 0
    outer loop
      vertex 122.985 1.6 12.8226
      vertex 123.26 1.6 11.6606
      vertex 123.765 1.6 12.7387
    endloop
  endfacet
  facet normal 0 -1 0
    outer loop
      vertex 122.133 1.6 12.7398
      vertex 122.4 1.6 11.5699
      vertex 122.667 1.6 11.6627
    endloop
  endfacet
  facet normal 0 -1 0
    outer loop
      vertex 121.865 1.6 10.9355
      vertex 120.823 1.6 12.0773
      vertex 120.387 1.6 11.5188
    endloop
  endfacet
  facet normal 0 -1 0
    outer loop
      vertex 121.412 1.6 12.4914
      vertex 122.173 1.6 11.4154
      vertex 122.4 1.6 11.5699
    endloop
  endfacet
  facet normal 0 -1 0
    outer loop
      vertex 121.412 1.6 12.4914
      vertex 121.994 1.6 11.2026
      vertex 122.173 1.6 11.4154
    endloop
  endfacet
  facet normal 0 -1 0
    outer loop
      vertex 120.823 1.6 12.0773
      vertex 121.865 1.6 10.9355
      vertex 121.994 1.6 11.2026
    endloop
  endfacet
  facet normal 0 -1 0
    outer loop
      vertex 121.789 1.6 10.6139
      vertex 120.387 1.6 11.5188
      vertex 120.125 1.6 10.8369
    endloop
  endfacet
  facet normal 0 -1 0
    outer loop
      vertex 120.387 1.6 11.5188
      vertex 121.789 1.6 10.6139
      vertex 121.865 1.6 10.9355
    endloop
  endfacet
  facet normal 0 -1 0
    outer loop
      vertex 121.77 1.6 9.56563
      vertex 123.996 1.6 10.6139
      vertex 121.789 1.6 10.6139
    endloop
  endfacet
  facet normal 0 -1 0
    outer loop
      vertex 120.037 1.6 10.0315
      vertex 121.789 1.6 10.6139
      vertex 120.125 1.6 10.8369
    endloop
  endfacet
  facet normal 0 -1 0
    outer loop
      vertex 121.789 1.6 10.6139
      vertex 120.037 1.6 10.0315
      vertex 121.77 1.6 9.56563
    endloop
  endfacet
  facet normal 0 -1 0
    outer loop
      vertex 125.743 1.6 9.56563
      vertex 123.996 1.6 10.6139
      vertex 121.77 1.6 9.56563
    endloop
  endfacet
  facet normal 0 -1 0
    outer loop
      vertex 123.996 1.6 10.6139
      vertex 125.743 1.6 9.56563
      vertex 125.743 1.6 10.0495
    endloop
  endfacet
  facet normal 0 -1 -0
    outer loop
      vertex 123.765 1.6 12.7387
      vertex 123.506 1.6 11.5615
      vertex 124.434 1.6 12.487
    endloop
  endfacet
  facet normal 0 -1 0
    outer loop
      vertex 123.714 1.6 11.3963
      vertex 124.434 1.6 12.487
      vertex 123.506 1.6 11.5615
    endloop
  endfacet
  facet normal 0 -1 -0
    outer loop
      vertex 124.434 1.6 12.487
      vertex 123.714 1.6 11.3963
      vertex 124.991 1.6 12.0676
    endloop
  endfacet
  facet normal 0 -1 0
    outer loop
      vertex 123.871 1.6 11.1773
      vertex 124.991 1.6 12.0676
      vertex 123.714 1.6 11.3963
    endloop
  endfacet
  facet normal 0 -1 -0
    outer loop
      vertex 124.991 1.6 12.0676
      vertex 123.871 1.6 11.1773
      vertex 125.409 1.6 11.5078
    endloop
  endfacet
  facet normal 0 -1 0
    outer loop
      vertex 123.965 1.6 10.9165
      vertex 125.409 1.6 11.5078
      vertex 123.871 1.6 11.1773
    endloop
  endfacet
  facet normal 0 -1 0
    outer loop
      vertex 123.965 1.6 10.9165
      vertex 125.66 1.6 10.8351
      vertex 125.409 1.6 11.5078
    endloop
  endfacet
  facet normal 0 -1 0
    outer loop
      vertex 123.996 1.6 10.6139
      vertex 125.66 1.6 10.8351
      vertex 123.965 1.6 10.9165
    endloop
  endfacet
  facet normal 0 -1 -0
    outer loop
      vertex 125.66 1.6 10.8351
      vertex 123.996 1.6 10.6139
      vertex 125.743 1.6 10.0495
    endloop
  endfacet
  facet normal 0 -1 -0
    outer loop
      vertex 122.481 1.6 8.50237
      vertex 122.19 1.6 7.32198
      vertex 122.826 1.6 8.40269
    endloop
  endfacet
  facet normal 0 -1 0
    outer loop
      vertex 123.08 1.6 7.24051
      vertex 122.826 1.6 8.40269
      vertex 122.19 1.6 7.32198
    endloop
  endfacet
  facet normal 0 -1 0
    outer loop
      vertex 125.099 1.6 8.81316
      vertex 125.492 1.6 7.70195
      vertex 125.492 1.6 9.0101
    endloop
  endfacet
  facet normal 0 -1 0
    outer loop
      vertex 124.714 1.6 8.6526
      vertex 125.492 1.6 7.70195
      vertex 125.099 1.6 8.81316
    endloop
  endfacet
  facet normal 0 -1 0
    outer loop
      vertex 124.688 1.6 7.44717
      vertex 124.714 1.6 8.6526
      vertex 124.336 1.6 8.52843
    endloop
  endfacet
  facet normal 0 -1 0
    outer loop
      vertex 124.286 1.6 7.35706
      vertex 124.336 1.6 8.52843
      vertex 123.964 1.6 8.44011
    endloop
  endfacet
  facet normal 0 -1 0
    outer loop
      vertex 122.826 1.6 8.40269
      vertex 123.08 1.6 7.24051
      vertex 123.237 1.6 8.36946
    endloop
  endfacet
  facet normal -0 -1 0
    outer loop
      vertex 123.482 1.6 7.25345
      vertex 123.237 1.6 8.36946
      vertex 123.08 1.6 7.24051
    endloop
  endfacet
  facet normal 0 -1 0
    outer loop
      vertex 124.714 1.6 8.6526
      vertex 125.09 1.6 7.56213
      vertex 125.492 1.6 7.70195
    endloop
  endfacet
  facet normal 0 -1 -0
    outer loop
      vertex 124.714 1.6 8.6526
      vertex 124.688 1.6 7.44717
      vertex 125.09 1.6 7.56213
    endloop
  endfacet
  facet normal 0 -1 -0
    outer loop
      vertex 124.336 1.6 8.52843
      vertex 124.286 1.6 7.35706
      vertex 124.688 1.6 7.44717
    endloop
  endfacet
  facet normal 0 -1 0
    outer loop
      vertex 123.237 1.6 8.36946
      vertex 123.482 1.6 7.25345
      vertex 123.597 1.6 8.38713
    endloop
  endfacet
  facet normal 0 -1 -0
    outer loop
      vertex 123.964 1.6 8.44011
      vertex 123.884 1.6 7.2923
      vertex 124.286 1.6 7.35706
    endloop
  endfacet
  facet normal 0 -1 0
    outer loop
      vertex 123.597 1.6 8.38713
      vertex 123.884 1.6 7.2923
      vertex 123.964 1.6 8.44011
    endloop
  endfacet
  facet normal -0 -1 0
    outer loop
      vertex 123.884 1.6 7.2923
      vertex 123.597 1.6 8.38713
      vertex 123.482 1.6 7.25345
    endloop
  endfacet
  facet normal 0 -1 0
    outer loop
      vertex 101.058 1.6 12.6971
      vertex 102.757 1.6 11.9176
      vertex 102.757 1.6 12.6971
    endloop
  endfacet
  facet normal 0 -1 0
    outer loop
      vertex 103.259 1.6 12.4282
      vertex 103.551 1.6 11.546
      vertex 103.887 1.6 11.5906
    endloop
  endfacet
  facet normal 0 -1 0
    outer loop
      vertex 102.887 1.6 10.8828
      vertex 102.757 1.6 11.9176
      vertex 101.058 1.6 12.6971
    endloop
  endfacet
  facet normal 0 -1 0
    outer loop
      vertex 103 1.6 12.2
      vertex 103.272 1.6 11.4123
      vertex 103.551 1.6 11.546
    endloop
  endfacet
  facet normal 0 -1 0
    outer loop
      vertex 102.757 1.6 11.9176
      vertex 103.049 1.6 11.1895
      vertex 103.272 1.6 11.4123
    endloop
  endfacet
  facet normal 0 -1 0
    outer loop
      vertex 102.757 1.6 11.9176
      vertex 102.887 1.6 10.8828
      vertex 103.049 1.6 11.1895
    endloop
  endfacet
  facet normal 0 -1 0
    outer loop
      vertex 101.058 1.6 12.6971
      vertex 102.79 1.6 10.4976
      vertex 102.887 1.6 10.8828
    endloop
  endfacet
  facet normal 0 -1 0
    outer loop
      vertex 101.058 1.6 12.6971
      vertex 102.757 1.6 10.0338
      vertex 102.79 1.6 10.4976
    endloop
  endfacet
  facet normal 0 -1 0
    outer loop
      vertex 101.058 1.6 12.6971
      vertex 102.79 1.6 9.56996
      vertex 102.757 1.6 10.0338
    endloop
  endfacet
  facet normal 0 -1 0
    outer loop
      vertex 101.058 1.6 5.3589
      vertex 102.79 1.6 9.56996
      vertex 101.058 1.6 12.6971
    endloop
  endfacet
  facet normal 0 -1 -0
    outer loop
      vertex 103.272 1.6 8.65521
      vertex 103 1.6 7.86302
      vertex 103.551 1.6 8.52155
    endloop
  endfacet
  facet normal 0 -1 0
    outer loop
      vertex 103 1.6 7.86302
      vertex 103.272 1.6 8.65521
      vertex 102.757 1.6 8.14546
    endloop
  endfacet
  facet normal 0 -1 -0
    outer loop
      vertex 103.049 1.6 8.87801
      vertex 102.757 1.6 8.14546
      vertex 103.272 1.6 8.65521
    endloop
  endfacet
  facet normal 0 -1 -0
    outer loop
      vertex 102.887 1.6 9.18469
      vertex 102.757 1.6 8.14546
      vertex 103.049 1.6 8.87801
    endloop
  endfacet
  facet normal 0 -1 -0
    outer loop
      vertex 102.79 1.6 9.56996
      vertex 102.757 1.6 8.14546
      vertex 102.887 1.6 9.18469
    endloop
  endfacet
  facet normal 0 -1 0
    outer loop
      vertex 102.79 1.6 9.56996
      vertex 101.058 1.6 5.3589
      vertex 102.757 1.6 8.14546
    endloop
  endfacet
  facet normal 0 -1 -0
    outer loop
      vertex 102.757 1.6 8.14546
      vertex 101.058 1.6 5.3589
      vertex 102.757 1.6 5.3589
    endloop
  endfacet
  facet normal 0 -1 0
    outer loop
      vertex 104.222 1.6 11.5463
      vertex 104.518 1.6 12.8226
      vertex 104.162 1.6 12.7981
    endloop
  endfacet
  facet normal 0 -1 0
    outer loop
      vertex 104.222 1.6 11.5463
      vertex 104.162 1.6 12.7981
      vertex 103.835 1.6 12.7246
    endloop
  endfacet
  facet normal 0 -1 0
    outer loop
      vertex 103.887 1.6 11.5906
      vertex 103.835 1.6 12.7246
      vertex 103.536 1.6 12.6022
    endloop
  endfacet
  facet normal 0 -1 0
    outer loop
      vertex 104.5 1.6 11.4134
      vertex 104.518 1.6 12.8226
      vertex 104.222 1.6 11.5463
    endloop
  endfacet
  facet normal 0 -1 0
    outer loop
      vertex 103.887 1.6 11.5906
      vertex 103.536 1.6 12.6022
      vertex 103.259 1.6 12.4282
    endloop
  endfacet
  facet normal 0 -1 0
    outer loop
      vertex 103.551 1.6 11.546
      vertex 103.259 1.6 12.4282
      vertex 103 1.6 12.2
    endloop
  endfacet
  facet normal 0 -1 -0
    outer loop
      vertex 104.518 1.6 12.8226
      vertex 104.5 1.6 11.4134
      vertex 105.134 1.6 12.7358
    endloop
  endfacet
  facet normal 0 -1 0
    outer loop
      vertex 103.272 1.6 11.4123
      vertex 103 1.6 12.2
      vertex 102.757 1.6 11.9176
    endloop
  endfacet
  facet normal 0 -1 0
    outer loop
      vertex 103.835 1.6 12.7246
      vertex 103.887 1.6 11.5906
      vertex 104.222 1.6 11.5463
    endloop
  endfacet
  facet normal 0 -1 -0
    outer loop
      vertex 105.134 1.6 12.7358
      vertex 104.5 1.6 11.4134
      vertex 105.672 1.6 12.4755
    endloop
  endfacet
  facet normal 0 -1 0
    outer loop
      vertex 104.72 1.6 11.1918
      vertex 105.672 1.6 12.4755
      vertex 104.5 1.6 11.4134
    endloop
  endfacet
  facet normal 0 -1 -0
    outer loop
      vertex 105.672 1.6 12.4755
      vertex 104.72 1.6 11.1918
      vertex 106.132 1.6 12.0417
    endloop
  endfacet
  facet normal 0 -1 0
    outer loop
      vertex 104.88 1.6 10.886
      vertex 106.132 1.6 12.0417
      vertex 104.72 1.6 11.1918
    endloop
  endfacet
  facet normal 0 -1 -0
    outer loop
      vertex 106.132 1.6 12.0417
      vertex 104.88 1.6 10.886
      vertex 106.483 1.6 11.4713
    endloop
  endfacet
  facet normal 0 -1 0
    outer loop
      vertex 104.975 1.6 10.5
      vertex 106.483 1.6 11.4713
      vertex 104.88 1.6 10.886
    endloop
  endfacet
  facet normal 0 -1 -0
    outer loop
      vertex 106.483 1.6 11.4713
      vertex 104.975 1.6 10.5
      vertex 106.694 1.6 10.8013
    endloop
  endfacet
  facet normal 0 -1 0
    outer loop
      vertex 106.764 1.6 10.0315
      vertex 104.975 1.6 10.5
      vertex 105.007 1.6 10.0338
    endloop
  endfacet
  facet normal 0 -1 0
    outer loop
      vertex 104.975 1.6 10.5
      vertex 106.764 1.6 10.0315
      vertex 106.694 1.6 10.8013
    endloop
  endfacet
  facet normal 0 -1 0
    outer loop
      vertex 104.975 1.6 9.56758
      vertex 106.764 1.6 10.0315
      vertex 105.007 1.6 10.0338
    endloop
  endfacet
  facet normal 0 -1 0
    outer loop
      vertex 104.975 1.6 9.56758
      vertex 106.694 1.6 9.26178
      vertex 106.764 1.6 10.0315
    endloop
  endfacet
  facet normal 0 -1 0
    outer loop
      vertex 106.483 1.6 8.59169
      vertex 104.975 1.6 9.56758
      vertex 104.88 1.6 9.18152
    endloop
  endfacet
  facet normal 0 -1 0
    outer loop
      vertex 106.132 1.6 8.02129
      vertex 104.88 1.6 9.18152
      vertex 104.72 1.6 8.87563
    endloop
  endfacet
  facet normal 0 -1 0
    outer loop
      vertex 105.672 1.6 7.58751
      vertex 104.72 1.6 8.87563
      vertex 104.5 1.6 8.65416
    endloop
  endfacet
  facet normal 0 -1 0
    outer loop
      vertex 104.975 1.6 9.56758
      vertex 106.483 1.6 8.59169
      vertex 106.694 1.6 9.26178
    endloop
  endfacet
  facet normal 0 -1 0
    outer loop
      vertex 104.518 1.6 7.24051
      vertex 104.5 1.6 8.65416
      vertex 104.222 1.6 8.52127
    endloop
  endfacet
  facet normal 0 -1 0
    outer loop
      vertex 104.162 1.6 7.26498
      vertex 104.222 1.6 8.52127
      vertex 103.887 1.6 8.47699
    endloop
  endfacet
  facet normal 0 -1 0
    outer loop
      vertex 103.259 1.6 7.63481
      vertex 103.551 1.6 8.52155
      vertex 103 1.6 7.86302
    endloop
  endfacet
  facet normal 0 -1 0
    outer loop
      vertex 104.88 1.6 9.18152
      vertex 106.132 1.6 8.02129
      vertex 106.483 1.6 8.59169
    endloop
  endfacet
  facet normal 0 -1 -0
    outer loop
      vertex 103.551 1.6 8.52155
      vertex 103.259 1.6 7.63481
      vertex 103.887 1.6 8.47699
    endloop
  endfacet
  facet normal 0 -1 0
    outer loop
      vertex 103.536 1.6 7.4608
      vertex 103.887 1.6 8.47699
      vertex 103.259 1.6 7.63481
    endloop
  endfacet
  facet normal 0 -1 -0
    outer loop
      vertex 104.222 1.6 8.52127
      vertex 104.162 1.6 7.26498
      vertex 104.518 1.6 7.24051
    endloop
  endfacet
  facet normal 0 -1 0
    outer loop
      vertex 103.835 1.6 7.33841
      vertex 103.887 1.6 8.47699
      vertex 103.536 1.6 7.4608
    endloop
  endfacet
  facet normal 0 -1 -0
    outer loop
      vertex 103.887 1.6 8.47699
      vertex 103.835 1.6 7.33841
      vertex 104.162 1.6 7.26498
    endloop
  endfacet
  facet normal 0 -1 0
    outer loop
      vertex 104.5 1.6 8.65416
      vertex 104.518 1.6 7.24051
      vertex 105.134 1.6 7.32726
    endloop
  endfacet
  facet normal 0 -1 0
    outer loop
      vertex 104.72 1.6 8.87563
      vertex 105.672 1.6 7.58751
      vertex 106.132 1.6 8.02129
    endloop
  endfacet
  facet normal 0 -1 0
    outer loop
      vertex 104.5 1.6 8.65416
      vertex 105.134 1.6 7.32726
      vertex 105.672 1.6 7.58751
    endloop
  endfacet
  facet normal 0 -1 0
    outer loop
      vertex 110.038 1.6 11.5634
      vertex 110.384 1.6 12.8226
      vertex 109.533 1.6 12.7403
    endloop
  endfacet
  facet normal 0 -1 0
    outer loop
      vertex 109.75 1.6 11.428
      vertex 109.533 1.6 12.7403
      vertex 108.816 1.6 12.4934
    endloop
  endfacet
  facet normal 0 -1 -0
    outer loop
      vertex 110.384 1.6 12.8226
      vertex 110.038 1.6 11.5634
      vertex 110.384 1.6 11.6085
    endloop
  endfacet
  facet normal 0 -1 0
    outer loop
      vertex 109.523 1.6 11.2023
      vertex 108.816 1.6 12.4934
      vertex 108.232 1.6 12.082
    endloop
  endfacet
  facet normal 0 -1 0
    outer loop
      vertex 110.384 1.6 12.8226
      vertex 110.726 1.6 11.5634
      vertex 111.232 1.6 12.7403
    endloop
  endfacet
  facet normal 0 -1 0
    outer loop
      vertex 111.009 1.6 11.428
      vertex 111.232 1.6 12.7403
      vertex 110.726 1.6 11.5634
    endloop
  endfacet
  facet normal 0 -1 0
    outer loop
      vertex 110.726 1.6 11.5634
      vertex 110.384 1.6 12.8226
      vertex 110.384 1.6 11.6085
    endloop
  endfacet
  facet normal 0 -1 0
    outer loop
      vertex 109.358 1.6 10.8918
      vertex 108.232 1.6 12.082
      vertex 107.8 1.6 11.5251
    endloop
  endfacet
  facet normal 0 -1 0
    outer loop
      vertex 109.533 1.6 12.7403
      vertex 109.75 1.6 11.428
      vertex 110.038 1.6 11.5634
    endloop
  endfacet
  facet normal 0 -1 0
    outer loop
      vertex 108.816 1.6 12.4934
      vertex 109.523 1.6 11.2023
      vertex 109.75 1.6 11.428
    endloop
  endfacet
  facet normal 0 -1 0
    outer loop
      vertex 108.232 1.6 12.082
      vertex 109.358 1.6 10.8918
      vertex 109.523 1.6 11.2023
    endloop
  endfacet
  facet normal 0 -1 0
    outer loop
      vertex 109.259 1.6 10.5015
      vertex 107.8 1.6 11.5251
      vertex 107.542 1.6 10.8416
    endloop
  endfacet
  facet normal 0 -1 0
    outer loop
      vertex 107.8 1.6 11.5251
      vertex 109.259 1.6 10.5015
      vertex 109.358 1.6 10.8918
    endloop
  endfacet
  facet normal 0 -1 0
    outer loop
      vertex 107.456 1.6 10.0315
      vertex 109.259 1.6 10.5015
      vertex 107.542 1.6 10.8416
    endloop
  endfacet
  facet normal 0 -1 0
    outer loop
      vertex 107.456 1.6 10.0315
      vertex 109.226 1.6 10.0315
      vertex 109.259 1.6 10.5015
    endloop
  endfacet
  facet normal 0 -1 0
    outer loop
      vertex 107.456 1.6 10.0315
      vertex 109.259 1.6 9.56155
      vertex 109.226 1.6 10.0315
    endloop
  endfacet
  facet normal 0 -1 0
    outer loop
      vertex 107.542 1.6 9.22145
      vertex 109.259 1.6 9.56155
      vertex 107.456 1.6 10.0315
    endloop
  endfacet
  facet normal 0 -1 0
    outer loop
      vertex 107.8 1.6 8.53793
      vertex 109.259 1.6 9.56155
      vertex 107.542 1.6 9.22145
    endloop
  endfacet
  facet normal 0 -1 -0
    outer loop
      vertex 109.259 1.6 9.56155
      vertex 107.8 1.6 8.53793
      vertex 109.358 1.6 9.17126
    endloop
  endfacet
  facet normal 0 -1 0
    outer loop
      vertex 108.232 1.6 7.98096
      vertex 109.358 1.6 9.17126
      vertex 107.8 1.6 8.53793
    endloop
  endfacet
  facet normal 0 -1 -0
    outer loop
      vertex 109.358 1.6 9.17126
      vertex 108.232 1.6 7.98096
      vertex 109.523 1.6 8.86066
    endloop
  endfacet
  facet normal 0 -1 0
    outer loop
      vertex 108.816 1.6 7.5696
      vertex 109.523 1.6 8.86066
      vertex 108.232 1.6 7.98096
    endloop
  endfacet
  facet normal 0 -1 -0
    outer loop
      vertex 109.523 1.6 8.86066
      vertex 108.816 1.6 7.5696
      vertex 109.75 1.6 8.63506
    endloop
  endfacet
  facet normal 0 -1 0
    outer loop
      vertex 109.533 1.6 7.32277
      vertex 109.75 1.6 8.63506
      vertex 108.816 1.6 7.5696
    endloop
  endfacet
  facet normal 0 -1 -0
    outer loop
      vertex 111.232 1.6 12.7403
      vertex 111.009 1.6 11.428
      vertex 111.947 1.6 12.4934
    endloop
  endfacet
  facet normal 0 -1 0
    outer loop
      vertex 111.234 1.6 11.2023
      vertex 111.947 1.6 12.4934
      vertex 111.009 1.6 11.428
    endloop
  endfacet
  facet normal 0 -1 -0
    outer loop
      vertex 111.947 1.6 12.4934
      vertex 111.234 1.6 11.2023
      vertex 112.528 1.6 12.082
    endloop
  endfacet
  facet normal 0 -1 0
    outer loop
      vertex 111.398 1.6 10.8918
      vertex 112.528 1.6 12.082
      vertex 111.234 1.6 11.2023
    endloop
  endfacet
  facet normal 0 -1 -0
    outer loop
      vertex 112.528 1.6 12.082
      vertex 111.398 1.6 10.8918
      vertex 112.956 1.6 11.5251
    endloop
  endfacet
  facet normal 0 -1 0
    outer loop
      vertex 111.496 1.6 10.5015
      vertex 112.956 1.6 11.5251
      vertex 111.398 1.6 10.8918
    endloop
  endfacet
  facet normal 0 -1 -0
    outer loop
      vertex 112.956 1.6 11.5251
      vertex 111.496 1.6 10.5015
      vertex 113.213 1.6 10.8416
    endloop
  endfacet
  facet normal 0 -1 0
    outer loop
      vertex 113.299 1.6 10.0315
      vertex 111.496 1.6 10.5015
      vertex 111.528 1.6 10.0315
    endloop
  endfacet
  facet normal 0 -1 0
    outer loop
      vertex 111.496 1.6 10.5015
      vertex 113.299 1.6 10.0315
      vertex 113.213 1.6 10.8416
    endloop
  endfacet
  facet normal 0 -1 0
    outer loop
      vertex 111.496 1.6 9.56155
      vertex 113.299 1.6 10.0315
      vertex 111.528 1.6 10.0315
    endloop
  endfacet
  facet normal 0 -1 0
    outer loop
      vertex 111.496 1.6 9.56155
      vertex 113.213 1.6 9.22145
      vertex 113.299 1.6 10.0315
    endloop
  endfacet
  facet normal 0 -1 0
    outer loop
      vertex 112.956 1.6 8.53793
      vertex 111.496 1.6 9.56155
      vertex 111.398 1.6 9.17126
    endloop
  endfacet
  facet normal 0 -1 0
    outer loop
      vertex 112.528 1.6 7.98096
      vertex 111.398 1.6 9.17126
      vertex 111.234 1.6 8.86066
    endloop
  endfacet
  facet normal 0 -1 0
    outer loop
      vertex 111.947 1.6 7.5696
      vertex 111.234 1.6 8.86066
      vertex 111.009 1.6 8.63506
    endloop
  endfacet
  facet normal 0 -1 0
    outer loop
      vertex 111.496 1.6 9.56155
      vertex 112.956 1.6 8.53793
      vertex 113.213 1.6 9.22145
    endloop
  endfacet
  facet normal 0 -1 0
    outer loop
      vertex 111.232 1.6 7.32277
      vertex 111.009 1.6 8.63506
      vertex 110.726 1.6 8.49969
    endloop
  endfacet
  facet normal 0 -1 0
    outer loop
      vertex 110.384 1.6 7.24051
      vertex 110.726 1.6 8.49969
      vertex 110.384 1.6 8.45459
    endloop
  endfacet
  facet normal 0 -1 -0
    outer loop
      vertex 109.75 1.6 8.63506
      vertex 109.533 1.6 7.32277
      vertex 110.038 1.6 8.49969
    endloop
  endfacet
  facet normal 0 -1 -0
    outer loop
      vertex 110.726 1.6 8.49969
      vertex 110.384 1.6 7.24051
      vertex 111.232 1.6 7.32277
    endloop
  endfacet
  facet normal 0 -1 0
    outer loop
      vertex 110.384 1.6 7.24051
      vertex 110.038 1.6 8.49969
      vertex 109.533 1.6 7.32277
    endloop
  endfacet
  facet normal 0 -1 0
    outer loop
      vertex 111.009 1.6 8.63506
      vertex 111.232 1.6 7.32277
      vertex 111.947 1.6 7.5696
    endloop
  endfacet
  facet normal 0 -1 0
    outer loop
      vertex 110.038 1.6 8.49969
      vertex 110.384 1.6 7.24051
      vertex 110.384 1.6 8.45459
    endloop
  endfacet
  facet normal 0 -1 0
    outer loop
      vertex 111.234 1.6 8.86066
      vertex 111.947 1.6 7.5696
      vertex 112.528 1.6 7.98096
    endloop
  endfacet
  facet normal 0 -1 0
    outer loop
      vertex 111.398 1.6 9.17126
      vertex 112.528 1.6 7.98096
      vertex 112.956 1.6 8.53793
    endloop
  endfacet
  facet normal 0 -1 0
    outer loop
      vertex 169.668 1.6 12.6971
      vertex 171.377 1.6 12.1651
      vertex 171.377 1.6 12.6971
    endloop
  endfacet
  facet normal 0 -1 0
    outer loop
      vertex 169.668 1.6 12.6971
      vertex 171.377 1.6 11.8523
      vertex 171.377 1.6 12.1651
    endloop
  endfacet
  facet normal 0 -1 0
    outer loop
      vertex 169.668 1.6 12.6971
      vertex 171.375 1.6 11.4905
      vertex 171.377 1.6 11.8523
    endloop
  endfacet
  facet normal 0 -1 0
    outer loop
      vertex 169.668 1.6 12.6971
      vertex 171.372 1.6 11.0796
      vertex 171.375 1.6 11.4905
    endloop
  endfacet
  facet normal 0 -1 0
    outer loop
      vertex 169.668 1.6 9.44781
      vertex 171.372 1.6 11.0796
      vertex 169.668 1.6 12.6971
    endloop
  endfacet
  facet normal 0 -1 0
    outer loop
      vertex 171.372 1.6 11.0796
      vertex 169.668 1.6 9.44781
      vertex 171.37 1.6 10.6924
    endloop
  endfacet
  facet normal 0 -1 0
    outer loop
      vertex 171.37 1.6 10.6924
      vertex 169.668 1.6 9.44781
      vertex 171.368 1.6 10.4018
    endloop
  endfacet
  facet normal 0 -1 -0
    outer loop
      vertex 171.368 1.6 10.4018
      vertex 169.668 1.6 9.44781
      vertex 171.368 1.6 10.2079
    endloop
  endfacet
  facet normal 0 -1 -0
    outer loop
      vertex 171.368 1.6 10.2079
      vertex 169.668 1.6 9.44781
      vertex 171.371 1.6 9.82021
    endloop
  endfacet
  facet normal 0 -1 -0
    outer loop
      vertex 171.371 1.6 9.82021
      vertex 169.668 1.6 9.44781
      vertex 171.382 1.6 9.51222
    endloop
  endfacet
  facet normal 0 -1 0
    outer loop
      vertex 169.668 1.6 9.44781
      vertex 171.401 1.6 9.28394
      vertex 171.382 1.6 9.51222
    endloop
  endfacet
  facet normal 0 -1 0
    outer loop
      vertex 169.722 1.6 8.78639
      vertex 171.401 1.6 9.28394
      vertex 169.668 1.6 9.44781
    endloop
  endfacet
  facet normal 0 -1 -0
    outer loop
      vertex 171.401 1.6 9.28394
      vertex 169.722 1.6 8.78639
      vertex 171.428 1.6 9.11266
    endloop
  endfacet
  facet normal 0 -1 -0
    outer loop
      vertex 171.428 1.6 9.11266
      vertex 169.722 1.6 8.78639
      vertex 171.466 1.6 8.97569
    endloop
  endfacet
  facet normal 0 -1 0
    outer loop
      vertex 169.882 1.6 8.23889
      vertex 171.466 1.6 8.97569
      vertex 169.722 1.6 8.78639
    endloop
  endfacet
  facet normal 0 -1 -0
    outer loop
      vertex 171.466 1.6 8.97569
      vertex 169.882 1.6 8.23889
      vertex 171.515 1.6 8.87305
    endloop
  endfacet
  facet normal 0 -1 0
    outer loop
      vertex 170.15 1.6 7.80533
      vertex 171.515 1.6 8.87305
      vertex 169.882 1.6 8.23889
    endloop
  endfacet
  facet normal 0 -1 -0
    outer loop
      vertex 171.515 1.6 8.87305
      vertex 170.15 1.6 7.80533
      vertex 171.592 1.6 8.77065
    endloop
  endfacet
  facet normal 0 -1 0
    outer loop
      vertex 170.52 1.6 7.49153
      vertex 171.592 1.6 8.77065
      vertex 170.15 1.6 7.80533
    endloop
  endfacet
  facet normal 0 -1 0
    outer loop
      vertex 170.988 1.6 7.30327
      vertex 171.592 1.6 8.77065
      vertex 170.52 1.6 7.49153
    endloop
  endfacet
  facet normal 0 -1 -0
    outer loop
      vertex 171.683 1.6 8.68513
      vertex 170.988 1.6 7.30327
      vertex 171.788 1.6 8.61649
    endloop
  endfacet
  facet normal 0 -1 -0
    outer loop
      vertex 171.592 1.6 8.77065
      vertex 170.988 1.6 7.30327
      vertex 171.683 1.6 8.68513
    endloop
  endfacet
  facet normal 0 -1 0
    outer loop
      vertex 173.314 1.6 10.0702
      vertex 175.013 1.6 12.6971
      vertex 173.314 1.6 12.6971
    endloop
  endfacet
  facet normal 0 -1 0
    outer loop
      vertex 175.013 1.6 7.37938
      vertex 173.314 1.6 10.0702
      vertex 173.28 1.6 9.621
    endloop
  endfacet
  facet normal 0 -1 0
    outer loop
      vertex 175.013 1.6 7.37938
      vertex 173.28 1.6 9.621
      vertex 173.179 1.6 9.24254
    endloop
  endfacet
  facet normal 0 -1 0
    outer loop
      vertex 171.553 1.6 7.24051
      vertex 171.788 1.6 8.61649
      vertex 170.988 1.6 7.30327
    endloop
  endfacet
  facet normal 0 -1 0
    outer loop
      vertex 173.053 1.6 7.86302
      vertex 172.504 1.6 8.57166
      vertex 172.175 1.6 8.52626
    endloop
  endfacet
  facet normal 0 -1 0
    outer loop
      vertex 173.053 1.6 7.86302
      vertex 172.782 1.6 8.70782
      vertex 172.504 1.6 8.57166
    endloop
  endfacet
  facet normal 0 -1 0
    outer loop
      vertex 173.314 1.6 8.14546
      vertex 173.01 1.6 8.93478
      vertex 172.782 1.6 8.70782
    endloop
  endfacet
  facet normal 0 -1 0
    outer loop
      vertex 173.314 1.6 8.14546
      vertex 173.179 1.6 9.24254
      vertex 173.01 1.6 8.93478
    endloop
  endfacet
  facet normal 0 -1 0
    outer loop
      vertex 175.013 1.6 7.37938
      vertex 173.179 1.6 9.24254
      vertex 173.314 1.6 8.14546
    endloop
  endfacet
  facet normal 0 -1 0
    outer loop
      vertex 175.013 1.6 7.37938
      vertex 173.314 1.6 8.14546
      vertex 173.314 1.6 7.37938
    endloop
  endfacet
  facet normal 0 -1 0
    outer loop
      vertex 173.314 1.6 10.0702
      vertex 175.013 1.6 7.37938
      vertex 175.013 1.6 12.6971
    endloop
  endfacet
  facet normal 0 -1 0
    outer loop
      vertex 172.782 1.6 8.70782
      vertex 173.053 1.6 7.86302
      vertex 173.314 1.6 8.14546
    endloop
  endfacet
  facet normal 0 -1 -0
    outer loop
      vertex 171.788 1.6 8.61649
      vertex 171.553 1.6 7.24051
      vertex 171.906 1.6 8.56636
    endloop
  endfacet
  facet normal 0 -1 0
    outer loop
      vertex 172.175 1.6 8.52626
      vertex 172.781 1.6 7.63481
      vertex 173.053 1.6 7.86302
    endloop
  endfacet
  facet normal -0 -1 0
    outer loop
      vertex 171.888 1.6 7.26498
      vertex 171.906 1.6 8.56636
      vertex 171.553 1.6 7.24051
    endloop
  endfacet
  facet normal -0 -1 0
    outer loop
      vertex 172.204 1.6 7.33841
      vertex 172.035 1.6 8.53629
      vertex 171.888 1.6 7.26498
    endloop
  endfacet
  facet normal 0 -1 0
    outer loop
      vertex 172.175 1.6 8.52626
      vertex 172.5 1.6 7.4608
      vertex 172.781 1.6 7.63481
    endloop
  endfacet
  facet normal 0 -1 -0
    outer loop
      vertex 171.906 1.6 8.56636
      vertex 171.888 1.6 7.26498
      vertex 172.035 1.6 8.53629
    endloop
  endfacet
  facet normal 0 -1 0
    outer loop
      vertex 172.175 1.6 8.52626
      vertex 172.204 1.6 7.33841
      vertex 172.5 1.6 7.4608
    endloop
  endfacet
  facet normal 0 -1 0
    outer loop
      vertex 172.035 1.6 8.53629
      vertex 172.204 1.6 7.33841
      vertex 172.175 1.6 8.52626
    endloop
  endfacet
  facet normal 0 -1 0
    outer loop
      vertex 126.586 1.6 9.48946
      vertex 129.567 1.6 10.8693
      vertex 126.586 1.6 10.8693
    endloop
  endfacet
  facet normal 0 -1 -0
    outer loop
      vertex 129.567 1.6 10.8693
      vertex 126.586 1.6 9.48946
      vertex 129.567 1.6 9.48946
    endloop
  endfacet
  facet normal 0 -1 0
    outer loop
      vertex 159.855 1.6 7.37938
      vertex 161.564 1.6 9.21619
      vertex 159.855 1.6 9.21619
    endloop
  endfacet
  facet normal 0 -1 -0
    outer loop
      vertex 161.564 1.6 9.21619
      vertex 159.855 1.6 7.37938
      vertex 161.564 1.6 7.37938
    endloop
  endfacet
  facet normal 0.217517 0 -0.976057
    outer loop
      vertex 148.665 1.6 7.26471
      vertex 148.991 2.4 7.33736
      vertex 148.991 1.6 7.33736
    endloop
  endfacet
  facet normal 0.217517 0 -0.976057
    outer loop
      vertex 148.991 2.4 7.33736
      vertex 148.665 1.6 7.26471
      vertex 148.665 2.4 7.26471
    endloop
  endfacet
  facet normal 0.37855 0 -0.925581
    outer loop
      vertex 148.991 1.6 7.33736
      vertex 149.287 2.4 7.45842
      vertex 149.287 1.6 7.45842
    endloop
  endfacet
  facet normal 0.37855 0 -0.925581
    outer loop
      vertex 149.287 2.4 7.45842
      vertex 148.991 1.6 7.33736
      vertex 148.991 2.4 7.33736
    endloop
  endfacet
  facet normal 0.534362 0 -0.845256
    outer loop
      vertex 149.287 1.6 7.45842
      vertex 149.561 2.4 7.63164
      vertex 149.561 1.6 7.63164
    endloop
  endfacet
  facet normal 0.534362 0 -0.845256
    outer loop
      vertex 149.561 2.4 7.63164
      vertex 149.287 1.6 7.45842
      vertex 149.287 2.4 7.45842
    endloop
  endfacet
  facet normal 0.663824 0 -0.747889
    outer loop
      vertex 149.561 1.6 7.63164
      vertex 149.819 2.4 7.86064
      vertex 149.819 1.6 7.86064
    endloop
  endfacet
  facet normal 0.663824 0 -0.747889
    outer loop
      vertex 149.819 2.4 7.86064
      vertex 149.561 1.6 7.63164
      vertex 149.561 2.4 7.63164
    endloop
  endfacet
  facet normal 0.762067 0 -0.647498
    outer loop
      vertex 150.061 1.6 8.14546
      vertex 149.819 2.4 7.86064
      vertex 150.061 2.4 8.14546
    endloop
  endfacet
  facet normal 0.762067 0 -0.647498
    outer loop
      vertex 149.819 2.4 7.86064
      vertex 150.061 1.6 8.14546
      vertex 149.819 1.6 7.86064
    endloop
  endfacet
  facet normal -1 0 0
    outer loop
      vertex 150.061 1.6 7.37938
      vertex 150.061 2.4 8.14546
      vertex 150.061 2.4 7.37938
    endloop
  endfacet
  facet normal -1 -0 0
    outer loop
      vertex 150.061 2.4 8.14546
      vertex 150.061 1.6 7.37938
      vertex 150.061 1.6 8.14546
    endloop
  endfacet
  facet normal 0 0 -1
    outer loop
      vertex 150.061 1.6 7.37938
      vertex 151.77 2.4 7.37938
      vertex 151.77 1.6 7.37938
    endloop
  endfacet
  facet normal -0 0 -1
    outer loop
      vertex 151.77 2.4 7.37938
      vertex 150.061 1.6 7.37938
      vertex 150.061 2.4 7.37938
    endloop
  endfacet
  facet normal 1 -0 0
    outer loop
      vertex 151.77 1.6 14.7669
      vertex 151.77 2.4 7.37938
      vertex 151.77 2.4 14.7669
    endloop
  endfacet
  facet normal 1 0 0
    outer loop
      vertex 151.77 2.4 7.37938
      vertex 151.77 1.6 14.7669
      vertex 151.77 1.6 7.37938
    endloop
  endfacet
  facet normal -0 0 1
    outer loop
      vertex 150.061 2.4 14.7669
      vertex 151.77 1.6 14.7669
      vertex 151.77 2.4 14.7669
    endloop
  endfacet
  facet normal 0 0 1
    outer loop
      vertex 151.77 1.6 14.7669
      vertex 150.061 2.4 14.7669
      vertex 150.061 1.6 14.7669
    endloop
  endfacet
  facet normal -1 0 0
    outer loop
      vertex 150.061 1.6 11.9176
      vertex 150.061 2.4 14.7669
      vertex 150.061 2.4 11.9176
    endloop
  endfacet
  facet normal -1 -0 0
    outer loop
      vertex 150.061 2.4 14.7669
      vertex 150.061 1.6 11.9176
      vertex 150.061 1.6 14.7669
    endloop
  endfacet
  facet normal 0.758005 -0 0.652249
    outer loop
      vertex 149.818 1.6 12.2
      vertex 150.061 2.4 11.9176
      vertex 149.818 2.4 12.2
    endloop
  endfacet
  facet normal 0.758005 0 0.652249
    outer loop
      vertex 150.061 2.4 11.9176
      vertex 149.818 1.6 12.2
      vertex 150.061 1.6 11.9176
    endloop
  endfacet
  facet normal 0.662524 0 0.749041
    outer loop
      vertex 149.56 2.4 12.4282
      vertex 149.818 1.6 12.2
      vertex 149.818 2.4 12.2
    endloop
  endfacet
  facet normal 0.662524 0 0.749041
    outer loop
      vertex 149.818 1.6 12.2
      vertex 149.56 2.4 12.4282
      vertex 149.56 1.6 12.4282
    endloop
  endfacet
  facet normal 0.534686 0 0.845051
    outer loop
      vertex 149.285 2.4 12.6022
      vertex 149.56 1.6 12.4282
      vertex 149.56 2.4 12.4282
    endloop
  endfacet
  facet normal 0.534686 0 0.845051
    outer loop
      vertex 149.56 1.6 12.4282
      vertex 149.285 2.4 12.6022
      vertex 149.285 1.6 12.6022
    endloop
  endfacet
  facet normal 0.379938 0 0.925012
    outer loop
      vertex 148.987 2.4 12.7246
      vertex 149.285 1.6 12.6022
      vertex 149.285 2.4 12.6022
    endloop
  endfacet
  facet normal 0.379938 0 0.925012
    outer loop
      vertex 149.285 1.6 12.6022
      vertex 148.987 2.4 12.7246
      vertex 148.987 1.6 12.7246
    endloop
  endfacet
  facet normal 0.220583 0 0.975368
    outer loop
      vertex 148.662 2.4 12.7981
      vertex 148.987 1.6 12.7246
      vertex 148.987 2.4 12.7246
    endloop
  endfacet
  facet normal 0.220583 0 0.975368
    outer loop
      vertex 148.987 1.6 12.7246
      vertex 148.662 2.4 12.7981
      vertex 148.662 1.6 12.7981
    endloop
  endfacet
  facet normal 0.0692385 0 0.9976
    outer loop
      vertex 148.309 2.4 12.8226
      vertex 148.662 1.6 12.7981
      vertex 148.662 2.4 12.7981
    endloop
  endfacet
  facet normal 0.0692385 0 0.9976
    outer loop
      vertex 148.662 1.6 12.7981
      vertex 148.309 2.4 12.8226
      vertex 148.309 1.6 12.8226
    endloop
  endfacet
  facet normal -0.139531 0 0.990218
    outer loop
      vertex 147.693 2.4 12.7358
      vertex 148.309 1.6 12.8226
      vertex 148.309 2.4 12.8226
    endloop
  endfacet
  facet normal -0.139531 0 0.990218
    outer loop
      vertex 148.309 1.6 12.8226
      vertex 147.693 2.4 12.7358
      vertex 147.693 1.6 12.7358
    endloop
  endfacet
  facet normal -0.43553 0 0.900174
    outer loop
      vertex 147.155 2.4 12.4755
      vertex 147.693 1.6 12.7358
      vertex 147.693 2.4 12.7358
    endloop
  endfacet
  facet normal -0.43553 0 0.900174
    outer loop
      vertex 147.693 1.6 12.7358
      vertex 147.155 2.4 12.4755
      vertex 147.155 1.6 12.4755
    endloop
  endfacet
  facet normal -0.686085 0 0.727522
    outer loop
      vertex 146.695 2.4 12.0417
      vertex 147.155 1.6 12.4755
      vertex 147.155 2.4 12.4755
    endloop
  endfacet
  facet normal -0.686085 0 0.727522
    outer loop
      vertex 147.155 1.6 12.4755
      vertex 146.695 2.4 12.0417
      vertex 146.695 1.6 12.0417
    endloop
  endfacet
  facet normal -0.851669 0 0.524081
    outer loop
      vertex 146.344 1.6 11.4713
      vertex 146.695 2.4 12.0417
      vertex 146.344 2.4 11.4713
    endloop
  endfacet
  facet normal -0.851669 0 0.524081
    outer loop
      vertex 146.695 2.4 12.0417
      vertex 146.344 1.6 11.4713
      vertex 146.695 1.6 12.0417
    endloop
  endfacet
  facet normal -0.954226 0 0.299086
    outer loop
      vertex 146.134 1.6 10.8013
      vertex 146.344 2.4 11.4713
      vertex 146.134 2.4 10.8013
    endloop
  endfacet
  facet normal -0.954226 0 0.299086
    outer loop
      vertex 146.344 2.4 11.4713
      vertex 146.134 1.6 10.8013
      vertex 146.344 1.6 11.4713
    endloop
  endfacet
  facet normal -0.995891 0 0.0905591
    outer loop
      vertex 146.064 1.6 10.0315
      vertex 146.134 2.4 10.8013
      vertex 146.064 2.4 10.0315
    endloop
  endfacet
  facet normal -0.995891 0 0.0905591
    outer loop
      vertex 146.134 2.4 10.8013
      vertex 146.064 1.6 10.0315
      vertex 146.134 1.6 10.8013
    endloop
  endfacet
  facet normal -0.99589 0 -0.0905684
    outer loop
      vertex 146.134 1.6 9.26178
      vertex 146.064 2.4 10.0315
      vertex 146.134 2.4 9.26178
    endloop
  endfacet
  facet normal -0.99589 -0 -0.0905684
    outer loop
      vertex 146.064 2.4 10.0315
      vertex 146.134 1.6 9.26178
      vertex 146.064 1.6 10.0315
    endloop
  endfacet
  facet normal -0.954238 0 -0.299049
    outer loop
      vertex 146.344 1.6 8.59169
      vertex 146.134 2.4 9.26178
      vertex 146.344 2.4 8.59169
    endloop
  endfacet
  facet normal -0.954238 -0 -0.299049
    outer loop
      vertex 146.134 2.4 9.26178
      vertex 146.344 1.6 8.59169
      vertex 146.134 1.6 9.26178
    endloop
  endfacet
  facet normal -0.851669 0 -0.524081
    outer loop
      vertex 146.695 1.6 8.02129
      vertex 146.344 2.4 8.59169
      vertex 146.695 2.4 8.02129
    endloop
  endfacet
  facet normal -0.851669 -0 -0.524081
    outer loop
      vertex 146.344 2.4 8.59169
      vertex 146.695 1.6 8.02129
      vertex 146.344 1.6 8.59169
    endloop
  endfacet
  facet normal -0.686068 0 -0.727538
    outer loop
      vertex 146.695 1.6 8.02129
      vertex 147.155 2.4 7.58751
      vertex 147.155 1.6 7.58751
    endloop
  endfacet
  facet normal -0.686068 0 -0.727538
    outer loop
      vertex 147.155 2.4 7.58751
      vertex 146.695 1.6 8.02129
      vertex 146.695 2.4 8.02129
    endloop
  endfacet
  facet normal -0.435463 0 -0.900207
    outer loop
      vertex 147.155 1.6 7.58751
      vertex 147.693 2.4 7.32726
      vertex 147.693 1.6 7.32726
    endloop
  endfacet
  facet normal -0.435463 0 -0.900207
    outer loop
      vertex 147.693 2.4 7.32726
      vertex 147.155 1.6 7.58751
      vertex 147.155 2.4 7.58751
    endloop
  endfacet
  facet normal -0.139452 0 -0.990229
    outer loop
      vertex 147.693 1.6 7.32726
      vertex 148.309 2.4 7.24051
      vertex 148.309 1.6 7.24051
    endloop
  endfacet
  facet normal -0.139452 0 -0.990229
    outer loop
      vertex 148.309 2.4 7.24051
      vertex 147.693 1.6 7.32726
      vertex 147.693 2.4 7.32726
    endloop
  endfacet
  facet normal 0.067821 0 -0.997698
    outer loop
      vertex 148.309 1.6 7.24051
      vertex 148.665 2.4 7.26471
      vertex 148.665 1.6 7.26471
    endloop
  endfacet
  facet normal 0.067821 0 -0.997698
    outer loop
      vertex 148.665 2.4 7.26471
      vertex 148.309 1.6 7.24051
      vertex 148.309 2.4 7.24051
    endloop
  endfacet
  facet normal 0.433819 0 0.901
    outer loop
      vertex 148.332 2.4 8.65416
      vertex 148.608 1.6 8.52127
      vertex 148.608 2.4 8.52127
    endloop
  endfacet
  facet normal 0.433819 0 0.901
    outer loop
      vertex 148.608 1.6 8.52127
      vertex 148.332 2.4 8.65416
      vertex 148.332 1.6 8.65416
    endloop
  endfacet
  facet normal 0.709457 -0 0.704748
    outer loop
      vertex 148.112 1.6 8.87563
      vertex 148.332 2.4 8.65416
      vertex 148.112 2.4 8.87563
    endloop
  endfacet
  facet normal 0.709457 0 0.704748
    outer loop
      vertex 148.332 2.4 8.65416
      vertex 148.112 1.6 8.87563
      vertex 148.332 1.6 8.65416
    endloop
  endfacet
  facet normal 0.887291 -0 0.461209
    outer loop
      vertex 147.953 1.6 9.18152
      vertex 148.112 2.4 8.87563
      vertex 147.953 2.4 9.18152
    endloop
  endfacet
  facet normal 0.887291 0 0.461209
    outer loop
      vertex 148.112 2.4 8.87563
      vertex 147.953 1.6 9.18152
      vertex 148.112 1.6 8.87563
    endloop
  endfacet
  facet normal 0.970446 -0 0.241317
    outer loop
      vertex 147.857 1.6 9.56758
      vertex 147.953 2.4 9.18152
      vertex 147.857 2.4 9.56758
    endloop
  endfacet
  facet normal 0.970446 0 0.241317
    outer loop
      vertex 147.953 2.4 9.18152
      vertex 147.857 1.6 9.56758
      vertex 147.953 1.6 9.18152
    endloop
  endfacet
  facet normal 0.997653 -0 0.068476
    outer loop
      vertex 147.825 1.6 10.0338
      vertex 147.857 2.4 9.56758
      vertex 147.825 2.4 10.0338
    endloop
  endfacet
  facet normal 0.997653 0 0.068476
    outer loop
      vertex 147.857 2.4 9.56758
      vertex 147.825 1.6 10.0338
      vertex 147.857 1.6 9.56758
    endloop
  endfacet
  facet normal 0.997653 0 -0.0684789
    outer loop
      vertex 147.857 1.6 10.5
      vertex 147.825 2.4 10.0338
      vertex 147.857 2.4 10.5
    endloop
  endfacet
  facet normal 0.997653 0 -0.0684789
    outer loop
      vertex 147.825 2.4 10.0338
      vertex 147.857 1.6 10.5
      vertex 147.825 1.6 10.0338
    endloop
  endfacet
  facet normal 0.970438 0 -0.241352
    outer loop
      vertex 147.953 1.6 10.886
      vertex 147.857 2.4 10.5
      vertex 147.953 2.4 10.886
    endloop
  endfacet
  facet normal 0.970438 0 -0.241352
    outer loop
      vertex 147.857 2.4 10.5
      vertex 147.953 1.6 10.886
      vertex 147.857 1.6 10.5
    endloop
  endfacet
  facet normal 0.887236 0 -0.461316
    outer loop
      vertex 148.112 1.6 11.1918
      vertex 147.953 2.4 10.886
      vertex 148.112 2.4 11.1918
    endloop
  endfacet
  facet normal 0.887236 0 -0.461316
    outer loop
      vertex 147.953 2.4 10.886
      vertex 148.112 1.6 11.1918
      vertex 147.953 1.6 10.886
    endloop
  endfacet
  facet normal 0.709664 0 -0.70454
    outer loop
      vertex 148.332 1.6 11.4134
      vertex 148.112 2.4 11.1918
      vertex 148.332 2.4 11.4134
    endloop
  endfacet
  facet normal 0.709664 0 -0.70454
    outer loop
      vertex 148.112 2.4 11.1918
      vertex 148.332 1.6 11.4134
      vertex 148.112 1.6 11.1918
    endloop
  endfacet
  facet normal 0.433845 0 -0.900987
    outer loop
      vertex 148.332 1.6 11.4134
      vertex 148.608 2.4 11.5463
      vertex 148.608 1.6 11.5463
    endloop
  endfacet
  facet normal 0.433845 0 -0.900987
    outer loop
      vertex 148.608 2.4 11.5463
      vertex 148.332 1.6 11.4134
      vertex 148.332 2.4 11.4134
    endloop
  endfacet
  facet normal 0.132262 0 -0.991215
    outer loop
      vertex 148.608 1.6 11.5463
      vertex 148.94 2.4 11.5906
      vertex 148.94 1.6 11.5906
    endloop
  endfacet
  facet normal 0.132262 0 -0.991215
    outer loop
      vertex 148.94 2.4 11.5906
      vertex 148.608 1.6 11.5463
      vertex 148.608 2.4 11.5463
    endloop
  endfacet
  facet normal -0.130714 0 -0.99142
    outer loop
      vertex 148.94 1.6 11.5906
      vertex 149.276 2.4 11.5463
      vertex 149.276 1.6 11.5463
    endloop
  endfacet
  facet normal -0.130714 0 -0.99142
    outer loop
      vertex 149.276 2.4 11.5463
      vertex 148.94 1.6 11.5906
      vertex 148.94 2.4 11.5906
    endloop
  endfacet
  facet normal -0.432572 0 -0.901599
    outer loop
      vertex 149.276 1.6 11.5463
      vertex 149.553 2.4 11.4134
      vertex 149.553 1.6 11.4134
    endloop
  endfacet
  facet normal -0.432572 0 -0.901599
    outer loop
      vertex 149.553 2.4 11.4134
      vertex 149.276 1.6 11.5463
      vertex 149.276 2.4 11.5463
    endloop
  endfacet
  facet normal -0.708065 0 -0.706148
    outer loop
      vertex 149.774 1.6 11.1918
      vertex 149.553 2.4 11.4134
      vertex 149.774 2.4 11.1918
    endloop
  endfacet
  facet normal -0.708065 -0 -0.706148
    outer loop
      vertex 149.553 2.4 11.4134
      vertex 149.774 1.6 11.1918
      vertex 149.553 1.6 11.4134
    endloop
  endfacet
  facet normal -0.887236 0 -0.461316
    outer loop
      vertex 149.933 1.6 10.886
      vertex 149.774 2.4 11.1918
      vertex 149.933 2.4 10.886
    endloop
  endfacet
  facet normal -0.887236 -0 -0.461316
    outer loop
      vertex 149.774 2.4 11.1918
      vertex 149.933 1.6 10.886
      vertex 149.774 1.6 11.1918
    endloop
  endfacet
  facet normal -0.970438 0 -0.241352
    outer loop
      vertex 150.029 1.6 10.5
      vertex 149.933 2.4 10.886
      vertex 150.029 2.4 10.5
    endloop
  endfacet
  facet normal -0.970438 -0 -0.241352
    outer loop
      vertex 149.933 2.4 10.886
      vertex 150.029 1.6 10.5
      vertex 149.933 1.6 10.886
    endloop
  endfacet
  facet normal -0.997653 0 -0.0684789
    outer loop
      vertex 150.061 1.6 10.0338
      vertex 150.029 2.4 10.5
      vertex 150.061 2.4 10.0338
    endloop
  endfacet
  facet normal -0.997653 -0 -0.0684789
    outer loop
      vertex 150.029 2.4 10.5
      vertex 150.061 1.6 10.0338
      vertex 150.029 1.6 10.5
    endloop
  endfacet
  facet normal -0.997653 0 0.068476
    outer loop
      vertex 150.029 1.6 9.56758
      vertex 150.061 2.4 10.0338
      vertex 150.029 2.4 9.56758
    endloop
  endfacet
  facet normal -0.997653 0 0.068476
    outer loop
      vertex 150.061 2.4 10.0338
      vertex 150.029 1.6 9.56758
      vertex 150.061 1.6 10.0338
    endloop
  endfacet
  facet normal -0.970446 0 0.241317
    outer loop
      vertex 149.933 1.6 9.18152
      vertex 150.029 2.4 9.56758
      vertex 149.933 2.4 9.18152
    endloop
  endfacet
  facet normal -0.970446 0 0.241317
    outer loop
      vertex 150.029 2.4 9.56758
      vertex 149.933 1.6 9.18152
      vertex 150.029 1.6 9.56758
    endloop
  endfacet
  facet normal -0.887291 0 0.461209
    outer loop
      vertex 149.774 1.6 8.87563
      vertex 149.933 2.4 9.18152
      vertex 149.774 2.4 8.87563
    endloop
  endfacet
  facet normal -0.887291 0 0.461209
    outer loop
      vertex 149.933 2.4 9.18152
      vertex 149.774 1.6 8.87563
      vertex 149.933 1.6 9.18152
    endloop
  endfacet
  facet normal -0.707857 0 0.706355
    outer loop
      vertex 149.553 1.6 8.65416
      vertex 149.774 2.4 8.87563
      vertex 149.553 2.4 8.65416
    endloop
  endfacet
  facet normal -0.707857 0 0.706355
    outer loop
      vertex 149.774 2.4 8.87563
      vertex 149.553 1.6 8.65416
      vertex 149.774 1.6 8.87563
    endloop
  endfacet
  facet normal -0.432546 0 0.901612
    outer loop
      vertex 149.276 2.4 8.52127
      vertex 149.553 1.6 8.65416
      vertex 149.553 2.4 8.65416
    endloop
  endfacet
  facet normal -0.432546 0 0.901612
    outer loop
      vertex 149.553 1.6 8.65416
      vertex 149.276 2.4 8.52127
      vertex 149.276 1.6 8.52127
    endloop
  endfacet
  facet normal -0.130656 0 0.991428
    outer loop
      vertex 148.94 2.4 8.47699
      vertex 149.276 1.6 8.52127
      vertex 149.276 2.4 8.52127
    endloop
  endfacet
  facet normal -0.130656 0 0.991428
    outer loop
      vertex 149.276 1.6 8.52127
      vertex 148.94 2.4 8.47699
      vertex 148.94 1.6 8.47699
    endloop
  endfacet
  facet normal 0.132203 0 0.991223
    outer loop
      vertex 148.608 2.4 8.52127
      vertex 148.94 1.6 8.47699
      vertex 148.94 2.4 8.47699
    endloop
  endfacet
  facet normal 0.132203 0 0.991223
    outer loop
      vertex 148.94 1.6 8.47699
      vertex 148.608 2.4 8.52127
      vertex 148.608 1.6 8.52127
    endloop
  endfacet
  facet normal -0.730153 0 -0.683284
    outer loop
      vertex 118.151 1.6 7.37938
      vertex 116.076 2.4 9.59671
      vertex 118.151 2.4 7.37938
    endloop
  endfacet
  facet normal -0.730153 -0 -0.683284
    outer loop
      vertex 116.076 2.4 9.59671
      vertex 118.151 1.6 7.37938
      vertex 116.076 1.6 9.59671
    endloop
  endfacet
  facet normal 0 0 -1
    outer loop
      vertex 118.151 1.6 7.37938
      vertex 120.211 2.4 7.37938
      vertex 120.211 1.6 7.37938
    endloop
  endfacet
  facet normal -0 0 -1
    outer loop
      vertex 120.211 2.4 7.37938
      vertex 118.151 1.6 7.37938
      vertex 118.151 2.4 7.37938
    endloop
  endfacet
  facet normal 0.716546 -0 0.69754
    outer loop
      vertex 117.41 1.6 10.2567
      vertex 120.211 2.4 7.37938
      vertex 117.41 2.4 10.2567
    endloop
  endfacet
  facet normal 0.716546 0 0.69754
    outer loop
      vertex 120.211 2.4 7.37938
      vertex 117.41 1.6 10.2567
      vertex 120.211 1.6 7.37938
    endloop
  endfacet
  facet normal 0.684794 0 -0.728737
    outer loop
      vertex 117.41 1.6 10.2567
      vertex 120.007 2.4 12.6971
      vertex 120.007 1.6 12.6971
    endloop
  endfacet
  facet normal 0.684794 0 -0.728737
    outer loop
      vertex 120.007 2.4 12.6971
      vertex 117.41 1.6 10.2567
      vertex 117.41 2.4 10.2567
    endloop
  endfacet
  facet normal -0 0 1
    outer loop
      vertex 118.032 2.4 12.6971
      vertex 120.007 1.6 12.6971
      vertex 120.007 2.4 12.6971
    endloop
  endfacet
  facet normal 0 0 1
    outer loop
      vertex 120.007 1.6 12.6971
      vertex 118.032 2.4 12.6971
      vertex 118.032 1.6 12.6971
    endloop
  endfacet
  facet normal -0.706274 0 0.707939
    outer loop
      vertex 116.076 2.4 10.7457
      vertex 118.032 1.6 12.6971
      vertex 118.032 2.4 12.6971
    endloop
  endfacet
  facet normal -0.706274 0 0.707939
    outer loop
      vertex 118.032 1.6 12.6971
      vertex 116.076 2.4 10.7457
      vertex 116.076 1.6 10.7457
    endloop
  endfacet
  facet normal 1 -0 0
    outer loop
      vertex 116.076 1.6 14.7669
      vertex 116.076 2.4 10.7457
      vertex 116.076 2.4 14.7669
    endloop
  endfacet
  facet normal 1 0 0
    outer loop
      vertex 116.076 2.4 10.7457
      vertex 116.076 1.6 14.7669
      vertex 116.076 1.6 10.7457
    endloop
  endfacet
  facet normal -0 0 1
    outer loop
      vertex 114.377 2.4 14.7669
      vertex 116.076 1.6 14.7669
      vertex 116.076 2.4 14.7669
    endloop
  endfacet
  facet normal 0 0 1
    outer loop
      vertex 116.076 1.6 14.7669
      vertex 114.377 2.4 14.7669
      vertex 114.377 1.6 14.7669
    endloop
  endfacet
  facet normal -1 0 0
    outer loop
      vertex 114.377 1.6 7.37938
      vertex 114.377 2.4 14.7669
      vertex 114.377 2.4 7.37938
    endloop
  endfacet
  facet normal -1 -0 0
    outer loop
      vertex 114.377 2.4 14.7669
      vertex 114.377 1.6 7.37938
      vertex 114.377 1.6 14.7669
    endloop
  endfacet
  facet normal 0 0 -1
    outer loop
      vertex 114.377 1.6 7.37938
      vertex 116.076 2.4 7.37938
      vertex 116.076 1.6 7.37938
    endloop
  endfacet
  facet normal -0 0 -1
    outer loop
      vertex 116.076 2.4 7.37938
      vertex 114.377 1.6 7.37938
      vertex 114.377 2.4 7.37938
    endloop
  endfacet
  facet normal 1 -0 0
    outer loop
      vertex 116.076 1.6 9.59671
      vertex 116.076 2.4 7.37938
      vertex 116.076 2.4 9.59671
    endloop
  endfacet
  facet normal 1 0 0
    outer loop
      vertex 116.076 2.4 7.37938
      vertex 116.076 1.6 9.59671
      vertex 116.076 1.6 7.37938
    endloop
  endfacet
  facet normal -0 0 1
    outer loop
      vertex 133.403 2.4 8.59346
      vertex 134.276 1.6 8.59346
      vertex 134.276 2.4 8.59346
    endloop
  endfacet
  facet normal 0 0 1
    outer loop
      vertex 134.276 1.6 8.59346
      vertex 133.403 2.4 8.59346
      vertex 133.403 1.6 8.59346
    endloop
  endfacet
  facet normal 0.0560123 0 0.99843
    outer loop
      vertex 133.144 2.4 8.60799
      vertex 133.403 1.6 8.59346
      vertex 133.403 2.4 8.59346
    endloop
  endfacet
  facet normal 0.0560123 0 0.99843
    outer loop
      vertex 133.403 1.6 8.59346
      vertex 133.144 2.4 8.60799
      vertex 133.144 1.6 8.60799
    endloop
  endfacet
  facet normal 0.218011 0 0.975946
    outer loop
      vertex 132.949 2.4 8.65155
      vertex 133.144 1.6 8.60799
      vertex 133.144 2.4 8.60799
    endloop
  endfacet
  facet normal 0.218011 0 0.975946
    outer loop
      vertex 133.144 1.6 8.60799
      vertex 132.949 2.4 8.65155
      vertex 132.949 1.6 8.65155
    endloop
  endfacet
  facet normal 0.487581 0 0.873078
    outer loop
      vertex 132.819 2.4 8.72415
      vertex 132.949 1.6 8.65155
      vertex 132.949 2.4 8.65155
    endloop
  endfacet
  facet normal 0.487581 0 0.873078
    outer loop
      vertex 132.949 1.6 8.65155
      vertex 132.819 2.4 8.72415
      vertex 132.819 1.6 8.72415
    endloop
  endfacet
  facet normal 0.811318 -0 0.584605
    outer loop
      vertex 132.737 1.6 8.83795
      vertex 132.819 2.4 8.72415
      vertex 132.737 2.4 8.83795
    endloop
  endfacet
  facet normal 0.811318 0 0.584605
    outer loop
      vertex 132.819 2.4 8.72415
      vertex 132.737 1.6 8.83795
      vertex 132.819 1.6 8.72415
    endloop
  endfacet
  facet normal 0.959607 -0 0.281342
    outer loop
      vertex 132.688 1.6 9.00508
      vertex 132.737 2.4 8.83795
      vertex 132.688 2.4 9.00508
    endloop
  endfacet
  facet normal 0.959607 0 0.281342
    outer loop
      vertex 132.737 2.4 8.83795
      vertex 132.688 1.6 9.00508
      vertex 132.737 1.6 8.83795
    endloop
  endfacet
  facet normal 0.997377 -0 0.0723786
    outer loop
      vertex 132.672 1.6 9.22556
      vertex 132.688 2.4 9.00508
      vertex 132.672 2.4 9.22556
    endloop
  endfacet
  facet normal 0.997377 0 0.0723786
    outer loop
      vertex 132.688 2.4 9.00508
      vertex 132.672 1.6 9.22556
      vertex 132.688 1.6 9.00508
    endloop
  endfacet
  facet normal 1 -0 0
    outer loop
      vertex 132.672 1.6 11.483
      vertex 132.672 2.4 9.22556
      vertex 132.672 2.4 11.483
    endloop
  endfacet
  facet normal 1 0 0
    outer loop
      vertex 132.672 2.4 9.22556
      vertex 132.672 1.6 11.483
      vertex 132.672 1.6 9.22556
    endloop
  endfacet
  facet normal 0 0 -1
    outer loop
      vertex 132.672 1.6 11.483
      vertex 134.424 2.4 11.483
      vertex 134.424 1.6 11.483
    endloop
  endfacet
  facet normal -0 0 -1
    outer loop
      vertex 134.424 2.4 11.483
      vertex 132.672 1.6 11.483
      vertex 132.672 2.4 11.483
    endloop
  endfacet
  facet normal 1 -0 0
    outer loop
      vertex 134.424 1.6 12.6971
      vertex 134.424 2.4 11.483
      vertex 134.424 2.4 12.6971
    endloop
  endfacet
  facet normal 1 0 0
    outer loop
      vertex 134.424 2.4 11.483
      vertex 134.424 1.6 12.6971
      vertex 134.424 1.6 11.483
    endloop
  endfacet
  facet normal -0 0 1
    outer loop
      vertex 132.672 2.4 12.6971
      vertex 134.424 1.6 12.6971
      vertex 134.424 2.4 12.6971
    endloop
  endfacet
  facet normal 0 0 1
    outer loop
      vertex 134.424 1.6 12.6971
      vertex 132.672 2.4 12.6971
      vertex 132.672 1.6 12.6971
    endloop
  endfacet
  facet normal 1 -0 0
    outer loop
      vertex 132.672 1.6 14.2069
      vertex 132.672 2.4 12.6971
      vertex 132.672 2.4 14.2069
    endloop
  endfacet
  facet normal 1 0 0
    outer loop
      vertex 132.672 2.4 12.6971
      vertex 132.672 1.6 14.2069
      vertex 132.672 1.6 12.6971
    endloop
  endfacet
  facet normal -0 0 1
    outer loop
      vertex 130.973 2.4 14.2069
      vertex 132.672 1.6 14.2069
      vertex 132.672 2.4 14.2069
    endloop
  endfacet
  facet normal 0 0 1
    outer loop
      vertex 132.672 1.6 14.2069
      vertex 130.973 2.4 14.2069
      vertex 130.973 1.6 14.2069
    endloop
  endfacet
  facet normal -1 0 0
    outer loop
      vertex 130.973 1.6 12.6971
      vertex 130.973 2.4 14.2069
      vertex 130.973 2.4 12.6971
    endloop
  endfacet
  facet normal -1 -0 0
    outer loop
      vertex 130.973 2.4 14.2069
      vertex 130.973 1.6 12.6971
      vertex 130.973 1.6 14.2069
    endloop
  endfacet
  facet normal -0 0 1
    outer loop
      vertex 130.128 2.4 12.6971
      vertex 130.973 1.6 12.6971
      vertex 130.973 2.4 12.6971
    endloop
  endfacet
  facet normal 0 0 1
    outer loop
      vertex 130.973 1.6 12.6971
      vertex 130.128 2.4 12.6971
      vertex 130.128 1.6 12.6971
    endloop
  endfacet
  facet normal -1 0 0
    outer loop
      vertex 130.128 1.6 11.483
      vertex 130.128 2.4 12.6971
      vertex 130.128 2.4 11.483
    endloop
  endfacet
  facet normal -1 -0 0
    outer loop
      vertex 130.128 2.4 12.6971
      vertex 130.128 1.6 11.483
      vertex 130.128 1.6 12.6971
    endloop
  endfacet
  facet normal 0 0 -1
    outer loop
      vertex 130.128 1.6 11.483
      vertex 130.973 2.4 11.483
      vertex 130.973 1.6 11.483
    endloop
  endfacet
  facet normal -0 0 -1
    outer loop
      vertex 130.973 2.4 11.483
      vertex 130.128 1.6 11.483
      vertex 130.128 2.4 11.483
    endloop
  endfacet
  facet normal -1 0 0
    outer loop
      vertex 130.973 1.6 9.22556
      vertex 130.973 2.4 11.483
      vertex 130.973 2.4 9.22556
    endloop
  endfacet
  facet normal -1 -0 0
    outer loop
      vertex 130.973 2.4 11.483
      vertex 130.973 1.6 9.22556
      vertex 130.973 1.6 11.483
    endloop
  endfacet
  facet normal -0.997128 0 -0.0757358
    outer loop
      vertex 131.019 1.6 8.61993
      vertex 130.973 2.4 9.22556
      vertex 131.019 2.4 8.61993
    endloop
  endfacet
  facet normal -0.997128 -0 -0.0757358
    outer loop
      vertex 130.973 2.4 9.22556
      vertex 131.019 1.6 8.61993
      vertex 130.973 1.6 9.22556
    endloop
  endfacet
  facet normal -0.959266 0 -0.282505
    outer loop
      vertex 131.159 1.6 8.14455
      vertex 131.019 2.4 8.61993
      vertex 131.159 2.4 8.14455
    endloop
  endfacet
  facet normal -0.959266 -0 -0.282505
    outer loop
      vertex 131.019 2.4 8.61993
      vertex 131.159 1.6 8.14455
      vertex 131.019 1.6 8.61993
    endloop
  endfacet
  facet normal -0.827724 0 -0.561136
    outer loop
      vertex 131.393 1.6 7.79938
      vertex 131.159 2.4 8.14455
      vertex 131.393 2.4 7.79938
    endloop
  endfacet
  facet normal -0.827724 -0 -0.561136
    outer loop
      vertex 131.159 2.4 8.14455
      vertex 131.393 1.6 7.79938
      vertex 131.159 1.6 8.14455
    endloop
  endfacet
  facet normal -0.560207 0 -0.828353
    outer loop
      vertex 131.393 1.6 7.79938
      vertex 131.738 2.4 7.56606
      vertex 131.738 1.6 7.56606
    endloop
  endfacet
  facet normal -0.560207 0 -0.828353
    outer loop
      vertex 131.738 2.4 7.56606
      vertex 131.393 1.6 7.79938
      vertex 131.393 2.4 7.79938
    endloop
  endfacet
  facet normal -0.282713 0 -0.959205
    outer loop
      vertex 131.738 1.6 7.56606
      vertex 132.213 2.4 7.42606
      vertex 132.213 1.6 7.42606
    endloop
  endfacet
  facet normal -0.282713 0 -0.959205
    outer loop
      vertex 132.213 2.4 7.42606
      vertex 131.738 1.6 7.56606
      vertex 131.738 2.4 7.56606
    endloop
  endfacet
  facet normal -0.0768022 0 -0.997046
    outer loop
      vertex 132.213 1.6 7.42606
      vertex 132.819 2.4 7.37938
      vertex 132.819 1.6 7.37938
    endloop
  endfacet
  facet normal -0.0768022 0 -0.997046
    outer loop
      vertex 132.819 2.4 7.37938
      vertex 132.213 1.6 7.42606
      vertex 132.213 2.4 7.42606
    endloop
  endfacet
  facet normal 0 0 -1
    outer loop
      vertex 132.819 1.6 7.37938
      vertex 134.276 2.4 7.37938
      vertex 134.276 1.6 7.37938
    endloop
  endfacet
  facet normal -0 0 -1
    outer loop
      vertex 134.276 2.4 7.37938
      vertex 132.819 1.6 7.37938
      vertex 132.819 2.4 7.37938
    endloop
  endfacet
  facet normal 1 -0 0
    outer loop
      vertex 134.276 1.6 8.59346
      vertex 134.276 2.4 7.37938
      vertex 134.276 2.4 8.59346
    endloop
  endfacet
  facet normal 1 0 0
    outer loop
      vertex 134.276 2.4 7.37938
      vertex 134.276 1.6 8.59346
      vertex 134.276 1.6 7.37938
    endloop
  endfacet
  facet normal 0.0961936 0 -0.995363
    outer loop
      vertex 156.286 1.6 7.25345
      vertex 156.688 2.4 7.2923
      vertex 156.688 1.6 7.2923
    endloop
  endfacet
  facet normal 0.0961936 0 -0.995363
    outer loop
      vertex 156.688 2.4 7.2923
      vertex 156.286 1.6 7.25345
      vertex 156.286 2.4 7.25345
    endloop
  endfacet
  facet normal 0.159044 0 -0.987271
    outer loop
      vertex 156.688 1.6 7.2923
      vertex 157.09 2.4 7.35706
      vertex 157.09 1.6 7.35706
    endloop
  endfacet
  facet normal 0.159044 0 -0.987271
    outer loop
      vertex 157.09 2.4 7.35706
      vertex 156.688 1.6 7.2923
      vertex 156.688 2.4 7.2923
    endloop
  endfacet
  facet normal 0.218727 0 -0.975786
    outer loop
      vertex 157.09 1.6 7.35706
      vertex 157.492 2.4 7.44717
      vertex 157.492 1.6 7.44717
    endloop
  endfacet
  facet normal 0.218727 0 -0.975786
    outer loop
      vertex 157.492 2.4 7.44717
      vertex 157.09 1.6 7.35706
      vertex 157.09 2.4 7.35706
    endloop
  endfacet
  facet normal 0.275582 0 -0.961278
    outer loop
      vertex 157.492 1.6 7.44717
      vertex 157.893 2.4 7.56213
      vertex 157.893 1.6 7.56213
    endloop
  endfacet
  facet normal 0.275582 0 -0.961278
    outer loop
      vertex 157.893 2.4 7.56213
      vertex 157.492 1.6 7.44717
      vertex 157.492 2.4 7.44717
    endloop
  endfacet
  facet normal 0.328508 0 -0.944501
    outer loop
      vertex 157.893 1.6 7.56213
      vertex 158.295 2.4 7.70195
      vertex 158.295 1.6 7.70195
    endloop
  endfacet
  facet normal 0.328508 0 -0.944501
    outer loop
      vertex 158.295 2.4 7.70195
      vertex 157.893 1.6 7.56213
      vertex 157.893 2.4 7.56213
    endloop
  endfacet
  facet normal 1 -0 0
    outer loop
      vertex 158.295 1.6 9.0101
      vertex 158.295 2.4 7.70195
      vertex 158.295 2.4 9.0101
    endloop
  endfacet
  facet normal 1 0 0
    outer loop
      vertex 158.295 2.4 7.70195
      vertex 158.295 1.6 9.0101
      vertex 158.295 1.6 7.70195
    endloop
  endfacet
  facet normal -0.448927 0 0.893568
    outer loop
      vertex 157.903 2.4 8.81316
      vertex 158.295 1.6 9.0101
      vertex 158.295 2.4 9.0101
    endloop
  endfacet
  facet normal -0.448927 0 0.893568
    outer loop
      vertex 158.295 1.6 9.0101
      vertex 157.903 2.4 8.81316
      vertex 157.903 1.6 8.81316
    endloop
  endfacet
  facet normal -0.384908 0 0.922955
    outer loop
      vertex 157.518 2.4 8.6526
      vertex 157.903 1.6 8.81316
      vertex 157.903 2.4 8.81316
    endloop
  endfacet
  facet normal -0.384908 0 0.922955
    outer loop
      vertex 157.903 1.6 8.81316
      vertex 157.518 2.4 8.6526
      vertex 157.518 1.6 8.6526
    endloop
  endfacet
  facet normal -0.311342 0 0.950298
    outer loop
      vertex 157.139 2.4 8.52843
      vertex 157.518 1.6 8.6526
      vertex 157.518 2.4 8.6526
    endloop
  endfacet
  facet normal -0.311342 0 0.950298
    outer loop
      vertex 157.518 1.6 8.6526
      vertex 157.139 2.4 8.52843
      vertex 157.139 1.6 8.52843
    endloop
  endfacet
  facet normal -0.230998 0 0.972954
    outer loop
      vertex 156.767 2.4 8.44011
      vertex 157.139 1.6 8.52843
      vertex 157.139 2.4 8.52843
    endloop
  endfacet
  facet normal -0.230998 0 0.972954
    outer loop
      vertex 157.139 1.6 8.52843
      vertex 156.767 2.4 8.44011
      vertex 156.767 1.6 8.44011
    endloop
  endfacet
  facet normal -0.143261 0 0.989685
    outer loop
      vertex 156.401 2.4 8.38713
      vertex 156.767 1.6 8.44011
      vertex 156.767 2.4 8.44011
    endloop
  endfacet
  facet normal -0.143261 0 0.989685
    outer loop
      vertex 156.767 1.6 8.44011
      vertex 156.401 2.4 8.38713
      vertex 156.401 1.6 8.38713
    endloop
  endfacet
  facet normal -0.0490243 0 0.998798
    outer loop
      vertex 156.041 2.4 8.36946
      vertex 156.401 1.6 8.38713
      vertex 156.401 2.4 8.38713
    endloop
  endfacet
  facet normal -0.0490243 0 0.998798
    outer loop
      vertex 156.401 1.6 8.38713
      vertex 156.041 2.4 8.36946
      vertex 156.041 1.6 8.36946
    endloop
  endfacet
  facet normal 0.0805886 0 0.996747
    outer loop
      vertex 155.63 2.4 8.40269
      vertex 156.041 1.6 8.36946
      vertex 156.041 2.4 8.36946
    endloop
  endfacet
  facet normal 0.0805886 0 0.996747
    outer loop
      vertex 156.041 1.6 8.36946
      vertex 155.63 2.4 8.40269
      vertex 155.63 1.6 8.40269
    endloop
  endfacet
  facet normal 0.277574 0 0.960704
    outer loop
      vertex 155.285 2.4 8.50237
      vertex 155.63 1.6 8.40269
      vertex 155.63 2.4 8.40269
    endloop
  endfacet
  facet normal 0.277574 0 0.960704
    outer loop
      vertex 155.63 1.6 8.40269
      vertex 155.285 2.4 8.50237
      vertex 155.285 1.6 8.50237
    endloop
  endfacet
  facet normal 0.511617 0 0.859214
    outer loop
      vertex 155.006 2.4 8.6685
      vertex 155.285 1.6 8.50237
      vertex 155.285 2.4 8.50237
    endloop
  endfacet
  facet normal 0.511617 0 0.859214
    outer loop
      vertex 155.285 1.6 8.50237
      vertex 155.006 2.4 8.6685
      vertex 155.006 1.6 8.6685
    endloop
  endfacet
  facet normal 0.737482 -0 0.675367
    outer loop
      vertex 154.793 1.6 8.90109
      vertex 155.006 2.4 8.6685
      vertex 154.793 2.4 8.90109
    endloop
  endfacet
  facet normal 0.737482 0 0.675367
    outer loop
      vertex 155.006 2.4 8.6685
      vertex 154.793 1.6 8.90109
      vertex 155.006 1.6 8.6685
    endloop
  endfacet
  facet normal 0.900981 -0 0.433859
    outer loop
      vertex 154.649 1.6 9.20013
      vertex 154.793 2.4 8.90109
      vertex 154.649 2.4 9.20013
    endloop
  endfacet
  facet normal 0.900981 0 0.433859
    outer loop
      vertex 154.793 2.4 8.90109
      vertex 154.649 1.6 9.20013
      vertex 154.793 1.6 8.90109
    endloop
  endfacet
  facet normal 0.979589 -0 0.20101
    outer loop
      vertex 154.574 1.6 9.56563
      vertex 154.649 2.4 9.20013
      vertex 154.574 2.4 9.56563
    endloop
  endfacet
  facet normal 0.979589 0 0.20101
    outer loop
      vertex 154.649 2.4 9.20013
      vertex 154.574 1.6 9.56563
      vertex 154.649 1.6 9.20013
    endloop
  endfacet
  facet normal 0 0 -1
    outer loop
      vertex 154.574 1.6 9.56563
      vertex 158.547 2.4 9.56563
      vertex 158.547 1.6 9.56563
    endloop
  endfacet
  facet normal -0 0 -1
    outer loop
      vertex 158.547 2.4 9.56563
      vertex 154.574 1.6 9.56563
      vertex 154.574 2.4 9.56563
    endloop
  endfacet
  facet normal 1 -0 0
    outer loop
      vertex 158.547 1.6 10.0495
      vertex 158.547 2.4 9.56563
      vertex 158.547 2.4 10.0495
    endloop
  endfacet
  facet normal 1 0 0
    outer loop
      vertex 158.547 2.4 9.56563
      vertex 158.547 1.6 10.0495
      vertex 158.547 1.6 9.56563
    endloop
  endfacet
  facet normal 0.994332 -0 0.106319
    outer loop
      vertex 158.463 1.6 10.8351
      vertex 158.547 2.4 10.0495
      vertex 158.463 2.4 10.8351
    endloop
  endfacet
  facet normal 0.994332 0 0.106319
    outer loop
      vertex 158.547 2.4 10.0495
      vertex 158.463 1.6 10.8351
      vertex 158.547 1.6 10.0495
    endloop
  endfacet
  facet normal 0.937362 -0 0.348358
    outer loop
      vertex 158.213 1.6 11.5078
      vertex 158.463 2.4 10.8351
      vertex 158.213 2.4 11.5078
    endloop
  endfacet
  facet normal 0.937362 0 0.348358
    outer loop
      vertex 158.463 2.4 10.8351
      vertex 158.213 1.6 11.5078
      vertex 158.463 1.6 10.8351
    endloop
  endfacet
  facet normal 0.801269 -0 0.598304
    outer loop
      vertex 157.795 1.6 12.0676
      vertex 158.213 2.4 11.5078
      vertex 157.795 2.4 12.0676
    endloop
  endfacet
  facet normal 0.801269 0 0.598304
    outer loop
      vertex 158.213 2.4 11.5078
      vertex 157.795 1.6 12.0676
      vertex 158.213 1.6 11.5078
    endloop
  endfacet
  facet normal 0.600825 0 0.799381
    outer loop
      vertex 157.237 2.4 12.487
      vertex 157.795 1.6 12.0676
      vertex 157.795 2.4 12.0676
    endloop
  endfacet
  facet normal 0.600825 0 0.799381
    outer loop
      vertex 157.795 1.6 12.0676
      vertex 157.237 2.4 12.487
      vertex 157.237 1.6 12.487
    endloop
  endfacet
  facet normal 0.352597 0 0.935775
    outer loop
      vertex 156.569 2.4 12.7387
      vertex 157.237 1.6 12.487
      vertex 157.237 2.4 12.487
    endloop
  endfacet
  facet normal 0.352597 0 0.935775
    outer loop
      vertex 157.237 1.6 12.487
      vertex 156.569 2.4 12.7387
      vertex 156.569 1.6 12.7387
    endloop
  endfacet
  facet normal 0.106947 0 0.994265
    outer loop
      vertex 155.789 2.4 12.8226
      vertex 156.569 1.6 12.7387
      vertex 156.569 2.4 12.7387
    endloop
  endfacet
  facet normal 0.106947 0 0.994265
    outer loop
      vertex 156.569 1.6 12.7387
      vertex 155.789 2.4 12.8226
      vertex 155.789 1.6 12.8226
    endloop
  endfacet
  facet normal -0.0967274 0 0.995311
    outer loop
      vertex 154.937 2.4 12.7398
      vertex 155.789 1.6 12.8226
      vertex 155.789 2.4 12.8226
    endloop
  endfacet
  facet normal -0.0967274 0 0.995311
    outer loop
      vertex 155.789 1.6 12.8226
      vertex 154.937 2.4 12.7398
      vertex 154.937 1.6 12.7398
    endloop
  endfacet
  facet normal -0.325732 0 0.945462
    outer loop
      vertex 154.216 2.4 12.4914
      vertex 154.937 1.6 12.7398
      vertex 154.937 2.4 12.7398
    endloop
  endfacet
  facet normal -0.325732 0 0.945462
    outer loop
      vertex 154.937 1.6 12.7398
      vertex 154.216 2.4 12.4914
      vertex 154.216 1.6 12.4914
    endloop
  endfacet
  facet normal -0.575139 0 0.818056
    outer loop
      vertex 153.627 2.4 12.0773
      vertex 154.216 1.6 12.4914
      vertex 154.216 2.4 12.4914
    endloop
  endfacet
  facet normal -0.575139 0 0.818056
    outer loop
      vertex 154.216 1.6 12.4914
      vertex 153.627 2.4 12.0773
      vertex 153.627 1.6 12.0773
    endloop
  endfacet
  facet normal -0.787565 0 0.616232
    outer loop
      vertex 153.19 1.6 11.5188
      vertex 153.627 2.4 12.0773
      vertex 153.19 2.4 11.5188
    endloop
  endfacet
  facet normal -0.787565 0 0.616232
    outer loop
      vertex 153.627 2.4 12.0773
      vertex 153.19 1.6 11.5188
      vertex 153.627 1.6 12.0773
    endloop
  endfacet
  facet normal -0.933469 0 0.358658
    outer loop
      vertex 152.928 1.6 10.8369
      vertex 153.19 2.4 11.5188
      vertex 152.928 2.4 10.8369
    endloop
  endfacet
  facet normal -0.933469 0 0.358658
    outer loop
      vertex 153.19 2.4 11.5188
      vertex 152.928 1.6 10.8369
      vertex 153.19 1.6 11.5188
    endloop
  endfacet
  facet normal -0.994216 0 0.107396
    outer loop
      vertex 152.841 1.6 10.0315
      vertex 152.928 2.4 10.8369
      vertex 152.841 2.4 10.0315
    endloop
  endfacet
  facet normal -0.994216 0 0.107396
    outer loop
      vertex 152.928 2.4 10.8369
      vertex 152.841 1.6 10.0315
      vertex 152.928 1.6 10.8369
    endloop
  endfacet
  facet normal -0.994122 0 -0.10827
    outer loop
      vertex 152.93 1.6 9.21431
      vertex 152.841 2.4 10.0315
      vertex 152.93 2.4 9.21431
    endloop
  endfacet
  facet normal -0.994122 -0 -0.10827
    outer loop
      vertex 152.841 2.4 10.0315
      vertex 152.93 1.6 9.21431
      vertex 152.841 1.6 10.0315
    endloop
  endfacet
  facet normal -0.931885 0 -0.362754
    outer loop
      vertex 153.197 1.6 8.52841
      vertex 152.93 2.4 9.21431
      vertex 153.197 2.4 8.52841
    endloop
  endfacet
  facet normal -0.931885 -0 -0.362754
    outer loop
      vertex 152.93 2.4 9.21431
      vertex 153.197 1.6 8.52841
      vertex 152.93 1.6 9.21431
    endloop
  endfacet
  facet normal -0.780644 0 -0.624977
    outer loop
      vertex 153.641 1.6 7.97382
      vertex 153.197 2.4 8.52841
      vertex 153.641 2.4 7.97382
    endloop
  endfacet
  facet normal -0.780644 -0 -0.624977
    outer loop
      vertex 153.197 2.4 8.52841
      vertex 153.641 1.6 7.97382
      vertex 153.197 1.6 8.52841
    endloop
  endfacet
  facet normal -0.558554 0 -0.829468
    outer loop
      vertex 153.641 1.6 7.97382
      vertex 154.246 2.4 7.56642
      vertex 154.246 1.6 7.56642
    endloop
  endfacet
  facet normal -0.558554 0 -0.829468
    outer loop
      vertex 154.246 2.4 7.56642
      vertex 153.641 1.6 7.97382
      vertex 153.641 2.4 7.97382
    endloop
  endfacet
  facet normal -0.311001 0 -0.950409
    outer loop
      vertex 154.246 1.6 7.56642
      vertex 154.993 2.4 7.32198
      vertex 154.993 1.6 7.32198
    endloop
  endfacet
  facet normal -0.311001 0 -0.950409
    outer loop
      vertex 154.993 2.4 7.32198
      vertex 154.246 1.6 7.56642
      vertex 154.246 2.4 7.56642
    endloop
  endfacet
  facet normal -0.0910567 0 -0.995846
    outer loop
      vertex 154.993 1.6 7.32198
      vertex 155.884 2.4 7.24051
      vertex 155.884 1.6 7.24051
    endloop
  endfacet
  facet normal -0.0910567 0 -0.995846
    outer loop
      vertex 155.884 2.4 7.24051
      vertex 154.993 1.6 7.32198
      vertex 154.993 2.4 7.32198
    endloop
  endfacet
  facet normal 0.0321724 0 -0.999482
    outer loop
      vertex 155.884 1.6 7.24051
      vertex 156.286 2.4 7.25345
      vertex 156.286 1.6 7.25345
    endloop
  endfacet
  facet normal 0.0321724 0 -0.999482
    outer loop
      vertex 156.286 2.4 7.25345
      vertex 155.884 1.6 7.24051
      vertex 155.884 2.4 7.24051
    endloop
  endfacet
  facet normal 0.973194 0 -0.229984
    outer loop
      vertex 154.669 1.6 10.9355
      vertex 154.593 2.4 10.6139
      vertex 154.669 2.4 10.9355
    endloop
  endfacet
  facet normal 0.973194 0 -0.229984
    outer loop
      vertex 154.593 2.4 10.6139
      vertex 154.669 1.6 10.9355
      vertex 154.593 1.6 10.6139
    endloop
  endfacet
  facet normal 0.901797 0 -0.43216
    outer loop
      vertex 154.797 1.6 11.2026
      vertex 154.669 2.4 10.9355
      vertex 154.797 2.4 11.2026
    endloop
  endfacet
  facet normal 0.901797 0 -0.43216
    outer loop
      vertex 154.669 2.4 10.9355
      vertex 154.797 1.6 11.2026
      vertex 154.669 1.6 10.9355
    endloop
  endfacet
  facet normal 0.763495 0 -0.645814
    outer loop
      vertex 154.977 1.6 11.4154
      vertex 154.797 2.4 11.2026
      vertex 154.977 2.4 11.4154
    endloop
  endfacet
  facet normal 0.763495 0 -0.645814
    outer loop
      vertex 154.797 2.4 11.2026
      vertex 154.977 1.6 11.4154
      vertex 154.797 1.6 11.2026
    endloop
  endfacet
  facet normal 0.562659 0 -0.826689
    outer loop
      vertex 154.977 1.6 11.4154
      vertex 155.204 2.4 11.5699
      vertex 155.204 1.6 11.5699
    endloop
  endfacet
  facet normal 0.562659 0 -0.826689
    outer loop
      vertex 155.204 2.4 11.5699
      vertex 154.977 1.6 11.4154
      vertex 154.977 2.4 11.4154
    endloop
  endfacet
  facet normal 0.328301 0 -0.944573
    outer loop
      vertex 155.204 1.6 11.5699
      vertex 155.471 2.4 11.6627
      vertex 155.471 1.6 11.6627
    endloop
  endfacet
  facet normal 0.328301 0 -0.944573
    outer loop
      vertex 155.471 2.4 11.6627
      vertex 155.204 1.6 11.5699
      vertex 155.204 2.4 11.5699
    endloop
  endfacet
  facet normal 0.0998236 0 -0.995005
    outer loop
      vertex 155.471 1.6 11.6627
      vertex 155.779 2.4 11.6936
      vertex 155.779 1.6 11.6936
    endloop
  endfacet
  facet normal 0.0998236 0 -0.995005
    outer loop
      vertex 155.779 2.4 11.6936
      vertex 155.471 1.6 11.6627
      vertex 155.471 2.4 11.6627
    endloop
  endfacet
  facet normal -0.115021 0 -0.993363
    outer loop
      vertex 155.779 1.6 11.6936
      vertex 156.064 2.4 11.6606
      vertex 156.064 1.6 11.6606
    endloop
  endfacet
  facet normal -0.115021 0 -0.993363
    outer loop
      vertex 156.064 2.4 11.6606
      vertex 155.779 1.6 11.6936
      vertex 155.779 2.4 11.6936
    endloop
  endfacet
  facet normal -0.373665 0 -0.927564
    outer loop
      vertex 156.064 1.6 11.6606
      vertex 156.31 2.4 11.5615
      vertex 156.31 1.6 11.5615
    endloop
  endfacet
  facet normal -0.373665 0 -0.927564
    outer loop
      vertex 156.31 2.4 11.5615
      vertex 156.064 1.6 11.6606
      vertex 156.064 2.4 11.6606
    endloop
  endfacet
  facet normal -0.621936 0 -0.783068
    outer loop
      vertex 156.31 1.6 11.5615
      vertex 156.518 2.4 11.3963
      vertex 156.518 1.6 11.3963
    endloop
  endfacet
  facet normal -0.621936 0 -0.783068
    outer loop
      vertex 156.518 2.4 11.3963
      vertex 156.31 1.6 11.5615
      vertex 156.31 2.4 11.5615
    endloop
  endfacet
  facet normal -0.812729 0 -0.582642
    outer loop
      vertex 156.675 1.6 11.1773
      vertex 156.518 2.4 11.3963
      vertex 156.675 2.4 11.1773
    endloop
  endfacet
  facet normal -0.812729 -0 -0.582642
    outer loop
      vertex 156.518 2.4 11.3963
      vertex 156.675 1.6 11.1773
      vertex 156.518 1.6 11.3963
    endloop
  endfacet
  facet normal -0.940759 0 -0.339077
    outer loop
      vertex 156.769 1.6 10.9165
      vertex 156.675 2.4 11.1773
      vertex 156.769 2.4 10.9165
    endloop
  endfacet
  facet normal -0.940759 -0 -0.339077
    outer loop
      vertex 156.675 2.4 11.1773
      vertex 156.769 1.6 10.9165
      vertex 156.675 1.6 11.1773
    endloop
  endfacet
  facet normal -0.994793 0 -0.101912
    outer loop
      vertex 156.8 1.6 10.6139
      vertex 156.769 2.4 10.9165
      vertex 156.8 2.4 10.6139
    endloop
  endfacet
  facet normal -0.994793 -0 -0.101912
    outer loop
      vertex 156.769 2.4 10.9165
      vertex 156.8 1.6 10.6139
      vertex 156.769 1.6 10.9165
    endloop
  endfacet
  facet normal -0 0 1
    outer loop
      vertex 154.593 2.4 10.6139
      vertex 156.8 1.6 10.6139
      vertex 156.8 2.4 10.6139
    endloop
  endfacet
  facet normal 0 0 1
    outer loop
      vertex 156.8 1.6 10.6139
      vertex 154.593 2.4 10.6139
      vertex 154.593 1.6 10.6139
    endloop
  endfacet
  facet normal 0.208332 0 -0.978058
    outer loop
      vertex 141.882 1.6 7.26508
      vertex 142.228 2.4 7.33878
      vertex 142.228 1.6 7.33878
    endloop
  endfacet
  facet normal 0.208332 0 -0.978058
    outer loop
      vertex 142.228 2.4 7.33878
      vertex 141.882 1.6 7.26508
      vertex 141.882 2.4 7.26508
    endloop
  endfacet
  facet normal 0.372593 0 -0.927995
    outer loop
      vertex 142.228 1.6 7.33878
      vertex 142.534 2.4 7.46164
      vertex 142.534 1.6 7.46164
    endloop
  endfacet
  facet normal 0.372593 0 -0.927995
    outer loop
      vertex 142.534 2.4 7.46164
      vertex 142.228 1.6 7.33878
      vertex 142.228 2.4 7.33878
    endloop
  endfacet
  facet normal 0.540659 0 -0.841242
    outer loop
      vertex 142.534 1.6 7.46164
      vertex 142.809 2.4 7.63838
      vertex 142.809 1.6 7.63838
    endloop
  endfacet
  facet normal 0.540659 0 -0.841242
    outer loop
      vertex 142.809 2.4 7.63838
      vertex 142.534 1.6 7.46164
      vertex 142.534 2.4 7.46164
    endloop
  endfacet
  facet normal 0.676885 0 -0.736089
    outer loop
      vertex 142.809 1.6 7.63838
      vertex 143.065 2.4 7.87379
      vertex 143.065 1.6 7.87379
    endloop
  endfacet
  facet normal 0.676885 0 -0.736089
    outer loop
      vertex 143.065 2.4 7.87379
      vertex 142.809 1.6 7.63838
      vertex 142.809 2.4 7.63838
    endloop
  endfacet
  facet normal 0.777318 0 -0.629108
    outer loop
      vertex 143.303 1.6 8.16786
      vertex 143.065 2.4 7.87379
      vertex 143.303 2.4 8.16786
    endloop
  endfacet
  facet normal 0.777318 0 -0.629108
    outer loop
      vertex 143.065 2.4 7.87379
      vertex 143.303 1.6 8.16786
      vertex 143.065 1.6 7.87379
    endloop
  endfacet
  facet normal -1 0 0
    outer loop
      vertex 143.303 1.6 7.37938
      vertex 143.303 2.4 8.16786
      vertex 143.303 2.4 7.37938
    endloop
  endfacet
  facet normal -1 -0 0
    outer loop
      vertex 143.303 2.4 8.16786
      vertex 143.303 1.6 7.37938
      vertex 143.303 1.6 8.16786
    endloop
  endfacet
  facet normal 0 0 -1
    outer loop
      vertex 143.303 1.6 7.37938
      vertex 145.016 2.4 7.37938
      vertex 145.016 1.6 7.37938
    endloop
  endfacet
  facet normal -0 0 -1
    outer loop
      vertex 145.016 2.4 7.37938
      vertex 143.303 1.6 7.37938
      vertex 143.303 2.4 7.37938
    endloop
  endfacet
  facet normal 1 -0 0
    outer loop
      vertex 145.016 1.6 10.4089
      vertex 145.016 2.4 7.37938
      vertex 145.016 2.4 10.4089
    endloop
  endfacet
  facet normal 1 0 0
    outer loop
      vertex 145.016 2.4 7.37938
      vertex 145.016 1.6 10.4089
      vertex 145.016 1.6 7.37938
    endloop
  endfacet
  facet normal 0.99581 -0 0.0914415
    outer loop
      vertex 144.945 1.6 11.1821
      vertex 145.016 2.4 10.4089
      vertex 144.945 2.4 11.1821
    endloop
  endfacet
  facet normal 0.99581 0 0.0914415
    outer loop
      vertex 145.016 2.4 10.4089
      vertex 144.945 1.6 11.1821
      vertex 145.016 1.6 10.4089
    endloop
  endfacet
  facet normal 0.944964 -0 0.327174
    outer loop
      vertex 144.732 1.6 11.7973
      vertex 144.945 2.4 11.1821
      vertex 144.732 2.4 11.7973
    endloop
  endfacet
  facet normal 0.944964 0 0.327174
    outer loop
      vertex 144.945 2.4 11.1821
      vertex 144.732 1.6 11.7973
      vertex 144.945 1.6 11.1821
    endloop
  endfacet
  facet normal 0.790886 -0 0.611964
    outer loop
      vertex 144.378 1.6 12.2548
      vertex 144.732 2.4 11.7973
      vertex 144.378 2.4 12.2548
    endloop
  endfacet
  facet normal 0.790886 0 0.611964
    outer loop
      vertex 144.732 2.4 11.7973
      vertex 144.378 1.6 12.2548
      vertex 144.732 1.6 11.7973
    endloop
  endfacet
  facet normal 0.522267 0 0.852782
    outer loop
      vertex 143.863 2.4 12.5702
      vertex 144.378 1.6 12.2548
      vertex 144.378 2.4 12.2548
    endloop
  endfacet
  facet normal 0.522267 0 0.852782
    outer loop
      vertex 144.378 1.6 12.2548
      vertex 143.863 2.4 12.5702
      vertex 143.863 1.6 12.5702
    endloop
  endfacet
  facet normal 0.26386 0 0.964561
    outer loop
      vertex 143.171 2.4 12.7595
      vertex 143.863 1.6 12.5702
      vertex 143.863 2.4 12.5702
    endloop
  endfacet
  facet normal 0.26386 0 0.964561
    outer loop
      vertex 143.863 1.6 12.5702
      vertex 143.171 2.4 12.7595
      vertex 143.171 1.6 12.7595
    endloop
  endfacet
  facet normal 0.0723387 0 0.99738
    outer loop
      vertex 142.301 2.4 12.8226
      vertex 143.171 1.6 12.7595
      vertex 143.171 2.4 12.7595
    endloop
  endfacet
  facet normal 0.0723387 0 0.99738
    outer loop
      vertex 143.171 1.6 12.7595
      vertex 142.301 2.4 12.8226
      vertex 142.301 1.6 12.8226
    endloop
  endfacet
  facet normal -0.020704 0 0.999786
    outer loop
      vertex 141.934 2.4 12.815
      vertex 142.301 1.6 12.8226
      vertex 142.301 2.4 12.8226
    endloop
  endfacet
  facet normal -0.020704 0 0.999786
    outer loop
      vertex 142.301 1.6 12.8226
      vertex 141.934 2.4 12.815
      vertex 141.934 1.6 12.815
    endloop
  endfacet
  facet normal -0.0620058 0 0.998076
    outer loop
      vertex 141.567 2.4 12.7922
      vertex 141.934 1.6 12.815
      vertex 141.934 2.4 12.815
    endloop
  endfacet
  facet normal -0.0620058 0 0.998076
    outer loop
      vertex 141.934 1.6 12.815
      vertex 141.567 2.4 12.7922
      vertex 141.567 1.6 12.7922
    endloop
  endfacet
  facet normal -0.102992 0 0.994682
    outer loop
      vertex 141.2 2.4 12.7542
      vertex 141.567 1.6 12.7922
      vertex 141.567 2.4 12.7922
    endloop
  endfacet
  facet normal -0.102992 0 0.994682
    outer loop
      vertex 141.567 1.6 12.7922
      vertex 141.2 2.4 12.7542
      vertex 141.2 1.6 12.7542
    endloop
  endfacet
  facet normal -0.142139 0 0.989847
    outer loop
      vertex 140.833 2.4 12.7015
      vertex 141.2 1.6 12.7542
      vertex 141.2 2.4 12.7542
    endloop
  endfacet
  facet normal -0.142139 0 0.989847
    outer loop
      vertex 141.2 1.6 12.7542
      vertex 140.833 2.4 12.7015
      vertex 140.833 1.6 12.7015
    endloop
  endfacet
  facet normal -0.180024 0 0.983662
    outer loop
      vertex 140.468 2.4 12.6347
      vertex 140.833 1.6 12.7015
      vertex 140.833 2.4 12.7015
    endloop
  endfacet
  facet normal -0.180024 0 0.983662
    outer loop
      vertex 140.833 1.6 12.7015
      vertex 140.468 2.4 12.6347
      vertex 140.468 1.6 12.6347
    endloop
  endfacet
  facet normal -0.216392 0 0.976306
    outer loop
      vertex 140.103 2.4 12.5538
      vertex 140.468 1.6 12.6347
      vertex 140.468 2.4 12.6347
    endloop
  endfacet
  facet normal -0.216392 0 0.976306
    outer loop
      vertex 140.468 1.6 12.6347
      vertex 140.103 2.4 12.5538
      vertex 140.103 1.6 12.5538
    endloop
  endfacet
  facet normal -1 0 0
    outer loop
      vertex 140.103 1.6 11.259
      vertex 140.103 2.4 12.5538
      vertex 140.103 2.4 11.259
    endloop
  endfacet
  facet normal -1 -0 0
    outer loop
      vertex 140.103 2.4 12.5538
      vertex 140.103 1.6 11.259
      vertex 140.103 1.6 12.5538
    endloop
  endfacet
  facet normal 0.432308 0 -0.901726
    outer loop
      vertex 140.103 1.6 11.259
      vertex 140.38 2.4 11.3918
      vertex 140.38 1.6 11.3918
    endloop
  endfacet
  facet normal 0.432308 0 -0.901726
    outer loop
      vertex 140.38 2.4 11.3918
      vertex 140.103 1.6 11.259
      vertex 140.103 2.4 11.259
    endloop
  endfacet
  facet normal 0.349924 0 -0.936778
    outer loop
      vertex 140.38 1.6 11.3918
      vertex 140.671 2.4 11.5005
      vertex 140.671 1.6 11.5005
    endloop
  endfacet
  facet normal 0.349924 0 -0.936778
    outer loop
      vertex 140.671 2.4 11.5005
      vertex 140.38 1.6 11.3918
      vertex 140.38 2.4 11.3918
    endloop
  endfacet
  facet normal 0.266181 0 -0.963923
    outer loop
      vertex 140.671 1.6 11.5005
      vertex 140.977 2.4 11.585
      vertex 140.977 1.6 11.585
    endloop
  endfacet
  facet normal 0.266181 0 -0.963923
    outer loop
      vertex 140.977 2.4 11.585
      vertex 140.671 1.6 11.5005
      vertex 140.671 2.4 11.5005
    endloop
  endfacet
  facet normal 0.184621 0 -0.98281
    outer loop
      vertex 140.977 1.6 11.585
      vertex 141.298 2.4 11.6453
      vertex 141.298 1.6 11.6453
    endloop
  endfacet
  facet normal 0.184621 0 -0.98281
    outer loop
      vertex 141.298 2.4 11.6453
      vertex 140.977 1.6 11.585
      vertex 140.977 2.4 11.585
    endloop
  endfacet
  facet normal 0.106181 0 -0.994347
    outer loop
      vertex 141.298 1.6 11.6453
      vertex 141.637 2.4 11.6815
      vertex 141.637 1.6 11.6815
    endloop
  endfacet
  facet normal 0.106181 0 -0.994347
    outer loop
      vertex 141.637 2.4 11.6815
      vertex 141.298 1.6 11.6453
      vertex 141.298 2.4 11.6453
    endloop
  endfacet
  facet normal 0.0339691 0 -0.999423
    outer loop
      vertex 141.637 1.6 11.6815
      vertex 141.993 2.4 11.6936
      vertex 141.993 1.6 11.6936
    endloop
  endfacet
  facet normal 0.0339691 0 -0.999423
    outer loop
      vertex 141.993 2.4 11.6936
      vertex 141.637 1.6 11.6815
      vertex 141.637 2.4 11.6815
    endloop
  endfacet
  facet normal -0.0510337 0 -0.998697
    outer loop
      vertex 141.993 1.6 11.6936
      vertex 142.402 2.4 11.6727
      vertex 142.402 1.6 11.6727
    endloop
  endfacet
  facet normal -0.0510337 0 -0.998697
    outer loop
      vertex 142.402 2.4 11.6727
      vertex 141.993 1.6 11.6936
      vertex 141.993 2.4 11.6936
    endloop
  endfacet
  facet normal -0.18583 0 -0.982582
    outer loop
      vertex 142.402 1.6 11.6727
      vertex 142.733 2.4 11.6101
      vertex 142.733 1.6 11.6101
    endloop
  endfacet
  facet normal -0.18583 0 -0.982582
    outer loop
      vertex 142.733 2.4 11.6101
      vertex 142.402 1.6 11.6727
      vertex 142.402 2.4 11.6727
    endloop
  endfacet
  facet normal -0.382427 0 -0.923986
    outer loop
      vertex 142.733 1.6 11.6101
      vertex 142.985 2.4 11.5058
      vertex 142.985 1.6 11.5058
    endloop
  endfacet
  facet normal -0.382427 0 -0.923986
    outer loop
      vertex 142.985 2.4 11.5058
      vertex 142.733 1.6 11.6101
      vertex 142.733 2.4 11.6101
    endloop
  endfacet
  facet normal -0.646641 0 -0.762794
    outer loop
      vertex 142.985 1.6 11.5058
      vertex 143.161 2.4 11.3566
      vertex 143.161 1.6 11.3566
    endloop
  endfacet
  facet normal -0.646641 0 -0.762794
    outer loop
      vertex 143.161 2.4 11.3566
      vertex 142.985 1.6 11.5058
      vertex 142.985 2.4 11.5058
    endloop
  endfacet
  facet normal -0.880915 0 -0.473274
    outer loop
      vertex 143.267 1.6 11.1593
      vertex 143.161 2.4 11.3566
      vertex 143.267 2.4 11.1593
    endloop
  endfacet
  facet normal -0.880915 -0 -0.473274
    outer loop
      vertex 143.161 2.4 11.3566
      vertex 143.267 1.6 11.1593
      vertex 143.161 1.6 11.3566
    endloop
  endfacet
  facet normal -0.98941 0 -0.145146
    outer loop
      vertex 143.303 1.6 10.9139
      vertex 143.267 2.4 11.1593
      vertex 143.303 2.4 10.9139
    endloop
  endfacet
  facet normal -0.98941 -0 -0.145146
    outer loop
      vertex 143.267 2.4 11.1593
      vertex 143.303 1.6 10.9139
      vertex 143.267 1.6 11.1593
    endloop
  endfacet
  facet normal -1 0 0
    outer loop
      vertex 143.303 1.6 10.7797
      vertex 143.303 2.4 10.9139
      vertex 143.303 2.4 10.7797
    endloop
  endfacet
  facet normal -1 -0 0
    outer loop
      vertex 143.303 2.4 10.9139
      vertex 143.303 1.6 10.7797
      vertex 143.303 1.6 10.9139
    endloop
  endfacet
  facet normal -0 0 1
    outer loop
      vertex 142.301 2.4 10.7797
      vertex 143.303 1.6 10.7797
      vertex 143.303 2.4 10.7797
    endloop
  endfacet
  facet normal 0 0 1
    outer loop
      vertex 143.303 1.6 10.7797
      vertex 142.301 2.4 10.7797
      vertex 142.301 1.6 10.7797
    endloop
  endfacet
  facet normal -0.057917 0 0.998321
    outer loop
      vertex 141.465 2.4 10.7312
      vertex 142.301 1.6 10.7797
      vertex 142.301 2.4 10.7797
    endloop
  endfacet
  facet normal -0.057917 0 0.998321
    outer loop
      vertex 142.301 1.6 10.7797
      vertex 141.465 2.4 10.7312
      vertex 141.465 1.6 10.7312
    endloop
  endfacet
  facet normal -0.211314 0 0.977418
    outer loop
      vertex 140.792 2.4 10.5857
      vertex 141.465 1.6 10.7312
      vertex 141.465 2.4 10.7312
    endloop
  endfacet
  facet normal -0.211314 0 0.977418
    outer loop
      vertex 141.465 1.6 10.7312
      vertex 140.792 2.4 10.5857
      vertex 140.792 1.6 10.5857
    endloop
  endfacet
  facet normal -0.428732 0 0.903432
    outer loop
      vertex 140.281 2.4 10.3432
      vertex 140.792 1.6 10.5857
      vertex 140.792 2.4 10.5857
    endloop
  endfacet
  facet normal -0.428732 0 0.903432
    outer loop
      vertex 140.792 1.6 10.5857
      vertex 140.281 2.4 10.3432
      vertex 140.281 1.6 10.3432
    endloop
  endfacet
  facet normal -0.696299 0 0.717751
    outer loop
      vertex 139.924 2.4 9.99687
      vertex 140.281 1.6 10.3432
      vertex 140.281 2.4 10.3432
    endloop
  endfacet
  facet normal -0.696299 0 0.717751
    outer loop
      vertex 140.281 1.6 10.3432
      vertex 139.924 2.4 9.99687
      vertex 139.924 1.6 9.99687
    endloop
  endfacet
  facet normal -0.905629 0 0.424071
    outer loop
      vertex 139.71 1.6 9.53986
      vertex 139.924 2.4 9.99687
      vertex 139.71 2.4 9.53986
    endloop
  endfacet
  facet normal -0.905629 0 0.424071
    outer loop
      vertex 139.924 2.4 9.99687
      vertex 139.71 1.6 9.53986
      vertex 139.924 1.6 9.99687
    endloop
  endfacet
  facet normal -0.992053 0 0.125822
    outer loop
      vertex 139.638 1.6 8.97217
      vertex 139.71 2.4 9.53986
      vertex 139.638 2.4 8.97217
    endloop
  endfacet
  facet normal -0.992053 0 0.125822
    outer loop
      vertex 139.71 2.4 9.53986
      vertex 139.638 1.6 8.97217
      vertex 139.71 1.6 9.53986
    endloop
  endfacet
  facet normal -0.993038 0 -0.117796
    outer loop
      vertex 139.695 1.6 8.49165
      vertex 139.638 2.4 8.97217
      vertex 139.695 2.4 8.49165
    endloop
  endfacet
  facet normal -0.993038 -0 -0.117796
    outer loop
      vertex 139.638 2.4 8.97217
      vertex 139.695 1.6 8.49165
      vertex 139.638 1.6 8.97217
    endloop
  endfacet
  facet normal -0.924352 0 -0.381542
    outer loop
      vertex 139.867 1.6 8.07495
      vertex 139.695 2.4 8.49165
      vertex 139.867 2.4 8.07495
    endloop
  endfacet
  facet normal -0.924352 -0 -0.381542
    outer loop
      vertex 139.695 2.4 8.49165
      vertex 139.867 1.6 8.07495
      vertex 139.695 1.6 8.49165
    endloop
  endfacet
  facet normal -0.776919 0 -0.629601
    outer loop
      vertex 140.153 1.6 7.72203
      vertex 139.867 2.4 8.07495
      vertex 140.153 2.4 7.72203
    endloop
  endfacet
  facet normal -0.776919 -0 -0.629601
    outer loop
      vertex 139.867 2.4 8.07495
      vertex 140.153 1.6 7.72203
      vertex 139.867 1.6 8.07495
    endloop
  endfacet
  facet normal -0.577687 0 -0.816259
    outer loop
      vertex 140.153 1.6 7.72203
      vertex 140.531 2.4 7.45451
      vertex 140.531 1.6 7.45451
    endloop
  endfacet
  facet normal -0.577687 0 -0.816259
    outer loop
      vertex 140.531 2.4 7.45451
      vertex 140.153 1.6 7.72203
      vertex 140.153 2.4 7.72203
    endloop
  endfacet
  facet normal -0.337936 0 -0.941169
    outer loop
      vertex 140.531 1.6 7.45451
      vertex 140.978 2.4 7.29401
      vertex 140.978 1.6 7.29401
    endloop
  endfacet
  facet normal -0.337936 0 -0.941169
    outer loop
      vertex 140.978 2.4 7.29401
      vertex 140.531 1.6 7.45451
      vertex 140.531 2.4 7.45451
    endloop
  endfacet
  facet normal -0.103129 0 -0.994668
    outer loop
      vertex 140.978 1.6 7.29401
      vertex 141.494 2.4 7.24051
      vertex 141.494 1.6 7.24051
    endloop
  endfacet
  facet normal -0.103129 0 -0.994668
    outer loop
      vertex 141.494 2.4 7.24051
      vertex 140.978 1.6 7.29401
      vertex 140.978 2.4 7.29401
    endloop
  endfacet
  facet normal 0.0631982 0 -0.998001
    outer loop
      vertex 141.494 1.6 7.24051
      vertex 141.882 2.4 7.26508
      vertex 141.882 1.6 7.26508
    endloop
  endfacet
  facet normal 0.0631982 0 -0.998001
    outer loop
      vertex 141.882 2.4 7.26508
      vertex 141.494 1.6 7.24051
      vertex 141.494 2.4 7.24051
    endloop
  endfacet
  facet normal 0.289575 0 0.957155
    outer loop
      vertex 141.73 2.4 8.45053
      vertex 141.931 1.6 8.38972
      vertex 141.931 2.4 8.38972
    endloop
  endfacet
  facet normal 0.289575 0 0.957155
    outer loop
      vertex 141.931 1.6 8.38972
      vertex 141.73 2.4 8.45053
      vertex 141.73 1.6 8.45053
    endloop
  endfacet
  facet normal 0.530375 0 0.847763
    outer loop
      vertex 141.568 2.4 8.55188
      vertex 141.73 1.6 8.45053
      vertex 141.73 2.4 8.45053
    endloop
  endfacet
  facet normal 0.530375 0 0.847763
    outer loop
      vertex 141.73 1.6 8.45053
      vertex 141.568 2.4 8.55188
      vertex 141.568 1.6 8.55188
    endloop
  endfacet
  facet normal 0.752594 -0 0.658485
    outer loop
      vertex 141.448 1.6 8.68903
      vertex 141.568 2.4 8.55188
      vertex 141.448 2.4 8.68903
    endloop
  endfacet
  facet normal 0.752594 0 0.658485
    outer loop
      vertex 141.568 2.4 8.55188
      vertex 141.448 1.6 8.68903
      vertex 141.568 1.6 8.55188
    endloop
  endfacet
  facet normal 0.919323 -0 0.393504
    outer loop
      vertex 141.376 1.6 8.85724
      vertex 141.448 2.4 8.68903
      vertex 141.376 2.4 8.85724
    endloop
  endfacet
  facet normal 0.919323 0 0.393504
    outer loop
      vertex 141.448 2.4 8.68903
      vertex 141.376 1.6 8.85724
      vertex 141.448 1.6 8.68903
    endloop
  endfacet
  facet normal 0.992826 -0 0.11957
    outer loop
      vertex 141.352 1.6 9.05652
      vertex 141.376 2.4 8.85724
      vertex 141.352 2.4 9.05652
    endloop
  endfacet
  facet normal 0.992826 0 0.11957
    outer loop
      vertex 141.376 2.4 8.85724
      vertex 141.352 1.6 9.05652
      vertex 141.376 1.6 8.85724
    endloop
  endfacet
  facet normal 0.991009 0 -0.133795
    outer loop
      vertex 141.381 1.6 9.27132
      vertex 141.352 2.4 9.05652
      vertex 141.381 2.4 9.27132
    endloop
  endfacet
  facet normal 0.991009 0 -0.133795
    outer loop
      vertex 141.352 2.4 9.05652
      vertex 141.381 1.6 9.27132
      vertex 141.352 1.6 9.05652
    endloop
  endfacet
  facet normal 0.891261 0 -0.453491
    outer loop
      vertex 141.471 1.6 9.4482
      vertex 141.381 2.4 9.27132
      vertex 141.471 2.4 9.4482
    endloop
  endfacet
  facet normal 0.891261 0 -0.453491
    outer loop
      vertex 141.381 2.4 9.27132
      vertex 141.471 1.6 9.4482
      vertex 141.381 1.6 9.27132
    endloop
  endfacet
  facet normal 0.682117 0 -0.731243
    outer loop
      vertex 141.471 1.6 9.4482
      vertex 141.62 2.4 9.58719
      vertex 141.62 1.6 9.58719
    endloop
  endfacet
  facet normal 0.682117 0 -0.731243
    outer loop
      vertex 141.62 2.4 9.58719
      vertex 141.471 1.6 9.4482
      vertex 141.471 2.4 9.4482
    endloop
  endfacet
  facet normal 0.433365 0 -0.901219
    outer loop
      vertex 141.62 1.6 9.58719
      vertex 141.828 2.4 9.68721
      vertex 141.828 1.6 9.68721
    endloop
  endfacet
  facet normal 0.433365 0 -0.901219
    outer loop
      vertex 141.828 2.4 9.68721
      vertex 141.62 1.6 9.58719
      vertex 141.62 2.4 9.58719
    endloop
  endfacet
  facet normal 0.219286 0 -0.975661
    outer loop
      vertex 141.828 1.6 9.68721
      vertex 142.095 2.4 9.74722
      vertex 142.095 1.6 9.74722
    endloop
  endfacet
  facet normal 0.219286 0 -0.975661
    outer loop
      vertex 142.095 2.4 9.74722
      vertex 141.828 1.6 9.68721
      vertex 141.828 2.4 9.68721
    endloop
  endfacet
  facet normal 0.0614529 0 -0.99811
    outer loop
      vertex 142.095 1.6 9.74722
      vertex 142.42 2.4 9.76723
      vertex 142.42 1.6 9.76723
    endloop
  endfacet
  facet normal 0.0614529 0 -0.99811
    outer loop
      vertex 142.42 2.4 9.76723
      vertex 142.095 1.6 9.74722
      vertex 142.095 2.4 9.74722
    endloop
  endfacet
  facet normal 0 0 -1
    outer loop
      vertex 142.42 1.6 9.76723
      vertex 143.303 2.4 9.76723
      vertex 143.303 1.6 9.76723
    endloop
  endfacet
  facet normal -0 0 -1
    outer loop
      vertex 143.303 2.4 9.76723
      vertex 142.42 1.6 9.76723
      vertex 142.42 2.4 9.76723
    endloop
  endfacet
  facet normal -1 0 0
    outer loop
      vertex 143.303 1.6 9.57297
      vertex 143.303 2.4 9.76723
      vertex 143.303 2.4 9.57297
    endloop
  endfacet
  facet normal -1 -0 0
    outer loop
      vertex 143.303 2.4 9.76723
      vertex 143.303 1.6 9.57297
      vertex 143.303 1.6 9.76723
    endloop
  endfacet
  facet normal -0.993585 0 0.113085
    outer loop
      vertex 143.266 1.6 9.24788
      vertex 143.303 2.4 9.57297
      vertex 143.266 2.4 9.24788
    endloop
  endfacet
  facet normal -0.993585 0 0.113085
    outer loop
      vertex 143.303 2.4 9.57297
      vertex 143.266 1.6 9.24788
      vertex 143.303 1.6 9.57297
    endloop
  endfacet
  facet normal -0.934717 0 0.355393
    outer loop
      vertex 143.157 1.6 8.9612
      vertex 143.266 2.4 9.24788
      vertex 143.157 2.4 8.9612
    endloop
  endfacet
  facet normal -0.934717 0 0.355393
    outer loop
      vertex 143.266 2.4 9.24788
      vertex 143.157 1.6 8.9612
      vertex 143.266 1.6 9.24788
    endloop
  endfacet
  facet normal -0.806482 0 0.591258
    outer loop
      vertex 142.975 1.6 8.71295
      vertex 143.157 2.4 8.9612
      vertex 142.975 2.4 8.71295
    endloop
  endfacet
  facet normal -0.806482 0 0.591258
    outer loop
      vertex 143.157 2.4 8.9612
      vertex 142.975 1.6 8.71295
      vertex 143.157 1.6 8.9612
    endloop
  endfacet
  facet normal -0.630359 0 0.776304
    outer loop
      vertex 142.74 2.4 8.52213
      vertex 142.975 1.6 8.71295
      vertex 142.975 2.4 8.71295
    endloop
  endfacet
  facet normal -0.630359 0 0.776304
    outer loop
      vertex 142.975 1.6 8.71295
      vertex 142.74 2.4 8.52213
      vertex 142.74 1.6 8.52213
    endloop
  endfacet
  facet normal -0.391677 0 0.920103
    outer loop
      vertex 142.471 2.4 8.40762
      vertex 142.74 1.6 8.52213
      vertex 142.74 2.4 8.52213
    endloop
  endfacet
  facet normal -0.391677 0 0.920103
    outer loop
      vertex 142.74 1.6 8.52213
      vertex 142.471 2.4 8.40762
      vertex 142.471 1.6 8.40762
    endloop
  endfacet
  facet normal -0.124954 0 0.992163
    outer loop
      vertex 142.168 2.4 8.36946
      vertex 142.471 1.6 8.40762
      vertex 142.471 2.4 8.40762
    endloop
  endfacet
  facet normal -0.124954 0 0.992163
    outer loop
      vertex 142.471 1.6 8.40762
      vertex 142.168 2.4 8.36946
      vertex 142.168 1.6 8.36946
    endloop
  endfacet
  facet normal 0.0851746 0 0.996366
    outer loop
      vertex 141.931 2.4 8.38972
      vertex 142.168 1.6 8.36946
      vertex 142.168 2.4 8.36946
    endloop
  endfacet
  facet normal 0.0851746 0 0.996366
    outer loop
      vertex 142.168 1.6 8.36946
      vertex 141.931 2.4 8.38972
      vertex 141.931 1.6 8.38972
    endloop
  endfacet
  facet normal 0.0961936 0 -0.995363
    outer loop
      vertex 166.332 1.6 7.25345
      vertex 166.734 2.4 7.2923
      vertex 166.734 1.6 7.2923
    endloop
  endfacet
  facet normal 0.0961936 0 -0.995363
    outer loop
      vertex 166.734 2.4 7.2923
      vertex 166.332 1.6 7.25345
      vertex 166.332 2.4 7.25345
    endloop
  endfacet
  facet normal 0.159044 0 -0.987271
    outer loop
      vertex 166.734 1.6 7.2923
      vertex 167.136 2.4 7.35706
      vertex 167.136 1.6 7.35706
    endloop
  endfacet
  facet normal 0.159044 0 -0.987271
    outer loop
      vertex 167.136 2.4 7.35706
      vertex 166.734 1.6 7.2923
      vertex 166.734 2.4 7.2923
    endloop
  endfacet
  facet normal 0.218727 0 -0.975786
    outer loop
      vertex 167.136 1.6 7.35706
      vertex 167.538 2.4 7.44717
      vertex 167.538 1.6 7.44717
    endloop
  endfacet
  facet normal 0.218727 0 -0.975786
    outer loop
      vertex 167.538 2.4 7.44717
      vertex 167.136 1.6 7.35706
      vertex 167.136 2.4 7.35706
    endloop
  endfacet
  facet normal 0.274949 0 -0.961459
    outer loop
      vertex 167.538 1.6 7.44717
      vertex 167.94 2.4 7.56213
      vertex 167.94 1.6 7.56213
    endloop
  endfacet
  facet normal 0.274949 0 -0.961459
    outer loop
      vertex 167.94 2.4 7.56213
      vertex 167.538 1.6 7.44717
      vertex 167.538 2.4 7.44717
    endloop
  endfacet
  facet normal 0.329238 0 -0.944247
    outer loop
      vertex 167.94 1.6 7.56213
      vertex 168.341 2.4 7.70195
      vertex 168.341 1.6 7.70195
    endloop
  endfacet
  facet normal 0.329238 0 -0.944247
    outer loop
      vertex 168.341 2.4 7.70195
      vertex 167.94 1.6 7.56213
      vertex 167.94 2.4 7.56213
    endloop
  endfacet
  facet normal 1 -0 0
    outer loop
      vertex 168.341 1.6 9.0101
      vertex 168.341 2.4 7.70195
      vertex 168.341 2.4 9.0101
    endloop
  endfacet
  facet normal 1 0 0
    outer loop
      vertex 168.341 2.4 7.70195
      vertex 168.341 1.6 9.0101
      vertex 168.341 1.6 7.70195
    endloop
  endfacet
  facet normal -0.448927 0 0.893568
    outer loop
      vertex 167.949 2.4 8.81316
      vertex 168.341 1.6 9.0101
      vertex 168.341 2.4 9.0101
    endloop
  endfacet
  facet normal -0.448927 0 0.893568
    outer loop
      vertex 168.341 1.6 9.0101
      vertex 167.949 2.4 8.81316
      vertex 167.949 1.6 8.81316
    endloop
  endfacet
  facet normal -0.384908 0 0.922955
    outer loop
      vertex 167.564 2.4 8.6526
      vertex 167.949 1.6 8.81316
      vertex 167.949 2.4 8.81316
    endloop
  endfacet
  facet normal -0.384908 0 0.922955
    outer loop
      vertex 167.949 1.6 8.81316
      vertex 167.564 2.4 8.6526
      vertex 167.564 1.6 8.6526
    endloop
  endfacet
  facet normal -0.312085 0 0.950054
    outer loop
      vertex 167.186 2.4 8.52843
      vertex 167.564 1.6 8.6526
      vertex 167.564 2.4 8.6526
    endloop
  endfacet
  facet normal -0.312085 0 0.950054
    outer loop
      vertex 167.564 1.6 8.6526
      vertex 167.186 2.4 8.52843
      vertex 167.186 1.6 8.52843
    endloop
  endfacet
  facet normal -0.230412 0 0.973093
    outer loop
      vertex 166.813 2.4 8.44011
      vertex 167.186 1.6 8.52843
      vertex 167.186 2.4 8.52843
    endloop
  endfacet
  facet normal -0.230412 0 0.973093
    outer loop
      vertex 167.186 1.6 8.52843
      vertex 166.813 2.4 8.44011
      vertex 166.813 1.6 8.44011
    endloop
  endfacet
  facet normal -0.143261 0 0.989685
    outer loop
      vertex 166.447 2.4 8.38713
      vertex 166.813 1.6 8.44011
      vertex 166.813 2.4 8.44011
    endloop
  endfacet
  facet normal -0.143261 0 0.989685
    outer loop
      vertex 166.813 1.6 8.44011
      vertex 166.447 2.4 8.38713
      vertex 166.447 1.6 8.38713
    endloop
  endfacet
  facet normal -0.0490243 0 0.998798
    outer loop
      vertex 166.087 2.4 8.36946
      vertex 166.447 1.6 8.38713
      vertex 166.447 2.4 8.38713
    endloop
  endfacet
  facet normal -0.0490243 0 0.998798
    outer loop
      vertex 166.447 1.6 8.38713
      vertex 166.087 2.4 8.36946
      vertex 166.087 1.6 8.36946
    endloop
  endfacet
  facet normal 0.0805886 0 0.996747
    outer loop
      vertex 165.676 2.4 8.40269
      vertex 166.087 1.6 8.36946
      vertex 166.087 2.4 8.36946
    endloop
  endfacet
  facet normal 0.0805886 0 0.996747
    outer loop
      vertex 166.087 1.6 8.36946
      vertex 165.676 2.4 8.40269
      vertex 165.676 1.6 8.40269
    endloop
  endfacet
  facet normal 0.277574 0 0.960704
    outer loop
      vertex 165.331 2.4 8.50237
      vertex 165.676 1.6 8.40269
      vertex 165.676 2.4 8.40269
    endloop
  endfacet
  facet normal 0.277574 0 0.960704
    outer loop
      vertex 165.676 1.6 8.40269
      vertex 165.331 2.4 8.50237
      vertex 165.331 1.6 8.50237
    endloop
  endfacet
  facet normal 0.511617 0 0.859214
    outer loop
      vertex 165.052 2.4 8.6685
      vertex 165.331 1.6 8.50237
      vertex 165.331 2.4 8.50237
    endloop
  endfacet
  facet normal 0.511617 0 0.859214
    outer loop
      vertex 165.331 1.6 8.50237
      vertex 165.052 2.4 8.6685
      vertex 165.052 1.6 8.6685
    endloop
  endfacet
  facet normal 0.737482 -0 0.675367
    outer loop
      vertex 164.839 1.6 8.90109
      vertex 165.052 2.4 8.6685
      vertex 164.839 2.4 8.90109
    endloop
  endfacet
  facet normal 0.737482 0 0.675367
    outer loop
      vertex 165.052 2.4 8.6685
      vertex 164.839 1.6 8.90109
      vertex 165.052 1.6 8.6685
    endloop
  endfacet
  facet normal 0.900981 -0 0.433859
    outer loop
      vertex 164.695 1.6 9.20013
      vertex 164.839 2.4 8.90109
      vertex 164.695 2.4 9.20013
    endloop
  endfacet
  facet normal 0.900981 0 0.433859
    outer loop
      vertex 164.839 2.4 8.90109
      vertex 164.695 1.6 9.20013
      vertex 164.839 1.6 8.90109
    endloop
  endfacet
  facet normal 0.979589 -0 0.20101
    outer loop
      vertex 164.62 1.6 9.56563
      vertex 164.695 2.4 9.20013
      vertex 164.62 2.4 9.56563
    endloop
  endfacet
  facet normal 0.979589 0 0.20101
    outer loop
      vertex 164.695 2.4 9.20013
      vertex 164.62 1.6 9.56563
      vertex 164.695 1.6 9.20013
    endloop
  endfacet
  facet normal 0 0 -1
    outer loop
      vertex 164.62 1.6 9.56563
      vertex 168.593 2.4 9.56563
      vertex 168.593 1.6 9.56563
    endloop
  endfacet
  facet normal -0 0 -1
    outer loop
      vertex 168.593 2.4 9.56563
      vertex 164.62 1.6 9.56563
      vertex 164.62 2.4 9.56563
    endloop
  endfacet
  facet normal 1 -0 0
    outer loop
      vertex 168.593 1.6 10.0495
      vertex 168.593 2.4 9.56563
      vertex 168.593 2.4 10.0495
    endloop
  endfacet
  facet normal 1 0 0
    outer loop
      vertex 168.593 2.4 9.56563
      vertex 168.593 1.6 10.0495
      vertex 168.593 1.6 9.56563
    endloop
  endfacet
  facet normal 0.994332 -0 0.106319
    outer loop
      vertex 168.509 1.6 10.8351
      vertex 168.593 2.4 10.0495
      vertex 168.509 2.4 10.8351
    endloop
  endfacet
  facet normal 0.994332 0 0.106319
    outer loop
      vertex 168.593 2.4 10.0495
      vertex 168.509 1.6 10.8351
      vertex 168.593 1.6 10.0495
    endloop
  endfacet
  facet normal 0.937362 -0 0.348358
    outer loop
      vertex 168.259 1.6 11.5078
      vertex 168.509 2.4 10.8351
      vertex 168.259 2.4 11.5078
    endloop
  endfacet
  facet normal 0.937362 0 0.348358
    outer loop
      vertex 168.509 2.4 10.8351
      vertex 168.259 1.6 11.5078
      vertex 168.509 1.6 10.8351
    endloop
  endfacet
  facet normal 0.801269 -0 0.598304
    outer loop
      vertex 167.841 1.6 12.0676
      vertex 168.259 2.4 11.5078
      vertex 167.841 2.4 12.0676
    endloop
  endfacet
  facet normal 0.801269 0 0.598304
    outer loop
      vertex 168.259 2.4 11.5078
      vertex 167.841 1.6 12.0676
      vertex 168.259 1.6 11.5078
    endloop
  endfacet
  facet normal 0.600825 0 0.799381
    outer loop
      vertex 167.283 2.4 12.487
      vertex 167.841 1.6 12.0676
      vertex 167.841 2.4 12.0676
    endloop
  endfacet
  facet normal 0.600825 0 0.799381
    outer loop
      vertex 167.841 1.6 12.0676
      vertex 167.283 2.4 12.487
      vertex 167.283 1.6 12.487
    endloop
  endfacet
  facet normal 0.352597 0 0.935775
    outer loop
      vertex 166.615 2.4 12.7387
      vertex 167.283 1.6 12.487
      vertex 167.283 2.4 12.487
    endloop
  endfacet
  facet normal 0.352597 0 0.935775
    outer loop
      vertex 167.283 1.6 12.487
      vertex 166.615 2.4 12.7387
      vertex 166.615 1.6 12.7387
    endloop
  endfacet
  facet normal 0.106947 0 0.994265
    outer loop
      vertex 165.835 2.4 12.8226
      vertex 166.615 1.6 12.7387
      vertex 166.615 2.4 12.7387
    endloop
  endfacet
  facet normal 0.106947 0 0.994265
    outer loop
      vertex 166.615 1.6 12.7387
      vertex 165.835 2.4 12.8226
      vertex 165.835 1.6 12.8226
    endloop
  endfacet
  facet normal -0.0967274 0 0.995311
    outer loop
      vertex 164.983 2.4 12.7398
      vertex 165.835 1.6 12.8226
      vertex 165.835 2.4 12.8226
    endloop
  endfacet
  facet normal -0.0967274 0 0.995311
    outer loop
      vertex 165.835 1.6 12.8226
      vertex 164.983 2.4 12.7398
      vertex 164.983 1.6 12.7398
    endloop
  endfacet
  facet normal -0.325732 0 0.945462
    outer loop
      vertex 164.262 2.4 12.4914
      vertex 164.983 1.6 12.7398
      vertex 164.983 2.4 12.7398
    endloop
  endfacet
  facet normal -0.325732 0 0.945462
    outer loop
      vertex 164.983 1.6 12.7398
      vertex 164.262 2.4 12.4914
      vertex 164.262 1.6 12.4914
    endloop
  endfacet
  facet normal -0.575139 0 0.818056
    outer loop
      vertex 163.673 2.4 12.0773
      vertex 164.262 1.6 12.4914
      vertex 164.262 2.4 12.4914
    endloop
  endfacet
  facet normal -0.575139 0 0.818056
    outer loop
      vertex 164.262 1.6 12.4914
      vertex 163.673 2.4 12.0773
      vertex 163.673 1.6 12.0773
    endloop
  endfacet
  facet normal -0.787565 0 0.616232
    outer loop
      vertex 163.236 1.6 11.5188
      vertex 163.673 2.4 12.0773
      vertex 163.236 2.4 11.5188
    endloop
  endfacet
  facet normal -0.787565 0 0.616232
    outer loop
      vertex 163.673 2.4 12.0773
      vertex 163.236 1.6 11.5188
      vertex 163.673 1.6 12.0773
    endloop
  endfacet
  facet normal -0.933927 0 0.357464
    outer loop
      vertex 162.975 1.6 10.8369
      vertex 163.236 2.4 11.5188
      vertex 162.975 2.4 10.8369
    endloop
  endfacet
  facet normal -0.933927 0 0.357464
    outer loop
      vertex 163.236 2.4 11.5188
      vertex 162.975 1.6 10.8369
      vertex 163.236 1.6 11.5188
    endloop
  endfacet
  facet normal -0.994084 0 0.108616
    outer loop
      vertex 162.887 1.6 10.0315
      vertex 162.975 2.4 10.8369
      vertex 162.887 2.4 10.0315
    endloop
  endfacet
  facet normal -0.994084 0 0.108616
    outer loop
      vertex 162.975 2.4 10.8369
      vertex 162.887 1.6 10.0315
      vertex 162.975 1.6 10.8369
    endloop
  endfacet
  facet normal -0.994122 0 -0.10827
    outer loop
      vertex 162.976 1.6 9.21431
      vertex 162.887 2.4 10.0315
      vertex 162.976 2.4 9.21431
    endloop
  endfacet
  facet normal -0.994122 -0 -0.10827
    outer loop
      vertex 162.887 2.4 10.0315
      vertex 162.976 1.6 9.21431
      vertex 162.887 1.6 10.0315
    endloop
  endfacet
  facet normal -0.931885 0 -0.362754
    outer loop
      vertex 163.243 1.6 8.52841
      vertex 162.976 2.4 9.21431
      vertex 163.243 2.4 8.52841
    endloop
  endfacet
  facet normal -0.931885 -0 -0.362754
    outer loop
      vertex 162.976 2.4 9.21431
      vertex 163.243 1.6 8.52841
      vertex 162.976 1.6 9.21431
    endloop
  endfacet
  facet normal -0.780644 0 -0.624977
    outer loop
      vertex 163.687 1.6 7.97382
      vertex 163.243 2.4 8.52841
      vertex 163.687 2.4 7.97382
    endloop
  endfacet
  facet normal -0.780644 -0 -0.624977
    outer loop
      vertex 163.243 2.4 8.52841
      vertex 163.687 1.6 7.97382
      vertex 163.243 1.6 8.52841
    endloop
  endfacet
  facet normal -0.558554 0 -0.829468
    outer loop
      vertex 163.687 1.6 7.97382
      vertex 164.292 2.4 7.56642
      vertex 164.292 1.6 7.56642
    endloop
  endfacet
  facet normal -0.558554 0 -0.829468
    outer loop
      vertex 164.292 2.4 7.56642
      vertex 163.687 1.6 7.97382
      vertex 163.687 2.4 7.97382
    endloop
  endfacet
  facet normal -0.311001 0 -0.950409
    outer loop
      vertex 164.292 1.6 7.56642
      vertex 165.039 2.4 7.32198
      vertex 165.039 1.6 7.32198
    endloop
  endfacet
  facet normal -0.311001 0 -0.950409
    outer loop
      vertex 165.039 2.4 7.32198
      vertex 164.292 1.6 7.56642
      vertex 164.292 2.4 7.56642
    endloop
  endfacet
  facet normal -0.0910567 0 -0.995846
    outer loop
      vertex 165.039 1.6 7.32198
      vertex 165.93 2.4 7.24051
      vertex 165.93 1.6 7.24051
    endloop
  endfacet
  facet normal -0.0910567 0 -0.995846
    outer loop
      vertex 165.93 2.4 7.24051
      vertex 165.039 1.6 7.32198
      vertex 165.039 2.4 7.32198
    endloop
  endfacet
  facet normal 0.0321724 0 -0.999482
    outer loop
      vertex 165.93 1.6 7.24051
      vertex 166.332 2.4 7.25345
      vertex 166.332 1.6 7.25345
    endloop
  endfacet
  facet normal 0.0321724 0 -0.999482
    outer loop
      vertex 166.332 2.4 7.25345
      vertex 165.93 1.6 7.24051
      vertex 165.93 2.4 7.24051
    endloop
  endfacet
  facet normal 0.973194 0 -0.229984
    outer loop
      vertex 164.715 1.6 10.9355
      vertex 164.639 2.4 10.6139
      vertex 164.715 2.4 10.9355
    endloop
  endfacet
  facet normal 0.973194 0 -0.229984
    outer loop
      vertex 164.639 2.4 10.6139
      vertex 164.715 1.6 10.9355
      vertex 164.639 1.6 10.6139
    endloop
  endfacet
  facet normal 0.901797 0 -0.43216
    outer loop
      vertex 164.843 1.6 11.2026
      vertex 164.715 2.4 10.9355
      vertex 164.843 2.4 11.2026
    endloop
  endfacet
  facet normal 0.901797 0 -0.43216
    outer loop
      vertex 164.715 2.4 10.9355
      vertex 164.843 1.6 11.2026
      vertex 164.715 1.6 10.9355
    endloop
  endfacet
  facet normal 0.763495 0 -0.645814
    outer loop
      vertex 165.023 1.6 11.4154
      vertex 164.843 2.4 11.2026
      vertex 165.023 2.4 11.4154
    endloop
  endfacet
  facet normal 0.763495 0 -0.645814
    outer loop
      vertex 164.843 2.4 11.2026
      vertex 165.023 1.6 11.4154
      vertex 164.843 1.6 11.2026
    endloop
  endfacet
  facet normal 0.562659 0 -0.826689
    outer loop
      vertex 165.023 1.6 11.4154
      vertex 165.25 2.4 11.5699
      vertex 165.25 1.6 11.5699
    endloop
  endfacet
  facet normal 0.562659 0 -0.826689
    outer loop
      vertex 165.25 2.4 11.5699
      vertex 165.023 1.6 11.4154
      vertex 165.023 2.4 11.4154
    endloop
  endfacet
  facet normal 0.328301 0 -0.944573
    outer loop
      vertex 165.25 1.6 11.5699
      vertex 165.517 2.4 11.6627
      vertex 165.517 1.6 11.6627
    endloop
  endfacet
  facet normal 0.328301 0 -0.944573
    outer loop
      vertex 165.517 2.4 11.6627
      vertex 165.25 1.6 11.5699
      vertex 165.25 2.4 11.5699
    endloop
  endfacet
  facet normal 0.0995037 0 -0.995037
    outer loop
      vertex 165.517 1.6 11.6627
      vertex 165.826 2.4 11.6936
      vertex 165.826 1.6 11.6936
    endloop
  endfacet
  facet normal 0.0995037 0 -0.995037
    outer loop
      vertex 165.826 2.4 11.6936
      vertex 165.517 1.6 11.6627
      vertex 165.517 2.4 11.6627
    endloop
  endfacet
  facet normal -0.115421 0 -0.993317
    outer loop
      vertex 165.826 1.6 11.6936
      vertex 166.11 2.4 11.6606
      vertex 166.11 1.6 11.6606
    endloop
  endfacet
  facet normal -0.115421 0 -0.993317
    outer loop
      vertex 166.11 2.4 11.6606
      vertex 165.826 1.6 11.6936
      vertex 165.826 2.4 11.6936
    endloop
  endfacet
  facet normal -0.373665 0 -0.927564
    outer loop
      vertex 166.11 1.6 11.6606
      vertex 166.356 2.4 11.5615
      vertex 166.356 1.6 11.5615
    endloop
  endfacet
  facet normal -0.373665 0 -0.927564
    outer loop
      vertex 166.356 2.4 11.5615
      vertex 166.11 1.6 11.6606
      vertex 166.11 2.4 11.6606
    endloop
  endfacet
  facet normal -0.621936 0 -0.783068
    outer loop
      vertex 166.356 1.6 11.5615
      vertex 166.564 2.4 11.3963
      vertex 166.564 1.6 11.3963
    endloop
  endfacet
  facet normal -0.621936 0 -0.783068
    outer loop
      vertex 166.564 2.4 11.3963
      vertex 166.356 1.6 11.5615
      vertex 166.356 2.4 11.5615
    endloop
  endfacet
  facet normal -0.812729 0 -0.582642
    outer loop
      vertex 166.721 1.6 11.1773
      vertex 166.564 2.4 11.3963
      vertex 166.721 2.4 11.1773
    endloop
  endfacet
  facet normal -0.812729 -0 -0.582642
    outer loop
      vertex 166.564 2.4 11.3963
      vertex 166.721 1.6 11.1773
      vertex 166.564 1.6 11.3963
    endloop
  endfacet
  facet normal -0.940759 0 -0.339077
    outer loop
      vertex 166.815 1.6 10.9165
      vertex 166.721 2.4 11.1773
      vertex 166.815 2.4 10.9165
    endloop
  endfacet
  facet normal -0.940759 -0 -0.339077
    outer loop
      vertex 166.721 2.4 11.1773
      vertex 166.815 1.6 10.9165
      vertex 166.721 1.6 11.1773
    endloop
  endfacet
  facet normal -0.994793 0 -0.101912
    outer loop
      vertex 166.846 1.6 10.6139
      vertex 166.815 2.4 10.9165
      vertex 166.846 2.4 10.6139
    endloop
  endfacet
  facet normal -0.994793 -0 -0.101912
    outer loop
      vertex 166.815 2.4 10.9165
      vertex 166.846 1.6 10.6139
      vertex 166.815 1.6 10.9165
    endloop
  endfacet
  facet normal -0 0 1
    outer loop
      vertex 164.639 2.4 10.6139
      vertex 166.846 1.6 10.6139
      vertex 166.846 2.4 10.6139
    endloop
  endfacet
  facet normal 0 0 1
    outer loop
      vertex 166.846 1.6 10.6139
      vertex 164.639 2.4 10.6139
      vertex 164.639 1.6 10.6139
    endloop
  endfacet
  facet normal 0.996744 0 -0.0806343
    outer loop
      vertex 137.093 1.6 10.3093
      vertex 137.054 2.4 9.82721
      vertex 137.093 2.4 10.3093
    endloop
  endfacet
  facet normal 0.996744 0 -0.0806343
    outer loop
      vertex 137.054 2.4 9.82721
      vertex 137.093 1.6 10.3093
      vertex 137.054 1.6 9.82721
    endloop
  endfacet
  facet normal 0.959404 0 -0.282037
    outer loop
      vertex 137.211 1.6 10.7107
      vertex 137.093 2.4 10.3093
      vertex 137.211 2.4 10.7107
    endloop
  endfacet
  facet normal 0.959404 0 -0.282037
    outer loop
      vertex 137.093 2.4 10.3093
      vertex 137.211 1.6 10.7107
      vertex 137.093 1.6 10.3093
    endloop
  endfacet
  facet normal 0.852005 0 -0.523534
    outer loop
      vertex 137.408 1.6 11.0313
      vertex 137.211 2.4 10.7107
      vertex 137.408 2.4 11.0313
    endloop
  endfacet
  facet normal 0.852005 0 -0.523534
    outer loop
      vertex 137.211 2.4 10.7107
      vertex 137.408 1.6 11.0313
      vertex 137.211 1.6 10.7107
    endloop
  endfacet
  facet normal 0.655518 0 -0.755179
    outer loop
      vertex 137.408 1.6 11.0313
      vertex 137.677 2.4 11.2648
      vertex 137.677 1.6 11.2648
    endloop
  endfacet
  facet normal 0.655518 0 -0.755179
    outer loop
      vertex 137.677 2.4 11.2648
      vertex 137.408 1.6 11.0313
      vertex 137.408 2.4 11.0313
    endloop
  endfacet
  facet normal 0.385083 0 -0.922882
    outer loop
      vertex 137.677 1.6 11.2648
      vertex 138.013 2.4 11.405
      vertex 138.013 1.6 11.405
    endloop
  endfacet
  facet normal 0.385083 0 -0.922882
    outer loop
      vertex 138.013 2.4 11.405
      vertex 137.677 1.6 11.2648
      vertex 137.677 2.4 11.2648
    endloop
  endfacet
  facet normal 0.115111 0 -0.993353
    outer loop
      vertex 138.013 1.6 11.405
      vertex 138.416 2.4 11.4517
      vertex 138.416 1.6 11.4517
    endloop
  endfacet
  facet normal 0.115111 0 -0.993353
    outer loop
      vertex 138.416 2.4 11.4517
      vertex 138.013 1.6 11.405
      vertex 138.013 2.4 11.405
    endloop
  endfacet
  facet normal -0.0375574 0 -0.999294
    outer loop
      vertex 138.416 1.6 11.4517
      vertex 138.565 2.4 11.4461
      vertex 138.565 1.6 11.4461
    endloop
  endfacet
  facet normal -0.0375574 0 -0.999294
    outer loop
      vertex 138.565 2.4 11.4461
      vertex 138.416 1.6 11.4517
      vertex 138.416 2.4 11.4517
    endloop
  endfacet
  facet normal -0.112789 0 -0.993619
    outer loop
      vertex 138.565 1.6 11.4461
      vertex 138.713 2.4 11.4293
      vertex 138.713 1.6 11.4293
    endloop
  endfacet
  facet normal -0.112789 0 -0.993619
    outer loop
      vertex 138.713 2.4 11.4293
      vertex 138.565 1.6 11.4461
      vertex 138.565 2.4 11.4461
    endloop
  endfacet
  facet normal -0.186467 0 -0.982461
    outer loop
      vertex 138.713 1.6 11.4293
      vertex 138.86 2.4 11.4014
      vertex 138.86 1.6 11.4014
    endloop
  endfacet
  facet normal -0.186467 0 -0.982461
    outer loop
      vertex 138.86 2.4 11.4014
      vertex 138.713 1.6 11.4293
      vertex 138.713 2.4 11.4293
    endloop
  endfacet
  facet normal -0.260727 0 -0.965413
    outer loop
      vertex 138.86 1.6 11.4014
      vertex 139.007 2.4 11.3617
      vertex 139.007 1.6 11.3617
    endloop
  endfacet
  facet normal -0.260727 0 -0.965413
    outer loop
      vertex 139.007 2.4 11.3617
      vertex 138.86 1.6 11.4014
      vertex 138.86 2.4 11.4014
    endloop
  endfacet
  facet normal -0.330918 0 -0.943659
    outer loop
      vertex 139.007 1.6 11.3617
      vertex 139.155 2.4 11.3098
      vertex 139.155 1.6 11.3098
    endloop
  endfacet
  facet normal -0.330918 0 -0.943659
    outer loop
      vertex 139.155 2.4 11.3098
      vertex 139.007 1.6 11.3617
      vertex 139.007 2.4 11.3617
    endloop
  endfacet
  facet normal -0.395704 0 -0.918378
    outer loop
      vertex 139.155 1.6 11.3098
      vertex 139.304 2.4 11.2456
      vertex 139.304 1.6 11.2456
    endloop
  endfacet
  facet normal -0.395704 0 -0.918378
    outer loop
      vertex 139.304 2.4 11.2456
      vertex 139.155 1.6 11.3098
      vertex 139.155 2.4 11.3098
    endloop
  endfacet
  facet normal 0.999995 -0 0.00324716
    outer loop
      vertex 139.299 1.6 12.7854
      vertex 139.304 2.4 11.2456
      vertex 139.299 2.4 12.7854
    endloop
  endfacet
  facet normal 0.999995 0 0.00324716
    outer loop
      vertex 139.304 2.4 11.2456
      vertex 139.299 1.6 12.7854
      vertex 139.304 1.6 11.2456
    endloop
  endfacet
  facet normal 0.117288 0 0.993098
    outer loop
      vertex 139.183 2.4 12.7991
      vertex 139.299 1.6 12.7854
      vertex 139.299 2.4 12.7854
    endloop
  endfacet
  facet normal 0.117288 0 0.993098
    outer loop
      vertex 139.299 1.6 12.7854
      vertex 139.183 2.4 12.7991
      vertex 139.183 1.6 12.7991
    endloop
  endfacet
  facet normal 0.102549 0 0.994728
    outer loop
      vertex 139.086 2.4 12.8091
      vertex 139.183 1.6 12.7991
      vertex 139.183 2.4 12.7991
    endloop
  endfacet
  facet normal 0.102549 0 0.994728
    outer loop
      vertex 139.183 1.6 12.7991
      vertex 139.086 2.4 12.8091
      vertex 139.086 1.6 12.8091
    endloop
  endfacet
  facet normal 0.0852152 0 0.996363
    outer loop
      vertex 139.01 2.4 12.8156
      vertex 139.086 1.6 12.8091
      vertex 139.086 2.4 12.8091
    endloop
  endfacet
  facet normal 0.0852152 0 0.996363
    outer loop
      vertex 139.086 1.6 12.8091
      vertex 139.01 2.4 12.8156
      vertex 139.01 1.6 12.8156
    endloop
  endfacet
  facet normal 0.0598923 0 0.998205
    outer loop
      vertex 138.945 2.4 12.8195
      vertex 139.01 1.6 12.8156
      vertex 139.01 2.4 12.8156
    endloop
  endfacet
  facet normal 0.0598923 0 0.998205
    outer loop
      vertex 139.01 1.6 12.8156
      vertex 138.945 2.4 12.8195
      vertex 138.945 1.6 12.8195
    endloop
  endfacet
  facet normal 0.0370713 0 0.999313
    outer loop
      vertex 138.883 2.4 12.8218
      vertex 138.945 1.6 12.8195
      vertex 138.945 2.4 12.8195
    endloop
  endfacet
  facet normal 0.0370713 0 0.999313
    outer loop
      vertex 138.945 1.6 12.8195
      vertex 138.883 2.4 12.8218
      vertex 138.883 1.6 12.8218
    endloop
  endfacet
  facet normal 0.0135581 0 0.999908
    outer loop
      vertex 138.824 2.4 12.8226
      vertex 138.883 1.6 12.8218
      vertex 138.883 2.4 12.8218
    endloop
  endfacet
  facet normal 0.0135581 0 0.999908
    outer loop
      vertex 138.883 1.6 12.8218
      vertex 138.824 2.4 12.8226
      vertex 138.824 1.6 12.8226
    endloop
  endfacet
  facet normal -0.0708323 0 0.997488
    outer loop
      vertex 138.448 2.4 12.7959
      vertex 138.824 1.6 12.8226
      vertex 138.824 2.4 12.8226
    endloop
  endfacet
  facet normal -0.0708323 0 0.997488
    outer loop
      vertex 138.824 1.6 12.8226
      vertex 138.448 2.4 12.7959
      vertex 138.448 1.6 12.7959
    endloop
  endfacet
  facet normal -0.229311 0 0.973353
    outer loop
      vertex 138.108 2.4 12.7158
      vertex 138.448 1.6 12.7959
      vertex 138.448 2.4 12.7959
    endloop
  endfacet
  facet normal -0.229311 0 0.973353
    outer loop
      vertex 138.448 1.6 12.7959
      vertex 138.108 2.4 12.7158
      vertex 138.108 1.6 12.7158
    endloop
  endfacet
  facet normal -0.404058 0 0.914733
    outer loop
      vertex 137.806 2.4 12.5824
      vertex 138.108 1.6 12.7158
      vertex 138.108 2.4 12.7158
    endloop
  endfacet
  facet normal -0.404058 0 0.914733
    outer loop
      vertex 138.108 1.6 12.7158
      vertex 137.806 2.4 12.5824
      vertex 137.806 1.6 12.5824
    endloop
  endfacet
  facet normal -0.57588 0 0.817534
    outer loop
      vertex 137.534 2.4 12.3908
      vertex 137.806 1.6 12.5824
      vertex 137.806 2.4 12.5824
    endloop
  endfacet
  facet normal -0.57588 0 0.817534
    outer loop
      vertex 137.806 1.6 12.5824
      vertex 137.534 2.4 12.3908
      vertex 137.534 1.6 12.3908
    endloop
  endfacet
  facet normal -0.711848 0 0.702334
    outer loop
      vertex 137.283 1.6 12.1364
      vertex 137.534 2.4 12.3908
      vertex 137.283 2.4 12.1364
    endloop
  endfacet
  facet normal -0.711848 0 0.702334
    outer loop
      vertex 137.534 2.4 12.3908
      vertex 137.283 1.6 12.1364
      vertex 137.534 1.6 12.3908
    endloop
  endfacet
  facet normal -0.810962 0 0.585099
    outer loop
      vertex 137.054 1.6 11.819
      vertex 137.283 2.4 12.1364
      vertex 137.054 2.4 11.819
    endloop
  endfacet
  facet normal -0.810962 0 0.585099
    outer loop
      vertex 137.283 2.4 12.1364
      vertex 137.054 1.6 11.819
      vertex 137.283 1.6 12.1364
    endloop
  endfacet
  facet normal 1 -0 0
    outer loop
      vertex 137.054 1.6 12.6971
      vertex 137.054 2.4 11.819
      vertex 137.054 2.4 12.6971
    endloop
  endfacet
  facet normal 1 0 0
    outer loop
      vertex 137.054 2.4 11.819
      vertex 137.054 1.6 12.6971
      vertex 137.054 1.6 11.819
    endloop
  endfacet
  facet normal -0 0 1
    outer loop
      vertex 135.355 2.4 12.6971
      vertex 137.054 1.6 12.6971
      vertex 137.054 2.4 12.6971
    endloop
  endfacet
  facet normal 0 0 1
    outer loop
      vertex 137.054 1.6 12.6971
      vertex 135.355 2.4 12.6971
      vertex 135.355 1.6 12.6971
    endloop
  endfacet
  facet normal -1 0 0
    outer loop
      vertex 135.355 1.6 7.37938
      vertex 135.355 2.4 12.6971
      vertex 135.355 2.4 7.37938
    endloop
  endfacet
  facet normal -1 -0 0
    outer loop
      vertex 135.355 2.4 12.6971
      vertex 135.355 1.6 7.37938
      vertex 135.355 1.6 12.6971
    endloop
  endfacet
  facet normal 0 0 -1
    outer loop
      vertex 135.355 1.6 7.37938
      vertex 137.054 2.4 7.37938
      vertex 137.054 1.6 7.37938
    endloop
  endfacet
  facet normal -0 0 -1
    outer loop
      vertex 137.054 2.4 7.37938
      vertex 135.355 1.6 7.37938
      vertex 135.355 2.4 7.37938
    endloop
  endfacet
  facet normal 1 -0 0
    outer loop
      vertex 137.054 1.6 9.82721
      vertex 137.054 2.4 7.37938
      vertex 137.054 2.4 9.82721
    endloop
  endfacet
  facet normal 1 0 0
    outer loop
      vertex 137.054 2.4 7.37938
      vertex 137.054 1.6 9.82721
      vertex 137.054 1.6 7.37938
    endloop
  endfacet
  facet normal 0.0961936 0 -0.995363
    outer loop
      vertex 123.482 1.6 7.25345
      vertex 123.884 2.4 7.2923
      vertex 123.884 1.6 7.2923
    endloop
  endfacet
  facet normal 0.0961936 0 -0.995363
    outer loop
      vertex 123.884 2.4 7.2923
      vertex 123.482 1.6 7.25345
      vertex 123.482 2.4 7.25345
    endloop
  endfacet
  facet normal 0.159044 0 -0.987271
    outer loop
      vertex 123.884 1.6 7.2923
      vertex 124.286 2.4 7.35706
      vertex 124.286 1.6 7.35706
    endloop
  endfacet
  facet normal 0.159044 0 -0.987271
    outer loop
      vertex 124.286 2.4 7.35706
      vertex 123.884 1.6 7.2923
      vertex 123.884 2.4 7.2923
    endloop
  endfacet
  facet normal 0.218727 0 -0.975786
    outer loop
      vertex 124.286 1.6 7.35706
      vertex 124.688 2.4 7.44717
      vertex 124.688 1.6 7.44717
    endloop
  endfacet
  facet normal 0.218727 0 -0.975786
    outer loop
      vertex 124.688 2.4 7.44717
      vertex 124.286 1.6 7.35706
      vertex 124.286 2.4 7.35706
    endloop
  endfacet
  facet normal 0.274949 0 -0.961459
    outer loop
      vertex 124.688 1.6 7.44717
      vertex 125.09 2.4 7.56213
      vertex 125.09 1.6 7.56213
    endloop
  endfacet
  facet normal 0.274949 0 -0.961459
    outer loop
      vertex 125.09 2.4 7.56213
      vertex 124.688 1.6 7.44717
      vertex 124.688 2.4 7.44717
    endloop
  endfacet
  facet normal 0.328508 0 -0.944501
    outer loop
      vertex 125.09 1.6 7.56213
      vertex 125.492 2.4 7.70195
      vertex 125.492 1.6 7.70195
    endloop
  endfacet
  facet normal 0.328508 0 -0.944501
    outer loop
      vertex 125.492 2.4 7.70195
      vertex 125.09 1.6 7.56213
      vertex 125.09 2.4 7.56213
    endloop
  endfacet
  facet normal 1 -0 0
    outer loop
      vertex 125.492 1.6 9.0101
      vertex 125.492 2.4 7.70195
      vertex 125.492 2.4 9.0101
    endloop
  endfacet
  facet normal 1 0 0
    outer loop
      vertex 125.492 2.4 7.70195
      vertex 125.492 1.6 9.0101
      vertex 125.492 1.6 7.70195
    endloop
  endfacet
  facet normal -0.448014 0 0.894026
    outer loop
      vertex 125.099 2.4 8.81316
      vertex 125.492 1.6 9.0101
      vertex 125.492 2.4 9.0101
    endloop
  endfacet
  facet normal -0.448014 0 0.894026
    outer loop
      vertex 125.492 1.6 9.0101
      vertex 125.099 2.4 8.81316
      vertex 125.099 1.6 8.81316
    endloop
  endfacet
  facet normal -0.384908 0 0.922955
    outer loop
      vertex 124.714 2.4 8.6526
      vertex 125.099 1.6 8.81316
      vertex 125.099 2.4 8.81316
    endloop
  endfacet
  facet normal -0.384908 0 0.922955
    outer loop
      vertex 125.099 1.6 8.81316
      vertex 124.714 2.4 8.6526
      vertex 124.714 1.6 8.6526
    endloop
  endfacet
  facet normal -0.312085 0 0.950054
    outer loop
      vertex 124.336 2.4 8.52843
      vertex 124.714 1.6 8.6526
      vertex 124.714 2.4 8.6526
    endloop
  endfacet
  facet normal -0.312085 0 0.950054
    outer loop
      vertex 124.714 1.6 8.6526
      vertex 124.336 2.4 8.52843
      vertex 124.336 1.6 8.52843
    endloop
  endfacet
  facet normal -0.230998 0 0.972954
    outer loop
      vertex 123.964 2.4 8.44011
      vertex 124.336 1.6 8.52843
      vertex 124.336 2.4 8.52843
    endloop
  endfacet
  facet normal -0.230998 0 0.972954
    outer loop
      vertex 124.336 1.6 8.52843
      vertex 123.964 2.4 8.44011
      vertex 123.964 1.6 8.44011
    endloop
  endfacet
  facet normal -0.142879 0 0.98974
    outer loop
      vertex 123.597 2.4 8.38713
      vertex 123.964 1.6 8.44011
      vertex 123.964 2.4 8.44011
    endloop
  endfacet
  facet normal -0.142879 0 0.98974
    outer loop
      vertex 123.964 1.6 8.44011
      vertex 123.597 2.4 8.38713
      vertex 123.597 1.6 8.38713
    endloop
  endfacet
  facet normal -0.0490243 0 0.998798
    outer loop
      vertex 123.237 2.4 8.36946
      vertex 123.597 1.6 8.38713
      vertex 123.597 2.4 8.38713
    endloop
  endfacet
  facet normal -0.0490243 0 0.998798
    outer loop
      vertex 123.597 1.6 8.38713
      vertex 123.237 2.4 8.36946
      vertex 123.237 1.6 8.36946
    endloop
  endfacet
  facet normal 0.0805886 0 0.996747
    outer loop
      vertex 122.826 2.4 8.40269
      vertex 123.237 1.6 8.36946
      vertex 123.237 2.4 8.36946
    endloop
  endfacet
  facet normal 0.0805886 0 0.996747
    outer loop
      vertex 123.237 1.6 8.36946
      vertex 122.826 2.4 8.40269
      vertex 122.826 1.6 8.40269
    endloop
  endfacet
  facet normal 0.277574 0 0.960704
    outer loop
      vertex 122.481 2.4 8.50237
      vertex 122.826 1.6 8.40269
      vertex 122.826 2.4 8.40269
    endloop
  endfacet
  facet normal 0.277574 0 0.960704
    outer loop
      vertex 122.826 1.6 8.40269
      vertex 122.481 2.4 8.50237
      vertex 122.481 1.6 8.50237
    endloop
  endfacet
  facet normal 0.511617 0 0.859214
    outer loop
      vertex 122.202 2.4 8.6685
      vertex 122.481 1.6 8.50237
      vertex 122.481 2.4 8.50237
    endloop
  endfacet
  facet normal 0.511617 0 0.859214
    outer loop
      vertex 122.481 1.6 8.50237
      vertex 122.202 2.4 8.6685
      vertex 122.202 1.6 8.6685
    endloop
  endfacet
  facet normal 0.737482 -0 0.675367
    outer loop
      vertex 121.989 1.6 8.90109
      vertex 122.202 2.4 8.6685
      vertex 121.989 2.4 8.90109
    endloop
  endfacet
  facet normal 0.737482 0 0.675367
    outer loop
      vertex 122.202 2.4 8.6685
      vertex 121.989 1.6 8.90109
      vertex 122.202 1.6 8.6685
    endloop
  endfacet
  facet normal 0.900981 -0 0.433859
    outer loop
      vertex 121.845 1.6 9.20013
      vertex 121.989 2.4 8.90109
      vertex 121.845 2.4 9.20013
    endloop
  endfacet
  facet normal 0.900981 0 0.433859
    outer loop
      vertex 121.989 2.4 8.90109
      vertex 121.845 1.6 9.20013
      vertex 121.989 1.6 8.90109
    endloop
  endfacet
  facet normal 0.979589 -0 0.20101
    outer loop
      vertex 121.77 1.6 9.56563
      vertex 121.845 2.4 9.20013
      vertex 121.77 2.4 9.56563
    endloop
  endfacet
  facet normal 0.979589 0 0.20101
    outer loop
      vertex 121.845 2.4 9.20013
      vertex 121.77 1.6 9.56563
      vertex 121.845 1.6 9.20013
    endloop
  endfacet
  facet normal 0 0 -1
    outer loop
      vertex 121.77 1.6 9.56563
      vertex 125.743 2.4 9.56563
      vertex 125.743 1.6 9.56563
    endloop
  endfacet
  facet normal -0 0 -1
    outer loop
      vertex 125.743 2.4 9.56563
      vertex 121.77 1.6 9.56563
      vertex 121.77 2.4 9.56563
    endloop
  endfacet
  facet normal 1 -0 0
    outer loop
      vertex 125.743 1.6 10.0495
      vertex 125.743 2.4 9.56563
      vertex 125.743 2.4 10.0495
    endloop
  endfacet
  facet normal 1 0 0
    outer loop
      vertex 125.743 2.4 9.56563
      vertex 125.743 1.6 10.0495
      vertex 125.743 1.6 9.56563
    endloop
  endfacet
  facet normal 0.994465 -0 0.105067
    outer loop
      vertex 125.66 1.6 10.8351
      vertex 125.743 2.4 10.0495
      vertex 125.66 2.4 10.8351
    endloop
  endfacet
  facet normal 0.994465 0 0.105067
    outer loop
      vertex 125.743 2.4 10.0495
      vertex 125.66 1.6 10.8351
      vertex 125.743 1.6 10.0495
    endloop
  endfacet
  facet normal 0.936906 -0 0.349581
    outer loop
      vertex 125.409 1.6 11.5078
      vertex 125.66 2.4 10.8351
      vertex 125.409 2.4 11.5078
    endloop
  endfacet
  facet normal 0.936906 0 0.349581
    outer loop
      vertex 125.66 2.4 10.8351
      vertex 125.409 1.6 11.5078
      vertex 125.66 1.6 10.8351
    endloop
  endfacet
  facet normal 0.801269 -0 0.598304
    outer loop
      vertex 124.991 1.6 12.0676
      vertex 125.409 2.4 11.5078
      vertex 124.991 2.4 12.0676
    endloop
  endfacet
  facet normal 0.801269 0 0.598304
    outer loop
      vertex 125.409 2.4 11.5078
      vertex 124.991 1.6 12.0676
      vertex 125.409 1.6 11.5078
    endloop
  endfacet
  facet normal 0.601513 0 0.798863
    outer loop
      vertex 124.434 2.4 12.487
      vertex 124.991 1.6 12.0676
      vertex 124.991 2.4 12.0676
    endloop
  endfacet
  facet normal 0.601513 0 0.798863
    outer loop
      vertex 124.991 1.6 12.0676
      vertex 124.434 2.4 12.487
      vertex 124.434 1.6 12.487
    endloop
  endfacet
  facet normal 0.352135 0 0.935949
    outer loop
      vertex 123.765 2.4 12.7387
      vertex 124.434 1.6 12.487
      vertex 124.434 2.4 12.487
    endloop
  endfacet
  facet normal 0.352135 0 0.935949
    outer loop
      vertex 124.434 1.6 12.487
      vertex 123.765 2.4 12.7387
      vertex 123.765 1.6 12.7387
    endloop
  endfacet
  facet normal 0.106947 0 0.994265
    outer loop
      vertex 122.985 2.4 12.8226
      vertex 123.765 1.6 12.7387
      vertex 123.765 2.4 12.7387
    endloop
  endfacet
  facet normal 0.106947 0 0.994265
    outer loop
      vertex 123.765 1.6 12.7387
      vertex 122.985 2.4 12.8226
      vertex 122.985 1.6 12.8226
    endloop
  endfacet
  facet normal -0.0967274 0 0.995311
    outer loop
      vertex 122.133 2.4 12.7398
      vertex 122.985 1.6 12.8226
      vertex 122.985 2.4 12.8226
    endloop
  endfacet
  facet normal -0.0967274 0 0.995311
    outer loop
      vertex 122.985 1.6 12.8226
      vertex 122.133 2.4 12.7398
      vertex 122.133 1.6 12.7398
    endloop
  endfacet
  facet normal -0.325732 0 0.945462
    outer loop
      vertex 121.412 2.4 12.4914
      vertex 122.133 1.6 12.7398
      vertex 122.133 2.4 12.7398
    endloop
  endfacet
  facet normal -0.325732 0 0.945462
    outer loop
      vertex 122.133 1.6 12.7398
      vertex 121.412 2.4 12.4914
      vertex 121.412 1.6 12.4914
    endloop
  endfacet
  facet normal -0.575139 0 0.818056
    outer loop
      vertex 120.823 2.4 12.0773
      vertex 121.412 1.6 12.4914
      vertex 121.412 2.4 12.4914
    endloop
  endfacet
  facet normal -0.575139 0 0.818056
    outer loop
      vertex 121.412 1.6 12.4914
      vertex 120.823 2.4 12.0773
      vertex 120.823 1.6 12.0773
    endloop
  endfacet
  facet normal -0.788249 0 0.615356
    outer loop
      vertex 120.387 1.6 11.5188
      vertex 120.823 2.4 12.0773
      vertex 120.387 2.4 11.5188
    endloop
  endfacet
  facet normal -0.788249 0 0.615356
    outer loop
      vertex 120.823 2.4 12.0773
      vertex 120.387 1.6 11.5188
      vertex 120.823 1.6 12.0773
    endloop
  endfacet
  facet normal -0.933469 0 0.358658
    outer loop
      vertex 120.125 1.6 10.8369
      vertex 120.387 2.4 11.5188
      vertex 120.125 2.4 10.8369
    endloop
  endfacet
  facet normal -0.933469 0 0.358658
    outer loop
      vertex 120.387 2.4 11.5188
      vertex 120.125 1.6 10.8369
      vertex 120.387 1.6 11.5188
    endloop
  endfacet
  facet normal -0.994084 0 0.108616
    outer loop
      vertex 120.037 1.6 10.0315
      vertex 120.125 2.4 10.8369
      vertex 120.037 2.4 10.0315
    endloop
  endfacet
  facet normal -0.994084 0 0.108616
    outer loop
      vertex 120.125 2.4 10.8369
      vertex 120.037 1.6 10.0315
      vertex 120.125 1.6 10.8369
    endloop
  endfacet
  facet normal -0.994122 0 -0.10827
    outer loop
      vertex 120.126 1.6 9.21431
      vertex 120.037 2.4 10.0315
      vertex 120.126 2.4 9.21431
    endloop
  endfacet
  facet normal -0.994122 -0 -0.10827
    outer loop
      vertex 120.037 2.4 10.0315
      vertex 120.126 1.6 9.21431
      vertex 120.037 1.6 10.0315
    endloop
  endfacet
  facet normal -0.931885 0 -0.362754
    outer loop
      vertex 120.393 1.6 8.52841
      vertex 120.126 2.4 9.21431
      vertex 120.393 2.4 8.52841
    endloop
  endfacet
  facet normal -0.931885 -0 -0.362754
    outer loop
      vertex 120.126 2.4 9.21431
      vertex 120.393 1.6 8.52841
      vertex 120.126 1.6 9.21431
    endloop
  endfacet
  facet normal -0.780644 0 -0.624977
    outer loop
      vertex 120.837 1.6 7.97382
      vertex 120.393 2.4 8.52841
      vertex 120.837 2.4 7.97382
    endloop
  endfacet
  facet normal -0.780644 -0 -0.624977
    outer loop
      vertex 120.393 2.4 8.52841
      vertex 120.837 1.6 7.97382
      vertex 120.393 1.6 8.52841
    endloop
  endfacet
  facet normal -0.558554 0 -0.829468
    outer loop
      vertex 120.837 1.6 7.97382
      vertex 121.442 2.4 7.56642
      vertex 121.442 1.6 7.56642
    endloop
  endfacet
  facet normal -0.558554 0 -0.829468
    outer loop
      vertex 121.442 2.4 7.56642
      vertex 120.837 1.6 7.97382
      vertex 120.837 2.4 7.97382
    endloop
  endfacet
  facet normal -0.310626 0 -0.950532
    outer loop
      vertex 121.442 1.6 7.56642
      vertex 122.19 2.4 7.32198
      vertex 122.19 1.6 7.32198
    endloop
  endfacet
  facet normal -0.310626 0 -0.950532
    outer loop
      vertex 122.19 2.4 7.32198
      vertex 121.442 1.6 7.56642
      vertex 121.442 2.4 7.56642
    endloop
  endfacet
  facet normal -0.0911582 0 -0.995836
    outer loop
      vertex 122.19 1.6 7.32198
      vertex 123.08 2.4 7.24051
      vertex 123.08 1.6 7.24051
    endloop
  endfacet
  facet normal -0.0911582 0 -0.995836
    outer loop
      vertex 123.08 2.4 7.24051
      vertex 122.19 1.6 7.32198
      vertex 122.19 2.4 7.32198
    endloop
  endfacet
  facet normal 0.0321724 0 -0.999482
    outer loop
      vertex 123.08 1.6 7.24051
      vertex 123.482 2.4 7.25345
      vertex 123.482 1.6 7.25345
    endloop
  endfacet
  facet normal 0.0321724 0 -0.999482
    outer loop
      vertex 123.482 2.4 7.25345
      vertex 123.08 1.6 7.24051
      vertex 123.08 2.4 7.24051
    endloop
  endfacet
  facet normal 0.973194 0 -0.229984
    outer loop
      vertex 121.865 1.6 10.9355
      vertex 121.789 2.4 10.6139
      vertex 121.865 2.4 10.9355
    endloop
  endfacet
  facet normal 0.973194 0 -0.229984
    outer loop
      vertex 121.789 2.4 10.6139
      vertex 121.865 1.6 10.9355
      vertex 121.789 1.6 10.6139
    endloop
  endfacet
  facet normal 0.900479 0 -0.4349
    outer loop
      vertex 121.994 1.6 11.2026
      vertex 121.865 2.4 10.9355
      vertex 121.994 2.4 11.2026
    endloop
  endfacet
  facet normal 0.900479 0 -0.4349
    outer loop
      vertex 121.865 2.4 10.9355
      vertex 121.994 1.6 11.2026
      vertex 121.865 1.6 10.9355
    endloop
  endfacet
  facet normal 0.765265 0 -0.643715
    outer loop
      vertex 122.173 1.6 11.4154
      vertex 121.994 2.4 11.2026
      vertex 122.173 2.4 11.4154
    endloop
  endfacet
  facet normal 0.765265 0 -0.643715
    outer loop
      vertex 121.994 2.4 11.2026
      vertex 122.173 1.6 11.4154
      vertex 121.994 1.6 11.2026
    endloop
  endfacet
  facet normal 0.562659 0 -0.826689
    outer loop
      vertex 122.173 1.6 11.4154
      vertex 122.4 2.4 11.5699
      vertex 122.4 1.6 11.5699
    endloop
  endfacet
  facet normal 0.562659 0 -0.826689
    outer loop
      vertex 122.4 2.4 11.5699
      vertex 122.173 1.6 11.4154
      vertex 122.173 2.4 11.4154
    endloop
  endfacet
  facet normal 0.328301 0 -0.944573
    outer loop
      vertex 122.4 1.6 11.5699
      vertex 122.667 2.4 11.6627
      vertex 122.667 1.6 11.6627
    endloop
  endfacet
  facet normal 0.328301 0 -0.944573
    outer loop
      vertex 122.667 2.4 11.6627
      vertex 122.4 1.6 11.5699
      vertex 122.4 2.4 11.5699
    endloop
  endfacet
  facet normal 0.0995037 0 -0.995037
    outer loop
      vertex 122.667 1.6 11.6627
      vertex 122.976 2.4 11.6936
      vertex 122.976 1.6 11.6936
    endloop
  endfacet
  facet normal 0.0995037 0 -0.995037
    outer loop
      vertex 122.976 2.4 11.6936
      vertex 122.667 1.6 11.6627
      vertex 122.667 2.4 11.6627
    endloop
  endfacet
  facet normal -0.115421 0 -0.993317
    outer loop
      vertex 122.976 1.6 11.6936
      vertex 123.26 2.4 11.6606
      vertex 123.26 1.6 11.6606
    endloop
  endfacet
  facet normal -0.115421 0 -0.993317
    outer loop
      vertex 123.26 2.4 11.6606
      vertex 122.976 1.6 11.6936
      vertex 122.976 2.4 11.6936
    endloop
  endfacet
  facet normal -0.373665 0 -0.927564
    outer loop
      vertex 123.26 1.6 11.6606
      vertex 123.506 2.4 11.5615
      vertex 123.506 1.6 11.5615
    endloop
  endfacet
  facet normal -0.373665 0 -0.927564
    outer loop
      vertex 123.506 2.4 11.5615
      vertex 123.26 1.6 11.6606
      vertex 123.26 2.4 11.6606
    endloop
  endfacet
  facet normal -0.621936 0 -0.783068
    outer loop
      vertex 123.506 1.6 11.5615
      vertex 123.714 2.4 11.3963
      vertex 123.714 1.6 11.3963
    endloop
  endfacet
  facet normal -0.621936 0 -0.783068
    outer loop
      vertex 123.714 2.4 11.3963
      vertex 123.506 1.6 11.5615
      vertex 123.506 2.4 11.5615
    endloop
  endfacet
  facet normal -0.812729 0 -0.582642
    outer loop
      vertex 123.871 1.6 11.1773
      vertex 123.714 2.4 11.3963
      vertex 123.871 2.4 11.1773
    endloop
  endfacet
  facet normal -0.812729 -0 -0.582642
    outer loop
      vertex 123.714 2.4 11.3963
      vertex 123.871 1.6 11.1773
      vertex 123.714 1.6 11.3963
    endloop
  endfacet
  facet normal -0.940759 0 -0.339077
    outer loop
      vertex 123.965 1.6 10.9165
      vertex 123.871 2.4 11.1773
      vertex 123.965 2.4 10.9165
    endloop
  endfacet
  facet normal -0.940759 -0 -0.339077
    outer loop
      vertex 123.871 2.4 11.1773
      vertex 123.965 1.6 10.9165
      vertex 123.871 1.6 11.1773
    endloop
  endfacet
  facet normal -0.994793 0 -0.101912
    outer loop
      vertex 123.996 1.6 10.6139
      vertex 123.965 2.4 10.9165
      vertex 123.996 2.4 10.6139
    endloop
  endfacet
  facet normal -0.994793 -0 -0.101912
    outer loop
      vertex 123.965 2.4 10.9165
      vertex 123.996 1.6 10.6139
      vertex 123.965 1.6 10.9165
    endloop
  endfacet
  facet normal -0 0 1
    outer loop
      vertex 121.789 2.4 10.6139
      vertex 123.996 1.6 10.6139
      vertex 123.996 2.4 10.6139
    endloop
  endfacet
  facet normal 0 0 1
    outer loop
      vertex 123.996 1.6 10.6139
      vertex 121.789 2.4 10.6139
      vertex 121.789 1.6 10.6139
    endloop
  endfacet
  facet normal -0.75805 0 -0.652196
    outer loop
      vertex 103 1.6 7.86302
      vertex 102.757 2.4 8.14546
      vertex 103 2.4 7.86302
    endloop
  endfacet
  facet normal -0.75805 -0 -0.652196
    outer loop
      vertex 102.757 2.4 8.14546
      vertex 103 1.6 7.86302
      vertex 102.757 1.6 8.14546
    endloop
  endfacet
  facet normal -0.661101 0 -0.750297
    outer loop
      vertex 103 1.6 7.86302
      vertex 103.259 2.4 7.63481
      vertex 103.259 1.6 7.63481
    endloop
  endfacet
  facet normal -0.661101 0 -0.750297
    outer loop
      vertex 103.259 2.4 7.63481
      vertex 103 1.6 7.86302
      vertex 103 2.4 7.86302
    endloop
  endfacet
  facet normal -0.531943 0 -0.84678
    outer loop
      vertex 103.259 1.6 7.63481
      vertex 103.536 2.4 7.4608
      vertex 103.536 1.6 7.4608
    endloop
  endfacet
  facet normal -0.531943 0 -0.84678
    outer loop
      vertex 103.536 2.4 7.4608
      vertex 103.259 1.6 7.63481
      vertex 103.259 2.4 7.63481
    endloop
  endfacet
  facet normal -0.378823 0 -0.925469
    outer loop
      vertex 103.536 1.6 7.4608
      vertex 103.835 2.4 7.33841
      vertex 103.835 1.6 7.33841
    endloop
  endfacet
  facet normal -0.378823 0 -0.925469
    outer loop
      vertex 103.835 2.4 7.33841
      vertex 103.536 1.6 7.4608
      vertex 103.536 2.4 7.4608
    endloop
  endfacet
  facet normal -0.2191 0 -0.975702
    outer loop
      vertex 103.835 1.6 7.33841
      vertex 104.162 2.4 7.26498
      vertex 104.162 1.6 7.26498
    endloop
  endfacet
  facet normal -0.2191 0 -0.975702
    outer loop
      vertex 104.162 2.4 7.26498
      vertex 103.835 1.6 7.33841
      vertex 103.835 2.4 7.33841
    endloop
  endfacet
  facet normal -0.0685742 0 -0.997646
    outer loop
      vertex 104.162 1.6 7.26498
      vertex 104.518 2.4 7.24051
      vertex 104.518 1.6 7.24051
    endloop
  endfacet
  facet normal -0.0685742 0 -0.997646
    outer loop
      vertex 104.518 2.4 7.24051
      vertex 104.162 1.6 7.26498
      vertex 104.162 2.4 7.26498
    endloop
  endfacet
  facet normal 0.139452 0 -0.990229
    outer loop
      vertex 104.518 1.6 7.24051
      vertex 105.134 2.4 7.32726
      vertex 105.134 1.6 7.32726
    endloop
  endfacet
  facet normal 0.139452 0 -0.990229
    outer loop
      vertex 105.134 2.4 7.32726
      vertex 104.518 1.6 7.24051
      vertex 104.518 2.4 7.24051
    endloop
  endfacet
  facet normal 0.435463 0 -0.900207
    outer loop
      vertex 105.134 1.6 7.32726
      vertex 105.672 2.4 7.58751
      vertex 105.672 1.6 7.58751
    endloop
  endfacet
  facet normal 0.435463 0 -0.900207
    outer loop
      vertex 105.672 2.4 7.58751
      vertex 105.134 1.6 7.32726
      vertex 105.134 2.4 7.32726
    endloop
  endfacet
  facet normal 0.686068 0 -0.727538
    outer loop
      vertex 105.672 1.6 7.58751
      vertex 106.132 2.4 8.02129
      vertex 106.132 1.6 8.02129
    endloop
  endfacet
  facet normal 0.686068 0 -0.727538
    outer loop
      vertex 106.132 2.4 8.02129
      vertex 105.672 1.6 7.58751
      vertex 105.672 2.4 7.58751
    endloop
  endfacet
  facet normal 0.851669 0 -0.524081
    outer loop
      vertex 106.483 1.6 8.59169
      vertex 106.132 2.4 8.02129
      vertex 106.483 2.4 8.59169
    endloop
  endfacet
  facet normal 0.851669 0 -0.524081
    outer loop
      vertex 106.132 2.4 8.02129
      vertex 106.483 1.6 8.59169
      vertex 106.132 1.6 8.02129
    endloop
  endfacet
  facet normal 0.953831 0 -0.300345
    outer loop
      vertex 106.694 1.6 9.26178
      vertex 106.483 2.4 8.59169
      vertex 106.694 2.4 9.26178
    endloop
  endfacet
  facet normal 0.953831 0 -0.300345
    outer loop
      vertex 106.483 2.4 8.59169
      vertex 106.694 1.6 9.26178
      vertex 106.483 1.6 8.59169
    endloop
  endfacet
  facet normal 0.99589 0 -0.0905684
    outer loop
      vertex 106.764 1.6 10.0315
      vertex 106.694 2.4 9.26178
      vertex 106.764 2.4 10.0315
    endloop
  endfacet
  facet normal 0.99589 0 -0.0905684
    outer loop
      vertex 106.694 2.4 9.26178
      vertex 106.764 1.6 10.0315
      vertex 106.694 1.6 9.26178
    endloop
  endfacet
  facet normal 0.995891 -0 0.0905591
    outer loop
      vertex 106.694 1.6 10.8013
      vertex 106.764 2.4 10.0315
      vertex 106.694 2.4 10.8013
    endloop
  endfacet
  facet normal 0.995891 0 0.0905591
    outer loop
      vertex 106.764 2.4 10.0315
      vertex 106.694 1.6 10.8013
      vertex 106.764 1.6 10.0315
    endloop
  endfacet
  facet normal 0.953819 -0 0.300382
    outer loop
      vertex 106.483 1.6 11.4713
      vertex 106.694 2.4 10.8013
      vertex 106.483 2.4 11.4713
    endloop
  endfacet
  facet normal 0.953819 0 0.300382
    outer loop
      vertex 106.694 2.4 10.8013
      vertex 106.483 1.6 11.4713
      vertex 106.694 1.6 10.8013
    endloop
  endfacet
  facet normal 0.851669 -0 0.524081
    outer loop
      vertex 106.132 1.6 12.0417
      vertex 106.483 2.4 11.4713
      vertex 106.132 2.4 12.0417
    endloop
  endfacet
  facet normal 0.851669 0 0.524081
    outer loop
      vertex 106.483 2.4 11.4713
      vertex 106.132 1.6 12.0417
      vertex 106.483 1.6 11.4713
    endloop
  endfacet
  facet normal 0.686085 0 0.727522
    outer loop
      vertex 105.672 2.4 12.4755
      vertex 106.132 1.6 12.0417
      vertex 106.132 2.4 12.0417
    endloop
  endfacet
  facet normal 0.686085 0 0.727522
    outer loop
      vertex 106.132 1.6 12.0417
      vertex 105.672 2.4 12.4755
      vertex 105.672 1.6 12.4755
    endloop
  endfacet
  facet normal 0.43553 0 0.900174
    outer loop
      vertex 105.134 2.4 12.7358
      vertex 105.672 1.6 12.4755
      vertex 105.672 2.4 12.4755
    endloop
  endfacet
  facet normal 0.43553 0 0.900174
    outer loop
      vertex 105.672 1.6 12.4755
      vertex 105.134 2.4 12.7358
      vertex 105.134 1.6 12.7358
    endloop
  endfacet
  facet normal 0.139531 0 0.990218
    outer loop
      vertex 104.518 2.4 12.8226
      vertex 105.134 1.6 12.7358
      vertex 105.134 2.4 12.7358
    endloop
  endfacet
  facet normal 0.139531 0 0.990218
    outer loop
      vertex 105.134 1.6 12.7358
      vertex 104.518 2.4 12.8226
      vertex 104.518 1.6 12.8226
    endloop
  endfacet
  facet normal -0.0686578 0 0.99764
    outer loop
      vertex 104.162 2.4 12.7981
      vertex 104.518 1.6 12.8226
      vertex 104.518 2.4 12.8226
    endloop
  endfacet
  facet normal -0.0686578 0 0.99764
    outer loop
      vertex 104.518 1.6 12.8226
      vertex 104.162 2.4 12.7981
      vertex 104.162 1.6 12.7981
    endloop
  endfacet
  facet normal -0.219299 0 0.975658
    outer loop
      vertex 103.835 2.4 12.7246
      vertex 104.162 1.6 12.7981
      vertex 104.162 2.4 12.7981
    endloop
  endfacet
  facet normal -0.219299 0 0.975658
    outer loop
      vertex 104.162 1.6 12.7981
      vertex 103.835 2.4 12.7246
      vertex 103.835 1.6 12.7246
    endloop
  endfacet
  facet normal -0.37885 0 0.925458
    outer loop
      vertex 103.536 2.4 12.6022
      vertex 103.835 1.6 12.7246
      vertex 103.835 2.4 12.7246
    endloop
  endfacet
  facet normal -0.37885 0 0.925458
    outer loop
      vertex 103.835 1.6 12.7246
      vertex 103.536 2.4 12.6022
      vertex 103.536 1.6 12.6022
    endloop
  endfacet
  facet normal -0.531921 0 0.846794
    outer loop
      vertex 103.259 2.4 12.4282
      vertex 103.536 1.6 12.6022
      vertex 103.536 2.4 12.6022
    endloop
  endfacet
  facet normal -0.531921 0 0.846794
    outer loop
      vertex 103.536 1.6 12.6022
      vertex 103.259 2.4 12.4282
      vertex 103.259 1.6 12.4282
    endloop
  endfacet
  facet normal -0.661085 0 0.750311
    outer loop
      vertex 103 2.4 12.2
      vertex 103.259 1.6 12.4282
      vertex 103.259 2.4 12.4282
    endloop
  endfacet
  facet normal -0.661085 0 0.750311
    outer loop
      vertex 103.259 1.6 12.4282
      vertex 103 2.4 12.2
      vertex 103 1.6 12.2
    endloop
  endfacet
  facet normal -0.758005 0 0.652249
    outer loop
      vertex 102.757 1.6 11.9176
      vertex 103 2.4 12.2
      vertex 102.757 2.4 11.9176
    endloop
  endfacet
  facet normal -0.758005 0 0.652249
    outer loop
      vertex 103 2.4 12.2
      vertex 102.757 1.6 11.9176
      vertex 103 1.6 12.2
    endloop
  endfacet
  facet normal 1 -0 0
    outer loop
      vertex 102.757 1.6 12.6971
      vertex 102.757 2.4 11.9176
      vertex 102.757 2.4 12.6971
    endloop
  endfacet
  facet normal 1 0 0
    outer loop
      vertex 102.757 2.4 11.9176
      vertex 102.757 1.6 12.6971
      vertex 102.757 1.6 11.9176
    endloop
  endfacet
  facet normal -0 0 1
    outer loop
      vertex 101.058 2.4 12.6971
      vertex 102.757 1.6 12.6971
      vertex 102.757 2.4 12.6971
    endloop
  endfacet
  facet normal 0 0 1
    outer loop
      vertex 102.757 1.6 12.6971
      vertex 101.058 2.4 12.6971
      vertex 101.058 1.6 12.6971
    endloop
  endfacet
  facet normal -1 0 0
    outer loop
      vertex 101.058 1.6 5.3589
      vertex 101.058 2.4 12.6971
      vertex 101.058 2.4 5.3589
    endloop
  endfacet
  facet normal -1 -0 0
    outer loop
      vertex 101.058 2.4 12.6971
      vertex 101.058 1.6 5.3589
      vertex 101.058 1.6 12.6971
    endloop
  endfacet
  facet normal 0 0 -1
    outer loop
      vertex 101.058 1.6 5.3589
      vertex 102.757 2.4 5.3589
      vertex 102.757 1.6 5.3589
    endloop
  endfacet
  facet normal -0 0 -1
    outer loop
      vertex 102.757 2.4 5.3589
      vertex 101.058 1.6 5.3589
      vertex 101.058 2.4 5.3589
    endloop
  endfacet
  facet normal 1 -0 0
    outer loop
      vertex 102.757 1.6 8.14546
      vertex 102.757 2.4 5.3589
      vertex 102.757 2.4 8.14546
    endloop
  endfacet
  facet normal 1 0 0
    outer loop
      vertex 102.757 2.4 5.3589
      vertex 102.757 1.6 8.14546
      vertex 102.757 1.6 5.3589
    endloop
  endfacet
  facet normal 0.432048 0 0.901851
    outer loop
      vertex 103.272 2.4 8.65521
      vertex 103.551 1.6 8.52155
      vertex 103.551 2.4 8.52155
    endloop
  endfacet
  facet normal 0.432048 0 0.901851
    outer loop
      vertex 103.551 1.6 8.52155
      vertex 103.272 2.4 8.65521
      vertex 103.272 1.6 8.65521
    endloop
  endfacet
  facet normal 0.706789 0 0.707424
    outer loop
      vertex 103.049 2.4 8.87801
      vertex 103.272 1.6 8.65521
      vertex 103.272 2.4 8.65521
    endloop
  endfacet
  facet normal 0.706789 0 0.707424
    outer loop
      vertex 103.272 1.6 8.65521
      vertex 103.049 2.4 8.87801
      vertex 103.049 1.6 8.87801
    endloop
  endfacet
  facet normal 0.884217 -0 0.467077
    outer loop
      vertex 102.887 1.6 9.18469
      vertex 103.049 2.4 8.87801
      vertex 102.887 2.4 9.18469
    endloop
  endfacet
  facet normal 0.884217 0 0.467077
    outer loop
      vertex 103.049 2.4 8.87801
      vertex 102.887 1.6 9.18469
      vertex 103.049 1.6 8.87801
    endloop
  endfacet
  facet normal 0.969737 -0 0.244152
    outer loop
      vertex 102.79 1.6 9.56996
      vertex 102.887 2.4 9.18469
      vertex 102.79 2.4 9.56996
    endloop
  endfacet
  facet normal 0.969737 0 0.244152
    outer loop
      vertex 102.887 2.4 9.18469
      vertex 102.79 1.6 9.56996
      vertex 102.887 1.6 9.18469
    endloop
  endfacet
  facet normal 0.997479 -0 0.0709658
    outer loop
      vertex 102.757 1.6 10.0338
      vertex 102.79 2.4 9.56996
      vertex 102.757 2.4 10.0338
    endloop
  endfacet
  facet normal 0.997479 0 0.0709658
    outer loop
      vertex 102.79 2.4 9.56996
      vertex 102.757 1.6 10.0338
      vertex 102.79 1.6 9.56996
    endloop
  endfacet
  facet normal 0.997478 0 -0.0709719
    outer loop
      vertex 102.79 1.6 10.4976
      vertex 102.757 2.4 10.0338
      vertex 102.79 2.4 10.4976
    endloop
  endfacet
  facet normal 0.997478 0 -0.0709719
    outer loop
      vertex 102.757 2.4 10.0338
      vertex 102.79 1.6 10.4976
      vertex 102.757 1.6 10.0338
    endloop
  endfacet
  facet normal 0.969726 0 -0.244194
    outer loop
      vertex 102.887 1.6 10.8828
      vertex 102.79 2.4 10.4976
      vertex 102.887 2.4 10.8828
    endloop
  endfacet
  facet normal 0.969726 0 -0.244194
    outer loop
      vertex 102.79 2.4 10.4976
      vertex 102.887 1.6 10.8828
      vertex 102.79 1.6 10.4976
    endloop
  endfacet
  facet normal 0.884229 0 -0.467053
    outer loop
      vertex 103.049 1.6 11.1895
      vertex 102.887 2.4 10.8828
      vertex 103.049 2.4 11.1895
    endloop
  endfacet
  facet normal 0.884229 0 -0.467053
    outer loop
      vertex 102.887 2.4 10.8828
      vertex 103.049 1.6 11.1895
      vertex 102.887 1.6 10.8828
    endloop
  endfacet
  facet normal 0.706789 0 -0.707424
    outer loop
      vertex 103.049 1.6 11.1895
      vertex 103.272 2.4 11.4123
      vertex 103.272 1.6 11.4123
    endloop
  endfacet
  facet normal 0.706789 0 -0.707424
    outer loop
      vertex 103.272 2.4 11.4123
      vertex 103.049 1.6 11.1895
      vertex 103.049 2.4 11.1895
    endloop
  endfacet
  facet normal 0.432153 0 -0.9018
    outer loop
      vertex 103.272 1.6 11.4123
      vertex 103.551 2.4 11.546
      vertex 103.551 1.6 11.546
    endloop
  endfacet
  facet normal 0.432153 0 -0.9018
    outer loop
      vertex 103.551 2.4 11.546
      vertex 103.272 1.6 11.4123
      vertex 103.272 2.4 11.4123
    endloop
  endfacet
  facet normal 0.131584 0 -0.991305
    outer loop
      vertex 103.551 1.6 11.546
      vertex 103.887 2.4 11.5906
      vertex 103.887 1.6 11.5906
    endloop
  endfacet
  facet normal 0.131584 0 -0.991305
    outer loop
      vertex 103.887 2.4 11.5906
      vertex 103.551 1.6 11.546
      vertex 103.551 2.4 11.546
    endloop
  endfacet
  facet normal -0.131098 0 -0.991369
    outer loop
      vertex 103.887 1.6 11.5906
      vertex 104.222 2.4 11.5463
      vertex 104.222 1.6 11.5463
    endloop
  endfacet
  facet normal -0.131098 0 -0.991369
    outer loop
      vertex 104.222 2.4 11.5463
      vertex 103.887 1.6 11.5906
      vertex 103.887 2.4 11.5906
    endloop
  endfacet
  facet normal -0.431306 0 -0.902206
    outer loop
      vertex 104.222 1.6 11.5463
      vertex 104.5 2.4 11.4134
      vertex 104.5 1.6 11.4134
    endloop
  endfacet
  facet normal -0.431306 0 -0.902206
    outer loop
      vertex 104.5 2.4 11.4134
      vertex 104.222 1.6 11.5463
      vertex 104.222 2.4 11.5463
    endloop
  endfacet
  facet normal -0.709664 0 -0.70454
    outer loop
      vertex 104.72 1.6 11.1918
      vertex 104.5 2.4 11.4134
      vertex 104.72 2.4 11.1918
    endloop
  endfacet
  facet normal -0.709664 -0 -0.70454
    outer loop
      vertex 104.5 2.4 11.4134
      vertex 104.72 1.6 11.1918
      vertex 104.5 1.6 11.4134
    endloop
  endfacet
  facet normal -0.886047 0 -0.463596
    outer loop
      vertex 104.88 1.6 10.886
      vertex 104.72 2.4 11.1918
      vertex 104.88 2.4 10.886
    endloop
  endfacet
  facet normal -0.886047 -0 -0.463596
    outer loop
      vertex 104.72 2.4 11.1918
      vertex 104.88 1.6 10.886
      vertex 104.72 1.6 11.1918
    endloop
  endfacet
  facet normal -0.971024 0 -0.238983
    outer loop
      vertex 104.975 1.6 10.5
      vertex 104.88 2.4 10.886
      vertex 104.975 2.4 10.5
    endloop
  endfacet
  facet normal -0.971024 -0 -0.238983
    outer loop
      vertex 104.88 2.4 10.886
      vertex 104.975 1.6 10.5
      vertex 104.88 1.6 10.886
    endloop
  endfacet
  facet normal -0.997653 0 -0.0684789
    outer loop
      vertex 105.007 1.6 10.0338
      vertex 104.975 2.4 10.5
      vertex 105.007 2.4 10.0338
    endloop
  endfacet
  facet normal -0.997653 -0 -0.0684789
    outer loop
      vertex 104.975 2.4 10.5
      vertex 105.007 1.6 10.0338
      vertex 104.975 1.6 10.5
    endloop
  endfacet
  facet normal -0.997653 0 0.068476
    outer loop
      vertex 104.975 1.6 9.56758
      vertex 105.007 2.4 10.0338
      vertex 104.975 2.4 9.56758
    endloop
  endfacet
  facet normal -0.997653 0 0.068476
    outer loop
      vertex 105.007 2.4 10.0338
      vertex 104.975 1.6 9.56758
      vertex 105.007 1.6 10.0338
    endloop
  endfacet
  facet normal -0.971032 0 0.238948
    outer loop
      vertex 104.88 1.6 9.18152
      vertex 104.975 2.4 9.56758
      vertex 104.88 2.4 9.18152
    endloop
  endfacet
  facet normal -0.971032 0 0.238948
    outer loop
      vertex 104.975 2.4 9.56758
      vertex 104.88 1.6 9.18152
      vertex 104.975 1.6 9.56758
    endloop
  endfacet
  facet normal -0.886103 0 0.463488
    outer loop
      vertex 104.72 1.6 8.87563
      vertex 104.88 2.4 9.18152
      vertex 104.72 2.4 8.87563
    endloop
  endfacet
  facet normal -0.886103 0 0.463488
    outer loop
      vertex 104.88 2.4 9.18152
      vertex 104.72 1.6 8.87563
      vertex 104.88 1.6 9.18152
    endloop
  endfacet
  facet normal -0.709457 0 0.704748
    outer loop
      vertex 104.5 1.6 8.65416
      vertex 104.72 2.4 8.87563
      vertex 104.5 2.4 8.65416
    endloop
  endfacet
  facet normal -0.709457 0 0.704748
    outer loop
      vertex 104.72 2.4 8.87563
      vertex 104.5 1.6 8.65416
      vertex 104.72 1.6 8.87563
    endloop
  endfacet
  facet normal -0.43128 0 0.902218
    outer loop
      vertex 104.222 2.4 8.52127
      vertex 104.5 1.6 8.65416
      vertex 104.5 2.4 8.65416
    endloop
  endfacet
  facet normal -0.43128 0 0.902218
    outer loop
      vertex 104.5 1.6 8.65416
      vertex 104.222 2.4 8.52127
      vertex 104.222 1.6 8.52127
    endloop
  endfacet
  facet normal -0.131039 0 0.991377
    outer loop
      vertex 103.887 2.4 8.47699
      vertex 104.222 1.6 8.52127
      vertex 104.222 2.4 8.52127
    endloop
  endfacet
  facet normal -0.131039 0 0.991377
    outer loop
      vertex 104.222 1.6 8.52127
      vertex 103.887 2.4 8.47699
      vertex 103.887 1.6 8.47699
    endloop
  endfacet
  facet normal 0.131468 0 0.99132
    outer loop
      vertex 103.551 2.4 8.52155
      vertex 103.887 1.6 8.47699
      vertex 103.887 2.4 8.47699
    endloop
  endfacet
  facet normal 0.131468 0 0.99132
    outer loop
      vertex 103.887 1.6 8.47699
      vertex 103.551 2.4 8.52155
      vertex 103.551 1.6 8.52155
    endloop
  endfacet
  facet normal 0.326319 0 -0.94526
    outer loop
      vertex 111.232 1.6 7.32277
      vertex 111.947 2.4 7.5696
      vertex 111.947 1.6 7.5696
    endloop
  endfacet
  facet normal 0.326319 0 -0.94526
    outer loop
      vertex 111.947 2.4 7.5696
      vertex 111.232 1.6 7.32277
      vertex 111.232 2.4 7.32277
    endloop
  endfacet
  facet normal 0.577847 0 -0.816145
    outer loop
      vertex 111.947 1.6 7.5696
      vertex 112.528 2.4 7.98096
      vertex 112.528 1.6 7.98096
    endloop
  endfacet
  facet normal 0.577847 0 -0.816145
    outer loop
      vertex 112.528 2.4 7.98096
      vertex 111.947 1.6 7.5696
      vertex 111.947 2.4 7.5696
    endloop
  endfacet
  facet normal 0.792926 0 -0.609319
    outer loop
      vertex 112.956 1.6 8.53793
      vertex 112.528 2.4 7.98096
      vertex 112.956 2.4 8.53793
    endloop
  endfacet
  facet normal 0.792926 0 -0.609319
    outer loop
      vertex 112.528 2.4 7.98096
      vertex 112.956 1.6 8.53793
      vertex 112.528 1.6 7.98096
    endloop
  endfacet
  facet normal 0.936023 0 -0.35194
    outer loop
      vertex 113.213 1.6 9.22145
      vertex 112.956 2.4 8.53793
      vertex 113.213 2.4 9.22145
    endloop
  endfacet
  facet normal 0.936023 0 -0.35194
    outer loop
      vertex 112.956 2.4 8.53793
      vertex 113.213 1.6 9.22145
      vertex 112.956 1.6 8.53793
    endloop
  endfacet
  facet normal 0.994412 0 -0.105573
    outer loop
      vertex 113.299 1.6 10.0315
      vertex 113.213 2.4 9.22145
      vertex 113.299 2.4 10.0315
    endloop
  endfacet
  facet normal 0.994412 0 -0.105573
    outer loop
      vertex 113.213 2.4 9.22145
      vertex 113.299 1.6 10.0315
      vertex 113.213 1.6 9.22145
    endloop
  endfacet
  facet normal 0.994412 -0 0.105567
    outer loop
      vertex 113.213 1.6 10.8416
      vertex 113.299 2.4 10.0315
      vertex 113.213 2.4 10.8416
    endloop
  endfacet
  facet normal 0.994412 0 0.105567
    outer loop
      vertex 113.299 2.4 10.0315
      vertex 113.213 1.6 10.8416
      vertex 113.299 1.6 10.0315
    endloop
  endfacet
  facet normal 0.936019 -0 0.351949
    outer loop
      vertex 112.956 1.6 11.5251
      vertex 113.213 2.4 10.8416
      vertex 112.956 2.4 11.5251
    endloop
  endfacet
  facet normal 0.936019 0 0.351949
    outer loop
      vertex 113.213 2.4 10.8416
      vertex 112.956 1.6 11.5251
      vertex 113.213 1.6 10.8416
    endloop
  endfacet
  facet normal 0.792889 -0 0.609367
    outer loop
      vertex 112.528 1.6 12.082
      vertex 112.956 2.4 11.5251
      vertex 112.528 2.4 12.082
    endloop
  endfacet
  facet normal 0.792889 0 0.609367
    outer loop
      vertex 112.956 2.4 11.5251
      vertex 112.528 1.6 12.082
      vertex 112.956 1.6 11.5251
    endloop
  endfacet
  facet normal 0.577885 0 0.816118
    outer loop
      vertex 111.947 2.4 12.4934
      vertex 112.528 1.6 12.082
      vertex 112.528 2.4 12.082
    endloop
  endfacet
  facet normal 0.577885 0 0.816118
    outer loop
      vertex 112.528 1.6 12.082
      vertex 111.947 2.4 12.4934
      vertex 111.947 1.6 12.4934
    endloop
  endfacet
  facet normal 0.326402 0 0.945231
    outer loop
      vertex 111.232 2.4 12.7403
      vertex 111.947 1.6 12.4934
      vertex 111.947 2.4 12.4934
    endloop
  endfacet
  facet normal 0.326402 0 0.945231
    outer loop
      vertex 111.947 1.6 12.4934
      vertex 111.232 2.4 12.7403
      vertex 111.232 1.6 12.7403
    endloop
  endfacet
  facet normal 0.096598 0 0.995323
    outer loop
      vertex 110.384 2.4 12.8226
      vertex 111.232 1.6 12.7403
      vertex 111.232 2.4 12.7403
    endloop
  endfacet
  facet normal 0.096598 0 0.995323
    outer loop
      vertex 111.232 1.6 12.7403
      vertex 110.384 2.4 12.8226
      vertex 110.384 1.6 12.8226
    endloop
  endfacet
  facet normal -0.0962606 0 0.995356
    outer loop
      vertex 109.533 2.4 12.7403
      vertex 110.384 1.6 12.8226
      vertex 110.384 2.4 12.8226
    endloop
  endfacet
  facet normal -0.0962606 0 0.995356
    outer loop
      vertex 110.384 1.6 12.8226
      vertex 109.533 2.4 12.7403
      vertex 109.533 1.6 12.7403
    endloop
  endfacet
  facet normal -0.325588 0 0.945512
    outer loop
      vertex 108.816 2.4 12.4934
      vertex 109.533 1.6 12.7403
      vertex 109.533 2.4 12.7403
    endloop
  endfacet
  facet normal -0.325588 0 0.945512
    outer loop
      vertex 109.533 1.6 12.7403
      vertex 108.816 2.4 12.4934
      vertex 108.816 1.6 12.4934
    endloop
  endfacet
  facet normal -0.575903 0 0.817518
    outer loop
      vertex 108.232 2.4 12.082
      vertex 108.816 1.6 12.4934
      vertex 108.816 2.4 12.4934
    endloop
  endfacet
  facet normal -0.575903 0 0.817518
    outer loop
      vertex 108.816 1.6 12.4934
      vertex 108.232 2.4 12.082
      vertex 108.232 1.6 12.082
    endloop
  endfacet
  facet normal -0.790138 0 0.612928
    outer loop
      vertex 107.8 1.6 11.5251
      vertex 108.232 2.4 12.082
      vertex 107.8 2.4 11.5251
    endloop
  endfacet
  facet normal -0.790138 0 0.612928
    outer loop
      vertex 108.232 2.4 12.082
      vertex 107.8 1.6 11.5251
      vertex 108.232 1.6 12.082
    endloop
  endfacet
  facet normal -0.935568 0 0.353148
    outer loop
      vertex 107.542 1.6 10.8416
      vertex 107.8 2.4 11.5251
      vertex 107.542 2.4 10.8416
    endloop
  endfacet
  facet normal -0.935568 0 0.353148
    outer loop
      vertex 107.8 2.4 11.5251
      vertex 107.542 1.6 10.8416
      vertex 107.8 1.6 11.5251
    endloop
  endfacet
  facet normal -0.994412 0 0.105567
    outer loop
      vertex 107.456 1.6 10.0315
      vertex 107.542 2.4 10.8416
      vertex 107.456 2.4 10.0315
    endloop
  endfacet
  facet normal -0.994412 0 0.105567
    outer loop
      vertex 107.542 2.4 10.8416
      vertex 107.456 1.6 10.0315
      vertex 107.542 1.6 10.8416
    endloop
  endfacet
  facet normal -0.994412 0 -0.105573
    outer loop
      vertex 107.542 1.6 9.22145
      vertex 107.456 2.4 10.0315
      vertex 107.542 2.4 9.22145
    endloop
  endfacet
  facet normal -0.994412 -0 -0.105573
    outer loop
      vertex 107.456 2.4 10.0315
      vertex 107.542 1.6 9.22145
      vertex 107.456 1.6 10.0315
    endloop
  endfacet
  facet normal -0.935571 0 -0.353139
    outer loop
      vertex 107.8 1.6 8.53793
      vertex 107.542 2.4 9.22145
      vertex 107.8 2.4 8.53793
    endloop
  endfacet
  facet normal -0.935571 -0 -0.353139
    outer loop
      vertex 107.542 2.4 9.22145
      vertex 107.8 1.6 8.53793
      vertex 107.542 1.6 9.22145
    endloop
  endfacet
  facet normal -0.790176 0 -0.61288
    outer loop
      vertex 108.232 1.6 7.98096
      vertex 107.8 2.4 8.53793
      vertex 108.232 2.4 7.98096
    endloop
  endfacet
  facet normal -0.790176 -0 -0.61288
    outer loop
      vertex 107.8 2.4 8.53793
      vertex 108.232 1.6 7.98096
      vertex 107.8 1.6 8.53793
    endloop
  endfacet
  facet normal -0.575865 0 -0.817545
    outer loop
      vertex 108.232 1.6 7.98096
      vertex 108.816 2.4 7.5696
      vertex 108.816 1.6 7.5696
    endloop
  endfacet
  facet normal -0.575865 0 -0.817545
    outer loop
      vertex 108.816 2.4 7.5696
      vertex 108.232 1.6 7.98096
      vertex 108.232 2.4 7.98096
    endloop
  endfacet
  facet normal -0.325506 0 -0.94554
    outer loop
      vertex 108.816 1.6 7.5696
      vertex 109.533 2.4 7.32277
      vertex 109.533 1.6 7.32277
    endloop
  endfacet
  facet normal -0.325506 0 -0.94554
    outer loop
      vertex 109.533 2.4 7.32277
      vertex 108.816 1.6 7.5696
      vertex 108.816 2.4 7.5696
    endloop
  endfacet
  facet normal -0.0962143 0 -0.995361
    outer loop
      vertex 109.533 1.6 7.32277
      vertex 110.384 2.4 7.24051
      vertex 110.384 1.6 7.24051
    endloop
  endfacet
  facet normal -0.0962143 0 -0.995361
    outer loop
      vertex 110.384 2.4 7.24051
      vertex 109.533 1.6 7.32277
      vertex 109.533 2.4 7.32277
    endloop
  endfacet
  facet normal 0.0965515 0 -0.995328
    outer loop
      vertex 110.384 1.6 7.24051
      vertex 111.232 2.4 7.32277
      vertex 111.232 1.6 7.32277
    endloop
  endfacet
  facet normal 0.0965515 0 -0.995328
    outer loop
      vertex 111.232 2.4 7.32277
      vertex 110.384 1.6 7.24051
      vertex 110.384 2.4 7.24051
    endloop
  endfacet
  facet normal 0.425387 0 0.905012
    outer loop
      vertex 109.75 2.4 8.63506
      vertex 110.038 1.6 8.49969
      vertex 110.038 2.4 8.49969
    endloop
  endfacet
  facet normal 0.425387 0 0.905012
    outer loop
      vertex 110.038 1.6 8.49969
      vertex 109.75 2.4 8.63506
      vertex 109.75 1.6 8.63506
    endloop
  endfacet
  facet normal 0.704916 0 0.709291
    outer loop
      vertex 109.523 2.4 8.86066
      vertex 109.75 1.6 8.63506
      vertex 109.75 2.4 8.63506
    endloop
  endfacet
  facet normal 0.704916 0 0.709291
    outer loop
      vertex 109.75 1.6 8.63506
      vertex 109.523 2.4 8.86066
      vertex 109.523 1.6 8.86066
    endloop
  endfacet
  facet normal 0.883123 -0 0.469141
    outer loop
      vertex 109.358 1.6 9.17126
      vertex 109.523 2.4 8.86066
      vertex 109.358 2.4 9.17126
    endloop
  endfacet
  facet normal 0.883123 0 0.469141
    outer loop
      vertex 109.523 2.4 8.86066
      vertex 109.358 1.6 9.17126
      vertex 109.523 1.6 8.86066
    endloop
  endfacet
  facet normal 0.969303 -0 0.245871
    outer loop
      vertex 109.259 1.6 9.56155
      vertex 109.358 2.4 9.17126
      vertex 109.259 2.4 9.56155
    endloop
  endfacet
  facet normal 0.969303 0 0.245871
    outer loop
      vertex 109.358 2.4 9.17126
      vertex 109.259 1.6 9.56155
      vertex 109.358 1.6 9.17126
    endloop
  endfacet
  facet normal 0.997544 -0 0.0700477
    outer loop
      vertex 109.226 1.6 10.0315
      vertex 109.259 2.4 9.56155
      vertex 109.226 2.4 10.0315
    endloop
  endfacet
  facet normal 0.997544 0 0.0700477
    outer loop
      vertex 109.259 2.4 9.56155
      vertex 109.226 1.6 10.0315
      vertex 109.259 1.6 9.56155
    endloop
  endfacet
  facet normal 0.997544 0 -0.0700403
    outer loop
      vertex 109.259 1.6 10.5015
      vertex 109.226 2.4 10.0315
      vertex 109.259 2.4 10.5015
    endloop
  endfacet
  facet normal 0.997544 0 -0.0700403
    outer loop
      vertex 109.226 2.4 10.0315
      vertex 109.259 1.6 10.5015
      vertex 109.226 1.6 10.0315
    endloop
  endfacet
  facet normal 0.969304 0 -0.245865
    outer loop
      vertex 109.358 1.6 10.8918
      vertex 109.259 2.4 10.5015
      vertex 109.358 2.4 10.8918
    endloop
  endfacet
  facet normal 0.969304 0 -0.245865
    outer loop
      vertex 109.259 2.4 10.5015
      vertex 109.358 1.6 10.8918
      vertex 109.259 1.6 10.5015
    endloop
  endfacet
  facet normal 0.88306 0 -0.469259
    outer loop
      vertex 109.523 1.6 11.2023
      vertex 109.358 2.4 10.8918
      vertex 109.523 2.4 11.2023
    endloop
  endfacet
  facet normal 0.88306 0 -0.469259
    outer loop
      vertex 109.358 2.4 10.8918
      vertex 109.523 1.6 11.2023
      vertex 109.358 1.6 10.8918
    endloop
  endfacet
  facet normal 0.705073 0 -0.709134
    outer loop
      vertex 109.523 1.6 11.2023
      vertex 109.75 2.4 11.428
      vertex 109.75 1.6 11.428
    endloop
  endfacet
  facet normal 0.705073 0 -0.709134
    outer loop
      vertex 109.75 2.4 11.428
      vertex 109.523 1.6 11.2023
      vertex 109.523 2.4 11.2023
    endloop
  endfacet
  facet normal 0.425464 0 -0.904975
    outer loop
      vertex 109.75 1.6 11.428
      vertex 110.038 2.4 11.5634
      vertex 110.038 1.6 11.5634
    endloop
  endfacet
  facet normal 0.425464 0 -0.904975
    outer loop
      vertex 110.038 2.4 11.5634
      vertex 109.75 1.6 11.428
      vertex 109.75 2.4 11.428
    endloop
  endfacet
  facet normal 0.129253 0 -0.991612
    outer loop
      vertex 110.038 1.6 11.5634
      vertex 110.384 2.4 11.6085
      vertex 110.384 1.6 11.6085
    endloop
  endfacet
  facet normal 0.129253 0 -0.991612
    outer loop
      vertex 110.384 2.4 11.6085
      vertex 110.038 1.6 11.5634
      vertex 110.038 2.4 11.5634
    endloop
  endfacet
  facet normal -0.130739 0 -0.991417
    outer loop
      vertex 110.384 1.6 11.6085
      vertex 110.726 2.4 11.5634
      vertex 110.726 1.6 11.5634
    endloop
  endfacet
  facet normal -0.130739 0 -0.991417
    outer loop
      vertex 110.726 2.4 11.5634
      vertex 110.384 1.6 11.6085
      vertex 110.384 2.4 11.6085
    endloop
  endfacet
  facet normal -0.431591 0 -0.902069
    outer loop
      vertex 110.726 1.6 11.5634
      vertex 111.009 2.4 11.428
      vertex 111.009 1.6 11.428
    endloop
  endfacet
  facet normal -0.431591 0 -0.902069
    outer loop
      vertex 111.009 2.4 11.428
      vertex 110.726 1.6 11.5634
      vertex 110.726 2.4 11.5634
    endloop
  endfacet
  facet normal -0.708204 0 -0.706008
    outer loop
      vertex 111.234 1.6 11.2023
      vertex 111.009 2.4 11.428
      vertex 111.234 2.4 11.2023
    endloop
  endfacet
  facet normal -0.708204 -0 -0.706008
    outer loop
      vertex 111.009 2.4 11.428
      vertex 111.234 1.6 11.2023
      vertex 111.009 1.6 11.428
    endloop
  endfacet
  facet normal -0.884238 0 -0.467037
    outer loop
      vertex 111.398 1.6 10.8918
      vertex 111.234 2.4 11.2023
      vertex 111.398 2.4 10.8918
    endloop
  endfacet
  facet normal -0.884238 -0 -0.467037
    outer loop
      vertex 111.234 2.4 11.2023
      vertex 111.398 1.6 10.8918
      vertex 111.234 1.6 11.2023
    endloop
  endfacet
  facet normal -0.969893 0 -0.243529
    outer loop
      vertex 111.496 1.6 10.5015
      vertex 111.398 2.4 10.8918
      vertex 111.496 2.4 10.5015
    endloop
  endfacet
  facet normal -0.969893 -0 -0.243529
    outer loop
      vertex 111.398 2.4 10.8918
      vertex 111.496 1.6 10.5015
      vertex 111.398 1.6 10.8918
    endloop
  endfacet
  facet normal -0.99769 0 -0.0679278
    outer loop
      vertex 111.528 1.6 10.0315
      vertex 111.496 2.4 10.5015
      vertex 111.528 2.4 10.0315
    endloop
  endfacet
  facet normal -0.99769 -0 -0.0679278
    outer loop
      vertex 111.496 2.4 10.5015
      vertex 111.528 1.6 10.0315
      vertex 111.496 1.6 10.5015
    endloop
  endfacet
  facet normal -0.99769 0 0.067935
    outer loop
      vertex 111.496 1.6 9.56155
      vertex 111.528 2.4 10.0315
      vertex 111.496 2.4 9.56155
    endloop
  endfacet
  facet normal -0.99769 0 0.067935
    outer loop
      vertex 111.528 2.4 10.0315
      vertex 111.496 1.6 9.56155
      vertex 111.528 1.6 10.0315
    endloop
  endfacet
  facet normal -0.969892 0 0.243535
    outer loop
      vertex 111.398 1.6 9.17126
      vertex 111.496 2.4 9.56155
      vertex 111.398 2.4 9.17126
    endloop
  endfacet
  facet normal -0.969892 0 0.243535
    outer loop
      vertex 111.496 2.4 9.56155
      vertex 111.398 1.6 9.17126
      vertex 111.496 1.6 9.56155
    endloop
  endfacet
  facet normal -0.8843 0 0.466919
    outer loop
      vertex 111.234 1.6 8.86066
      vertex 111.398 2.4 9.17126
      vertex 111.234 2.4 8.86066
    endloop
  endfacet
  facet normal -0.8843 0 0.466919
    outer loop
      vertex 111.398 2.4 9.17126
      vertex 111.234 1.6 8.86066
      vertex 111.398 1.6 9.17126
    endloop
  endfacet
  facet normal -0.708048 0 0.706165
    outer loop
      vertex 111.009 1.6 8.63506
      vertex 111.234 2.4 8.86066
      vertex 111.009 2.4 8.63506
    endloop
  endfacet
  facet normal -0.708048 0 0.706165
    outer loop
      vertex 111.234 2.4 8.86066
      vertex 111.009 1.6 8.63506
      vertex 111.234 1.6 8.86066
    endloop
  endfacet
  facet normal -0.431513 0 0.902107
    outer loop
      vertex 110.726 2.4 8.49969
      vertex 111.009 1.6 8.63506
      vertex 111.009 2.4 8.63506
    endloop
  endfacet
  facet normal -0.431513 0 0.902107
    outer loop
      vertex 111.009 1.6 8.63506
      vertex 110.726 2.4 8.49969
      vertex 110.726 1.6 8.49969
    endloop
  endfacet
  facet normal -0.130739 0 0.991417
    outer loop
      vertex 110.384 2.4 8.45459
      vertex 110.726 1.6 8.49969
      vertex 110.726 2.4 8.49969
    endloop
  endfacet
  facet normal -0.130739 0 0.991417
    outer loop
      vertex 110.726 1.6 8.49969
      vertex 110.384 2.4 8.45459
      vertex 110.384 1.6 8.45459
    endloop
  endfacet
  facet normal 0.129253 0 0.991612
    outer loop
      vertex 110.038 2.4 8.49969
      vertex 110.384 1.6 8.45459
      vertex 110.384 2.4 8.45459
    endloop
  endfacet
  facet normal 0.129253 0 0.991612
    outer loop
      vertex 110.384 1.6 8.45459
      vertex 110.038 2.4 8.49969
      vertex 110.038 1.6 8.49969
    endloop
  endfacet
  facet normal 0.226343 0 -0.974048
    outer loop
      vertex 171.888 1.6 7.26498
      vertex 172.204 2.4 7.33841
      vertex 172.204 1.6 7.33841
    endloop
  endfacet
  facet normal 0.226343 0 -0.974048
    outer loop
      vertex 172.204 2.4 7.33841
      vertex 171.888 1.6 7.26498
      vertex 171.888 2.4 7.26498
    endloop
  endfacet
  facet normal 0.382105 0 -0.924119
    outer loop
      vertex 172.204 1.6 7.33841
      vertex 172.5 2.4 7.4608
      vertex 172.5 1.6 7.4608
    endloop
  endfacet
  facet normal 0.382105 0 -0.924119
    outer loop
      vertex 172.5 2.4 7.4608
      vertex 172.204 1.6 7.33841
      vertex 172.204 2.4 7.33841
    endloop
  endfacet
  facet normal 0.526481 0 -0.850187
    outer loop
      vertex 172.5 1.6 7.4608
      vertex 172.781 2.4 7.63481
      vertex 172.781 1.6 7.63481
    endloop
  endfacet
  facet normal 0.526481 0 -0.850187
    outer loop
      vertex 172.781 2.4 7.63481
      vertex 172.5 1.6 7.4608
      vertex 172.5 2.4 7.4608
    endloop
  endfacet
  facet normal 0.642746 0 -0.766079
    outer loop
      vertex 172.781 1.6 7.63481
      vertex 173.053 2.4 7.86302
      vertex 173.053 1.6 7.86302
    endloop
  endfacet
  facet normal 0.642746 0 -0.766079
    outer loop
      vertex 173.053 2.4 7.86302
      vertex 172.781 1.6 7.63481
      vertex 172.781 2.4 7.63481
    endloop
  endfacet
  facet normal 0.734432 0 -0.678682
    outer loop
      vertex 173.314 1.6 8.14546
      vertex 173.053 2.4 7.86302
      vertex 173.314 2.4 8.14546
    endloop
  endfacet
  facet normal 0.734432 0 -0.678682
    outer loop
      vertex 173.053 2.4 7.86302
      vertex 173.314 1.6 8.14546
      vertex 173.053 1.6 7.86302
    endloop
  endfacet
  facet normal -1 0 0
    outer loop
      vertex 173.314 1.6 7.37938
      vertex 173.314 2.4 8.14546
      vertex 173.314 2.4 7.37938
    endloop
  endfacet
  facet normal -1 -0 0
    outer loop
      vertex 173.314 2.4 8.14546
      vertex 173.314 1.6 7.37938
      vertex 173.314 1.6 8.14546
    endloop
  endfacet
  facet normal 0 0 -1
    outer loop
      vertex 173.314 1.6 7.37938
      vertex 175.013 2.4 7.37938
      vertex 175.013 1.6 7.37938
    endloop
  endfacet
  facet normal -0 0 -1
    outer loop
      vertex 175.013 2.4 7.37938
      vertex 173.314 1.6 7.37938
      vertex 173.314 2.4 7.37938
    endloop
  endfacet
  facet normal 1 -0 0
    outer loop
      vertex 175.013 1.6 12.6971
      vertex 175.013 2.4 7.37938
      vertex 175.013 2.4 12.6971
    endloop
  endfacet
  facet normal 1 0 0
    outer loop
      vertex 175.013 2.4 7.37938
      vertex 175.013 1.6 12.6971
      vertex 175.013 1.6 7.37938
    endloop
  endfacet
  facet normal -0 0 1
    outer loop
      vertex 173.314 2.4 12.6971
      vertex 175.013 1.6 12.6971
      vertex 175.013 2.4 12.6971
    endloop
  endfacet
  facet normal 0 0 1
    outer loop
      vertex 175.013 1.6 12.6971
      vertex 173.314 2.4 12.6971
      vertex 173.314 1.6 12.6971
    endloop
  endfacet
  facet normal -1 0 0
    outer loop
      vertex 173.314 1.6 10.0702
      vertex 173.314 2.4 12.6971
      vertex 173.314 2.4 10.0702
    endloop
  endfacet
  facet normal -1 -0 0
    outer loop
      vertex 173.314 2.4 12.6971
      vertex 173.314 1.6 10.0702
      vertex 173.314 1.6 12.6971
    endloop
  endfacet
  facet normal -0.997148 0 0.0754742
    outer loop
      vertex 173.28 1.6 9.621
      vertex 173.314 2.4 10.0702
      vertex 173.28 2.4 9.621
    endloop
  endfacet
  facet normal -0.997148 0 0.0754742
    outer loop
      vertex 173.314 2.4 10.0702
      vertex 173.28 1.6 9.621
      vertex 173.314 1.6 10.0702
    endloop
  endfacet
  facet normal -0.966186 0 0.257847
    outer loop
      vertex 173.179 1.6 9.24254
      vertex 173.28 2.4 9.621
      vertex 173.179 2.4 9.24254
    endloop
  endfacet
  facet normal -0.966186 0 0.257847
    outer loop
      vertex 173.28 2.4 9.621
      vertex 173.179 1.6 9.24254
      vertex 173.28 1.6 9.621
    endloop
  endfacet
  facet normal -0.876538 0 0.481333
    outer loop
      vertex 173.01 1.6 8.93478
      vertex 173.179 2.4 9.24254
      vertex 173.01 2.4 8.93478
    endloop
  endfacet
  facet normal -0.876538 0 0.481333
    outer loop
      vertex 173.179 2.4 9.24254
      vertex 173.01 1.6 8.93478
      vertex 173.179 1.6 9.24254
    endloop
  endfacet
  facet normal -0.705489 0 0.708721
    outer loop
      vertex 172.782 2.4 8.70782
      vertex 173.01 1.6 8.93478
      vertex 173.01 2.4 8.93478
    endloop
  endfacet
  facet normal -0.705489 0 0.708721
    outer loop
      vertex 173.01 1.6 8.93478
      vertex 172.782 2.4 8.70782
      vertex 172.782 1.6 8.70782
    endloop
  endfacet
  facet normal -0.439859 0 0.898067
    outer loop
      vertex 172.504 2.4 8.57166
      vertex 172.782 1.6 8.70782
      vertex 172.782 2.4 8.70782
    endloop
  endfacet
  facet normal -0.439859 0 0.898067
    outer loop
      vertex 172.782 1.6 8.70782
      vertex 172.504 2.4 8.57166
      vertex 172.504 1.6 8.57166
    endloop
  endfacet
  facet normal -0.136699 0 0.990613
    outer loop
      vertex 172.175 2.4 8.52626
      vertex 172.504 1.6 8.57166
      vertex 172.504 2.4 8.57166
    endloop
  endfacet
  facet normal -0.136699 0 0.990613
    outer loop
      vertex 172.504 1.6 8.57166
      vertex 172.175 2.4 8.52626
      vertex 172.175 1.6 8.52626
    endloop
  endfacet
  facet normal 0.0714597 0 0.997443
    outer loop
      vertex 172.035 2.4 8.53629
      vertex 172.175 1.6 8.52626
      vertex 172.175 2.4 8.52626
    endloop
  endfacet
  facet normal 0.0714597 0 0.997443
    outer loop
      vertex 172.175 1.6 8.52626
      vertex 172.035 2.4 8.53629
      vertex 172.035 1.6 8.53629
    endloop
  endfacet
  facet normal 0.227015 0 0.973891
    outer loop
      vertex 171.906 2.4 8.56636
      vertex 172.035 1.6 8.53629
      vertex 172.035 2.4 8.53629
    endloop
  endfacet
  facet normal 0.227015 0 0.973891
    outer loop
      vertex 172.035 1.6 8.53629
      vertex 171.906 2.4 8.56636
      vertex 171.906 1.6 8.56636
    endloop
  endfacet
  facet normal 0.391009 0 0.920387
    outer loop
      vertex 171.788 2.4 8.61649
      vertex 171.906 1.6 8.56636
      vertex 171.906 2.4 8.56636
    endloop
  endfacet
  facet normal 0.391009 0 0.920387
    outer loop
      vertex 171.906 1.6 8.56636
      vertex 171.788 2.4 8.61649
      vertex 171.788 1.6 8.61649
    endloop
  endfacet
  facet normal 0.547172 0 0.83702
    outer loop
      vertex 171.683 2.4 8.68513
      vertex 171.788 1.6 8.61649
      vertex 171.788 2.4 8.61649
    endloop
  endfacet
  facet normal 0.547172 0 0.83702
    outer loop
      vertex 171.788 1.6 8.61649
      vertex 171.683 2.4 8.68513
      vertex 171.683 1.6 8.68513
    endloop
  endfacet
  facet normal 0.684825 0 0.728708
    outer loop
      vertex 171.592 2.4 8.77065
      vertex 171.683 1.6 8.68513
      vertex 171.683 2.4 8.68513
    endloop
  endfacet
  facet normal 0.684825 0 0.728708
    outer loop
      vertex 171.683 1.6 8.68513
      vertex 171.592 2.4 8.77065
      vertex 171.592 1.6 8.77065
    endloop
  endfacet
  facet normal 0.79925 -0 0.600999
    outer loop
      vertex 171.515 1.6 8.87305
      vertex 171.592 2.4 8.77065
      vertex 171.515 2.4 8.87305
    endloop
  endfacet
  facet normal 0.79925 0 0.600999
    outer loop
      vertex 171.592 2.4 8.77065
      vertex 171.515 1.6 8.87305
      vertex 171.592 1.6 8.77065
    endloop
  endfacet
  facet normal 0.902438 -0 0.430821
    outer loop
      vertex 171.466 1.6 8.97569
      vertex 171.515 2.4 8.87305
      vertex 171.466 2.4 8.97569
    endloop
  endfacet
  facet normal 0.902438 0 0.430821
    outer loop
      vertex 171.515 2.4 8.87305
      vertex 171.466 1.6 8.97569
      vertex 171.515 1.6 8.87305
    endloop
  endfacet
  facet normal 0.963604 -0 0.267335
    outer loop
      vertex 171.428 1.6 9.11266
      vertex 171.466 2.4 8.97569
      vertex 171.428 2.4 9.11266
    endloop
  endfacet
  facet normal 0.963604 0 0.267335
    outer loop
      vertex 171.466 2.4 8.97569
      vertex 171.428 1.6 9.11266
      vertex 171.466 1.6 8.97569
    endloop
  endfacet
  facet normal 0.987802 -0 0.155714
    outer loop
      vertex 171.401 1.6 9.28394
      vertex 171.428 2.4 9.11266
      vertex 171.401 2.4 9.28394
    endloop
  endfacet
  facet normal 0.987802 0 0.155714
    outer loop
      vertex 171.428 2.4 9.11266
      vertex 171.401 1.6 9.28394
      vertex 171.428 1.6 9.11266
    endloop
  endfacet
  facet normal 0.996554 -0 0.0829443
    outer loop
      vertex 171.382 1.6 9.51222
      vertex 171.401 2.4 9.28394
      vertex 171.382 2.4 9.51222
    endloop
  endfacet
  facet normal 0.996554 0 0.0829443
    outer loop
      vertex 171.401 2.4 9.28394
      vertex 171.382 1.6 9.51222
      vertex 171.401 1.6 9.28394
    endloop
  endfacet
  facet normal 0.999363 -0 0.0356927
    outer loop
      vertex 171.371 1.6 9.82021
      vertex 171.382 2.4 9.51222
      vertex 171.371 2.4 9.82021
    endloop
  endfacet
  facet normal 0.999363 0 0.0356927
    outer loop
      vertex 171.382 2.4 9.51222
      vertex 171.371 1.6 9.82021
      vertex 171.382 1.6 9.51222
    endloop
  endfacet
  facet normal 0.99997 -0 0.00773791
    outer loop
      vertex 171.368 1.6 10.2079
      vertex 171.371 2.4 9.82021
      vertex 171.368 2.4 10.2079
    endloop
  endfacet
  facet normal 0.99997 0 0.00773791
    outer loop
      vertex 171.371 2.4 9.82021
      vertex 171.368 1.6 10.2079
      vertex 171.371 1.6 9.82021
    endloop
  endfacet
  facet normal 1 -0 0
    outer loop
      vertex 171.368 1.6 10.4018
      vertex 171.368 2.4 10.2079
      vertex 171.368 2.4 10.4018
    endloop
  endfacet
  facet normal 1 0 0
    outer loop
      vertex 171.368 2.4 10.2079
      vertex 171.368 1.6 10.4018
      vertex 171.368 1.6 10.2079
    endloop
  endfacet
  facet normal 0.999976 0 -0.00688215
    outer loop
      vertex 171.37 1.6 10.6924
      vertex 171.368 2.4 10.4018
      vertex 171.37 2.4 10.6924
    endloop
  endfacet
  facet normal 0.999976 0 -0.00688215
    outer loop
      vertex 171.368 2.4 10.4018
      vertex 171.37 1.6 10.6924
      vertex 171.368 1.6 10.4018
    endloop
  endfacet
  facet normal 0.999987 0 -0.00516522
    outer loop
      vertex 171.372 1.6 11.0796
      vertex 171.37 2.4 10.6924
      vertex 171.372 2.4 11.0796
    endloop
  endfacet
  facet normal 0.999987 0 -0.00516522
    outer loop
      vertex 171.37 2.4 10.6924
      vertex 171.372 1.6 11.0796
      vertex 171.37 1.6 10.6924
    endloop
  endfacet
  facet normal 0.999973 0 -0.00730085
    outer loop
      vertex 171.375 1.6 11.4905
      vertex 171.372 2.4 11.0796
      vertex 171.375 2.4 11.4905
    endloop
  endfacet
  facet normal 0.999973 0 -0.00730085
    outer loop
      vertex 171.372 2.4 11.0796
      vertex 171.375 1.6 11.4905
      vertex 171.372 1.6 11.0796
    endloop
  endfacet
  facet normal 0.999985 0 -0.00552783
    outer loop
      vertex 171.377 1.6 11.8523
      vertex 171.375 2.4 11.4905
      vertex 171.377 2.4 11.8523
    endloop
  endfacet
  facet normal 0.999985 0 -0.00552783
    outer loop
      vertex 171.375 2.4 11.4905
      vertex 171.377 1.6 11.8523
      vertex 171.375 1.6 11.4905
    endloop
  endfacet
  facet normal 1 -0 0
    outer loop
      vertex 171.377 1.6 12.1651
      vertex 171.377 2.4 11.8523
      vertex 171.377 2.4 12.1651
    endloop
  endfacet
  facet normal 1 0 0
    outer loop
      vertex 171.377 2.4 11.8523
      vertex 171.377 1.6 12.1651
      vertex 171.377 1.6 11.8523
    endloop
  endfacet
  facet normal 1 -0 0
    outer loop
      vertex 171.377 1.6 12.6971
      vertex 171.377 2.4 12.1651
      vertex 171.377 2.4 12.6971
    endloop
  endfacet
  facet normal 1 0 0
    outer loop
      vertex 171.377 2.4 12.1651
      vertex 171.377 1.6 12.6971
      vertex 171.377 1.6 12.1651
    endloop
  endfacet
  facet normal -0 0 1
    outer loop
      vertex 169.668 2.4 12.6971
      vertex 171.377 1.6 12.6971
      vertex 171.377 2.4 12.6971
    endloop
  endfacet
  facet normal 0 0 1
    outer loop
      vertex 171.377 1.6 12.6971
      vertex 169.668 2.4 12.6971
      vertex 169.668 1.6 12.6971
    endloop
  endfacet
  facet normal -1 0 0
    outer loop
      vertex 169.668 1.6 9.44781
      vertex 169.668 2.4 12.6971
      vertex 169.668 2.4 9.44781
    endloop
  endfacet
  facet normal -1 -0 0
    outer loop
      vertex 169.668 2.4 12.6971
      vertex 169.668 1.6 9.44781
      vertex 169.668 1.6 12.6971
    endloop
  endfacet
  facet normal -0.996684 0 -0.0813718
    outer loop
      vertex 169.722 1.6 8.78639
      vertex 169.668 2.4 9.44781
      vertex 169.722 2.4 8.78639
    endloop
  endfacet
  facet normal -0.996684 -0 -0.0813718
    outer loop
      vertex 169.668 2.4 9.44781
      vertex 169.722 1.6 8.78639
      vertex 169.668 1.6 9.44781
    endloop
  endfacet
  facet normal -0.959853 0 -0.280505
    outer loop
      vertex 169.882 1.6 8.23889
      vertex 169.722 2.4 8.78639
      vertex 169.882 2.4 8.23889
    endloop
  endfacet
  facet normal -0.959853 -0 -0.280505
    outer loop
      vertex 169.722 2.4 8.78639
      vertex 169.882 1.6 8.23889
      vertex 169.722 1.6 8.78639
    endloop
  endfacet
  facet normal -0.850611 0 -0.525795
    outer loop
      vertex 170.15 1.6 7.80533
      vertex 169.882 2.4 8.23889
      vertex 170.15 2.4 7.80533
    endloop
  endfacet
  facet normal -0.850611 -0 -0.525795
    outer loop
      vertex 169.882 2.4 8.23889
      vertex 170.15 1.6 7.80533
      vertex 169.882 1.6 8.23889
    endloop
  endfacet
  facet normal -0.64681 0 -0.762651
    outer loop
      vertex 170.15 1.6 7.80533
      vertex 170.52 2.4 7.49153
      vertex 170.52 1.6 7.49153
    endloop
  endfacet
  facet normal -0.64681 0 -0.762651
    outer loop
      vertex 170.52 2.4 7.49153
      vertex 170.15 1.6 7.80533
      vertex 170.15 2.4 7.80533
    endloop
  endfacet
  facet normal -0.373201 0 -0.92775
    outer loop
      vertex 170.52 1.6 7.49153
      vertex 170.988 2.4 7.30327
      vertex 170.988 1.6 7.30327
    endloop
  endfacet
  facet normal -0.373201 0 -0.92775
    outer loop
      vertex 170.988 2.4 7.30327
      vertex 170.52 1.6 7.49153
      vertex 170.52 2.4 7.49153
    endloop
  endfacet
  facet normal -0.110401 0 -0.993887
    outer loop
      vertex 170.988 1.6 7.30327
      vertex 171.553 2.4 7.24051
      vertex 171.553 1.6 7.24051
    endloop
  endfacet
  facet normal -0.110401 0 -0.993887
    outer loop
      vertex 171.553 2.4 7.24051
      vertex 170.988 1.6 7.30327
      vertex 170.988 2.4 7.30327
    endloop
  endfacet
  facet normal 0.0728507 0 -0.997343
    outer loop
      vertex 171.553 1.6 7.24051
      vertex 171.888 2.4 7.26498
      vertex 171.888 1.6 7.26498
    endloop
  endfacet
  facet normal 0.0728507 0 -0.997343
    outer loop
      vertex 171.888 2.4 7.26498
      vertex 171.553 1.6 7.24051
      vertex 171.553 2.4 7.24051
    endloop
  endfacet
  facet normal -0 0 1
    outer loop
      vertex 126.586 2.4 10.8693
      vertex 129.567 1.6 10.8693
      vertex 129.567 2.4 10.8693
    endloop
  endfacet
  facet normal 0 0 1
    outer loop
      vertex 129.567 1.6 10.8693
      vertex 126.586 2.4 10.8693
      vertex 126.586 1.6 10.8693
    endloop
  endfacet
  facet normal -1 0 0
    outer loop
      vertex 126.586 1.6 9.48946
      vertex 126.586 2.4 10.8693
      vertex 126.586 2.4 9.48946
    endloop
  endfacet
  facet normal -1 -0 0
    outer loop
      vertex 126.586 2.4 10.8693
      vertex 126.586 1.6 9.48946
      vertex 126.586 1.6 10.8693
    endloop
  endfacet
  facet normal 0 0 -1
    outer loop
      vertex 126.586 1.6 9.48946
      vertex 129.567 2.4 9.48946
      vertex 129.567 1.6 9.48946
    endloop
  endfacet
  facet normal -0 0 -1
    outer loop
      vertex 129.567 2.4 9.48946
      vertex 126.586 1.6 9.48946
      vertex 126.586 2.4 9.48946
    endloop
  endfacet
  facet normal 1 -0 0
    outer loop
      vertex 129.567 1.6 10.8693
      vertex 129.567 2.4 9.48946
      vertex 129.567 2.4 10.8693
    endloop
  endfacet
  facet normal 1 0 0
    outer loop
      vertex 129.567 2.4 9.48946
      vertex 129.567 1.6 10.8693
      vertex 129.567 1.6 9.48946
    endloop
  endfacet
  facet normal -0 0 1
    outer loop
      vertex 159.855 2.4 9.21619
      vertex 161.564 1.6 9.21619
      vertex 161.564 2.4 9.21619
    endloop
  endfacet
  facet normal 0 0 1
    outer loop
      vertex 161.564 1.6 9.21619
      vertex 159.855 2.4 9.21619
      vertex 159.855 1.6 9.21619
    endloop
  endfacet
  facet normal -1 0 0
    outer loop
      vertex 159.855 1.6 7.37938
      vertex 159.855 2.4 9.21619
      vertex 159.855 2.4 7.37938
    endloop
  endfacet
  facet normal -1 -0 0
    outer loop
      vertex 159.855 2.4 9.21619
      vertex 159.855 1.6 7.37938
      vertex 159.855 1.6 9.21619
    endloop
  endfacet
  facet normal 0 0 -1
    outer loop
      vertex 159.855 1.6 7.37938
      vertex 161.564 2.4 7.37938
      vertex 161.564 1.6 7.37938
    endloop
  endfacet
  facet normal -0 0 -1
    outer loop
      vertex 161.564 2.4 7.37938
      vertex 159.855 1.6 7.37938
      vertex 159.855 2.4 7.37938
    endloop
  endfacet
  facet normal 1 -0 0
    outer loop
      vertex 161.564 1.6 9.21619
      vertex 161.564 2.4 7.37938
      vertex 161.564 2.4 9.21619
    endloop
  endfacet
  facet normal 1 0 0
    outer loop
      vertex 161.564 2.4 7.37938
      vertex 161.564 1.6 9.21619
      vertex 161.564 1.6 7.37938
    endloop
  endfacet
  facet normal 0 1 0
    outer loop
      vertex 161.533 68.7 14.7669
      vertex 159.833 68.7 10.7457
      vertex 159.833 68.7 14.7669
    endloop
  endfacet
  facet normal 0 1 0
    outer loop
      vertex 159.833 68.7 10.7457
      vertex 159.833 68.7 9.59671
      vertex 158.499 68.7 10.2567
    endloop
  endfacet
  facet normal 0 1 -0
    outer loop
      vertex 161.533 68.7 7.37938
      vertex 159.833 68.7 10.7457
      vertex 161.533 68.7 14.7669
    endloop
  endfacet
  facet normal 0 1 0
    outer loop
      vertex 159.833 68.7 10.7457
      vertex 161.533 68.7 7.37938
      vertex 159.833 68.7 9.59671
    endloop
  endfacet
  facet normal 0 1 0
    outer loop
      vertex 159.833 68.7 9.59671
      vertex 161.533 68.7 7.37938
      vertex 159.833 68.7 7.37938
    endloop
  endfacet
  facet normal 0 1 -0
    outer loop
      vertex 158.499 68.7 10.2567
      vertex 157.877 68.7 12.6971
      vertex 159.833 68.7 10.7457
    endloop
  endfacet
  facet normal 0 1 0
    outer loop
      vertex 157.877 68.7 12.6971
      vertex 158.499 68.7 10.2567
      vertex 155.903 68.7 12.6971
    endloop
  endfacet
  facet normal 0 1 0
    outer loop
      vertex 157.759 68.7 7.37938
      vertex 158.499 68.7 10.2567
      vertex 159.833 68.7 9.59671
    endloop
  endfacet
  facet normal 0 1 0
    outer loop
      vertex 158.499 68.7 10.2567
      vertex 157.759 68.7 7.37938
      vertex 155.699 68.7 7.37938
    endloop
  endfacet
  facet normal 0 1 0
    outer loop
      vertex 127.578 68.7 11.4134
      vertex 127.6 68.7 12.8226
      vertex 128.216 68.7 12.7358
    endloop
  endfacet
  facet normal 0 1 0
    outer loop
      vertex 127.6 68.7 12.8226
      vertex 127.302 68.7 11.5463
      vertex 127.247 68.7 12.7981
    endloop
  endfacet
  facet normal 0 1 0
    outer loop
      vertex 127.247 68.7 12.7981
      vertex 127.302 68.7 11.5463
      vertex 126.922 68.7 12.7246
    endloop
  endfacet
  facet normal 0 1 0
    outer loop
      vertex 127.578 68.7 11.4134
      vertex 128.216 68.7 12.7358
      vertex 128.754 68.7 12.4755
    endloop
  endfacet
  facet normal -0 1 -0
    outer loop
      vertex 126.969 68.7 11.5906
      vertex 126.922 68.7 12.7246
      vertex 127.302 68.7 11.5463
    endloop
  endfacet
  facet normal 0 1 0
    outer loop
      vertex 126.922 68.7 12.7246
      vertex 126.969 68.7 11.5906
      vertex 126.625 68.7 12.6022
    endloop
  endfacet
  facet normal 0 1 0
    outer loop
      vertex 127.797 68.7 11.1918
      vertex 128.754 68.7 12.4755
      vertex 129.214 68.7 12.0417
    endloop
  endfacet
  facet normal 0 1 0
    outer loop
      vertex 126.625 68.7 12.6022
      vertex 126.969 68.7 11.5906
      vertex 126.35 68.7 12.4282
    endloop
  endfacet
  facet normal 0 1 0
    outer loop
      vertex 126.35 68.7 12.4282
      vertex 126.634 68.7 11.5463
      vertex 126.091 68.7 12.2
    endloop
  endfacet
  facet normal 0 1 -0
    outer loop
      vertex 126.634 68.7 11.5463
      vertex 126.35 68.7 12.4282
      vertex 126.969 68.7 11.5906
    endloop
  endfacet
  facet normal 0 1 0
    outer loop
      vertex 127.957 68.7 10.886
      vertex 129.214 68.7 12.0417
      vertex 129.565 68.7 11.4713
    endloop
  endfacet
  facet normal 0 1 0
    outer loop
      vertex 127.6 68.7 12.8226
      vertex 127.578 68.7 11.4134
      vertex 127.302 68.7 11.5463
    endloop
  endfacet
  facet normal 0 1 0
    outer loop
      vertex 128.754 68.7 12.4755
      vertex 127.797 68.7 11.1918
      vertex 127.578 68.7 11.4134
    endloop
  endfacet
  facet normal 0 1 0
    outer loop
      vertex 129.214 68.7 12.0417
      vertex 127.957 68.7 10.886
      vertex 127.797 68.7 11.1918
    endloop
  endfacet
  facet normal 0 1 0
    outer loop
      vertex 128.053 68.7 10.5
      vertex 129.565 68.7 11.4713
      vertex 129.775 68.7 10.8013
    endloop
  endfacet
  facet normal 0 1 0
    outer loop
      vertex 129.565 68.7 11.4713
      vertex 128.053 68.7 10.5
      vertex 127.957 68.7 10.886
    endloop
  endfacet
  facet normal 0 1 0
    outer loop
      vertex 129.846 68.7 10.0315
      vertex 128.053 68.7 10.5
      vertex 129.775 68.7 10.8013
    endloop
  endfacet
  facet normal 0 1 0
    outer loop
      vertex 128.053 68.7 10.5
      vertex 129.846 68.7 10.0315
      vertex 128.085 68.7 10.0338
    endloop
  endfacet
  facet normal 0 1 0
    outer loop
      vertex 129.846 68.7 10.0315
      vertex 128.053 68.7 9.56758
      vertex 128.085 68.7 10.0338
    endloop
  endfacet
  facet normal 0 1 -0
    outer loop
      vertex 129.775 68.7 9.26178
      vertex 128.053 68.7 9.56758
      vertex 129.846 68.7 10.0315
    endloop
  endfacet
  facet normal 0 1 -0
    outer loop
      vertex 129.565 68.7 8.59169
      vertex 128.053 68.7 9.56758
      vertex 129.775 68.7 9.26178
    endloop
  endfacet
  facet normal 0 1 0
    outer loop
      vertex 128.053 68.7 9.56758
      vertex 129.565 68.7 8.59169
      vertex 127.957 68.7 9.18152
    endloop
  endfacet
  facet normal 0 1 -0
    outer loop
      vertex 129.214 68.7 8.02129
      vertex 127.957 68.7 9.18152
      vertex 129.565 68.7 8.59169
    endloop
  endfacet
  facet normal 0 1 0
    outer loop
      vertex 127.957 68.7 9.18152
      vertex 129.214 68.7 8.02129
      vertex 127.797 68.7 8.87563
    endloop
  endfacet
  facet normal 0 1 -0
    outer loop
      vertex 128.754 68.7 7.58751
      vertex 127.797 68.7 8.87563
      vertex 129.214 68.7 8.02129
    endloop
  endfacet
  facet normal 0 1 0
    outer loop
      vertex 127.797 68.7 8.87563
      vertex 128.754 68.7 7.58751
      vertex 127.578 68.7 8.65416
    endloop
  endfacet
  facet normal 0 1 -0
    outer loop
      vertex 128.216 68.7 7.32726
      vertex 127.578 68.7 8.65416
      vertex 128.754 68.7 7.58751
    endloop
  endfacet
  facet normal 0 1 -0
    outer loop
      vertex 127.6 68.7 7.24051
      vertex 127.578 68.7 8.65416
      vertex 128.216 68.7 7.32726
    endloop
  endfacet
  facet normal 0 1 0
    outer loop
      vertex 126.969 68.7 8.47699
      vertex 126.091 68.7 7.86064
      vertex 125.849 68.7 8.14546
    endloop
  endfacet
  facet normal 0 1 0
    outer loop
      vertex 127.302 68.7 8.52127
      vertex 127.245 68.7 7.26471
      vertex 126.969 68.7 8.47699
    endloop
  endfacet
  facet normal 0 1 0
    outer loop
      vertex 127.578 68.7 8.65416
      vertex 127.6 68.7 7.24051
      vertex 127.302 68.7 8.52127
    endloop
  endfacet
  facet normal -0 1 0
    outer loop
      vertex 126.919 68.7 7.33736
      vertex 126.969 68.7 8.47699
      vertex 127.245 68.7 7.26471
    endloop
  endfacet
  facet normal 0 1 0
    outer loop
      vertex 126.969 68.7 8.47699
      vertex 126.623 68.7 7.45842
      vertex 126.349 68.7 7.63164
    endloop
  endfacet
  facet normal -0 1 0
    outer loop
      vertex 127.245 68.7 7.26471
      vertex 127.302 68.7 8.52127
      vertex 127.6 68.7 7.24051
    endloop
  endfacet
  facet normal 0 1 0
    outer loop
      vertex 126.969 68.7 8.47699
      vertex 126.919 68.7 7.33736
      vertex 126.623 68.7 7.45842
    endloop
  endfacet
  facet normal 0 1 0
    outer loop
      vertex 126.969 68.7 8.47699
      vertex 126.349 68.7 7.63164
      vertex 126.091 68.7 7.86064
    endloop
  endfacet
  facet normal 0 1 -0
    outer loop
      vertex 125.849 68.7 11.9176
      vertex 124.14 68.7 14.7669
      vertex 125.849 68.7 14.7669
    endloop
  endfacet
  facet normal 0 1 -0
    outer loop
      vertex 126.356 68.7 11.4134
      vertex 126.091 68.7 12.2
      vertex 126.634 68.7 11.5463
    endloop
  endfacet
  facet normal 0 1 0
    outer loop
      vertex 126.091 68.7 12.2
      vertex 126.356 68.7 11.4134
      vertex 125.849 68.7 11.9176
    endloop
  endfacet
  facet normal 0 1 -0
    outer loop
      vertex 126.136 68.7 11.1918
      vertex 125.849 68.7 11.9176
      vertex 126.356 68.7 11.4134
    endloop
  endfacet
  facet normal 0 1 -0
    outer loop
      vertex 125.976 68.7 10.886
      vertex 125.849 68.7 11.9176
      vertex 126.136 68.7 11.1918
    endloop
  endfacet
  facet normal 0 1 -0
    outer loop
      vertex 125.881 68.7 10.5
      vertex 125.849 68.7 11.9176
      vertex 125.976 68.7 10.886
    endloop
  endfacet
  facet normal 0 1 0
    outer loop
      vertex 125.849 68.7 11.9176
      vertex 125.881 68.7 10.5
      vertex 124.14 68.7 14.7669
    endloop
  endfacet
  facet normal 0 1 0
    outer loop
      vertex 124.14 68.7 7.37938
      vertex 125.881 68.7 10.5
      vertex 125.849 68.7 10.0338
    endloop
  endfacet
  facet normal 0 1 0
    outer loop
      vertex 124.14 68.7 7.37938
      vertex 125.849 68.7 10.0338
      vertex 125.881 68.7 9.56758
    endloop
  endfacet
  facet normal 0 1 0
    outer loop
      vertex 124.14 68.7 7.37938
      vertex 125.881 68.7 9.56758
      vertex 125.976 68.7 9.18152
    endloop
  endfacet
  facet normal 0 1 0
    outer loop
      vertex 125.849 68.7 8.14546
      vertex 126.634 68.7 8.52127
      vertex 126.969 68.7 8.47699
    endloop
  endfacet
  facet normal 0 1 0
    outer loop
      vertex 125.849 68.7 8.14546
      vertex 126.356 68.7 8.65416
      vertex 126.634 68.7 8.52127
    endloop
  endfacet
  facet normal 0 1 0
    outer loop
      vertex 125.849 68.7 8.14546
      vertex 126.136 68.7 8.87563
      vertex 126.356 68.7 8.65416
    endloop
  endfacet
  facet normal 0 1 0
    outer loop
      vertex 125.849 68.7 8.14546
      vertex 125.976 68.7 9.18152
      vertex 126.136 68.7 8.87563
    endloop
  endfacet
  facet normal 0 1 0
    outer loop
      vertex 124.14 68.7 7.37938
      vertex 125.976 68.7 9.18152
      vertex 125.849 68.7 8.14546
    endloop
  endfacet
  facet normal 0 1 0
    outer loop
      vertex 124.14 68.7 7.37938
      vertex 125.849 68.7 8.14546
      vertex 125.849 68.7 7.37938
    endloop
  endfacet
  facet normal 0 1 0
    outer loop
      vertex 125.881 68.7 10.5
      vertex 124.14 68.7 7.37938
      vertex 124.14 68.7 14.7669
    endloop
  endfacet
  facet normal 0 1 -0
    outer loop
      vertex 144.937 68.7 9.22556
      vertex 143.238 68.7 11.483
      vertex 144.937 68.7 11.483
    endloop
  endfacet
  facet normal 0 1 0
    outer loop
      vertex 144.937 68.7 9.22556
      vertex 143.238 68.7 9.22556
      vertex 143.238 68.7 11.483
    endloop
  endfacet
  facet normal 0 1 0
    outer loop
      vertex 144.937 68.7 9.22556
      vertex 143.221 68.7 9.00508
      vertex 143.238 68.7 9.22556
    endloop
  endfacet
  facet normal 0 1 -0
    outer loop
      vertex 144.89 68.7 8.61993
      vertex 143.221 68.7 9.00508
      vertex 144.937 68.7 9.22556
    endloop
  endfacet
  facet normal 0 1 0
    outer loop
      vertex 143.221 68.7 9.00508
      vertex 144.89 68.7 8.61993
      vertex 143.172 68.7 8.83795
    endloop
  endfacet
  facet normal 0 1 -0
    outer loop
      vertex 144.75 68.7 8.14455
      vertex 143.172 68.7 8.83795
      vertex 144.89 68.7 8.61993
    endloop
  endfacet
  facet normal 0 1 -0
    outer loop
      vertex 144.517 68.7 7.79938
      vertex 143.172 68.7 8.83795
      vertex 144.75 68.7 8.14455
    endloop
  endfacet
  facet normal 0 1 -0
    outer loop
      vertex 144.172 68.7 7.56606
      vertex 143.172 68.7 8.83795
      vertex 144.517 68.7 7.79938
    endloop
  endfacet
  facet normal 0 1 0
    outer loop
      vertex 143.172 68.7 8.83795
      vertex 144.172 68.7 7.56606
      vertex 143.09 68.7 8.72415
    endloop
  endfacet
  facet normal 0 1 -0
    outer loop
      vertex 143.696 68.7 7.42606
      vertex 143.09 68.7 8.72415
      vertex 144.172 68.7 7.56606
    endloop
  endfacet
  facet normal 0 1 -0
    outer loop
      vertex 143.09 68.7 7.37938
      vertex 142.96 68.7 8.65155
      vertex 143.696 68.7 7.42606
    endloop
  endfacet
  facet normal 0 1 0
    outer loop
      vertex 143.09 68.7 8.72415
      vertex 143.696 68.7 7.42606
      vertex 142.96 68.7 8.65155
    endloop
  endfacet
  facet normal 0 1 0
    outer loop
      vertex 142.96 68.7 8.65155
      vertex 143.09 68.7 7.37938
      vertex 142.765 68.7 8.60799
    endloop
  endfacet
  facet normal 0 1 0
    outer loop
      vertex 142.765 68.7 8.60799
      vertex 143.09 68.7 7.37938
      vertex 142.506 68.7 8.59346
    endloop
  endfacet
  facet normal 0 1 0
    outer loop
      vertex 141.633 68.7 7.37938
      vertex 142.506 68.7 8.59346
      vertex 143.09 68.7 7.37938
    endloop
  endfacet
  facet normal 0 1 0
    outer loop
      vertex 142.506 68.7 8.59346
      vertex 141.633 68.7 7.37938
      vertex 141.633 68.7 8.59346
    endloop
  endfacet
  facet normal 0 1 0
    outer loop
      vertex 144.937 68.7 11.483
      vertex 144.937 68.7 12.6971
      vertex 145.782 68.7 12.6971
    endloop
  endfacet
  facet normal 0 1 0
    outer loop
      vertex 144.937 68.7 12.6971
      vertex 144.937 68.7 11.483
      vertex 143.238 68.7 12.6971
    endloop
  endfacet
  facet normal 0 1 0
    outer loop
      vertex 144.937 68.7 11.483
      vertex 145.782 68.7 12.6971
      vertex 145.782 68.7 11.483
    endloop
  endfacet
  facet normal 0 1 0
    outer loop
      vertex 143.238 68.7 12.6971
      vertex 144.937 68.7 11.483
      vertex 143.238 68.7 11.483
    endloop
  endfacet
  facet normal 0 1 0
    outer loop
      vertex 143.238 68.7 12.6971
      vertex 143.238 68.7 11.483
      vertex 141.486 68.7 12.6971
    endloop
  endfacet
  facet normal 0 1 0
    outer loop
      vertex 141.486 68.7 12.6971
      vertex 143.238 68.7 11.483
      vertex 141.486 68.7 11.483
    endloop
  endfacet
  facet normal 0 1 -0
    outer loop
      vertex 144.937 68.7 12.6971
      vertex 143.238 68.7 14.2069
      vertex 144.937 68.7 14.2069
    endloop
  endfacet
  facet normal 0 1 0
    outer loop
      vertex 143.238 68.7 14.2069
      vertex 144.937 68.7 12.6971
      vertex 143.238 68.7 12.6971
    endloop
  endfacet
  facet normal 0 1 -0
    outer loop
      vertex 116.055 68.7 7.37938
      vertex 114.346 68.7 9.21619
      vertex 116.055 68.7 9.21619
    endloop
  endfacet
  facet normal 0 1 0
    outer loop
      vertex 114.346 68.7 9.21619
      vertex 116.055 68.7 7.37938
      vertex 114.346 68.7 7.37938
    endloop
  endfacet
  facet normal 0 1 -0
    outer loop
      vertex 122.979 68.7 9.21431
      vertex 121.336 68.7 9.56563
      vertex 123.068 68.7 10.0315
    endloop
  endfacet
  facet normal 0 1 0
    outer loop
      vertex 122.979 68.7 9.21431
      vertex 121.26 68.7 9.20013
      vertex 121.336 68.7 9.56563
    endloop
  endfacet
  facet normal 0 1 -0
    outer loop
      vertex 122.713 68.7 8.52841
      vertex 121.26 68.7 9.20013
      vertex 122.979 68.7 9.21431
    endloop
  endfacet
  facet normal 0 1 -0
    outer loop
      vertex 122.268 68.7 7.97382
      vertex 121.26 68.7 9.20013
      vertex 122.713 68.7 8.52841
    endloop
  endfacet
  facet normal 0 1 0
    outer loop
      vertex 121.26 68.7 9.20013
      vertex 122.268 68.7 7.97382
      vertex 121.116 68.7 8.90109
    endloop
  endfacet
  facet normal 0 1 -0
    outer loop
      vertex 121.664 68.7 7.56642
      vertex 121.116 68.7 8.90109
      vertex 122.268 68.7 7.97382
    endloop
  endfacet
  facet normal 0 1 0
    outer loop
      vertex 121.116 68.7 8.90109
      vertex 121.664 68.7 7.56642
      vertex 120.904 68.7 8.6685
    endloop
  endfacet
  facet normal 0 1 0
    outer loop
      vertex 120.904 68.7 8.6685
      vertex 121.664 68.7 7.56642
      vertex 120.624 68.7 8.50237
    endloop
  endfacet
  facet normal 0 1 -0
    outer loop
      vertex 120.916 68.7 7.32198
      vertex 120.624 68.7 8.50237
      vertex 121.664 68.7 7.56642
    endloop
  endfacet
  facet normal 0 1 -0
    outer loop
      vertex 120.439 68.7 11.6627
      vertex 120.121 68.7 12.8226
      vertex 120.973 68.7 12.7398
    endloop
  endfacet
  facet normal 0 1 0
    outer loop
      vertex 120.706 68.7 11.5699
      vertex 120.973 68.7 12.7398
      vertex 121.693 68.7 12.4914
    endloop
  endfacet
  facet normal 0 1 0
    outer loop
      vertex 120.121 68.7 12.8226
      vertex 120.439 68.7 11.6627
      vertex 120.13 68.7 11.6936
    endloop
  endfacet
  facet normal 0 1 0
    outer loop
      vertex 121.112 68.7 11.2026
      vertex 121.693 68.7 12.4914
      vertex 122.283 68.7 12.0773
    endloop
  endfacet
  facet normal 0 1 0
    outer loop
      vertex 119.845 68.7 11.6606
      vertex 120.121 68.7 12.8226
      vertex 120.13 68.7 11.6936
    endloop
  endfacet
  facet normal 0 1 -0
    outer loop
      vertex 119.599 68.7 11.5615
      vertex 119.341 68.7 12.7387
      vertex 119.845 68.7 11.6606
    endloop
  endfacet
  facet normal 0 1 0
    outer loop
      vertex 120.121 68.7 12.8226
      vertex 119.845 68.7 11.6606
      vertex 119.341 68.7 12.7387
    endloop
  endfacet
  facet normal 0 1 0
    outer loop
      vertex 120.973 68.7 12.7398
      vertex 120.706 68.7 11.5699
      vertex 120.439 68.7 11.6627
    endloop
  endfacet
  facet normal 0 1 0
    outer loop
      vertex 121.24 68.7 10.9355
      vertex 122.283 68.7 12.0773
      vertex 122.719 68.7 11.5188
    endloop
  endfacet
  facet normal 0 1 0
    outer loop
      vertex 121.693 68.7 12.4914
      vertex 120.932 68.7 11.4154
      vertex 120.706 68.7 11.5699
    endloop
  endfacet
  facet normal 0 1 0
    outer loop
      vertex 121.693 68.7 12.4914
      vertex 121.112 68.7 11.2026
      vertex 120.932 68.7 11.4154
    endloop
  endfacet
  facet normal 0 1 0
    outer loop
      vertex 122.283 68.7 12.0773
      vertex 121.24 68.7 10.9355
      vertex 121.112 68.7 11.2026
    endloop
  endfacet
  facet normal 0 1 0
    outer loop
      vertex 121.317 68.7 10.6139
      vertex 122.719 68.7 11.5188
      vertex 122.981 68.7 10.8369
    endloop
  endfacet
  facet normal 0 1 0
    outer loop
      vertex 122.719 68.7 11.5188
      vertex 121.317 68.7 10.6139
      vertex 121.24 68.7 10.9355
    endloop
  endfacet
  facet normal 0 1 0
    outer loop
      vertex 121.336 68.7 9.56563
      vertex 119.109 68.7 10.6139
      vertex 121.317 68.7 10.6139
    endloop
  endfacet
  facet normal 0 1 0
    outer loop
      vertex 123.068 68.7 10.0315
      vertex 121.317 68.7 10.6139
      vertex 122.981 68.7 10.8369
    endloop
  endfacet
  facet normal 0 1 0
    outer loop
      vertex 121.317 68.7 10.6139
      vertex 123.068 68.7 10.0315
      vertex 121.336 68.7 9.56563
    endloop
  endfacet
  facet normal 0 1 0
    outer loop
      vertex 117.363 68.7 9.56563
      vertex 119.109 68.7 10.6139
      vertex 121.336 68.7 9.56563
    endloop
  endfacet
  facet normal 0 1 0
    outer loop
      vertex 119.109 68.7 10.6139
      vertex 117.363 68.7 9.56563
      vertex 117.363 68.7 10.0495
    endloop
  endfacet
  facet normal 0 1 0
    outer loop
      vertex 119.341 68.7 12.7387
      vertex 119.599 68.7 11.5615
      vertex 118.672 68.7 12.487
    endloop
  endfacet
  facet normal 0 1 -0
    outer loop
      vertex 119.392 68.7 11.3963
      vertex 118.672 68.7 12.487
      vertex 119.599 68.7 11.5615
    endloop
  endfacet
  facet normal 0 1 0
    outer loop
      vertex 118.672 68.7 12.487
      vertex 119.392 68.7 11.3963
      vertex 118.115 68.7 12.0676
    endloop
  endfacet
  facet normal 0 1 -0
    outer loop
      vertex 119.235 68.7 11.1773
      vertex 118.115 68.7 12.0676
      vertex 119.392 68.7 11.3963
    endloop
  endfacet
  facet normal 0 1 0
    outer loop
      vertex 118.115 68.7 12.0676
      vertex 119.235 68.7 11.1773
      vertex 117.697 68.7 11.5078
    endloop
  endfacet
  facet normal 0 1 -0
    outer loop
      vertex 119.141 68.7 10.9165
      vertex 117.697 68.7 11.5078
      vertex 119.235 68.7 11.1773
    endloop
  endfacet
  facet normal 0 1 0
    outer loop
      vertex 119.141 68.7 10.9165
      vertex 117.446 68.7 10.8351
      vertex 117.697 68.7 11.5078
    endloop
  endfacet
  facet normal 0 1 -0
    outer loop
      vertex 119.109 68.7 10.6139
      vertex 117.446 68.7 10.8351
      vertex 119.141 68.7 10.9165
    endloop
  endfacet
  facet normal 0 1 0
    outer loop
      vertex 117.446 68.7 10.8351
      vertex 119.109 68.7 10.6139
      vertex 117.363 68.7 10.0495
    endloop
  endfacet
  facet normal 0 1 0
    outer loop
      vertex 120.624 68.7 8.50237
      vertex 120.916 68.7 7.32198
      vertex 120.279 68.7 8.40269
    endloop
  endfacet
  facet normal 0 1 0
    outer loop
      vertex 120.026 68.7 7.24051
      vertex 120.279 68.7 8.40269
      vertex 120.916 68.7 7.32198
    endloop
  endfacet
  facet normal 0 1 0
    outer loop
      vertex 118.006 68.7 8.81316
      vertex 117.614 68.7 7.70195
      vertex 117.614 68.7 9.0101
    endloop
  endfacet
  facet normal 0 1 0
    outer loop
      vertex 118.392 68.7 8.6526
      vertex 117.614 68.7 7.70195
      vertex 118.006 68.7 8.81316
    endloop
  endfacet
  facet normal 0 1 -0
    outer loop
      vertex 118.418 68.7 7.44717
      vertex 118.392 68.7 8.6526
      vertex 118.77 68.7 8.52843
    endloop
  endfacet
  facet normal 0 1 -0
    outer loop
      vertex 118.82 68.7 7.35706
      vertex 118.77 68.7 8.52843
      vertex 119.142 68.7 8.44011
    endloop
  endfacet
  facet normal 0 1 0
    outer loop
      vertex 120.279 68.7 8.40269
      vertex 120.026 68.7 7.24051
      vertex 119.869 68.7 8.36946
    endloop
  endfacet
  facet normal -0 1 0
    outer loop
      vertex 119.624 68.7 7.25345
      vertex 119.869 68.7 8.36946
      vertex 120.026 68.7 7.24051
    endloop
  endfacet
  facet normal 0 1 0
    outer loop
      vertex 118.392 68.7 8.6526
      vertex 118.016 68.7 7.56213
      vertex 117.614 68.7 7.70195
    endloop
  endfacet
  facet normal 0 1 0
    outer loop
      vertex 118.392 68.7 8.6526
      vertex 118.418 68.7 7.44717
      vertex 118.016 68.7 7.56213
    endloop
  endfacet
  facet normal 0 1 0
    outer loop
      vertex 118.77 68.7 8.52843
      vertex 118.82 68.7 7.35706
      vertex 118.418 68.7 7.44717
    endloop
  endfacet
  facet normal 0 1 0
    outer loop
      vertex 119.869 68.7 8.36946
      vertex 119.624 68.7 7.25345
      vertex 119.508 68.7 8.38713
    endloop
  endfacet
  facet normal 0 1 0
    outer loop
      vertex 119.142 68.7 8.44011
      vertex 119.222 68.7 7.2923
      vertex 118.82 68.7 7.35706
    endloop
  endfacet
  facet normal 0 1 0
    outer loop
      vertex 119.508 68.7 8.38713
      vertex 119.222 68.7 7.2923
      vertex 119.142 68.7 8.44011
    endloop
  endfacet
  facet normal -0 1 0
    outer loop
      vertex 119.222 68.7 7.2923
      vertex 119.508 68.7 8.38713
      vertex 119.624 68.7 7.25345
    endloop
  endfacet
  facet normal 0 1 -0
    outer loop
      vertex 112.933 68.7 9.21431
      vertex 111.29 68.7 9.56563
      vertex 113.022 68.7 10.0315
    endloop
  endfacet
  facet normal 0 1 0
    outer loop
      vertex 112.933 68.7 9.21431
      vertex 111.214 68.7 9.20013
      vertex 111.29 68.7 9.56563
    endloop
  endfacet
  facet normal 0 1 -0
    outer loop
      vertex 112.667 68.7 8.52841
      vertex 111.214 68.7 9.20013
      vertex 112.933 68.7 9.21431
    endloop
  endfacet
  facet normal 0 1 -0
    outer loop
      vertex 112.222 68.7 7.97382
      vertex 111.214 68.7 9.20013
      vertex 112.667 68.7 8.52841
    endloop
  endfacet
  facet normal 0 1 0
    outer loop
      vertex 111.214 68.7 9.20013
      vertex 112.222 68.7 7.97382
      vertex 111.07 68.7 8.90109
    endloop
  endfacet
  facet normal 0 1 -0
    outer loop
      vertex 111.618 68.7 7.56642
      vertex 111.07 68.7 8.90109
      vertex 112.222 68.7 7.97382
    endloop
  endfacet
  facet normal 0 1 0
    outer loop
      vertex 111.07 68.7 8.90109
      vertex 111.618 68.7 7.56642
      vertex 110.858 68.7 8.6685
    endloop
  endfacet
  facet normal 0 1 0
    outer loop
      vertex 110.858 68.7 8.6685
      vertex 111.618 68.7 7.56642
      vertex 110.578 68.7 8.50237
    endloop
  endfacet
  facet normal 0 1 -0
    outer loop
      vertex 110.87 68.7 7.32198
      vertex 110.578 68.7 8.50237
      vertex 111.618 68.7 7.56642
    endloop
  endfacet
  facet normal 0 1 -0
    outer loop
      vertex 110.392 68.7 11.6627
      vertex 110.074 68.7 12.8226
      vertex 110.926 68.7 12.7398
    endloop
  endfacet
  facet normal 0 1 0
    outer loop
      vertex 110.66 68.7 11.5699
      vertex 110.926 68.7 12.7398
      vertex 111.647 68.7 12.4914
    endloop
  endfacet
  facet normal 0 1 0
    outer loop
      vertex 110.074 68.7 12.8226
      vertex 110.392 68.7 11.6627
      vertex 110.084 68.7 11.6936
    endloop
  endfacet
  facet normal 0 1 0
    outer loop
      vertex 111.066 68.7 11.2026
      vertex 111.647 68.7 12.4914
      vertex 112.237 68.7 12.0773
    endloop
  endfacet
  facet normal 0 1 0
    outer loop
      vertex 109.799 68.7 11.6606
      vertex 110.074 68.7 12.8226
      vertex 110.084 68.7 11.6936
    endloop
  endfacet
  facet normal 0 1 -0
    outer loop
      vertex 109.553 68.7 11.5615
      vertex 109.295 68.7 12.7387
      vertex 109.799 68.7 11.6606
    endloop
  endfacet
  facet normal 0 1 0
    outer loop
      vertex 110.074 68.7 12.8226
      vertex 109.799 68.7 11.6606
      vertex 109.295 68.7 12.7387
    endloop
  endfacet
  facet normal 0 1 0
    outer loop
      vertex 110.926 68.7 12.7398
      vertex 110.66 68.7 11.5699
      vertex 110.392 68.7 11.6627
    endloop
  endfacet
  facet normal 0 1 0
    outer loop
      vertex 111.194 68.7 10.9355
      vertex 112.237 68.7 12.0773
      vertex 112.673 68.7 11.5188
    endloop
  endfacet
  facet normal 0 1 0
    outer loop
      vertex 111.647 68.7 12.4914
      vertex 110.886 68.7 11.4154
      vertex 110.66 68.7 11.5699
    endloop
  endfacet
  facet normal 0 1 0
    outer loop
      vertex 111.647 68.7 12.4914
      vertex 111.066 68.7 11.2026
      vertex 110.886 68.7 11.4154
    endloop
  endfacet
  facet normal 0 1 0
    outer loop
      vertex 112.237 68.7 12.0773
      vertex 111.194 68.7 10.9355
      vertex 111.066 68.7 11.2026
    endloop
  endfacet
  facet normal 0 1 0
    outer loop
      vertex 111.271 68.7 10.6139
      vertex 112.673 68.7 11.5188
      vertex 112.935 68.7 10.8369
    endloop
  endfacet
  facet normal 0 1 0
    outer loop
      vertex 112.673 68.7 11.5188
      vertex 111.271 68.7 10.6139
      vertex 111.194 68.7 10.9355
    endloop
  endfacet
  facet normal 0 1 0
    outer loop
      vertex 111.29 68.7 9.56563
      vertex 109.063 68.7 10.6139
      vertex 111.271 68.7 10.6139
    endloop
  endfacet
  facet normal 0 1 0
    outer loop
      vertex 113.022 68.7 10.0315
      vertex 111.271 68.7 10.6139
      vertex 112.935 68.7 10.8369
    endloop
  endfacet
  facet normal 0 1 0
    outer loop
      vertex 111.271 68.7 10.6139
      vertex 113.022 68.7 10.0315
      vertex 111.29 68.7 9.56563
    endloop
  endfacet
  facet normal 0 1 0
    outer loop
      vertex 107.317 68.7 9.56563
      vertex 109.063 68.7 10.6139
      vertex 111.29 68.7 9.56563
    endloop
  endfacet
  facet normal 0 1 0
    outer loop
      vertex 109.063 68.7 10.6139
      vertex 107.317 68.7 9.56563
      vertex 107.317 68.7 10.0495
    endloop
  endfacet
  facet normal 0 1 0
    outer loop
      vertex 109.295 68.7 12.7387
      vertex 109.553 68.7 11.5615
      vertex 108.626 68.7 12.487
    endloop
  endfacet
  facet normal 0 1 -0
    outer loop
      vertex 109.346 68.7 11.3963
      vertex 108.626 68.7 12.487
      vertex 109.553 68.7 11.5615
    endloop
  endfacet
  facet normal 0 1 0
    outer loop
      vertex 108.626 68.7 12.487
      vertex 109.346 68.7 11.3963
      vertex 108.069 68.7 12.0676
    endloop
  endfacet
  facet normal 0 1 -0
    outer loop
      vertex 109.189 68.7 11.1773
      vertex 108.069 68.7 12.0676
      vertex 109.346 68.7 11.3963
    endloop
  endfacet
  facet normal 0 1 0
    outer loop
      vertex 108.069 68.7 12.0676
      vertex 109.189 68.7 11.1773
      vertex 107.651 68.7 11.5078
    endloop
  endfacet
  facet normal 0 1 -0
    outer loop
      vertex 109.095 68.7 10.9165
      vertex 107.651 68.7 11.5078
      vertex 109.189 68.7 11.1773
    endloop
  endfacet
  facet normal 0 1 0
    outer loop
      vertex 109.095 68.7 10.9165
      vertex 107.4 68.7 10.8351
      vertex 107.651 68.7 11.5078
    endloop
  endfacet
  facet normal 0 1 -0
    outer loop
      vertex 109.063 68.7 10.6139
      vertex 107.4 68.7 10.8351
      vertex 109.095 68.7 10.9165
    endloop
  endfacet
  facet normal 0 1 0
    outer loop
      vertex 107.4 68.7 10.8351
      vertex 109.063 68.7 10.6139
      vertex 107.317 68.7 10.0495
    endloop
  endfacet
  facet normal 0 1 0
    outer loop
      vertex 110.578 68.7 8.50237
      vertex 110.87 68.7 7.32198
      vertex 110.233 68.7 8.40269
    endloop
  endfacet
  facet normal 0 1 0
    outer loop
      vertex 109.98 68.7 7.24051
      vertex 110.233 68.7 8.40269
      vertex 110.87 68.7 7.32198
    endloop
  endfacet
  facet normal 0 1 0
    outer loop
      vertex 107.96 68.7 8.81316
      vertex 107.568 68.7 7.70195
      vertex 107.568 68.7 9.0101
    endloop
  endfacet
  facet normal 0 1 0
    outer loop
      vertex 108.346 68.7 8.6526
      vertex 107.568 68.7 7.70195
      vertex 107.96 68.7 8.81316
    endloop
  endfacet
  facet normal 0 1 -0
    outer loop
      vertex 108.372 68.7 7.44717
      vertex 108.346 68.7 8.6526
      vertex 108.724 68.7 8.52843
    endloop
  endfacet
  facet normal 0 1 -0
    outer loop
      vertex 108.774 68.7 7.35706
      vertex 108.724 68.7 8.52843
      vertex 109.096 68.7 8.44011
    endloop
  endfacet
  facet normal 0 1 0
    outer loop
      vertex 110.233 68.7 8.40269
      vertex 109.98 68.7 7.24051
      vertex 109.823 68.7 8.36946
    endloop
  endfacet
  facet normal -0 1 0
    outer loop
      vertex 109.578 68.7 7.25345
      vertex 109.823 68.7 8.36946
      vertex 109.98 68.7 7.24051
    endloop
  endfacet
  facet normal 0 1 0
    outer loop
      vertex 108.346 68.7 8.6526
      vertex 107.97 68.7 7.56213
      vertex 107.568 68.7 7.70195
    endloop
  endfacet
  facet normal 0 1 0
    outer loop
      vertex 108.346 68.7 8.6526
      vertex 108.372 68.7 7.44717
      vertex 107.97 68.7 7.56213
    endloop
  endfacet
  facet normal 0 1 0
    outer loop
      vertex 108.724 68.7 8.52843
      vertex 108.774 68.7 7.35706
      vertex 108.372 68.7 7.44717
    endloop
  endfacet
  facet normal 0 1 0
    outer loop
      vertex 109.823 68.7 8.36946
      vertex 109.578 68.7 7.25345
      vertex 109.462 68.7 8.38713
    endloop
  endfacet
  facet normal 0 1 0
    outer loop
      vertex 109.096 68.7 8.44011
      vertex 109.176 68.7 7.2923
      vertex 108.774 68.7 7.35706
    endloop
  endfacet
  facet normal 0 1 0
    outer loop
      vertex 109.462 68.7 8.38713
      vertex 109.176 68.7 7.2923
      vertex 109.096 68.7 8.44011
    endloop
  endfacet
  facet normal -0 1 0
    outer loop
      vertex 109.176 68.7 7.2923
      vertex 109.462 68.7 8.38713
      vertex 109.578 68.7 7.25345
    endloop
  endfacet
  facet normal 0 1 -0
    outer loop
      vertex 133.815 68.7 9.74722
      vertex 133.608 68.7 10.7797
      vertex 134.445 68.7 10.7312
    endloop
  endfacet
  facet normal 0 1 -0
    outer loop
      vertex 134.272 68.7 11.6815
      vertex 133.976 68.7 12.815
      vertex 134.343 68.7 12.7922
    endloop
  endfacet
  facet normal 0 1 0
    outer loop
      vertex 133.976 68.7 12.815
      vertex 133.917 68.7 11.6936
      vertex 133.608 68.7 12.8226
    endloop
  endfacet
  facet normal 0 1 0
    outer loop
      vertex 134.272 68.7 11.6815
      vertex 134.343 68.7 12.7922
      vertex 134.71 68.7 12.7542
    endloop
  endfacet
  facet normal 0 1 0
    outer loop
      vertex 134.611 68.7 11.6453
      vertex 134.71 68.7 12.7542
      vertex 135.076 68.7 12.7015
    endloop
  endfacet
  facet normal 0 1 0
    outer loop
      vertex 134.933 68.7 11.585
      vertex 135.076 68.7 12.7015
      vertex 135.442 68.7 12.6347
    endloop
  endfacet
  facet normal 0 1 0
    outer loop
      vertex 133.608 68.7 12.8226
      vertex 133.917 68.7 11.6936
      vertex 133.507 68.7 11.6727
    endloop
  endfacet
  facet normal 0 1 0
    outer loop
      vertex 135.239 68.7 11.5005
      vertex 135.442 68.7 12.6347
      vertex 135.806 68.7 12.5538
    endloop
  endfacet
  facet normal 0 1 0
    outer loop
      vertex 133.176 68.7 11.6101
      vertex 133.608 68.7 12.8226
      vertex 133.507 68.7 11.6727
    endloop
  endfacet
  facet normal 0 1 -0
    outer loop
      vertex 132.925 68.7 11.5058
      vertex 132.738 68.7 12.7595
      vertex 133.176 68.7 11.6101
    endloop
  endfacet
  facet normal 0 1 0
    outer loop
      vertex 133.608 68.7 12.8226
      vertex 133.176 68.7 11.6101
      vertex 132.738 68.7 12.7595
    endloop
  endfacet
  facet normal 0 1 0
    outer loop
      vertex 133.976 68.7 12.815
      vertex 134.272 68.7 11.6815
      vertex 133.917 68.7 11.6936
    endloop
  endfacet
  facet normal 0 1 0
    outer loop
      vertex 134.71 68.7 12.7542
      vertex 134.611 68.7 11.6453
      vertex 134.272 68.7 11.6815
    endloop
  endfacet
  facet normal 0 1 0
    outer loop
      vertex 135.076 68.7 12.7015
      vertex 134.933 68.7 11.585
      vertex 134.611 68.7 11.6453
    endloop
  endfacet
  facet normal 0 1 0
    outer loop
      vertex 135.442 68.7 12.6347
      vertex 135.239 68.7 11.5005
      vertex 134.933 68.7 11.585
    endloop
  endfacet
  facet normal 0 1 0
    outer loop
      vertex 135.806 68.7 12.5538
      vertex 135.53 68.7 11.3918
      vertex 135.239 68.7 11.5005
    endloop
  endfacet
  facet normal -0 1 0
    outer loop
      vertex 135.53 68.7 11.3918
      vertex 135.806 68.7 12.5538
      vertex 135.806 68.7 11.259
    endloop
  endfacet
  facet normal 0 1 0
    outer loop
      vertex 132.738 68.7 12.7595
      vertex 132.925 68.7 11.5058
      vertex 132.046 68.7 12.5702
    endloop
  endfacet
  facet normal 0 1 -0
    outer loop
      vertex 132.748 68.7 11.3566
      vertex 132.046 68.7 12.5702
      vertex 132.925 68.7 11.5058
    endloop
  endfacet
  facet normal 0 1 0
    outer loop
      vertex 132.046 68.7 12.5702
      vertex 132.748 68.7 11.3566
      vertex 131.532 68.7 12.2548
    endloop
  endfacet
  facet normal 0 1 -0
    outer loop
      vertex 132.642 68.7 11.1593
      vertex 131.532 68.7 12.2548
      vertex 132.748 68.7 11.3566
    endloop
  endfacet
  facet normal 0 1 0
    outer loop
      vertex 131.532 68.7 12.2548
      vertex 132.642 68.7 11.1593
      vertex 131.177 68.7 11.7973
    endloop
  endfacet
  facet normal 0 1 0
    outer loop
      vertex 131.177 68.7 11.7973
      vertex 132.642 68.7 11.1593
      vertex 130.964 68.7 11.1821
    endloop
  endfacet
  facet normal 0 1 -0
    outer loop
      vertex 132.607 68.7 10.9139
      vertex 130.964 68.7 11.1821
      vertex 132.642 68.7 11.1593
    endloop
  endfacet
  facet normal 0 1 -0
    outer loop
      vertex 132.607 68.7 10.7797
      vertex 130.964 68.7 11.1821
      vertex 132.607 68.7 10.9139
    endloop
  endfacet
  facet normal 0 1 0
    outer loop
      vertex 134.29 68.7 9.58719
      vertex 134.445 68.7 10.7312
      vertex 135.118 68.7 10.5857
    endloop
  endfacet
  facet normal 0 1 0
    outer loop
      vertex 132.607 68.7 10.7797
      vertex 130.893 68.7 10.4089
      vertex 130.964 68.7 11.1821
    endloop
  endfacet
  facet normal 0 1 0
    outer loop
      vertex 133.608 68.7 10.7797
      vertex 133.815 68.7 9.74722
      vertex 133.49 68.7 9.76723
    endloop
  endfacet
  facet normal 0 1 0
    outer loop
      vertex 134.439 68.7 9.4482
      vertex 135.118 68.7 10.5857
      vertex 135.628 68.7 10.3432
    endloop
  endfacet
  facet normal 0 1 0
    outer loop
      vertex 134.528 68.7 9.27132
      vertex 135.628 68.7 10.3432
      vertex 135.986 68.7 9.99687
    endloop
  endfacet
  facet normal 0 1 0
    outer loop
      vertex 132.607 68.7 10.7797
      vertex 133.49 68.7 9.76723
      vertex 132.607 68.7 9.76723
    endloop
  endfacet
  facet normal 0 1 0
    outer loop
      vertex 132.607 68.7 10.7797
      vertex 132.607 68.7 9.76723
      vertex 130.893 68.7 10.4089
    endloop
  endfacet
  facet normal 0 1 -0
    outer loop
      vertex 132.607 68.7 9.57297
      vertex 130.893 68.7 10.4089
      vertex 132.607 68.7 9.76723
    endloop
  endfacet
  facet normal 0 1 0
    outer loop
      vertex 132.643 68.7 9.24788
      vertex 130.893 68.7 10.4089
      vertex 132.607 68.7 9.57297
    endloop
  endfacet
  facet normal 0 1 0
    outer loop
      vertex 132.607 68.7 8.16786
      vertex 132.643 68.7 9.24788
      vertex 132.752 68.7 8.9612
    endloop
  endfacet
  facet normal 0 1 0
    outer loop
      vertex 132.607 68.7 8.16786
      vertex 132.752 68.7 8.9612
      vertex 132.934 68.7 8.71295
    endloop
  endfacet
  facet normal 0 1 0
    outer loop
      vertex 133.376 68.7 7.46164
      vertex 133.439 68.7 8.40762
      vertex 133.741 68.7 8.36946
    endloop
  endfacet
  facet normal 0 1 0
    outer loop
      vertex 132.844 68.7 7.87379
      vertex 133.17 68.7 8.52213
      vertex 133.439 68.7 8.40762
    endloop
  endfacet
  facet normal 0 1 0
    outer loop
      vertex 132.607 68.7 8.16786
      vertex 132.934 68.7 8.71295
      vertex 133.17 68.7 8.52213
    endloop
  endfacet
  facet normal 0 1 0
    outer loop
      vertex 132.643 68.7 9.24788
      vertex 132.607 68.7 8.16786
      vertex 130.893 68.7 7.37938
    endloop
  endfacet
  facet normal 0 1 0
    outer loop
      vertex 130.893 68.7 7.37938
      vertex 132.607 68.7 8.16786
      vertex 132.607 68.7 7.37938
    endloop
  endfacet
  facet normal 0 1 0
    outer loop
      vertex 132.643 68.7 9.24788
      vertex 130.893 68.7 7.37938
      vertex 130.893 68.7 10.4089
    endloop
  endfacet
  facet normal 0 1 0
    outer loop
      vertex 133.608 68.7 10.7797
      vertex 133.49 68.7 9.76723
      vertex 132.607 68.7 10.7797
    endloop
  endfacet
  facet normal 0 1 0
    outer loop
      vertex 134.445 68.7 10.7312
      vertex 134.082 68.7 9.68721
      vertex 133.815 68.7 9.74722
    endloop
  endfacet
  facet normal 0 1 0
    outer loop
      vertex 134.445 68.7 10.7312
      vertex 134.29 68.7 9.58719
      vertex 134.082 68.7 9.68721
    endloop
  endfacet
  facet normal 0 1 0
    outer loop
      vertex 134.528 68.7 9.27132
      vertex 135.986 68.7 9.99687
      vertex 136.2 68.7 9.53986
    endloop
  endfacet
  facet normal 0 1 0
    outer loop
      vertex 135.118 68.7 10.5857
      vertex 134.439 68.7 9.4482
      vertex 134.29 68.7 9.58719
    endloop
  endfacet
  facet normal 0 1 0
    outer loop
      vertex 135.628 68.7 10.3432
      vertex 134.528 68.7 9.27132
      vertex 134.439 68.7 9.4482
    endloop
  endfacet
  facet normal 0 1 0
    outer loop
      vertex 136.2 68.7 9.53986
      vertex 134.558 68.7 9.05652
      vertex 134.528 68.7 9.27132
    endloop
  endfacet
  facet normal 0 1 0
    outer loop
      vertex 136.271 68.7 8.97217
      vertex 134.558 68.7 9.05652
      vertex 136.2 68.7 9.53986
    endloop
  endfacet
  facet normal 0 1 0
    outer loop
      vertex 136.271 68.7 8.97217
      vertex 134.534 68.7 8.85724
      vertex 134.558 68.7 9.05652
    endloop
  endfacet
  facet normal 0 1 -0
    outer loop
      vertex 136.214 68.7 8.49165
      vertex 134.534 68.7 8.85724
      vertex 136.271 68.7 8.97217
    endloop
  endfacet
  facet normal 0 1 -0
    outer loop
      vertex 136.043 68.7 8.07495
      vertex 134.534 68.7 8.85724
      vertex 136.214 68.7 8.49165
    endloop
  endfacet
  facet normal 0 1 0
    outer loop
      vertex 134.534 68.7 8.85724
      vertex 136.043 68.7 8.07495
      vertex 134.462 68.7 8.68903
    endloop
  endfacet
  facet normal 0 1 -0
    outer loop
      vertex 135.756 68.7 7.72203
      vertex 134.462 68.7 8.68903
      vertex 136.043 68.7 8.07495
    endloop
  endfacet
  facet normal 0 1 -0
    outer loop
      vertex 135.379 68.7 7.45451
      vertex 134.462 68.7 8.68903
      vertex 135.756 68.7 7.72203
    endloop
  endfacet
  facet normal 0 1 0
    outer loop
      vertex 134.462 68.7 8.68903
      vertex 135.379 68.7 7.45451
      vertex 134.342 68.7 8.55188
    endloop
  endfacet
  facet normal 0 1 -0
    outer loop
      vertex 134.931 68.7 7.29401
      vertex 134.342 68.7 8.55188
      vertex 135.379 68.7 7.45451
    endloop
  endfacet
  facet normal 0 1 0
    outer loop
      vertex 134.342 68.7 8.55188
      vertex 134.931 68.7 7.29401
      vertex 134.179 68.7 8.45053
    endloop
  endfacet
  facet normal 0 1 0
    outer loop
      vertex 133.17 68.7 8.52213
      vertex 132.844 68.7 7.87379
      vertex 132.607 68.7 8.16786
    endloop
  endfacet
  facet normal 0 1 -0
    outer loop
      vertex 134.415 68.7 7.24051
      vertex 134.179 68.7 8.45053
      vertex 134.931 68.7 7.29401
    endloop
  endfacet
  facet normal -0 1 0
    outer loop
      vertex 133.681 68.7 7.33878
      vertex 133.979 68.7 8.38972
      vertex 134.028 68.7 7.26508
    endloop
  endfacet
  facet normal 0 1 0
    outer loop
      vertex 133.439 68.7 8.40762
      vertex 133.101 68.7 7.63838
      vertex 132.844 68.7 7.87379
    endloop
  endfacet
  facet normal 0 1 0
    outer loop
      vertex 134.179 68.7 8.45053
      vertex 134.415 68.7 7.24051
      vertex 133.979 68.7 8.38972
    endloop
  endfacet
  facet normal -0 1 0
    outer loop
      vertex 133.376 68.7 7.46164
      vertex 133.741 68.7 8.36946
      vertex 133.681 68.7 7.33878
    endloop
  endfacet
  facet normal -0 1 -0
    outer loop
      vertex 134.028 68.7 7.26508
      vertex 133.979 68.7 8.38972
      vertex 134.415 68.7 7.24051
    endloop
  endfacet
  facet normal 0 1 0
    outer loop
      vertex 133.439 68.7 8.40762
      vertex 133.376 68.7 7.46164
      vertex 133.101 68.7 7.63838
    endloop
  endfacet
  facet normal 0 1 0
    outer loop
      vertex 133.979 68.7 8.38972
      vertex 133.681 68.7 7.33878
      vertex 133.741 68.7 8.36946
    endloop
  endfacet
  facet normal 0 1 0
    outer loop
      vertex 106.241 68.7 12.6971
      vertex 104.532 68.7 12.1651
      vertex 104.532 68.7 12.6971
    endloop
  endfacet
  facet normal 0 1 0
    outer loop
      vertex 106.241 68.7 12.6971
      vertex 104.533 68.7 11.8523
      vertex 104.532 68.7 12.1651
    endloop
  endfacet
  facet normal 0 1 0
    outer loop
      vertex 106.241 68.7 12.6971
      vertex 104.534 68.7 11.4905
      vertex 104.533 68.7 11.8523
    endloop
  endfacet
  facet normal 0 1 0
    outer loop
      vertex 106.241 68.7 12.6971
      vertex 104.537 68.7 11.0796
      vertex 104.534 68.7 11.4905
    endloop
  endfacet
  facet normal 0 1 -0
    outer loop
      vertex 106.241 68.7 9.44781
      vertex 104.537 68.7 11.0796
      vertex 106.241 68.7 12.6971
    endloop
  endfacet
  facet normal 0 1 0
    outer loop
      vertex 104.537 68.7 11.0796
      vertex 106.241 68.7 9.44781
      vertex 104.54 68.7 10.6924
    endloop
  endfacet
  facet normal 0 1 0
    outer loop
      vertex 104.54 68.7 10.6924
      vertex 106.241 68.7 9.44781
      vertex 104.541 68.7 10.4018
    endloop
  endfacet
  facet normal 0 1 0
    outer loop
      vertex 104.541 68.7 10.4018
      vertex 106.241 68.7 9.44781
      vertex 104.542 68.7 10.2079
    endloop
  endfacet
  facet normal 0 1 0
    outer loop
      vertex 104.542 68.7 10.2079
      vertex 106.241 68.7 9.44781
      vertex 104.538 68.7 9.82021
    endloop
  endfacet
  facet normal 0 1 0
    outer loop
      vertex 104.538 68.7 9.82021
      vertex 106.241 68.7 9.44781
      vertex 104.527 68.7 9.51222
    endloop
  endfacet
  facet normal 0 1 0
    outer loop
      vertex 106.241 68.7 9.44781
      vertex 104.509 68.7 9.28394
      vertex 104.527 68.7 9.51222
    endloop
  endfacet
  facet normal 0 1 -0
    outer loop
      vertex 106.188 68.7 8.78639
      vertex 104.509 68.7 9.28394
      vertex 106.241 68.7 9.44781
    endloop
  endfacet
  facet normal 0 1 0
    outer loop
      vertex 104.509 68.7 9.28394
      vertex 106.188 68.7 8.78639
      vertex 104.481 68.7 9.11266
    endloop
  endfacet
  facet normal 0 1 0
    outer loop
      vertex 104.481 68.7 9.11266
      vertex 106.188 68.7 8.78639
      vertex 104.443 68.7 8.97569
    endloop
  endfacet
  facet normal 0 1 -0
    outer loop
      vertex 106.027 68.7 8.23889
      vertex 104.443 68.7 8.97569
      vertex 106.188 68.7 8.78639
    endloop
  endfacet
  facet normal 0 1 0
    outer loop
      vertex 104.443 68.7 8.97569
      vertex 106.027 68.7 8.23889
      vertex 104.395 68.7 8.87305
    endloop
  endfacet
  facet normal 0 1 -0
    outer loop
      vertex 105.759 68.7 7.80533
      vertex 104.395 68.7 8.87305
      vertex 106.027 68.7 8.23889
    endloop
  endfacet
  facet normal 0 1 0
    outer loop
      vertex 104.395 68.7 8.87305
      vertex 105.759 68.7 7.80533
      vertex 104.318 68.7 8.77065
    endloop
  endfacet
  facet normal 0 1 -0
    outer loop
      vertex 105.389 68.7 7.49153
      vertex 104.318 68.7 8.77065
      vertex 105.759 68.7 7.80533
    endloop
  endfacet
  facet normal 0 1 -0
    outer loop
      vertex 104.922 68.7 7.30327
      vertex 104.318 68.7 8.77065
      vertex 105.389 68.7 7.49153
    endloop
  endfacet
  facet normal 0 1 0
    outer loop
      vertex 104.227 68.7 8.68513
      vertex 104.922 68.7 7.30327
      vertex 104.122 68.7 8.61649
    endloop
  endfacet
  facet normal 0 1 0
    outer loop
      vertex 104.318 68.7 8.77065
      vertex 104.922 68.7 7.30327
      vertex 104.227 68.7 8.68513
    endloop
  endfacet
  facet normal 0 1 -0
    outer loop
      vertex 102.596 68.7 10.0702
      vertex 100.896 68.7 12.6971
      vertex 102.596 68.7 12.6971
    endloop
  endfacet
  facet normal 0 1 0
    outer loop
      vertex 100.896 68.7 7.37938
      vertex 102.596 68.7 10.0702
      vertex 102.629 68.7 9.621
    endloop
  endfacet
  facet normal 0 1 0
    outer loop
      vertex 100.896 68.7 7.37938
      vertex 102.629 68.7 9.621
      vertex 102.731 68.7 9.24254
    endloop
  endfacet
  facet normal 0 1 -0
    outer loop
      vertex 104.357 68.7 7.24051
      vertex 104.122 68.7 8.61649
      vertex 104.922 68.7 7.30327
    endloop
  endfacet
  facet normal 0 1 0
    outer loop
      vertex 102.857 68.7 7.86302
      vertex 103.406 68.7 8.57166
      vertex 103.735 68.7 8.52626
    endloop
  endfacet
  facet normal 0 1 0
    outer loop
      vertex 102.857 68.7 7.86302
      vertex 103.127 68.7 8.70782
      vertex 103.406 68.7 8.57166
    endloop
  endfacet
  facet normal 0 1 0
    outer loop
      vertex 102.596 68.7 8.14546
      vertex 102.899 68.7 8.93478
      vertex 103.127 68.7 8.70782
    endloop
  endfacet
  facet normal 0 1 0
    outer loop
      vertex 102.596 68.7 8.14546
      vertex 102.731 68.7 9.24254
      vertex 102.899 68.7 8.93478
    endloop
  endfacet
  facet normal 0 1 0
    outer loop
      vertex 100.896 68.7 7.37938
      vertex 102.731 68.7 9.24254
      vertex 102.596 68.7 8.14546
    endloop
  endfacet
  facet normal 0 1 0
    outer loop
      vertex 100.896 68.7 7.37938
      vertex 102.596 68.7 8.14546
      vertex 102.596 68.7 7.37938
    endloop
  endfacet
  facet normal 0 1 0
    outer loop
      vertex 102.596 68.7 10.0702
      vertex 100.896 68.7 7.37938
      vertex 100.896 68.7 12.6971
    endloop
  endfacet
  facet normal 0 1 0
    outer loop
      vertex 103.127 68.7 8.70782
      vertex 102.857 68.7 7.86302
      vertex 102.596 68.7 8.14546
    endloop
  endfacet
  facet normal 0 1 0
    outer loop
      vertex 104.122 68.7 8.61649
      vertex 104.357 68.7 7.24051
      vertex 104.004 68.7 8.56636
    endloop
  endfacet
  facet normal 0 1 0
    outer loop
      vertex 103.735 68.7 8.52626
      vertex 103.128 68.7 7.63481
      vertex 102.857 68.7 7.86302
    endloop
  endfacet
  facet normal -0 1 -0
    outer loop
      vertex 104.021 68.7 7.26498
      vertex 104.004 68.7 8.56636
      vertex 104.357 68.7 7.24051
    endloop
  endfacet
  facet normal -0 1 0
    outer loop
      vertex 103.706 68.7 7.33841
      vertex 103.875 68.7 8.53629
      vertex 104.021 68.7 7.26498
    endloop
  endfacet
  facet normal 0 1 0
    outer loop
      vertex 103.735 68.7 8.52626
      vertex 103.41 68.7 7.4608
      vertex 103.128 68.7 7.63481
    endloop
  endfacet
  facet normal 0 1 0
    outer loop
      vertex 104.004 68.7 8.56636
      vertex 104.021 68.7 7.26498
      vertex 103.875 68.7 8.53629
    endloop
  endfacet
  facet normal 0 1 0
    outer loop
      vertex 103.735 68.7 8.52626
      vertex 103.706 68.7 7.33841
      vertex 103.41 68.7 7.4608
    endloop
  endfacet
  facet normal 0 1 0
    outer loop
      vertex 103.875 68.7 8.53629
      vertex 103.706 68.7 7.33841
      vertex 103.735 68.7 8.52626
    endloop
  endfacet
  facet normal 0 1 0
    outer loop
      vertex 137.197 68.7 11.4293
      vertex 137.026 68.7 12.8218
      vertex 137.085 68.7 12.8226
    endloop
  endfacet
  facet normal 0 1 0
    outer loop
      vertex 137.026 68.7 12.8218
      vertex 137.197 68.7 11.4293
      vertex 136.965 68.7 12.8195
    endloop
  endfacet
  facet normal 0 1 -0
    outer loop
      vertex 137.049 68.7 11.4014
      vertex 136.965 68.7 12.8195
      vertex 137.197 68.7 11.4293
    endloop
  endfacet
  facet normal 0 1 0
    outer loop
      vertex 136.9 68.7 12.8156
      vertex 137.049 68.7 11.4014
      vertex 136.823 68.7 12.8091
    endloop
  endfacet
  facet normal 0 1 -0
    outer loop
      vertex 137.345 68.7 11.4461
      vertex 137.085 68.7 12.8226
      vertex 137.462 68.7 12.7959
    endloop
  endfacet
  facet normal 0 1 0
    outer loop
      vertex 136.965 68.7 12.8195
      vertex 137.049 68.7 11.4014
      vertex 136.9 68.7 12.8156
    endloop
  endfacet
  facet normal 0 1 -0
    outer loop
      vertex 137.493 68.7 11.4517
      vertex 137.462 68.7 12.7959
      vertex 137.801 68.7 12.7158
    endloop
  endfacet
  facet normal 0 1 0
    outer loop
      vertex 137.493 68.7 11.4517
      vertex 137.801 68.7 12.7158
      vertex 138.103 68.7 12.5824
    endloop
  endfacet
  facet normal 0 1 0
    outer loop
      vertex 137.896 68.7 11.405
      vertex 138.103 68.7 12.5824
      vertex 138.376 68.7 12.3908
    endloop
  endfacet
  facet normal 0 1 0
    outer loop
      vertex 137.896 68.7 11.405
      vertex 138.376 68.7 12.3908
      vertex 138.626 68.7 12.1364
    endloop
  endfacet
  facet normal 0 1 0
    outer loop
      vertex 138.233 68.7 11.2648
      vertex 138.626 68.7 12.1364
      vertex 138.856 68.7 11.819
    endloop
  endfacet
  facet normal 0 1 0
    outer loop
      vertex 138.103 68.7 12.5824
      vertex 137.896 68.7 11.405
      vertex 137.493 68.7 11.4517
    endloop
  endfacet
  facet normal 0 1 0
    outer loop
      vertex 137.085 68.7 12.8226
      vertex 137.345 68.7 11.4461
      vertex 137.197 68.7 11.4293
    endloop
  endfacet
  facet normal 0 1 0
    outer loop
      vertex 136.823 68.7 12.8091
      vertex 137.049 68.7 11.4014
      vertex 136.727 68.7 12.7991
    endloop
  endfacet
  facet normal 0 1 -0
    outer loop
      vertex 136.902 68.7 11.3617
      vertex 136.727 68.7 12.7991
      vertex 137.049 68.7 11.4014
    endloop
  endfacet
  facet normal 0 1 0
    outer loop
      vertex 136.727 68.7 12.7991
      vertex 136.902 68.7 11.3617
      vertex 136.61 68.7 12.7854
    endloop
  endfacet
  facet normal 0 1 -0
    outer loop
      vertex 136.754 68.7 11.3098
      vertex 136.61 68.7 12.7854
      vertex 136.902 68.7 11.3617
    endloop
  endfacet
  facet normal 0 1 0
    outer loop
      vertex 136.61 68.7 12.7854
      vertex 136.754 68.7 11.3098
      vertex 136.606 68.7 11.2456
    endloop
  endfacet
  facet normal 0 1 0
    outer loop
      vertex 140.555 68.7 12.6971
      vertex 138.856 68.7 11.819
      vertex 138.856 68.7 12.6971
    endloop
  endfacet
  facet normal 0 1 0
    outer loop
      vertex 137.462 68.7 12.7959
      vertex 137.493 68.7 11.4517
      vertex 137.345 68.7 11.4461
    endloop
  endfacet
  facet normal 0 1 0
    outer loop
      vertex 138.626 68.7 12.1364
      vertex 138.233 68.7 11.2648
      vertex 137.896 68.7 11.405
    endloop
  endfacet
  facet normal 0 1 0
    outer loop
      vertex 138.698 68.7 10.7107
      vertex 138.856 68.7 11.819
      vertex 140.555 68.7 12.6971
    endloop
  endfacet
  facet normal 0 1 0
    outer loop
      vertex 138.856 68.7 11.819
      vertex 138.502 68.7 11.0313
      vertex 138.233 68.7 11.2648
    endloop
  endfacet
  facet normal 0 1 0
    outer loop
      vertex 138.856 68.7 11.819
      vertex 138.698 68.7 10.7107
      vertex 138.502 68.7 11.0313
    endloop
  endfacet
  facet normal 0 1 0
    outer loop
      vertex 140.555 68.7 12.6971
      vertex 138.816 68.7 10.3093
      vertex 138.698 68.7 10.7107
    endloop
  endfacet
  facet normal 0 1 0
    outer loop
      vertex 140.555 68.7 12.6971
      vertex 138.856 68.7 9.82721
      vertex 138.816 68.7 10.3093
    endloop
  endfacet
  facet normal 0 1 -0
    outer loop
      vertex 140.555 68.7 7.37938
      vertex 138.856 68.7 9.82721
      vertex 140.555 68.7 12.6971
    endloop
  endfacet
  facet normal 0 1 0
    outer loop
      vertex 138.856 68.7 9.82721
      vertex 140.555 68.7 7.37938
      vertex 138.856 68.7 7.37938
    endloop
  endfacet
  facet normal 0 1 -0
    outer loop
      vertex 155.783 68.7 9.21431
      vertex 154.14 68.7 9.56563
      vertex 155.872 68.7 10.0315
    endloop
  endfacet
  facet normal 0 1 0
    outer loop
      vertex 155.783 68.7 9.21431
      vertex 154.064 68.7 9.20013
      vertex 154.14 68.7 9.56563
    endloop
  endfacet
  facet normal 0 1 -0
    outer loop
      vertex 155.517 68.7 8.52841
      vertex 154.064 68.7 9.20013
      vertex 155.783 68.7 9.21431
    endloop
  endfacet
  facet normal 0 1 -0
    outer loop
      vertex 155.072 68.7 7.97382
      vertex 154.064 68.7 9.20013
      vertex 155.517 68.7 8.52841
    endloop
  endfacet
  facet normal 0 1 0
    outer loop
      vertex 154.064 68.7 9.20013
      vertex 155.072 68.7 7.97382
      vertex 153.92 68.7 8.90109
    endloop
  endfacet
  facet normal 0 1 -0
    outer loop
      vertex 154.468 68.7 7.56642
      vertex 153.92 68.7 8.90109
      vertex 155.072 68.7 7.97382
    endloop
  endfacet
  facet normal 0 1 0
    outer loop
      vertex 153.92 68.7 8.90109
      vertex 154.468 68.7 7.56642
      vertex 153.708 68.7 8.6685
    endloop
  endfacet
  facet normal 0 1 0
    outer loop
      vertex 153.708 68.7 8.6685
      vertex 154.468 68.7 7.56642
      vertex 153.428 68.7 8.50237
    endloop
  endfacet
  facet normal 0 1 -0
    outer loop
      vertex 153.72 68.7 7.32198
      vertex 153.428 68.7 8.50237
      vertex 154.468 68.7 7.56642
    endloop
  endfacet
  facet normal 0 1 -0
    outer loop
      vertex 153.242 68.7 11.6627
      vertex 152.924 68.7 12.8226
      vertex 153.776 68.7 12.7398
    endloop
  endfacet
  facet normal 0 1 0
    outer loop
      vertex 153.51 68.7 11.5699
      vertex 153.776 68.7 12.7398
      vertex 154.497 68.7 12.4914
    endloop
  endfacet
  facet normal 0 1 0
    outer loop
      vertex 152.924 68.7 12.8226
      vertex 153.242 68.7 11.6627
      vertex 152.934 68.7 11.6936
    endloop
  endfacet
  facet normal 0 1 0
    outer loop
      vertex 153.916 68.7 11.2026
      vertex 154.497 68.7 12.4914
      vertex 155.086 68.7 12.0773
    endloop
  endfacet
  facet normal 0 1 0
    outer loop
      vertex 152.649 68.7 11.6606
      vertex 152.924 68.7 12.8226
      vertex 152.934 68.7 11.6936
    endloop
  endfacet
  facet normal 0 1 -0
    outer loop
      vertex 152.403 68.7 11.5615
      vertex 152.145 68.7 12.7387
      vertex 152.649 68.7 11.6606
    endloop
  endfacet
  facet normal 0 1 0
    outer loop
      vertex 152.924 68.7 12.8226
      vertex 152.649 68.7 11.6606
      vertex 152.145 68.7 12.7387
    endloop
  endfacet
  facet normal 0 1 0
    outer loop
      vertex 153.776 68.7 12.7398
      vertex 153.51 68.7 11.5699
      vertex 153.242 68.7 11.6627
    endloop
  endfacet
  facet normal 0 1 0
    outer loop
      vertex 154.044 68.7 10.9355
      vertex 155.086 68.7 12.0773
      vertex 155.523 68.7 11.5188
    endloop
  endfacet
  facet normal 0 1 0
    outer loop
      vertex 154.497 68.7 12.4914
      vertex 153.736 68.7 11.4154
      vertex 153.51 68.7 11.5699
    endloop
  endfacet
  facet normal 0 1 0
    outer loop
      vertex 154.497 68.7 12.4914
      vertex 153.916 68.7 11.2026
      vertex 153.736 68.7 11.4154
    endloop
  endfacet
  facet normal 0 1 0
    outer loop
      vertex 155.086 68.7 12.0773
      vertex 154.044 68.7 10.9355
      vertex 153.916 68.7 11.2026
    endloop
  endfacet
  facet normal 0 1 0
    outer loop
      vertex 154.121 68.7 10.6139
      vertex 155.523 68.7 11.5188
      vertex 155.785 68.7 10.8369
    endloop
  endfacet
  facet normal 0 1 0
    outer loop
      vertex 155.523 68.7 11.5188
      vertex 154.121 68.7 10.6139
      vertex 154.044 68.7 10.9355
    endloop
  endfacet
  facet normal 0 1 0
    outer loop
      vertex 154.14 68.7 9.56563
      vertex 151.913 68.7 10.6139
      vertex 154.121 68.7 10.6139
    endloop
  endfacet
  facet normal 0 1 0
    outer loop
      vertex 155.872 68.7 10.0315
      vertex 154.121 68.7 10.6139
      vertex 155.785 68.7 10.8369
    endloop
  endfacet
  facet normal 0 1 0
    outer loop
      vertex 154.121 68.7 10.6139
      vertex 155.872 68.7 10.0315
      vertex 154.14 68.7 9.56563
    endloop
  endfacet
  facet normal 0 1 0
    outer loop
      vertex 150.166 68.7 9.56563
      vertex 151.913 68.7 10.6139
      vertex 154.14 68.7 9.56563
    endloop
  endfacet
  facet normal 0 1 0
    outer loop
      vertex 151.913 68.7 10.6139
      vertex 150.166 68.7 9.56563
      vertex 150.166 68.7 10.0495
    endloop
  endfacet
  facet normal 0 1 0
    outer loop
      vertex 152.145 68.7 12.7387
      vertex 152.403 68.7 11.5615
      vertex 151.476 68.7 12.487
    endloop
  endfacet
  facet normal 0 1 -0
    outer loop
      vertex 152.196 68.7 11.3963
      vertex 151.476 68.7 12.487
      vertex 152.403 68.7 11.5615
    endloop
  endfacet
  facet normal 0 1 0
    outer loop
      vertex 151.476 68.7 12.487
      vertex 152.196 68.7 11.3963
      vertex 150.919 68.7 12.0676
    endloop
  endfacet
  facet normal 0 1 -0
    outer loop
      vertex 152.039 68.7 11.1773
      vertex 150.919 68.7 12.0676
      vertex 152.196 68.7 11.3963
    endloop
  endfacet
  facet normal 0 1 0
    outer loop
      vertex 150.919 68.7 12.0676
      vertex 152.039 68.7 11.1773
      vertex 150.501 68.7 11.5078
    endloop
  endfacet
  facet normal 0 1 -0
    outer loop
      vertex 151.945 68.7 10.9165
      vertex 150.501 68.7 11.5078
      vertex 152.039 68.7 11.1773
    endloop
  endfacet
  facet normal 0 1 0
    outer loop
      vertex 151.945 68.7 10.9165
      vertex 150.25 68.7 10.8351
      vertex 150.501 68.7 11.5078
    endloop
  endfacet
  facet normal 0 1 -0
    outer loop
      vertex 151.913 68.7 10.6139
      vertex 150.25 68.7 10.8351
      vertex 151.945 68.7 10.9165
    endloop
  endfacet
  facet normal 0 1 0
    outer loop
      vertex 150.25 68.7 10.8351
      vertex 151.913 68.7 10.6139
      vertex 150.166 68.7 10.0495
    endloop
  endfacet
  facet normal 0 1 0
    outer loop
      vertex 153.428 68.7 8.50237
      vertex 153.72 68.7 7.32198
      vertex 153.083 68.7 8.40269
    endloop
  endfacet
  facet normal 0 1 0
    outer loop
      vertex 152.829 68.7 7.24051
      vertex 153.083 68.7 8.40269
      vertex 153.72 68.7 7.32198
    endloop
  endfacet
  facet normal 0 1 0
    outer loop
      vertex 150.81 68.7 8.81316
      vertex 150.418 68.7 7.70195
      vertex 150.418 68.7 9.0101
    endloop
  endfacet
  facet normal 0 1 0
    outer loop
      vertex 151.195 68.7 8.6526
      vertex 150.418 68.7 7.70195
      vertex 150.81 68.7 8.81316
    endloop
  endfacet
  facet normal 0 1 -0
    outer loop
      vertex 151.222 68.7 7.44717
      vertex 151.195 68.7 8.6526
      vertex 151.574 68.7 8.52843
    endloop
  endfacet
  facet normal 0 1 -0
    outer loop
      vertex 151.624 68.7 7.35706
      vertex 151.574 68.7 8.52843
      vertex 151.946 68.7 8.44011
    endloop
  endfacet
  facet normal 0 1 0
    outer loop
      vertex 153.083 68.7 8.40269
      vertex 152.829 68.7 7.24051
      vertex 152.673 68.7 8.36946
    endloop
  endfacet
  facet normal -0 1 0
    outer loop
      vertex 152.427 68.7 7.25345
      vertex 152.673 68.7 8.36946
      vertex 152.829 68.7 7.24051
    endloop
  endfacet
  facet normal 0 1 0
    outer loop
      vertex 151.195 68.7 8.6526
      vertex 150.82 68.7 7.56213
      vertex 150.418 68.7 7.70195
    endloop
  endfacet
  facet normal 0 1 0
    outer loop
      vertex 151.195 68.7 8.6526
      vertex 151.222 68.7 7.44717
      vertex 150.82 68.7 7.56213
    endloop
  endfacet
  facet normal 0 1 0
    outer loop
      vertex 151.574 68.7 8.52843
      vertex 151.624 68.7 7.35706
      vertex 151.222 68.7 7.44717
    endloop
  endfacet
  facet normal 0 1 0
    outer loop
      vertex 152.673 68.7 8.36946
      vertex 152.427 68.7 7.25345
      vertex 152.312 68.7 8.38713
    endloop
  endfacet
  facet normal 0 1 0
    outer loop
      vertex 151.946 68.7 8.44011
      vertex 152.026 68.7 7.2923
      vertex 151.624 68.7 7.35706
    endloop
  endfacet
  facet normal 0 1 0
    outer loop
      vertex 152.312 68.7 8.38713
      vertex 152.026 68.7 7.2923
      vertex 151.946 68.7 8.44011
    endloop
  endfacet
  facet normal -0 1 0
    outer loop
      vertex 152.026 68.7 7.2923
      vertex 152.312 68.7 8.38713
      vertex 152.427 68.7 7.25345
    endloop
  endfacet
  facet normal 0 1 -0
    outer loop
      vertex 149.324 68.7 9.48946
      vertex 146.343 68.7 10.8693
      vertex 149.324 68.7 10.8693
    endloop
  endfacet
  facet normal 0 1 0
    outer loop
      vertex 146.343 68.7 10.8693
      vertex 149.324 68.7 9.48946
      vertex 146.343 68.7 9.48946
    endloop
  endfacet
  facet normal 0 1 0
    outer loop
      vertex 174.852 68.7 12.6971
      vertex 173.152 68.7 11.9176
      vertex 173.152 68.7 12.6971
    endloop
  endfacet
  facet normal 0 1 0
    outer loop
      vertex 172.65 68.7 12.4282
      vertex 172.358 68.7 11.546
      vertex 172.022 68.7 11.5906
    endloop
  endfacet
  facet normal 0 1 0
    outer loop
      vertex 173.022 68.7 10.8828
      vertex 173.152 68.7 11.9176
      vertex 174.852 68.7 12.6971
    endloop
  endfacet
  facet normal 0 1 0
    outer loop
      vertex 172.91 68.7 12.2
      vertex 172.637 68.7 11.4123
      vertex 172.358 68.7 11.546
    endloop
  endfacet
  facet normal 0 1 0
    outer loop
      vertex 173.152 68.7 11.9176
      vertex 172.86 68.7 11.1895
      vertex 172.637 68.7 11.4123
    endloop
  endfacet
  facet normal 0 1 0
    outer loop
      vertex 173.152 68.7 11.9176
      vertex 173.022 68.7 10.8828
      vertex 172.86 68.7 11.1895
    endloop
  endfacet
  facet normal 0 1 0
    outer loop
      vertex 174.852 68.7 12.6971
      vertex 173.12 68.7 10.4976
      vertex 173.022 68.7 10.8828
    endloop
  endfacet
  facet normal 0 1 0
    outer loop
      vertex 174.852 68.7 12.6971
      vertex 173.152 68.7 10.0338
      vertex 173.12 68.7 10.4976
    endloop
  endfacet
  facet normal 0 1 0
    outer loop
      vertex 174.852 68.7 12.6971
      vertex 173.12 68.7 9.56996
      vertex 173.152 68.7 10.0338
    endloop
  endfacet
  facet normal 0 1 -0
    outer loop
      vertex 174.852 68.7 5.3589
      vertex 173.12 68.7 9.56996
      vertex 174.852 68.7 12.6971
    endloop
  endfacet
  facet normal 0 1 0
    outer loop
      vertex 172.637 68.7 8.65521
      vertex 172.91 68.7 7.86302
      vertex 172.358 68.7 8.52155
    endloop
  endfacet
  facet normal 0 1 -0
    outer loop
      vertex 172.91 68.7 7.86302
      vertex 172.637 68.7 8.65521
      vertex 173.152 68.7 8.14546
    endloop
  endfacet
  facet normal 0 1 0
    outer loop
      vertex 172.86 68.7 8.87801
      vertex 173.152 68.7 8.14546
      vertex 172.637 68.7 8.65521
    endloop
  endfacet
  facet normal 0 1 0
    outer loop
      vertex 173.022 68.7 9.18469
      vertex 173.152 68.7 8.14546
      vertex 172.86 68.7 8.87801
    endloop
  endfacet
  facet normal 0 1 0
    outer loop
      vertex 173.12 68.7 9.56996
      vertex 173.152 68.7 8.14546
      vertex 173.022 68.7 9.18469
    endloop
  endfacet
  facet normal 0 1 0
    outer loop
      vertex 173.12 68.7 9.56996
      vertex 174.852 68.7 5.3589
      vertex 173.152 68.7 8.14546
    endloop
  endfacet
  facet normal 0 1 0
    outer loop
      vertex 173.152 68.7 8.14546
      vertex 174.852 68.7 5.3589
      vertex 173.152 68.7 5.3589
    endloop
  endfacet
  facet normal 0 1 -0
    outer loop
      vertex 171.687 68.7 11.5463
      vertex 171.391 68.7 12.8226
      vertex 171.747 68.7 12.7981
    endloop
  endfacet
  facet normal 0 1 0
    outer loop
      vertex 171.687 68.7 11.5463
      vertex 171.747 68.7 12.7981
      vertex 172.075 68.7 12.7246
    endloop
  endfacet
  facet normal 0 1 0
    outer loop
      vertex 172.022 68.7 11.5906
      vertex 172.075 68.7 12.7246
      vertex 172.374 68.7 12.6022
    endloop
  endfacet
  facet normal 0 1 -0
    outer loop
      vertex 171.41 68.7 11.4134
      vertex 171.391 68.7 12.8226
      vertex 171.687 68.7 11.5463
    endloop
  endfacet
  facet normal 0 1 0
    outer loop
      vertex 172.022 68.7 11.5906
      vertex 172.374 68.7 12.6022
      vertex 172.65 68.7 12.4282
    endloop
  endfacet
  facet normal 0 1 0
    outer loop
      vertex 172.358 68.7 11.546
      vertex 172.65 68.7 12.4282
      vertex 172.91 68.7 12.2
    endloop
  endfacet
  facet normal 0 1 0
    outer loop
      vertex 171.391 68.7 12.8226
      vertex 171.41 68.7 11.4134
      vertex 170.775 68.7 12.7358
    endloop
  endfacet
  facet normal 0 1 0
    outer loop
      vertex 172.637 68.7 11.4123
      vertex 172.91 68.7 12.2
      vertex 173.152 68.7 11.9176
    endloop
  endfacet
  facet normal 0 1 0
    outer loop
      vertex 172.075 68.7 12.7246
      vertex 172.022 68.7 11.5906
      vertex 171.687 68.7 11.5463
    endloop
  endfacet
  facet normal 0 1 0
    outer loop
      vertex 170.775 68.7 12.7358
      vertex 171.41 68.7 11.4134
      vertex 170.237 68.7 12.4755
    endloop
  endfacet
  facet normal 0 1 -0
    outer loop
      vertex 171.189 68.7 11.1918
      vertex 170.237 68.7 12.4755
      vertex 171.41 68.7 11.4134
    endloop
  endfacet
  facet normal 0 1 0
    outer loop
      vertex 170.237 68.7 12.4755
      vertex 171.189 68.7 11.1918
      vertex 169.777 68.7 12.0417
    endloop
  endfacet
  facet normal 0 1 -0
    outer loop
      vertex 171.03 68.7 10.886
      vertex 169.777 68.7 12.0417
      vertex 171.189 68.7 11.1918
    endloop
  endfacet
  facet normal 0 1 0
    outer loop
      vertex 169.777 68.7 12.0417
      vertex 171.03 68.7 10.886
      vertex 169.426 68.7 11.4713
    endloop
  endfacet
  facet normal 0 1 -0
    outer loop
      vertex 170.934 68.7 10.5
      vertex 169.426 68.7 11.4713
      vertex 171.03 68.7 10.886
    endloop
  endfacet
  facet normal 0 1 0
    outer loop
      vertex 169.426 68.7 11.4713
      vertex 170.934 68.7 10.5
      vertex 169.216 68.7 10.8013
    endloop
  endfacet
  facet normal 0 1 0
    outer loop
      vertex 169.146 68.7 10.0315
      vertex 170.934 68.7 10.5
      vertex 170.902 68.7 10.0338
    endloop
  endfacet
  facet normal 0 1 0
    outer loop
      vertex 170.934 68.7 10.5
      vertex 169.146 68.7 10.0315
      vertex 169.216 68.7 10.8013
    endloop
  endfacet
  facet normal 0 1 0
    outer loop
      vertex 170.934 68.7 9.56758
      vertex 169.146 68.7 10.0315
      vertex 170.902 68.7 10.0338
    endloop
  endfacet
  facet normal 0 1 0
    outer loop
      vertex 170.934 68.7 9.56758
      vertex 169.216 68.7 9.26178
      vertex 169.146 68.7 10.0315
    endloop
  endfacet
  facet normal 0 1 0
    outer loop
      vertex 169.426 68.7 8.59169
      vertex 170.934 68.7 9.56758
      vertex 171.03 68.7 9.18152
    endloop
  endfacet
  facet normal 0 1 0
    outer loop
      vertex 169.777 68.7 8.02129
      vertex 171.03 68.7 9.18152
      vertex 171.189 68.7 8.87563
    endloop
  endfacet
  facet normal 0 1 0
    outer loop
      vertex 170.237 68.7 7.58751
      vertex 171.189 68.7 8.87563
      vertex 171.41 68.7 8.65416
    endloop
  endfacet
  facet normal 0 1 0
    outer loop
      vertex 170.934 68.7 9.56758
      vertex 169.426 68.7 8.59169
      vertex 169.216 68.7 9.26178
    endloop
  endfacet
  facet normal 0 1 0
    outer loop
      vertex 171.391 68.7 7.24051
      vertex 171.41 68.7 8.65416
      vertex 171.687 68.7 8.52127
    endloop
  endfacet
  facet normal 0 1 -0
    outer loop
      vertex 171.747 68.7 7.26498
      vertex 171.687 68.7 8.52127
      vertex 172.022 68.7 8.47699
    endloop
  endfacet
  facet normal 0 1 -0
    outer loop
      vertex 172.65 68.7 7.63481
      vertex 172.358 68.7 8.52155
      vertex 172.91 68.7 7.86302
    endloop
  endfacet
  facet normal 0 1 0
    outer loop
      vertex 171.03 68.7 9.18152
      vertex 169.777 68.7 8.02129
      vertex 169.426 68.7 8.59169
    endloop
  endfacet
  facet normal 0 1 0
    outer loop
      vertex 172.358 68.7 8.52155
      vertex 172.65 68.7 7.63481
      vertex 172.022 68.7 8.47699
    endloop
  endfacet
  facet normal 0 1 -0
    outer loop
      vertex 172.374 68.7 7.4608
      vertex 172.022 68.7 8.47699
      vertex 172.65 68.7 7.63481
    endloop
  endfacet
  facet normal 0 1 0
    outer loop
      vertex 171.687 68.7 8.52127
      vertex 171.747 68.7 7.26498
      vertex 171.391 68.7 7.24051
    endloop
  endfacet
  facet normal 0 1 -0
    outer loop
      vertex 172.075 68.7 7.33841
      vertex 172.022 68.7 8.47699
      vertex 172.374 68.7 7.4608
    endloop
  endfacet
  facet normal 0 1 0
    outer loop
      vertex 172.022 68.7 8.47699
      vertex 172.075 68.7 7.33841
      vertex 171.747 68.7 7.26498
    endloop
  endfacet
  facet normal 0 1 0
    outer loop
      vertex 171.41 68.7 8.65416
      vertex 171.391 68.7 7.24051
      vertex 170.775 68.7 7.32726
    endloop
  endfacet
  facet normal 0 1 0
    outer loop
      vertex 171.189 68.7 8.87563
      vertex 170.237 68.7 7.58751
      vertex 169.777 68.7 8.02129
    endloop
  endfacet
  facet normal 0 1 0
    outer loop
      vertex 171.41 68.7 8.65416
      vertex 170.775 68.7 7.32726
      vertex 170.237 68.7 7.58751
    endloop
  endfacet
  facet normal 0 1 -0
    outer loop
      vertex 165.872 68.7 11.5634
      vertex 165.525 68.7 12.8226
      vertex 166.376 68.7 12.7403
    endloop
  endfacet
  facet normal 0 1 0
    outer loop
      vertex 166.159 68.7 11.428
      vertex 166.376 68.7 12.7403
      vertex 167.094 68.7 12.4934
    endloop
  endfacet
  facet normal 0 1 0
    outer loop
      vertex 165.525 68.7 12.8226
      vertex 165.872 68.7 11.5634
      vertex 165.525 68.7 11.6085
    endloop
  endfacet
  facet normal 0 1 0
    outer loop
      vertex 166.387 68.7 11.2023
      vertex 167.094 68.7 12.4934
      vertex 167.678 68.7 12.082
    endloop
  endfacet
  facet normal 0 1 0
    outer loop
      vertex 165.525 68.7 12.8226
      vertex 165.184 68.7 11.5634
      vertex 164.677 68.7 12.7403
    endloop
  endfacet
  facet normal 0 1 -0
    outer loop
      vertex 164.901 68.7 11.428
      vertex 164.677 68.7 12.7403
      vertex 165.184 68.7 11.5634
    endloop
  endfacet
  facet normal 0 1 0
    outer loop
      vertex 165.184 68.7 11.5634
      vertex 165.525 68.7 12.8226
      vertex 165.525 68.7 11.6085
    endloop
  endfacet
  facet normal 0 1 0
    outer loop
      vertex 166.552 68.7 10.8918
      vertex 167.678 68.7 12.082
      vertex 168.109 68.7 11.5251
    endloop
  endfacet
  facet normal 0 1 0
    outer loop
      vertex 166.376 68.7 12.7403
      vertex 166.159 68.7 11.428
      vertex 165.872 68.7 11.5634
    endloop
  endfacet
  facet normal 0 1 0
    outer loop
      vertex 167.094 68.7 12.4934
      vertex 166.387 68.7 11.2023
      vertex 166.159 68.7 11.428
    endloop
  endfacet
  facet normal 0 1 0
    outer loop
      vertex 167.678 68.7 12.082
      vertex 166.552 68.7 10.8918
      vertex 166.387 68.7 11.2023
    endloop
  endfacet
  facet normal 0 1 0
    outer loop
      vertex 166.65 68.7 10.5015
      vertex 168.109 68.7 11.5251
      vertex 168.368 68.7 10.8416
    endloop
  endfacet
  facet normal 0 1 0
    outer loop
      vertex 168.109 68.7 11.5251
      vertex 166.65 68.7 10.5015
      vertex 166.552 68.7 10.8918
    endloop
  endfacet
  facet normal 0 1 0
    outer loop
      vertex 168.454 68.7 10.0315
      vertex 166.65 68.7 10.5015
      vertex 168.368 68.7 10.8416
    endloop
  endfacet
  facet normal 0 1 0
    outer loop
      vertex 168.454 68.7 10.0315
      vertex 166.683 68.7 10.0315
      vertex 166.65 68.7 10.5015
    endloop
  endfacet
  facet normal 0 1 0
    outer loop
      vertex 168.454 68.7 10.0315
      vertex 166.65 68.7 9.56155
      vertex 166.683 68.7 10.0315
    endloop
  endfacet
  facet normal 0 1 -0
    outer loop
      vertex 168.368 68.7 9.22145
      vertex 166.65 68.7 9.56155
      vertex 168.454 68.7 10.0315
    endloop
  endfacet
  facet normal 0 1 -0
    outer loop
      vertex 168.109 68.7 8.53793
      vertex 166.65 68.7 9.56155
      vertex 168.368 68.7 9.22145
    endloop
  endfacet
  facet normal 0 1 0
    outer loop
      vertex 166.65 68.7 9.56155
      vertex 168.109 68.7 8.53793
      vertex 166.552 68.7 9.17126
    endloop
  endfacet
  facet normal 0 1 -0
    outer loop
      vertex 167.678 68.7 7.98096
      vertex 166.552 68.7 9.17126
      vertex 168.109 68.7 8.53793
    endloop
  endfacet
  facet normal 0 1 0
    outer loop
      vertex 166.552 68.7 9.17126
      vertex 167.678 68.7 7.98096
      vertex 166.387 68.7 8.86066
    endloop
  endfacet
  facet normal 0 1 -0
    outer loop
      vertex 167.094 68.7 7.5696
      vertex 166.387 68.7 8.86066
      vertex 167.678 68.7 7.98096
    endloop
  endfacet
  facet normal 0 1 0
    outer loop
      vertex 166.387 68.7 8.86066
      vertex 167.094 68.7 7.5696
      vertex 166.159 68.7 8.63506
    endloop
  endfacet
  facet normal 0 1 -0
    outer loop
      vertex 166.376 68.7 7.32277
      vertex 166.159 68.7 8.63506
      vertex 167.094 68.7 7.5696
    endloop
  endfacet
  facet normal 0 1 0
    outer loop
      vertex 164.677 68.7 12.7403
      vertex 164.901 68.7 11.428
      vertex 163.963 68.7 12.4934
    endloop
  endfacet
  facet normal 0 1 -0
    outer loop
      vertex 164.676 68.7 11.2023
      vertex 163.963 68.7 12.4934
      vertex 164.901 68.7 11.428
    endloop
  endfacet
  facet normal 0 1 0
    outer loop
      vertex 163.963 68.7 12.4934
      vertex 164.676 68.7 11.2023
      vertex 163.382 68.7 12.082
    endloop
  endfacet
  facet normal 0 1 -0
    outer loop
      vertex 164.512 68.7 10.8918
      vertex 163.382 68.7 12.082
      vertex 164.676 68.7 11.2023
    endloop
  endfacet
  facet normal 0 1 0
    outer loop
      vertex 163.382 68.7 12.082
      vertex 164.512 68.7 10.8918
      vertex 162.953 68.7 11.5251
    endloop
  endfacet
  facet normal 0 1 -0
    outer loop
      vertex 164.414 68.7 10.5015
      vertex 162.953 68.7 11.5251
      vertex 164.512 68.7 10.8918
    endloop
  endfacet
  facet normal 0 1 0
    outer loop
      vertex 162.953 68.7 11.5251
      vertex 164.414 68.7 10.5015
      vertex 162.696 68.7 10.8416
    endloop
  endfacet
  facet normal 0 1 0
    outer loop
      vertex 162.611 68.7 10.0315
      vertex 164.414 68.7 10.5015
      vertex 164.381 68.7 10.0315
    endloop
  endfacet
  facet normal 0 1 0
    outer loop
      vertex 164.414 68.7 10.5015
      vertex 162.611 68.7 10.0315
      vertex 162.696 68.7 10.8416
    endloop
  endfacet
  facet normal 0 1 0
    outer loop
      vertex 164.414 68.7 9.56155
      vertex 162.611 68.7 10.0315
      vertex 164.381 68.7 10.0315
    endloop
  endfacet
  facet normal 0 1 0
    outer loop
      vertex 164.414 68.7 9.56155
      vertex 162.696 68.7 9.22145
      vertex 162.611 68.7 10.0315
    endloop
  endfacet
  facet normal 0 1 0
    outer loop
      vertex 162.953 68.7 8.53793
      vertex 164.414 68.7 9.56155
      vertex 164.512 68.7 9.17126
    endloop
  endfacet
  facet normal 0 1 0
    outer loop
      vertex 163.382 68.7 7.98096
      vertex 164.512 68.7 9.17126
      vertex 164.676 68.7 8.86066
    endloop
  endfacet
  facet normal 0 1 0
    outer loop
      vertex 163.963 68.7 7.5696
      vertex 164.676 68.7 8.86066
      vertex 164.901 68.7 8.63506
    endloop
  endfacet
  facet normal 0 1 0
    outer loop
      vertex 164.414 68.7 9.56155
      vertex 162.953 68.7 8.53793
      vertex 162.696 68.7 9.22145
    endloop
  endfacet
  facet normal 0 1 0
    outer loop
      vertex 164.677 68.7 7.32277
      vertex 164.901 68.7 8.63506
      vertex 165.184 68.7 8.49969
    endloop
  endfacet
  facet normal 0 1 -0
    outer loop
      vertex 165.525 68.7 7.24051
      vertex 165.184 68.7 8.49969
      vertex 165.525 68.7 8.45459
    endloop
  endfacet
  facet normal 0 1 0
    outer loop
      vertex 166.159 68.7 8.63506
      vertex 166.376 68.7 7.32277
      vertex 165.872 68.7 8.49969
    endloop
  endfacet
  facet normal 0 1 0
    outer loop
      vertex 165.184 68.7 8.49969
      vertex 165.525 68.7 7.24051
      vertex 164.677 68.7 7.32277
    endloop
  endfacet
  facet normal 0 1 0
    outer loop
      vertex 165.525 68.7 7.24051
      vertex 165.872 68.7 8.49969
      vertex 166.376 68.7 7.32277
    endloop
  endfacet
  facet normal 0 1 0
    outer loop
      vertex 164.901 68.7 8.63506
      vertex 164.677 68.7 7.32277
      vertex 163.963 68.7 7.5696
    endloop
  endfacet
  facet normal 0 1 0
    outer loop
      vertex 165.872 68.7 8.49969
      vertex 165.525 68.7 7.24051
      vertex 165.525 68.7 8.45459
    endloop
  endfacet
  facet normal 0 1 0
    outer loop
      vertex 164.676 68.7 8.86066
      vertex 163.963 68.7 7.5696
      vertex 163.382 68.7 7.98096
    endloop
  endfacet
  facet normal 0 1 0
    outer loop
      vertex 164.512 68.7 9.17126
      vertex 163.382 68.7 7.98096
      vertex 162.953 68.7 8.53793
    endloop
  endfacet
  facet normal -0.217517 0 -0.976057
    outer loop
      vertex 126.919 67.9 7.33736
      vertex 127.245 68.7 7.26471
      vertex 127.245 67.9 7.26471
    endloop
  endfacet
  facet normal -0.217517 0 -0.976057
    outer loop
      vertex 127.245 68.7 7.26471
      vertex 126.919 67.9 7.33736
      vertex 126.919 68.7 7.33736
    endloop
  endfacet
  facet normal -0.37855 0 -0.925581
    outer loop
      vertex 126.623 67.9 7.45842
      vertex 126.919 68.7 7.33736
      vertex 126.919 67.9 7.33736
    endloop
  endfacet
  facet normal -0.37855 0 -0.925581
    outer loop
      vertex 126.919 68.7 7.33736
      vertex 126.623 67.9 7.45842
      vertex 126.623 68.7 7.45842
    endloop
  endfacet
  facet normal -0.534362 0 -0.845256
    outer loop
      vertex 126.349 67.9 7.63164
      vertex 126.623 68.7 7.45842
      vertex 126.623 67.9 7.45842
    endloop
  endfacet
  facet normal -0.534362 0 -0.845256
    outer loop
      vertex 126.623 68.7 7.45842
      vertex 126.349 67.9 7.63164
      vertex 126.349 68.7 7.63164
    endloop
  endfacet
  facet normal -0.663824 0 -0.747889
    outer loop
      vertex 126.091 67.9 7.86064
      vertex 126.349 68.7 7.63164
      vertex 126.349 67.9 7.63164
    endloop
  endfacet
  facet normal -0.663824 0 -0.747889
    outer loop
      vertex 126.349 68.7 7.63164
      vertex 126.091 67.9 7.86064
      vertex 126.091 68.7 7.86064
    endloop
  endfacet
  facet normal -0.762067 0 -0.647498
    outer loop
      vertex 126.091 67.9 7.86064
      vertex 125.849 68.7 8.14546
      vertex 126.091 68.7 7.86064
    endloop
  endfacet
  facet normal -0.762067 -0 -0.647498
    outer loop
      vertex 125.849 68.7 8.14546
      vertex 126.091 67.9 7.86064
      vertex 125.849 67.9 8.14546
    endloop
  endfacet
  facet normal 1 -0 0
    outer loop
      vertex 125.849 67.9 8.14546
      vertex 125.849 68.7 7.37938
      vertex 125.849 68.7 8.14546
    endloop
  endfacet
  facet normal 1 0 0
    outer loop
      vertex 125.849 68.7 7.37938
      vertex 125.849 67.9 8.14546
      vertex 125.849 67.9 7.37938
    endloop
  endfacet
  facet normal 0 0 -1
    outer loop
      vertex 124.14 67.9 7.37938
      vertex 125.849 68.7 7.37938
      vertex 125.849 67.9 7.37938
    endloop
  endfacet
  facet normal -0 0 -1
    outer loop
      vertex 125.849 68.7 7.37938
      vertex 124.14 67.9 7.37938
      vertex 124.14 68.7 7.37938
    endloop
  endfacet
  facet normal -1 0 0
    outer loop
      vertex 124.14 67.9 7.37938
      vertex 124.14 68.7 14.7669
      vertex 124.14 68.7 7.37938
    endloop
  endfacet
  facet normal -1 -0 0
    outer loop
      vertex 124.14 68.7 14.7669
      vertex 124.14 67.9 7.37938
      vertex 124.14 67.9 14.7669
    endloop
  endfacet
  facet normal -0 0 1
    outer loop
      vertex 124.14 68.7 14.7669
      vertex 125.849 67.9 14.7669
      vertex 125.849 68.7 14.7669
    endloop
  endfacet
  facet normal 0 0 1
    outer loop
      vertex 125.849 67.9 14.7669
      vertex 124.14 68.7 14.7669
      vertex 124.14 67.9 14.7669
    endloop
  endfacet
  facet normal 1 -0 0
    outer loop
      vertex 125.849 67.9 14.7669
      vertex 125.849 68.7 11.9176
      vertex 125.849 68.7 14.7669
    endloop
  endfacet
  facet normal 1 0 0
    outer loop
      vertex 125.849 68.7 11.9176
      vertex 125.849 67.9 14.7669
      vertex 125.849 67.9 11.9176
    endloop
  endfacet
  facet normal -0.759333 0 0.650703
    outer loop
      vertex 125.849 67.9 11.9176
      vertex 126.091 68.7 12.2
      vertex 125.849 68.7 11.9176
    endloop
  endfacet
  facet normal -0.759333 0 0.650703
    outer loop
      vertex 126.091 68.7 12.2
      vertex 125.849 67.9 11.9176
      vertex 126.091 67.9 12.2
    endloop
  endfacet
  facet normal -0.661085 0 0.750311
    outer loop
      vertex 126.091 68.7 12.2
      vertex 126.35 67.9 12.4282
      vertex 126.35 68.7 12.4282
    endloop
  endfacet
  facet normal -0.661085 0 0.750311
    outer loop
      vertex 126.35 67.9 12.4282
      vertex 126.091 68.7 12.2
      vertex 126.091 67.9 12.2
    endloop
  endfacet
  facet normal -0.534686 0 0.845051
    outer loop
      vertex 126.35 68.7 12.4282
      vertex 126.625 67.9 12.6022
      vertex 126.625 68.7 12.6022
    endloop
  endfacet
  facet normal -0.534686 0 0.845051
    outer loop
      vertex 126.625 67.9 12.6022
      vertex 126.35 68.7 12.4282
      vertex 126.35 67.9 12.4282
    endloop
  endfacet
  facet normal -0.381032 0 0.924562
    outer loop
      vertex 126.625 68.7 12.6022
      vertex 126.922 67.9 12.7246
      vertex 126.922 68.7 12.7246
    endloop
  endfacet
  facet normal -0.381032 0 0.924562
    outer loop
      vertex 126.922 67.9 12.7246
      vertex 126.625 68.7 12.6022
      vertex 126.625 67.9 12.6022
    endloop
  endfacet
  facet normal -0.220583 0 0.975368
    outer loop
      vertex 126.922 68.7 12.7246
      vertex 127.247 67.9 12.7981
      vertex 127.247 68.7 12.7981
    endloop
  endfacet
  facet normal -0.220583 0 0.975368
    outer loop
      vertex 127.247 67.9 12.7981
      vertex 126.922 68.7 12.7246
      vertex 126.922 67.9 12.7246
    endloop
  endfacet
  facet normal -0.0692385 0 0.9976
    outer loop
      vertex 127.247 68.7 12.7981
      vertex 127.6 67.9 12.8226
      vertex 127.6 68.7 12.8226
    endloop
  endfacet
  facet normal -0.0692385 0 0.9976
    outer loop
      vertex 127.6 67.9 12.8226
      vertex 127.247 68.7 12.7981
      vertex 127.247 67.9 12.7981
    endloop
  endfacet
  facet normal 0.139531 0 0.990218
    outer loop
      vertex 127.6 68.7 12.8226
      vertex 128.216 67.9 12.7358
      vertex 128.216 68.7 12.7358
    endloop
  endfacet
  facet normal 0.139531 0 0.990218
    outer loop
      vertex 128.216 67.9 12.7358
      vertex 127.6 68.7 12.8226
      vertex 127.6 67.9 12.8226
    endloop
  endfacet
  facet normal 0.43553 0 0.900174
    outer loop
      vertex 128.216 68.7 12.7358
      vertex 128.754 67.9 12.4755
      vertex 128.754 68.7 12.4755
    endloop
  endfacet
  facet normal 0.43553 0 0.900174
    outer loop
      vertex 128.754 67.9 12.4755
      vertex 128.216 68.7 12.7358
      vertex 128.216 67.9 12.7358
    endloop
  endfacet
  facet normal 0.686085 0 0.727522
    outer loop
      vertex 128.754 68.7 12.4755
      vertex 129.214 67.9 12.0417
      vertex 129.214 68.7 12.0417
    endloop
  endfacet
  facet normal 0.686085 0 0.727522
    outer loop
      vertex 129.214 67.9 12.0417
      vertex 128.754 68.7 12.4755
      vertex 128.754 67.9 12.4755
    endloop
  endfacet
  facet normal 0.851669 -0 0.524081
    outer loop
      vertex 129.214 67.9 12.0417
      vertex 129.565 68.7 11.4713
      vertex 129.214 68.7 12.0417
    endloop
  endfacet
  facet normal 0.851669 0 0.524081
    outer loop
      vertex 129.565 68.7 11.4713
      vertex 129.214 67.9 12.0417
      vertex 129.565 67.9 11.4713
    endloop
  endfacet
  facet normal 0.954226 -0 0.299086
    outer loop
      vertex 129.565 67.9 11.4713
      vertex 129.775 68.7 10.8013
      vertex 129.565 68.7 11.4713
    endloop
  endfacet
  facet normal 0.954226 0 0.299086
    outer loop
      vertex 129.775 68.7 10.8013
      vertex 129.565 67.9 11.4713
      vertex 129.775 67.9 10.8013
    endloop
  endfacet
  facet normal 0.995774 -0 0.0918419
    outer loop
      vertex 129.775 67.9 10.8013
      vertex 129.846 68.7 10.0315
      vertex 129.775 68.7 10.8013
    endloop
  endfacet
  facet normal 0.995774 0 0.0918419
    outer loop
      vertex 129.846 68.7 10.0315
      vertex 129.775 67.9 10.8013
      vertex 129.846 67.9 10.0315
    endloop
  endfacet
  facet normal 0.995773 0 -0.0918514
    outer loop
      vertex 129.846 67.9 10.0315
      vertex 129.775 68.7 9.26178
      vertex 129.846 68.7 10.0315
    endloop
  endfacet
  facet normal 0.995773 0 -0.0918514
    outer loop
      vertex 129.775 68.7 9.26178
      vertex 129.846 67.9 10.0315
      vertex 129.775 67.9 9.26178
    endloop
  endfacet
  facet normal 0.954238 0 -0.299049
    outer loop
      vertex 129.775 67.9 9.26178
      vertex 129.565 68.7 8.59169
      vertex 129.775 68.7 9.26178
    endloop
  endfacet
  facet normal 0.954238 0 -0.299049
    outer loop
      vertex 129.565 68.7 8.59169
      vertex 129.775 67.9 9.26178
      vertex 129.565 67.9 8.59169
    endloop
  endfacet
  facet normal 0.851669 0 -0.524081
    outer loop
      vertex 129.565 67.9 8.59169
      vertex 129.214 68.7 8.02129
      vertex 129.565 68.7 8.59169
    endloop
  endfacet
  facet normal 0.851669 0 -0.524081
    outer loop
      vertex 129.214 68.7 8.02129
      vertex 129.565 67.9 8.59169
      vertex 129.214 67.9 8.02129
    endloop
  endfacet
  facet normal 0.686068 0 -0.727538
    outer loop
      vertex 128.754 67.9 7.58751
      vertex 129.214 68.7 8.02129
      vertex 129.214 67.9 8.02129
    endloop
  endfacet
  facet normal 0.686068 0 -0.727538
    outer loop
      vertex 129.214 68.7 8.02129
      vertex 128.754 67.9 7.58751
      vertex 128.754 68.7 7.58751
    endloop
  endfacet
  facet normal 0.435463 0 -0.900207
    outer loop
      vertex 128.216 67.9 7.32726
      vertex 128.754 68.7 7.58751
      vertex 128.754 67.9 7.58751
    endloop
  endfacet
  facet normal 0.435463 0 -0.900207
    outer loop
      vertex 128.754 68.7 7.58751
      vertex 128.216 67.9 7.32726
      vertex 128.216 68.7 7.32726
    endloop
  endfacet
  facet normal 0.139452 0 -0.990229
    outer loop
      vertex 127.6 67.9 7.24051
      vertex 128.216 68.7 7.32726
      vertex 128.216 67.9 7.32726
    endloop
  endfacet
  facet normal 0.139452 0 -0.990229
    outer loop
      vertex 128.216 68.7 7.32726
      vertex 127.6 67.9 7.24051
      vertex 127.6 68.7 7.24051
    endloop
  endfacet
  facet normal -0.0680112 0 -0.997685
    outer loop
      vertex 127.245 67.9 7.26471
      vertex 127.6 68.7 7.24051
      vertex 127.6 67.9 7.24051
    endloop
  endfacet
  facet normal -0.0680112 0 -0.997685
    outer loop
      vertex 127.6 68.7 7.24051
      vertex 127.245 67.9 7.26471
      vertex 127.245 68.7 7.26471
    endloop
  endfacet
  facet normal -0.433819 0 0.901
    outer loop
      vertex 127.302 68.7 8.52127
      vertex 127.578 67.9 8.65416
      vertex 127.578 68.7 8.65416
    endloop
  endfacet
  facet normal -0.433819 0 0.901
    outer loop
      vertex 127.578 67.9 8.65416
      vertex 127.302 68.7 8.52127
      vertex 127.302 67.9 8.52127
    endloop
  endfacet
  facet normal -0.711061 0 0.703131
    outer loop
      vertex 127.578 67.9 8.65416
      vertex 127.797 68.7 8.87563
      vertex 127.578 68.7 8.65416
    endloop
  endfacet
  facet normal -0.711061 0 0.703131
    outer loop
      vertex 127.797 68.7 8.87563
      vertex 127.578 67.9 8.65416
      vertex 127.797 67.9 8.87563
    endloop
  endfacet
  facet normal -0.886103 0 0.463488
    outer loop
      vertex 127.797 67.9 8.87563
      vertex 127.957 68.7 9.18152
      vertex 127.797 68.7 8.87563
    endloop
  endfacet
  facet normal -0.886103 0 0.463488
    outer loop
      vertex 127.957 68.7 9.18152
      vertex 127.797 67.9 8.87563
      vertex 127.957 67.9 9.18152
    endloop
  endfacet
  facet normal -0.970446 0 0.241317
    outer loop
      vertex 127.957 67.9 9.18152
      vertex 128.053 68.7 9.56758
      vertex 127.957 68.7 9.18152
    endloop
  endfacet
  facet normal -0.970446 0 0.241317
    outer loop
      vertex 128.053 68.7 9.56758
      vertex 127.957 67.9 9.18152
      vertex 128.053 67.9 9.56758
    endloop
  endfacet
  facet normal -0.997653 0 0.068476
    outer loop
      vertex 128.053 67.9 9.56758
      vertex 128.085 68.7 10.0338
      vertex 128.053 68.7 9.56758
    endloop
  endfacet
  facet normal -0.997653 0 0.068476
    outer loop
      vertex 128.085 68.7 10.0338
      vertex 128.053 67.9 9.56758
      vertex 128.085 67.9 10.0338
    endloop
  endfacet
  facet normal -0.997653 0 -0.0684789
    outer loop
      vertex 128.085 67.9 10.0338
      vertex 128.053 68.7 10.5
      vertex 128.085 68.7 10.0338
    endloop
  endfacet
  facet normal -0.997653 -0 -0.0684789
    outer loop
      vertex 128.053 68.7 10.5
      vertex 128.085 67.9 10.0338
      vertex 128.053 67.9 10.5
    endloop
  endfacet
  facet normal -0.970438 0 -0.241352
    outer loop
      vertex 128.053 67.9 10.5
      vertex 127.957 68.7 10.886
      vertex 128.053 68.7 10.5
    endloop
  endfacet
  facet normal -0.970438 -0 -0.241352
    outer loop
      vertex 127.957 68.7 10.886
      vertex 128.053 67.9 10.5
      vertex 127.957 67.9 10.886
    endloop
  endfacet
  facet normal -0.886047 0 -0.463596
    outer loop
      vertex 127.957 67.9 10.886
      vertex 127.797 68.7 11.1918
      vertex 127.957 68.7 10.886
    endloop
  endfacet
  facet normal -0.886047 -0 -0.463596
    outer loop
      vertex 127.797 68.7 11.1918
      vertex 127.957 67.9 10.886
      vertex 127.797 67.9 11.1918
    endloop
  endfacet
  facet normal -0.711267 0 -0.702922
    outer loop
      vertex 127.797 67.9 11.1918
      vertex 127.578 68.7 11.4134
      vertex 127.797 68.7 11.1918
    endloop
  endfacet
  facet normal -0.711267 -0 -0.702922
    outer loop
      vertex 127.578 68.7 11.4134
      vertex 127.797 67.9 11.1918
      vertex 127.578 67.9 11.4134
    endloop
  endfacet
  facet normal -0.433845 0 -0.900987
    outer loop
      vertex 127.302 67.9 11.5463
      vertex 127.578 68.7 11.4134
      vertex 127.578 67.9 11.4134
    endloop
  endfacet
  facet normal -0.433845 0 -0.900987
    outer loop
      vertex 127.578 68.7 11.4134
      vertex 127.302 67.9 11.5463
      vertex 127.302 68.7 11.5463
    endloop
  endfacet
  facet normal -0.131871 0 -0.991267
    outer loop
      vertex 126.969 67.9 11.5906
      vertex 127.302 68.7 11.5463
      vertex 127.302 67.9 11.5463
    endloop
  endfacet
  facet normal -0.131871 0 -0.991267
    outer loop
      vertex 127.302 68.7 11.5463
      vertex 126.969 67.9 11.5906
      vertex 126.969 68.7 11.5906
    endloop
  endfacet
  facet normal 0.131098 0 -0.991369
    outer loop
      vertex 126.634 67.9 11.5463
      vertex 126.969 68.7 11.5906
      vertex 126.969 67.9 11.5906
    endloop
  endfacet
  facet normal 0.131098 0 -0.991369
    outer loop
      vertex 126.969 68.7 11.5906
      vertex 126.634 67.9 11.5463
      vertex 126.634 68.7 11.5463
    endloop
  endfacet
  facet normal 0.431306 0 -0.902206
    outer loop
      vertex 126.356 67.9 11.4134
      vertex 126.634 68.7 11.5463
      vertex 126.634 67.9 11.5463
    endloop
  endfacet
  facet normal 0.431306 0 -0.902206
    outer loop
      vertex 126.634 68.7 11.5463
      vertex 126.356 67.9 11.4134
      vertex 126.356 68.7 11.4134
    endloop
  endfacet
  facet normal 0.709664 0 -0.70454
    outer loop
      vertex 126.356 67.9 11.4134
      vertex 126.136 68.7 11.1918
      vertex 126.356 68.7 11.4134
    endloop
  endfacet
  facet normal 0.709664 0 -0.70454
    outer loop
      vertex 126.136 68.7 11.1918
      vertex 126.356 67.9 11.4134
      vertex 126.136 67.9 11.1918
    endloop
  endfacet
  facet normal 0.886047 0 -0.463596
    outer loop
      vertex 126.136 67.9 11.1918
      vertex 125.976 68.7 10.886
      vertex 126.136 68.7 11.1918
    endloop
  endfacet
  facet normal 0.886047 0 -0.463596
    outer loop
      vertex 125.976 68.7 10.886
      vertex 126.136 67.9 11.1918
      vertex 125.976 67.9 10.886
    endloop
  endfacet
  facet normal 0.971024 0 -0.238983
    outer loop
      vertex 125.976 67.9 10.886
      vertex 125.881 68.7 10.5
      vertex 125.976 68.7 10.886
    endloop
  endfacet
  facet normal 0.971024 0 -0.238983
    outer loop
      vertex 125.881 68.7 10.5
      vertex 125.976 67.9 10.886
      vertex 125.881 67.9 10.5
    endloop
  endfacet
  facet normal 0.997653 0 -0.0684789
    outer loop
      vertex 125.881 67.9 10.5
      vertex 125.849 68.7 10.0338
      vertex 125.881 68.7 10.5
    endloop
  endfacet
  facet normal 0.997653 0 -0.0684789
    outer loop
      vertex 125.849 68.7 10.0338
      vertex 125.881 67.9 10.5
      vertex 125.849 67.9 10.0338
    endloop
  endfacet
  facet normal 0.997653 -0 0.068476
    outer loop
      vertex 125.849 67.9 10.0338
      vertex 125.881 68.7 9.56758
      vertex 125.849 68.7 10.0338
    endloop
  endfacet
  facet normal 0.997653 0 0.068476
    outer loop
      vertex 125.881 68.7 9.56758
      vertex 125.849 67.9 10.0338
      vertex 125.881 67.9 9.56758
    endloop
  endfacet
  facet normal 0.971032 -0 0.238948
    outer loop
      vertex 125.881 67.9 9.56758
      vertex 125.976 68.7 9.18152
      vertex 125.881 68.7 9.56758
    endloop
  endfacet
  facet normal 0.971032 0 0.238948
    outer loop
      vertex 125.976 68.7 9.18152
      vertex 125.881 67.9 9.56758
      vertex 125.976 67.9 9.18152
    endloop
  endfacet
  facet normal 0.886103 -0 0.463488
    outer loop
      vertex 125.976 67.9 9.18152
      vertex 126.136 68.7 8.87563
      vertex 125.976 68.7 9.18152
    endloop
  endfacet
  facet normal 0.886103 0 0.463488
    outer loop
      vertex 126.136 68.7 8.87563
      vertex 125.976 67.9 9.18152
      vertex 126.136 67.9 8.87563
    endloop
  endfacet
  facet normal 0.709457 -0 0.704748
    outer loop
      vertex 126.136 67.9 8.87563
      vertex 126.356 68.7 8.65416
      vertex 126.136 68.7 8.87563
    endloop
  endfacet
  facet normal 0.709457 0 0.704748
    outer loop
      vertex 126.356 68.7 8.65416
      vertex 126.136 67.9 8.87563
      vertex 126.356 67.9 8.65416
    endloop
  endfacet
  facet normal 0.43128 0 0.902218
    outer loop
      vertex 126.356 68.7 8.65416
      vertex 126.634 67.9 8.52127
      vertex 126.634 68.7 8.52127
    endloop
  endfacet
  facet normal 0.43128 0 0.902218
    outer loop
      vertex 126.634 67.9 8.52127
      vertex 126.356 68.7 8.65416
      vertex 126.356 67.9 8.65416
    endloop
  endfacet
  facet normal 0.131039 0 0.991377
    outer loop
      vertex 126.634 68.7 8.52127
      vertex 126.969 67.9 8.47699
      vertex 126.969 68.7 8.47699
    endloop
  endfacet
  facet normal 0.131039 0 0.991377
    outer loop
      vertex 126.969 67.9 8.47699
      vertex 126.634 68.7 8.52127
      vertex 126.634 67.9 8.52127
    endloop
  endfacet
  facet normal -0.131813 0 0.991275
    outer loop
      vertex 126.969 68.7 8.47699
      vertex 127.302 67.9 8.52127
      vertex 127.302 68.7 8.52127
    endloop
  endfacet
  facet normal -0.131813 0 0.991275
    outer loop
      vertex 127.302 67.9 8.52127
      vertex 126.969 68.7 8.47699
      vertex 126.969 67.9 8.47699
    endloop
  endfacet
  facet normal 0.730317 0 -0.683109
    outer loop
      vertex 159.833 67.9 9.59671
      vertex 157.759 68.7 7.37938
      vertex 159.833 68.7 9.59671
    endloop
  endfacet
  facet normal 0.730317 0 -0.683109
    outer loop
      vertex 157.759 68.7 7.37938
      vertex 159.833 67.9 9.59671
      vertex 157.759 67.9 7.37938
    endloop
  endfacet
  facet normal 0 0 -1
    outer loop
      vertex 155.699 67.9 7.37938
      vertex 157.759 68.7 7.37938
      vertex 157.759 67.9 7.37938
    endloop
  endfacet
  facet normal -0 0 -1
    outer loop
      vertex 157.759 68.7 7.37938
      vertex 155.699 67.9 7.37938
      vertex 155.699 68.7 7.37938
    endloop
  endfacet
  facet normal -0.71667 0 0.697412
    outer loop
      vertex 155.699 67.9 7.37938
      vertex 158.499 68.7 10.2567
      vertex 155.699 68.7 7.37938
    endloop
  endfacet
  facet normal -0.71667 0 0.697412
    outer loop
      vertex 158.499 68.7 10.2567
      vertex 155.699 67.9 7.37938
      vertex 158.499 67.9 10.2567
    endloop
  endfacet
  facet normal -0.684934 0 -0.728605
    outer loop
      vertex 155.903 67.9 12.6971
      vertex 158.499 68.7 10.2567
      vertex 158.499 67.9 10.2567
    endloop
  endfacet
  facet normal -0.684934 0 -0.728605
    outer loop
      vertex 158.499 68.7 10.2567
      vertex 155.903 67.9 12.6971
      vertex 155.903 68.7 12.6971
    endloop
  endfacet
  facet normal -0 0 1
    outer loop
      vertex 155.903 68.7 12.6971
      vertex 157.877 67.9 12.6971
      vertex 157.877 68.7 12.6971
    endloop
  endfacet
  facet normal 0 0 1
    outer loop
      vertex 157.877 67.9 12.6971
      vertex 155.903 68.7 12.6971
      vertex 155.903 67.9 12.6971
    endloop
  endfacet
  facet normal 0.706274 0 0.707939
    outer loop
      vertex 157.877 68.7 12.6971
      vertex 159.833 67.9 10.7457
      vertex 159.833 68.7 10.7457
    endloop
  endfacet
  facet normal 0.706274 0 0.707939
    outer loop
      vertex 159.833 67.9 10.7457
      vertex 157.877 68.7 12.6971
      vertex 157.877 67.9 12.6971
    endloop
  endfacet
  facet normal -1 0 0
    outer loop
      vertex 159.833 67.9 10.7457
      vertex 159.833 68.7 14.7669
      vertex 159.833 68.7 10.7457
    endloop
  endfacet
  facet normal -1 -0 0
    outer loop
      vertex 159.833 68.7 14.7669
      vertex 159.833 67.9 10.7457
      vertex 159.833 67.9 14.7669
    endloop
  endfacet
  facet normal -0 0 1
    outer loop
      vertex 159.833 68.7 14.7669
      vertex 161.533 67.9 14.7669
      vertex 161.533 68.7 14.7669
    endloop
  endfacet
  facet normal 0 0 1
    outer loop
      vertex 161.533 67.9 14.7669
      vertex 159.833 68.7 14.7669
      vertex 159.833 67.9 14.7669
    endloop
  endfacet
  facet normal 1 -0 0
    outer loop
      vertex 161.533 67.9 14.7669
      vertex 161.533 68.7 7.37938
      vertex 161.533 68.7 14.7669
    endloop
  endfacet
  facet normal 1 0 0
    outer loop
      vertex 161.533 68.7 7.37938
      vertex 161.533 67.9 14.7669
      vertex 161.533 67.9 7.37938
    endloop
  endfacet
  facet normal 0 0 -1
    outer loop
      vertex 159.833 67.9 7.37938
      vertex 161.533 68.7 7.37938
      vertex 161.533 67.9 7.37938
    endloop
  endfacet
  facet normal -0 0 -1
    outer loop
      vertex 161.533 68.7 7.37938
      vertex 159.833 67.9 7.37938
      vertex 159.833 68.7 7.37938
    endloop
  endfacet
  facet normal -1 0 0
    outer loop
      vertex 159.833 67.9 7.37938
      vertex 159.833 68.7 9.59671
      vertex 159.833 68.7 7.37938
    endloop
  endfacet
  facet normal -1 -0 0
    outer loop
      vertex 159.833 68.7 9.59671
      vertex 159.833 67.9 7.37938
      vertex 159.833 67.9 9.59671
    endloop
  endfacet
  facet normal -0 0 1
    outer loop
      vertex 141.633 68.7 8.59346
      vertex 142.506 67.9 8.59346
      vertex 142.506 68.7 8.59346
    endloop
  endfacet
  facet normal 0 0 1
    outer loop
      vertex 142.506 67.9 8.59346
      vertex 141.633 68.7 8.59346
      vertex 141.633 67.9 8.59346
    endloop
  endfacet
  facet normal -0.0560123 0 0.99843
    outer loop
      vertex 142.506 68.7 8.59346
      vertex 142.765 67.9 8.60799
      vertex 142.765 68.7 8.60799
    endloop
  endfacet
  facet normal -0.0560123 0 0.99843
    outer loop
      vertex 142.765 67.9 8.60799
      vertex 142.506 68.7 8.59346
      vertex 142.506 67.9 8.59346
    endloop
  endfacet
  facet normal -0.218011 0 0.975946
    outer loop
      vertex 142.765 68.7 8.60799
      vertex 142.96 67.9 8.65155
      vertex 142.96 68.7 8.65155
    endloop
  endfacet
  facet normal -0.218011 0 0.975946
    outer loop
      vertex 142.96 67.9 8.65155
      vertex 142.765 68.7 8.60799
      vertex 142.765 67.9 8.60799
    endloop
  endfacet
  facet normal -0.487581 0 0.873078
    outer loop
      vertex 142.96 68.7 8.65155
      vertex 143.09 67.9 8.72415
      vertex 143.09 68.7 8.72415
    endloop
  endfacet
  facet normal -0.487581 0 0.873078
    outer loop
      vertex 143.09 67.9 8.72415
      vertex 142.96 68.7 8.65155
      vertex 142.96 67.9 8.65155
    endloop
  endfacet
  facet normal -0.811318 0 0.584605
    outer loop
      vertex 143.09 67.9 8.72415
      vertex 143.172 68.7 8.83795
      vertex 143.09 68.7 8.72415
    endloop
  endfacet
  facet normal -0.811318 0 0.584605
    outer loop
      vertex 143.172 68.7 8.83795
      vertex 143.09 67.9 8.72415
      vertex 143.172 67.9 8.83795
    endloop
  endfacet
  facet normal -0.959607 0 0.281342
    outer loop
      vertex 143.172 67.9 8.83795
      vertex 143.221 68.7 9.00508
      vertex 143.172 68.7 8.83795
    endloop
  endfacet
  facet normal -0.959607 0 0.281342
    outer loop
      vertex 143.221 68.7 9.00508
      vertex 143.172 67.9 8.83795
      vertex 143.221 67.9 9.00508
    endloop
  endfacet
  facet normal -0.997041 0 0.0768763
    outer loop
      vertex 143.221 67.9 9.00508
      vertex 143.238 68.7 9.22556
      vertex 143.221 68.7 9.00508
    endloop
  endfacet
  facet normal -0.997041 0 0.0768763
    outer loop
      vertex 143.238 68.7 9.22556
      vertex 143.221 67.9 9.00508
      vertex 143.238 67.9 9.22556
    endloop
  endfacet
  facet normal -1 0 0
    outer loop
      vertex 143.238 67.9 9.22556
      vertex 143.238 68.7 11.483
      vertex 143.238 68.7 9.22556
    endloop
  endfacet
  facet normal -1 -0 0
    outer loop
      vertex 143.238 68.7 11.483
      vertex 143.238 67.9 9.22556
      vertex 143.238 67.9 11.483
    endloop
  endfacet
  facet normal 0 0 -1
    outer loop
      vertex 141.486 67.9 11.483
      vertex 143.238 68.7 11.483
      vertex 143.238 67.9 11.483
    endloop
  endfacet
  facet normal -0 0 -1
    outer loop
      vertex 143.238 68.7 11.483
      vertex 141.486 67.9 11.483
      vertex 141.486 68.7 11.483
    endloop
  endfacet
  facet normal -1 0 0
    outer loop
      vertex 141.486 67.9 11.483
      vertex 141.486 68.7 12.6971
      vertex 141.486 68.7 11.483
    endloop
  endfacet
  facet normal -1 -0 0
    outer loop
      vertex 141.486 68.7 12.6971
      vertex 141.486 67.9 11.483
      vertex 141.486 67.9 12.6971
    endloop
  endfacet
  facet normal -0 0 1
    outer loop
      vertex 141.486 68.7 12.6971
      vertex 143.238 67.9 12.6971
      vertex 143.238 68.7 12.6971
    endloop
  endfacet
  facet normal 0 0 1
    outer loop
      vertex 143.238 67.9 12.6971
      vertex 141.486 68.7 12.6971
      vertex 141.486 67.9 12.6971
    endloop
  endfacet
  facet normal -1 0 0
    outer loop
      vertex 143.238 67.9 12.6971
      vertex 143.238 68.7 14.2069
      vertex 143.238 68.7 12.6971
    endloop
  endfacet
  facet normal -1 -0 0
    outer loop
      vertex 143.238 68.7 14.2069
      vertex 143.238 67.9 12.6971
      vertex 143.238 67.9 14.2069
    endloop
  endfacet
  facet normal -0 0 1
    outer loop
      vertex 143.238 68.7 14.2069
      vertex 144.937 67.9 14.2069
      vertex 144.937 68.7 14.2069
    endloop
  endfacet
  facet normal 0 0 1
    outer loop
      vertex 144.937 67.9 14.2069
      vertex 143.238 68.7 14.2069
      vertex 143.238 67.9 14.2069
    endloop
  endfacet
  facet normal 1 -0 0
    outer loop
      vertex 144.937 67.9 14.2069
      vertex 144.937 68.7 12.6971
      vertex 144.937 68.7 14.2069
    endloop
  endfacet
  facet normal 1 0 0
    outer loop
      vertex 144.937 68.7 12.6971
      vertex 144.937 67.9 14.2069
      vertex 144.937 67.9 12.6971
    endloop
  endfacet
  facet normal -0 0 1
    outer loop
      vertex 144.937 68.7 12.6971
      vertex 145.782 67.9 12.6971
      vertex 145.782 68.7 12.6971
    endloop
  endfacet
  facet normal 0 0 1
    outer loop
      vertex 145.782 67.9 12.6971
      vertex 144.937 68.7 12.6971
      vertex 144.937 67.9 12.6971
    endloop
  endfacet
  facet normal 1 -0 0
    outer loop
      vertex 145.782 67.9 12.6971
      vertex 145.782 68.7 11.483
      vertex 145.782 68.7 12.6971
    endloop
  endfacet
  facet normal 1 0 0
    outer loop
      vertex 145.782 68.7 11.483
      vertex 145.782 67.9 12.6971
      vertex 145.782 67.9 11.483
    endloop
  endfacet
  facet normal 0 0 -1
    outer loop
      vertex 144.937 67.9 11.483
      vertex 145.782 68.7 11.483
      vertex 145.782 67.9 11.483
    endloop
  endfacet
  facet normal -0 0 -1
    outer loop
      vertex 145.782 68.7 11.483
      vertex 144.937 67.9 11.483
      vertex 144.937 68.7 11.483
    endloop
  endfacet
  facet normal 1 -0 0
    outer loop
      vertex 144.937 67.9 11.483
      vertex 144.937 68.7 9.22556
      vertex 144.937 68.7 11.483
    endloop
  endfacet
  facet normal 1 0 0
    outer loop
      vertex 144.937 68.7 9.22556
      vertex 144.937 67.9 11.483
      vertex 144.937 67.9 9.22556
    endloop
  endfacet
  facet normal 0.997002 0 -0.0773725
    outer loop
      vertex 144.937 67.9 9.22556
      vertex 144.89 68.7 8.61993
      vertex 144.937 68.7 9.22556
    endloop
  endfacet
  facet normal 0.997002 0 -0.0773725
    outer loop
      vertex 144.89 68.7 8.61993
      vertex 144.937 67.9 9.22556
      vertex 144.89 67.9 8.61993
    endloop
  endfacet
  facet normal 0.959266 0 -0.282505
    outer loop
      vertex 144.89 67.9 8.61993
      vertex 144.75 68.7 8.14455
      vertex 144.89 68.7 8.61993
    endloop
  endfacet
  facet normal 0.959266 0 -0.282505
    outer loop
      vertex 144.75 68.7 8.14455
      vertex 144.89 67.9 8.61993
      vertex 144.75 67.9 8.14455
    endloop
  endfacet
  facet normal 0.828837 0 -0.55949
    outer loop
      vertex 144.75 67.9 8.14455
      vertex 144.517 68.7 7.79938
      vertex 144.75 68.7 8.14455
    endloop
  endfacet
  facet normal 0.828837 0 -0.55949
    outer loop
      vertex 144.517 68.7 7.79938
      vertex 144.75 67.9 8.14455
      vertex 144.517 67.9 7.79938
    endloop
  endfacet
  facet normal 0.560207 0 -0.828353
    outer loop
      vertex 144.172 67.9 7.56606
      vertex 144.517 68.7 7.79938
      vertex 144.517 67.9 7.79938
    endloop
  endfacet
  facet normal 0.560207 0 -0.828353
    outer loop
      vertex 144.517 68.7 7.79938
      vertex 144.172 67.9 7.56606
      vertex 144.172 68.7 7.56606
    endloop
  endfacet
  facet normal 0.282166 0 -0.959366
    outer loop
      vertex 143.696 67.9 7.42606
      vertex 144.172 68.7 7.56606
      vertex 144.172 67.9 7.56606
    endloop
  endfacet
  facet normal 0.282166 0 -0.959366
    outer loop
      vertex 144.172 68.7 7.56606
      vertex 143.696 67.9 7.42606
      vertex 143.696 68.7 7.42606
    endloop
  endfacet
  facet normal 0.0768022 0 -0.997046
    outer loop
      vertex 143.09 67.9 7.37938
      vertex 143.696 68.7 7.42606
      vertex 143.696 67.9 7.42606
    endloop
  endfacet
  facet normal 0.0768022 0 -0.997046
    outer loop
      vertex 143.696 68.7 7.42606
      vertex 143.09 67.9 7.37938
      vertex 143.09 68.7 7.37938
    endloop
  endfacet
  facet normal 0 0 -1
    outer loop
      vertex 141.633 67.9 7.37938
      vertex 143.09 68.7 7.37938
      vertex 143.09 67.9 7.37938
    endloop
  endfacet
  facet normal -0 0 -1
    outer loop
      vertex 143.09 68.7 7.37938
      vertex 141.633 67.9 7.37938
      vertex 141.633 68.7 7.37938
    endloop
  endfacet
  facet normal -1 0 0
    outer loop
      vertex 141.633 67.9 7.37938
      vertex 141.633 68.7 8.59346
      vertex 141.633 68.7 7.37938
    endloop
  endfacet
  facet normal -1 -0 0
    outer loop
      vertex 141.633 68.7 8.59346
      vertex 141.633 67.9 7.37938
      vertex 141.633 67.9 8.59346
    endloop
  endfacet
  facet normal -0.0961936 0 -0.995363
    outer loop
      vertex 119.222 67.9 7.2923
      vertex 119.624 68.7 7.25345
      vertex 119.624 67.9 7.25345
    endloop
  endfacet
  facet normal -0.0961936 0 -0.995363
    outer loop
      vertex 119.624 68.7 7.25345
      vertex 119.222 67.9 7.2923
      vertex 119.222 68.7 7.2923
    endloop
  endfacet
  facet normal -0.159044 0 -0.987271
    outer loop
      vertex 118.82 67.9 7.35706
      vertex 119.222 68.7 7.2923
      vertex 119.222 67.9 7.2923
    endloop
  endfacet
  facet normal -0.159044 0 -0.987271
    outer loop
      vertex 119.222 68.7 7.2923
      vertex 118.82 67.9 7.35706
      vertex 118.82 68.7 7.35706
    endloop
  endfacet
  facet normal -0.218727 0 -0.975786
    outer loop
      vertex 118.418 67.9 7.44717
      vertex 118.82 68.7 7.35706
      vertex 118.82 67.9 7.35706
    endloop
  endfacet
  facet normal -0.218727 0 -0.975786
    outer loop
      vertex 118.82 68.7 7.35706
      vertex 118.418 67.9 7.44717
      vertex 118.418 68.7 7.44717
    endloop
  endfacet
  facet normal -0.274949 0 -0.961459
    outer loop
      vertex 118.016 67.9 7.56213
      vertex 118.418 68.7 7.44717
      vertex 118.418 67.9 7.44717
    endloop
  endfacet
  facet normal -0.274949 0 -0.961459
    outer loop
      vertex 118.418 68.7 7.44717
      vertex 118.016 67.9 7.56213
      vertex 118.016 68.7 7.56213
    endloop
  endfacet
  facet normal -0.328508 0 -0.944501
    outer loop
      vertex 117.614 67.9 7.70195
      vertex 118.016 68.7 7.56213
      vertex 118.016 67.9 7.56213
    endloop
  endfacet
  facet normal -0.328508 0 -0.944501
    outer loop
      vertex 118.016 68.7 7.56213
      vertex 117.614 67.9 7.70195
      vertex 117.614 68.7 7.70195
    endloop
  endfacet
  facet normal -1 0 0
    outer loop
      vertex 117.614 67.9 7.70195
      vertex 117.614 68.7 9.0101
      vertex 117.614 68.7 7.70195
    endloop
  endfacet
  facet normal -1 -0 0
    outer loop
      vertex 117.614 68.7 9.0101
      vertex 117.614 67.9 7.70195
      vertex 117.614 67.9 9.0101
    endloop
  endfacet
  facet normal 0.448927 0 0.893568
    outer loop
      vertex 117.614 68.7 9.0101
      vertex 118.006 67.9 8.81316
      vertex 118.006 68.7 8.81316
    endloop
  endfacet
  facet normal 0.448927 0 0.893568
    outer loop
      vertex 118.006 67.9 8.81316
      vertex 117.614 68.7 9.0101
      vertex 117.614 67.9 9.0101
    endloop
  endfacet
  facet normal 0.384058 0 0.923309
    outer loop
      vertex 118.006 68.7 8.81316
      vertex 118.392 67.9 8.6526
      vertex 118.392 68.7 8.6526
    endloop
  endfacet
  facet normal 0.384058 0 0.923309
    outer loop
      vertex 118.392 67.9 8.6526
      vertex 118.006 68.7 8.81316
      vertex 118.006 67.9 8.81316
    endloop
  endfacet
  facet normal 0.312085 0 0.950054
    outer loop
      vertex 118.392 68.7 8.6526
      vertex 118.77 67.9 8.52843
      vertex 118.77 68.7 8.52843
    endloop
  endfacet
  facet normal 0.312085 0 0.950054
    outer loop
      vertex 118.77 67.9 8.52843
      vertex 118.392 68.7 8.6526
      vertex 118.392 67.9 8.6526
    endloop
  endfacet
  facet normal 0.230998 0 0.972954
    outer loop
      vertex 118.77 68.7 8.52843
      vertex 119.142 67.9 8.44011
      vertex 119.142 68.7 8.44011
    endloop
  endfacet
  facet normal 0.230998 0 0.972954
    outer loop
      vertex 119.142 67.9 8.44011
      vertex 118.77 68.7 8.52843
      vertex 118.77 67.9 8.52843
    endloop
  endfacet
  facet normal 0.143261 0 0.989685
    outer loop
      vertex 119.142 68.7 8.44011
      vertex 119.508 67.9 8.38713
      vertex 119.508 68.7 8.38713
    endloop
  endfacet
  facet normal 0.143261 0 0.989685
    outer loop
      vertex 119.508 67.9 8.38713
      vertex 119.142 68.7 8.44011
      vertex 119.142 67.9 8.44011
    endloop
  endfacet
  facet normal 0.0488888 0 0.998804
    outer loop
      vertex 119.508 68.7 8.38713
      vertex 119.869 67.9 8.36946
      vertex 119.869 68.7 8.36946
    endloop
  endfacet
  facet normal 0.0488888 0 0.998804
    outer loop
      vertex 119.869 67.9 8.36946
      vertex 119.508 68.7 8.38713
      vertex 119.508 67.9 8.38713
    endloop
  endfacet
  facet normal -0.0807839 0 0.996732
    outer loop
      vertex 119.869 68.7 8.36946
      vertex 120.279 67.9 8.40269
      vertex 120.279 68.7 8.40269
    endloop
  endfacet
  facet normal -0.0807839 0 0.996732
    outer loop
      vertex 120.279 67.9 8.40269
      vertex 119.869 68.7 8.36946
      vertex 119.869 67.9 8.36946
    endloop
  endfacet
  facet normal -0.277574 0 0.960704
    outer loop
      vertex 120.279 68.7 8.40269
      vertex 120.624 67.9 8.50237
      vertex 120.624 68.7 8.50237
    endloop
  endfacet
  facet normal -0.277574 0 0.960704
    outer loop
      vertex 120.624 67.9 8.50237
      vertex 120.279 68.7 8.40269
      vertex 120.279 67.9 8.40269
    endloop
  endfacet
  facet normal -0.510266 0 0.860017
    outer loop
      vertex 120.624 68.7 8.50237
      vertex 120.904 67.9 8.6685
      vertex 120.904 68.7 8.6685
    endloop
  endfacet
  facet normal -0.510266 0 0.860017
    outer loop
      vertex 120.904 67.9 8.6685
      vertex 120.624 68.7 8.50237
      vertex 120.624 67.9 8.50237
    endloop
  endfacet
  facet normal -0.739062 0 0.673637
    outer loop
      vertex 120.904 67.9 8.6685
      vertex 121.116 68.7 8.90109
      vertex 120.904 68.7 8.6685
    endloop
  endfacet
  facet normal -0.739062 0 0.673637
    outer loop
      vertex 121.116 68.7 8.90109
      vertex 120.904 67.9 8.6685
      vertex 121.116 67.9 8.90109
    endloop
  endfacet
  facet normal -0.900981 0 0.433859
    outer loop
      vertex 121.116 67.9 8.90109
      vertex 121.26 68.7 9.20013
      vertex 121.116 68.7 8.90109
    endloop
  endfacet
  facet normal -0.900981 0 0.433859
    outer loop
      vertex 121.26 68.7 9.20013
      vertex 121.116 67.9 8.90109
      vertex 121.26 67.9 9.20013
    endloop
  endfacet
  facet normal -0.979058 0 0.20358
    outer loop
      vertex 121.26 67.9 9.20013
      vertex 121.336 68.7 9.56563
      vertex 121.26 68.7 9.20013
    endloop
  endfacet
  facet normal -0.979058 0 0.20358
    outer loop
      vertex 121.336 68.7 9.56563
      vertex 121.26 67.9 9.20013
      vertex 121.336 67.9 9.56563
    endloop
  endfacet
  facet normal 0 0 -1
    outer loop
      vertex 117.363 67.9 9.56563
      vertex 121.336 68.7 9.56563
      vertex 121.336 67.9 9.56563
    endloop
  endfacet
  facet normal -0 0 -1
    outer loop
      vertex 121.336 68.7 9.56563
      vertex 117.363 67.9 9.56563
      vertex 117.363 68.7 9.56563
    endloop
  endfacet
  facet normal -1 0 0
    outer loop
      vertex 117.363 67.9 9.56563
      vertex 117.363 68.7 10.0495
      vertex 117.363 68.7 9.56563
    endloop
  endfacet
  facet normal -1 -0 0
    outer loop
      vertex 117.363 68.7 10.0495
      vertex 117.363 67.9 9.56563
      vertex 117.363 67.9 10.0495
    endloop
  endfacet
  facet normal -0.994465 0 0.105067
    outer loop
      vertex 117.363 67.9 10.0495
      vertex 117.446 68.7 10.8351
      vertex 117.363 68.7 10.0495
    endloop
  endfacet
  facet normal -0.994465 0 0.105067
    outer loop
      vertex 117.446 68.7 10.8351
      vertex 117.363 67.9 10.0495
      vertex 117.446 67.9 10.8351
    endloop
  endfacet
  facet normal -0.936906 0 0.349581
    outer loop
      vertex 117.446 67.9 10.8351
      vertex 117.697 68.7 11.5078
      vertex 117.446 68.7 10.8351
    endloop
  endfacet
  facet normal -0.936906 0 0.349581
    outer loop
      vertex 117.697 68.7 11.5078
      vertex 117.446 67.9 10.8351
      vertex 117.697 67.9 11.5078
    endloop
  endfacet
  facet normal -0.801269 0 0.598304
    outer loop
      vertex 117.697 67.9 11.5078
      vertex 118.115 68.7 12.0676
      vertex 117.697 68.7 11.5078
    endloop
  endfacet
  facet normal -0.801269 0 0.598304
    outer loop
      vertex 118.115 68.7 12.0676
      vertex 117.697 67.9 11.5078
      vertex 118.115 67.9 12.0676
    endloop
  endfacet
  facet normal -0.601513 0 0.798863
    outer loop
      vertex 118.115 68.7 12.0676
      vertex 118.672 67.9 12.487
      vertex 118.672 68.7 12.487
    endloop
  endfacet
  facet normal -0.601513 0 0.798863
    outer loop
      vertex 118.672 67.9 12.487
      vertex 118.115 68.7 12.0676
      vertex 118.115 67.9 12.0676
    endloop
  endfacet
  facet normal -0.352135 0 0.935949
    outer loop
      vertex 118.672 68.7 12.487
      vertex 119.341 67.9 12.7387
      vertex 119.341 68.7 12.7387
    endloop
  endfacet
  facet normal -0.352135 0 0.935949
    outer loop
      vertex 119.341 67.9 12.7387
      vertex 118.672 68.7 12.487
      vertex 118.672 67.9 12.487
    endloop
  endfacet
  facet normal -0.106947 0 0.994265
    outer loop
      vertex 119.341 68.7 12.7387
      vertex 120.121 67.9 12.8226
      vertex 120.121 68.7 12.8226
    endloop
  endfacet
  facet normal -0.106947 0 0.994265
    outer loop
      vertex 120.121 67.9 12.8226
      vertex 119.341 68.7 12.7387
      vertex 119.341 67.9 12.7387
    endloop
  endfacet
  facet normal 0.0967274 0 0.995311
    outer loop
      vertex 120.121 68.7 12.8226
      vertex 120.973 67.9 12.7398
      vertex 120.973 68.7 12.7398
    endloop
  endfacet
  facet normal 0.0967274 0 0.995311
    outer loop
      vertex 120.973 67.9 12.7398
      vertex 120.121 68.7 12.8226
      vertex 120.121 67.9 12.8226
    endloop
  endfacet
  facet normal 0.326136 0 0.945323
    outer loop
      vertex 120.973 68.7 12.7398
      vertex 121.693 67.9 12.4914
      vertex 121.693 68.7 12.4914
    endloop
  endfacet
  facet normal 0.326136 0 0.945323
    outer loop
      vertex 121.693 67.9 12.4914
      vertex 120.973 68.7 12.7398
      vertex 120.973 67.9 12.7398
    endloop
  endfacet
  facet normal 0.574486 0 0.818514
    outer loop
      vertex 121.693 68.7 12.4914
      vertex 122.283 67.9 12.0773
      vertex 122.283 68.7 12.0773
    endloop
  endfacet
  facet normal 0.574486 0 0.818514
    outer loop
      vertex 122.283 67.9 12.0773
      vertex 121.693 68.7 12.4914
      vertex 121.693 67.9 12.4914
    endloop
  endfacet
  facet normal 0.788249 -0 0.615356
    outer loop
      vertex 122.283 67.9 12.0773
      vertex 122.719 68.7 11.5188
      vertex 122.283 68.7 12.0773
    endloop
  endfacet
  facet normal 0.788249 0 0.615356
    outer loop
      vertex 122.719 68.7 11.5188
      vertex 122.283 67.9 12.0773
      vertex 122.719 67.9 11.5188
    endloop
  endfacet
  facet normal 0.933469 -0 0.358658
    outer loop
      vertex 122.719 67.9 11.5188
      vertex 122.981 68.7 10.8369
      vertex 122.719 68.7 11.5188
    endloop
  endfacet
  facet normal 0.933469 0 0.358658
    outer loop
      vertex 122.981 68.7 10.8369
      vertex 122.719 67.9 11.5188
      vertex 122.981 67.9 10.8369
    endloop
  endfacet
  facet normal 0.994216 -0 0.107396
    outer loop
      vertex 122.981 67.9 10.8369
      vertex 123.068 68.7 10.0315
      vertex 122.981 68.7 10.8369
    endloop
  endfacet
  facet normal 0.994216 0 0.107396
    outer loop
      vertex 123.068 68.7 10.0315
      vertex 122.981 67.9 10.8369
      vertex 123.068 67.9 10.0315
    endloop
  endfacet
  facet normal 0.994122 0 -0.10827
    outer loop
      vertex 123.068 67.9 10.0315
      vertex 122.979 68.7 9.21431
      vertex 123.068 68.7 10.0315
    endloop
  endfacet
  facet normal 0.994122 0 -0.10827
    outer loop
      vertex 122.979 68.7 9.21431
      vertex 123.068 67.9 10.0315
      vertex 122.979 67.9 9.21431
    endloop
  endfacet
  facet normal 0.932344 0 -0.361574
    outer loop
      vertex 122.979 67.9 9.21431
      vertex 122.713 68.7 8.52841
      vertex 122.979 68.7 9.21431
    endloop
  endfacet
  facet normal 0.932344 0 -0.361574
    outer loop
      vertex 122.713 68.7 8.52841
      vertex 122.979 67.9 9.21431
      vertex 122.713 67.9 8.52841
    endloop
  endfacet
  facet normal 0.779957 0 -0.625833
    outer loop
      vertex 122.713 67.9 8.52841
      vertex 122.268 68.7 7.97382
      vertex 122.713 68.7 8.52841
    endloop
  endfacet
  facet normal 0.779957 0 -0.625833
    outer loop
      vertex 122.268 68.7 7.97382
      vertex 122.713 67.9 8.52841
      vertex 122.268 67.9 7.97382
    endloop
  endfacet
  facet normal 0.55919 0 -0.82904
    outer loop
      vertex 121.664 67.9 7.56642
      vertex 122.268 68.7 7.97382
      vertex 122.268 67.9 7.97382
    endloop
  endfacet
  facet normal 0.55919 0 -0.82904
    outer loop
      vertex 122.268 68.7 7.97382
      vertex 121.664 67.9 7.56642
      vertex 121.664 68.7 7.56642
    endloop
  endfacet
  facet normal 0.310626 0 -0.950532
    outer loop
      vertex 120.916 67.9 7.32198
      vertex 121.664 68.7 7.56642
      vertex 121.664 67.9 7.56642
    endloop
  endfacet
  facet normal 0.310626 0 -0.950532
    outer loop
      vertex 121.664 68.7 7.56642
      vertex 120.916 67.9 7.32198
      vertex 120.916 68.7 7.32198
    endloop
  endfacet
  facet normal 0.0911582 0 -0.995836
    outer loop
      vertex 120.026 67.9 7.24051
      vertex 120.916 68.7 7.32198
      vertex 120.916 67.9 7.32198
    endloop
  endfacet
  facet normal 0.0911582 0 -0.995836
    outer loop
      vertex 120.916 68.7 7.32198
      vertex 120.026 67.9 7.24051
      vertex 120.026 68.7 7.24051
    endloop
  endfacet
  facet normal -0.0321724 0 -0.999482
    outer loop
      vertex 119.624 67.9 7.25345
      vertex 120.026 68.7 7.24051
      vertex 120.026 67.9 7.24051
    endloop
  endfacet
  facet normal -0.0321724 0 -0.999482
    outer loop
      vertex 120.026 68.7 7.24051
      vertex 119.624 67.9 7.25345
      vertex 119.624 68.7 7.25345
    endloop
  endfacet
  facet normal -0.972513 0 -0.232847
    outer loop
      vertex 121.317 67.9 10.6139
      vertex 121.24 68.7 10.9355
      vertex 121.317 68.7 10.6139
    endloop
  endfacet
  facet normal -0.972513 -0 -0.232847
    outer loop
      vertex 121.24 68.7 10.9355
      vertex 121.317 67.9 10.6139
      vertex 121.24 67.9 10.9355
    endloop
  endfacet
  facet normal -0.901797 0 -0.43216
    outer loop
      vertex 121.24 67.9 10.9355
      vertex 121.112 68.7 11.2026
      vertex 121.24 68.7 10.9355
    endloop
  endfacet
  facet normal -0.901797 -0 -0.43216
    outer loop
      vertex 121.112 68.7 11.2026
      vertex 121.24 67.9 10.9355
      vertex 121.112 67.9 11.2026
    endloop
  endfacet
  facet normal -0.763495 0 -0.645814
    outer loop
      vertex 121.112 67.9 11.2026
      vertex 120.932 68.7 11.4154
      vertex 121.112 68.7 11.2026
    endloop
  endfacet
  facet normal -0.763495 -0 -0.645814
    outer loop
      vertex 120.932 68.7 11.4154
      vertex 121.112 67.9 11.2026
      vertex 120.932 67.9 11.4154
    endloop
  endfacet
  facet normal -0.564356 0 -0.825531
    outer loop
      vertex 120.706 67.9 11.5699
      vertex 120.932 68.7 11.4154
      vertex 120.932 67.9 11.4154
    endloop
  endfacet
  facet normal -0.564356 0 -0.825531
    outer loop
      vertex 120.932 68.7 11.4154
      vertex 120.706 67.9 11.5699
      vertex 120.706 68.7 11.5699
    endloop
  endfacet
  facet normal -0.328301 0 -0.944573
    outer loop
      vertex 120.439 67.9 11.6627
      vertex 120.706 68.7 11.5699
      vertex 120.706 67.9 11.5699
    endloop
  endfacet
  facet normal -0.328301 0 -0.944573
    outer loop
      vertex 120.706 68.7 11.5699
      vertex 120.439 67.9 11.6627
      vertex 120.439 68.7 11.6627
    endloop
  endfacet
  facet normal -0.0995037 0 -0.995037
    outer loop
      vertex 120.13 67.9 11.6936
      vertex 120.439 68.7 11.6627
      vertex 120.439 67.9 11.6627
    endloop
  endfacet
  facet normal -0.0995037 0 -0.995037
    outer loop
      vertex 120.439 68.7 11.6627
      vertex 120.13 67.9 11.6936
      vertex 120.13 68.7 11.6936
    endloop
  endfacet
  facet normal 0.115021 0 -0.993363
    outer loop
      vertex 119.845 67.9 11.6606
      vertex 120.13 68.7 11.6936
      vertex 120.13 67.9 11.6936
    endloop
  endfacet
  facet normal 0.115021 0 -0.993363
    outer loop
      vertex 120.13 68.7 11.6936
      vertex 119.845 67.9 11.6606
      vertex 119.845 68.7 11.6606
    endloop
  endfacet
  facet normal 0.373665 0 -0.927564
    outer loop
      vertex 119.599 67.9 11.5615
      vertex 119.845 68.7 11.6606
      vertex 119.845 67.9 11.6606
    endloop
  endfacet
  facet normal 0.373665 0 -0.927564
    outer loop
      vertex 119.845 68.7 11.6606
      vertex 119.599 67.9 11.5615
      vertex 119.599 68.7 11.5615
    endloop
  endfacet
  facet normal 0.623774 0 -0.781605
    outer loop
      vertex 119.392 67.9 11.3963
      vertex 119.599 68.7 11.5615
      vertex 119.599 67.9 11.5615
    endloop
  endfacet
  facet normal 0.623774 0 -0.781605
    outer loop
      vertex 119.599 68.7 11.5615
      vertex 119.392 67.9 11.3963
      vertex 119.392 68.7 11.3963
    endloop
  endfacet
  facet normal 0.812729 0 -0.582642
    outer loop
      vertex 119.392 67.9 11.3963
      vertex 119.235 68.7 11.1773
      vertex 119.392 68.7 11.3963
    endloop
  endfacet
  facet normal 0.812729 0 -0.582642
    outer loop
      vertex 119.235 68.7 11.1773
      vertex 119.392 67.9 11.3963
      vertex 119.235 67.9 11.1773
    endloop
  endfacet
  facet normal 0.940759 0 -0.339077
    outer loop
      vertex 119.235 67.9 11.1773
      vertex 119.141 68.7 10.9165
      vertex 119.235 68.7 11.1773
    endloop
  endfacet
  facet normal 0.940759 0 -0.339077
    outer loop
      vertex 119.141 68.7 10.9165
      vertex 119.235 67.9 11.1773
      vertex 119.141 67.9 10.9165
    endloop
  endfacet
  facet normal 0.994455 0 -0.105164
    outer loop
      vertex 119.141 67.9 10.9165
      vertex 119.109 68.7 10.6139
      vertex 119.141 68.7 10.9165
    endloop
  endfacet
  facet normal 0.994455 0 -0.105164
    outer loop
      vertex 119.109 68.7 10.6139
      vertex 119.141 67.9 10.9165
      vertex 119.109 67.9 10.6139
    endloop
  endfacet
  facet normal -0 0 1
    outer loop
      vertex 119.109 68.7 10.6139
      vertex 121.317 67.9 10.6139
      vertex 121.317 68.7 10.6139
    endloop
  endfacet
  facet normal 0 0 1
    outer loop
      vertex 121.317 67.9 10.6139
      vertex 119.109 68.7 10.6139
      vertex 119.109 67.9 10.6139
    endloop
  endfacet
  facet normal -0.207758 0 -0.97818
    outer loop
      vertex 133.681 67.9 7.33878
      vertex 134.028 68.7 7.26508
      vertex 134.028 67.9 7.26508
    endloop
  endfacet
  facet normal -0.207758 0 -0.97818
    outer loop
      vertex 134.028 68.7 7.26508
      vertex 133.681 67.9 7.33878
      vertex 133.681 68.7 7.33878
    endloop
  endfacet
  facet normal -0.373644 0 -0.927572
    outer loop
      vertex 133.376 67.9 7.46164
      vertex 133.681 68.7 7.33878
      vertex 133.681 67.9 7.33878
    endloop
  endfacet
  facet normal -0.373644 0 -0.927572
    outer loop
      vertex 133.681 68.7 7.33878
      vertex 133.376 67.9 7.46164
      vertex 133.376 68.7 7.46164
    endloop
  endfacet
  facet normal -0.540659 0 -0.841242
    outer loop
      vertex 133.101 67.9 7.63838
      vertex 133.376 68.7 7.46164
      vertex 133.376 67.9 7.46164
    endloop
  endfacet
  facet normal -0.540659 0 -0.841242
    outer loop
      vertex 133.376 68.7 7.46164
      vertex 133.101 67.9 7.63838
      vertex 133.101 68.7 7.63838
    endloop
  endfacet
  facet normal -0.675454 0 -0.737402
    outer loop
      vertex 132.844 67.9 7.87379
      vertex 133.101 68.7 7.63838
      vertex 133.101 67.9 7.63838
    endloop
  endfacet
  facet normal -0.675454 0 -0.737402
    outer loop
      vertex 133.101 68.7 7.63838
      vertex 132.844 67.9 7.87379
      vertex 132.844 68.7 7.87379
    endloop
  endfacet
  facet normal -0.778611 0 -0.627507
    outer loop
      vertex 132.844 67.9 7.87379
      vertex 132.607 68.7 8.16786
      vertex 132.844 68.7 7.87379
    endloop
  endfacet
  facet normal -0.778611 -0 -0.627507
    outer loop
      vertex 132.607 68.7 8.16786
      vertex 132.844 67.9 7.87379
      vertex 132.607 67.9 8.16786
    endloop
  endfacet
  facet normal 1 -0 0
    outer loop
      vertex 132.607 67.9 8.16786
      vertex 132.607 68.7 7.37938
      vertex 132.607 68.7 8.16786
    endloop
  endfacet
  facet normal 1 0 0
    outer loop
      vertex 132.607 68.7 7.37938
      vertex 132.607 67.9 8.16786
      vertex 132.607 67.9 7.37938
    endloop
  endfacet
  facet normal 0 0 -1
    outer loop
      vertex 130.893 67.9 7.37938
      vertex 132.607 68.7 7.37938
      vertex 132.607 67.9 7.37938
    endloop
  endfacet
  facet normal -0 0 -1
    outer loop
      vertex 132.607 68.7 7.37938
      vertex 130.893 67.9 7.37938
      vertex 130.893 68.7 7.37938
    endloop
  endfacet
  facet normal -1 0 0
    outer loop
      vertex 130.893 67.9 7.37938
      vertex 130.893 68.7 10.4089
      vertex 130.893 68.7 7.37938
    endloop
  endfacet
  facet normal -1 -0 0
    outer loop
      vertex 130.893 68.7 10.4089
      vertex 130.893 67.9 7.37938
      vertex 130.893 67.9 10.4089
    endloop
  endfacet
  facet normal -0.99581 0 0.0914415
    outer loop
      vertex 130.893 67.9 10.4089
      vertex 130.964 68.7 11.1821
      vertex 130.893 68.7 10.4089
    endloop
  endfacet
  facet normal -0.99581 0 0.0914415
    outer loop
      vertex 130.964 68.7 11.1821
      vertex 130.893 67.9 10.4089
      vertex 130.964 67.9 11.1821
    endloop
  endfacet
  facet normal -0.944964 0 0.327174
    outer loop
      vertex 130.964 67.9 11.1821
      vertex 131.177 68.7 11.7973
      vertex 130.964 68.7 11.1821
    endloop
  endfacet
  facet normal -0.944964 0 0.327174
    outer loop
      vertex 131.177 68.7 11.7973
      vertex 130.964 67.9 11.1821
      vertex 131.177 67.9 11.7973
    endloop
  endfacet
  facet normal -0.790049 0 0.613044
    outer loop
      vertex 131.177 67.9 11.7973
      vertex 131.532 68.7 12.2548
      vertex 131.177 68.7 11.7973
    endloop
  endfacet
  facet normal -0.790049 0 0.613044
    outer loop
      vertex 131.532 68.7 12.2548
      vertex 131.177 67.9 11.7973
      vertex 131.532 67.9 12.2548
    endloop
  endfacet
  facet normal -0.523005 0 0.852329
    outer loop
      vertex 131.532 68.7 12.2548
      vertex 132.046 67.9 12.5702
      vertex 132.046 68.7 12.5702
    endloop
  endfacet
  facet normal -0.523005 0 0.852329
    outer loop
      vertex 132.046 67.9 12.5702
      vertex 131.532 68.7 12.2548
      vertex 131.532 67.9 12.2548
    endloop
  endfacet
  facet normal -0.26386 0 0.964561
    outer loop
      vertex 132.046 68.7 12.5702
      vertex 132.738 67.9 12.7595
      vertex 132.738 68.7 12.7595
    endloop
  endfacet
  facet normal -0.26386 0 0.964561
    outer loop
      vertex 132.738 67.9 12.7595
      vertex 132.046 68.7 12.5702
      vertex 132.046 67.9 12.5702
    endloop
  endfacet
  facet normal -0.0723387 0 0.99738
    outer loop
      vertex 132.738 68.7 12.7595
      vertex 133.608 67.9 12.8226
      vertex 133.608 68.7 12.8226
    endloop
  endfacet
  facet normal -0.0723387 0 0.99738
    outer loop
      vertex 133.608 67.9 12.8226
      vertex 132.738 68.7 12.7595
      vertex 132.738 67.9 12.7595
    endloop
  endfacet
  facet normal 0.0206478 0 0.999787
    outer loop
      vertex 133.608 68.7 12.8226
      vertex 133.976 67.9 12.815
      vertex 133.976 68.7 12.815
    endloop
  endfacet
  facet normal 0.0206478 0 0.999787
    outer loop
      vertex 133.976 67.9 12.815
      vertex 133.608 68.7 12.8226
      vertex 133.608 67.9 12.8226
    endloop
  endfacet
  facet normal 0.0620058 0 0.998076
    outer loop
      vertex 133.976 68.7 12.815
      vertex 134.343 67.9 12.7922
      vertex 134.343 68.7 12.7922
    endloop
  endfacet
  facet normal 0.0620058 0 0.998076
    outer loop
      vertex 134.343 67.9 12.7922
      vertex 133.976 68.7 12.815
      vertex 133.976 67.9 12.815
    endloop
  endfacet
  facet normal 0.102992 0 0.994682
    outer loop
      vertex 134.343 68.7 12.7922
      vertex 134.71 67.9 12.7542
      vertex 134.71 68.7 12.7542
    endloop
  endfacet
  facet normal 0.102992 0 0.994682
    outer loop
      vertex 134.71 67.9 12.7542
      vertex 134.343 68.7 12.7922
      vertex 134.343 67.9 12.7922
    endloop
  endfacet
  facet normal 0.142519 0 0.989792
    outer loop
      vertex 134.71 68.7 12.7542
      vertex 135.076 67.9 12.7015
      vertex 135.076 68.7 12.7015
    endloop
  endfacet
  facet normal 0.142519 0 0.989792
    outer loop
      vertex 135.076 67.9 12.7015
      vertex 134.71 68.7 12.7542
      vertex 134.71 67.9 12.7542
    endloop
  endfacet
  facet normal 0.179548 0 0.983749
    outer loop
      vertex 135.076 68.7 12.7015
      vertex 135.442 67.9 12.6347
      vertex 135.442 68.7 12.6347
    endloop
  endfacet
  facet normal 0.179548 0 0.983749
    outer loop
      vertex 135.442 67.9 12.6347
      vertex 135.076 68.7 12.7015
      vertex 135.076 67.9 12.7015
    endloop
  endfacet
  facet normal 0.216959 0 0.976181
    outer loop
      vertex 135.442 68.7 12.6347
      vertex 135.806 67.9 12.5538
      vertex 135.806 68.7 12.5538
    endloop
  endfacet
  facet normal 0.216959 0 0.976181
    outer loop
      vertex 135.806 67.9 12.5538
      vertex 135.442 68.7 12.6347
      vertex 135.442 67.9 12.6347
    endloop
  endfacet
  facet normal 1 -0 0
    outer loop
      vertex 135.806 67.9 12.5538
      vertex 135.806 68.7 11.259
      vertex 135.806 68.7 12.5538
    endloop
  endfacet
  facet normal 1 0 0
    outer loop
      vertex 135.806 68.7 11.259
      vertex 135.806 67.9 12.5538
      vertex 135.806 67.9 11.259
    endloop
  endfacet
  facet normal -0.43358 0 -0.901115
    outer loop
      vertex 135.53 67.9 11.3918
      vertex 135.806 68.7 11.259
      vertex 135.806 67.9 11.259
    endloop
  endfacet
  facet normal -0.43358 0 -0.901115
    outer loop
      vertex 135.806 68.7 11.259
      vertex 135.53 67.9 11.3918
      vertex 135.53 68.7 11.3918
    endloop
  endfacet
  facet normal -0.349924 0 -0.936778
    outer loop
      vertex 135.239 67.9 11.5005
      vertex 135.53 68.7 11.3918
      vertex 135.53 67.9 11.3918
    endloop
  endfacet
  facet normal -0.349924 0 -0.936778
    outer loop
      vertex 135.53 68.7 11.3918
      vertex 135.239 67.9 11.5005
      vertex 135.239 68.7 11.5005
    endloop
  endfacet
  facet normal -0.266181 0 -0.963923
    outer loop
      vertex 134.933 67.9 11.585
      vertex 135.239 68.7 11.5005
      vertex 135.239 67.9 11.5005
    endloop
  endfacet
  facet normal -0.266181 0 -0.963923
    outer loop
      vertex 135.239 68.7 11.5005
      vertex 134.933 67.9 11.585
      vertex 134.933 68.7 11.585
    endloop
  endfacet
  facet normal -0.184067 0 -0.982914
    outer loop
      vertex 134.611 67.9 11.6453
      vertex 134.933 68.7 11.585
      vertex 134.933 67.9 11.585
    endloop
  endfacet
  facet normal -0.184067 0 -0.982914
    outer loop
      vertex 134.933 68.7 11.585
      vertex 134.611 67.9 11.6453
      vertex 134.611 68.7 11.6453
    endloop
  endfacet
  facet normal -0.106181 0 -0.994347
    outer loop
      vertex 134.272 67.9 11.6815
      vertex 134.611 68.7 11.6453
      vertex 134.611 67.9 11.6453
    endloop
  endfacet
  facet normal -0.106181 0 -0.994347
    outer loop
      vertex 134.611 68.7 11.6453
      vertex 134.272 67.9 11.6815
      vertex 134.272 68.7 11.6815
    endloop
  endfacet
  facet normal -0.0340647 0 -0.99942
    outer loop
      vertex 133.917 67.9 11.6936
      vertex 134.272 68.7 11.6815
      vertex 134.272 67.9 11.6815
    endloop
  endfacet
  facet normal -0.0340647 0 -0.99942
    outer loop
      vertex 134.272 68.7 11.6815
      vertex 133.917 67.9 11.6936
      vertex 133.917 68.7 11.6936
    endloop
  endfacet
  facet normal 0.0509095 0 -0.998703
    outer loop
      vertex 133.507 67.9 11.6727
      vertex 133.917 68.7 11.6936
      vertex 133.917 67.9 11.6936
    endloop
  endfacet
  facet normal 0.0509095 0 -0.998703
    outer loop
      vertex 133.917 68.7 11.6936
      vertex 133.507 67.9 11.6727
      vertex 133.507 68.7 11.6727
    endloop
  endfacet
  facet normal 0.18583 0 -0.982582
    outer loop
      vertex 133.176 67.9 11.6101
      vertex 133.507 68.7 11.6727
      vertex 133.507 67.9 11.6727
    endloop
  endfacet
  facet normal 0.18583 0 -0.982582
    outer loop
      vertex 133.507 68.7 11.6727
      vertex 133.176 67.9 11.6101
      vertex 133.176 68.7 11.6101
    endloop
  endfacet
  facet normal 0.383727 0 -0.923447
    outer loop
      vertex 132.925 67.9 11.5058
      vertex 133.176 68.7 11.6101
      vertex 133.176 67.9 11.6101
    endloop
  endfacet
  facet normal 0.383727 0 -0.923447
    outer loop
      vertex 133.176 68.7 11.6101
      vertex 132.925 67.9 11.5058
      vertex 132.925 68.7 11.5058
    endloop
  endfacet
  facet normal 0.644508 0 -0.764597
    outer loop
      vertex 132.748 67.9 11.3566
      vertex 132.925 68.7 11.5058
      vertex 132.925 67.9 11.5058
    endloop
  endfacet
  facet normal 0.644508 0 -0.764597
    outer loop
      vertex 132.925 68.7 11.5058
      vertex 132.748 67.9 11.3566
      vertex 132.748 68.7 11.3566
    endloop
  endfacet
  facet normal 0.880915 0 -0.473274
    outer loop
      vertex 132.748 67.9 11.3566
      vertex 132.642 68.7 11.1593
      vertex 132.748 68.7 11.3566
    endloop
  endfacet
  facet normal 0.880915 0 -0.473274
    outer loop
      vertex 132.642 68.7 11.1593
      vertex 132.748 67.9 11.3566
      vertex 132.642 67.9 11.1593
    endloop
  endfacet
  facet normal 0.989982 0 -0.141195
    outer loop
      vertex 132.642 67.9 11.1593
      vertex 132.607 68.7 10.9139
      vertex 132.642 68.7 11.1593
    endloop
  endfacet
  facet normal 0.989982 0 -0.141195
    outer loop
      vertex 132.607 68.7 10.9139
      vertex 132.642 67.9 11.1593
      vertex 132.607 67.9 10.9139
    endloop
  endfacet
  facet normal 1 -0 0
    outer loop
      vertex 132.607 67.9 10.9139
      vertex 132.607 68.7 10.7797
      vertex 132.607 68.7 10.9139
    endloop
  endfacet
  facet normal 1 0 0
    outer loop
      vertex 132.607 68.7 10.7797
      vertex 132.607 67.9 10.9139
      vertex 132.607 67.9 10.7797
    endloop
  endfacet
  facet normal -0 0 1
    outer loop
      vertex 132.607 68.7 10.7797
      vertex 133.608 67.9 10.7797
      vertex 133.608 68.7 10.7797
    endloop
  endfacet
  facet normal 0 0 1
    outer loop
      vertex 133.608 67.9 10.7797
      vertex 132.607 68.7 10.7797
      vertex 132.607 67.9 10.7797
    endloop
  endfacet
  facet normal 0.057848 0 0.998325
    outer loop
      vertex 133.608 68.7 10.7797
      vertex 134.445 67.9 10.7312
      vertex 134.445 68.7 10.7312
    endloop
  endfacet
  facet normal 0.057848 0 0.998325
    outer loop
      vertex 134.445 67.9 10.7312
      vertex 133.608 68.7 10.7797
      vertex 133.608 67.9 10.7797
    endloop
  endfacet
  facet normal 0.211314 0 0.977418
    outer loop
      vertex 134.445 68.7 10.7312
      vertex 135.118 67.9 10.5857
      vertex 135.118 68.7 10.5857
    endloop
  endfacet
  facet normal 0.211314 0 0.977418
    outer loop
      vertex 135.118 67.9 10.5857
      vertex 134.445 68.7 10.7312
      vertex 134.445 67.9 10.7312
    endloop
  endfacet
  facet normal 0.429418 0 0.903106
    outer loop
      vertex 135.118 68.7 10.5857
      vertex 135.628 67.9 10.3432
      vertex 135.628 68.7 10.3432
    endloop
  endfacet
  facet normal 0.429418 0 0.903106
    outer loop
      vertex 135.628 67.9 10.3432
      vertex 135.118 68.7 10.5857
      vertex 135.118 67.9 10.5857
    endloop
  endfacet
  facet normal 0.695295 0 0.718724
    outer loop
      vertex 135.628 68.7 10.3432
      vertex 135.986 67.9 9.99687
      vertex 135.986 68.7 9.99687
    endloop
  endfacet
  facet normal 0.695295 0 0.718724
    outer loop
      vertex 135.986 67.9 9.99687
      vertex 135.628 68.7 10.3432
      vertex 135.628 67.9 10.3432
    endloop
  endfacet
  facet normal 0.905629 -0 0.424071
    outer loop
      vertex 135.986 67.9 9.99687
      vertex 136.2 68.7 9.53986
      vertex 135.986 68.7 9.99687
    endloop
  endfacet
  facet normal 0.905629 0 0.424071
    outer loop
      vertex 136.2 68.7 9.53986
      vertex 135.986 67.9 9.99687
      vertex 136.2 67.9 9.53986
    endloop
  endfacet
  facet normal 0.99227 -0 0.124101
    outer loop
      vertex 136.2 67.9 9.53986
      vertex 136.271 68.7 8.97217
      vertex 136.2 68.7 9.53986
    endloop
  endfacet
  facet normal 0.99227 0 0.124101
    outer loop
      vertex 136.271 68.7 8.97217
      vertex 136.2 67.9 9.53986
      vertex 136.271 67.9 8.97217
    endloop
  endfacet
  facet normal 0.993038 0 -0.117796
    outer loop
      vertex 136.271 67.9 8.97217
      vertex 136.214 68.7 8.49165
      vertex 136.271 68.7 8.97217
    endloop
  endfacet
  facet normal 0.993038 0 -0.117796
    outer loop
      vertex 136.214 68.7 8.49165
      vertex 136.271 67.9 8.97217
      vertex 136.214 67.9 8.49165
    endloop
  endfacet
  facet normal 0.925133 0 -0.379644
    outer loop
      vertex 136.214 67.9 8.49165
      vertex 136.043 68.7 8.07495
      vertex 136.214 68.7 8.49165
    endloop
  endfacet
  facet normal 0.925133 0 -0.379644
    outer loop
      vertex 136.043 68.7 8.07495
      vertex 136.214 67.9 8.49165
      vertex 136.043 67.9 8.07495
    endloop
  endfacet
  facet normal 0.775842 0 -0.630927
    outer loop
      vertex 136.043 67.9 8.07495
      vertex 135.756 68.7 7.72203
      vertex 136.043 68.7 8.07495
    endloop
  endfacet
  facet normal 0.775842 0 -0.630927
    outer loop
      vertex 135.756 68.7 7.72203
      vertex 136.043 67.9 8.07495
      vertex 135.756 67.9 7.72203
    endloop
  endfacet
  facet normal 0.578706 0 -0.815536
    outer loop
      vertex 135.379 67.9 7.45451
      vertex 135.756 68.7 7.72203
      vertex 135.756 67.9 7.72203
    endloop
  endfacet
  facet normal 0.578706 0 -0.815536
    outer loop
      vertex 135.756 68.7 7.72203
      vertex 135.379 67.9 7.45451
      vertex 135.379 68.7 7.45451
    endloop
  endfacet
  facet normal 0.337268 0 -0.941409
    outer loop
      vertex 134.931 67.9 7.29401
      vertex 135.379 68.7 7.45451
      vertex 135.379 67.9 7.45451
    endloop
  endfacet
  facet normal 0.337268 0 -0.941409
    outer loop
      vertex 135.379 68.7 7.45451
      vertex 134.931 67.9 7.29401
      vertex 134.931 68.7 7.29401
    endloop
  endfacet
  facet normal 0.103129 0 -0.994668
    outer loop
      vertex 134.415 67.9 7.24051
      vertex 134.931 68.7 7.29401
      vertex 134.931 67.9 7.29401
    endloop
  endfacet
  facet normal 0.103129 0 -0.994668
    outer loop
      vertex 134.931 68.7 7.29401
      vertex 134.415 67.9 7.24051
      vertex 134.415 68.7 7.24051
    endloop
  endfacet
  facet normal -0.0633608 0 -0.997991
    outer loop
      vertex 134.028 67.9 7.26508
      vertex 134.415 68.7 7.24051
      vertex 134.415 67.9 7.24051
    endloop
  endfacet
  facet normal -0.0633608 0 -0.997991
    outer loop
      vertex 134.415 68.7 7.24051
      vertex 134.028 67.9 7.26508
      vertex 134.028 68.7 7.26508
    endloop
  endfacet
  facet normal -0.290901 0 0.956753
    outer loop
      vertex 133.979 68.7 8.38972
      vertex 134.179 67.9 8.45053
      vertex 134.179 68.7 8.45053
    endloop
  endfacet
  facet normal -0.290901 0 0.956753
    outer loop
      vertex 134.179 67.9 8.45053
      vertex 133.979 68.7 8.38972
      vertex 133.979 67.9 8.38972
    endloop
  endfacet
  facet normal -0.528031 0 0.849225
    outer loop
      vertex 134.179 68.7 8.45053
      vertex 134.342 67.9 8.55188
      vertex 134.342 68.7 8.55188
    endloop
  endfacet
  facet normal -0.528031 0 0.849225
    outer loop
      vertex 134.342 67.9 8.55188
      vertex 134.179 68.7 8.45053
      vertex 134.179 67.9 8.45053
    endloop
  endfacet
  facet normal -0.752594 0 0.658485
    outer loop
      vertex 134.342 67.9 8.55188
      vertex 134.462 68.7 8.68903
      vertex 134.342 68.7 8.55188
    endloop
  endfacet
  facet normal -0.752594 0 0.658485
    outer loop
      vertex 134.462 68.7 8.68903
      vertex 134.342 67.9 8.55188
      vertex 134.462 67.9 8.68903
    endloop
  endfacet
  facet normal -0.919323 0 0.393504
    outer loop
      vertex 134.462 67.9 8.68903
      vertex 134.534 68.7 8.85724
      vertex 134.462 68.7 8.68903
    endloop
  endfacet
  facet normal -0.919323 0 0.393504
    outer loop
      vertex 134.534 68.7 8.85724
      vertex 134.462 67.9 8.68903
      vertex 134.534 67.9 8.85724
    endloop
  endfacet
  facet normal -0.992826 0 0.11957
    outer loop
      vertex 134.534 67.9 8.85724
      vertex 134.558 68.7 9.05652
      vertex 134.534 68.7 8.85724
    endloop
  endfacet
  facet normal -0.992826 0 0.11957
    outer loop
      vertex 134.558 68.7 9.05652
      vertex 134.534 67.9 8.85724
      vertex 134.558 67.9 9.05652
    endloop
  endfacet
  facet normal -0.990387 0 -0.138322
    outer loop
      vertex 134.558 67.9 9.05652
      vertex 134.528 68.7 9.27132
      vertex 134.558 68.7 9.05652
    endloop
  endfacet
  facet normal -0.990387 -0 -0.138322
    outer loop
      vertex 134.528 68.7 9.27132
      vertex 134.558 67.9 9.05652
      vertex 134.528 67.9 9.27132
    endloop
  endfacet
  facet normal -0.893293 0 -0.449475
    outer loop
      vertex 134.528 67.9 9.27132
      vertex 134.439 68.7 9.4482
      vertex 134.528 68.7 9.27132
    endloop
  endfacet
  facet normal -0.893293 -0 -0.449475
    outer loop
      vertex 134.439 68.7 9.4482
      vertex 134.528 67.9 9.27132
      vertex 134.439 67.9 9.4482
    endloop
  endfacet
  facet normal -0.682117 0 -0.731243
    outer loop
      vertex 134.29 67.9 9.58719
      vertex 134.439 68.7 9.4482
      vertex 134.439 67.9 9.4482
    endloop
  endfacet
  facet normal -0.682117 0 -0.731243
    outer loop
      vertex 134.439 68.7 9.4482
      vertex 134.29 67.9 9.58719
      vertex 134.29 68.7 9.58719
    endloop
  endfacet
  facet normal -0.433365 0 -0.901219
    outer loop
      vertex 134.082 67.9 9.68721
      vertex 134.29 68.7 9.58719
      vertex 134.29 67.9 9.58719
    endloop
  endfacet
  facet normal -0.433365 0 -0.901219
    outer loop
      vertex 134.29 68.7 9.58719
      vertex 134.082 67.9 9.68721
      vertex 134.082 68.7 9.68721
    endloop
  endfacet
  facet normal -0.219286 0 -0.975661
    outer loop
      vertex 133.815 67.9 9.74722
      vertex 134.082 68.7 9.68721
      vertex 134.082 67.9 9.68721
    endloop
  endfacet
  facet normal -0.219286 0 -0.975661
    outer loop
      vertex 134.082 68.7 9.68721
      vertex 133.815 67.9 9.74722
      vertex 133.815 68.7 9.74722
    endloop
  endfacet
  facet normal -0.0614529 0 -0.99811
    outer loop
      vertex 133.49 67.9 9.76723
      vertex 133.815 68.7 9.74722
      vertex 133.815 67.9 9.74722
    endloop
  endfacet
  facet normal -0.0614529 0 -0.99811
    outer loop
      vertex 133.815 68.7 9.74722
      vertex 133.49 67.9 9.76723
      vertex 133.49 68.7 9.76723
    endloop
  endfacet
  facet normal 0 0 -1
    outer loop
      vertex 132.607 67.9 9.76723
      vertex 133.49 68.7 9.76723
      vertex 133.49 67.9 9.76723
    endloop
  endfacet
  facet normal -0 0 -1
    outer loop
      vertex 133.49 68.7 9.76723
      vertex 132.607 67.9 9.76723
      vertex 132.607 68.7 9.76723
    endloop
  endfacet
  facet normal 1 -0 0
    outer loop
      vertex 132.607 67.9 9.76723
      vertex 132.607 68.7 9.57297
      vertex 132.607 68.7 9.76723
    endloop
  endfacet
  facet normal 1 0 0
    outer loop
      vertex 132.607 68.7 9.57297
      vertex 132.607 67.9 9.76723
      vertex 132.607 67.9 9.57297
    endloop
  endfacet
  facet normal 0.993924 -0 0.110066
    outer loop
      vertex 132.607 67.9 9.57297
      vertex 132.643 68.7 9.24788
      vertex 132.607 68.7 9.57297
    endloop
  endfacet
  facet normal 0.993924 0 0.110066
    outer loop
      vertex 132.643 68.7 9.24788
      vertex 132.607 67.9 9.57297
      vertex 132.643 67.9 9.24788
    endloop
  endfacet
  facet normal 0.934717 -0 0.355393
    outer loop
      vertex 132.643 67.9 9.24788
      vertex 132.752 68.7 8.9612
      vertex 132.643 68.7 9.24788
    endloop
  endfacet
  facet normal 0.934717 0 0.355393
    outer loop
      vertex 132.752 68.7 8.9612
      vertex 132.643 67.9 9.24788
      vertex 132.752 67.9 8.9612
    endloop
  endfacet
  facet normal 0.806482 -0 0.591258
    outer loop
      vertex 132.752 67.9 8.9612
      vertex 132.934 68.7 8.71295
      vertex 132.752 68.7 8.9612
    endloop
  endfacet
  facet normal 0.806482 0 0.591258
    outer loop
      vertex 132.934 68.7 8.71295
      vertex 132.752 67.9 8.9612
      vertex 132.934 67.9 8.71295
    endloop
  endfacet
  facet normal 0.628745 0 0.777612
    outer loop
      vertex 132.934 68.7 8.71295
      vertex 133.17 67.9 8.52213
      vertex 133.17 68.7 8.52213
    endloop
  endfacet
  facet normal 0.628745 0 0.777612
    outer loop
      vertex 133.17 67.9 8.52213
      vertex 132.934 68.7 8.71295
      vertex 132.934 67.9 8.71295
    endloop
  endfacet
  facet normal 0.391677 0 0.920103
    outer loop
      vertex 133.17 68.7 8.52213
      vertex 133.439 67.9 8.40762
      vertex 133.439 68.7 8.40762
    endloop
  endfacet
  facet normal 0.391677 0 0.920103
    outer loop
      vertex 133.439 67.9 8.40762
      vertex 133.17 68.7 8.52213
      vertex 133.17 67.9 8.52213
    endloop
  endfacet
  facet normal 0.125361 0 0.992111
    outer loop
      vertex 133.439 68.7 8.40762
      vertex 133.741 67.9 8.36946
      vertex 133.741 68.7 8.36946
    endloop
  endfacet
  facet normal 0.125361 0 0.992111
    outer loop
      vertex 133.741 67.9 8.36946
      vertex 133.439 68.7 8.40762
      vertex 133.439 67.9 8.40762
    endloop
  endfacet
  facet normal -0.0848193 0 0.996396
    outer loop
      vertex 133.741 68.7 8.36946
      vertex 133.979 67.9 8.38972
      vertex 133.979 68.7 8.38972
    endloop
  endfacet
  facet normal -0.0848193 0 0.996396
    outer loop
      vertex 133.979 67.9 8.38972
      vertex 133.741 68.7 8.36946
      vertex 133.741 67.9 8.36946
    endloop
  endfacet
  facet normal -0.0961936 0 -0.995363
    outer loop
      vertex 109.176 67.9 7.2923
      vertex 109.578 68.7 7.25345
      vertex 109.578 67.9 7.25345
    endloop
  endfacet
  facet normal -0.0961936 0 -0.995363
    outer loop
      vertex 109.578 68.7 7.25345
      vertex 109.176 67.9 7.2923
      vertex 109.176 68.7 7.2923
    endloop
  endfacet
  facet normal -0.159044 0 -0.987271
    outer loop
      vertex 108.774 67.9 7.35706
      vertex 109.176 68.7 7.2923
      vertex 109.176 67.9 7.2923
    endloop
  endfacet
  facet normal -0.159044 0 -0.987271
    outer loop
      vertex 109.176 68.7 7.2923
      vertex 108.774 67.9 7.35706
      vertex 108.774 68.7 7.35706
    endloop
  endfacet
  facet normal -0.218727 0 -0.975786
    outer loop
      vertex 108.372 67.9 7.44717
      vertex 108.774 68.7 7.35706
      vertex 108.774 67.9 7.35706
    endloop
  endfacet
  facet normal -0.218727 0 -0.975786
    outer loop
      vertex 108.774 68.7 7.35706
      vertex 108.372 67.9 7.44717
      vertex 108.372 68.7 7.44717
    endloop
  endfacet
  facet normal -0.274949 0 -0.961459
    outer loop
      vertex 107.97 67.9 7.56213
      vertex 108.372 68.7 7.44717
      vertex 108.372 67.9 7.44717
    endloop
  endfacet
  facet normal -0.274949 0 -0.961459
    outer loop
      vertex 108.372 68.7 7.44717
      vertex 107.97 67.9 7.56213
      vertex 107.97 68.7 7.56213
    endloop
  endfacet
  facet normal -0.328508 0 -0.944501
    outer loop
      vertex 107.568 67.9 7.70195
      vertex 107.97 68.7 7.56213
      vertex 107.97 67.9 7.56213
    endloop
  endfacet
  facet normal -0.328508 0 -0.944501
    outer loop
      vertex 107.97 68.7 7.56213
      vertex 107.568 67.9 7.70195
      vertex 107.568 68.7 7.70195
    endloop
  endfacet
  facet normal -1 0 0
    outer loop
      vertex 107.568 67.9 7.70195
      vertex 107.568 68.7 9.0101
      vertex 107.568 68.7 7.70195
    endloop
  endfacet
  facet normal -1 -0 0
    outer loop
      vertex 107.568 68.7 9.0101
      vertex 107.568 67.9 7.70195
      vertex 107.568 67.9 9.0101
    endloop
  endfacet
  facet normal 0.448927 0 0.893568
    outer loop
      vertex 107.568 68.7 9.0101
      vertex 107.96 67.9 8.81316
      vertex 107.96 68.7 8.81316
    endloop
  endfacet
  facet normal 0.448927 0 0.893568
    outer loop
      vertex 107.96 67.9 8.81316
      vertex 107.568 68.7 9.0101
      vertex 107.568 67.9 9.0101
    endloop
  endfacet
  facet normal 0.384058 0 0.923309
    outer loop
      vertex 107.96 68.7 8.81316
      vertex 108.346 67.9 8.6526
      vertex 108.346 68.7 8.6526
    endloop
  endfacet
  facet normal 0.384058 0 0.923309
    outer loop
      vertex 108.346 67.9 8.6526
      vertex 107.96 68.7 8.81316
      vertex 107.96 67.9 8.81316
    endloop
  endfacet
  facet normal 0.312085 0 0.950054
    outer loop
      vertex 108.346 68.7 8.6526
      vertex 108.724 67.9 8.52843
      vertex 108.724 68.7 8.52843
    endloop
  endfacet
  facet normal 0.312085 0 0.950054
    outer loop
      vertex 108.724 67.9 8.52843
      vertex 108.346 68.7 8.6526
      vertex 108.346 67.9 8.6526
    endloop
  endfacet
  facet normal 0.230998 0 0.972954
    outer loop
      vertex 108.724 68.7 8.52843
      vertex 109.096 67.9 8.44011
      vertex 109.096 68.7 8.44011
    endloop
  endfacet
  facet normal 0.230998 0 0.972954
    outer loop
      vertex 109.096 67.9 8.44011
      vertex 108.724 68.7 8.52843
      vertex 108.724 67.9 8.52843
    endloop
  endfacet
  facet normal 0.143261 0 0.989685
    outer loop
      vertex 109.096 68.7 8.44011
      vertex 109.462 67.9 8.38713
      vertex 109.462 68.7 8.38713
    endloop
  endfacet
  facet normal 0.143261 0 0.989685
    outer loop
      vertex 109.462 67.9 8.38713
      vertex 109.096 68.7 8.44011
      vertex 109.096 67.9 8.44011
    endloop
  endfacet
  facet normal 0.0488888 0 0.998804
    outer loop
      vertex 109.462 68.7 8.38713
      vertex 109.823 67.9 8.36946
      vertex 109.823 68.7 8.36946
    endloop
  endfacet
  facet normal 0.0488888 0 0.998804
    outer loop
      vertex 109.823 67.9 8.36946
      vertex 109.462 68.7 8.38713
      vertex 109.462 67.9 8.38713
    endloop
  endfacet
  facet normal -0.0807839 0 0.996732
    outer loop
      vertex 109.823 68.7 8.36946
      vertex 110.233 67.9 8.40269
      vertex 110.233 68.7 8.40269
    endloop
  endfacet
  facet normal -0.0807839 0 0.996732
    outer loop
      vertex 110.233 67.9 8.40269
      vertex 109.823 68.7 8.36946
      vertex 109.823 67.9 8.36946
    endloop
  endfacet
  facet normal -0.277574 0 0.960704
    outer loop
      vertex 110.233 68.7 8.40269
      vertex 110.578 67.9 8.50237
      vertex 110.578 68.7 8.50237
    endloop
  endfacet
  facet normal -0.277574 0 0.960704
    outer loop
      vertex 110.578 67.9 8.50237
      vertex 110.233 68.7 8.40269
      vertex 110.233 67.9 8.40269
    endloop
  endfacet
  facet normal -0.510266 0 0.860017
    outer loop
      vertex 110.578 68.7 8.50237
      vertex 110.858 67.9 8.6685
      vertex 110.858 68.7 8.6685
    endloop
  endfacet
  facet normal -0.510266 0 0.860017
    outer loop
      vertex 110.858 67.9 8.6685
      vertex 110.578 68.7 8.50237
      vertex 110.578 67.9 8.50237
    endloop
  endfacet
  facet normal -0.739062 0 0.673637
    outer loop
      vertex 110.858 67.9 8.6685
      vertex 111.07 68.7 8.90109
      vertex 110.858 68.7 8.6685
    endloop
  endfacet
  facet normal -0.739062 0 0.673637
    outer loop
      vertex 111.07 68.7 8.90109
      vertex 110.858 67.9 8.6685
      vertex 111.07 67.9 8.90109
    endloop
  endfacet
  facet normal -0.900981 0 0.433859
    outer loop
      vertex 111.07 67.9 8.90109
      vertex 111.214 68.7 9.20013
      vertex 111.07 68.7 8.90109
    endloop
  endfacet
  facet normal -0.900981 0 0.433859
    outer loop
      vertex 111.214 68.7 9.20013
      vertex 111.07 67.9 8.90109
      vertex 111.214 67.9 9.20013
    endloop
  endfacet
  facet normal -0.979058 0 0.20358
    outer loop
      vertex 111.214 67.9 9.20013
      vertex 111.29 68.7 9.56563
      vertex 111.214 68.7 9.20013
    endloop
  endfacet
  facet normal -0.979058 0 0.20358
    outer loop
      vertex 111.29 68.7 9.56563
      vertex 111.214 67.9 9.20013
      vertex 111.29 67.9 9.56563
    endloop
  endfacet
  facet normal 0 0 -1
    outer loop
      vertex 107.317 67.9 9.56563
      vertex 111.29 68.7 9.56563
      vertex 111.29 67.9 9.56563
    endloop
  endfacet
  facet normal -0 0 -1
    outer loop
      vertex 111.29 68.7 9.56563
      vertex 107.317 67.9 9.56563
      vertex 107.317 68.7 9.56563
    endloop
  endfacet
  facet normal -1 0 0
    outer loop
      vertex 107.317 67.9 9.56563
      vertex 107.317 68.7 10.0495
      vertex 107.317 68.7 9.56563
    endloop
  endfacet
  facet normal -1 -0 0
    outer loop
      vertex 107.317 68.7 10.0495
      vertex 107.317 67.9 9.56563
      vertex 107.317 67.9 10.0495
    endloop
  endfacet
  facet normal -0.994465 0 0.105067
    outer loop
      vertex 107.317 67.9 10.0495
      vertex 107.4 68.7 10.8351
      vertex 107.317 68.7 10.0495
    endloop
  endfacet
  facet normal -0.994465 0 0.105067
    outer loop
      vertex 107.4 68.7 10.8351
      vertex 107.317 67.9 10.0495
      vertex 107.4 67.9 10.8351
    endloop
  endfacet
  facet normal -0.936906 0 0.349581
    outer loop
      vertex 107.4 67.9 10.8351
      vertex 107.651 68.7 11.5078
      vertex 107.4 68.7 10.8351
    endloop
  endfacet
  facet normal -0.936906 0 0.349581
    outer loop
      vertex 107.651 68.7 11.5078
      vertex 107.4 67.9 10.8351
      vertex 107.651 67.9 11.5078
    endloop
  endfacet
  facet normal -0.801269 0 0.598304
    outer loop
      vertex 107.651 67.9 11.5078
      vertex 108.069 68.7 12.0676
      vertex 107.651 68.7 11.5078
    endloop
  endfacet
  facet normal -0.801269 0 0.598304
    outer loop
      vertex 108.069 68.7 12.0676
      vertex 107.651 67.9 11.5078
      vertex 108.069 67.9 12.0676
    endloop
  endfacet
  facet normal -0.601513 0 0.798863
    outer loop
      vertex 108.069 68.7 12.0676
      vertex 108.626 67.9 12.487
      vertex 108.626 68.7 12.487
    endloop
  endfacet
  facet normal -0.601513 0 0.798863
    outer loop
      vertex 108.626 67.9 12.487
      vertex 108.069 68.7 12.0676
      vertex 108.069 67.9 12.0676
    endloop
  endfacet
  facet normal -0.352135 0 0.935949
    outer loop
      vertex 108.626 68.7 12.487
      vertex 109.295 67.9 12.7387
      vertex 109.295 68.7 12.7387
    endloop
  endfacet
  facet normal -0.352135 0 0.935949
    outer loop
      vertex 109.295 67.9 12.7387
      vertex 108.626 68.7 12.487
      vertex 108.626 67.9 12.487
    endloop
  endfacet
  facet normal -0.107083 0 0.99425
    outer loop
      vertex 109.295 68.7 12.7387
      vertex 110.074 67.9 12.8226
      vertex 110.074 68.7 12.8226
    endloop
  endfacet
  facet normal -0.107083 0 0.99425
    outer loop
      vertex 110.074 67.9 12.8226
      vertex 109.295 68.7 12.7387
      vertex 109.295 67.9 12.7387
    endloop
  endfacet
  facet normal 0.0967274 0 0.995311
    outer loop
      vertex 110.074 68.7 12.8226
      vertex 110.926 67.9 12.7398
      vertex 110.926 68.7 12.7398
    endloop
  endfacet
  facet normal 0.0967274 0 0.995311
    outer loop
      vertex 110.926 67.9 12.7398
      vertex 110.074 68.7 12.8226
      vertex 110.074 67.9 12.8226
    endloop
  endfacet
  facet normal 0.325732 0 0.945462
    outer loop
      vertex 110.926 68.7 12.7398
      vertex 111.647 67.9 12.4914
      vertex 111.647 68.7 12.4914
    endloop
  endfacet
  facet normal 0.325732 0 0.945462
    outer loop
      vertex 111.647 67.9 12.4914
      vertex 110.926 68.7 12.7398
      vertex 110.926 67.9 12.7398
    endloop
  endfacet
  facet normal 0.574486 0 0.818514
    outer loop
      vertex 111.647 68.7 12.4914
      vertex 112.237 67.9 12.0773
      vertex 112.237 68.7 12.0773
    endloop
  endfacet
  facet normal 0.574486 0 0.818514
    outer loop
      vertex 112.237 67.9 12.0773
      vertex 111.647 68.7 12.4914
      vertex 111.647 67.9 12.4914
    endloop
  endfacet
  facet normal 0.788249 -0 0.615356
    outer loop
      vertex 112.237 67.9 12.0773
      vertex 112.673 68.7 11.5188
      vertex 112.237 68.7 12.0773
    endloop
  endfacet
  facet normal 0.788249 0 0.615356
    outer loop
      vertex 112.673 68.7 11.5188
      vertex 112.237 67.9 12.0773
      vertex 112.673 67.9 11.5188
    endloop
  endfacet
  facet normal 0.933469 -0 0.358658
    outer loop
      vertex 112.673 67.9 11.5188
      vertex 112.935 68.7 10.8369
      vertex 112.673 68.7 11.5188
    endloop
  endfacet
  facet normal 0.933469 0 0.358658
    outer loop
      vertex 112.935 68.7 10.8369
      vertex 112.673 67.9 11.5188
      vertex 112.935 67.9 10.8369
    endloop
  endfacet
  facet normal 0.994216 -0 0.107396
    outer loop
      vertex 112.935 67.9 10.8369
      vertex 113.022 68.7 10.0315
      vertex 112.935 68.7 10.8369
    endloop
  endfacet
  facet normal 0.994216 0 0.107396
    outer loop
      vertex 113.022 68.7 10.0315
      vertex 112.935 67.9 10.8369
      vertex 113.022 67.9 10.0315
    endloop
  endfacet
  facet normal 0.994122 0 -0.10827
    outer loop
      vertex 113.022 67.9 10.0315
      vertex 112.933 68.7 9.21431
      vertex 113.022 68.7 10.0315
    endloop
  endfacet
  facet normal 0.994122 0 -0.10827
    outer loop
      vertex 112.933 68.7 9.21431
      vertex 113.022 67.9 10.0315
      vertex 112.933 67.9 9.21431
    endloop
  endfacet
  facet normal 0.932344 0 -0.361574
    outer loop
      vertex 112.933 67.9 9.21431
      vertex 112.667 68.7 8.52841
      vertex 112.933 68.7 9.21431
    endloop
  endfacet
  facet normal 0.932344 0 -0.361574
    outer loop
      vertex 112.667 68.7 8.52841
      vertex 112.933 67.9 9.21431
      vertex 112.667 67.9 8.52841
    endloop
  endfacet
  facet normal 0.779957 0 -0.625833
    outer loop
      vertex 112.667 67.9 8.52841
      vertex 112.222 68.7 7.97382
      vertex 112.667 68.7 8.52841
    endloop
  endfacet
  facet normal 0.779957 0 -0.625833
    outer loop
      vertex 112.222 68.7 7.97382
      vertex 112.667 67.9 8.52841
      vertex 112.222 67.9 7.97382
    endloop
  endfacet
  facet normal 0.55919 0 -0.82904
    outer loop
      vertex 111.618 67.9 7.56642
      vertex 112.222 68.7 7.97382
      vertex 112.222 67.9 7.97382
    endloop
  endfacet
  facet normal 0.55919 0 -0.82904
    outer loop
      vertex 112.222 68.7 7.97382
      vertex 111.618 67.9 7.56642
      vertex 111.618 68.7 7.56642
    endloop
  endfacet
  facet normal 0.310626 0 -0.950532
    outer loop
      vertex 110.87 67.9 7.32198
      vertex 111.618 68.7 7.56642
      vertex 111.618 67.9 7.56642
    endloop
  endfacet
  facet normal 0.310626 0 -0.950532
    outer loop
      vertex 111.618 68.7 7.56642
      vertex 110.87 67.9 7.32198
      vertex 110.87 68.7 7.32198
    endloop
  endfacet
  facet normal 0.0911582 0 -0.995836
    outer loop
      vertex 109.98 67.9 7.24051
      vertex 110.87 68.7 7.32198
      vertex 110.87 67.9 7.32198
    endloop
  endfacet
  facet normal 0.0911582 0 -0.995836
    outer loop
      vertex 110.87 68.7 7.32198
      vertex 109.98 67.9 7.24051
      vertex 109.98 68.7 7.24051
    endloop
  endfacet
  facet normal -0.0321724 0 -0.999482
    outer loop
      vertex 109.578 67.9 7.25345
      vertex 109.98 68.7 7.24051
      vertex 109.98 67.9 7.24051
    endloop
  endfacet
  facet normal -0.0321724 0 -0.999482
    outer loop
      vertex 109.98 68.7 7.24051
      vertex 109.578 67.9 7.25345
      vertex 109.578 68.7 7.25345
    endloop
  endfacet
  facet normal -0.972513 0 -0.232847
    outer loop
      vertex 111.271 67.9 10.6139
      vertex 111.194 68.7 10.9355
      vertex 111.271 68.7 10.6139
    endloop
  endfacet
  facet normal -0.972513 -0 -0.232847
    outer loop
      vertex 111.194 68.7 10.9355
      vertex 111.271 67.9 10.6139
      vertex 111.194 67.9 10.9355
    endloop
  endfacet
  facet normal -0.901797 0 -0.43216
    outer loop
      vertex 111.194 67.9 10.9355
      vertex 111.066 68.7 11.2026
      vertex 111.194 68.7 10.9355
    endloop
  endfacet
  facet normal -0.901797 -0 -0.43216
    outer loop
      vertex 111.066 68.7 11.2026
      vertex 111.194 67.9 10.9355
      vertex 111.066 67.9 11.2026
    endloop
  endfacet
  facet normal -0.763495 0 -0.645814
    outer loop
      vertex 111.066 67.9 11.2026
      vertex 110.886 68.7 11.4154
      vertex 111.066 68.7 11.2026
    endloop
  endfacet
  facet normal -0.763495 -0 -0.645814
    outer loop
      vertex 110.886 68.7 11.4154
      vertex 111.066 67.9 11.2026
      vertex 110.886 67.9 11.4154
    endloop
  endfacet
  facet normal -0.564356 0 -0.825531
    outer loop
      vertex 110.66 67.9 11.5699
      vertex 110.886 68.7 11.4154
      vertex 110.886 67.9 11.4154
    endloop
  endfacet
  facet normal -0.564356 0 -0.825531
    outer loop
      vertex 110.886 68.7 11.4154
      vertex 110.66 67.9 11.5699
      vertex 110.66 68.7 11.5699
    endloop
  endfacet
  facet normal -0.327207 0 -0.944953
    outer loop
      vertex 110.392 67.9 11.6627
      vertex 110.66 68.7 11.5699
      vertex 110.66 67.9 11.5699
    endloop
  endfacet
  facet normal -0.327207 0 -0.944953
    outer loop
      vertex 110.66 68.7 11.5699
      vertex 110.392 67.9 11.6627
      vertex 110.392 68.7 11.6627
    endloop
  endfacet
  facet normal -0.0998236 0 -0.995005
    outer loop
      vertex 110.084 67.9 11.6936
      vertex 110.392 68.7 11.6627
      vertex 110.392 67.9 11.6627
    endloop
  endfacet
  facet normal -0.0998236 0 -0.995005
    outer loop
      vertex 110.392 68.7 11.6627
      vertex 110.084 67.9 11.6936
      vertex 110.084 68.7 11.6936
    endloop
  endfacet
  facet normal 0.115021 0 -0.993363
    outer loop
      vertex 109.799 67.9 11.6606
      vertex 110.084 68.7 11.6936
      vertex 110.084 67.9 11.6936
    endloop
  endfacet
  facet normal 0.115021 0 -0.993363
    outer loop
      vertex 110.084 68.7 11.6936
      vertex 109.799 67.9 11.6606
      vertex 109.799 68.7 11.6606
    endloop
  endfacet
  facet normal 0.373665 0 -0.927564
    outer loop
      vertex 109.553 67.9 11.5615
      vertex 109.799 68.7 11.6606
      vertex 109.799 67.9 11.6606
    endloop
  endfacet
  facet normal 0.373665 0 -0.927564
    outer loop
      vertex 109.799 68.7 11.6606
      vertex 109.553 67.9 11.5615
      vertex 109.553 68.7 11.5615
    endloop
  endfacet
  facet normal 0.623774 0 -0.781605
    outer loop
      vertex 109.346 67.9 11.3963
      vertex 109.553 68.7 11.5615
      vertex 109.553 67.9 11.5615
    endloop
  endfacet
  facet normal 0.623774 0 -0.781605
    outer loop
      vertex 109.553 68.7 11.5615
      vertex 109.346 67.9 11.3963
      vertex 109.346 68.7 11.3963
    endloop
  endfacet
  facet normal 0.812729 0 -0.582642
    outer loop
      vertex 109.346 67.9 11.3963
      vertex 109.189 68.7 11.1773
      vertex 109.346 68.7 11.3963
    endloop
  endfacet
  facet normal 0.812729 0 -0.582642
    outer loop
      vertex 109.189 68.7 11.1773
      vertex 109.346 67.9 11.3963
      vertex 109.189 67.9 11.1773
    endloop
  endfacet
  facet normal 0.940759 0 -0.339077
    outer loop
      vertex 109.189 67.9 11.1773
      vertex 109.095 68.7 10.9165
      vertex 109.189 68.7 11.1773
    endloop
  endfacet
  facet normal 0.940759 0 -0.339077
    outer loop
      vertex 109.095 68.7 10.9165
      vertex 109.189 67.9 11.1773
      vertex 109.095 67.9 10.9165
    endloop
  endfacet
  facet normal 0.994455 0 -0.105164
    outer loop
      vertex 109.095 67.9 10.9165
      vertex 109.063 68.7 10.6139
      vertex 109.095 68.7 10.9165
    endloop
  endfacet
  facet normal 0.994455 0 -0.105164
    outer loop
      vertex 109.063 68.7 10.6139
      vertex 109.095 67.9 10.9165
      vertex 109.063 67.9 10.6139
    endloop
  endfacet
  facet normal -0 0 1
    outer loop
      vertex 109.063 68.7 10.6139
      vertex 111.271 67.9 10.6139
      vertex 111.271 68.7 10.6139
    endloop
  endfacet
  facet normal 0 0 1
    outer loop
      vertex 111.271 67.9 10.6139
      vertex 109.063 68.7 10.6139
      vertex 109.063 67.9 10.6139
    endloop
  endfacet
  facet normal -0.996575 0 -0.0826879
    outer loop
      vertex 138.856 67.9 9.82721
      vertex 138.816 68.7 10.3093
      vertex 138.856 68.7 9.82721
    endloop
  endfacet
  facet normal -0.996575 -0 -0.0826879
    outer loop
      vertex 138.816 68.7 10.3093
      vertex 138.856 67.9 9.82721
      vertex 138.816 67.9 10.3093
    endloop
  endfacet
  facet normal -0.959404 0 -0.282037
    outer loop
      vertex 138.816 67.9 10.3093
      vertex 138.698 68.7 10.7107
      vertex 138.816 68.7 10.3093
    endloop
  endfacet
  facet normal -0.959404 -0 -0.282037
    outer loop
      vertex 138.698 68.7 10.7107
      vertex 138.816 67.9 10.3093
      vertex 138.698 67.9 10.7107
    endloop
  endfacet
  facet normal -0.85319 0 -0.521601
    outer loop
      vertex 138.698 67.9 10.7107
      vertex 138.502 68.7 11.0313
      vertex 138.698 68.7 10.7107
    endloop
  endfacet
  facet normal -0.85319 -0 -0.521601
    outer loop
      vertex 138.502 68.7 11.0313
      vertex 138.698 67.9 10.7107
      vertex 138.502 67.9 11.0313
    endloop
  endfacet
  facet normal -0.655518 0 -0.755179
    outer loop
      vertex 138.233 67.9 11.2648
      vertex 138.502 68.7 11.0313
      vertex 138.502 67.9 11.0313
    endloop
  endfacet
  facet normal -0.655518 0 -0.755179
    outer loop
      vertex 138.502 68.7 11.0313
      vertex 138.233 67.9 11.2648
      vertex 138.233 68.7 11.2648
    endloop
  endfacet
  facet normal -0.38411 0 -0.923288
    outer loop
      vertex 137.896 67.9 11.405
      vertex 138.233 68.7 11.2648
      vertex 138.233 67.9 11.2648
    endloop
  endfacet
  facet normal -0.38411 0 -0.923288
    outer loop
      vertex 138.233 68.7 11.2648
      vertex 137.896 67.9 11.405
      vertex 137.896 68.7 11.405
    endloop
  endfacet
  facet normal -0.115111 0 -0.993353
    outer loop
      vertex 137.493 67.9 11.4517
      vertex 137.896 68.7 11.405
      vertex 137.896 67.9 11.405
    endloop
  endfacet
  facet normal -0.115111 0 -0.993353
    outer loop
      vertex 137.896 68.7 11.405
      vertex 137.493 67.9 11.4517
      vertex 137.493 68.7 11.4517
    endloop
  endfacet
  facet normal 0.0378108 0 -0.999285
    outer loop
      vertex 137.345 67.9 11.4461
      vertex 137.493 68.7 11.4517
      vertex 137.493 67.9 11.4517
    endloop
  endfacet
  facet normal 0.0378108 0 -0.999285
    outer loop
      vertex 137.493 68.7 11.4517
      vertex 137.345 67.9 11.4461
      vertex 137.345 68.7 11.4461
    endloop
  endfacet
  facet normal 0.112789 0 -0.993619
    outer loop
      vertex 137.197 67.9 11.4293
      vertex 137.345 68.7 11.4461
      vertex 137.345 67.9 11.4461
    endloop
  endfacet
  facet normal 0.112789 0 -0.993619
    outer loop
      vertex 137.345 68.7 11.4461
      vertex 137.197 67.9 11.4293
      vertex 137.197 68.7 11.4293
    endloop
  endfacet
  facet normal 0.185251 0 -0.982691
    outer loop
      vertex 137.049 67.9 11.4014
      vertex 137.197 68.7 11.4293
      vertex 137.197 67.9 11.4293
    endloop
  endfacet
  facet normal 0.185251 0 -0.982691
    outer loop
      vertex 137.197 68.7 11.4293
      vertex 137.049 67.9 11.4014
      vertex 137.049 68.7 11.4014
    endloop
  endfacet
  facet normal 0.260727 0 -0.965413
    outer loop
      vertex 136.902 67.9 11.3617
      vertex 137.049 68.7 11.4014
      vertex 137.049 67.9 11.4014
    endloop
  endfacet
  facet normal 0.260727 0 -0.965413
    outer loop
      vertex 137.049 68.7 11.4014
      vertex 136.902 67.9 11.3617
      vertex 136.902 68.7 11.3617
    endloop
  endfacet
  facet normal 0.330918 0 -0.943659
    outer loop
      vertex 136.754 67.9 11.3098
      vertex 136.902 68.7 11.3617
      vertex 136.902 67.9 11.3617
    endloop
  endfacet
  facet normal 0.330918 0 -0.943659
    outer loop
      vertex 136.902 68.7 11.3617
      vertex 136.754 67.9 11.3098
      vertex 136.754 68.7 11.3098
    endloop
  endfacet
  facet normal 0.397955 0 -0.917405
    outer loop
      vertex 136.606 67.9 11.2456
      vertex 136.754 68.7 11.3098
      vertex 136.754 67.9 11.3098
    endloop
  endfacet
  facet normal 0.397955 0 -0.917405
    outer loop
      vertex 136.754 68.7 11.3098
      vertex 136.606 67.9 11.2456
      vertex 136.606 68.7 11.2456
    endloop
  endfacet
  facet normal -0.999997 0 0.00259773
    outer loop
      vertex 136.606 67.9 11.2456
      vertex 136.61 68.7 12.7854
      vertex 136.606 68.7 11.2456
    endloop
  endfacet
  facet normal -0.999997 0 0.00259773
    outer loop
      vertex 136.61 68.7 12.7854
      vertex 136.606 67.9 11.2456
      vertex 136.61 67.9 12.7854
    endloop
  endfacet
  facet normal -0.116299 0 0.993214
    outer loop
      vertex 136.61 68.7 12.7854
      vertex 136.727 67.9 12.7991
      vertex 136.727 68.7 12.7991
    endloop
  endfacet
  facet normal -0.116299 0 0.993214
    outer loop
      vertex 136.727 67.9 12.7991
      vertex 136.61 68.7 12.7854
      vertex 136.61 67.9 12.7854
    endloop
  endfacet
  facet normal -0.103606 0 0.994618
    outer loop
      vertex 136.727 68.7 12.7991
      vertex 136.823 67.9 12.8091
      vertex 136.823 68.7 12.8091
    endloop
  endfacet
  facet normal -0.103606 0 0.994618
    outer loop
      vertex 136.823 67.9 12.8091
      vertex 136.727 68.7 12.7991
      vertex 136.727 67.9 12.7991
    endloop
  endfacet
  facet normal -0.0841164 0 0.996456
    outer loop
      vertex 136.823 68.7 12.8091
      vertex 136.9 67.9 12.8156
      vertex 136.9 68.7 12.8156
    endloop
  endfacet
  facet normal -0.0841164 0 0.996456
    outer loop
      vertex 136.9 67.9 12.8156
      vertex 136.823 68.7 12.8091
      vertex 136.823 67.9 12.8091
    endloop
  endfacet
  facet normal -0.0598923 0 0.998205
    outer loop
      vertex 136.9 68.7 12.8156
      vertex 136.965 67.9 12.8195
      vertex 136.965 68.7 12.8195
    endloop
  endfacet
  facet normal -0.0598923 0 0.998205
    outer loop
      vertex 136.965 67.9 12.8195
      vertex 136.9 68.7 12.8156
      vertex 136.9 67.9 12.8156
    endloop
  endfacet
  facet normal -0.0376781 0 0.99929
    outer loop
      vertex 136.965 68.7 12.8195
      vertex 137.026 67.9 12.8218
      vertex 137.026 68.7 12.8218
    endloop
  endfacet
  facet normal -0.0376781 0 0.99929
    outer loop
      vertex 137.026 67.9 12.8218
      vertex 136.965 68.7 12.8195
      vertex 136.965 67.9 12.8195
    endloop
  endfacet
  facet normal -0.0135581 0 0.999908
    outer loop
      vertex 137.026 68.7 12.8218
      vertex 137.085 67.9 12.8226
      vertex 137.085 68.7 12.8226
    endloop
  endfacet
  facet normal -0.0135581 0 0.999908
    outer loop
      vertex 137.085 67.9 12.8226
      vertex 137.026 68.7 12.8218
      vertex 137.026 67.9 12.8218
    endloop
  endfacet
  facet normal 0.0706453 0 0.997501
    outer loop
      vertex 137.085 68.7 12.8226
      vertex 137.462 67.9 12.7959
      vertex 137.462 68.7 12.7959
    endloop
  endfacet
  facet normal 0.0706453 0 0.997501
    outer loop
      vertex 137.462 67.9 12.7959
      vertex 137.085 68.7 12.8226
      vertex 137.085 67.9 12.8226
    endloop
  endfacet
  facet normal 0.229951 0 0.973202
    outer loop
      vertex 137.462 68.7 12.7959
      vertex 137.801 67.9 12.7158
      vertex 137.801 68.7 12.7158
    endloop
  endfacet
  facet normal 0.229951 0 0.973202
    outer loop
      vertex 137.801 67.9 12.7158
      vertex 137.462 68.7 12.7959
      vertex 137.462 67.9 12.7959
    endloop
  endfacet
  facet normal 0.404058 0 0.914733
    outer loop
      vertex 137.801 68.7 12.7158
      vertex 138.103 67.9 12.5824
      vertex 138.103 68.7 12.5824
    endloop
  endfacet
  facet normal 0.404058 0 0.914733
    outer loop
      vertex 138.103 67.9 12.5824
      vertex 137.801 68.7 12.7158
      vertex 137.801 67.9 12.7158
    endloop
  endfacet
  facet normal 0.574468 0 0.818527
    outer loop
      vertex 138.103 68.7 12.5824
      vertex 138.376 67.9 12.3908
      vertex 138.376 68.7 12.3908
    endloop
  endfacet
  facet normal 0.574468 0 0.818527
    outer loop
      vertex 138.376 67.9 12.3908
      vertex 138.103 68.7 12.5824
      vertex 138.103 67.9 12.5824
    endloop
  endfacet
  facet normal 0.713248 -0 0.700912
    outer loop
      vertex 138.376 67.9 12.3908
      vertex 138.626 68.7 12.1364
      vertex 138.376 68.7 12.3908
    endloop
  endfacet
  facet normal 0.713248 0 0.700912
    outer loop
      vertex 138.626 68.7 12.1364
      vertex 138.376 67.9 12.3908
      vertex 138.626 67.9 12.1364
    endloop
  endfacet
  facet normal 0.80975 -0 0.586775
    outer loop
      vertex 138.626 67.9 12.1364
      vertex 138.856 68.7 11.819
      vertex 138.626 68.7 12.1364
    endloop
  endfacet
  facet normal 0.80975 0 0.586775
    outer loop
      vertex 138.856 68.7 11.819
      vertex 138.626 67.9 12.1364
      vertex 138.856 67.9 11.819
    endloop
  endfacet
  facet normal -1 0 0
    outer loop
      vertex 138.856 67.9 11.819
      vertex 138.856 68.7 12.6971
      vertex 138.856 68.7 11.819
    endloop
  endfacet
  facet normal -1 -0 0
    outer loop
      vertex 138.856 68.7 12.6971
      vertex 138.856 67.9 11.819
      vertex 138.856 67.9 12.6971
    endloop
  endfacet
  facet normal -0 0 1
    outer loop
      vertex 138.856 68.7 12.6971
      vertex 140.555 67.9 12.6971
      vertex 140.555 68.7 12.6971
    endloop
  endfacet
  facet normal 0 0 1
    outer loop
      vertex 140.555 67.9 12.6971
      vertex 138.856 68.7 12.6971
      vertex 138.856 67.9 12.6971
    endloop
  endfacet
  facet normal 1 -0 0
    outer loop
      vertex 140.555 67.9 12.6971
      vertex 140.555 68.7 7.37938
      vertex 140.555 68.7 12.6971
    endloop
  endfacet
  facet normal 1 0 0
    outer loop
      vertex 140.555 68.7 7.37938
      vertex 140.555 67.9 12.6971
      vertex 140.555 67.9 7.37938
    endloop
  endfacet
  facet normal 0 0 -1
    outer loop
      vertex 138.856 67.9 7.37938
      vertex 140.555 68.7 7.37938
      vertex 140.555 67.9 7.37938
    endloop
  endfacet
  facet normal -0 0 -1
    outer loop
      vertex 140.555 68.7 7.37938
      vertex 138.856 67.9 7.37938
      vertex 138.856 68.7 7.37938
    endloop
  endfacet
  facet normal -1 0 0
    outer loop
      vertex 138.856 67.9 7.37938
      vertex 138.856 68.7 9.82721
      vertex 138.856 68.7 7.37938
    endloop
  endfacet
  facet normal -1 -0 0
    outer loop
      vertex 138.856 68.7 9.82721
      vertex 138.856 67.9 7.37938
      vertex 138.856 67.9 9.82721
    endloop
  endfacet
  facet normal -0.0964313 0 -0.99534
    outer loop
      vertex 152.026 67.9 7.2923
      vertex 152.427 68.7 7.25345
      vertex 152.427 67.9 7.25345
    endloop
  endfacet
  facet normal -0.0964313 0 -0.99534
    outer loop
      vertex 152.427 68.7 7.25345
      vertex 152.026 67.9 7.2923
      vertex 152.026 68.7 7.2923
    endloop
  endfacet
  facet normal -0.159044 0 -0.987271
    outer loop
      vertex 151.624 67.9 7.35706
      vertex 152.026 68.7 7.2923
      vertex 152.026 67.9 7.2923
    endloop
  endfacet
  facet normal -0.159044 0 -0.987271
    outer loop
      vertex 152.026 68.7 7.2923
      vertex 151.624 67.9 7.35706
      vertex 151.624 68.7 7.35706
    endloop
  endfacet
  facet normal -0.218727 0 -0.975786
    outer loop
      vertex 151.222 67.9 7.44717
      vertex 151.624 68.7 7.35706
      vertex 151.624 67.9 7.35706
    endloop
  endfacet
  facet normal -0.218727 0 -0.975786
    outer loop
      vertex 151.624 68.7 7.35706
      vertex 151.222 67.9 7.44717
      vertex 151.222 68.7 7.44717
    endloop
  endfacet
  facet normal -0.274949 0 -0.961459
    outer loop
      vertex 150.82 67.9 7.56213
      vertex 151.222 68.7 7.44717
      vertex 151.222 67.9 7.44717
    endloop
  endfacet
  facet normal -0.274949 0 -0.961459
    outer loop
      vertex 151.222 68.7 7.44717
      vertex 150.82 67.9 7.56213
      vertex 150.82 68.7 7.56213
    endloop
  endfacet
  facet normal -0.328508 0 -0.944501
    outer loop
      vertex 150.418 67.9 7.70195
      vertex 150.82 68.7 7.56213
      vertex 150.82 67.9 7.56213
    endloop
  endfacet
  facet normal -0.328508 0 -0.944501
    outer loop
      vertex 150.82 68.7 7.56213
      vertex 150.418 67.9 7.70195
      vertex 150.418 68.7 7.70195
    endloop
  endfacet
  facet normal -1 0 0
    outer loop
      vertex 150.418 67.9 7.70195
      vertex 150.418 68.7 9.0101
      vertex 150.418 68.7 7.70195
    endloop
  endfacet
  facet normal -1 -0 0
    outer loop
      vertex 150.418 68.7 9.0101
      vertex 150.418 67.9 7.70195
      vertex 150.418 67.9 9.0101
    endloop
  endfacet
  facet normal 0.448927 0 0.893568
    outer loop
      vertex 150.418 68.7 9.0101
      vertex 150.81 67.9 8.81316
      vertex 150.81 68.7 8.81316
    endloop
  endfacet
  facet normal 0.448927 0 0.893568
    outer loop
      vertex 150.81 67.9 8.81316
      vertex 150.418 68.7 9.0101
      vertex 150.418 67.9 9.0101
    endloop
  endfacet
  facet normal 0.384908 0 0.922955
    outer loop
      vertex 150.81 68.7 8.81316
      vertex 151.195 67.9 8.6526
      vertex 151.195 68.7 8.6526
    endloop
  endfacet
  facet normal 0.384908 0 0.922955
    outer loop
      vertex 151.195 67.9 8.6526
      vertex 150.81 68.7 8.81316
      vertex 150.81 67.9 8.81316
    endloop
  endfacet
  facet normal 0.311342 0 0.950298
    outer loop
      vertex 151.195 68.7 8.6526
      vertex 151.574 67.9 8.52843
      vertex 151.574 68.7 8.52843
    endloop
  endfacet
  facet normal 0.311342 0 0.950298
    outer loop
      vertex 151.574 67.9 8.52843
      vertex 151.195 68.7 8.6526
      vertex 151.195 67.9 8.6526
    endloop
  endfacet
  facet normal 0.230998 0 0.972954
    outer loop
      vertex 151.574 68.7 8.52843
      vertex 151.946 67.9 8.44011
      vertex 151.946 68.7 8.44011
    endloop
  endfacet
  facet normal 0.230998 0 0.972954
    outer loop
      vertex 151.946 67.9 8.44011
      vertex 151.574 68.7 8.52843
      vertex 151.574 67.9 8.52843
    endloop
  endfacet
  facet normal 0.143261 0 0.989685
    outer loop
      vertex 151.946 68.7 8.44011
      vertex 152.312 67.9 8.38713
      vertex 152.312 68.7 8.38713
    endloop
  endfacet
  facet normal 0.143261 0 0.989685
    outer loop
      vertex 152.312 67.9 8.38713
      vertex 151.946 68.7 8.44011
      vertex 151.946 67.9 8.44011
    endloop
  endfacet
  facet normal 0.0488888 0 0.998804
    outer loop
      vertex 152.312 68.7 8.38713
      vertex 152.673 67.9 8.36946
      vertex 152.673 68.7 8.36946
    endloop
  endfacet
  facet normal 0.0488888 0 0.998804
    outer loop
      vertex 152.673 67.9 8.36946
      vertex 152.312 68.7 8.38713
      vertex 152.312 67.9 8.38713
    endloop
  endfacet
  facet normal -0.0807839 0 0.996732
    outer loop
      vertex 152.673 68.7 8.36946
      vertex 153.083 67.9 8.40269
      vertex 153.083 68.7 8.40269
    endloop
  endfacet
  facet normal -0.0807839 0 0.996732
    outer loop
      vertex 153.083 67.9 8.40269
      vertex 152.673 68.7 8.36946
      vertex 152.673 67.9 8.36946
    endloop
  endfacet
  facet normal -0.277574 0 0.960704
    outer loop
      vertex 153.083 68.7 8.40269
      vertex 153.428 67.9 8.50237
      vertex 153.428 68.7 8.50237
    endloop
  endfacet
  facet normal -0.277574 0 0.960704
    outer loop
      vertex 153.428 67.9 8.50237
      vertex 153.083 68.7 8.40269
      vertex 153.083 67.9 8.40269
    endloop
  endfacet
  facet normal -0.510266 0 0.860017
    outer loop
      vertex 153.428 68.7 8.50237
      vertex 153.708 67.9 8.6685
      vertex 153.708 68.7 8.6685
    endloop
  endfacet
  facet normal -0.510266 0 0.860017
    outer loop
      vertex 153.708 67.9 8.6685
      vertex 153.428 68.7 8.50237
      vertex 153.428 67.9 8.50237
    endloop
  endfacet
  facet normal -0.739062 0 0.673637
    outer loop
      vertex 153.708 67.9 8.6685
      vertex 153.92 68.7 8.90109
      vertex 153.708 68.7 8.6685
    endloop
  endfacet
  facet normal -0.739062 0 0.673637
    outer loop
      vertex 153.92 68.7 8.90109
      vertex 153.708 67.9 8.6685
      vertex 153.92 67.9 8.90109
    endloop
  endfacet
  facet normal -0.900981 0 0.433859
    outer loop
      vertex 153.92 67.9 8.90109
      vertex 154.064 68.7 9.20013
      vertex 153.92 68.7 8.90109
    endloop
  endfacet
  facet normal -0.900981 0 0.433859
    outer loop
      vertex 154.064 68.7 9.20013
      vertex 153.92 67.9 8.90109
      vertex 154.064 67.9 9.20013
    endloop
  endfacet
  facet normal -0.979058 0 0.20358
    outer loop
      vertex 154.064 67.9 9.20013
      vertex 154.14 68.7 9.56563
      vertex 154.064 68.7 9.20013
    endloop
  endfacet
  facet normal -0.979058 0 0.20358
    outer loop
      vertex 154.14 68.7 9.56563
      vertex 154.064 67.9 9.20013
      vertex 154.14 67.9 9.56563
    endloop
  endfacet
  facet normal 0 0 -1
    outer loop
      vertex 150.166 67.9 9.56563
      vertex 154.14 68.7 9.56563
      vertex 154.14 67.9 9.56563
    endloop
  endfacet
  facet normal -0 0 -1
    outer loop
      vertex 154.14 68.7 9.56563
      vertex 150.166 67.9 9.56563
      vertex 150.166 68.7 9.56563
    endloop
  endfacet
  facet normal -1 0 0
    outer loop
      vertex 150.166 67.9 9.56563
      vertex 150.166 68.7 10.0495
      vertex 150.166 68.7 9.56563
    endloop
  endfacet
  facet normal -1 -0 0
    outer loop
      vertex 150.166 68.7 10.0495
      vertex 150.166 67.9 9.56563
      vertex 150.166 67.9 10.0495
    endloop
  endfacet
  facet normal -0.994332 0 0.106319
    outer loop
      vertex 150.166 67.9 10.0495
      vertex 150.25 68.7 10.8351
      vertex 150.166 68.7 10.0495
    endloop
  endfacet
  facet normal -0.994332 0 0.106319
    outer loop
      vertex 150.25 68.7 10.8351
      vertex 150.166 67.9 10.0495
      vertex 150.25 67.9 10.8351
    endloop
  endfacet
  facet normal -0.936906 0 0.349581
    outer loop
      vertex 150.25 67.9 10.8351
      vertex 150.501 68.7 11.5078
      vertex 150.25 68.7 10.8351
    endloop
  endfacet
  facet normal -0.936906 0 0.349581
    outer loop
      vertex 150.501 68.7 11.5078
      vertex 150.25 67.9 10.8351
      vertex 150.501 67.9 11.5078
    endloop
  endfacet
  facet normal -0.801269 0 0.598304
    outer loop
      vertex 150.501 67.9 11.5078
      vertex 150.919 68.7 12.0676
      vertex 150.501 68.7 11.5078
    endloop
  endfacet
  facet normal -0.801269 0 0.598304
    outer loop
      vertex 150.919 68.7 12.0676
      vertex 150.501 67.9 11.5078
      vertex 150.919 67.9 12.0676
    endloop
  endfacet
  facet normal -0.601513 0 0.798863
    outer loop
      vertex 150.919 68.7 12.0676
      vertex 151.476 67.9 12.487
      vertex 151.476 68.7 12.487
    endloop
  endfacet
  facet normal -0.601513 0 0.798863
    outer loop
      vertex 151.476 67.9 12.487
      vertex 150.919 68.7 12.0676
      vertex 150.919 67.9 12.0676
    endloop
  endfacet
  facet normal -0.352135 0 0.935949
    outer loop
      vertex 151.476 68.7 12.487
      vertex 152.145 67.9 12.7387
      vertex 152.145 68.7 12.7387
    endloop
  endfacet
  facet normal -0.352135 0 0.935949
    outer loop
      vertex 152.145 67.9 12.7387
      vertex 151.476 68.7 12.487
      vertex 151.476 67.9 12.487
    endloop
  endfacet
  facet normal -0.107083 0 0.99425
    outer loop
      vertex 152.145 68.7 12.7387
      vertex 152.924 67.9 12.8226
      vertex 152.924 68.7 12.8226
    endloop
  endfacet
  facet normal -0.107083 0 0.99425
    outer loop
      vertex 152.924 67.9 12.8226
      vertex 152.145 68.7 12.7387
      vertex 152.145 67.9 12.7387
    endloop
  endfacet
  facet normal 0.0967274 0 0.995311
    outer loop
      vertex 152.924 68.7 12.8226
      vertex 153.776 67.9 12.7398
      vertex 153.776 68.7 12.7398
    endloop
  endfacet
  facet normal 0.0967274 0 0.995311
    outer loop
      vertex 153.776 67.9 12.7398
      vertex 152.924 68.7 12.8226
      vertex 152.924 67.9 12.8226
    endloop
  endfacet
  facet normal 0.325732 0 0.945462
    outer loop
      vertex 153.776 68.7 12.7398
      vertex 154.497 67.9 12.4914
      vertex 154.497 68.7 12.4914
    endloop
  endfacet
  facet normal 0.325732 0 0.945462
    outer loop
      vertex 154.497 67.9 12.4914
      vertex 153.776 68.7 12.7398
      vertex 153.776 67.9 12.7398
    endloop
  endfacet
  facet normal 0.575139 0 0.818056
    outer loop
      vertex 154.497 68.7 12.4914
      vertex 155.086 67.9 12.0773
      vertex 155.086 68.7 12.0773
    endloop
  endfacet
  facet normal 0.575139 0 0.818056
    outer loop
      vertex 155.086 67.9 12.0773
      vertex 154.497 68.7 12.4914
      vertex 154.497 67.9 12.4914
    endloop
  endfacet
  facet normal 0.787565 -0 0.616232
    outer loop
      vertex 155.086 67.9 12.0773
      vertex 155.523 68.7 11.5188
      vertex 155.086 68.7 12.0773
    endloop
  endfacet
  facet normal 0.787565 0 0.616232
    outer loop
      vertex 155.523 68.7 11.5188
      vertex 155.086 67.9 12.0773
      vertex 155.523 67.9 11.5188
    endloop
  endfacet
  facet normal 0.933469 -0 0.358658
    outer loop
      vertex 155.523 67.9 11.5188
      vertex 155.785 68.7 10.8369
      vertex 155.523 68.7 11.5188
    endloop
  endfacet
  facet normal 0.933469 0 0.358658
    outer loop
      vertex 155.785 68.7 10.8369
      vertex 155.523 67.9 11.5188
      vertex 155.785 67.9 10.8369
    endloop
  endfacet
  facet normal 0.994216 -0 0.107396
    outer loop
      vertex 155.785 67.9 10.8369
      vertex 155.872 68.7 10.0315
      vertex 155.785 68.7 10.8369
    endloop
  endfacet
  facet normal 0.994216 0 0.107396
    outer loop
      vertex 155.872 68.7 10.0315
      vertex 155.785 67.9 10.8369
      vertex 155.872 67.9 10.0315
    endloop
  endfacet
  facet normal 0.994122 0 -0.10827
    outer loop
      vertex 155.872 67.9 10.0315
      vertex 155.783 68.7 9.21431
      vertex 155.872 68.7 10.0315
    endloop
  endfacet
  facet normal 0.994122 0 -0.10827
    outer loop
      vertex 155.783 68.7 9.21431
      vertex 155.872 67.9 10.0315
      vertex 155.783 67.9 9.21431
    endloop
  endfacet
  facet normal 0.932344 0 -0.361574
    outer loop
      vertex 155.783 67.9 9.21431
      vertex 155.517 68.7 8.52841
      vertex 155.783 68.7 9.21431
    endloop
  endfacet
  facet normal 0.932344 0 -0.361574
    outer loop
      vertex 155.517 68.7 8.52841
      vertex 155.783 67.9 9.21431
      vertex 155.517 67.9 8.52841
    endloop
  endfacet
  facet normal 0.779957 0 -0.625833
    outer loop
      vertex 155.517 67.9 8.52841
      vertex 155.072 68.7 7.97382
      vertex 155.517 68.7 8.52841
    endloop
  endfacet
  facet normal 0.779957 0 -0.625833
    outer loop
      vertex 155.072 68.7 7.97382
      vertex 155.517 67.9 8.52841
      vertex 155.072 67.9 7.97382
    endloop
  endfacet
  facet normal 0.55919 0 -0.82904
    outer loop
      vertex 154.468 67.9 7.56642
      vertex 155.072 68.7 7.97382
      vertex 155.072 67.9 7.97382
    endloop
  endfacet
  facet normal 0.55919 0 -0.82904
    outer loop
      vertex 155.072 68.7 7.97382
      vertex 154.468 67.9 7.56642
      vertex 154.468 68.7 7.56642
    endloop
  endfacet
  facet normal 0.310626 0 -0.950532
    outer loop
      vertex 153.72 67.9 7.32198
      vertex 154.468 68.7 7.56642
      vertex 154.468 67.9 7.56642
    endloop
  endfacet
  facet normal 0.310626 0 -0.950532
    outer loop
      vertex 154.468 68.7 7.56642
      vertex 153.72 67.9 7.32198
      vertex 153.72 68.7 7.32198
    endloop
  endfacet
  facet normal 0.0910567 0 -0.995846
    outer loop
      vertex 152.829 67.9 7.24051
      vertex 153.72 68.7 7.32198
      vertex 153.72 67.9 7.32198
    endloop
  endfacet
  facet normal 0.0910567 0 -0.995846
    outer loop
      vertex 153.72 68.7 7.32198
      vertex 152.829 67.9 7.24051
      vertex 152.829 68.7 7.24051
    endloop
  endfacet
  facet normal -0.0321724 0 -0.999482
    outer loop
      vertex 152.427 67.9 7.25345
      vertex 152.829 68.7 7.24051
      vertex 152.829 67.9 7.24051
    endloop
  endfacet
  facet normal -0.0321724 0 -0.999482
    outer loop
      vertex 152.829 68.7 7.24051
      vertex 152.427 67.9 7.25345
      vertex 152.427 68.7 7.25345
    endloop
  endfacet
  facet normal -0.972513 0 -0.232847
    outer loop
      vertex 154.121 67.9 10.6139
      vertex 154.044 68.7 10.9355
      vertex 154.121 68.7 10.6139
    endloop
  endfacet
  facet normal -0.972513 -0 -0.232847
    outer loop
      vertex 154.044 68.7 10.9355
      vertex 154.121 67.9 10.6139
      vertex 154.044 67.9 10.9355
    endloop
  endfacet
  facet normal -0.901797 0 -0.43216
    outer loop
      vertex 154.044 67.9 10.9355
      vertex 153.916 68.7 11.2026
      vertex 154.044 68.7 10.9355
    endloop
  endfacet
  facet normal -0.901797 -0 -0.43216
    outer loop
      vertex 153.916 68.7 11.2026
      vertex 154.044 67.9 10.9355
      vertex 153.916 67.9 11.2026
    endloop
  endfacet
  facet normal -0.763495 0 -0.645814
    outer loop
      vertex 153.916 67.9 11.2026
      vertex 153.736 68.7 11.4154
      vertex 153.916 68.7 11.2026
    endloop
  endfacet
  facet normal -0.763495 -0 -0.645814
    outer loop
      vertex 153.736 68.7 11.4154
      vertex 153.916 67.9 11.2026
      vertex 153.736 67.9 11.4154
    endloop
  endfacet
  facet normal -0.564356 0 -0.825531
    outer loop
      vertex 153.51 67.9 11.5699
      vertex 153.736 68.7 11.4154
      vertex 153.736 67.9 11.4154
    endloop
  endfacet
  facet normal -0.564356 0 -0.825531
    outer loop
      vertex 153.736 68.7 11.4154
      vertex 153.51 67.9 11.5699
      vertex 153.51 68.7 11.5699
    endloop
  endfacet
  facet normal -0.327207 0 -0.944953
    outer loop
      vertex 153.242 67.9 11.6627
      vertex 153.51 68.7 11.5699
      vertex 153.51 67.9 11.5699
    endloop
  endfacet
  facet normal -0.327207 0 -0.944953
    outer loop
      vertex 153.51 68.7 11.5699
      vertex 153.242 67.9 11.6627
      vertex 153.242 68.7 11.6627
    endloop
  endfacet
  facet normal -0.0998236 0 -0.995005
    outer loop
      vertex 152.934 67.9 11.6936
      vertex 153.242 68.7 11.6627
      vertex 153.242 67.9 11.6627
    endloop
  endfacet
  facet normal -0.0998236 0 -0.995005
    outer loop
      vertex 153.242 68.7 11.6627
      vertex 152.934 67.9 11.6936
      vertex 152.934 68.7 11.6936
    endloop
  endfacet
  facet normal 0.115021 0 -0.993363
    outer loop
      vertex 152.649 67.9 11.6606
      vertex 152.934 68.7 11.6936
      vertex 152.934 67.9 11.6936
    endloop
  endfacet
  facet normal 0.115021 0 -0.993363
    outer loop
      vertex 152.934 68.7 11.6936
      vertex 152.649 67.9 11.6606
      vertex 152.649 68.7 11.6606
    endloop
  endfacet
  facet normal 0.373665 0 -0.927564
    outer loop
      vertex 152.403 67.9 11.5615
      vertex 152.649 68.7 11.6606
      vertex 152.649 67.9 11.6606
    endloop
  endfacet
  facet normal 0.373665 0 -0.927564
    outer loop
      vertex 152.649 68.7 11.6606
      vertex 152.403 67.9 11.5615
      vertex 152.403 68.7 11.5615
    endloop
  endfacet
  facet normal 0.623774 0 -0.781605
    outer loop
      vertex 152.196 67.9 11.3963
      vertex 152.403 68.7 11.5615
      vertex 152.403 67.9 11.5615
    endloop
  endfacet
  facet normal 0.623774 0 -0.781605
    outer loop
      vertex 152.403 68.7 11.5615
      vertex 152.196 67.9 11.3963
      vertex 152.196 68.7 11.3963
    endloop
  endfacet
  facet normal 0.812729 0 -0.582642
    outer loop
      vertex 152.196 67.9 11.3963
      vertex 152.039 68.7 11.1773
      vertex 152.196 68.7 11.3963
    endloop
  endfacet
  facet normal 0.812729 0 -0.582642
    outer loop
      vertex 152.039 68.7 11.1773
      vertex 152.196 67.9 11.3963
      vertex 152.039 67.9 11.1773
    endloop
  endfacet
  facet normal 0.940759 0 -0.339077
    outer loop
      vertex 152.039 67.9 11.1773
      vertex 151.945 68.7 10.9165
      vertex 152.039 68.7 11.1773
    endloop
  endfacet
  facet normal 0.940759 0 -0.339077
    outer loop
      vertex 151.945 68.7 10.9165
      vertex 152.039 67.9 11.1773
      vertex 151.945 67.9 10.9165
    endloop
  endfacet
  facet normal 0.994455 0 -0.105164
    outer loop
      vertex 151.945 67.9 10.9165
      vertex 151.913 68.7 10.6139
      vertex 151.945 68.7 10.9165
    endloop
  endfacet
  facet normal 0.994455 0 -0.105164
    outer loop
      vertex 151.913 68.7 10.6139
      vertex 151.945 67.9 10.9165
      vertex 151.913 67.9 10.6139
    endloop
  endfacet
  facet normal -0 0 1
    outer loop
      vertex 151.913 68.7 10.6139
      vertex 154.121 67.9 10.6139
      vertex 154.121 68.7 10.6139
    endloop
  endfacet
  facet normal 0 0 1
    outer loop
      vertex 154.121 67.9 10.6139
      vertex 151.913 68.7 10.6139
      vertex 151.913 67.9 10.6139
    endloop
  endfacet
  facet normal 0.759378 0 -0.65065
    outer loop
      vertex 173.152 67.9 8.14546
      vertex 172.91 68.7 7.86302
      vertex 173.152 68.7 8.14546
    endloop
  endfacet
  facet normal 0.759378 0 -0.65065
    outer loop
      vertex 172.91 68.7 7.86302
      vertex 173.152 67.9 8.14546
      vertex 172.91 67.9 7.86302
    endloop
  endfacet
  facet normal 0.659666 0 -0.751559
    outer loop
      vertex 172.65 67.9 7.63481
      vertex 172.91 68.7 7.86302
      vertex 172.91 67.9 7.86302
    endloop
  endfacet
  facet normal 0.659666 0 -0.751559
    outer loop
      vertex 172.91 68.7 7.86302
      vertex 172.65 67.9 7.63481
      vertex 172.65 68.7 7.63481
    endloop
  endfacet
  facet normal 0.533323 0 -0.845912
    outer loop
      vertex 172.374 67.9 7.4608
      vertex 172.65 68.7 7.63481
      vertex 172.65 67.9 7.63481
    endloop
  endfacet
  facet normal 0.533323 0 -0.845912
    outer loop
      vertex 172.65 68.7 7.63481
      vertex 172.374 67.9 7.4608
      vertex 172.374 68.7 7.4608
    endloop
  endfacet
  facet normal 0.378823 0 -0.925469
    outer loop
      vertex 172.075 67.9 7.33841
      vertex 172.374 68.7 7.4608
      vertex 172.374 67.9 7.4608
    endloop
  endfacet
  facet normal 0.378823 0 -0.925469
    outer loop
      vertex 172.374 68.7 7.4608
      vertex 172.075 67.9 7.33841
      vertex 172.075 68.7 7.33841
    endloop
  endfacet
  facet normal 0.218464 0 -0.975845
    outer loop
      vertex 171.747 67.9 7.26498
      vertex 172.075 68.7 7.33841
      vertex 172.075 67.9 7.33841
    endloop
  endfacet
  facet normal 0.218464 0 -0.975845
    outer loop
      vertex 172.075 68.7 7.33841
      vertex 171.747 67.9 7.26498
      vertex 171.747 68.7 7.26498
    endloop
  endfacet
  facet normal 0.0685742 0 -0.997646
    outer loop
      vertex 171.391 67.9 7.24051
      vertex 171.747 68.7 7.26498
      vertex 171.747 67.9 7.26498
    endloop
  endfacet
  facet normal 0.0685742 0 -0.997646
    outer loop
      vertex 171.747 68.7 7.26498
      vertex 171.391 67.9 7.24051
      vertex 171.391 68.7 7.24051
    endloop
  endfacet
  facet normal -0.139452 0 -0.990229
    outer loop
      vertex 170.775 67.9 7.32726
      vertex 171.391 68.7 7.24051
      vertex 171.391 67.9 7.24051
    endloop
  endfacet
  facet normal -0.139452 0 -0.990229
    outer loop
      vertex 171.391 68.7 7.24051
      vertex 170.775 67.9 7.32726
      vertex 170.775 68.7 7.32726
    endloop
  endfacet
  facet normal -0.435463 0 -0.900207
    outer loop
      vertex 170.237 67.9 7.58751
      vertex 170.775 68.7 7.32726
      vertex 170.775 67.9 7.32726
    endloop
  endfacet
  facet normal -0.435463 0 -0.900207
    outer loop
      vertex 170.775 68.7 7.32726
      vertex 170.237 67.9 7.58751
      vertex 170.237 68.7 7.58751
    endloop
  endfacet
  facet normal -0.686068 0 -0.727538
    outer loop
      vertex 169.777 67.9 8.02129
      vertex 170.237 68.7 7.58751
      vertex 170.237 67.9 7.58751
    endloop
  endfacet
  facet normal -0.686068 0 -0.727538
    outer loop
      vertex 170.237 68.7 7.58751
      vertex 169.777 67.9 8.02129
      vertex 169.777 68.7 8.02129
    endloop
  endfacet
  facet normal -0.851669 0 -0.524081
    outer loop
      vertex 169.777 67.9 8.02129
      vertex 169.426 68.7 8.59169
      vertex 169.777 68.7 8.02129
    endloop
  endfacet
  facet normal -0.851669 -0 -0.524081
    outer loop
      vertex 169.426 68.7 8.59169
      vertex 169.777 67.9 8.02129
      vertex 169.426 67.9 8.59169
    endloop
  endfacet
  facet normal -0.954238 0 -0.299049
    outer loop
      vertex 169.426 67.9 8.59169
      vertex 169.216 68.7 9.26178
      vertex 169.426 68.7 8.59169
    endloop
  endfacet
  facet normal -0.954238 -0 -0.299049
    outer loop
      vertex 169.216 68.7 9.26178
      vertex 169.426 67.9 8.59169
      vertex 169.216 67.9 9.26178
    endloop
  endfacet
  facet normal -0.99589 0 -0.0905684
    outer loop
      vertex 169.216 67.9 9.26178
      vertex 169.146 68.7 10.0315
      vertex 169.216 68.7 9.26178
    endloop
  endfacet
  facet normal -0.99589 -0 -0.0905684
    outer loop
      vertex 169.146 68.7 10.0315
      vertex 169.216 67.9 9.26178
      vertex 169.146 67.9 10.0315
    endloop
  endfacet
  facet normal -0.995891 0 0.0905591
    outer loop
      vertex 169.146 67.9 10.0315
      vertex 169.216 68.7 10.8013
      vertex 169.146 68.7 10.0315
    endloop
  endfacet
  facet normal -0.995891 0 0.0905591
    outer loop
      vertex 169.216 68.7 10.8013
      vertex 169.146 67.9 10.0315
      vertex 169.216 67.9 10.8013
    endloop
  endfacet
  facet normal -0.954226 0 0.299086
    outer loop
      vertex 169.216 67.9 10.8013
      vertex 169.426 68.7 11.4713
      vertex 169.216 68.7 10.8013
    endloop
  endfacet
  facet normal -0.954226 0 0.299086
    outer loop
      vertex 169.426 68.7 11.4713
      vertex 169.216 67.9 10.8013
      vertex 169.426 67.9 11.4713
    endloop
  endfacet
  facet normal -0.851669 0 0.524081
    outer loop
      vertex 169.426 67.9 11.4713
      vertex 169.777 68.7 12.0417
      vertex 169.426 68.7 11.4713
    endloop
  endfacet
  facet normal -0.851669 0 0.524081
    outer loop
      vertex 169.777 68.7 12.0417
      vertex 169.426 67.9 11.4713
      vertex 169.777 67.9 12.0417
    endloop
  endfacet
  facet normal -0.686085 0 0.727522
    outer loop
      vertex 169.777 68.7 12.0417
      vertex 170.237 67.9 12.4755
      vertex 170.237 68.7 12.4755
    endloop
  endfacet
  facet normal -0.686085 0 0.727522
    outer loop
      vertex 170.237 67.9 12.4755
      vertex 169.777 68.7 12.0417
      vertex 169.777 67.9 12.0417
    endloop
  endfacet
  facet normal -0.43553 0 0.900174
    outer loop
      vertex 170.237 68.7 12.4755
      vertex 170.775 67.9 12.7358
      vertex 170.775 68.7 12.7358
    endloop
  endfacet
  facet normal -0.43553 0 0.900174
    outer loop
      vertex 170.775 67.9 12.7358
      vertex 170.237 68.7 12.4755
      vertex 170.237 67.9 12.4755
    endloop
  endfacet
  facet normal -0.139531 0 0.990218
    outer loop
      vertex 170.775 68.7 12.7358
      vertex 171.391 67.9 12.8226
      vertex 171.391 68.7 12.8226
    endloop
  endfacet
  facet normal -0.139531 0 0.990218
    outer loop
      vertex 171.391 67.9 12.8226
      vertex 170.775 68.7 12.7358
      vertex 170.775 67.9 12.7358
    endloop
  endfacet
  facet normal 0.0686578 0 0.99764
    outer loop
      vertex 171.391 68.7 12.8226
      vertex 171.747 67.9 12.7981
      vertex 171.747 68.7 12.7981
    endloop
  endfacet
  facet normal 0.0686578 0 0.99764
    outer loop
      vertex 171.747 67.9 12.7981
      vertex 171.391 68.7 12.8226
      vertex 171.391 67.9 12.8226
    endloop
  endfacet
  facet normal 0.218663 0 0.975801
    outer loop
      vertex 171.747 68.7 12.7981
      vertex 172.075 67.9 12.7246
      vertex 172.075 68.7 12.7246
    endloop
  endfacet
  facet normal 0.218663 0 0.975801
    outer loop
      vertex 172.075 67.9 12.7246
      vertex 171.747 68.7 12.7981
      vertex 171.747 67.9 12.7981
    endloop
  endfacet
  facet normal 0.37885 0 0.925458
    outer loop
      vertex 172.075 68.7 12.7246
      vertex 172.374 67.9 12.6022
      vertex 172.374 68.7 12.6022
    endloop
  endfacet
  facet normal 0.37885 0 0.925458
    outer loop
      vertex 172.374 67.9 12.6022
      vertex 172.075 68.7 12.7246
      vertex 172.075 67.9 12.7246
    endloop
  endfacet
  facet normal 0.533301 0 0.845926
    outer loop
      vertex 172.374 68.7 12.6022
      vertex 172.65 67.9 12.4282
      vertex 172.65 68.7 12.4282
    endloop
  endfacet
  facet normal 0.533301 0 0.845926
    outer loop
      vertex 172.65 67.9 12.4282
      vertex 172.374 68.7 12.6022
      vertex 172.374 67.9 12.6022
    endloop
  endfacet
  facet normal 0.65965 0 0.751573
    outer loop
      vertex 172.65 68.7 12.4282
      vertex 172.91 67.9 12.2
      vertex 172.91 68.7 12.2
    endloop
  endfacet
  facet normal 0.65965 0 0.751573
    outer loop
      vertex 172.91 67.9 12.2
      vertex 172.65 68.7 12.4282
      vertex 172.65 67.9 12.4282
    endloop
  endfacet
  facet normal 0.759333 -0 0.650703
    outer loop
      vertex 172.91 67.9 12.2
      vertex 173.152 68.7 11.9176
      vertex 172.91 68.7 12.2
    endloop
  endfacet
  facet normal 0.759333 0 0.650703
    outer loop
      vertex 173.152 68.7 11.9176
      vertex 172.91 67.9 12.2
      vertex 173.152 67.9 11.9176
    endloop
  endfacet
  facet normal -1 0 0
    outer loop
      vertex 173.152 67.9 11.9176
      vertex 173.152 68.7 12.6971
      vertex 173.152 68.7 11.9176
    endloop
  endfacet
  facet normal -1 -0 0
    outer loop
      vertex 173.152 68.7 12.6971
      vertex 173.152 67.9 11.9176
      vertex 173.152 67.9 12.6971
    endloop
  endfacet
  facet normal -0 0 1
    outer loop
      vertex 173.152 68.7 12.6971
      vertex 174.852 67.9 12.6971
      vertex 174.852 68.7 12.6971
    endloop
  endfacet
  facet normal 0 0 1
    outer loop
      vertex 174.852 67.9 12.6971
      vertex 173.152 68.7 12.6971
      vertex 173.152 67.9 12.6971
    endloop
  endfacet
  facet normal 1 -0 0
    outer loop
      vertex 174.852 67.9 12.6971
      vertex 174.852 68.7 5.3589
      vertex 174.852 68.7 12.6971
    endloop
  endfacet
  facet normal 1 0 0
    outer loop
      vertex 174.852 68.7 5.3589
      vertex 174.852 67.9 12.6971
      vertex 174.852 67.9 5.3589
    endloop
  endfacet
  facet normal 0 0 -1
    outer loop
      vertex 173.152 67.9 5.3589
      vertex 174.852 68.7 5.3589
      vertex 174.852 67.9 5.3589
    endloop
  endfacet
  facet normal -0 0 -1
    outer loop
      vertex 174.852 68.7 5.3589
      vertex 173.152 67.9 5.3589
      vertex 173.152 68.7 5.3589
    endloop
  endfacet
  facet normal -1 0 0
    outer loop
      vertex 173.152 67.9 5.3589
      vertex 173.152 68.7 8.14546
      vertex 173.152 68.7 5.3589
    endloop
  endfacet
  facet normal -1 -0 0
    outer loop
      vertex 173.152 68.7 8.14546
      vertex 173.152 67.9 5.3589
      vertex 173.152 67.9 8.14546
    endloop
  endfacet
  facet normal -0.432048 0 0.901851
    outer loop
      vertex 172.358 68.7 8.52155
      vertex 172.637 67.9 8.65521
      vertex 172.637 68.7 8.65521
    endloop
  endfacet
  facet normal -0.432048 0 0.901851
    outer loop
      vertex 172.637 67.9 8.65521
      vertex 172.358 68.7 8.52155
      vertex 172.358 67.9 8.52155
    endloop
  endfacet
  facet normal -0.706789 0 0.707424
    outer loop
      vertex 172.637 68.7 8.65521
      vertex 172.86 67.9 8.87801
      vertex 172.86 68.7 8.87801
    endloop
  endfacet
  facet normal -0.706789 0 0.707424
    outer loop
      vertex 172.86 67.9 8.87801
      vertex 172.637 68.7 8.65521
      vertex 172.637 67.9 8.65521
    endloop
  endfacet
  facet normal -0.884217 0 0.467077
    outer loop
      vertex 172.86 67.9 8.87801
      vertex 173.022 68.7 9.18469
      vertex 172.86 68.7 8.87801
    endloop
  endfacet
  facet normal -0.884217 0 0.467077
    outer loop
      vertex 173.022 68.7 9.18469
      vertex 172.86 67.9 8.87801
      vertex 173.022 67.9 9.18469
    endloop
  endfacet
  facet normal -0.969138 0 0.246517
    outer loop
      vertex 173.022 67.9 9.18469
      vertex 173.12 68.7 9.56996
      vertex 173.022 68.7 9.18469
    endloop
  endfacet
  facet normal -0.969138 0 0.246517
    outer loop
      vertex 173.12 68.7 9.56996
      vertex 173.022 67.9 9.18469
      vertex 173.12 67.9 9.56996
    endloop
  endfacet
  facet normal -0.997629 0 0.0688257
    outer loop
      vertex 173.12 67.9 9.56996
      vertex 173.152 68.7 10.0338
      vertex 173.12 68.7 9.56996
    endloop
  endfacet
  facet normal -0.997629 0 0.0688257
    outer loop
      vertex 173.152 68.7 10.0338
      vertex 173.12 67.9 9.56996
      vertex 173.152 67.9 10.0338
    endloop
  endfacet
  facet normal -0.997628 0 -0.0688316
    outer loop
      vertex 173.152 67.9 10.0338
      vertex 173.12 68.7 10.4976
      vertex 173.152 68.7 10.0338
    endloop
  endfacet
  facet normal -0.997628 -0 -0.0688316
    outer loop
      vertex 173.12 68.7 10.4976
      vertex 173.152 67.9 10.0338
      vertex 173.12 67.9 10.4976
    endloop
  endfacet
  facet normal -0.969128 0 -0.246559
    outer loop
      vertex 173.12 67.9 10.4976
      vertex 173.022 68.7 10.8828
      vertex 173.12 68.7 10.4976
    endloop
  endfacet
  facet normal -0.969128 -0 -0.246559
    outer loop
      vertex 173.022 68.7 10.8828
      vertex 173.12 67.9 10.4976
      vertex 173.022 67.9 10.8828
    endloop
  endfacet
  facet normal -0.884229 0 -0.467053
    outer loop
      vertex 173.022 67.9 10.8828
      vertex 172.86 68.7 11.1895
      vertex 173.022 68.7 10.8828
    endloop
  endfacet
  facet normal -0.884229 -0 -0.467053
    outer loop
      vertex 172.86 68.7 11.1895
      vertex 173.022 67.9 10.8828
      vertex 172.86 67.9 11.1895
    endloop
  endfacet
  facet normal -0.706789 0 -0.707424
    outer loop
      vertex 172.637 67.9 11.4123
      vertex 172.86 68.7 11.1895
      vertex 172.86 67.9 11.1895
    endloop
  endfacet
  facet normal -0.706789 0 -0.707424
    outer loop
      vertex 172.86 68.7 11.1895
      vertex 172.637 67.9 11.4123
      vertex 172.637 68.7 11.4123
    endloop
  endfacet
  facet normal -0.432153 0 -0.9018
    outer loop
      vertex 172.358 67.9 11.546
      vertex 172.637 68.7 11.4123
      vertex 172.637 67.9 11.4123
    endloop
  endfacet
  facet normal -0.432153 0 -0.9018
    outer loop
      vertex 172.637 68.7 11.4123
      vertex 172.358 67.9 11.546
      vertex 172.358 68.7 11.546
    endloop
  endfacet
  facet normal -0.131584 0 -0.991305
    outer loop
      vertex 172.022 67.9 11.5906
      vertex 172.358 68.7 11.546
      vertex 172.358 67.9 11.546
    endloop
  endfacet
  facet normal -0.131584 0 -0.991305
    outer loop
      vertex 172.358 68.7 11.546
      vertex 172.022 67.9 11.5906
      vertex 172.022 68.7 11.5906
    endloop
  endfacet
  facet normal 0.131098 0 -0.991369
    outer loop
      vertex 171.687 67.9 11.5463
      vertex 172.022 68.7 11.5906
      vertex 172.022 67.9 11.5906
    endloop
  endfacet
  facet normal 0.131098 0 -0.991369
    outer loop
      vertex 172.022 68.7 11.5906
      vertex 171.687 67.9 11.5463
      vertex 171.687 68.7 11.5463
    endloop
  endfacet
  facet normal 0.432572 0 -0.901599
    outer loop
      vertex 171.41 67.9 11.4134
      vertex 171.687 68.7 11.5463
      vertex 171.687 67.9 11.5463
    endloop
  endfacet
  facet normal 0.432572 0 -0.901599
    outer loop
      vertex 171.687 68.7 11.5463
      vertex 171.41 67.9 11.4134
      vertex 171.41 68.7 11.4134
    endloop
  endfacet
  facet normal 0.708065 0 -0.706148
    outer loop
      vertex 171.41 67.9 11.4134
      vertex 171.189 68.7 11.1918
      vertex 171.41 68.7 11.4134
    endloop
  endfacet
  facet normal 0.708065 0 -0.706148
    outer loop
      vertex 171.189 68.7 11.1918
      vertex 171.41 67.9 11.4134
      vertex 171.189 67.9 11.1918
    endloop
  endfacet
  facet normal 0.887236 0 -0.461316
    outer loop
      vertex 171.189 67.9 11.1918
      vertex 171.03 68.7 10.886
      vertex 171.189 68.7 11.1918
    endloop
  endfacet
  facet normal 0.887236 0 -0.461316
    outer loop
      vertex 171.03 68.7 10.886
      vertex 171.189 67.9 11.1918
      vertex 171.03 67.9 10.886
    endloop
  endfacet
  facet normal 0.970438 0 -0.241352
    outer loop
      vertex 171.03 67.9 10.886
      vertex 170.934 68.7 10.5
      vertex 171.03 68.7 10.886
    endloop
  endfacet
  facet normal 0.970438 0 -0.241352
    outer loop
      vertex 170.934 68.7 10.5
      vertex 171.03 67.9 10.886
      vertex 170.934 67.9 10.5
    endloop
  endfacet
  facet normal 0.997653 0 -0.0684789
    outer loop
      vertex 170.934 67.9 10.5
      vertex 170.902 68.7 10.0338
      vertex 170.934 68.7 10.5
    endloop
  endfacet
  facet normal 0.997653 0 -0.0684789
    outer loop
      vertex 170.902 68.7 10.0338
      vertex 170.934 67.9 10.5
      vertex 170.902 67.9 10.0338
    endloop
  endfacet
  facet normal 0.997653 -0 0.068476
    outer loop
      vertex 170.902 67.9 10.0338
      vertex 170.934 68.7 9.56758
      vertex 170.902 68.7 10.0338
    endloop
  endfacet
  facet normal 0.997653 0 0.068476
    outer loop
      vertex 170.934 68.7 9.56758
      vertex 170.902 67.9 10.0338
      vertex 170.934 67.9 9.56758
    endloop
  endfacet
  facet normal 0.970446 -0 0.241317
    outer loop
      vertex 170.934 67.9 9.56758
      vertex 171.03 68.7 9.18152
      vertex 170.934 68.7 9.56758
    endloop
  endfacet
  facet normal 0.970446 0 0.241317
    outer loop
      vertex 171.03 68.7 9.18152
      vertex 170.934 67.9 9.56758
      vertex 171.03 67.9 9.18152
    endloop
  endfacet
  facet normal 0.887291 -0 0.461209
    outer loop
      vertex 171.03 67.9 9.18152
      vertex 171.189 68.7 8.87563
      vertex 171.03 68.7 9.18152
    endloop
  endfacet
  facet normal 0.887291 0 0.461209
    outer loop
      vertex 171.189 68.7 8.87563
      vertex 171.03 67.9 9.18152
      vertex 171.189 67.9 8.87563
    endloop
  endfacet
  facet normal 0.707857 -0 0.706355
    outer loop
      vertex 171.189 67.9 8.87563
      vertex 171.41 68.7 8.65416
      vertex 171.189 68.7 8.87563
    endloop
  endfacet
  facet normal 0.707857 0 0.706355
    outer loop
      vertex 171.41 68.7 8.65416
      vertex 171.189 67.9 8.87563
      vertex 171.41 67.9 8.65416
    endloop
  endfacet
  facet normal 0.432546 0 0.901612
    outer loop
      vertex 171.41 68.7 8.65416
      vertex 171.687 67.9 8.52127
      vertex 171.687 68.7 8.52127
    endloop
  endfacet
  facet normal 0.432546 0 0.901612
    outer loop
      vertex 171.687 67.9 8.52127
      vertex 171.41 68.7 8.65416
      vertex 171.41 67.9 8.65416
    endloop
  endfacet
  facet normal 0.131039 0 0.991377
    outer loop
      vertex 171.687 68.7 8.52127
      vertex 172.022 67.9 8.47699
      vertex 172.022 68.7 8.47699
    endloop
  endfacet
  facet normal 0.131039 0 0.991377
    outer loop
      vertex 172.022 67.9 8.47699
      vertex 171.687 68.7 8.52127
      vertex 171.687 67.9 8.52127
    endloop
  endfacet
  facet normal -0.131468 0 0.99132
    outer loop
      vertex 172.022 68.7 8.47699
      vertex 172.358 67.9 8.52155
      vertex 172.358 68.7 8.52155
    endloop
  endfacet
  facet normal -0.131468 0 0.99132
    outer loop
      vertex 172.358 67.9 8.52155
      vertex 172.022 68.7 8.47699
      vertex 172.022 67.9 8.47699
    endloop
  endfacet
  facet normal -0.326728 0 -0.945119
    outer loop
      vertex 163.963 67.9 7.5696
      vertex 164.677 68.7 7.32277
      vertex 164.677 67.9 7.32277
    endloop
  endfacet
  facet normal -0.326728 0 -0.945119
    outer loop
      vertex 164.677 68.7 7.32277
      vertex 163.963 67.9 7.5696
      vertex 163.963 68.7 7.5696
    endloop
  endfacet
  facet normal -0.577847 0 -0.816145
    outer loop
      vertex 163.382 67.9 7.98096
      vertex 163.963 68.7 7.5696
      vertex 163.963 67.9 7.5696
    endloop
  endfacet
  facet normal -0.577847 0 -0.816145
    outer loop
      vertex 163.963 68.7 7.5696
      vertex 163.382 67.9 7.98096
      vertex 163.382 68.7 7.98096
    endloop
  endfacet
  facet normal -0.792238 0 -0.610212
    outer loop
      vertex 163.382 67.9 7.98096
      vertex 162.953 68.7 8.53793
      vertex 163.382 68.7 7.98096
    endloop
  endfacet
  facet normal -0.792238 -0 -0.610212
    outer loop
      vertex 162.953 68.7 8.53793
      vertex 163.382 67.9 7.98096
      vertex 162.953 67.9 8.53793
    endloop
  endfacet
  facet normal -0.936023 0 -0.35194
    outer loop
      vertex 162.953 67.9 8.53793
      vertex 162.696 68.7 9.22145
      vertex 162.953 68.7 8.53793
    endloop
  endfacet
  facet normal -0.936023 -0 -0.35194
    outer loop
      vertex 162.696 68.7 9.22145
      vertex 162.953 67.9 8.53793
      vertex 162.696 67.9 9.22145
    endloop
  endfacet
  facet normal -0.99454 0 -0.104359
    outer loop
      vertex 162.696 67.9 9.22145
      vertex 162.611 68.7 10.0315
      vertex 162.696 68.7 9.22145
    endloop
  endfacet
  facet normal -0.99454 -0 -0.104359
    outer loop
      vertex 162.611 68.7 10.0315
      vertex 162.696 67.9 9.22145
      vertex 162.611 67.9 10.0315
    endloop
  endfacet
  facet normal -0.99454 0 0.104352
    outer loop
      vertex 162.611 67.9 10.0315
      vertex 162.696 68.7 10.8416
      vertex 162.611 68.7 10.0315
    endloop
  endfacet
  facet normal -0.99454 0 0.104352
    outer loop
      vertex 162.696 68.7 10.8416
      vertex 162.611 67.9 10.0315
      vertex 162.696 67.9 10.8416
    endloop
  endfacet
  facet normal -0.936019 0 0.351949
    outer loop
      vertex 162.696 67.9 10.8416
      vertex 162.953 68.7 11.5251
      vertex 162.696 68.7 10.8416
    endloop
  endfacet
  facet normal -0.936019 0 0.351949
    outer loop
      vertex 162.953 68.7 11.5251
      vertex 162.696 67.9 10.8416
      vertex 162.953 67.9 11.5251
    endloop
  endfacet
  facet normal -0.792201 0 0.610261
    outer loop
      vertex 162.953 67.9 11.5251
      vertex 163.382 68.7 12.082
      vertex 162.953 68.7 11.5251
    endloop
  endfacet
  facet normal -0.792201 0 0.610261
    outer loop
      vertex 163.382 68.7 12.082
      vertex 162.953 67.9 11.5251
      vertex 163.382 67.9 12.082
    endloop
  endfacet
  facet normal -0.577885 0 0.816118
    outer loop
      vertex 163.382 68.7 12.082
      vertex 163.963 67.9 12.4934
      vertex 163.963 68.7 12.4934
    endloop
  endfacet
  facet normal -0.577885 0 0.816118
    outer loop
      vertex 163.963 67.9 12.4934
      vertex 163.382 68.7 12.082
      vertex 163.382 67.9 12.082
    endloop
  endfacet
  facet normal -0.32681 0 0.94509
    outer loop
      vertex 163.963 68.7 12.4934
      vertex 164.677 67.9 12.7403
      vertex 164.677 68.7 12.7403
    endloop
  endfacet
  facet normal -0.32681 0 0.94509
    outer loop
      vertex 164.677 67.9 12.7403
      vertex 163.963 68.7 12.4934
      vertex 163.963 67.9 12.4934
    endloop
  endfacet
  facet normal -0.096598 0 0.995323
    outer loop
      vertex 164.677 68.7 12.7403
      vertex 165.525 67.9 12.8226
      vertex 165.525 68.7 12.8226
    endloop
  endfacet
  facet normal -0.096598 0 0.995323
    outer loop
      vertex 165.525 67.9 12.8226
      vertex 164.677 68.7 12.7403
      vertex 164.677 67.9 12.7403
    endloop
  endfacet
  facet normal 0.0962606 0 0.995356
    outer loop
      vertex 165.525 68.7 12.8226
      vertex 166.376 67.9 12.7403
      vertex 166.376 68.7 12.7403
    endloop
  endfacet
  facet normal 0.0962606 0 0.995356
    outer loop
      vertex 166.376 67.9 12.7403
      vertex 165.525 68.7 12.8226
      vertex 165.525 67.9 12.8226
    endloop
  endfacet
  facet normal 0.325183 0 0.945651
    outer loop
      vertex 166.376 68.7 12.7403
      vertex 167.094 67.9 12.4934
      vertex 167.094 68.7 12.4934
    endloop
  endfacet
  facet normal 0.325183 0 0.945651
    outer loop
      vertex 167.094 67.9 12.4934
      vertex 166.376 68.7 12.7403
      vertex 166.376 67.9 12.7403
    endloop
  endfacet
  facet normal 0.575903 0 0.817518
    outer loop
      vertex 167.094 68.7 12.4934
      vertex 167.678 67.9 12.082
      vertex 167.678 68.7 12.082
    endloop
  endfacet
  facet normal 0.575903 0 0.817518
    outer loop
      vertex 167.678 67.9 12.082
      vertex 167.094 68.7 12.4934
      vertex 167.094 67.9 12.4934
    endloop
  endfacet
  facet normal 0.790826 -0 0.612041
    outer loop
      vertex 167.678 67.9 12.082
      vertex 168.109 68.7 11.5251
      vertex 167.678 68.7 12.082
    endloop
  endfacet
  facet normal 0.790826 0 0.612041
    outer loop
      vertex 168.109 68.7 11.5251
      vertex 167.678 67.9 12.082
      vertex 168.109 67.9 11.5251
    endloop
  endfacet
  facet normal 0.935115 -0 0.354345
    outer loop
      vertex 168.109 67.9 11.5251
      vertex 168.368 68.7 10.8416
      vertex 168.109 68.7 11.5251
    endloop
  endfacet
  facet normal 0.935115 0 0.354345
    outer loop
      vertex 168.368 68.7 10.8416
      vertex 168.109 67.9 11.5251
      vertex 168.368 67.9 10.8416
    endloop
  endfacet
  facet normal 0.994412 -0 0.105567
    outer loop
      vertex 168.368 67.9 10.8416
      vertex 168.454 68.7 10.0315
      vertex 168.368 68.7 10.8416
    endloop
  endfacet
  facet normal 0.994412 0 0.105567
    outer loop
      vertex 168.454 68.7 10.0315
      vertex 168.368 67.9 10.8416
      vertex 168.454 67.9 10.0315
    endloop
  endfacet
  facet normal 0.994412 0 -0.105573
    outer loop
      vertex 168.454 67.9 10.0315
      vertex 168.368 68.7 9.22145
      vertex 168.454 68.7 10.0315
    endloop
  endfacet
  facet normal 0.994412 0 -0.105573
    outer loop
      vertex 168.368 68.7 9.22145
      vertex 168.454 67.9 10.0315
      vertex 168.368 67.9 9.22145
    endloop
  endfacet
  facet normal 0.935118 0 -0.354336
    outer loop
      vertex 168.368 67.9 9.22145
      vertex 168.109 68.7 8.53793
      vertex 168.368 68.7 9.22145
    endloop
  endfacet
  facet normal 0.935118 0 -0.354336
    outer loop
      vertex 168.109 68.7 8.53793
      vertex 168.368 67.9 9.22145
      vertex 168.109 67.9 8.53793
    endloop
  endfacet
  facet normal 0.790863 0 -0.611993
    outer loop
      vertex 168.109 67.9 8.53793
      vertex 167.678 68.7 7.98096
      vertex 168.109 68.7 8.53793
    endloop
  endfacet
  facet normal 0.790863 0 -0.611993
    outer loop
      vertex 167.678 68.7 7.98096
      vertex 168.109 67.9 8.53793
      vertex 167.678 67.9 7.98096
    endloop
  endfacet
  facet normal 0.575865 0 -0.817545
    outer loop
      vertex 167.094 67.9 7.5696
      vertex 167.678 68.7 7.98096
      vertex 167.678 67.9 7.98096
    endloop
  endfacet
  facet normal 0.575865 0 -0.817545
    outer loop
      vertex 167.678 68.7 7.98096
      vertex 167.094 67.9 7.5696
      vertex 167.094 68.7 7.5696
    endloop
  endfacet
  facet normal 0.3251 0 -0.94568
    outer loop
      vertex 166.376 67.9 7.32277
      vertex 167.094 68.7 7.5696
      vertex 167.094 67.9 7.5696
    endloop
  endfacet
  facet normal 0.3251 0 -0.94568
    outer loop
      vertex 167.094 68.7 7.5696
      vertex 166.376 67.9 7.32277
      vertex 166.376 68.7 7.32277
    endloop
  endfacet
  facet normal 0.0962143 0 -0.995361
    outer loop
      vertex 165.525 67.9 7.24051
      vertex 166.376 68.7 7.32277
      vertex 166.376 67.9 7.32277
    endloop
  endfacet
  facet normal 0.0962143 0 -0.995361
    outer loop
      vertex 166.376 68.7 7.32277
      vertex 165.525 67.9 7.24051
      vertex 165.525 68.7 7.24051
    endloop
  endfacet
  facet normal -0.0965515 0 -0.995328
    outer loop
      vertex 164.677 67.9 7.32277
      vertex 165.525 68.7 7.24051
      vertex 165.525 67.9 7.24051
    endloop
  endfacet
  facet normal -0.0965515 0 -0.995328
    outer loop
      vertex 165.525 68.7 7.24051
      vertex 164.677 67.9 7.32277
      vertex 164.677 68.7 7.32277
    endloop
  endfacet
  facet normal -0.4266 0 0.904441
    outer loop
      vertex 165.872 68.7 8.49969
      vertex 166.159 67.9 8.63506
      vertex 166.159 68.7 8.63506
    endloop
  endfacet
  facet normal -0.4266 0 0.904441
    outer loop
      vertex 166.159 67.9 8.63506
      vertex 165.872 68.7 8.49969
      vertex 165.872 67.9 8.49969
    endloop
  endfacet
  facet normal -0.703356 0 0.710838
    outer loop
      vertex 166.159 68.7 8.63506
      vertex 166.387 67.9 8.86066
      vertex 166.387 68.7 8.86066
    endloop
  endfacet
  facet normal -0.703356 0 0.710838
    outer loop
      vertex 166.387 67.9 8.86066
      vertex 166.159 68.7 8.63506
      vertex 166.159 67.9 8.63506
    endloop
  endfacet
  facet normal -0.883123 0 0.469141
    outer loop
      vertex 166.387 67.9 8.86066
      vertex 166.552 68.7 9.17126
      vertex 166.387 68.7 8.86066
    endloop
  endfacet
  facet normal -0.883123 0 0.469141
    outer loop
      vertex 166.552 68.7 9.17126
      vertex 166.387 67.9 8.86066
      vertex 166.552 67.9 9.17126
    endloop
  endfacet
  facet normal -0.969892 0 0.243535
    outer loop
      vertex 166.552 67.9 9.17126
      vertex 166.65 68.7 9.56155
      vertex 166.552 68.7 9.17126
    endloop
  endfacet
  facet normal -0.969892 0 0.243535
    outer loop
      vertex 166.65 68.7 9.56155
      vertex 166.552 67.9 9.17126
      vertex 166.65 67.9 9.56155
    endloop
  endfacet
  facet normal -0.997544 0 0.0700477
    outer loop
      vertex 166.65 67.9 9.56155
      vertex 166.683 68.7 10.0315
      vertex 166.65 68.7 9.56155
    endloop
  endfacet
  facet normal -0.997544 0 0.0700477
    outer loop
      vertex 166.683 68.7 10.0315
      vertex 166.65 67.9 9.56155
      vertex 166.683 67.9 10.0315
    endloop
  endfacet
  facet normal -0.997544 0 -0.0700403
    outer loop
      vertex 166.683 67.9 10.0315
      vertex 166.65 68.7 10.5015
      vertex 166.683 68.7 10.0315
    endloop
  endfacet
  facet normal -0.997544 -0 -0.0700403
    outer loop
      vertex 166.65 68.7 10.5015
      vertex 166.683 67.9 10.0315
      vertex 166.65 67.9 10.5015
    endloop
  endfacet
  facet normal -0.969893 0 -0.243529
    outer loop
      vertex 166.65 67.9 10.5015
      vertex 166.552 68.7 10.8918
      vertex 166.65 68.7 10.5015
    endloop
  endfacet
  facet normal -0.969893 -0 -0.243529
    outer loop
      vertex 166.552 68.7 10.8918
      vertex 166.65 67.9 10.5015
      vertex 166.552 67.9 10.8918
    endloop
  endfacet
  facet normal -0.88306 0 -0.469259
    outer loop
      vertex 166.552 67.9 10.8918
      vertex 166.387 68.7 11.2023
      vertex 166.552 68.7 10.8918
    endloop
  endfacet
  facet normal -0.88306 -0 -0.469259
    outer loop
      vertex 166.387 68.7 11.2023
      vertex 166.552 67.9 10.8918
      vertex 166.387 67.9 11.2023
    endloop
  endfacet
  facet normal -0.703513 0 -0.710682
    outer loop
      vertex 166.159 67.9 11.428
      vertex 166.387 68.7 11.2023
      vertex 166.387 67.9 11.2023
    endloop
  endfacet
  facet normal -0.703513 0 -0.710682
    outer loop
      vertex 166.387 68.7 11.2023
      vertex 166.159 67.9 11.428
      vertex 166.159 68.7 11.428
    endloop
  endfacet
  facet normal -0.426677 0 -0.904404
    outer loop
      vertex 165.872 67.9 11.5634
      vertex 166.159 68.7 11.428
      vertex 166.159 67.9 11.428
    endloop
  endfacet
  facet normal -0.426677 0 -0.904404
    outer loop
      vertex 166.159 68.7 11.428
      vertex 165.872 67.9 11.5634
      vertex 165.872 68.7 11.5634
    endloop
  endfacet
  facet normal -0.128887 0 -0.991659
    outer loop
      vertex 165.525 67.9 11.6085
      vertex 165.872 68.7 11.5634
      vertex 165.872 67.9 11.5634
    endloop
  endfacet
  facet normal -0.128887 0 -0.991659
    outer loop
      vertex 165.872 68.7 11.5634
      vertex 165.525 67.9 11.6085
      vertex 165.525 68.7 11.6085
    endloop
  endfacet
  facet normal 0.131116 0 -0.991367
    outer loop
      vertex 165.184 67.9 11.5634
      vertex 165.525 68.7 11.6085
      vertex 165.525 67.9 11.6085
    endloop
  endfacet
  facet normal 0.131116 0 -0.991367
    outer loop
      vertex 165.525 68.7 11.6085
      vertex 165.184 67.9 11.5634
      vertex 165.184 68.7 11.5634
    endloop
  endfacet
  facet normal 0.431591 0 -0.902069
    outer loop
      vertex 164.901 67.9 11.428
      vertex 165.184 68.7 11.5634
      vertex 165.184 67.9 11.5634
    endloop
  endfacet
  facet normal 0.431591 0 -0.902069
    outer loop
      vertex 165.184 68.7 11.5634
      vertex 164.901 67.9 11.428
      vertex 164.901 68.7 11.428
    endloop
  endfacet
  facet normal 0.708204 0 -0.706008
    outer loop
      vertex 164.901 67.9 11.428
      vertex 164.676 68.7 11.2023
      vertex 164.901 68.7 11.428
    endloop
  endfacet
  facet normal 0.708204 0 -0.706008
    outer loop
      vertex 164.676 68.7 11.2023
      vertex 164.901 67.9 11.428
      vertex 164.676 67.9 11.2023
    endloop
  endfacet
  facet normal 0.884238 0 -0.467037
    outer loop
      vertex 164.676 67.9 11.2023
      vertex 164.512 68.7 10.8918
      vertex 164.676 68.7 11.2023
    endloop
  endfacet
  facet normal 0.884238 0 -0.467037
    outer loop
      vertex 164.512 68.7 10.8918
      vertex 164.676 67.9 11.2023
      vertex 164.512 67.9 10.8918
    endloop
  endfacet
  facet normal 0.969893 0 -0.243529
    outer loop
      vertex 164.512 67.9 10.8918
      vertex 164.414 68.7 10.5015
      vertex 164.512 68.7 10.8918
    endloop
  endfacet
  facet normal 0.969893 0 -0.243529
    outer loop
      vertex 164.414 68.7 10.5015
      vertex 164.512 67.9 10.8918
      vertex 164.414 67.9 10.5015
    endloop
  endfacet
  facet normal 0.997544 0 -0.0700403
    outer loop
      vertex 164.414 67.9 10.5015
      vertex 164.381 68.7 10.0315
      vertex 164.414 68.7 10.5015
    endloop
  endfacet
  facet normal 0.997544 0 -0.0700403
    outer loop
      vertex 164.381 68.7 10.0315
      vertex 164.414 67.9 10.5015
      vertex 164.381 67.9 10.0315
    endloop
  endfacet
  facet normal 0.997544 -0 0.0700477
    outer loop
      vertex 164.381 67.9 10.0315
      vertex 164.414 68.7 9.56155
      vertex 164.381 68.7 10.0315
    endloop
  endfacet
  facet normal 0.997544 0 0.0700477
    outer loop
      vertex 164.414 68.7 9.56155
      vertex 164.381 67.9 10.0315
      vertex 164.414 67.9 9.56155
    endloop
  endfacet
  facet normal 0.969892 -0 0.243535
    outer loop
      vertex 164.414 67.9 9.56155
      vertex 164.512 68.7 9.17126
      vertex 164.414 68.7 9.56155
    endloop
  endfacet
  facet normal 0.969892 0 0.243535
    outer loop
      vertex 164.512 68.7 9.17126
      vertex 164.414 67.9 9.56155
      vertex 164.512 67.9 9.17126
    endloop
  endfacet
  facet normal 0.8843 -0 0.466919
    outer loop
      vertex 164.512 67.9 9.17126
      vertex 164.676 68.7 8.86066
      vertex 164.512 68.7 9.17126
    endloop
  endfacet
  facet normal 0.8843 0 0.466919
    outer loop
      vertex 164.676 68.7 8.86066
      vertex 164.512 67.9 9.17126
      vertex 164.676 67.9 8.86066
    endloop
  endfacet
  facet normal 0.708048 -0 0.706165
    outer loop
      vertex 164.676 67.9 8.86066
      vertex 164.901 68.7 8.63506
      vertex 164.676 68.7 8.86066
    endloop
  endfacet
  facet normal 0.708048 0 0.706165
    outer loop
      vertex 164.901 68.7 8.63506
      vertex 164.676 67.9 8.86066
      vertex 164.901 67.9 8.63506
    endloop
  endfacet
  facet normal 0.431513 0 0.902107
    outer loop
      vertex 164.901 68.7 8.63506
      vertex 165.184 67.9 8.49969
      vertex 165.184 68.7 8.49969
    endloop
  endfacet
  facet normal 0.431513 0 0.902107
    outer loop
      vertex 165.184 67.9 8.49969
      vertex 164.901 68.7 8.63506
      vertex 164.901 67.9 8.63506
    endloop
  endfacet
  facet normal 0.131116 0 0.991367
    outer loop
      vertex 165.184 68.7 8.49969
      vertex 165.525 67.9 8.45459
      vertex 165.525 68.7 8.45459
    endloop
  endfacet
  facet normal 0.131116 0 0.991367
    outer loop
      vertex 165.525 67.9 8.45459
      vertex 165.184 68.7 8.49969
      vertex 165.184 67.9 8.49969
    endloop
  endfacet
  facet normal -0.128887 0 0.991659
    outer loop
      vertex 165.525 68.7 8.45459
      vertex 165.872 67.9 8.49969
      vertex 165.872 68.7 8.49969
    endloop
  endfacet
  facet normal -0.128887 0 0.991659
    outer loop
      vertex 165.872 67.9 8.49969
      vertex 165.525 68.7 8.45459
      vertex 165.525 67.9 8.45459
    endloop
  endfacet
  facet normal -0.227024 0 -0.973889
    outer loop
      vertex 103.706 67.9 7.33841
      vertex 104.021 68.7 7.26498
      vertex 104.021 67.9 7.26498
    endloop
  endfacet
  facet normal -0.227024 0 -0.973889
    outer loop
      vertex 104.021 68.7 7.26498
      vertex 103.706 67.9 7.33841
      vertex 103.706 68.7 7.33841
    endloop
  endfacet
  facet normal -0.382105 0 -0.924119
    outer loop
      vertex 103.41 67.9 7.4608
      vertex 103.706 68.7 7.33841
      vertex 103.706 67.9 7.33841
    endloop
  endfacet
  facet normal -0.382105 0 -0.924119
    outer loop
      vertex 103.706 68.7 7.33841
      vertex 103.41 67.9 7.4608
      vertex 103.41 68.7 7.4608
    endloop
  endfacet
  facet normal -0.525129 0 -0.851023
    outer loop
      vertex 103.128 67.9 7.63481
      vertex 103.41 68.7 7.4608
      vertex 103.41 67.9 7.4608
    endloop
  endfacet
  facet normal -0.525129 0 -0.851023
    outer loop
      vertex 103.41 68.7 7.4608
      vertex 103.128 67.9 7.63481
      vertex 103.128 68.7 7.63481
    endloop
  endfacet
  facet normal -0.644135 0 -0.764912
    outer loop
      vertex 102.857 67.9 7.86302
      vertex 103.128 68.7 7.63481
      vertex 103.128 67.9 7.63481
    endloop
  endfacet
  facet normal -0.644135 0 -0.764912
    outer loop
      vertex 103.128 68.7 7.63481
      vertex 102.857 67.9 7.86302
      vertex 102.857 68.7 7.86302
    endloop
  endfacet
  facet normal -0.734432 0 -0.678682
    outer loop
      vertex 102.857 67.9 7.86302
      vertex 102.596 68.7 8.14546
      vertex 102.857 68.7 7.86302
    endloop
  endfacet
  facet normal -0.734432 -0 -0.678682
    outer loop
      vertex 102.596 68.7 8.14546
      vertex 102.857 67.9 7.86302
      vertex 102.596 67.9 8.14546
    endloop
  endfacet
  facet normal 1 -0 0
    outer loop
      vertex 102.596 67.9 8.14546
      vertex 102.596 68.7 7.37938
      vertex 102.596 68.7 8.14546
    endloop
  endfacet
  facet normal 1 0 0
    outer loop
      vertex 102.596 68.7 7.37938
      vertex 102.596 67.9 8.14546
      vertex 102.596 67.9 7.37938
    endloop
  endfacet
  facet normal 0 0 -1
    outer loop
      vertex 100.896 67.9 7.37938
      vertex 102.596 68.7 7.37938
      vertex 102.596 67.9 7.37938
    endloop
  endfacet
  facet normal -0 0 -1
    outer loop
      vertex 102.596 68.7 7.37938
      vertex 100.896 67.9 7.37938
      vertex 100.896 68.7 7.37938
    endloop
  endfacet
  facet normal -1 0 0
    outer loop
      vertex 100.896 67.9 7.37938
      vertex 100.896 68.7 12.6971
      vertex 100.896 68.7 7.37938
    endloop
  endfacet
  facet normal -1 -0 0
    outer loop
      vertex 100.896 68.7 12.6971
      vertex 100.896 67.9 7.37938
      vertex 100.896 67.9 12.6971
    endloop
  endfacet
  facet normal -0 0 1
    outer loop
      vertex 100.896 68.7 12.6971
      vertex 102.596 67.9 12.6971
      vertex 102.596 68.7 12.6971
    endloop
  endfacet
  facet normal 0 0 1
    outer loop
      vertex 102.596 67.9 12.6971
      vertex 100.896 68.7 12.6971
      vertex 100.896 67.9 12.6971
    endloop
  endfacet
  facet normal 1 -0 0
    outer loop
      vertex 102.596 67.9 12.6971
      vertex 102.596 68.7 10.0702
      vertex 102.596 68.7 12.6971
    endloop
  endfacet
  facet normal 1 0 0
    outer loop
      vertex 102.596 68.7 10.0702
      vertex 102.596 67.9 12.6971
      vertex 102.596 67.9 10.0702
    endloop
  endfacet
  facet normal 0.997312 -0 0.0732665
    outer loop
      vertex 102.596 67.9 10.0702
      vertex 102.629 68.7 9.621
      vertex 102.596 68.7 10.0702
    endloop
  endfacet
  facet normal 0.997312 0 0.0732665
    outer loop
      vertex 102.629 68.7 9.621
      vertex 102.596 67.9 10.0702
      vertex 102.629 67.9 9.621
    endloop
  endfacet
  facet normal 0.965547 -0 0.260228
    outer loop
      vertex 102.629 67.9 9.621
      vertex 102.731 68.7 9.24254
      vertex 102.629 68.7 9.621
    endloop
  endfacet
  facet normal 0.965547 0 0.260228
    outer loop
      vertex 102.731 68.7 9.24254
      vertex 102.629 67.9 9.621
      vertex 102.731 67.9 9.24254
    endloop
  endfacet
  facet normal 0.877739 -0 0.47914
    outer loop
      vertex 102.731 67.9 9.24254
      vertex 102.899 68.7 8.93478
      vertex 102.731 68.7 9.24254
    endloop
  endfacet
  facet normal 0.877739 0 0.47914
    outer loop
      vertex 102.899 68.7 8.93478
      vertex 102.731 67.9 9.24254
      vertex 102.899 67.9 8.93478
    endloop
  endfacet
  facet normal 0.705489 0 0.708721
    outer loop
      vertex 102.899 68.7 8.93478
      vertex 103.127 67.9 8.70782
      vertex 103.127 68.7 8.70782
    endloop
  endfacet
  facet normal 0.705489 0 0.708721
    outer loop
      vertex 103.127 67.9 8.70782
      vertex 102.899 68.7 8.93478
      vertex 102.899 67.9 8.93478
    endloop
  endfacet
  facet normal 0.438586 0 0.898689
    outer loop
      vertex 103.127 68.7 8.70782
      vertex 103.406 67.9 8.57166
      vertex 103.406 68.7 8.57166
    endloop
  endfacet
  facet normal 0.438586 0 0.898689
    outer loop
      vertex 103.406 67.9 8.57166
      vertex 103.127 68.7 8.70782
      vertex 103.127 67.9 8.70782
    endloop
  endfacet
  facet normal 0.136699 0 0.990613
    outer loop
      vertex 103.406 68.7 8.57166
      vertex 103.735 67.9 8.52626
      vertex 103.735 68.7 8.52626
    endloop
  endfacet
  facet normal 0.136699 0 0.990613
    outer loop
      vertex 103.735 67.9 8.52626
      vertex 103.406 68.7 8.57166
      vertex 103.406 67.9 8.57166
    endloop
  endfacet
  facet normal -0.0714597 0 0.997443
    outer loop
      vertex 103.735 68.7 8.52626
      vertex 103.875 67.9 8.53629
      vertex 103.875 68.7 8.53629
    endloop
  endfacet
  facet normal -0.0714597 0 0.997443
    outer loop
      vertex 103.875 67.9 8.53629
      vertex 103.735 68.7 8.52626
      vertex 103.735 67.9 8.52626
    endloop
  endfacet
  facet normal -0.227015 0 0.973891
    outer loop
      vertex 103.875 68.7 8.53629
      vertex 104.004 67.9 8.56636
      vertex 104.004 68.7 8.56636
    endloop
  endfacet
  facet normal -0.227015 0 0.973891
    outer loop
      vertex 104.004 67.9 8.56636
      vertex 103.875 68.7 8.53629
      vertex 103.875 67.9 8.53629
    endloop
  endfacet
  facet normal -0.391009 0 0.920387
    outer loop
      vertex 104.004 68.7 8.56636
      vertex 104.122 67.9 8.61649
      vertex 104.122 68.7 8.61649
    endloop
  endfacet
  facet normal -0.391009 0 0.920387
    outer loop
      vertex 104.122 67.9 8.61649
      vertex 104.004 68.7 8.56636
      vertex 104.004 67.9 8.56636
    endloop
  endfacet
  facet normal -0.547172 0 0.83702
    outer loop
      vertex 104.122 68.7 8.61649
      vertex 104.227 67.9 8.68513
      vertex 104.227 68.7 8.68513
    endloop
  endfacet
  facet normal -0.547172 0 0.83702
    outer loop
      vertex 104.227 67.9 8.68513
      vertex 104.122 68.7 8.61649
      vertex 104.122 67.9 8.61649
    endloop
  endfacet
  facet normal -0.684825 0 0.728708
    outer loop
      vertex 104.227 68.7 8.68513
      vertex 104.318 67.9 8.77065
      vertex 104.318 68.7 8.77065
    endloop
  endfacet
  facet normal -0.684825 0 0.728708
    outer loop
      vertex 104.318 67.9 8.77065
      vertex 104.227 68.7 8.68513
      vertex 104.227 67.9 8.68513
    endloop
  endfacet
  facet normal -0.79925 0 0.600999
    outer loop
      vertex 104.318 67.9 8.77065
      vertex 104.395 68.7 8.87305
      vertex 104.318 68.7 8.77065
    endloop
  endfacet
  facet normal -0.79925 0 0.600999
    outer loop
      vertex 104.395 68.7 8.87305
      vertex 104.318 67.9 8.77065
      vertex 104.395 67.9 8.87305
    endloop
  endfacet
  facet normal -0.90584 0 0.42362
    outer loop
      vertex 104.395 67.9 8.87305
      vertex 104.443 68.7 8.97569
      vertex 104.395 68.7 8.87305
    endloop
  endfacet
  facet normal -0.90584 0 0.42362
    outer loop
      vertex 104.443 68.7 8.97569
      vertex 104.395 67.9 8.87305
      vertex 104.443 67.9 8.97569
    endloop
  endfacet
  facet normal -0.963604 0 0.267335
    outer loop
      vertex 104.443 67.9 8.97569
      vertex 104.481 68.7 9.11266
      vertex 104.443 68.7 8.97569
    endloop
  endfacet
  facet normal -0.963604 0 0.267335
    outer loop
      vertex 104.481 68.7 9.11266
      vertex 104.443 67.9 8.97569
      vertex 104.481 67.9 9.11266
    endloop
  endfacet
  facet normal -0.9869 0 0.161333
    outer loop
      vertex 104.481 67.9 9.11266
      vertex 104.509 68.7 9.28394
      vertex 104.481 68.7 9.11266
    endloop
  endfacet
  facet normal -0.9869 0 0.161333
    outer loop
      vertex 104.509 68.7 9.28394
      vertex 104.481 67.9 9.11266
      vertex 104.509 67.9 9.28394
    endloop
  endfacet
  facet normal -0.996906 0 0.0786065
    outer loop
      vertex 104.509 67.9 9.28394
      vertex 104.527 68.7 9.51222
      vertex 104.509 68.7 9.28394
    endloop
  endfacet
  facet normal -0.996906 0 0.0786065
    outer loop
      vertex 104.527 68.7 9.51222
      vertex 104.509 67.9 9.28394
      vertex 104.527 67.9 9.51222
    endloop
  endfacet
  facet normal -0.999363 0 0.0356927
    outer loop
      vertex 104.527 67.9 9.51222
      vertex 104.538 68.7 9.82021
      vertex 104.527 68.7 9.51222
    endloop
  endfacet
  facet normal -0.999363 0 0.0356927
    outer loop
      vertex 104.538 68.7 9.82021
      vertex 104.527 67.9 9.51222
      vertex 104.538 67.9 9.82021
    endloop
  endfacet
  facet normal -0.999947 0 0.010317
    outer loop
      vertex 104.538 67.9 9.82021
      vertex 104.542 68.7 10.2079
      vertex 104.538 68.7 9.82021
    endloop
  endfacet
  facet normal -0.999947 0 0.010317
    outer loop
      vertex 104.542 68.7 10.2079
      vertex 104.538 67.9 9.82021
      vertex 104.542 67.9 10.2079
    endloop
  endfacet
  facet normal -0.999987 0 -0.00515723
    outer loop
      vertex 104.542 67.9 10.2079
      vertex 104.541 68.7 10.4018
      vertex 104.542 68.7 10.2079
    endloop
  endfacet
  facet normal -0.999987 -0 -0.00515723
    outer loop
      vertex 104.541 68.7 10.4018
      vertex 104.542 67.9 10.2079
      vertex 104.541 67.9 10.4018
    endloop
  endfacet
  facet normal -0.999994 0 -0.00344114
    outer loop
      vertex 104.541 67.9 10.4018
      vertex 104.54 68.7 10.6924
      vertex 104.541 68.7 10.4018
    endloop
  endfacet
  facet normal -0.999994 -0 -0.00344114
    outer loop
      vertex 104.54 68.7 10.6924
      vertex 104.541 67.9 10.4018
      vertex 104.54 67.9 10.6924
    endloop
  endfacet
  facet normal -0.99997 0 -0.0077477
    outer loop
      vertex 104.54 67.9 10.6924
      vertex 104.537 68.7 11.0796
      vertex 104.54 68.7 10.6924
    endloop
  endfacet
  facet normal -0.99997 -0 -0.0077477
    outer loop
      vertex 104.537 68.7 11.0796
      vertex 104.54 67.9 10.6924
      vertex 104.537 67.9 11.0796
    endloop
  endfacet
  facet normal -0.999973 0 -0.00730085
    outer loop
      vertex 104.537 67.9 11.0796
      vertex 104.534 68.7 11.4905
      vertex 104.537 68.7 11.0796
    endloop
  endfacet
  facet normal -0.999973 -0 -0.00730085
    outer loop
      vertex 104.534 68.7 11.4905
      vertex 104.537 67.9 11.0796
      vertex 104.534 67.9 11.4905
    endloop
  endfacet
  facet normal -0.999996 0 -0.00276395
    outer loop
      vertex 104.534 67.9 11.4905
      vertex 104.533 68.7 11.8523
      vertex 104.534 68.7 11.4905
    endloop
  endfacet
  facet normal -0.999996 -0 -0.00276395
    outer loop
      vertex 104.533 68.7 11.8523
      vertex 104.534 67.9 11.4905
      vertex 104.533 67.9 11.8523
    endloop
  endfacet
  facet normal -0.999995 0 -0.00319691
    outer loop
      vertex 104.533 67.9 11.8523
      vertex 104.532 68.7 12.1651
      vertex 104.533 68.7 11.8523
    endloop
  endfacet
  facet normal -0.999995 -0 -0.00319691
    outer loop
      vertex 104.532 68.7 12.1651
      vertex 104.533 67.9 11.8523
      vertex 104.532 67.9 12.1651
    endloop
  endfacet
  facet normal -1 0 0
    outer loop
      vertex 104.532 67.9 12.1651
      vertex 104.532 68.7 12.6971
      vertex 104.532 68.7 12.1651
    endloop
  endfacet
  facet normal -1 -0 0
    outer loop
      vertex 104.532 68.7 12.6971
      vertex 104.532 67.9 12.1651
      vertex 104.532 67.9 12.6971
    endloop
  endfacet
  facet normal -0 0 1
    outer loop
      vertex 104.532 68.7 12.6971
      vertex 106.241 67.9 12.6971
      vertex 106.241 68.7 12.6971
    endloop
  endfacet
  facet normal 0 0 1
    outer loop
      vertex 106.241 67.9 12.6971
      vertex 104.532 68.7 12.6971
      vertex 104.532 67.9 12.6971
    endloop
  endfacet
  facet normal 1 -0 0
    outer loop
      vertex 106.241 67.9 12.6971
      vertex 106.241 68.7 9.44781
      vertex 106.241 68.7 12.6971
    endloop
  endfacet
  facet normal 1 0 0
    outer loop
      vertex 106.241 68.7 9.44781
      vertex 106.241 67.9 12.6971
      vertex 106.241 67.9 9.44781
    endloop
  endfacet
  facet normal 0.996805 0 -0.0798746
    outer loop
      vertex 106.241 67.9 9.44781
      vertex 106.188 68.7 8.78639
      vertex 106.241 68.7 9.44781
    endloop
  endfacet
  facet normal 0.996805 0 -0.0798746
    outer loop
      vertex 106.188 68.7 8.78639
      vertex 106.241 67.9 9.44781
      vertex 106.188 67.9 8.78639
    endloop
  endfacet
  facet normal 0.959379 0 -0.282119
    outer loop
      vertex 106.188 67.9 8.78639
      vertex 106.027 68.7 8.23889
      vertex 106.188 68.7 8.78639
    endloop
  endfacet
  facet normal 0.959379 0 -0.282119
    outer loop
      vertex 106.027 68.7 8.23889
      vertex 106.188 67.9 8.78639
      vertex 106.027 67.9 8.23889
    endloop
  endfacet
  facet normal 0.850611 0 -0.525795
    outer loop
      vertex 106.027 67.9 8.23889
      vertex 105.759 68.7 7.80533
      vertex 106.027 68.7 8.23889
    endloop
  endfacet
  facet normal 0.850611 0 -0.525795
    outer loop
      vertex 105.759 68.7 7.80533
      vertex 106.027 67.9 8.23889
      vertex 105.759 67.9 7.80533
    endloop
  endfacet
  facet normal 0.64681 0 -0.762651
    outer loop
      vertex 105.389 67.9 7.49153
      vertex 105.759 68.7 7.80533
      vertex 105.759 67.9 7.80533
    endloop
  endfacet
  facet normal 0.64681 0 -0.762651
    outer loop
      vertex 105.759 68.7 7.80533
      vertex 105.389 67.9 7.49153
      vertex 105.389 68.7 7.49153
    endloop
  endfacet
  facet normal 0.373889 0 -0.927473
    outer loop
      vertex 104.922 67.9 7.30327
      vertex 105.389 68.7 7.49153
      vertex 105.389 67.9 7.49153
    endloop
  endfacet
  facet normal 0.373889 0 -0.927473
    outer loop
      vertex 105.389 68.7 7.49153
      vertex 104.922 67.9 7.30327
      vertex 104.922 68.7 7.30327
    endloop
  endfacet
  facet normal 0.110401 0 -0.993887
    outer loop
      vertex 104.357 67.9 7.24051
      vertex 104.922 68.7 7.30327
      vertex 104.922 67.9 7.30327
    endloop
  endfacet
  facet normal 0.110401 0 -0.993887
    outer loop
      vertex 104.922 68.7 7.30327
      vertex 104.357 67.9 7.24051
      vertex 104.357 68.7 7.24051
    endloop
  endfacet
  facet normal -0.072635 0 -0.997359
    outer loop
      vertex 104.021 67.9 7.26498
      vertex 104.357 68.7 7.24051
      vertex 104.357 67.9 7.24051
    endloop
  endfacet
  facet normal -0.072635 0 -0.997359
    outer loop
      vertex 104.357 68.7 7.24051
      vertex 104.021 67.9 7.26498
      vertex 104.021 68.7 7.26498
    endloop
  endfacet
  facet normal -0 0 1
    outer loop
      vertex 146.343 68.7 10.8693
      vertex 149.324 67.9 10.8693
      vertex 149.324 68.7 10.8693
    endloop
  endfacet
  facet normal 0 0 1
    outer loop
      vertex 149.324 67.9 10.8693
      vertex 146.343 68.7 10.8693
      vertex 146.343 67.9 10.8693
    endloop
  endfacet
  facet normal 1 -0 0
    outer loop
      vertex 149.324 67.9 10.8693
      vertex 149.324 68.7 9.48946
      vertex 149.324 68.7 10.8693
    endloop
  endfacet
  facet normal 1 0 0
    outer loop
      vertex 149.324 68.7 9.48946
      vertex 149.324 67.9 10.8693
      vertex 149.324 67.9 9.48946
    endloop
  endfacet
  facet normal 0 0 -1
    outer loop
      vertex 146.343 67.9 9.48946
      vertex 149.324 68.7 9.48946
      vertex 149.324 67.9 9.48946
    endloop
  endfacet
  facet normal -0 0 -1
    outer loop
      vertex 149.324 68.7 9.48946
      vertex 146.343 67.9 9.48946
      vertex 146.343 68.7 9.48946
    endloop
  endfacet
  facet normal -1 0 0
    outer loop
      vertex 146.343 67.9 9.48946
      vertex 146.343 68.7 10.8693
      vertex 146.343 68.7 9.48946
    endloop
  endfacet
  facet normal -1 -0 0
    outer loop
      vertex 146.343 68.7 10.8693
      vertex 146.343 67.9 9.48946
      vertex 146.343 67.9 10.8693
    endloop
  endfacet
  facet normal -0 0 1
    outer loop
      vertex 114.346 68.7 9.21619
      vertex 116.055 67.9 9.21619
      vertex 116.055 68.7 9.21619
    endloop
  endfacet
  facet normal 0 0 1
    outer loop
      vertex 116.055 67.9 9.21619
      vertex 114.346 68.7 9.21619
      vertex 114.346 67.9 9.21619
    endloop
  endfacet
  facet normal 1 -0 0
    outer loop
      vertex 116.055 67.9 9.21619
      vertex 116.055 68.7 7.37938
      vertex 116.055 68.7 9.21619
    endloop
  endfacet
  facet normal 1 0 0
    outer loop
      vertex 116.055 68.7 7.37938
      vertex 116.055 67.9 9.21619
      vertex 116.055 67.9 7.37938
    endloop
  endfacet
  facet normal 0 0 -1
    outer loop
      vertex 114.346 67.9 7.37938
      vertex 116.055 68.7 7.37938
      vertex 116.055 67.9 7.37938
    endloop
  endfacet
  facet normal -0 0 -1
    outer loop
      vertex 116.055 68.7 7.37938
      vertex 114.346 67.9 7.37938
      vertex 114.346 68.7 7.37938
    endloop
  endfacet
  facet normal -1 0 0
    outer loop
      vertex 114.346 67.9 7.37938
      vertex 114.346 68.7 9.21619
      vertex 114.346 68.7 7.37938
    endloop
  endfacet
  facet normal -1 -0 0
    outer loop
      vertex 114.346 68.7 9.21619
      vertex 114.346 67.9 7.37938
      vertex 114.346 67.9 9.21619
    endloop
  endfacet
endsolid PokeTrade_poke-trade.eu_poketrade-podavac-lehky-kapsa_CC-BY-NC-SA-4.0
