solid PokeTrade_poke-trade.eu_poketrade-stojan-lehky-deska_CC-BY-NC-SA-4.0
  facet normal 1 0 0
    outer loop
      vertex 200 3 12
      vertex 200 0 12
      vertex 200 3 4
    endloop
  endfacet
  facet normal 1 0 0
    outer loop
      vertex 200 14.4 12
      vertex 200 11.4 12
      vertex 200 14.4 4
    endloop
  endfacet
  facet normal 1 0 0
    outer loop
      vertex 200 63.4 10
      vertex 200 59.4 10
      vertex 200 63.4 4
    endloop
  endfacet
  facet normal 1 0 0
    outer loop
      vertex 200 123.4 10
      vertex 200 119.4 10
      vertex 200 123.4 4
    endloop
  endfacet
  facet normal 1 0 0
    outer loop
      vertex 200 171.4 12
      vertex 200 168.4 12
      vertex 200 171.4 4
    endloop
  endfacet
  facet normal 1 0 0
    outer loop
      vertex 200 179.8 4
      vertex 200 182.8 12
      vertex 200 179.8 12
    endloop
  endfacet
  facet normal 1 0 0
    outer loop
      vertex 200 182.8 12
      vertex 200 179.8 4
      vertex 200 182.8 0
    endloop
  endfacet
  facet normal 1 -0 0
    outer loop
      vertex 200 171.4 4
      vertex 200 182.8 0
      vertex 200 179.8 4
    endloop
  endfacet
  facet normal 1 0 0
    outer loop
      vertex 200 168.4 4
      vertex 200 171.4 4
      vertex 200 168.4 12
    endloop
  endfacet
  facet normal 1 -0 0
    outer loop
      vertex 200 168.4 4
      vertex 200 182.8 0
      vertex 200 171.4 4
    endloop
  endfacet
  facet normal 1 -0 0
    outer loop
      vertex 200 123.4 4
      vertex 200 182.8 0
      vertex 200 168.4 4
    endloop
  endfacet
  facet normal 1 0 0
    outer loop
      vertex 200 119.4 4
      vertex 200 123.4 4
      vertex 200 119.4 10
    endloop
  endfacet
  facet normal 1 -0 0
    outer loop
      vertex 200 119.4 4
      vertex 200 182.8 0
      vertex 200 123.4 4
    endloop
  endfacet
  facet normal 1 -0 0
    outer loop
      vertex 200 63.4 4
      vertex 200 182.8 0
      vertex 200 119.4 4
    endloop
  endfacet
  facet normal 1 0 0
    outer loop
      vertex 200 59.4 4
      vertex 200 63.4 4
      vertex 200 59.4 10
    endloop
  endfacet
  facet normal 1 0 0
    outer loop
      vertex 200 0 0
      vertex 200 63.4 4
      vertex 200 59.4 4
    endloop
  endfacet
  facet normal 1 0 0
    outer loop
      vertex 200 0 0
      vertex 200 59.4 4
      vertex 200 14.4 4
    endloop
  endfacet
  facet normal 1 0 0
    outer loop
      vertex 200 11.4 4
      vertex 200 14.4 4
      vertex 200 11.4 12
    endloop
  endfacet
  facet normal 1 0 0
    outer loop
      vertex 200 0 0
      vertex 200 14.4 4
      vertex 200 11.4 4
    endloop
  endfacet
  facet normal 1 0 0
    outer loop
      vertex 200 0 0
      vertex 200 11.4 4
      vertex 200 3 4
    endloop
  endfacet
  facet normal 1 0 0
    outer loop
      vertex 200 63.4 4
      vertex 200 0 0
      vertex 200 182.8 0
    endloop
  endfacet
  facet normal 1 0 0
    outer loop
      vertex 200 0 0
      vertex 200 3 4
      vertex 200 0 12
    endloop
  endfacet
  facet normal -0 0 1
    outer loop
      vertex 0 3 12
      vertex 200 0 12
      vertex 200 3 12
    endloop
  endfacet
  facet normal 0 0 1
    outer loop
      vertex 200 0 12
      vertex 0 3 12
      vertex 0 0 12
    endloop
  endfacet
  facet normal 0 0 1
    outer loop
      vertex 200 119.4 4
      vertex 161 91.4 4
      vertex 200 63.4 4
    endloop
  endfacet
  facet normal 0 0 1
    outer loop
      vertex 200 119.4 4
      vertex 160.875 93.9484 4
      vertex 161 91.4 4
    endloop
  endfacet
  facet normal 0 0 1
    outer loop
      vertex 200 119.4 4
      vertex 160.5 96.4724 4
      vertex 160.875 93.9484 4
    endloop
  endfacet
  facet normal 0 0 1
    outer loop
      vertex 200 119.4 4
      vertex 159.88 98.9474 4
      vertex 160.5 96.4724 4
    endloop
  endfacet
  facet normal 0 0 1
    outer loop
      vertex 200 119.4 4
      vertex 159.021 101.35 4
      vertex 159.88 98.9474 4
    endloop
  endfacet
  facet normal 0 0 1
    outer loop
      vertex 200 119.4 4
      vertex 157.93 103.656 4
      vertex 159.021 101.35 4
    endloop
  endfacet
  facet normal 0 0 1
    outer loop
      vertex 200 119.4 4
      vertex 156.618 105.845 4
      vertex 157.93 103.656 4
    endloop
  endfacet
  facet normal 0 0 1
    outer loop
      vertex 200 119.4 4
      vertex 155.098 107.894 4
      vertex 156.618 105.845 4
    endloop
  endfacet
  facet normal 0 0 1
    outer loop
      vertex 200 119.4 4
      vertex 153.385 109.785 4
      vertex 155.098 107.894 4
    endloop
  endfacet
  facet normal 0 0 1
    outer loop
      vertex 200 119.4 4
      vertex 151.494 111.498 4
      vertex 153.385 109.785 4
    endloop
  endfacet
  facet normal 0 0 1
    outer loop
      vertex 200 119.4 4
      vertex 149.445 113.018 4
      vertex 151.494 111.498 4
    endloop
  endfacet
  facet normal 0 0 1
    outer loop
      vertex 200 119.4 4
      vertex 147.256 114.33 4
      vertex 149.445 113.018 4
    endloop
  endfacet
  facet normal 0 0 1
    outer loop
      vertex 200 119.4 4
      vertex 144.95 115.421 4
      vertex 147.256 114.33 4
    endloop
  endfacet
  facet normal 0 0 1
    outer loop
      vertex 200 119.4 4
      vertex 142.547 116.28 4
      vertex 144.95 115.421 4
    endloop
  endfacet
  facet normal 0 0 1
    outer loop
      vertex 200 119.4 4
      vertex 140.072 116.9 4
      vertex 142.547 116.28 4
    endloop
  endfacet
  facet normal 0 0 1
    outer loop
      vertex 200 119.4 4
      vertex 137.548 117.275 4
      vertex 140.072 116.9 4
    endloop
  endfacet
  facet normal 0 0 1
    outer loop
      vertex 200 119.4 4
      vertex 135 117.4 4
      vertex 137.548 117.275 4
    endloop
  endfacet
  facet normal -0 0 1
    outer loop
      vertex 0 119.4 4
      vertex 135 117.4 4
      vertex 200 119.4 4
    endloop
  endfacet
  facet normal 0 0 1
    outer loop
      vertex 135 117.4 4
      vertex 0 119.4 4
      vertex 0 117.4 4
    endloop
  endfacet
  facet normal -0 0 1
    outer loop
      vertex 160.875 88.8516 4
      vertex 200 63.4 4
      vertex 161 91.4 4
    endloop
  endfacet
  facet normal -0 0 1
    outer loop
      vertex 160.5 86.3277 4
      vertex 200 63.4 4
      vertex 160.875 88.8516 4
    endloop
  endfacet
  facet normal -0 0 1
    outer loop
      vertex 159.88 83.8526 4
      vertex 200 63.4 4
      vertex 160.5 86.3277 4
    endloop
  endfacet
  facet normal -0 0 1
    outer loop
      vertex 159.021 81.4502 4
      vertex 200 63.4 4
      vertex 159.88 83.8526 4
    endloop
  endfacet
  facet normal -0 0 1
    outer loop
      vertex 157.93 79.1437 4
      vertex 200 63.4 4
      vertex 159.021 81.4502 4
    endloop
  endfacet
  facet normal -0 0 1
    outer loop
      vertex 156.618 76.9552 4
      vertex 200 63.4 4
      vertex 157.93 79.1437 4
    endloop
  endfacet
  facet normal -0 0 1
    outer loop
      vertex 155.098 74.9058 4
      vertex 200 63.4 4
      vertex 156.618 76.9552 4
    endloop
  endfacet
  facet normal -0 0 1
    outer loop
      vertex 153.385 73.0152 4
      vertex 200 63.4 4
      vertex 155.098 74.9058 4
    endloop
  endfacet
  facet normal -0 0 1
    outer loop
      vertex 151.494 71.3017 4
      vertex 200 63.4 4
      vertex 153.385 73.0152 4
    endloop
  endfacet
  facet normal -0 0 1
    outer loop
      vertex 149.445 69.7818 4
      vertex 200 63.4 4
      vertex 151.494 71.3017 4
    endloop
  endfacet
  facet normal -0 0 1
    outer loop
      vertex 147.256 68.47 4
      vertex 200 63.4 4
      vertex 149.445 69.7818 4
    endloop
  endfacet
  facet normal -0 0 1
    outer loop
      vertex 144.95 67.3791 4
      vertex 200 63.4 4
      vertex 147.256 68.47 4
    endloop
  endfacet
  facet normal -0 0 1
    outer loop
      vertex 142.547 66.5195 4
      vertex 200 63.4 4
      vertex 144.95 67.3791 4
    endloop
  endfacet
  facet normal -0 0 1
    outer loop
      vertex 140.072 65.8996 4
      vertex 200 63.4 4
      vertex 142.547 66.5195 4
    endloop
  endfacet
  facet normal -0 0 1
    outer loop
      vertex 137.548 65.5252 4
      vertex 200 63.4 4
      vertex 140.072 65.8996 4
    endloop
  endfacet
  facet normal -0 0 1
    outer loop
      vertex 135 65.4 4
      vertex 200 63.4 4
      vertex 137.548 65.5252 4
    endloop
  endfacet
  facet normal 0 0 1
    outer loop
      vertex 0 63.4 4
      vertex 135 65.4 4
      vertex 0 65.4 4
    endloop
  endfacet
  facet normal 0 0 1
    outer loop
      vertex 135 65.4 4
      vertex 0 63.4 4
      vertex 200 63.4 4
    endloop
  endfacet
  facet normal 0 0 1
    outer loop
      vertex 82.1715 36.1143 4
      vertex 82.2561 34.2794 4
      vertex 82.4381 35.4284 4
    endloop
  endfacet
  facet normal 0 0 1
    outer loop
      vertex 79.4554 37.1567 4
      vertex 82.1715 36.1143 4
      vertex 82.0827 36.9315 4
    endloop
  endfacet
  facet normal 0 0 1
    outer loop
      vertex 82.1715 36.1143 4
      vertex 79.4554 37.1567 4
      vertex 82.2561 34.2794 4
    endloop
  endfacet
  facet normal 0 0 1
    outer loop
      vertex 82.17 37.7369 4
      vertex 79.4554 37.1567 4
      vertex 82.0827 36.9315 4
    endloop
  endfacet
  facet normal 0 0 1
    outer loop
      vertex 87.7884 36.4656 4
      vertex 87.1446 35.7132 4
      vertex 87.5368 35.9101 4
    endloop
  endfacet
  facet normal 0 0 1
    outer loop
      vertex 87.7884 36.4656 4
      vertex 86.7593 35.5526 4
      vertex 87.1446 35.7132 4
    endloop
  endfacet
  facet normal 0 0 1
    outer loop
      vertex 87.7884 36.4656 4
      vertex 86.3809 35.4284 4
      vertex 86.7593 35.5526 4
    endloop
  endfacet
  facet normal -0 0 1
    outer loop
      vertex 83.8152 36.4656 4
      vertex 86.3809 35.4284 4
      vertex 87.7884 36.4656 4
    endloop
  endfacet
  facet normal 0 0 1
    outer loop
      vertex 86.3809 35.4284 4
      vertex 83.8152 36.4656 4
      vertex 86.0088 35.3401 4
    endloop
  endfacet
  facet normal 0 0 1
    outer loop
      vertex 86.0088 35.3401 4
      vertex 83.8152 36.4656 4
      vertex 85.6425 35.2871 4
    endloop
  endfacet
  facet normal 0 0 1
    outer loop
      vertex 85.6425 35.2871 4
      vertex 83.8152 36.4656 4
      vertex 85.282 35.2695 4
    endloop
  endfacet
  facet normal 0 0 1
    outer loop
      vertex 85.282 35.2695 4
      vertex 83.8152 36.4656 4
      vertex 84.8717 35.3027 4
    endloop
  endfacet
  facet normal -0 -0 1
    outer loop
      vertex 83.8907 36.1001 4
      vertex 84.8717 35.3027 4
      vertex 83.8152 36.4656 4
    endloop
  endfacet
  facet normal 0 0 1
    outer loop
      vertex 84.8717 35.3027 4
      vertex 83.8907 36.1001 4
      vertex 84.5267 35.4024 4
    endloop
  endfacet
  facet normal 0 0 1
    outer loop
      vertex 84.5267 35.4024 4
      vertex 83.8907 36.1001 4
      vertex 84.2472 35.5685 4
    endloop
  endfacet
  facet normal 0 0 1
    outer loop
      vertex 84.2472 35.5685 4
      vertex 83.8907 36.1001 4
      vertex 84.0347 35.8011 4
    endloop
  endfacet
  facet normal 0 0 1
    outer loop
      vertex 80.0773 39.5971 4
      vertex 78.1216 41.6669 4
      vertex 78.1216 37.6457 4
    endloop
  endfacet
  facet normal 0 0 1
    outer loop
      vertex 65.0452 39.1 4
      vertex 64.8026 39.5971 4
      vertex 64.8026 38.8176 4
    endloop
  endfacet
  facet normal 0 0 1
    outer loop
      vertex 91.6121 37.7693 4
      vertex 93.0179 38.383 4
      vertex 92.1729 38.383 4
    endloop
  endfacet
  facet normal -0 0 1
    outer loop
      vertex 94.7172 36.1256 4
      vertex 96.3217 35.4935 4
      vertex 96.4688 38.383 4
    endloop
  endfacet
  facet normal 0 0 1
    outer loop
      vertex 96.3217 35.4935 4
      vertex 94.7172 36.1256 4
      vertex 95.4483 35.4935 4
    endloop
  endfacet
  facet normal 0 0 1
    outer loop
      vertex 95.4483 35.4935 4
      vertex 94.7172 36.1256 4
      vertex 95.1893 35.508 4
    endloop
  endfacet
  facet normal -0 -0 1
    outer loop
      vertex 94.7335 35.9051 4
      vertex 95.1893 35.508 4
      vertex 94.7172 36.1256 4
    endloop
  endfacet
  facet normal 0 0 1
    outer loop
      vertex 95.1893 35.508 4
      vertex 94.7335 35.9051 4
      vertex 94.9946 35.5516 4
    endloop
  endfacet
  facet normal -0 -0 1
    outer loop
      vertex 94.7826 35.738 4
      vertex 94.9946 35.5516 4
      vertex 94.7335 35.9051 4
    endloop
  endfacet
  facet normal 0 0 1
    outer loop
      vertex 94.7172 36.1256 4
      vertex 96.4688 38.383 4
      vertex 94.7172 38.383 4
    endloop
  endfacet
  facet normal 0 0 1
    outer loop
      vertex 94.9946 35.5516 4
      vertex 94.7826 35.738 4
      vertex 94.8643 35.6242 4
    endloop
  endfacet
  facet normal 0 0 1
    outer loop
      vertex 104.346 37.6797 4
      vertex 105.348 37.8139 4
      vertex 105.313 38.0593 4
    endloop
  endfacet
  facet normal 0 0 1
    outer loop
      vertex 104.346 37.6797 4
      vertex 105.313 38.0593 4
      vertex 105.207 38.2566 4
    endloop
  endfacet
  facet normal 0 0 1
    outer loop
      vertex 104.346 37.6797 4
      vertex 105.207 38.2566 4
      vertex 105.03 38.4058 4
    endloop
  endfacet
  facet normal 0 0 1
    outer loop
      vertex 104.346 37.6797 4
      vertex 105.03 38.4058 4
      vertex 104.778 38.5101 4
    endloop
  endfacet
  facet normal 0 0 1
    outer loop
      vertex 104.346 37.6797 4
      vertex 104.778 38.5101 4
      vertex 104.448 38.5727 4
    endloop
  endfacet
  facet normal 0 0 1
    outer loop
      vertex 105.348 37.8139 4
      vertex 104.346 37.6797 4
      vertex 105.348 37.6797 4
    endloop
  endfacet
  facet normal 0 0 1
    outer loop
      vertex 104.038 38.5936 4
      vertex 104.346 37.6797 4
      vertex 104.448 38.5727 4
    endloop
  endfacet
  facet normal 0 0 1
    outer loop
      vertex 103.51 37.6312 4
      vertex 104.038 38.5936 4
      vertex 103.682 38.5815 4
    endloop
  endfacet
  facet normal 0 0 1
    outer loop
      vertex 104.038 38.5936 4
      vertex 103.51 37.6312 4
      vertex 104.346 37.6797 4
    endloop
  endfacet
  facet normal -0 0 1
    outer loop
      vertex 103.344 38.5453 4
      vertex 103.51 37.6312 4
      vertex 103.682 38.5815 4
    endloop
  endfacet
  facet normal -0 0 1
    outer loop
      vertex 103.022 38.485 4
      vertex 103.51 37.6312 4
      vertex 103.344 38.5453 4
    endloop
  endfacet
  facet normal 0 0 1
    outer loop
      vertex 103.022 38.485 4
      vertex 102.837 37.4857 4
      vertex 103.51 37.6312 4
    endloop
  endfacet
  facet normal -0 0 1
    outer loop
      vertex 102.716 38.4005 4
      vertex 102.837 37.4857 4
      vertex 103.022 38.485 4
    endloop
  endfacet
  facet normal -0 0 1
    outer loop
      vertex 102.425 38.2918 4
      vertex 102.837 37.4857 4
      vertex 102.716 38.4005 4
    endloop
  endfacet
  facet normal -0 0 1
    outer loop
      vertex 102.148 38.159 4
      vertex 102.837 37.4857 4
      vertex 102.425 38.2918 4
    endloop
  endfacet
  facet normal 0 0 1
    outer loop
      vertex 102.837 37.4857 4
      vertex 102.148 38.159 4
      vertex 102.326 37.2432 4
    endloop
  endfacet
  facet normal -0 0 1
    outer loop
      vertex 101.349 38.1456 4
      vertex 102.326 37.2432 4
      vertex 102.148 38.159 4
    endloop
  endfacet
  facet normal 0 0 1
    outer loop
      vertex 99.3283 39.0364 4
      vertex 99.0992 39.5971 4
      vertex 99.0992 38.719 4
    endloop
  endfacet
  facet normal 0 0 1
    outer loop
      vertex 96.4688 39.5971 4
      vertex 94.7172 41.1069 4
      vertex 94.7172 39.5971 4
    endloop
  endfacet
  facet normal 0 0 1
    outer loop
      vertex 105.348 35.0679 4
      vertex 105.111 34.7738 4
      vertex 105.348 34.2794 4
    endloop
  endfacet
  facet normal 0 0 1
    outer loop
      vertex 112.106 35.0455 4
      vertex 111.864 34.7606 4
      vertex 112.106 34.2794 4
    endloop
  endfacet
  facet normal 0 0 1
    outer loop
      vertex 120.592 36.4656 4
      vertex 119.948 35.7132 4
      vertex 120.341 35.9101 4
    endloop
  endfacet
  facet normal 0 0 1
    outer loop
      vertex 120.592 36.4656 4
      vertex 119.563 35.5526 4
      vertex 119.948 35.7132 4
    endloop
  endfacet
  facet normal 0 0 1
    outer loop
      vertex 120.592 36.4656 4
      vertex 119.185 35.4284 4
      vertex 119.563 35.5526 4
    endloop
  endfacet
  facet normal -0 0 1
    outer loop
      vertex 116.619 36.4656 4
      vertex 119.185 35.4284 4
      vertex 120.592 36.4656 4
    endloop
  endfacet
  facet normal 0 0 1
    outer loop
      vertex 119.185 35.4284 4
      vertex 116.619 36.4656 4
      vertex 118.813 35.3401 4
    endloop
  endfacet
  facet normal 0 0 1
    outer loop
      vertex 118.813 35.3401 4
      vertex 116.619 36.4656 4
      vertex 118.446 35.2871 4
    endloop
  endfacet
  facet normal 0 0 1
    outer loop
      vertex 118.446 35.2871 4
      vertex 116.619 36.4656 4
      vertex 118.086 35.2695 4
    endloop
  endfacet
  facet normal 0 0 1
    outer loop
      vertex 118.086 35.2695 4
      vertex 116.619 36.4656 4
      vertex 117.675 35.3027 4
    endloop
  endfacet
  facet normal -0 -0 1
    outer loop
      vertex 116.694 36.1001 4
      vertex 117.675 35.3027 4
      vertex 116.619 36.4656 4
    endloop
  endfacet
  facet normal 0 0 1
    outer loop
      vertex 117.675 35.3027 4
      vertex 116.694 36.1001 4
      vertex 117.331 35.4024 4
    endloop
  endfacet
  facet normal 0 0 1
    outer loop
      vertex 117.331 35.4024 4
      vertex 116.694 36.1001 4
      vertex 117.051 35.5685 4
    endloop
  endfacet
  facet normal 0 0 1
    outer loop
      vertex 117.051 35.5685 4
      vertex 116.694 36.1001 4
      vertex 116.838 35.8011 4
    endloop
  endfacet
  facet normal 0 0 1
    outer loop
      vertex 130.638 36.4656 4
      vertex 129.995 35.7132 4
      vertex 130.387 35.9101 4
    endloop
  endfacet
  facet normal 0 0 1
    outer loop
      vertex 130.638 36.4656 4
      vertex 129.609 35.5526 4
      vertex 129.995 35.7132 4
    endloop
  endfacet
  facet normal 0 0 1
    outer loop
      vertex 130.638 36.4656 4
      vertex 129.231 35.4284 4
      vertex 129.609 35.5526 4
    endloop
  endfacet
  facet normal -0 0 1
    outer loop
      vertex 126.665 36.4656 4
      vertex 129.231 35.4284 4
      vertex 130.638 36.4656 4
    endloop
  endfacet
  facet normal 0 0 1
    outer loop
      vertex 129.231 35.4284 4
      vertex 126.665 36.4656 4
      vertex 128.859 35.3401 4
    endloop
  endfacet
  facet normal 0 0 1
    outer loop
      vertex 128.859 35.3401 4
      vertex 126.665 36.4656 4
      vertex 128.492 35.2871 4
    endloop
  endfacet
  facet normal 0 0 1
    outer loop
      vertex 128.492 35.2871 4
      vertex 126.665 36.4656 4
      vertex 128.132 35.2695 4
    endloop
  endfacet
  facet normal 0 0 1
    outer loop
      vertex 128.132 35.2695 4
      vertex 126.665 36.4656 4
      vertex 127.722 35.3027 4
    endloop
  endfacet
  facet normal -0 -0 1
    outer loop
      vertex 126.741 36.1001 4
      vertex 127.722 35.3027 4
      vertex 126.665 36.4656 4
    endloop
  endfacet
  facet normal 0 0 1
    outer loop
      vertex 127.722 35.3027 4
      vertex 126.741 36.1001 4
      vertex 127.377 35.4024 4
    endloop
  endfacet
  facet normal 0 0 1
    outer loop
      vertex 127.377 35.4024 4
      vertex 126.741 36.1001 4
      vertex 127.097 35.5685 4
    endloop
  endfacet
  facet normal 0 0 1
    outer loop
      vertex 127.097 35.5685 4
      vertex 126.741 36.1001 4
      vertex 126.885 35.8011 4
    endloop
  endfacet
  facet normal 0 0 1
    outer loop
      vertex 133.42 38.3905 4
      vertex 135.359 39.5971 4
      vertex 133.422 38.7523 4
    endloop
  endfacet
  facet normal 0 0 1
    outer loop
      vertex 135.359 39.5971 4
      vertex 133.42 38.3905 4
      vertex 135.359 36.9702 4
    endloop
  endfacet
  facet normal -0 0 1
    outer loop
      vertex 133.418 37.9796 4
      vertex 135.359 36.9702 4
      vertex 133.42 38.3905 4
    endloop
  endfacet
  facet normal -0 0 1
    outer loop
      vertex 133.415 37.5924 4
      vertex 135.359 36.9702 4
      vertex 133.418 37.9796 4
    endloop
  endfacet
  facet normal -0 0 1
    outer loop
      vertex 133.414 37.3018 4
      vertex 135.359 36.9702 4
      vertex 133.415 37.5924 4
    endloop
  endfacet
  facet normal -0 0 1
    outer loop
      vertex 133.413 37.1079 4
      vertex 135.359 36.9702 4
      vertex 133.414 37.3018 4
    endloop
  endfacet
  facet normal 0 0 1
    outer loop
      vertex 135.359 36.9702 4
      vertex 133.417 36.7202 4
      vertex 133.428 36.4122 4
    endloop
  endfacet
  facet normal 0 0 1
    outer loop
      vertex 135.359 36.9702 4
      vertex 133.413 37.1079 4
      vertex 133.417 36.7202 4
    endloop
  endfacet
  facet normal 0 0 1
    outer loop
      vertex 135.359 35.0455 4
      vertex 135.098 34.763 4
      vertex 135.359 34.2794 4
    endloop
  endfacet
  facet normal 0 0 1
    outer loop
      vertex 200 59.4 4
      vertex 137.059 39.5971 4
      vertex 200 14.4 4
    endloop
  endfacet
  facet normal 0 0 1
    outer loop
      vertex 200 59.4 4
      vertex 135.359 39.5971 4
      vertex 137.059 39.5971 4
    endloop
  endfacet
  facet normal 0 0 1
    outer loop
      vertex 133.423 39.0651 4
      vertex 135.359 39.5971 4
      vertex 133.423 39.5971 4
    endloop
  endfacet
  facet normal 0 0 1
    outer loop
      vertex 133.422 38.7523 4
      vertex 135.359 39.5971 4
      vertex 133.423 39.0651 4
    endloop
  endfacet
  facet normal 0 0 1
    outer loop
      vertex 135.325 36.521 4
      vertex 133.428 36.4122 4
      vertex 135.224 36.1425 4
    endloop
  endfacet
  facet normal 0 0 1
    outer loop
      vertex 135.224 36.1425 4
      vertex 133.428 36.4122 4
      vertex 135.055 35.8348 4
    endloop
  endfacet
  facet normal -0 -0 1
    outer loop
      vertex 133.446 36.1839 4
      vertex 135.055 35.8348 4
      vertex 133.428 36.4122 4
    endloop
  endfacet
  facet normal 0 0 1
    outer loop
      vertex 135.055 35.8348 4
      vertex 133.446 36.1839 4
      vertex 134.828 35.6078 4
    endloop
  endfacet
  facet normal 0 0 1
    outer loop
      vertex 134.828 35.6078 4
      vertex 133.446 36.1839 4
      vertex 134.549 35.4717 4
    endloop
  endfacet
  facet normal 0 0 1
    outer loop
      vertex 134.549 35.4717 4
      vertex 133.446 36.1839 4
      vertex 134.22 35.4263 4
    endloop
  endfacet
  facet normal -0 -0 1
    outer loop
      vertex 133.474 36.0127 4
      vertex 134.22 35.4263 4
      vertex 133.446 36.1839 4
    endloop
  endfacet
  facet normal 0 0 1
    outer loop
      vertex 134.22 35.4263 4
      vertex 133.474 36.0127 4
      vertex 134.08 35.4363 4
    endloop
  endfacet
  facet normal 0 0 1
    outer loop
      vertex 134.08 35.4363 4
      vertex 133.474 36.0127 4
      vertex 133.951 35.4664 4
    endloop
  endfacet
  facet normal 0 0 1
    outer loop
      vertex 133.951 35.4664 4
      vertex 133.474 36.0127 4
      vertex 133.833 35.5165 4
    endloop
  endfacet
  facet normal 0 0 1
    outer loop
      vertex 133.833 35.5165 4
      vertex 133.474 36.0127 4
      vertex 133.728 35.5851 4
    endloop
  endfacet
  facet normal 0 0 1
    outer loop
      vertex 133.728 35.5851 4
      vertex 133.474 36.0127 4
      vertex 133.637 35.6706 4
    endloop
  endfacet
  facet normal -0 -0 1
    outer loop
      vertex 133.512 35.8757 4
      vertex 133.637 35.6706 4
      vertex 133.474 36.0127 4
    endloop
  endfacet
  facet normal 0 0 1
    outer loop
      vertex 133.637 35.6706 4
      vertex 133.512 35.8757 4
      vertex 133.56 35.773 4
    endloop
  endfacet
  facet normal 0 0 1
    outer loop
      vertex 135.359 36.9702 4
      vertex 133.428 36.4122 4
      vertex 135.325 36.521 4
    endloop
  endfacet
  facet normal -0 0 1
    outer loop
      vertex 113.815 41.6669 4
      vertex 135.359 39.5971 4
      vertex 200 59.4 4
    endloop
  endfacet
  facet normal 0 0 1
    outer loop
      vertex 135.359 39.5971 4
      vertex 113.815 41.6669 4
      vertex 133.423 39.5971 4
    endloop
  endfacet
  facet normal -0 0 1
    outer loop
      vertex 130.555 37.7351 4
      vertex 131.714 36.3478 4
      vertex 131.714 39.5971 4
    endloop
  endfacet
  facet normal 0 0 1
    outer loop
      vertex 131.714 36.3478 4
      vertex 130.555 37.7351 4
      vertex 130.638 36.9495 4
    endloop
  endfacet
  facet normal 0 0 1
    outer loop
      vertex 131.714 39.5971 4
      vertex 130.304 38.4078 4
      vertex 130.555 37.7351 4
    endloop
  endfacet
  facet normal 0 0 1
    outer loop
      vertex 131.714 39.5971 4
      vertex 129.886 38.9676 4
      vertex 130.304 38.4078 4
    endloop
  endfacet
  facet normal 0 0 1
    outer loop
      vertex 131.714 39.5971 4
      vertex 129.329 39.387 4
      vertex 129.886 38.9676 4
    endloop
  endfacet
  facet normal 0 0 1
    outer loop
      vertex 133.423 39.5971 4
      vertex 113.815 41.6669 4
      vertex 131.714 39.5971 4
    endloop
  endfacet
  facet normal 0 0 1
    outer loop
      vertex 131.714 39.5971 4
      vertex 128.66 39.6387 4
      vertex 129.329 39.387 4
    endloop
  endfacet
  facet normal 0 0 1
    outer loop
      vertex 131.714 39.5971 4
      vertex 127.88 39.7226 4
      vertex 128.66 39.6387 4
    endloop
  endfacet
  facet normal 0 0 1
    outer loop
      vertex 131.714 39.5971 4
      vertex 113.815 41.6669 4
      vertex 127.88 39.7226 4
    endloop
  endfacet
  facet normal 0 0 1
    outer loop
      vertex 125.02 37.7369 4
      vertex 123.609 36.1162 4
      vertex 124.933 36.9315 4
    endloop
  endfacet
  facet normal -0 0 1
    outer loop
      vertex 120.258 38.4078 4
      vertex 125.02 37.7369 4
      vertex 125.282 38.4188 4
    endloop
  endfacet
  facet normal 0 0 1
    outer loop
      vertex 125.02 37.7369 4
      vertex 120.509 37.7351 4
      vertex 123.609 36.1162 4
    endloop
  endfacet
  facet normal -0 0 1
    outer loop
      vertex 119.84 38.9676 4
      vertex 125.282 38.4188 4
      vertex 125.718 38.9773 4
    endloop
  endfacet
  facet normal -0 0 1
    outer loop
      vertex 120.592 36.4656 4
      vertex 121.9 36.1162 4
      vertex 120.592 36.9495 4
    endloop
  endfacet
  facet normal 0 0 1
    outer loop
      vertex 123.609 36.1162 4
      vertex 120.509 37.7351 4
      vertex 121.9 36.1162 4
    endloop
  endfacet
  facet normal -0 0 1
    outer loop
      vertex 119.283 39.387 4
      vertex 125.718 38.9773 4
      vertex 126.308 39.3914 4
    endloop
  endfacet
  facet normal 0 0 1
    outer loop
      vertex 121.9 36.1162 4
      vertex 120.509 37.7351 4
      vertex 120.592 36.9495 4
    endloop
  endfacet
  facet normal -0 0 1
    outer loop
      vertex 118.614 39.6387 4
      vertex 126.308 39.3914 4
      vertex 127.028 39.6398 4
    endloop
  endfacet
  facet normal 0 0 1
    outer loop
      vertex 125.02 37.7369 4
      vertex 120.258 38.4078 4
      vertex 120.509 37.7351 4
    endloop
  endfacet
  facet normal 0 0 1
    outer loop
      vertex 127.88 39.7226 4
      vertex 113.815 41.6669 4
      vertex 127.028 39.6398 4
    endloop
  endfacet
  facet normal 0 0 1
    outer loop
      vertex 125.282 38.4188 4
      vertex 119.84 38.9676 4
      vertex 120.258 38.4078 4
    endloop
  endfacet
  facet normal 0 0 1
    outer loop
      vertex 125.718 38.9773 4
      vertex 119.283 39.387 4
      vertex 119.84 38.9676 4
    endloop
  endfacet
  facet normal 0 0 1
    outer loop
      vertex 126.308 39.3914 4
      vertex 118.614 39.6387 4
      vertex 119.283 39.387 4
    endloop
  endfacet
  facet normal 0 0 1
    outer loop
      vertex 127.028 39.6398 4
      vertex 113.815 41.6669 4
      vertex 118.614 39.6387 4
    endloop
  endfacet
  facet normal 0 0 1
    outer loop
      vertex 118.614 39.6387 4
      vertex 113.815 41.6669 4
      vertex 117.834 39.7226 4
    endloop
  endfacet
  facet normal 0 0 1
    outer loop
      vertex 114.974 37.7369 4
      vertex 113.815 41.6669 4
      vertex 114.886 36.9315 4
    endloop
  endfacet
  facet normal 0 0 1
    outer loop
      vertex 115.236 38.4188 4
      vertex 113.815 41.6669 4
      vertex 114.974 37.7369 4
    endloop
  endfacet
  facet normal 0 0 1
    outer loop
      vertex 115.672 38.9773 4
      vertex 113.815 41.6669 4
      vertex 115.236 38.4188 4
    endloop
  endfacet
  facet normal 0 0 1
    outer loop
      vertex 116.261 39.3914 4
      vertex 113.815 41.6669 4
      vertex 115.672 38.9773 4
    endloop
  endfacet
  facet normal 0 0 1
    outer loop
      vertex 116.982 39.6398 4
      vertex 113.815 41.6669 4
      vertex 116.261 39.3914 4
    endloop
  endfacet
  facet normal 0 0 1
    outer loop
      vertex 117.834 39.7226 4
      vertex 113.815 41.6669 4
      vertex 116.982 39.6398 4
    endloop
  endfacet
  facet normal 0 0 1
    outer loop
      vertex 200 59.4 4
      vertex 112.106 41.6669 4
      vertex 113.815 41.6669 4
    endloop
  endfacet
  facet normal 0 0 1
    outer loop
      vertex 112.106 41.6669 4
      vertex 111.864 39.1 4
      vertex 112.106 38.8176 4
    endloop
  endfacet
  facet normal 0 0 1
    outer loop
      vertex 112.106 41.6669 4
      vertex 111.605 39.3282 4
      vertex 111.864 39.1 4
    endloop
  endfacet
  facet normal 0 0 1
    outer loop
      vertex 112.106 41.6669 4
      vertex 111.33 39.5022 4
      vertex 111.605 39.3282 4
    endloop
  endfacet
  facet normal 0 0 1
    outer loop
      vertex 112.106 41.6669 4
      vertex 111.033 39.6246 4
      vertex 111.33 39.5022 4
    endloop
  endfacet
  facet normal 0 0 1
    outer loop
      vertex 112.106 41.6669 4
      vertex 110.707 39.6981 4
      vertex 111.033 39.6246 4
    endloop
  endfacet
  facet normal 0 0 1
    outer loop
      vertex 112.106 41.6669 4
      vertex 110.354 39.7226 4
      vertex 110.707 39.6981 4
    endloop
  endfacet
  facet normal 0 0 1
    outer loop
      vertex 112.106 41.6669 4
      vertex 109.738 39.6358 4
      vertex 110.354 39.7226 4
    endloop
  endfacet
  facet normal 0 0 1
    outer loop
      vertex 105.909 39.4702 4
      vertex 109.738 39.6358 4
      vertex 112.106 41.6669 4
    endloop
  endfacet
  facet normal 0 0 1
    outer loop
      vertex 108.179 37.7013 4
      vertex 107.061 37.3089 4
      vertex 108.109 36.9315 4
    endloop
  endfacet
  facet normal -0 0 1
    outer loop
      vertex 106.991 38.0821 4
      vertex 108.179 37.7013 4
      vertex 108.39 38.3713 4
    endloop
  endfacet
  facet normal -0 0 1
    outer loop
      vertex 106.778 38.6973 4
      vertex 108.39 38.3713 4
      vertex 108.74 38.9417 4
    endloop
  endfacet
  facet normal 0 0 1
    outer loop
      vertex 108.179 37.7013 4
      vertex 106.991 38.0821 4
      vertex 107.061 37.3089 4
    endloop
  endfacet
  facet normal -0 0 1
    outer loop
      vertex 106.423 39.1548 4
      vertex 108.74 38.9417 4
      vertex 109.2 39.3755 4
    endloop
  endfacet
  facet normal 0 0 1
    outer loop
      vertex 109.738 39.6358 4
      vertex 105.909 39.4702 4
      vertex 109.2 39.3755 4
    endloop
  endfacet
  facet normal 0 0 1
    outer loop
      vertex 108.39 38.3713 4
      vertex 106.778 38.6973 4
      vertex 106.991 38.0821 4
    endloop
  endfacet
  facet normal 0 0 1
    outer loop
      vertex 108.74 38.9417 4
      vertex 106.423 39.1548 4
      vertex 106.778 38.6973 4
    endloop
  endfacet
  facet normal 0 0 1
    outer loop
      vertex 109.2 39.3755 4
      vertex 105.909 39.4702 4
      vertex 106.423 39.1548 4
    endloop
  endfacet
  facet normal 0 0 1
    outer loop
      vertex 112.106 41.6669 4
      vertex 105.216 39.6595 4
      vertex 105.909 39.4702 4
    endloop
  endfacet
  facet normal 0 0 1
    outer loop
      vertex 112.106 41.6669 4
      vertex 104.346 39.7226 4
      vertex 105.216 39.6595 4
    endloop
  endfacet
  facet normal 0 0 1
    outer loop
      vertex 112.106 41.6669 4
      vertex 103.979 39.715 4
      vertex 104.346 39.7226 4
    endloop
  endfacet
  facet normal -0 0 1
    outer loop
      vertex 94.7172 41.1069 4
      vertex 103.979 39.715 4
      vertex 112.106 41.6669 4
    endloop
  endfacet
  facet normal 0 0 1
    outer loop
      vertex 103.979 39.715 4
      vertex 94.7172 41.1069 4
      vertex 103.612 39.6922 4
    endloop
  endfacet
  facet normal -0 -0 1
    outer loop
      vertex 101.228 39.6991 4
      vertex 103.612 39.6922 4
      vertex 101.131 39.7091 4
    endloop
  endfacet
  facet normal -0 -0 1
    outer loop
      vertex 101.344 39.6854 4
      vertex 103.245 39.6542 4
      vertex 101.228 39.6991 4
    endloop
  endfacet
  facet normal 0 0 1
    outer loop
      vertex 102.878 39.6015 4
      vertex 101.344 39.6854 4
      vertex 102.513 39.5347 4
    endloop
  endfacet
  facet normal 0 0 1
    outer loop
      vertex 101.349 38.1456 4
      vertex 102.148 38.159 4
      vertex 102.148 39.4538 4
    endloop
  endfacet
  facet normal 0 0 1
    outer loop
      vertex 102.326 37.2432 4
      vertex 101.349 38.1456 4
      vertex 101.969 36.8969 4
    endloop
  endfacet
  facet normal 0 0 1
    outer loop
      vertex 101.201 38.2098 4
      vertex 101.755 36.4399 4
      vertex 101.349 38.1456 4
    endloop
  endfacet
  facet normal 0 0 1
    outer loop
      vertex 101.969 36.8969 4
      vertex 101.349 38.1456 4
      vertex 101.755 36.4399 4
    endloop
  endfacet
  facet normal 0 0 1
    outer loop
      vertex 102.148 39.4538 4
      vertex 101.344 39.6854 4
      vertex 101.349 38.1456 4
    endloop
  endfacet
  facet normal 0 0 1
    outer loop
      vertex 102.513 39.5347 4
      vertex 101.344 39.6854 4
      vertex 102.148 39.4538 4
    endloop
  endfacet
  facet normal -0 0 1
    outer loop
      vertex 0 59.4 4
      vertex 112.106 41.6669 4
      vertex 200 59.4 4
    endloop
  endfacet
  facet normal 0 0 1
    outer loop
      vertex 103.612 39.6922 4
      vertex 94.7172 41.1069 4
      vertex 101.055 39.7156 4
    endloop
  endfacet
  facet normal 0 0 1
    outer loop
      vertex 103.245 39.6542 4
      vertex 101.344 39.6854 4
      vertex 102.878 39.6015 4
    endloop
  endfacet
  facet normal 0 0 1
    outer loop
      vertex 103.612 39.6922 4
      vertex 101.228 39.6991 4
      vertex 103.245 39.6542 4
    endloop
  endfacet
  facet normal 0 0 1
    outer loop
      vertex 103.612 39.6922 4
      vertex 101.055 39.7156 4
      vertex 101.131 39.7091 4
    endloop
  endfacet
  facet normal 0 0 1
    outer loop
      vertex 101.055 39.7156 4
      vertex 94.7172 41.1069 4
      vertex 100.99 39.7195 4
    endloop
  endfacet
  facet normal 0 0 1
    outer loop
      vertex 100.99 39.7195 4
      vertex 94.7172 41.1069 4
      vertex 100.928 39.7218 4
    endloop
  endfacet
  facet normal 0 0 1
    outer loop
      vertex 100.928 39.7218 4
      vertex 94.7172 41.1069 4
      vertex 100.87 39.7226 4
    endloop
  endfacet
  facet normal 0 0 1
    outer loop
      vertex 99.5791 39.2908 4
      vertex 99.0992 39.5971 4
      vertex 99.3283 39.0364 4
    endloop
  endfacet
  facet normal 0 0 1
    outer loop
      vertex 99.8515 39.4824 4
      vertex 99.0992 39.5971 4
      vertex 99.5791 39.2908 4
    endloop
  endfacet
  facet normal 0 0 1
    outer loop
      vertex 100.153 39.6158 4
      vertex 99.0992 39.5971 4
      vertex 99.8515 39.4824 4
    endloop
  endfacet
  facet normal 0 0 1
    outer loop
      vertex 100.493 39.6959 4
      vertex 99.0992 39.5971 4
      vertex 100.153 39.6158 4
    endloop
  endfacet
  facet normal 0 0 1
    outer loop
      vertex 100.87 39.7226 4
      vertex 94.7172 41.1069 4
      vertex 100.493 39.6959 4
    endloop
  endfacet
  facet normal 0 0 1
    outer loop
      vertex 100.493 39.6959 4
      vertex 94.7172 41.1069 4
      vertex 99.0992 39.5971 4
    endloop
  endfacet
  facet normal 0 0 1
    outer loop
      vertex 96.4688 38.383 4
      vertex 97.3998 39.5971 4
      vertex 96.4688 39.5971 4
    endloop
  endfacet
  facet normal 0 0 1
    outer loop
      vertex 99.0992 39.5971 4
      vertex 94.7172 41.1069 4
      vertex 97.3998 39.5971 4
    endloop
  endfacet
  facet normal 0 0 1
    outer loop
      vertex 97.3998 39.5971 4
      vertex 94.7172 41.1069 4
      vertex 96.4688 39.5971 4
    endloop
  endfacet
  facet normal 0 0 1
    outer loop
      vertex 112.106 41.6669 4
      vertex 0 59.4 4
      vertex 94.7172 41.1069 4
    endloop
  endfacet
  facet normal 0 0 1
    outer loop
      vertex 93.0179 41.1069 4
      vertex 92.1729 39.5971 4
      vertex 93.0179 39.5971 4
    endloop
  endfacet
  facet normal 0 0 1
    outer loop
      vertex 92.1729 39.5971 4
      vertex 91.6121 37.7693 4
      vertex 92.1729 38.383 4
    endloop
  endfacet
  facet normal 0 0 1
    outer loop
      vertex 92.1729 39.5971 4
      vertex 88.6311 37.7693 4
      vertex 91.6121 37.7693 4
    endloop
  endfacet
  facet normal 0 0 1
    outer loop
      vertex 87.036 38.9676 4
      vertex 92.1729 39.5971 4
      vertex 93.0179 41.1069 4
    endloop
  endfacet
  facet normal 0 0 1
    outer loop
      vertex 88.6311 37.7693 4
      vertex 87.7884 36.9495 4
      vertex 88.6311 36.3895 4
    endloop
  endfacet
  facet normal 0 0 1
    outer loop
      vertex 88.6311 37.7693 4
      vertex 87.7048 37.7351 4
      vertex 87.7884 36.9495 4
    endloop
  endfacet
  facet normal 0 0 1
    outer loop
      vertex 92.1729 39.5971 4
      vertex 87.036 38.9676 4
      vertex 88.6311 37.7693 4
    endloop
  endfacet
  facet normal 0 0 1
    outer loop
      vertex 88.6311 37.7693 4
      vertex 87.454 38.4078 4
      vertex 87.7048 37.7351 4
    endloop
  endfacet
  facet normal 0 0 1
    outer loop
      vertex 88.6311 37.7693 4
      vertex 87.036 38.9676 4
      vertex 87.454 38.4078 4
    endloop
  endfacet
  facet normal 0 0 1
    outer loop
      vertex 93.0179 41.1069 4
      vertex 86.4788 39.387 4
      vertex 87.036 38.9676 4
    endloop
  endfacet
  facet normal 0 0 1
    outer loop
      vertex 93.0179 41.1069 4
      vertex 85.8102 39.6387 4
      vertex 86.4788 39.387 4
    endloop
  endfacet
  facet normal 0 0 1
    outer loop
      vertex 93.0179 41.1069 4
      vertex 85.0304 39.7226 4
      vertex 85.8102 39.6387 4
    endloop
  endfacet
  facet normal 0 0 1
    outer loop
      vertex 78.1216 41.6669 4
      vertex 85.0304 39.7226 4
      vertex 93.0179 41.1069 4
    endloop
  endfacet
  facet normal 0 0 1
    outer loop
      vertex 94.7172 41.1069 4
      vertex 0 59.4 4
      vertex 93.0179 41.1069 4
    endloop
  endfacet
  facet normal 0 0 1
    outer loop
      vertex 79.4554 37.1567 4
      vertex 82.17 37.7369 4
      vertex 82.052 39.5971 4
    endloop
  endfacet
  facet normal 0 0 1
    outer loop
      vertex 82.4318 38.4188 4
      vertex 82.052 39.5971 4
      vertex 82.17 37.7369 4
    endloop
  endfacet
  facet normal 0 0 1
    outer loop
      vertex 82.8683 38.9773 4
      vertex 82.052 39.5971 4
      vertex 82.4318 38.4188 4
    endloop
  endfacet
  facet normal 0 0 1
    outer loop
      vertex 83.4577 39.3914 4
      vertex 82.052 39.5971 4
      vertex 82.8683 38.9773 4
    endloop
  endfacet
  facet normal 0 0 1
    outer loop
      vertex 84.1784 39.6398 4
      vertex 82.052 39.5971 4
      vertex 83.4577 39.3914 4
    endloop
  endfacet
  facet normal 0 0 1
    outer loop
      vertex 85.0304 39.7226 4
      vertex 78.1216 41.6669 4
      vertex 84.1784 39.6398 4
    endloop
  endfacet
  facet normal 0 0 1
    outer loop
      vertex 84.1784 39.6398 4
      vertex 78.1216 41.6669 4
      vertex 82.052 39.5971 4
    endloop
  endfacet
  facet normal 0 0 1
    outer loop
      vertex 82.052 39.5971 4
      vertex 78.1216 41.6669 4
      vertex 80.0773 39.5971 4
    endloop
  endfacet
  facet normal 0 0 1
    outer loop
      vertex 93.0179 41.1069 4
      vertex 0 59.4 4
      vertex 78.1216 41.6669 4
    endloop
  endfacet
  facet normal 0 0 1
    outer loop
      vertex 76.4222 41.6669 4
      vertex 75.3442 36.9315 4
      vertex 76.4222 34.2794 4
    endloop
  endfacet
  facet normal 0 0 1
    outer loop
      vertex 76.4222 41.6669 4
      vertex 75.2585 37.7416 4
      vertex 75.3442 36.9315 4
    endloop
  endfacet
  facet normal 0 0 1
    outer loop
      vertex 76.4222 41.6669 4
      vertex 75.0013 38.4251 4
      vertex 75.2585 37.7416 4
    endloop
  endfacet
  facet normal 0 0 1
    outer loop
      vertex 76.4222 41.6669 4
      vertex 74.5728 38.982 4
      vertex 75.0013 38.4251 4
    endloop
  endfacet
  facet normal 0 0 1
    outer loop
      vertex 76.4222 41.6669 4
      vertex 73.9918 39.3934 4
      vertex 74.5728 38.982 4
    endloop
  endfacet
  facet normal 0 0 1
    outer loop
      vertex 76.4222 41.6669 4
      vertex 73.2774 39.6403 4
      vertex 73.9918 39.3934 4
    endloop
  endfacet
  facet normal 0 0 1
    outer loop
      vertex 76.4222 41.6669 4
      vertex 72.4296 39.7226 4
      vertex 73.2774 39.6403 4
    endloop
  endfacet
  facet normal 0 0 1
    outer loop
      vertex 76.4222 41.6669 4
      vertex 71.5786 39.6403 4
      vertex 72.4296 39.7226 4
    endloop
  endfacet
  facet normal 0 0 1
    outer loop
      vertex 67.1797 39.6358 4
      vertex 71.5786 39.6403 4
      vertex 76.4222 41.6669 4
    endloop
  endfacet
  facet normal -0 0 1
    outer loop
      vertex 68.7388 37.7013 4
      vertex 69.5008 36.9315 4
      vertex 69.587 37.7416 4
    endloop
  endfacet
  facet normal -0 0 1
    outer loop
      vertex 68.5283 38.3713 4
      vertex 69.587 37.7416 4
      vertex 69.8457 38.4251 4
    endloop
  endfacet
  facet normal 0 0 1
    outer loop
      vertex 69.5008 36.9315 4
      vertex 68.7388 37.7013 4
      vertex 68.8089 36.9315 4
    endloop
  endfacet
  facet normal -0 0 1
    outer loop
      vertex 68.1776 38.9417 4
      vertex 69.8457 38.4251 4
      vertex 70.2769 38.982 4
    endloop
  endfacet
  facet normal 0 0 1
    outer loop
      vertex 69.587 37.7416 4
      vertex 68.5283 38.3713 4
      vertex 68.7388 37.7013 4
    endloop
  endfacet
  facet normal -0 0 1
    outer loop
      vertex 67.7177 39.3755 4
      vertex 70.2769 38.982 4
      vertex 70.861 39.3934 4
    endloop
  endfacet
  facet normal 0 0 1
    outer loop
      vertex 69.8457 38.4251 4
      vertex 68.1776 38.9417 4
      vertex 68.5283 38.3713 4
    endloop
  endfacet
  facet normal 0 0 1
    outer loop
      vertex 71.5786 39.6403 4
      vertex 67.1797 39.6358 4
      vertex 70.861 39.3934 4
    endloop
  endfacet
  facet normal 0 0 1
    outer loop
      vertex 70.2769 38.982 4
      vertex 67.7177 39.3755 4
      vertex 68.1776 38.9417 4
    endloop
  endfacet
  facet normal 0 0 1
    outer loop
      vertex 70.861 39.3934 4
      vertex 67.1797 39.6358 4
      vertex 67.7177 39.3755 4
    endloop
  endfacet
  facet normal 0 0 1
    outer loop
      vertex 76.4222 41.6669 4
      vertex 66.5636 39.7226 4
      vertex 67.1797 39.6358 4
    endloop
  endfacet
  facet normal 0 0 1
    outer loop
      vertex 76.4222 41.6669 4
      vertex 66.2076 39.6981 4
      vertex 66.5636 39.7226 4
    endloop
  endfacet
  facet normal 0 0 1
    outer loop
      vertex 65.3047 39.3282 4
      vertex 64.8026 39.5971 4
      vertex 65.0452 39.1 4
    endloop
  endfacet
  facet normal 0 0 1
    outer loop
      vertex 65.5811 39.5022 4
      vertex 64.8026 39.5971 4
      vertex 65.3047 39.3282 4
    endloop
  endfacet
  facet normal 0 0 1
    outer loop
      vertex 65.8801 39.6246 4
      vertex 64.8026 39.5971 4
      vertex 65.5811 39.5022 4
    endloop
  endfacet
  facet normal 0 0 1
    outer loop
      vertex 66.2076 39.6981 4
      vertex 64.8026 39.5971 4
      vertex 65.8801 39.6246 4
    endloop
  endfacet
  facet normal 0 0 1
    outer loop
      vertex 63.1032 39.5971 4
      vertex 66.2076 39.6981 4
      vertex 76.4222 41.6669 4
    endloop
  endfacet
  facet normal 0 0 1
    outer loop
      vertex 66.2076 39.6981 4
      vertex 63.1032 39.5971 4
      vertex 64.8026 39.5971 4
    endloop
  endfacet
  facet normal 0 0 1
    outer loop
      vertex 0 14.4 4
      vertex 63.1032 39.5971 4
      vertex 0 59.4 4
    endloop
  endfacet
  facet normal 0 0 1
    outer loop
      vertex 76.4222 41.6669 4
      vertex 0 59.4 4
      vertex 63.1032 39.5971 4
    endloop
  endfacet
  facet normal 0 0 1
    outer loop
      vertex 78.1216 41.6669 4
      vertex 0 59.4 4
      vertex 76.4222 41.6669 4
    endloop
  endfacet
  facet normal -0 0 1
    outer loop
      vertex 137.059 34.2794 4
      vertex 200 14.4 4
      vertex 137.059 39.5971 4
    endloop
  endfacet
  facet normal 0 0 1
    outer loop
      vertex 133.933 34.165 4
      vertex 137.059 34.2794 4
      vertex 135.359 34.2794 4
    endloop
  endfacet
  facet normal -0 0 1
    outer loop
      vertex 134.826 34.5348 4
      vertex 135.359 34.2794 4
      vertex 135.098 34.763 4
    endloop
  endfacet
  facet normal -0 0 1
    outer loop
      vertex 134.545 34.3608 4
      vertex 135.359 34.2794 4
      vertex 134.826 34.5348 4
    endloop
  endfacet
  facet normal 0 0 1
    outer loop
      vertex 134.249 34.2384 4
      vertex 135.359 34.2794 4
      vertex 134.545 34.3608 4
    endloop
  endfacet
  facet normal 0 0 1
    outer loop
      vertex 133.933 34.165 4
      vertex 135.359 34.2794 4
      vertex 134.249 34.2384 4
    endloop
  endfacet
  facet normal 0 0 1
    outer loop
      vertex 133.598 34.1405 4
      vertex 137.059 34.2794 4
      vertex 133.933 34.165 4
    endloop
  endfacet
  facet normal 0 0 1
    outer loop
      vertex 137.059 34.2794 4
      vertex 133.598 34.1405 4
      vertex 200 14.4 4
    endloop
  endfacet
  facet normal -0 0 1
    outer loop
      vertex 128.779 34.1923 4
      vertex 133.598 34.1405 4
      vertex 133.033 34.2033 4
    endloop
  endfacet
  facet normal -0 0 1
    outer loop
      vertex 130.638 36.4656 4
      vertex 131.714 36.3478 4
      vertex 130.638 36.9495 4
    endloop
  endfacet
  facet normal 0 0 1
    outer loop
      vertex 131.714 36.3478 4
      vertex 130.638 36.4656 4
      vertex 131.767 35.6864 4
    endloop
  endfacet
  facet normal -0 0 1
    outer loop
      vertex 130.387 35.9101 4
      vertex 131.767 35.6864 4
      vertex 130.638 36.4656 4
    endloop
  endfacet
  facet normal 0 0 1
    outer loop
      vertex 130.387 34.602 4
      vertex 131.767 35.6864 4
      vertex 130.387 35.9101 4
    endloop
  endfacet
  facet normal 0 0 1
    outer loop
      vertex 131.767 35.6864 4
      vertex 130.387 34.602 4
      vertex 131.928 35.1389 4
    endloop
  endfacet
  facet normal 0 0 1
    outer loop
      vertex 131.928 35.1389 4
      vertex 130.387 34.602 4
      vertex 132.195 34.7053 4
    endloop
  endfacet
  facet normal 0 0 1
    outer loop
      vertex 132.195 34.7053 4
      vertex 130.387 34.602 4
      vertex 132.565 34.3915 4
    endloop
  endfacet
  facet normal -0 0 1
    outer loop
      vertex 129.985 34.4621 4
      vertex 132.565 34.3915 4
      vertex 130.387 34.602 4
    endloop
  endfacet
  facet normal 0 0 1
    outer loop
      vertex 132.565 34.3915 4
      vertex 129.985 34.4621 4
      vertex 133.033 34.2033 4
    endloop
  endfacet
  facet normal -0 0 1
    outer loop
      vertex 129.583 34.3472 4
      vertex 133.033 34.2033 4
      vertex 129.985 34.4621 4
    endloop
  endfacet
  facet normal -0 0 1
    outer loop
      vertex 129.181 34.2571 4
      vertex 133.033 34.2033 4
      vertex 129.583 34.3472 4
    endloop
  endfacet
  facet normal 0 0 1
    outer loop
      vertex 128.779 34.1923 4
      vertex 133.033 34.2033 4
      vertex 129.181 34.2571 4
    endloop
  endfacet
  facet normal 0 0 1
    outer loop
      vertex 133.598 34.1405 4
      vertex 128.779 34.1923 4
      vertex 128.377 34.1535 4
    endloop
  endfacet
  facet normal 0 0 1
    outer loop
      vertex 127.975 34.1405 4
      vertex 133.598 34.1405 4
      vertex 128.377 34.1535 4
    endloop
  endfacet
  facet normal 0 0 1
    outer loop
      vertex 133.598 34.1405 4
      vertex 127.975 34.1405 4
      vertex 200 14.4 4
    endloop
  endfacet
  facet normal 0 0 1
    outer loop
      vertex 123.609 34.2794 4
      vertex 127.975 34.1405 4
      vertex 127.085 34.222 4
    endloop
  endfacet
  facet normal -0 0 1
    outer loop
      vertex 123.609 36.1162 4
      vertex 125.021 36.1143 4
      vertex 124.933 36.9315 4
    endloop
  endfacet
  facet normal 0 0 1
    outer loop
      vertex 123.609 36.1162 4
      vertex 125.288 35.4284 4
      vertex 125.021 36.1143 4
    endloop
  endfacet
  facet normal 0 0 1
    outer loop
      vertex 123.609 34.2794 4
      vertex 125.288 35.4284 4
      vertex 123.609 36.1162 4
    endloop
  endfacet
  facet normal 0 0 1
    outer loop
      vertex 125.288 35.4284 4
      vertex 123.609 34.2794 4
      vertex 125.732 34.8738 4
    endloop
  endfacet
  facet normal 0 0 1
    outer loop
      vertex 125.732 34.8738 4
      vertex 123.609 34.2794 4
      vertex 126.337 34.4664 4
    endloop
  endfacet
  facet normal -0 0 1
    outer loop
      vertex 123.609 34.2794 4
      vertex 127.085 34.222 4
      vertex 126.337 34.4664 4
    endloop
  endfacet
  facet normal 0 0 1
    outer loop
      vertex 127.975 34.1405 4
      vertex 123.609 34.2794 4
      vertex 118.331 34.1535 4
    endloop
  endfacet
  facet normal 0 0 1
    outer loop
      vertex 118.331 34.1535 4
      vertex 123.609 34.2794 4
      vertex 121.9 34.2794 4
    endloop
  endfacet
  facet normal 0 0 1
    outer loop
      vertex 120.341 35.9101 4
      vertex 121.9 36.1162 4
      vertex 120.592 36.4656 4
    endloop
  endfacet
  facet normal 0 0 1
    outer loop
      vertex 120.341 34.602 4
      vertex 121.9 36.1162 4
      vertex 120.341 35.9101 4
    endloop
  endfacet
  facet normal 0 0 1
    outer loop
      vertex 121.9 36.1162 4
      vertex 120.341 34.602 4
      vertex 121.9 34.2794 4
    endloop
  endfacet
  facet normal -0 0 1
    outer loop
      vertex 119.939 34.4621 4
      vertex 121.9 34.2794 4
      vertex 120.341 34.602 4
    endloop
  endfacet
  facet normal -0 0 1
    outer loop
      vertex 119.537 34.3472 4
      vertex 121.9 34.2794 4
      vertex 119.939 34.4621 4
    endloop
  endfacet
  facet normal 0 0 1
    outer loop
      vertex 119.135 34.2571 4
      vertex 121.9 34.2794 4
      vertex 119.537 34.3472 4
    endloop
  endfacet
  facet normal 0 0 1
    outer loop
      vertex 118.733 34.1923 4
      vertex 121.9 34.2794 4
      vertex 119.135 34.2571 4
    endloop
  endfacet
  facet normal 0 0 1
    outer loop
      vertex 118.331 34.1535 4
      vertex 121.9 34.2794 4
      vertex 118.733 34.1923 4
    endloop
  endfacet
  facet normal 0 0 1
    outer loop
      vertex 127.975 34.1405 4
      vertex 118.331 34.1535 4
      vertex 200 14.4 4
    endloop
  endfacet
  facet normal -0 0 1
    outer loop
      vertex 117.929 34.1405 4
      vertex 200 14.4 4
      vertex 118.331 34.1535 4
    endloop
  endfacet
  facet normal 0 0 1
    outer loop
      vertex 113.815 34.2794 4
      vertex 117.929 34.1405 4
      vertex 117.039 34.222 4
    endloop
  endfacet
  facet normal 0 0 1
    outer loop
      vertex 113.815 34.2794 4
      vertex 114.886 36.9315 4
      vertex 113.815 41.6669 4
    endloop
  endfacet
  facet normal 0 0 1
    outer loop
      vertex 114.886 36.9315 4
      vertex 113.815 34.2794 4
      vertex 114.975 36.1143 4
    endloop
  endfacet
  facet normal 0 0 1
    outer loop
      vertex 113.815 34.2794 4
      vertex 115.242 35.4284 4
      vertex 114.975 36.1143 4
    endloop
  endfacet
  facet normal 0 0 1
    outer loop
      vertex 113.815 34.2794 4
      vertex 115.686 34.8738 4
      vertex 115.242 35.4284 4
    endloop
  endfacet
  facet normal 0 0 1
    outer loop
      vertex 113.815 34.2794 4
      vertex 116.291 34.4664 4
      vertex 115.686 34.8738 4
    endloop
  endfacet
  facet normal -0 0 1
    outer loop
      vertex 113.815 34.2794 4
      vertex 117.039 34.222 4
      vertex 116.291 34.4664 4
    endloop
  endfacet
  facet normal 0 0 1
    outer loop
      vertex 117.929 34.1405 4
      vertex 113.815 34.2794 4
      vertex 110.354 34.1405 4
    endloop
  endfacet
  facet normal 0 0 1
    outer loop
      vertex 110.71 34.1647 4
      vertex 113.815 34.2794 4
      vertex 112.106 34.2794 4
    endloop
  endfacet
  facet normal -0 0 1
    outer loop
      vertex 111.606 34.5316 4
      vertex 112.106 34.2794 4
      vertex 111.864 34.7606 4
    endloop
  endfacet
  facet normal -0 0 1
    outer loop
      vertex 111.332 34.3584 4
      vertex 112.106 34.2794 4
      vertex 111.606 34.5316 4
    endloop
  endfacet
  facet normal 0 0 1
    outer loop
      vertex 111.036 34.2374 4
      vertex 112.106 34.2794 4
      vertex 111.332 34.3584 4
    endloop
  endfacet
  facet normal 0 0 1
    outer loop
      vertex 110.71 34.1647 4
      vertex 112.106 34.2794 4
      vertex 111.036 34.2374 4
    endloop
  endfacet
  facet normal 0 0 1
    outer loop
      vertex 110.354 34.1405 4
      vertex 113.815 34.2794 4
      vertex 110.71 34.1647 4
    endloop
  endfacet
  facet normal 0 0 1
    outer loop
      vertex 117.929 34.1405 4
      vertex 110.354 34.1405 4
      vertex 200 14.4 4
    endloop
  endfacet
  facet normal 0 0 1
    outer loop
      vertex 107.061 34.2794 4
      vertex 110.354 34.1405 4
      vertex 109.738 34.2273 4
    endloop
  endfacet
  facet normal 0 0 1
    outer loop
      vertex 107.061 37.3089 4
      vertex 108.179 36.1618 4
      vertex 108.109 36.9315 4
    endloop
  endfacet
  facet normal 0 0 1
    outer loop
      vertex 107.061 34.2794 4
      vertex 108.179 36.1618 4
      vertex 107.061 37.3089 4
    endloop
  endfacet
  facet normal 0 0 1
    outer loop
      vertex 108.179 36.1618 4
      vertex 107.061 34.2794 4
      vertex 108.39 35.4917 4
    endloop
  endfacet
  facet normal 0 0 1
    outer loop
      vertex 108.39 35.4917 4
      vertex 107.061 34.2794 4
      vertex 108.74 34.9213 4
    endloop
  endfacet
  facet normal 0 0 1
    outer loop
      vertex 107.061 34.2794 4
      vertex 109.2 34.4875 4
      vertex 108.74 34.9213 4
    endloop
  endfacet
  facet normal -0 0 1
    outer loop
      vertex 107.061 34.2794 4
      vertex 109.738 34.2273 4
      vertex 109.2 34.4875 4
    endloop
  endfacet
  facet normal -0 0 1
    outer loop
      vertex 103.927 34.1651 4
      vertex 110.354 34.1405 4
      vertex 107.061 34.2794 4
    endloop
  endfacet
  facet normal 0 0 1
    outer loop
      vertex 103.927 34.1651 4
      vertex 107.061 34.2794 4
      vertex 105.348 34.2794 4
    endloop
  endfacet
  facet normal -0 0 1
    outer loop
      vertex 104.854 34.5384 4
      vertex 105.348 34.2794 4
      vertex 105.111 34.7738 4
    endloop
  endfacet
  facet normal -0 0 1
    outer loop
      vertex 104.579 34.3616 4
      vertex 105.348 34.2794 4
      vertex 104.854 34.5384 4
    endloop
  endfacet
  facet normal 0 0 1
    outer loop
      vertex 104.273 34.2388 4
      vertex 105.348 34.2794 4
      vertex 104.579 34.3616 4
    endloop
  endfacet
  facet normal 0 0 1
    outer loop
      vertex 103.927 34.1651 4
      vertex 105.348 34.2794 4
      vertex 104.273 34.2388 4
    endloop
  endfacet
  facet normal 0 0 1
    outer loop
      vertex 110.354 34.1405 4
      vertex 103.927 34.1651 4
      vertex 103.539 34.1405 4
    endloop
  endfacet
  facet normal 0 0 1
    outer loop
      vertex 110.354 34.1405 4
      vertex 103.539 34.1405 4
      vertex 200 14.4 4
    endloop
  endfacet
  facet normal 0 0 1
    outer loop
      vertex 99.0992 34.2794 4
      vertex 103.539 34.1405 4
      vertex 103.023 34.194 4
    endloop
  endfacet
  facet normal 0 0 1
    outer loop
      vertex 101.053 38.2617 4
      vertex 101.755 36.4399 4
      vertex 101.201 38.2098 4
    endloop
  endfacet
  facet normal 0 0 1
    outer loop
      vertex 100.905 38.3014 4
      vertex 101.755 36.4399 4
      vertex 101.053 38.2617 4
    endloop
  endfacet
  facet normal 0 0 1
    outer loop
      vertex 100.758 38.3293 4
      vertex 101.755 36.4399 4
      vertex 100.905 38.3014 4
    endloop
  endfacet
  facet normal 0 0 1
    outer loop
      vertex 101.755 36.4399 4
      vertex 99.0992 36.7272 4
      vertex 101.683 35.8722 4
    endloop
  endfacet
  facet normal 0 0 1
    outer loop
      vertex 100.61 38.3461 4
      vertex 101.755 36.4399 4
      vertex 100.758 38.3293 4
    endloop
  endfacet
  facet normal 0 0 1
    outer loop
      vertex 101.755 36.4399 4
      vertex 100.61 38.3461 4
      vertex 99.1385 37.2093 4
    endloop
  endfacet
  facet normal 0 0 1
    outer loop
      vertex 99.1385 37.2093 4
      vertex 100.61 38.3461 4
      vertex 100.462 38.3517 4
    endloop
  endfacet
  facet normal 0 0 1
    outer loop
      vertex 99.0992 34.2794 4
      vertex 101.683 35.8722 4
      vertex 99.0992 36.7272 4
    endloop
  endfacet
  facet normal 0 0 1
    outer loop
      vertex 99.2563 37.6107 4
      vertex 100.462 38.3517 4
      vertex 100.058 38.305 4
    endloop
  endfacet
  facet normal 0 0 1
    outer loop
      vertex 99.4528 37.9313 4
      vertex 100.058 38.305 4
      vertex 99.7221 38.1648 4
    endloop
  endfacet
  facet normal 0 0 1
    outer loop
      vertex 100.058 38.305 4
      vertex 99.4528 37.9313 4
      vertex 99.2563 37.6107 4
    endloop
  endfacet
  facet normal 0 0 1
    outer loop
      vertex 101.683 35.8722 4
      vertex 99.0992 34.2794 4
      vertex 101.741 35.3917 4
    endloop
  endfacet
  facet normal 0 0 1
    outer loop
      vertex 100.462 38.3517 4
      vertex 99.2563 37.6107 4
      vertex 99.1385 37.2093 4
    endloop
  endfacet
  facet normal 0 0 1
    outer loop
      vertex 101.755 36.4399 4
      vertex 99.1385 37.2093 4
      vertex 99.0992 36.7272 4
    endloop
  endfacet
  facet normal 0 0 1
    outer loop
      vertex 101.741 35.3917 4
      vertex 99.0992 34.2794 4
      vertex 101.912 34.975 4
    endloop
  endfacet
  facet normal 0 0 1
    outer loop
      vertex 101.912 34.975 4
      vertex 99.0992 34.2794 4
      vertex 102.198 34.622 4
    endloop
  endfacet
  facet normal 0 0 1
    outer loop
      vertex 102.198 34.622 4
      vertex 99.0992 34.2794 4
      vertex 102.576 34.3545 4
    endloop
  endfacet
  facet normal -0 0 1
    outer loop
      vertex 99.0992 34.2794 4
      vertex 103.023 34.194 4
      vertex 102.576 34.3545 4
    endloop
  endfacet
  facet normal 0 0 1
    outer loop
      vertex 103.539 34.1405 4
      vertex 99.0992 34.2794 4
      vertex 97.3998 34.2794 4
    endloop
  endfacet
  facet normal 0 0 1
    outer loop
      vertex 103.539 34.1405 4
      vertex 97.3998 34.2794 4
      vertex 0 14.4 4
    endloop
  endfacet
  facet normal 0 0 1
    outer loop
      vertex 97.3998 39.5971 4
      vertex 96.4688 38.383 4
      vertex 97.3998 34.2794 4
    endloop
  endfacet
  facet normal -0 0 1
    outer loop
      vertex 96.3217 35.4935 4
      vertex 97.3998 34.2794 4
      vertex 96.4688 38.383 4
    endloop
  endfacet
  facet normal 0 0 1
    outer loop
      vertex 96.3217 34.2794 4
      vertex 97.3998 34.2794 4
      vertex 96.3217 35.4935 4
    endloop
  endfacet
  facet normal 0 0 1
    outer loop
      vertex 0 14.4 4
      vertex 97.3998 34.2794 4
      vertex 96.3217 34.2794 4
    endloop
  endfacet
  facet normal 0 0 1
    outer loop
      vertex 0 14.4 4
      vertex 96.3217 34.2794 4
      vertex 94.8644 34.2794 4
    endloop
  endfacet
  facet normal 0 0 1
    outer loop
      vertex 85.9292 34.1923 4
      vertex 94.8644 34.2794 4
      vertex 94.2586 34.3261 4
    endloop
  endfacet
  facet normal 0 0 1
    outer loop
      vertex 93.0179 38.383 4
      vertex 91.6121 37.7693 4
      vertex 93.0179 36.1256 4
    endloop
  endfacet
  facet normal 0 0 1
    outer loop
      vertex 93.0179 36.1256 4
      vertex 91.6121 36.3895 4
      vertex 93.0645 35.5199 4
    endloop
  endfacet
  facet normal 0 0 1
    outer loop
      vertex 93.0179 36.1256 4
      vertex 91.6121 37.7693 4
      vertex 91.6121 36.3895 4
    endloop
  endfacet
  facet normal 0 0 1
    outer loop
      vertex 93.0645 35.5199 4
      vertex 91.6121 36.3895 4
      vertex 93.2046 35.0445 4
    endloop
  endfacet
  facet normal 0 0 1
    outer loop
      vertex 87.5368 34.602 4
      vertex 93.2046 35.0445 4
      vertex 91.6121 36.3895 4
    endloop
  endfacet
  facet normal 0 0 1
    outer loop
      vertex 87.5368 34.602 4
      vertex 91.6121 36.3895 4
      vertex 88.6311 36.3895 4
    endloop
  endfacet
  facet normal 0 0 1
    outer loop
      vertex 93.2046 35.0445 4
      vertex 87.5368 34.602 4
      vertex 93.4379 34.6994 4
    endloop
  endfacet
  facet normal -0 0 1
    outer loop
      vertex 87.7884 36.4656 4
      vertex 88.6311 36.3895 4
      vertex 87.7884 36.9495 4
    endloop
  endfacet
  facet normal 0 0 1
    outer loop
      vertex 87.5368 35.9101 4
      vertex 88.6311 36.3895 4
      vertex 87.7884 36.4656 4
    endloop
  endfacet
  facet normal 0 0 1
    outer loop
      vertex 88.6311 36.3895 4
      vertex 87.5368 35.9101 4
      vertex 87.5368 34.602 4
    endloop
  endfacet
  facet normal 0 0 1
    outer loop
      vertex 93.4379 34.6994 4
      vertex 87.5368 34.602 4
      vertex 93.7832 34.4661 4
    endloop
  endfacet
  facet normal 0 0 1
    outer loop
      vertex 87.1349 34.4621 4
      vertex 93.7832 34.4661 4
      vertex 87.5368 34.602 4
    endloop
  endfacet
  facet normal 0 0 1
    outer loop
      vertex 93.7832 34.4661 4
      vertex 87.1349 34.4621 4
      vertex 94.2586 34.3261 4
    endloop
  endfacet
  facet normal -0 0 1
    outer loop
      vertex 86.733 34.3472 4
      vertex 94.2586 34.3261 4
      vertex 87.1349 34.4621 4
    endloop
  endfacet
  facet normal 0 0 1
    outer loop
      vertex 86.3311 34.2571 4
      vertex 94.2586 34.3261 4
      vertex 86.733 34.3472 4
    endloop
  endfacet
  facet normal 0 0 1
    outer loop
      vertex 85.9292 34.1923 4
      vertex 94.2586 34.3261 4
      vertex 86.3311 34.2571 4
    endloop
  endfacet
  facet normal 0 0 1
    outer loop
      vertex 94.8644 34.2794 4
      vertex 85.9292 34.1923 4
      vertex 85.5273 34.1535 4
    endloop
  endfacet
  facet normal 0 0 1
    outer loop
      vertex 94.8644 34.2794 4
      vertex 85.5273 34.1535 4
      vertex 64.8026 32.2589 4
    endloop
  endfacet
  facet normal 0 0 1
    outer loop
      vertex 64.8026 32.2589 4
      vertex 85.5273 34.1535 4
      vertex 85.1254 34.1405 4
    endloop
  endfacet
  facet normal 0 0 1
    outer loop
      vertex 82.2561 34.2794 4
      vertex 85.1254 34.1405 4
      vertex 84.2348 34.222 4
    endloop
  endfacet
  facet normal 0 0 1
    outer loop
      vertex 82.2561 34.2794 4
      vertex 82.8825 34.8738 4
      vertex 82.4381 35.4284 4
    endloop
  endfacet
  facet normal 0 0 1
    outer loop
      vertex 82.2561 34.2794 4
      vertex 83.4872 34.4664 4
      vertex 82.8825 34.8738 4
    endloop
  endfacet
  facet normal -0 0 1
    outer loop
      vertex 82.2561 34.2794 4
      vertex 84.2348 34.222 4
      vertex 83.4872 34.4664 4
    endloop
  endfacet
  facet normal -0 0 1
    outer loop
      vertex 80.196 34.2794 4
      vertex 85.1254 34.1405 4
      vertex 82.2561 34.2794 4
    endloop
  endfacet
  facet normal 0 0 1
    outer loop
      vertex 85.1254 34.1405 4
      vertex 80.196 34.2794 4
      vertex 64.8026 32.2589 4
    endloop
  endfacet
  facet normal 0 0 1
    outer loop
      vertex 78.1216 34.2794 4
      vertex 80.196 34.2794 4
      vertex 78.1216 36.4967 4
    endloop
  endfacet
  facet normal 0 0 1
    outer loop
      vertex 64.8026 32.2589 4
      vertex 80.196 34.2794 4
      vertex 78.1216 34.2794 4
    endloop
  endfacet
  facet normal 0 0 1
    outer loop
      vertex 64.8026 32.2589 4
      vertex 78.1216 34.2794 4
      vertex 76.4222 34.2794 4
    endloop
  endfacet
  facet normal -0 0 1
    outer loop
      vertex 75.2585 36.1215 4
      vertex 76.4222 34.2794 4
      vertex 75.3442 36.9315 4
    endloop
  endfacet
  facet normal -0 0 1
    outer loop
      vertex 75.0013 35.4379 4
      vertex 76.4222 34.2794 4
      vertex 75.2585 36.1215 4
    endloop
  endfacet
  facet normal -0 0 1
    outer loop
      vertex 74.5728 34.881 4
      vertex 76.4222 34.2794 4
      vertex 75.0013 35.4379 4
    endloop
  endfacet
  facet normal -0 0 1
    outer loop
      vertex 73.9918 34.4696 4
      vertex 76.4222 34.2794 4
      vertex 74.5728 34.881 4
    endloop
  endfacet
  facet normal 0 0 1
    outer loop
      vertex 73.2774 34.2228 4
      vertex 76.4222 34.2794 4
      vertex 73.9918 34.4696 4
    endloop
  endfacet
  facet normal 0 0 1
    outer loop
      vertex 64.8026 32.2589 4
      vertex 76.4222 34.2794 4
      vertex 73.2774 34.2228 4
    endloop
  endfacet
  facet normal 0 0 1
    outer loop
      vertex 64.8026 32.2589 4
      vertex 73.2774 34.2228 4
      vertex 72.4296 34.1405 4
    endloop
  endfacet
  facet normal 0 0 1
    outer loop
      vertex 64.8026 32.2589 4
      vertex 72.4296 34.1405 4
      vertex 71.5786 34.2228 4
    endloop
  endfacet
  facet normal 0 0 1
    outer loop
      vertex 68.7388 36.1618 4
      vertex 69.5008 36.9315 4
      vertex 68.8089 36.9315 4
    endloop
  endfacet
  facet normal 0 0 1
    outer loop
      vertex 69.5008 36.9315 4
      vertex 68.7388 36.1618 4
      vertex 69.587 36.1215 4
    endloop
  endfacet
  facet normal 0 0 1
    outer loop
      vertex 68.5283 35.4917 4
      vertex 69.587 36.1215 4
      vertex 68.7388 36.1618 4
    endloop
  endfacet
  facet normal 0 0 1
    outer loop
      vertex 69.587 36.1215 4
      vertex 68.5283 35.4917 4
      vertex 69.8457 35.4379 4
    endloop
  endfacet
  facet normal 0 0 1
    outer loop
      vertex 68.1776 34.9213 4
      vertex 69.8457 35.4379 4
      vertex 68.5283 35.4917 4
    endloop
  endfacet
  facet normal 0 0 1
    outer loop
      vertex 69.8457 35.4379 4
      vertex 68.1776 34.9213 4
      vertex 70.2769 34.881 4
    endloop
  endfacet
  facet normal 0 0 1
    outer loop
      vertex 67.7177 34.4875 4
      vertex 70.2769 34.881 4
      vertex 68.1776 34.9213 4
    endloop
  endfacet
  facet normal 0 0 1
    outer loop
      vertex 70.2769 34.881 4
      vertex 67.7177 34.4875 4
      vertex 70.861 34.4696 4
    endloop
  endfacet
  facet normal 0 0 1
    outer loop
      vertex 67.1797 34.2273 4
      vertex 70.861 34.4696 4
      vertex 67.7177 34.4875 4
    endloop
  endfacet
  facet normal 0 0 1
    outer loop
      vertex 64.8026 32.2589 4
      vertex 70.861 34.4696 4
      vertex 67.1797 34.2273 4
    endloop
  endfacet
  facet normal 0 0 1
    outer loop
      vertex 70.861 34.4696 4
      vertex 64.8026 32.2589 4
      vertex 71.5786 34.2228 4
    endloop
  endfacet
  facet normal 0 0 1
    outer loop
      vertex 64.8026 32.2589 4
      vertex 67.1797 34.2273 4
      vertex 66.5636 34.1405 4
    endloop
  endfacet
  facet normal 0 0 1
    outer loop
      vertex 64.8026 32.2589 4
      vertex 66.5636 34.1405 4
      vertex 66.2076 34.165 4
    endloop
  endfacet
  facet normal 0 0 1
    outer loop
      vertex 64.8026 32.2589 4
      vertex 65.0452 34.763 4
      vertex 64.8026 35.0455 4
    endloop
  endfacet
  facet normal 0 0 1
    outer loop
      vertex 64.8026 32.2589 4
      vertex 65.3047 34.5348 4
      vertex 65.0452 34.763 4
    endloop
  endfacet
  facet normal 0 0 1
    outer loop
      vertex 64.8026 32.2589 4
      vertex 65.5811 34.3608 4
      vertex 65.3047 34.5348 4
    endloop
  endfacet
  facet normal 0 0 1
    outer loop
      vertex 64.8026 32.2589 4
      vertex 65.8801 34.2384 4
      vertex 65.5811 34.3608 4
    endloop
  endfacet
  facet normal 0 0 1
    outer loop
      vertex 64.8026 32.2589 4
      vertex 66.2076 34.165 4
      vertex 65.8801 34.2384 4
    endloop
  endfacet
  facet normal 0 0 1
    outer loop
      vertex 94.8644 34.2794 4
      vertex 64.8026 32.2589 4
      vertex 0 14.4 4
    endloop
  endfacet
  facet normal 0 0 1
    outer loop
      vertex 0 14.4 4
      vertex 64.8026 32.2589 4
      vertex 63.1032 32.2589 4
    endloop
  endfacet
  facet normal 0 0 1
    outer loop
      vertex 103.539 34.1405 4
      vertex 0 14.4 4
      vertex 200 14.4 4
    endloop
  endfacet
  facet normal 0 0 1
    outer loop
      vertex 63.1032 39.5971 4
      vertex 0 14.4 4
      vertex 63.1032 32.2589 4
    endloop
  endfacet
  facet normal -0 0 1
    outer loop
      vertex 0 168.4 4
      vertex 200 123.4 4
      vertex 200 168.4 4
    endloop
  endfacet
  facet normal 0 0 1
    outer loop
      vertex 200 123.4 4
      vertex 0 168.4 4
      vertex 0 123.4 4
    endloop
  endfacet
  facet normal -0 0 1
    outer loop
      vertex 0 11.4 4
      vertex 200 3 4
      vertex 200 11.4 4
    endloop
  endfacet
  facet normal 0 0 1
    outer loop
      vertex 200 3 4
      vertex 0 11.4 4
      vertex 0 3 4
    endloop
  endfacet
  facet normal -0 0 1
    outer loop
      vertex 0 179.8 4
      vertex 200 171.4 4
      vertex 200 179.8 4
    endloop
  endfacet
  facet normal 0 0 1
    outer loop
      vertex 200 171.4 4
      vertex 0 179.8 4
      vertex 0 171.4 4
    endloop
  endfacet
  facet normal 0 0 1
    outer loop
      vertex 64.8026 36.9338 4
      vertex 67.0526 36.9338 4
      vertex 67.0207 37.4 4
    endloop
  endfacet
  facet normal 0 0 1
    outer loop
      vertex 64.835 37.3976 4
      vertex 67.0207 37.4 4
      vertex 66.925 37.786 4
    endloop
  endfacet
  facet normal 0 0 1
    outer loop
      vertex 67.0526 36.9338 4
      vertex 64.8026 36.9338 4
      vertex 67.0207 36.4676 4
    endloop
  endfacet
  facet normal 0 0 1
    outer loop
      vertex 65.9323 38.4906 4
      vertex 66.925 37.786 4
      vertex 66.7654 38.0919 4
    endloop
  endfacet
  facet normal -0 -0 1
    outer loop
      vertex 64.835 36.47 4
      vertex 67.0207 36.4676 4
      vertex 64.8026 36.9338 4
    endloop
  endfacet
  facet normal 0 0 1
    outer loop
      vertex 66.2675 38.4463 4
      vertex 66.7654 38.0919 4
      vertex 66.5452 38.3134 4
    endloop
  endfacet
  facet normal 0 0 1
    outer loop
      vertex 67.0207 36.4676 4
      vertex 64.835 36.47 4
      vertex 66.925 36.0815 4
    endloop
  endfacet
  facet normal 0 0 1
    outer loop
      vertex 66.7654 38.0919 4
      vertex 66.2675 38.4463 4
      vertex 65.9323 38.4906 4
    endloop
  endfacet
  facet normal -0 -0 1
    outer loop
      vertex 64.9323 36.0847 4
      vertex 66.925 36.0815 4
      vertex 64.835 36.47 4
    endloop
  endfacet
  facet normal 0 0 1
    outer loop
      vertex 66.925 37.786 4
      vertex 65.9323 38.4906 4
      vertex 64.9323 37.7828 4
    endloop
  endfacet
  facet normal 0 -0 1
    outer loop
      vertex 65.9323 35.377 4
      vertex 66.925 36.0815 4
      vertex 64.9323 36.0847 4
    endloop
  endfacet
  facet normal 0 0 1
    outer loop
      vertex 65.0945 38.0895 4
      vertex 65.9323 38.4906 4
      vertex 65.5966 38.446 4
    endloop
  endfacet
  facet normal 0 0 1
    outer loop
      vertex 66.925 36.0815 4
      vertex 65.9323 35.377 4
      vertex 66.7654 35.7756 4
    endloop
  endfacet
  facet normal 0 0 1
    outer loop
      vertex 65.0945 38.0895 4
      vertex 65.5966 38.446 4
      vertex 65.3174 38.3123 4
    endloop
  endfacet
  facet normal 0 -0 1
    outer loop
      vertex 66.2675 35.4213 4
      vertex 66.7654 35.7756 4
      vertex 65.9323 35.377 4
    endloop
  endfacet
  facet normal 0 0 1
    outer loop
      vertex 65.9323 38.4906 4
      vertex 65.0945 38.0895 4
      vertex 64.9323 37.7828 4
    endloop
  endfacet
  facet normal 0 0 1
    outer loop
      vertex 66.7654 35.7756 4
      vertex 66.2675 35.4213 4
      vertex 66.5452 35.5542 4
    endloop
  endfacet
  facet normal 0 0 1
    outer loop
      vertex 66.925 37.786 4
      vertex 64.9323 37.7828 4
      vertex 64.835 37.3976 4
    endloop
  endfacet
  facet normal -0 -0 1
    outer loop
      vertex 65.0945 35.778 4
      vertex 65.9323 35.377 4
      vertex 64.9323 36.0847 4
    endloop
  endfacet
  facet normal 0 0 1
    outer loop
      vertex 67.0207 37.4 4
      vertex 64.835 37.3976 4
      vertex 64.8026 36.9338 4
    endloop
  endfacet
  facet normal 0 0 1
    outer loop
      vertex 65.9323 35.377 4
      vertex 65.0945 35.778 4
      vertex 65.5966 35.4215 4
    endloop
  endfacet
  facet normal 0 0 1
    outer loop
      vertex 65.5966 35.4215 4
      vertex 65.0945 35.778 4
      vertex 65.3174 35.5552 4
    endloop
  endfacet
  facet normal 0 0 1
    outer loop
      vertex 71.2713 36.9315 4
      vertex 73.5736 36.9315 4
      vertex 73.5409 37.4015 4
    endloop
  endfacet
  facet normal 0 0 1
    outer loop
      vertex 71.3043 37.4015 4
      vertex 73.5409 37.4015 4
      vertex 73.4428 37.7918 4
    endloop
  endfacet
  facet normal 0 0 1
    outer loop
      vertex 73.5736 36.9315 4
      vertex 71.2713 36.9315 4
      vertex 73.5409 36.4616 4
    endloop
  endfacet
  facet normal 0 0 1
    outer loop
      vertex 72.4296 38.5085 4
      vertex 73.4428 37.7918 4
      vertex 73.2792 38.1023 4
    endloop
  endfacet
  facet normal 0 -0 1
    outer loop
      vertex 71.3043 36.4616 4
      vertex 73.5409 36.4616 4
      vertex 71.2713 36.9315 4
    endloop
  endfacet
  facet normal 0 0 1
    outer loop
      vertex 72.7708 38.4634 4
      vertex 73.2792 38.1023 4
      vertex 73.054 38.328 4
    endloop
  endfacet
  facet normal 0 0 1
    outer loop
      vertex 73.5409 36.4616 4
      vertex 71.3043 36.4616 4
      vertex 73.4428 36.0713 4
    endloop
  endfacet
  facet normal 0 0 1
    outer loop
      vertex 73.2792 38.1023 4
      vertex 72.7708 38.4634 4
      vertex 72.4296 38.5085 4
    endloop
  endfacet
  facet normal 0 -0 1
    outer loop
      vertex 71.4032 36.0713 4
      vertex 73.4428 36.0713 4
      vertex 71.3043 36.4616 4
    endloop
  endfacet
  facet normal 0 0 1
    outer loop
      vertex 73.4428 37.7918 4
      vertex 72.4296 38.5085 4
      vertex 71.4032 37.7918 4
    endloop
  endfacet
  facet normal 0 -0 1
    outer loop
      vertex 72.4296 35.3546 4
      vertex 73.4428 36.0713 4
      vertex 71.4032 36.0713 4
    endloop
  endfacet
  facet normal 0 0 1
    outer loop
      vertex 71.4032 37.7918 4
      vertex 72.4296 38.5085 4
      vertex 72.0828 38.4634 4
    endloop
  endfacet
  facet normal 0 0 1
    outer loop
      vertex 73.4428 36.0713 4
      vertex 72.4296 35.3546 4
      vertex 73.2792 35.7607 4
    endloop
  endfacet
  facet normal 0 0 1
    outer loop
      vertex 71.568 38.1023 4
      vertex 72.0828 38.4634 4
      vertex 71.7956 38.328 4
    endloop
  endfacet
  facet normal 0 -0 1
    outer loop
      vertex 72.7708 35.3997 4
      vertex 73.2792 35.7607 4
      vertex 72.4296 35.3546 4
    endloop
  endfacet
  facet normal 0 0 1
    outer loop
      vertex 72.0828 38.4634 4
      vertex 71.568 38.1023 4
      vertex 71.4032 37.7918 4
    endloop
  endfacet
  facet normal 0 0 1
    outer loop
      vertex 73.2792 35.7607 4
      vertex 72.7708 35.3997 4
      vertex 73.054 35.5351 4
    endloop
  endfacet
  facet normal 0 0 1
    outer loop
      vertex 73.4428 37.7918 4
      vertex 71.4032 37.7918 4
      vertex 71.3043 37.4015 4
    endloop
  endfacet
  facet normal 0 0 1
    outer loop
      vertex 72.4296 35.3546 4
      vertex 71.4032 36.0713 4
      vertex 72.0828 35.3997 4
    endloop
  endfacet
  facet normal 0 0 1
    outer loop
      vertex 73.5409 37.4015 4
      vertex 71.3043 37.4015 4
      vertex 71.2713 36.9315 4
    endloop
  endfacet
  facet normal -0 -0 1
    outer loop
      vertex 71.568 35.7607 4
      vertex 72.0828 35.3997 4
      vertex 71.4032 36.0713 4
    endloop
  endfacet
  facet normal 0 0 1
    outer loop
      vertex 72.0828 35.3997 4
      vertex 71.568 35.7607 4
      vertex 71.7956 35.5351 4
    endloop
  endfacet
  facet normal 0 0 1
    outer loop
      vertex 85.0209 38.5936 4
      vertex 86.0101 37.8165 4
      vertex 85.916 38.0773 4
    endloop
  endfacet
  facet normal 0 0 1
    outer loop
      vertex 85.3055 38.5606 4
      vertex 85.916 38.0773 4
      vertex 85.759 38.2963 4
    endloop
  endfacet
  facet normal 0 0 1
    outer loop
      vertex 85.3055 38.5606 4
      vertex 85.759 38.2963 4
      vertex 85.5515 38.4615 4
    endloop
  endfacet
  facet normal 0 0 1
    outer loop
      vertex 85.0209 38.5936 4
      vertex 85.916 38.0773 4
      vertex 85.3055 38.5606 4
    endloop
  endfacet
  facet normal 0 0 1
    outer loop
      vertex 86.0101 37.8165 4
      vertex 85.0209 38.5936 4
      vertex 86.0415 37.5139 4
    endloop
  endfacet
  facet normal -0 0 1
    outer loop
      vertex 84.7124 38.5627 4
      vertex 86.0415 37.5139 4
      vertex 85.0209 38.5936 4
    endloop
  endfacet
  facet normal 0 0 1
    outer loop
      vertex 84.0388 38.1026 4
      vertex 84.7124 38.5627 4
      vertex 84.445 38.4699 4
    endloop
  endfacet
  facet normal 0 0 1
    outer loop
      vertex 84.0388 38.1026 4
      vertex 84.445 38.4699 4
      vertex 84.2187 38.3154 4
    endloop
  endfacet
  facet normal 0 0 1
    outer loop
      vertex 84.7124 38.5627 4
      vertex 84.0388 38.1026 4
      vertex 86.0415 37.5139 4
    endloop
  endfacet
  facet normal -0 0 1
    outer loop
      vertex 83.9107 37.8355 4
      vertex 86.0415 37.5139 4
      vertex 84.0388 38.1026 4
    endloop
  endfacet
  facet normal 0 0 1
    outer loop
      vertex 86.0415 37.5139 4
      vertex 83.9107 37.8355 4
      vertex 83.8342 37.5139 4
    endloop
  endfacet
  facet normal -0 0 1
    outer loop
      vertex 104.465 36.6672 4
      vertex 105.348 36.473 4
      vertex 105.348 36.6672 4
    endloop
  endfacet
  facet normal 0 0 1
    outer loop
      vertex 105.348 36.473 4
      vertex 104.465 36.6672 4
      vertex 105.312 36.1479 4
    endloop
  endfacet
  facet normal 0 0 1
    outer loop
      vertex 105.312 36.1479 4
      vertex 104.465 36.6672 4
      vertex 105.202 35.8612 4
    endloop
  endfacet
  facet normal 0 0 1
    outer loop
      vertex 105.202 35.8612 4
      vertex 104.465 36.6672 4
      vertex 105.02 35.613 4
    endloop
  endfacet
  facet normal 0 0 1
    outer loop
      vertex 105.02 35.613 4
      vertex 104.465 36.6672 4
      vertex 104.785 35.4221 4
    endloop
  endfacet
  facet normal 0 0 1
    outer loop
      vertex 104.785 35.4221 4
      vertex 104.465 36.6672 4
      vertex 104.516 35.3076 4
    endloop
  endfacet
  facet normal -0 0 1
    outer loop
      vertex 104.14 36.6472 4
      vertex 104.516 35.3076 4
      vertex 104.465 36.6672 4
    endloop
  endfacet
  facet normal 0 0 1
    outer loop
      vertex 104.516 35.3076 4
      vertex 104.14 36.6472 4
      vertex 104.213 35.2695 4
    endloop
  endfacet
  facet normal 0 0 1
    outer loop
      vertex 104.14 36.6472 4
      vertex 103.976 35.2897 4
      vertex 104.213 35.2695 4
    endloop
  endfacet
  facet normal -0 0 1
    outer loop
      vertex 103.873 36.5872 4
      vertex 103.976 35.2897 4
      vertex 104.14 36.6472 4
    endloop
  endfacet
  facet normal 0 0 1
    outer loop
      vertex 103.873 36.5872 4
      vertex 103.776 35.3505 4
      vertex 103.976 35.2897 4
    endloop
  endfacet
  facet normal 0 0 1
    outer loop
      vertex 103.397 35.9565 4
      vertex 103.873 36.5872 4
      vertex 103.665 36.4872 4
    endloop
  endfacet
  facet normal 0 0 1
    outer loop
      vertex 103.873 36.5872 4
      vertex 103.397 35.9565 4
      vertex 103.776 35.3505 4
    endloop
  endfacet
  facet normal 0 0 1
    outer loop
      vertex 103.427 36.1713 4
      vertex 103.665 36.4872 4
      vertex 103.516 36.3482 4
    endloop
  endfacet
  facet normal -0 -0 1
    outer loop
      vertex 103.421 35.7572 4
      vertex 103.776 35.3505 4
      vertex 103.397 35.9565 4
    endloop
  endfacet
  facet normal 0 0 1
    outer loop
      vertex 103.665 36.4872 4
      vertex 103.427 36.1713 4
      vertex 103.397 35.9565 4
    endloop
  endfacet
  facet normal 0 0 1
    outer loop
      vertex 103.776 35.3505 4
      vertex 103.421 35.7572 4
      vertex 103.613 35.4519 4
    endloop
  endfacet
  facet normal 0 0 1
    outer loop
      vertex 103.613 35.4519 4
      vertex 103.421 35.7572 4
      vertex 103.493 35.589 4
    endloop
  endfacet
  facet normal 0 0 1
    outer loop
      vertex 109.87 36.9338 4
      vertex 112.106 36.9338 4
      vertex 112.074 37.4 4
    endloop
  endfacet
  facet normal 0 0 1
    outer loop
      vertex 109.902 37.4 4
      vertex 112.074 37.4 4
      vertex 111.978 37.786 4
    endloop
  endfacet
  facet normal 0 0 1
    outer loop
      vertex 112.106 36.9338 4
      vertex 109.87 36.9338 4
      vertex 112.074 36.4676 4
    endloop
  endfacet
  facet normal 0 0 1
    outer loop
      vertex 110.986 38.4906 4
      vertex 111.978 37.786 4
      vertex 111.819 38.0919 4
    endloop
  endfacet
  facet normal 0 -0 1
    outer loop
      vertex 109.902 36.4676 4
      vertex 112.074 36.4676 4
      vertex 109.87 36.9338 4
    endloop
  endfacet
  facet normal 0 0 1
    outer loop
      vertex 111.321 38.4463 4
      vertex 111.819 38.0919 4
      vertex 111.599 38.3134 4
    endloop
  endfacet
  facet normal 0 0 1
    outer loop
      vertex 112.074 36.4676 4
      vertex 109.902 36.4676 4
      vertex 111.978 36.0815 4
    endloop
  endfacet
  facet normal 0 0 1
    outer loop
      vertex 111.819 38.0919 4
      vertex 111.321 38.4463 4
      vertex 110.986 38.4906 4
    endloop
  endfacet
  facet normal 0 -0 1
    outer loop
      vertex 109.998 36.0815 4
      vertex 111.978 36.0815 4
      vertex 109.902 36.4676 4
    endloop
  endfacet
  facet normal 0 0 1
    outer loop
      vertex 111.978 37.786 4
      vertex 110.986 38.4906 4
      vertex 109.998 37.786 4
    endloop
  endfacet
  facet normal 0 -0 1
    outer loop
      vertex 110.986 35.377 4
      vertex 111.978 36.0815 4
      vertex 109.998 36.0815 4
    endloop
  endfacet
  facet normal 0 0 1
    outer loop
      vertex 110.157 38.0919 4
      vertex 110.986 38.4906 4
      vertex 110.653 38.4463 4
    endloop
  endfacet
  facet normal 0 0 1
    outer loop
      vertex 111.978 36.0815 4
      vertex 110.986 35.377 4
      vertex 111.819 35.7756 4
    endloop
  endfacet
  facet normal 0 0 1
    outer loop
      vertex 110.157 38.0919 4
      vertex 110.653 38.4463 4
      vertex 110.377 38.3134 4
    endloop
  endfacet
  facet normal 0 -0 1
    outer loop
      vertex 111.321 35.4213 4
      vertex 111.819 35.7756 4
      vertex 110.986 35.377 4
    endloop
  endfacet
  facet normal 0 0 1
    outer loop
      vertex 110.986 38.4906 4
      vertex 110.157 38.0919 4
      vertex 109.998 37.786 4
    endloop
  endfacet
  facet normal 0 0 1
    outer loop
      vertex 111.819 35.7756 4
      vertex 111.321 35.4213 4
      vertex 111.599 35.5542 4
    endloop
  endfacet
  facet normal 0 0 1
    outer loop
      vertex 111.978 37.786 4
      vertex 109.998 37.786 4
      vertex 109.902 37.4 4
    endloop
  endfacet
  facet normal -0 -0 1
    outer loop
      vertex 110.157 35.7756 4
      vertex 110.986 35.377 4
      vertex 109.998 36.0815 4
    endloop
  endfacet
  facet normal 0 0 1
    outer loop
      vertex 112.074 37.4 4
      vertex 109.902 37.4 4
      vertex 109.87 36.9338 4
    endloop
  endfacet
  facet normal 0 0 1
    outer loop
      vertex 110.986 35.377 4
      vertex 110.157 35.7756 4
      vertex 110.653 35.4213 4
    endloop
  endfacet
  facet normal 0 0 1
    outer loop
      vertex 110.653 35.4213 4
      vertex 110.157 35.7756 4
      vertex 110.377 35.5542 4
    endloop
  endfacet
  facet normal 0 0 1
    outer loop
      vertex 117.825 38.5936 4
      vertex 118.814 37.8165 4
      vertex 118.72 38.0773 4
    endloop
  endfacet
  facet normal 0 0 1
    outer loop
      vertex 118.109 38.5606 4
      vertex 118.72 38.0773 4
      vertex 118.563 38.2963 4
    endloop
  endfacet
  facet normal 0 0 1
    outer loop
      vertex 118.109 38.5606 4
      vertex 118.563 38.2963 4
      vertex 118.355 38.4615 4
    endloop
  endfacet
  facet normal 0 0 1
    outer loop
      vertex 117.825 38.5936 4
      vertex 118.72 38.0773 4
      vertex 118.109 38.5606 4
    endloop
  endfacet
  facet normal 0 0 1
    outer loop
      vertex 118.814 37.8165 4
      vertex 117.825 38.5936 4
      vertex 118.845 37.5139 4
    endloop
  endfacet
  facet normal -0 0 1
    outer loop
      vertex 117.516 38.5627 4
      vertex 118.845 37.5139 4
      vertex 117.825 38.5936 4
    endloop
  endfacet
  facet normal 0 0 1
    outer loop
      vertex 116.843 38.1026 4
      vertex 117.516 38.5627 4
      vertex 117.249 38.4699 4
    endloop
  endfacet
  facet normal 0 0 1
    outer loop
      vertex 116.843 38.1026 4
      vertex 117.249 38.4699 4
      vertex 117.023 38.3154 4
    endloop
  endfacet
  facet normal 0 0 1
    outer loop
      vertex 117.516 38.5627 4
      vertex 116.843 38.1026 4
      vertex 118.845 37.5139 4
    endloop
  endfacet
  facet normal -0 0 1
    outer loop
      vertex 116.714 37.8355 4
      vertex 118.845 37.5139 4
      vertex 116.843 38.1026 4
    endloop
  endfacet
  facet normal 0 0 1
    outer loop
      vertex 118.845 37.5139 4
      vertex 116.714 37.8355 4
      vertex 116.638 37.5139 4
    endloop
  endfacet
  facet normal 0 0 1
    outer loop
      vertex 127.871 38.5936 4
      vertex 128.86 37.8165 4
      vertex 128.766 38.0773 4
    endloop
  endfacet
  facet normal 0 0 1
    outer loop
      vertex 128.155 38.5606 4
      vertex 128.766 38.0773 4
      vertex 128.609 38.2963 4
    endloop
  endfacet
  facet normal 0 0 1
    outer loop
      vertex 128.155 38.5606 4
      vertex 128.609 38.2963 4
      vertex 128.401 38.4615 4
    endloop
  endfacet
  facet normal 0 0 1
    outer loop
      vertex 127.871 38.5936 4
      vertex 128.766 38.0773 4
      vertex 128.155 38.5606 4
    endloop
  endfacet
  facet normal 0 0 1
    outer loop
      vertex 128.86 37.8165 4
      vertex 127.871 38.5936 4
      vertex 128.891 37.5139 4
    endloop
  endfacet
  facet normal -0 0 1
    outer loop
      vertex 127.562 38.5627 4
      vertex 128.891 37.5139 4
      vertex 127.871 38.5936 4
    endloop
  endfacet
  facet normal 0 0 1
    outer loop
      vertex 126.889 38.1026 4
      vertex 127.562 38.5627 4
      vertex 127.295 38.4699 4
    endloop
  endfacet
  facet normal 0 0 1
    outer loop
      vertex 126.889 38.1026 4
      vertex 127.295 38.4699 4
      vertex 127.069 38.3154 4
    endloop
  endfacet
  facet normal 0 0 1
    outer loop
      vertex 127.562 38.5627 4
      vertex 126.889 38.1026 4
      vertex 128.891 37.5139 4
    endloop
  endfacet
  facet normal -0 0 1
    outer loop
      vertex 126.761 37.8355 4
      vertex 128.891 37.5139 4
      vertex 126.889 38.1026 4
    endloop
  endfacet
  facet normal 0 0 1
    outer loop
      vertex 128.891 37.5139 4
      vertex 126.761 37.8355 4
      vertex 126.684 37.5139 4
    endloop
  endfacet
  facet normal -1 0 0
    outer loop
      vertex 0 65.4 0
      vertex 0 63.4 4
      vertex 0 65.4 4
    endloop
  endfacet
  facet normal -1 0 0
    outer loop
      vertex 0 63.4 4
      vertex 0 59.4 4
      vertex 0 63.4 10
    endloop
  endfacet
  facet normal -1 0 0
    outer loop
      vertex 0 65.4 0
      vertex 0 59.4 4
      vertex 0 63.4 4
    endloop
  endfacet
  facet normal -1 0 0
    outer loop
      vertex 0 65.4 0
      vertex 0 14.4 4
      vertex 0 59.4 4
    endloop
  endfacet
  facet normal -1 0 0
    outer loop
      vertex 0 14.4 4
      vertex 0 11.4 4
      vertex 0 14.4 12
    endloop
  endfacet
  facet normal -1 0 0
    outer loop
      vertex 0 0 0
      vertex 0 14.4 4
      vertex 0 65.4 0
    endloop
  endfacet
  facet normal -1 -0 0
    outer loop
      vertex 0 14.4 4
      vertex 0 0 0
      vertex 0 11.4 4
    endloop
  endfacet
  facet normal -1 -0 0
    outer loop
      vertex 0 11.4 4
      vertex 0 0 0
      vertex 0 3 4
    endloop
  endfacet
  facet normal -1 0 0
    outer loop
      vertex 0 0 12
      vertex 0 3 4
      vertex 0 0 0
    endloop
  endfacet
  facet normal -1 0 0
    outer loop
      vertex 0 3 4
      vertex 0 0 12
      vertex 0 3 12
    endloop
  endfacet
  facet normal -1 -0 0
    outer loop
      vertex 0 63.4 10
      vertex 0 59.4 4
      vertex 0 59.4 10
    endloop
  endfacet
  facet normal -1 -0 0
    outer loop
      vertex 0 14.4 12
      vertex 0 11.4 4
      vertex 0 11.4 12
    endloop
  endfacet
  facet normal -1 0 0
    outer loop
      vertex 0 182.8 0
      vertex 0 179.8 4
      vertex 0 182.8 12
    endloop
  endfacet
  facet normal -1 0 0
    outer loop
      vertex 0 182.8 0
      vertex 0 171.4 4
      vertex 0 179.8 4
    endloop
  endfacet
  facet normal -1 0 0
    outer loop
      vertex 0 171.4 4
      vertex 0 168.4 4
      vertex 0 171.4 12
    endloop
  endfacet
  facet normal -1 0 0
    outer loop
      vertex 0 182.8 0
      vertex 0 168.4 4
      vertex 0 171.4 4
    endloop
  endfacet
  facet normal -1 0 0
    outer loop
      vertex 0 117.4 0
      vertex 0 168.4 4
      vertex 0 182.8 0
    endloop
  endfacet
  facet normal -1 0 0
    outer loop
      vertex 0 123.4 4
      vertex 0 119.4 4
      vertex 0 123.4 10
    endloop
  endfacet
  facet normal -1 -0 0
    outer loop
      vertex 0 168.4 4
      vertex 0 117.4 0
      vertex 0 123.4 4
    endloop
  endfacet
  facet normal -1 -0 0
    outer loop
      vertex 0 123.4 4
      vertex 0 117.4 0
      vertex 0 119.4 4
    endloop
  endfacet
  facet normal -1 -0 0
    outer loop
      vertex 0 119.4 4
      vertex 0 117.4 0
      vertex 0 117.4 4
    endloop
  endfacet
  facet normal -1 -0 0
    outer loop
      vertex 0 182.8 12
      vertex 0 179.8 4
      vertex 0 179.8 12
    endloop
  endfacet
  facet normal -1 -0 0
    outer loop
      vertex 0 171.4 12
      vertex 0 168.4 4
      vertex 0 168.4 12
    endloop
  endfacet
  facet normal -1 -0 0
    outer loop
      vertex 0 123.4 10
      vertex 0 119.4 4
      vertex 0 119.4 10
    endloop
  endfacet
  facet normal 0 1 -0
    outer loop
      vertex 200 3 4
      vertex 0 3 12
      vertex 200 3 12
    endloop
  endfacet
  facet normal 0 1 0
    outer loop
      vertex 0 3 12
      vertex 200 3 4
      vertex 0 3 4
    endloop
  endfacet
  facet normal 0 -1 0
    outer loop
      vertex 0 0 12
      vertex 99.4 0 0.599999
      vertex 200 0 12
    endloop
  endfacet
  facet normal 0 -1 0
    outer loop
      vertex 0 0 0
      vertex 99.4 0 0.599999
      vertex 0 0 12
    endloop
  endfacet
  facet normal 0 -1 -0
    outer loop
      vertex 99.4 0 0.599999
      vertex 0 0 0
      vertex 99.4 0 0
    endloop
  endfacet
  facet normal 0 -1 0
    outer loop
      vertex 100.6 0 0.599999
      vertex 200 0 12
      vertex 99.4 0 0.599999
    endloop
  endfacet
  facet normal 0 -1 0
    outer loop
      vertex 200 0 0
      vertex 100.6 0 0.599999
      vertex 100.6 0 0
    endloop
  endfacet
  facet normal 0 -1 0
    outer loop
      vertex 100.6 0 0.599999
      vertex 200 0 0
      vertex 200 0 12
    endloop
  endfacet
  facet normal -0 0 1
    outer loop
      vertex 0 14.4 12
      vertex 200 11.4 12
      vertex 200 14.4 12
    endloop
  endfacet
  facet normal 0 0 1
    outer loop
      vertex 200 11.4 12
      vertex 0 14.4 12
      vertex 0 11.4 12
    endloop
  endfacet
  facet normal 0 1 -0
    outer loop
      vertex 200 14.4 4
      vertex 0 14.4 12
      vertex 200 14.4 12
    endloop
  endfacet
  facet normal 0 1 0
    outer loop
      vertex 0 14.4 12
      vertex 200 14.4 4
      vertex 0 14.4 4
    endloop
  endfacet
  facet normal 0 -1 0
    outer loop
      vertex 0 11.4 4
      vertex 200 11.4 12
      vertex 0 11.4 12
    endloop
  endfacet
  facet normal 0 -1 -0
    outer loop
      vertex 200 11.4 12
      vertex 0 11.4 4
      vertex 200 11.4 4
    endloop
  endfacet
  facet normal -0 0 1
    outer loop
      vertex 0 171.4 12
      vertex 200 168.4 12
      vertex 200 171.4 12
    endloop
  endfacet
  facet normal 0 0 1
    outer loop
      vertex 200 168.4 12
      vertex 0 171.4 12
      vertex 0 168.4 12
    endloop
  endfacet
  facet normal 0 1 -0
    outer loop
      vertex 200 171.4 4
      vertex 0 171.4 12
      vertex 200 171.4 12
    endloop
  endfacet
  facet normal 0 1 0
    outer loop
      vertex 0 171.4 12
      vertex 200 171.4 4
      vertex 0 171.4 4
    endloop
  endfacet
  facet normal 0 -1 0
    outer loop
      vertex 0 168.4 4
      vertex 200 168.4 12
      vertex 0 168.4 12
    endloop
  endfacet
  facet normal 0 -1 -0
    outer loop
      vertex 200 168.4 12
      vertex 0 168.4 4
      vertex 200 168.4 4
    endloop
  endfacet
  facet normal -0 0 1
    outer loop
      vertex 0 182.8 12
      vertex 200 179.8 12
      vertex 200 182.8 12
    endloop
  endfacet
  facet normal 0 0 1
    outer loop
      vertex 200 179.8 12
      vertex 0 182.8 12
      vertex 0 179.8 12
    endloop
  endfacet
  facet normal 0 1 0
    outer loop
      vertex 200 182.8 12
      vertex 100.6 182.8 0.599999
      vertex 0 182.8 12
    endloop
  endfacet
  facet normal 0 1 -0
    outer loop
      vertex 200 182.8 0
      vertex 100.6 182.8 0.599999
      vertex 200 182.8 12
    endloop
  endfacet
  facet normal 0 1 0
    outer loop
      vertex 100.6 182.8 0.599999
      vertex 200 182.8 0
      vertex 100.6 182.8 0
    endloop
  endfacet
  facet normal 0 1 -0
    outer loop
      vertex 99.4 182.8 0.599999
      vertex 0 182.8 12
      vertex 100.6 182.8 0.599999
    endloop
  endfacet
  facet normal 0 1 0
    outer loop
      vertex 0 182.8 0
      vertex 99.4 182.8 0.599999
      vertex 99.4 182.8 0
    endloop
  endfacet
  facet normal 0 1 0
    outer loop
      vertex 99.4 182.8 0.599999
      vertex 0 182.8 0
      vertex 0 182.8 12
    endloop
  endfacet
  facet normal 0 -1 0
    outer loop
      vertex 0 179.8 4
      vertex 200 179.8 12
      vertex 0 179.8 12
    endloop
  endfacet
  facet normal 0 -1 -0
    outer loop
      vertex 200 179.8 12
      vertex 0 179.8 4
      vertex 200 179.8 4
    endloop
  endfacet
  facet normal -0 0 1
    outer loop
      vertex 0 63.4 10
      vertex 200 59.4 10
      vertex 200 63.4 10
    endloop
  endfacet
  facet normal 0 0 1
    outer loop
      vertex 200 59.4 10
      vertex 0 63.4 10
      vertex 0 59.4 10
    endloop
  endfacet
  facet normal 0 1 -0
    outer loop
      vertex 200 63.4 4
      vertex 0 63.4 10
      vertex 200 63.4 10
    endloop
  endfacet
  facet normal 0 1 0
    outer loop
      vertex 0 63.4 10
      vertex 200 63.4 4
      vertex 0 63.4 4
    endloop
  endfacet
  facet normal 0 -1 0
    outer loop
      vertex 0 59.4 4
      vertex 200 59.4 10
      vertex 0 59.4 10
    endloop
  endfacet
  facet normal 0 -1 -0
    outer loop
      vertex 200 59.4 10
      vertex 0 59.4 4
      vertex 200 59.4 4
    endloop
  endfacet
  facet normal -0 0 1
    outer loop
      vertex 0 123.4 10
      vertex 200 119.4 10
      vertex 200 123.4 10
    endloop
  endfacet
  facet normal 0 0 1
    outer loop
      vertex 200 119.4 10
      vertex 0 123.4 10
      vertex 0 119.4 10
    endloop
  endfacet
  facet normal 0 1 -0
    outer loop
      vertex 200 123.4 4
      vertex 0 123.4 10
      vertex 200 123.4 10
    endloop
  endfacet
  facet normal 0 1 0
    outer loop
      vertex 0 123.4 10
      vertex 200 123.4 4
      vertex 0 123.4 4
    endloop
  endfacet
  facet normal 0 -1 0
    outer loop
      vertex 0 119.4 4
      vertex 200 119.4 10
      vertex 0 119.4 10
    endloop
  endfacet
  facet normal 0 -1 -0
    outer loop
      vertex 200 119.4 10
      vertex 0 119.4 4
      vertex 200 119.4 4
    endloop
  endfacet
  facet normal 0 0 -1
    outer loop
      vertex 99.4 0 0
      vertex 0 0 0
      vertex 99.4 1.2 0
    endloop
  endfacet
  facet normal 0 0 -1
    outer loop
      vertex 135 117.4 0
      vertex 99.4 181.6 0
      vertex 100.6 181.6 0
    endloop
  endfacet
  facet normal 0 0 -1
    outer loop
      vertex 0 117.4 0
      vertex 99.4 181.6 0
      vertex 135 117.4 0
    endloop
  endfacet
  facet normal 0 0 -1
    outer loop
      vertex 0 182.8 0
      vertex 99.4 181.6 0
      vertex 0 117.4 0
    endloop
  endfacet
  facet normal 0 0 -1
    outer loop
      vertex 99.4 181.6 0
      vertex 0 182.8 0
      vertex 99.4 182.8 0
    endloop
  endfacet
  facet normal 0 0 -1
    outer loop
      vertex 200 0 0
      vertex 161 91.4 0
      vertex 200 182.8 0
    endloop
  endfacet
  facet normal 0 0 -1
    outer loop
      vertex 200 0 0
      vertex 160.875 88.8516 0
      vertex 161 91.4 0
    endloop
  endfacet
  facet normal 0 0 -1
    outer loop
      vertex 200 0 0
      vertex 160.5 86.3277 0
      vertex 160.875 88.8516 0
    endloop
  endfacet
  facet normal 0 0 -1
    outer loop
      vertex 200 0 0
      vertex 159.88 83.8526 0
      vertex 160.5 86.3277 0
    endloop
  endfacet
  facet normal 0 0 -1
    outer loop
      vertex 200 0 0
      vertex 159.021 81.4502 0
      vertex 159.88 83.8526 0
    endloop
  endfacet
  facet normal 0 0 -1
    outer loop
      vertex 200 0 0
      vertex 157.93 79.1437 0
      vertex 159.021 81.4502 0
    endloop
  endfacet
  facet normal 0 0 -1
    outer loop
      vertex 200 0 0
      vertex 156.618 76.9552 0
      vertex 157.93 79.1437 0
    endloop
  endfacet
  facet normal 0 0 -1
    outer loop
      vertex 200 0 0
      vertex 155.098 74.9058 0
      vertex 156.618 76.9552 0
    endloop
  endfacet
  facet normal 0 0 -1
    outer loop
      vertex 200 0 0
      vertex 153.385 73.0152 0
      vertex 155.098 74.9058 0
    endloop
  endfacet
  facet normal 0 0 -1
    outer loop
      vertex 200 0 0
      vertex 151.494 71.3017 0
      vertex 153.385 73.0152 0
    endloop
  endfacet
  facet normal 0 0 -1
    outer loop
      vertex 200 0 0
      vertex 149.445 69.7818 0
      vertex 151.494 71.3017 0
    endloop
  endfacet
  facet normal 0 0 -1
    outer loop
      vertex 200 0 0
      vertex 147.256 68.47 0
      vertex 149.445 69.7818 0
    endloop
  endfacet
  facet normal 0 0 -1
    outer loop
      vertex 200 0 0
      vertex 144.95 67.3791 0
      vertex 147.256 68.47 0
    endloop
  endfacet
  facet normal 0 0 -1
    outer loop
      vertex 200 0 0
      vertex 142.547 66.5195 0
      vertex 144.95 67.3791 0
    endloop
  endfacet
  facet normal 0 0 -1
    outer loop
      vertex 200 0 0
      vertex 140.072 65.8996 0
      vertex 142.547 66.5195 0
    endloop
  endfacet
  facet normal 0 0 -1
    outer loop
      vertex 100.6 1.2 0
      vertex 140.072 65.8996 0
      vertex 200 0 0
    endloop
  endfacet
  facet normal 0 0 -1
    outer loop
      vertex 140.072 65.8996 0
      vertex 100.6 1.2 0
      vertex 137.548 65.5252 0
    endloop
  endfacet
  facet normal 0 0 -1
    outer loop
      vertex 100.6 1.2 0
      vertex 200 0 0
      vertex 100.6 0 0
    endloop
  endfacet
  facet normal 0 0 -1
    outer loop
      vertex 137.548 65.5252 0
      vertex 100.6 1.2 0
      vertex 135 65.4 0
    endloop
  endfacet
  facet normal 0 0 -1
    outer loop
      vertex 99.4 1.2 0
      vertex 135 65.4 0
      vertex 100.6 1.2 0
    endloop
  endfacet
  facet normal 0 0 -1
    outer loop
      vertex 0 65.4 0
      vertex 99.4 1.2 0
      vertex 0 0 0
    endloop
  endfacet
  facet normal 0 0 -1
    outer loop
      vertex 99.4 1.2 0
      vertex 0 65.4 0
      vertex 135 65.4 0
    endloop
  endfacet
  facet normal 0 0 -1
    outer loop
      vertex 160.875 93.9484 0
      vertex 200 182.8 0
      vertex 161 91.4 0
    endloop
  endfacet
  facet normal 0 0 -1
    outer loop
      vertex 160.5 96.4724 0
      vertex 200 182.8 0
      vertex 160.875 93.9484 0
    endloop
  endfacet
  facet normal 0 0 -1
    outer loop
      vertex 159.88 98.9474 0
      vertex 200 182.8 0
      vertex 160.5 96.4724 0
    endloop
  endfacet
  facet normal 0 0 -1
    outer loop
      vertex 159.021 101.35 0
      vertex 200 182.8 0
      vertex 159.88 98.9474 0
    endloop
  endfacet
  facet normal 0 0 -1
    outer loop
      vertex 157.93 103.656 0
      vertex 200 182.8 0
      vertex 159.021 101.35 0
    endloop
  endfacet
  facet normal 0 0 -1
    outer loop
      vertex 156.618 105.845 0
      vertex 200 182.8 0
      vertex 157.93 103.656 0
    endloop
  endfacet
  facet normal 0 0 -1
    outer loop
      vertex 155.098 107.894 0
      vertex 200 182.8 0
      vertex 156.618 105.845 0
    endloop
  endfacet
  facet normal 0 0 -1
    outer loop
      vertex 153.385 109.785 0
      vertex 200 182.8 0
      vertex 155.098 107.894 0
    endloop
  endfacet
  facet normal 0 0 -1
    outer loop
      vertex 151.494 111.498 0
      vertex 200 182.8 0
      vertex 153.385 109.785 0
    endloop
  endfacet
  facet normal 0 0 -1
    outer loop
      vertex 149.445 113.018 0
      vertex 200 182.8 0
      vertex 151.494 111.498 0
    endloop
  endfacet
  facet normal 0 0 -1
    outer loop
      vertex 147.256 114.33 0
      vertex 200 182.8 0
      vertex 149.445 113.018 0
    endloop
  endfacet
  facet normal 0 0 -1
    outer loop
      vertex 144.95 115.421 0
      vertex 200 182.8 0
      vertex 147.256 114.33 0
    endloop
  endfacet
  facet normal 0 0 -1
    outer loop
      vertex 142.547 116.28 0
      vertex 200 182.8 0
      vertex 144.95 115.421 0
    endloop
  endfacet
  facet normal 0 0 -1
    outer loop
      vertex 140.072 116.9 0
      vertex 200 182.8 0
      vertex 142.547 116.28 0
    endloop
  endfacet
  facet normal 0 0 -1
    outer loop
      vertex 100.6 181.6 0
      vertex 140.072 116.9 0
      vertex 137.548 117.275 0
    endloop
  endfacet
  facet normal 0 0 -1
    outer loop
      vertex 100.6 181.6 0
      vertex 137.548 117.275 0
      vertex 135 117.4 0
    endloop
  endfacet
  facet normal 0 0 -1
    outer loop
      vertex 140.072 116.9 0
      vertex 100.6 181.6 0
      vertex 200 182.8 0
    endloop
  endfacet
  facet normal -0 0 -1
    outer loop
      vertex 200 182.8 0
      vertex 100.6 181.6 0
      vertex 100.6 182.8 0
    endloop
  endfacet
  facet normal -1 0 0
    outer loop
      vertex 100.6 0 0
      vertex 100.6 1.2 0.599999
      vertex 100.6 1.2 0
    endloop
  endfacet
  facet normal -1 -0 0
    outer loop
      vertex 100.6 1.2 0.599999
      vertex 100.6 0 0
      vertex 100.6 0 0.599999
    endloop
  endfacet
  facet normal 0 0 -1
    outer loop
      vertex 99.4 0 0.599999
      vertex 100.6 1.2 0.599999
      vertex 100.6 0 0.599999
    endloop
  endfacet
  facet normal -0 0 -1
    outer loop
      vertex 100.6 1.2 0.599999
      vertex 99.4 0 0.599999
      vertex 99.4 1.2 0.599999
    endloop
  endfacet
  facet normal 1 -0 0
    outer loop
      vertex 99.4 0 0.599999
      vertex 99.4 1.2 0
      vertex 99.4 1.2 0.599999
    endloop
  endfacet
  facet normal 1 0 0
    outer loop
      vertex 99.4 1.2 0
      vertex 99.4 0 0.599999
      vertex 99.4 0 0
    endloop
  endfacet
  facet normal 0 -1 0
    outer loop
      vertex 99.4 1.2 0
      vertex 100.6 1.2 0.599999
      vertex 99.4 1.2 0.599999
    endloop
  endfacet
  facet normal 0 -1 -0
    outer loop
      vertex 100.6 1.2 0.599999
      vertex 99.4 1.2 0
      vertex 100.6 1.2 0
    endloop
  endfacet
  facet normal -1 0 0
    outer loop
      vertex 100.6 181.6 0
      vertex 100.6 182.8 0.599999
      vertex 100.6 182.8 0
    endloop
  endfacet
  facet normal -1 -0 0
    outer loop
      vertex 100.6 182.8 0.599999
      vertex 100.6 181.6 0
      vertex 100.6 181.6 0.599999
    endloop
  endfacet
  facet normal 0 0 -1
    outer loop
      vertex 99.4 181.6 0.599999
      vertex 100.6 182.8 0.599999
      vertex 100.6 181.6 0.599999
    endloop
  endfacet
  facet normal -0 0 -1
    outer loop
      vertex 100.6 182.8 0.599999
      vertex 99.4 181.6 0.599999
      vertex 99.4 182.8 0.599999
    endloop
  endfacet
  facet normal 1 -0 0
    outer loop
      vertex 99.4 181.6 0.599999
      vertex 99.4 182.8 0
      vertex 99.4 182.8 0.599999
    endloop
  endfacet
  facet normal 1 0 0
    outer loop
      vertex 99.4 182.8 0
      vertex 99.4 181.6 0.599999
      vertex 99.4 181.6 0
    endloop
  endfacet
  facet normal 0 1 -0
    outer loop
      vertex 100.6 181.6 0
      vertex 99.4 181.6 0.599999
      vertex 100.6 181.6 0.599999
    endloop
  endfacet
  facet normal 0 1 0
    outer loop
      vertex 99.4 181.6 0.599999
      vertex 100.6 181.6 0
      vertex 99.4 181.6 0
    endloop
  endfacet
  facet normal 0 -1 0
    outer loop
      vertex 0 117.4 0
      vertex 135 117.4 4
      vertex 0 117.4 4
    endloop
  endfacet
  facet normal 0 -1 -0
    outer loop
      vertex 135 117.4 4
      vertex 0 117.4 0
      vertex 135 117.4 0
    endloop
  endfacet
  facet normal 0 1 -0
    outer loop
      vertex 135 65.4 0
      vertex 0 65.4 4
      vertex 135 65.4 4
    endloop
  endfacet
  facet normal 0 1 0
    outer loop
      vertex 0 65.4 4
      vertex 135 65.4 0
      vertex 0 65.4 0
    endloop
  endfacet
  facet normal -0.989142 -0.146961 0
    outer loop
      vertex 160.875 93.9484 0
      vertex 160.5 96.4724 4
      vertex 160.5 96.4724 0
    endloop
  endfacet
  facet normal -0.989142 -0.146961 0
    outer loop
      vertex 160.5 96.4724 4
      vertex 160.875 93.9484 0
      vertex 160.875 93.9484 4
    endloop
  endfacet
  facet normal -0.998799 -0.0489915 0
    outer loop
      vertex 161 91.4 0
      vertex 160.875 93.9484 4
      vertex 160.875 93.9484 0
    endloop
  endfacet
  facet normal -0.998799 -0.0489915 0
    outer loop
      vertex 160.875 93.9484 4
      vertex 161 91.4 0
      vertex 161 91.4 4
    endloop
  endfacet
  facet normal -0.970027 -0.242997 0
    outer loop
      vertex 160.5 96.4724 0
      vertex 159.88 98.9474 4
      vertex 159.88 98.9474 0
    endloop
  endfacet
  facet normal -0.970027 -0.242997 0
    outer loop
      vertex 159.88 98.9474 4
      vertex 160.5 96.4724 0
      vertex 160.5 96.4724 4
    endloop
  endfacet
  facet normal -0.0489992 -0.998799 0
    outer loop
      vertex 135 117.4 0
      vertex 137.548 117.275 4
      vertex 135 117.4 4
    endloop
  endfacet
  facet normal -0.0489992 -0.998799 -0
    outer loop
      vertex 137.548 117.275 4
      vertex 135 117.4 0
      vertex 137.548 117.275 0
    endloop
  endfacet
  facet normal -0.80314 -0.59579 0
    outer loop
      vertex 156.618 105.845 0
      vertex 155.098 107.894 4
      vertex 155.098 107.894 0
    endloop
  endfacet
  facet normal -0.80314 -0.59579 0
    outer loop
      vertex 155.098 107.894 4
      vertex 156.618 105.845 0
      vertex 156.618 105.845 4
    endloop
  endfacet
  facet normal -0.59579 -0.80314 0
    outer loop
      vertex 149.445 113.018 0
      vertex 151.494 111.498 4
      vertex 149.445 113.018 4
    endloop
  endfacet
  facet normal -0.59579 -0.80314 -0
    outer loop
      vertex 151.494 111.498 4
      vertex 149.445 113.018 0
      vertex 151.494 111.498 0
    endloop
  endfacet
  facet normal -0.998799 0.0489915 0
    outer loop
      vertex 160.875 88.8516 0
      vertex 161 91.4 4
      vertex 161 91.4 0
    endloop
  endfacet
  facet normal -0.998799 0.0489915 0
    outer loop
      vertex 161 91.4 4
      vertex 160.875 88.8516 0
      vertex 160.875 88.8516 4
    endloop
  endfacet
  facet normal -0.427665 -0.903937 0
    outer loop
      vertex 144.95 115.421 0
      vertex 147.256 114.33 4
      vertex 144.95 115.421 4
    endloop
  endfacet
  facet normal -0.427665 -0.903937 -0
    outer loop
      vertex 147.256 114.33 4
      vertex 144.95 115.421 0
      vertex 147.256 114.33 0
    endloop
  endfacet
  facet normal -0.242997 -0.970027 0
    outer loop
      vertex 140.072 116.9 0
      vertex 142.547 116.28 4
      vertex 140.072 116.9 4
    endloop
  endfacet
  facet normal -0.242997 -0.970027 -0
    outer loop
      vertex 142.547 116.28 4
      vertex 140.072 116.9 0
      vertex 142.547 116.28 0
    endloop
  endfacet
  facet normal -0.336818 0.94157 0
    outer loop
      vertex 144.95 67.3791 0
      vertex 142.547 66.5195 4
      vertex 144.95 67.3791 4
    endloop
  endfacet
  facet normal -0.336818 0.94157 0
    outer loop
      vertex 142.547 66.5195 4
      vertex 144.95 67.3791 0
      vertex 142.547 66.5195 0
    endloop
  endfacet
  facet normal -0.741127 -0.671365 0
    outer loop
      vertex 155.098 107.894 0
      vertex 153.385 109.785 4
      vertex 153.385 109.785 0
    endloop
  endfacet
  facet normal -0.741127 -0.671365 0
    outer loop
      vertex 153.385 109.785 4
      vertex 155.098 107.894 0
      vertex 155.098 107.894 4
    endloop
  endfacet
  facet normal -0.14673 0.989177 0
    outer loop
      vertex 140.072 65.8996 0
      vertex 137.548 65.5252 4
      vertex 140.072 65.8996 4
    endloop
  endfacet
  facet normal -0.14673 0.989177 0
    outer loop
      vertex 137.548 65.5252 4
      vertex 140.072 65.8996 0
      vertex 137.548 65.5252 0
    endloop
  endfacet
  facet normal -0.336609 -0.941644 0
    outer loop
      vertex 142.547 116.28 0
      vertex 144.95 115.421 4
      vertex 142.547 116.28 4
    endloop
  endfacet
  facet normal -0.336609 -0.941644 -0
    outer loop
      vertex 144.95 115.421 4
      vertex 142.547 116.28 0
      vertex 144.95 115.421 0
    endloop
  endfacet
  facet normal -0.903937 -0.427665 0
    outer loop
      vertex 159.021 101.35 0
      vertex 157.93 103.656 4
      vertex 157.93 103.656 0
    endloop
  endfacet
  facet normal -0.903937 -0.427665 0
    outer loop
      vertex 157.93 103.656 4
      vertex 159.021 101.35 0
      vertex 159.021 101.35 4
    endloop
  endfacet
  facet normal -0.24296 0.970036 0
    outer loop
      vertex 142.547 66.5195 0
      vertex 140.072 65.8996 4
      vertex 142.547 66.5195 4
    endloop
  endfacet
  facet normal -0.24296 0.970036 0
    outer loop
      vertex 140.072 65.8996 4
      vertex 142.547 66.5195 0
      vertex 140.072 65.8996 0
    endloop
  endfacet
  facet normal -0.970029 0.242987 0
    outer loop
      vertex 159.88 83.8526 0
      vertex 160.5 86.3277 4
      vertex 160.5 86.3277 0
    endloop
  endfacet
  facet normal -0.970029 0.242987 0
    outer loop
      vertex 160.5 86.3277 4
      vertex 159.88 83.8526 0
      vertex 159.88 83.8526 4
    endloop
  endfacet
  facet normal -0.514092 -0.857735 0
    outer loop
      vertex 147.256 114.33 0
      vertex 149.445 113.018 4
      vertex 147.256 114.33 4
    endloop
  endfacet
  facet normal -0.514092 -0.857735 -0
    outer loop
      vertex 149.445 113.018 4
      vertex 147.256 114.33 0
      vertex 149.445 113.018 0
    endloop
  endfacet
  facet normal -0.803196 0.595715 0
    outer loop
      vertex 155.098 74.9058 0
      vertex 156.618 76.9552 4
      vertex 156.618 76.9552 0
    endloop
  endfacet
  facet normal -0.803196 0.595715 0
    outer loop
      vertex 156.618 76.9552 4
      vertex 155.098 74.9058 0
      vertex 155.098 74.9058 4
    endloop
  endfacet
  facet normal -0.941627 -0.336659 0
    outer loop
      vertex 159.88 98.9474 0
      vertex 159.021 101.35 4
      vertex 159.021 101.35 0
    endloop
  endfacet
  facet normal -0.941627 -0.336659 0
    outer loop
      vertex 159.021 101.35 4
      vertex 159.88 98.9474 0
      vertex 159.88 98.9474 4
    endloop
  endfacet
  facet normal -0.857683 0.514179 0
    outer loop
      vertex 156.618 76.9552 0
      vertex 157.93 79.1437 4
      vertex 157.93 79.1437 0
    endloop
  endfacet
  facet normal -0.857683 0.514179 0
    outer loop
      vertex 157.93 79.1437 4
      vertex 156.618 76.9552 0
      vertex 156.618 76.9552 4
    endloop
  endfacet
  facet normal -0.903973 0.427589 0
    outer loop
      vertex 157.93 79.1437 0
      vertex 159.021 81.4502 4
      vertex 159.021 81.4502 0
    endloop
  endfacet
  facet normal -0.903973 0.427589 0
    outer loop
      vertex 159.021 81.4502 4
      vertex 157.93 79.1437 0
      vertex 157.93 79.1437 4
    endloop
  endfacet
  facet normal -0.427633 0.903952 0
    outer loop
      vertex 147.256 68.47 0
      vertex 144.95 67.3791 4
      vertex 147.256 68.47 4
    endloop
  endfacet
  facet normal -0.427633 0.903952 0
    outer loop
      vertex 144.95 67.3791 4
      vertex 147.256 68.47 0
      vertex 144.95 67.3791 0
    endloop
  endfacet
  facet normal -0.671365 -0.741127 0
    outer loop
      vertex 151.494 111.498 0
      vertex 153.385 109.785 4
      vertex 151.494 111.498 4
    endloop
  endfacet
  facet normal -0.671365 -0.741127 -0
    outer loop
      vertex 153.385 109.785 4
      vertex 151.494 111.498 0
      vertex 153.385 109.785 0
    endloop
  endfacet
  facet normal -0.989142 0.146966 0
    outer loop
      vertex 160.5 86.3277 0
      vertex 160.875 88.8516 4
      vertex 160.875 88.8516 0
    endloop
  endfacet
  facet normal -0.989142 0.146966 0
    outer loop
      vertex 160.875 88.8516 4
      vertex 160.5 86.3277 0
      vertex 160.5 86.3277 4
    endloop
  endfacet
  facet normal -0.857735 -0.514092 0
    outer loop
      vertex 157.93 103.656 0
      vertex 156.618 105.845 4
      vertex 156.618 105.845 0
    endloop
  endfacet
  facet normal -0.857735 -0.514092 0
    outer loop
      vertex 156.618 105.845 4
      vertex 157.93 103.656 0
      vertex 157.93 103.656 4
    endloop
  endfacet
  facet normal -0.595765 0.803159 0
    outer loop
      vertex 151.494 71.3017 0
      vertex 149.445 69.7818 4
      vertex 151.494 71.3017 4
    endloop
  endfacet
  facet normal -0.595765 0.803159 0
    outer loop
      vertex 149.445 69.7818 4
      vertex 151.494 71.3017 0
      vertex 149.445 69.7818 0
    endloop
  endfacet
  facet normal -0.0490774 0.998795 0
    outer loop
      vertex 137.548 65.5252 0
      vertex 135 65.4 4
      vertex 137.548 65.5252 4
    endloop
  endfacet
  facet normal -0.0490774 0.998795 0
    outer loop
      vertex 135 65.4 4
      vertex 137.548 65.5252 0
      vertex 135 65.4 0
    endloop
  endfacet
  facet normal -0.941618 0.336684 0
    outer loop
      vertex 159.021 81.4502 0
      vertex 159.88 83.8526 4
      vertex 159.88 83.8526 0
    endloop
  endfacet
  facet normal -0.941618 0.336684 0
    outer loop
      vertex 159.88 83.8526 4
      vertex 159.021 81.4502 0
      vertex 159.021 81.4502 4
    endloop
  endfacet
  facet normal -0.146961 -0.989142 0
    outer loop
      vertex 137.548 117.275 0
      vertex 140.072 116.9 4
      vertex 137.548 117.275 4
    endloop
  endfacet
  facet normal -0.146961 -0.989142 -0
    outer loop
      vertex 140.072 116.9 4
      vertex 137.548 117.275 0
      vertex 140.072 116.9 0
    endloop
  endfacet
  facet normal -0.741056 0.671443 0
    outer loop
      vertex 153.385 73.0152 0
      vertex 155.098 74.9058 4
      vertex 155.098 74.9058 0
    endloop
  endfacet
  facet normal -0.741056 0.671443 0
    outer loop
      vertex 155.098 74.9058 4
      vertex 153.385 73.0152 0
      vertex 153.385 73.0152 4
    endloop
  endfacet
  facet normal -0.514035 0.857769 0
    outer loop
      vertex 149.445 69.7818 0
      vertex 147.256 68.47 4
      vertex 149.445 69.7818 4
    endloop
  endfacet
  facet normal -0.514035 0.857769 0
    outer loop
      vertex 147.256 68.47 4
      vertex 149.445 69.7818 0
      vertex 147.256 68.47 0
    endloop
  endfacet
  facet normal -0.671472 0.74103 0
    outer loop
      vertex 153.385 73.0152 0
      vertex 151.494 71.3017 4
      vertex 153.385 73.0152 4
    endloop
  endfacet
  facet normal -0.671472 0.74103 0
    outer loop
      vertex 151.494 71.3017 4
      vertex 153.385 73.0152 0
      vertex 151.494 71.3017 0
    endloop
  endfacet
  facet normal -0 0 1
    outer loop
      vertex 111.978 36.0815 3.4
      vertex 113.815 34.2794 3.4
      vertex 112.074 36.4676 3.4
    endloop
  endfacet
  facet normal 0 0 1
    outer loop
      vertex 113.815 34.2794 3.4
      vertex 111.978 36.0815 3.4
      vertex 112.106 35.0455 3.4
    endloop
  endfacet
  facet normal -0 0 1
    outer loop
      vertex 111.819 35.7756 3.4
      vertex 112.106 35.0455 3.4
      vertex 111.978 36.0815 3.4
    endloop
  endfacet
  facet normal -0 0 1
    outer loop
      vertex 111.599 35.5542 3.4
      vertex 112.106 35.0455 3.4
      vertex 111.819 35.7756 3.4
    endloop
  endfacet
  facet normal 0 0 1
    outer loop
      vertex 112.106 35.0455 3.4
      vertex 111.599 35.5542 3.4
      vertex 111.864 34.7606 3.4
    endloop
  endfacet
  facet normal -0 0 1
    outer loop
      vertex 111.321 35.4213 3.4
      vertex 111.864 34.7606 3.4
      vertex 111.599 35.5542 3.4
    endloop
  endfacet
  facet normal 0 0 1
    outer loop
      vertex 111.864 34.7606 3.4
      vertex 111.321 35.4213 3.4
      vertex 111.606 34.5316 3.4
    endloop
  endfacet
  facet normal -0 0 1
    outer loop
      vertex 110.986 35.377 3.4
      vertex 111.606 34.5316 3.4
      vertex 111.321 35.4213 3.4
    endloop
  endfacet
  facet normal 0 0 1
    outer loop
      vertex 111.606 34.5316 3.4
      vertex 110.986 35.377 3.4
      vertex 111.332 34.3584 3.4
    endloop
  endfacet
  facet normal 0 0 1
    outer loop
      vertex 111.332 34.3584 3.4
      vertex 110.986 35.377 3.4
      vertex 111.036 34.2374 3.4
    endloop
  endfacet
  facet normal 0 0 1
    outer loop
      vertex 110.986 35.377 3.4
      vertex 110.71 34.1647 3.4
      vertex 111.036 34.2374 3.4
    endloop
  endfacet
  facet normal 0 0 1
    outer loop
      vertex 110.653 35.4213 3.4
      vertex 110.71 34.1647 3.4
      vertex 110.986 35.377 3.4
    endloop
  endfacet
  facet normal 0 0 1
    outer loop
      vertex 110.354 34.1405 3.4
      vertex 110.653 35.4213 3.4
      vertex 110.377 35.5542 3.4
    endloop
  endfacet
  facet normal 0 0 1
    outer loop
      vertex 110.653 35.4213 3.4
      vertex 110.354 34.1405 3.4
      vertex 110.71 34.1647 3.4
    endloop
  endfacet
  facet normal 0 0 1
    outer loop
      vertex 109.2 34.4875 3.4
      vertex 110.377 35.5542 3.4
      vertex 110.157 35.7756 3.4
    endloop
  endfacet
  facet normal 0 0 1
    outer loop
      vertex 108.74 34.9213 3.4
      vertex 110.157 35.7756 3.4
      vertex 109.998 36.0815 3.4
    endloop
  endfacet
  facet normal 0 0 1
    outer loop
      vertex 108.39 35.4917 3.4
      vertex 109.998 36.0815 3.4
      vertex 109.902 36.4676 3.4
    endloop
  endfacet
  facet normal 0 0 1
    outer loop
      vertex 110.377 35.5542 3.4
      vertex 109.738 34.2273 3.4
      vertex 110.354 34.1405 3.4
    endloop
  endfacet
  facet normal -0 0 1
    outer loop
      vertex 108.109 36.9315 3.4
      vertex 109.902 36.4676 3.4
      vertex 109.87 36.9338 3.4
    endloop
  endfacet
  facet normal -0 0 1
    outer loop
      vertex 108.39 38.3713 3.4
      vertex 109.998 37.786 3.4
      vertex 108.74 38.9417 3.4
    endloop
  endfacet
  facet normal 0 0 1
    outer loop
      vertex 109.998 37.786 3.4
      vertex 108.39 38.3713 3.4
      vertex 109.902 37.4 3.4
    endloop
  endfacet
  facet normal 0 0 1
    outer loop
      vertex 109.902 36.4676 3.4
      vertex 108.109 36.9315 3.4
      vertex 108.179 36.1618 3.4
    endloop
  endfacet
  facet normal -0 0 1
    outer loop
      vertex 108.179 37.7013 3.4
      vertex 109.902 37.4 3.4
      vertex 108.39 38.3713 3.4
    endloop
  endfacet
  facet normal 0 0 1
    outer loop
      vertex 109.902 36.4676 3.4
      vertex 108.179 36.1618 3.4
      vertex 108.39 35.4917 3.4
    endloop
  endfacet
  facet normal 0 0 1
    outer loop
      vertex 108.109 36.9315 3.4
      vertex 109.902 37.4 3.4
      vertex 108.179 37.7013 3.4
    endloop
  endfacet
  facet normal 0 0 1
    outer loop
      vertex 109.998 36.0815 3.4
      vertex 108.39 35.4917 3.4
      vertex 108.74 34.9213 3.4
    endloop
  endfacet
  facet normal 0 0 1
    outer loop
      vertex 109.902 37.4 3.4
      vertex 108.109 36.9315 3.4
      vertex 109.87 36.9338 3.4
    endloop
  endfacet
  facet normal 0 0 1
    outer loop
      vertex 110.157 35.7756 3.4
      vertex 108.74 34.9213 3.4
      vertex 109.2 34.4875 3.4
    endloop
  endfacet
  facet normal 0 0 1
    outer loop
      vertex 110.377 35.5542 3.4
      vertex 109.2 34.4875 3.4
      vertex 109.738 34.2273 3.4
    endloop
  endfacet
  facet normal 0 0 1
    outer loop
      vertex 113.815 34.2794 3.4
      vertex 112.074 37.4 3.4
      vertex 112.106 36.9338 3.4
    endloop
  endfacet
  facet normal 0 0 1
    outer loop
      vertex 112.106 38.8176 3.4
      vertex 111.978 37.786 3.4
      vertex 112.074 37.4 3.4
    endloop
  endfacet
  facet normal 0 0 1
    outer loop
      vertex 111.599 38.3134 3.4
      vertex 112.106 38.8176 3.4
      vertex 111.864 39.1 3.4
    endloop
  endfacet
  facet normal 0 0 1
    outer loop
      vertex 112.106 38.8176 3.4
      vertex 111.819 38.0919 3.4
      vertex 111.978 37.786 3.4
    endloop
  endfacet
  facet normal 0 0 1
    outer loop
      vertex 111.321 38.4463 3.4
      vertex 111.864 39.1 3.4
      vertex 111.605 39.3282 3.4
    endloop
  endfacet
  facet normal 0 0 1
    outer loop
      vertex 112.106 38.8176 3.4
      vertex 111.599 38.3134 3.4
      vertex 111.819 38.0919 3.4
    endloop
  endfacet
  facet normal 0 0 1
    outer loop
      vertex 110.986 38.4906 3.4
      vertex 111.605 39.3282 3.4
      vertex 111.33 39.5022 3.4
    endloop
  endfacet
  facet normal 0 0 1
    outer loop
      vertex 111.864 39.1 3.4
      vertex 111.321 38.4463 3.4
      vertex 111.599 38.3134 3.4
    endloop
  endfacet
  facet normal 0 0 1
    outer loop
      vertex 110.986 38.4906 3.4
      vertex 111.33 39.5022 3.4
      vertex 111.033 39.6246 3.4
    endloop
  endfacet
  facet normal 0 0 1
    outer loop
      vertex 111.605 39.3282 3.4
      vertex 110.986 38.4906 3.4
      vertex 111.321 38.4463 3.4
    endloop
  endfacet
  facet normal 0 0 1
    outer loop
      vertex 110.707 39.6981 3.4
      vertex 110.986 38.4906 3.4
      vertex 111.033 39.6246 3.4
    endloop
  endfacet
  facet normal 0 0 1
    outer loop
      vertex 110.707 39.6981 3.4
      vertex 110.653 38.4463 3.4
      vertex 110.986 38.4906 3.4
    endloop
  endfacet
  facet normal 0 0 1
    outer loop
      vertex 110.354 39.7226 3.4
      vertex 110.653 38.4463 3.4
      vertex 110.707 39.6981 3.4
    endloop
  endfacet
  facet normal 0 0 1
    outer loop
      vertex 110.653 38.4463 3.4
      vertex 110.354 39.7226 3.4
      vertex 110.377 38.3134 3.4
    endloop
  endfacet
  facet normal -0 0 1
    outer loop
      vertex 109.738 39.6358 3.4
      vertex 110.377 38.3134 3.4
      vertex 110.354 39.7226 3.4
    endloop
  endfacet
  facet normal -0 0 1
    outer loop
      vertex 109.2 39.3755 3.4
      vertex 110.377 38.3134 3.4
      vertex 109.738 39.6358 3.4
    endloop
  endfacet
  facet normal 0 0 1
    outer loop
      vertex 110.377 38.3134 3.4
      vertex 109.2 39.3755 3.4
      vertex 110.157 38.0919 3.4
    endloop
  endfacet
  facet normal 0 0 1
    outer loop
      vertex 110.157 38.0919 3.4
      vertex 108.74 38.9417 3.4
      vertex 109.998 37.786 3.4
    endloop
  endfacet
  facet normal -0 0 1
    outer loop
      vertex 108.74 38.9417 3.4
      vertex 110.157 38.0919 3.4
      vertex 109.2 39.3755 3.4
    endloop
  endfacet
  facet normal 0 0 1
    outer loop
      vertex 112.106 38.8176 3.4
      vertex 113.815 41.6669 3.4
      vertex 112.106 41.6669 3.4
    endloop
  endfacet
  facet normal 0 0 1
    outer loop
      vertex 113.815 41.6669 3.4
      vertex 112.106 38.8176 3.4
      vertex 113.815 34.2794 3.4
    endloop
  endfacet
  facet normal -0 0 1
    outer loop
      vertex 112.074 37.4 3.4
      vertex 113.815 34.2794 3.4
      vertex 112.106 38.8176 3.4
    endloop
  endfacet
  facet normal -0 0 1
    outer loop
      vertex 112.074 36.4676 3.4
      vertex 113.815 34.2794 3.4
      vertex 112.106 36.9338 3.4
    endloop
  endfacet
  facet normal 0 0 1
    outer loop
      vertex 113.815 34.2794 3.4
      vertex 112.106 35.0455 3.4
      vertex 112.106 34.2794 3.4
    endloop
  endfacet
  facet normal -0 0 1
    outer loop
      vertex 80.0773 39.5971 3.4
      vertex 79.4554 37.1567 3.4
      vertex 82.052 39.5971 3.4
    endloop
  endfacet
  facet normal 0 -0 1
    outer loop
      vertex 79.4554 37.1567 3.4
      vertex 80.0773 39.5971 3.4
      vertex 78.1216 37.6457 3.4
    endloop
  endfacet
  facet normal 0 0 1
    outer loop
      vertex 79.4554 37.1567 3.4
      vertex 80.196 34.2794 3.4
      vertex 82.2561 34.2794 3.4
    endloop
  endfacet
  facet normal 0 0 1
    outer loop
      vertex 78.1216 36.4967 3.4
      vertex 79.4554 37.1567 3.4
      vertex 78.1216 37.6457 3.4
    endloop
  endfacet
  facet normal 0 0 1
    outer loop
      vertex 79.4554 37.1567 3.4
      vertex 78.1216 36.4967 3.4
      vertex 80.196 34.2794 3.4
    endloop
  endfacet
  facet normal -0 0 1
    outer loop
      vertex 76.4222 41.6669 3.4
      vertex 78.1216 37.6457 3.4
      vertex 78.1216 41.6669 3.4
    endloop
  endfacet
  facet normal 0 0 1
    outer loop
      vertex 76.4222 34.2794 3.4
      vertex 78.1216 37.6457 3.4
      vertex 76.4222 41.6669 3.4
    endloop
  endfacet
  facet normal 0 0 1
    outer loop
      vertex 78.1216 37.6457 3.4
      vertex 76.4222 34.2794 3.4
      vertex 78.1216 36.4967 3.4
    endloop
  endfacet
  facet normal 0 0 1
    outer loop
      vertex 78.1216 36.4967 3.4
      vertex 76.4222 34.2794 3.4
      vertex 78.1216 34.2794 3.4
    endloop
  endfacet
  facet normal -0 0 1
    outer loop
      vertex 92.1729 39.5971 3.4
      vertex 93.0179 38.383 3.4
      vertex 93.0179 39.5971 3.4
    endloop
  endfacet
  facet normal 0 0 1
    outer loop
      vertex 93.0179 38.383 3.4
      vertex 92.1729 39.5971 3.4
      vertex 92.1729 38.383 3.4
    endloop
  endfacet
  facet normal 0 0 1
    outer loop
      vertex 93.0179 39.5971 3.4
      vertex 94.7172 39.5971 3.4
      vertex 94.7172 41.1069 3.4
    endloop
  endfacet
  facet normal 0 0 1
    outer loop
      vertex 94.7172 39.5971 3.4
      vertex 93.0179 39.5971 3.4
      vertex 94.7172 38.383 3.4
    endloop
  endfacet
  facet normal 0 0 1
    outer loop
      vertex 94.7172 38.383 3.4
      vertex 93.0179 38.383 3.4
      vertex 94.7172 36.1256 3.4
    endloop
  endfacet
  facet normal 0 0 1
    outer loop
      vertex 93.0179 36.1256 3.4
      vertex 94.7172 36.1256 3.4
      vertex 93.0179 38.383 3.4
    endloop
  endfacet
  facet normal 0 -0 1
    outer loop
      vertex 93.0645 35.5199 3.4
      vertex 94.7172 36.1256 3.4
      vertex 93.0179 36.1256 3.4
    endloop
  endfacet
  facet normal 0 0 1
    outer loop
      vertex 94.7172 36.1256 3.4
      vertex 93.7832 34.4661 3.4
      vertex 94.2586 34.3261 3.4
    endloop
  endfacet
  facet normal 0 -0 1
    outer loop
      vertex 93.4379 34.6994 3.4
      vertex 94.7172 36.1256 3.4
      vertex 93.2046 35.0445 3.4
    endloop
  endfacet
  facet normal 0 0 1
    outer loop
      vertex 93.0179 39.5971 3.4
      vertex 94.7172 41.1069 3.4
      vertex 93.0179 41.1069 3.4
    endloop
  endfacet
  facet normal 0 0 1
    outer loop
      vertex 94.7172 38.383 3.4
      vertex 93.0179 39.5971 3.4
      vertex 93.0179 38.383 3.4
    endloop
  endfacet
  facet normal 0 -0 1
    outer loop
      vertex 93.2046 35.0445 3.4
      vertex 94.7172 36.1256 3.4
      vertex 93.0645 35.5199 3.4
    endloop
  endfacet
  facet normal 0 0 1
    outer loop
      vertex 94.7172 36.1256 3.4
      vertex 93.4379 34.6994 3.4
      vertex 93.7832 34.4661 3.4
    endloop
  endfacet
  facet normal -0 0 1
    outer loop
      vertex 94.7172 39.5971 3.4
      vertex 96.4688 38.383 3.4
      vertex 96.4688 39.5971 3.4
    endloop
  endfacet
  facet normal 0 0 1
    outer loop
      vertex 96.4688 38.383 3.4
      vertex 94.7172 39.5971 3.4
      vertex 94.7172 38.383 3.4
    endloop
  endfacet
  facet normal -0 0 1
    outer loop
      vertex 95.4483 35.4935 3.4
      vertex 96.3217 34.2794 3.4
      vertex 96.3217 35.4935 3.4
    endloop
  endfacet
  facet normal 0 0 1
    outer loop
      vertex 94.8644 34.2794 3.4
      vertex 95.4483 35.4935 3.4
      vertex 95.1893 35.508 3.4
    endloop
  endfacet
  facet normal 0 0 1
    outer loop
      vertex 94.8644 34.2794 3.4
      vertex 95.1893 35.508 3.4
      vertex 94.9946 35.5516 3.4
    endloop
  endfacet
  facet normal 0 0 1
    outer loop
      vertex 95.4483 35.4935 3.4
      vertex 94.8644 34.2794 3.4
      vertex 96.3217 34.2794 3.4
    endloop
  endfacet
  facet normal 0 0 1
    outer loop
      vertex 94.2586 34.3261 3.4
      vertex 94.9946 35.5516 3.4
      vertex 94.8643 35.6242 3.4
    endloop
  endfacet
  facet normal 0 0 1
    outer loop
      vertex 94.2586 34.3261 3.4
      vertex 94.8643 35.6242 3.4
      vertex 94.7826 35.738 3.4
    endloop
  endfacet
  facet normal 0 0 1
    outer loop
      vertex 94.2586 34.3261 3.4
      vertex 94.7826 35.738 3.4
      vertex 94.7335 35.9051 3.4
    endloop
  endfacet
  facet normal 0 0 1
    outer loop
      vertex 94.9946 35.5516 3.4
      vertex 94.2586 34.3261 3.4
      vertex 94.8644 34.2794 3.4
    endloop
  endfacet
  facet normal 0 0 1
    outer loop
      vertex 94.2586 34.3261 3.4
      vertex 94.7335 35.9051 3.4
      vertex 94.7172 36.1256 3.4
    endloop
  endfacet
  facet normal 0 0 1
    outer loop
      vertex 120.509 37.7351 3.4
      vertex 118.814 37.8165 3.4
      vertex 118.845 37.5139 3.4
    endloop
  endfacet
  facet normal 0 0 1
    outer loop
      vertex 119.84 38.9676 3.4
      vertex 118.72 38.0773 3.4
      vertex 118.814 37.8165 3.4
    endloop
  endfacet
  facet normal 0 0 1
    outer loop
      vertex 118.355 38.4615 3.4
      vertex 119.283 39.387 3.4
      vertex 118.614 39.6387 3.4
    endloop
  endfacet
  facet normal 0 0 1
    outer loop
      vertex 119.84 38.9676 3.4
      vertex 118.563 38.2963 3.4
      vertex 118.72 38.0773 3.4
    endloop
  endfacet
  facet normal 0 0 1
    outer loop
      vertex 119.283 39.387 3.4
      vertex 118.355 38.4615 3.4
      vertex 118.563 38.2963 3.4
    endloop
  endfacet
  facet normal 0 0 1
    outer loop
      vertex 118.614 39.6387 3.4
      vertex 118.109 38.5606 3.4
      vertex 118.355 38.4615 3.4
    endloop
  endfacet
  facet normal 0 0 1
    outer loop
      vertex 117.834 39.7226 3.4
      vertex 118.109 38.5606 3.4
      vertex 118.614 39.6387 3.4
    endloop
  endfacet
  facet normal 0 0 1
    outer loop
      vertex 117.834 39.7226 3.4
      vertex 117.825 38.5936 3.4
      vertex 118.109 38.5606 3.4
    endloop
  endfacet
  facet normal 0 0 1
    outer loop
      vertex 117.834 39.7226 3.4
      vertex 117.516 38.5627 3.4
      vertex 117.825 38.5936 3.4
    endloop
  endfacet
  facet normal -0 0 1
    outer loop
      vertex 116.982 39.6398 3.4
      vertex 117.516 38.5627 3.4
      vertex 117.834 39.7226 3.4
    endloop
  endfacet
  facet normal 0 0 1
    outer loop
      vertex 117.516 38.5627 3.4
      vertex 116.982 39.6398 3.4
      vertex 117.249 38.4699 3.4
    endloop
  endfacet
  facet normal -0 0 1
    outer loop
      vertex 116.261 39.3914 3.4
      vertex 117.249 38.4699 3.4
      vertex 116.982 39.6398 3.4
    endloop
  endfacet
  facet normal 0 0 1
    outer loop
      vertex 117.249 38.4699 3.4
      vertex 116.261 39.3914 3.4
      vertex 117.023 38.3154 3.4
    endloop
  endfacet
  facet normal 0 0 1
    outer loop
      vertex 117.023 38.3154 3.4
      vertex 116.261 39.3914 3.4
      vertex 116.843 38.1026 3.4
    endloop
  endfacet
  facet normal -0 0 1
    outer loop
      vertex 115.672 38.9773 3.4
      vertex 116.843 38.1026 3.4
      vertex 116.261 39.3914 3.4
    endloop
  endfacet
  facet normal -0 0 1
    outer loop
      vertex 114.886 36.9315 3.4
      vertex 116.619 36.4656 3.4
      vertex 116.638 37.5139 3.4
    endloop
  endfacet
  facet normal 0 0 1
    outer loop
      vertex 116.843 38.1026 3.4
      vertex 115.672 38.9773 3.4
      vertex 116.714 37.8355 3.4
    endloop
  endfacet
  facet normal -0 0 1
    outer loop
      vertex 115.236 38.4188 3.4
      vertex 116.714 37.8355 3.4
      vertex 115.672 38.9773 3.4
    endloop
  endfacet
  facet normal 0 0 1
    outer loop
      vertex 116.619 36.4656 3.4
      vertex 114.886 36.9315 3.4
      vertex 114.975 36.1143 3.4
    endloop
  endfacet
  facet normal 0 0 1
    outer loop
      vertex 116.714 37.8355 3.4
      vertex 115.236 38.4188 3.4
      vertex 116.638 37.5139 3.4
    endloop
  endfacet
  facet normal 0 0 1
    outer loop
      vertex 116.619 36.4656 3.4
      vertex 114.975 36.1143 3.4
      vertex 115.242 35.4284 3.4
    endloop
  endfacet
  facet normal 0 0 1
    outer loop
      vertex 116.638 37.5139 3.4
      vertex 115.236 38.4188 3.4
      vertex 114.974 37.7369 3.4
    endloop
  endfacet
  facet normal 0 0 1
    outer loop
      vertex 116.619 36.4656 3.4
      vertex 115.686 34.8738 3.4
      vertex 116.291 34.4664 3.4
    endloop
  endfacet
  facet normal 0 0 1
    outer loop
      vertex 116.638 37.5139 3.4
      vertex 114.974 37.7369 3.4
      vertex 114.886 36.9315 3.4
    endloop
  endfacet
  facet normal 0 0 1
    outer loop
      vertex 116.619 36.4656 3.4
      vertex 115.242 35.4284 3.4
      vertex 115.686 34.8738 3.4
    endloop
  endfacet
  facet normal -0 0 1
    outer loop
      vertex 118.845 37.5139 3.4
      vertex 120.592 36.9495 3.4
      vertex 120.509 37.7351 3.4
    endloop
  endfacet
  facet normal -0 0 1
    outer loop
      vertex 118.814 37.8165 3.4
      vertex 120.509 37.7351 3.4
      vertex 120.258 38.4078 3.4
    endloop
  endfacet
  facet normal 0 0 1
    outer loop
      vertex 118.814 37.8165 3.4
      vertex 120.258 38.4078 3.4
      vertex 119.84 38.9676 3.4
    endloop
  endfacet
  facet normal 0 0 1
    outer loop
      vertex 118.563 38.2963 3.4
      vertex 119.84 38.9676 3.4
      vertex 119.283 39.387 3.4
    endloop
  endfacet
  facet normal 0 0 1
    outer loop
      vertex 120.592 36.9495 3.4
      vertex 118.845 37.5139 3.4
      vertex 120.592 36.4656 3.4
    endloop
  endfacet
  facet normal 0 0 1
    outer loop
      vertex 116.619 36.4656 3.4
      vertex 118.845 37.5139 3.4
      vertex 116.638 37.5139 3.4
    endloop
  endfacet
  facet normal 0 0 1
    outer loop
      vertex 118.845 37.5139 3.4
      vertex 116.619 36.4656 3.4
      vertex 120.592 36.4656 3.4
    endloop
  endfacet
  facet normal -0 0 1
    outer loop
      vertex 119.948 35.7132 3.4
      vertex 120.341 34.602 3.4
      vertex 120.341 35.9101 3.4
    endloop
  endfacet
  facet normal -0 0 1
    outer loop
      vertex 119.563 35.5526 3.4
      vertex 120.341 34.602 3.4
      vertex 119.948 35.7132 3.4
    endloop
  endfacet
  facet normal 0 0 1
    outer loop
      vertex 120.341 34.602 3.4
      vertex 119.563 35.5526 3.4
      vertex 119.939 34.4621 3.4
    endloop
  endfacet
  facet normal 0 0 1
    outer loop
      vertex 119.563 35.5526 3.4
      vertex 119.537 34.3472 3.4
      vertex 119.939 34.4621 3.4
    endloop
  endfacet
  facet normal -0 0 1
    outer loop
      vertex 119.185 35.4284 3.4
      vertex 119.537 34.3472 3.4
      vertex 119.563 35.5526 3.4
    endloop
  endfacet
  facet normal 0 0 1
    outer loop
      vertex 119.185 35.4284 3.4
      vertex 119.135 34.2571 3.4
      vertex 119.537 34.3472 3.4
    endloop
  endfacet
  facet normal -0 0 1
    outer loop
      vertex 118.813 35.3401 3.4
      vertex 119.135 34.2571 3.4
      vertex 119.185 35.4284 3.4
    endloop
  endfacet
  facet normal 0 0 1
    outer loop
      vertex 118.813 35.3401 3.4
      vertex 118.733 34.1923 3.4
      vertex 119.135 34.2571 3.4
    endloop
  endfacet
  facet normal -0 0 1
    outer loop
      vertex 118.446 35.2871 3.4
      vertex 118.733 34.1923 3.4
      vertex 118.813 35.3401 3.4
    endloop
  endfacet
  facet normal 0 0 1
    outer loop
      vertex 118.446 35.2871 3.4
      vertex 118.331 34.1535 3.4
      vertex 118.733 34.1923 3.4
    endloop
  endfacet
  facet normal -0 0 1
    outer loop
      vertex 118.086 35.2695 3.4
      vertex 118.331 34.1535 3.4
      vertex 118.446 35.2871 3.4
    endloop
  endfacet
  facet normal 0 0 1
    outer loop
      vertex 118.086 35.2695 3.4
      vertex 117.929 34.1405 3.4
      vertex 118.331 34.1535 3.4
    endloop
  endfacet
  facet normal 0 0 1
    outer loop
      vertex 117.675 35.3027 3.4
      vertex 117.929 34.1405 3.4
      vertex 118.086 35.2695 3.4
    endloop
  endfacet
  facet normal 0 0 1
    outer loop
      vertex 117.039 34.222 3.4
      vertex 117.675 35.3027 3.4
      vertex 117.331 35.4024 3.4
    endloop
  endfacet
  facet normal 0 0 1
    outer loop
      vertex 117.039 34.222 3.4
      vertex 117.331 35.4024 3.4
      vertex 117.051 35.5685 3.4
    endloop
  endfacet
  facet normal 0 0 1
    outer loop
      vertex 117.675 35.3027 3.4
      vertex 117.039 34.222 3.4
      vertex 117.929 34.1405 3.4
    endloop
  endfacet
  facet normal 0 0 1
    outer loop
      vertex 116.291 34.4664 3.4
      vertex 117.051 35.5685 3.4
      vertex 116.838 35.8011 3.4
    endloop
  endfacet
  facet normal 0 0 1
    outer loop
      vertex 116.291 34.4664 3.4
      vertex 116.838 35.8011 3.4
      vertex 116.694 36.1001 3.4
    endloop
  endfacet
  facet normal 0 0 1
    outer loop
      vertex 116.291 34.4664 3.4
      vertex 116.694 36.1001 3.4
      vertex 116.619 36.4656 3.4
    endloop
  endfacet
  facet normal 0 0 1
    outer loop
      vertex 117.051 35.5685 3.4
      vertex 116.291 34.4664 3.4
      vertex 117.039 34.222 3.4
    endloop
  endfacet
  facet normal 0 0 1
    outer loop
      vertex 107.061 34.2794 3.4
      vertex 105.312 36.1479 3.4
      vertex 105.348 35.0679 3.4
    endloop
  endfacet
  facet normal -0 0 1
    outer loop
      vertex 105.202 35.8612 3.4
      vertex 105.348 35.0679 3.4
      vertex 105.312 36.1479 3.4
    endloop
  endfacet
  facet normal -0 0 1
    outer loop
      vertex 105.02 35.613 3.4
      vertex 105.348 35.0679 3.4
      vertex 105.202 35.8612 3.4
    endloop
  endfacet
  facet normal -0 0 1
    outer loop
      vertex 104.785 35.4221 3.4
      vertex 105.348 35.0679 3.4
      vertex 105.02 35.613 3.4
    endloop
  endfacet
  facet normal 0 0 1
    outer loop
      vertex 105.348 35.0679 3.4
      vertex 104.785 35.4221 3.4
      vertex 105.111 34.7738 3.4
    endloop
  endfacet
  facet normal -0 0 1
    outer loop
      vertex 104.516 35.3076 3.4
      vertex 105.111 34.7738 3.4
      vertex 104.785 35.4221 3.4
    endloop
  endfacet
  facet normal 0 0 1
    outer loop
      vertex 105.111 34.7738 3.4
      vertex 104.516 35.3076 3.4
      vertex 104.854 34.5384 3.4
    endloop
  endfacet
  facet normal 0 0 1
    outer loop
      vertex 104.854 34.5384 3.4
      vertex 104.516 35.3076 3.4
      vertex 104.579 34.3616 3.4
    endloop
  endfacet
  facet normal -0 0 1
    outer loop
      vertex 104.213 35.2695 3.4
      vertex 104.579 34.3616 3.4
      vertex 104.516 35.3076 3.4
    endloop
  endfacet
  facet normal 0 0 1
    outer loop
      vertex 104.579 34.3616 3.4
      vertex 104.213 35.2695 3.4
      vertex 104.273 34.2388 3.4
    endloop
  endfacet
  facet normal 0 0 1
    outer loop
      vertex 103.976 35.2897 3.4
      vertex 104.273 34.2388 3.4
      vertex 104.213 35.2695 3.4
    endloop
  endfacet
  facet normal 0 0 1
    outer loop
      vertex 103.976 35.2897 3.4
      vertex 103.927 34.1651 3.4
      vertex 104.273 34.2388 3.4
    endloop
  endfacet
  facet normal 0 0 1
    outer loop
      vertex 103.776 35.3505 3.4
      vertex 103.927 34.1651 3.4
      vertex 103.976 35.2897 3.4
    endloop
  endfacet
  facet normal 0 0 1
    outer loop
      vertex 103.023 34.194 3.4
      vertex 103.776 35.3505 3.4
      vertex 103.613 35.4519 3.4
    endloop
  endfacet
  facet normal 0 0 1
    outer loop
      vertex 103.776 35.3505 3.4
      vertex 103.539 34.1405 3.4
      vertex 103.927 34.1651 3.4
    endloop
  endfacet
  facet normal 0 0 1
    outer loop
      vertex 102.576 34.3545 3.4
      vertex 103.613 35.4519 3.4
      vertex 103.493 35.589 3.4
    endloop
  endfacet
  facet normal 0 0 1
    outer loop
      vertex 101.912 34.975 3.4
      vertex 103.493 35.589 3.4
      vertex 103.421 35.7572 3.4
    endloop
  endfacet
  facet normal -0 0 1
    outer loop
      vertex 101.683 35.8722 3.4
      vertex 103.421 35.7572 3.4
      vertex 103.397 35.9565 3.4
    endloop
  endfacet
  facet normal 0 0 1
    outer loop
      vertex 103.776 35.3505 3.4
      vertex 103.023 34.194 3.4
      vertex 103.539 34.1405 3.4
    endloop
  endfacet
  facet normal 0 0 1
    outer loop
      vertex 105.348 37.6797 3.4
      vertex 104.465 36.6672 3.4
      vertex 105.348 36.6672 3.4
    endloop
  endfacet
  facet normal -0 0 1
    outer loop
      vertex 104.346 37.6797 3.4
      vertex 104.465 36.6672 3.4
      vertex 105.348 37.6797 3.4
    endloop
  endfacet
  facet normal 0 0 1
    outer loop
      vertex 104.346 37.6797 3.4
      vertex 104.14 36.6472 3.4
      vertex 104.465 36.6672 3.4
    endloop
  endfacet
  facet normal -0 0 1
    outer loop
      vertex 103.51 37.6312 3.4
      vertex 104.14 36.6472 3.4
      vertex 104.346 37.6797 3.4
    endloop
  endfacet
  facet normal 0 0 1
    outer loop
      vertex 104.14 36.6472 3.4
      vertex 103.51 37.6312 3.4
      vertex 103.873 36.5872 3.4
    endloop
  endfacet
  facet normal 0 0 1
    outer loop
      vertex 103.873 36.5872 3.4
      vertex 103.51 37.6312 3.4
      vertex 103.665 36.4872 3.4
    endloop
  endfacet
  facet normal -0 0 1
    outer loop
      vertex 102.837 37.4857 3.4
      vertex 103.665 36.4872 3.4
      vertex 103.51 37.6312 3.4
    endloop
  endfacet
  facet normal 0 0 1
    outer loop
      vertex 103.665 36.4872 3.4
      vertex 102.837 37.4857 3.4
      vertex 103.516 36.3482 3.4
    endloop
  endfacet
  facet normal -0 0 1
    outer loop
      vertex 102.326 37.2432 3.4
      vertex 103.516 36.3482 3.4
      vertex 102.837 37.4857 3.4
    endloop
  endfacet
  facet normal 0 0 1
    outer loop
      vertex 103.516 36.3482 3.4
      vertex 102.326 37.2432 3.4
      vertex 103.427 36.1713 3.4
    endloop
  endfacet
  facet normal -0 0 1
    outer loop
      vertex 101.969 36.8969 3.4
      vertex 103.427 36.1713 3.4
      vertex 102.326 37.2432 3.4
    endloop
  endfacet
  facet normal 0 0 1
    outer loop
      vertex 103.421 35.7572 3.4
      vertex 101.683 35.8722 3.4
      vertex 101.741 35.3917 3.4
    endloop
  endfacet
  facet normal -0 0 1
    outer loop
      vertex 101.755 36.4399 3.4
      vertex 103.427 36.1713 3.4
      vertex 101.969 36.8969 3.4
    endloop
  endfacet
  facet normal 0 0 1
    outer loop
      vertex 103.613 35.4519 3.4
      vertex 102.576 34.3545 3.4
      vertex 103.023 34.194 3.4
    endloop
  endfacet
  facet normal 0 0 1
    outer loop
      vertex 103.427 36.1713 3.4
      vertex 101.755 36.4399 3.4
      vertex 103.397 35.9565 3.4
    endloop
  endfacet
  facet normal 0 0 1
    outer loop
      vertex 103.493 35.589 3.4
      vertex 102.198 34.622 3.4
      vertex 102.576 34.3545 3.4
    endloop
  endfacet
  facet normal 0 0 1
    outer loop
      vertex 103.397 35.9565 3.4
      vertex 101.755 36.4399 3.4
      vertex 101.683 35.8722 3.4
    endloop
  endfacet
  facet normal 0 0 1
    outer loop
      vertex 103.421 35.7572 3.4
      vertex 101.741 35.3917 3.4
      vertex 101.912 34.975 3.4
    endloop
  endfacet
  facet normal 0 0 1
    outer loop
      vertex 103.493 35.589 3.4
      vertex 101.912 34.975 3.4
      vertex 102.198 34.622 3.4
    endloop
  endfacet
  facet normal 0 0 1
    outer loop
      vertex 106.991 38.0821 3.4
      vertex 105.313 38.0593 3.4
      vertex 105.348 37.8139 3.4
    endloop
  endfacet
  facet normal 0 0 1
    outer loop
      vertex 105.03 38.4058 3.4
      vertex 105.909 39.4702 3.4
      vertex 105.216 39.6595 3.4
    endloop
  endfacet
  facet normal 0 0 1
    outer loop
      vertex 106.423 39.1548 3.4
      vertex 105.207 38.2566 3.4
      vertex 105.313 38.0593 3.4
    endloop
  endfacet
  facet normal 0 0 1
    outer loop
      vertex 105.909 39.4702 3.4
      vertex 105.03 38.4058 3.4
      vertex 105.207 38.2566 3.4
    endloop
  endfacet
  facet normal 0 0 1
    outer loop
      vertex 105.216 39.6595 3.4
      vertex 104.778 38.5101 3.4
      vertex 105.03 38.4058 3.4
    endloop
  endfacet
  facet normal 0 0 1
    outer loop
      vertex 104.346 39.7226 3.4
      vertex 104.778 38.5101 3.4
      vertex 105.216 39.6595 3.4
    endloop
  endfacet
  facet normal 0 0 1
    outer loop
      vertex 104.778 38.5101 3.4
      vertex 104.346 39.7226 3.4
      vertex 104.448 38.5727 3.4
    endloop
  endfacet
  facet normal 0 0 1
    outer loop
      vertex 104.346 39.7226 3.4
      vertex 104.038 38.5936 3.4
      vertex 104.448 38.5727 3.4
    endloop
  endfacet
  facet normal -0 0 1
    outer loop
      vertex 103.979 39.715 3.4
      vertex 104.038 38.5936 3.4
      vertex 104.346 39.7226 3.4
    endloop
  endfacet
  facet normal 0 0 1
    outer loop
      vertex 103.979 39.715 3.4
      vertex 103.682 38.5815 3.4
      vertex 104.038 38.5936 3.4
    endloop
  endfacet
  facet normal -0 0 1
    outer loop
      vertex 103.612 39.6922 3.4
      vertex 103.682 38.5815 3.4
      vertex 103.979 39.715 3.4
    endloop
  endfacet
  facet normal -0 0 1
    outer loop
      vertex 103.245 39.6542 3.4
      vertex 103.682 38.5815 3.4
      vertex 103.612 39.6922 3.4
    endloop
  endfacet
  facet normal 0 0 1
    outer loop
      vertex 103.682 38.5815 3.4
      vertex 103.245 39.6542 3.4
      vertex 103.344 38.5453 3.4
    endloop
  endfacet
  facet normal -0 0 1
    outer loop
      vertex 102.878 39.6015 3.4
      vertex 103.344 38.5453 3.4
      vertex 103.245 39.6542 3.4
    endloop
  endfacet
  facet normal 0 0 1
    outer loop
      vertex 103.344 38.5453 3.4
      vertex 102.878 39.6015 3.4
      vertex 103.022 38.485 3.4
    endloop
  endfacet
  facet normal -0 0 1
    outer loop
      vertex 102.513 39.5347 3.4
      vertex 103.022 38.485 3.4
      vertex 102.878 39.6015 3.4
    endloop
  endfacet
  facet normal 0 0 1
    outer loop
      vertex 103.022 38.485 3.4
      vertex 102.513 39.5347 3.4
      vertex 102.716 38.4005 3.4
    endloop
  endfacet
  facet normal -0 0 1
    outer loop
      vertex 102.148 39.4538 3.4
      vertex 102.716 38.4005 3.4
      vertex 102.513 39.5347 3.4
    endloop
  endfacet
  facet normal 0 0 1
    outer loop
      vertex 102.716 38.4005 3.4
      vertex 102.148 39.4538 3.4
      vertex 102.425 38.2918 3.4
    endloop
  endfacet
  facet normal 0 0 1
    outer loop
      vertex 102.425 38.2918 3.4
      vertex 102.148 39.4538 3.4
      vertex 102.148 38.159 3.4
    endloop
  endfacet
  facet normal -0 0 1
    outer loop
      vertex 105.348 37.6797 3.4
      vertex 107.061 37.3089 3.4
      vertex 106.991 38.0821 3.4
    endloop
  endfacet
  facet normal 0 0 1
    outer loop
      vertex 105.313 38.0593 3.4
      vertex 106.991 38.0821 3.4
      vertex 106.778 38.6973 3.4
    endloop
  endfacet
  facet normal 0 0 1
    outer loop
      vertex 105.313 38.0593 3.4
      vertex 106.778 38.6973 3.4
      vertex 106.423 39.1548 3.4
    endloop
  endfacet
  facet normal 0 0 1
    outer loop
      vertex 105.207 38.2566 3.4
      vertex 106.423 39.1548 3.4
      vertex 105.909 39.4702 3.4
    endloop
  endfacet
  facet normal 0 0 1
    outer loop
      vertex 106.991 38.0821 3.4
      vertex 105.348 37.8139 3.4
      vertex 105.348 37.6797 3.4
    endloop
  endfacet
  facet normal 0 0 1
    outer loop
      vertex 107.061 37.3089 3.4
      vertex 105.348 37.6797 3.4
      vertex 105.348 36.6672 3.4
    endloop
  endfacet
  facet normal 0 0 1
    outer loop
      vertex 107.061 37.3089 3.4
      vertex 105.348 36.6672 3.4
      vertex 105.348 36.473 3.4
    endloop
  endfacet
  facet normal 0 0 1
    outer loop
      vertex 105.312 36.1479 3.4
      vertex 107.061 37.3089 3.4
      vertex 105.348 36.473 3.4
    endloop
  endfacet
  facet normal 0 0 1
    outer loop
      vertex 107.061 37.3089 3.4
      vertex 105.312 36.1479 3.4
      vertex 107.061 34.2794 3.4
    endloop
  endfacet
  facet normal 0 0 1
    outer loop
      vertex 107.061 34.2794 3.4
      vertex 105.348 35.0679 3.4
      vertex 105.348 34.2794 3.4
    endloop
  endfacet
  facet normal 0 0 1
    outer loop
      vertex 130.555 37.7351 3.4
      vertex 128.86 37.8165 3.4
      vertex 128.891 37.5139 3.4
    endloop
  endfacet
  facet normal 0 0 1
    outer loop
      vertex 129.886 38.9676 3.4
      vertex 128.766 38.0773 3.4
      vertex 128.86 37.8165 3.4
    endloop
  endfacet
  facet normal 0 0 1
    outer loop
      vertex 128.401 38.4615 3.4
      vertex 129.329 39.387 3.4
      vertex 128.66 39.6387 3.4
    endloop
  endfacet
  facet normal 0 0 1
    outer loop
      vertex 129.886 38.9676 3.4
      vertex 128.609 38.2963 3.4
      vertex 128.766 38.0773 3.4
    endloop
  endfacet
  facet normal 0 0 1
    outer loop
      vertex 129.329 39.387 3.4
      vertex 128.401 38.4615 3.4
      vertex 128.609 38.2963 3.4
    endloop
  endfacet
  facet normal 0 0 1
    outer loop
      vertex 128.66 39.6387 3.4
      vertex 128.155 38.5606 3.4
      vertex 128.401 38.4615 3.4
    endloop
  endfacet
  facet normal 0 0 1
    outer loop
      vertex 127.88 39.7226 3.4
      vertex 128.155 38.5606 3.4
      vertex 128.66 39.6387 3.4
    endloop
  endfacet
  facet normal 0 0 1
    outer loop
      vertex 127.88 39.7226 3.4
      vertex 127.871 38.5936 3.4
      vertex 128.155 38.5606 3.4
    endloop
  endfacet
  facet normal 0 0 1
    outer loop
      vertex 127.88 39.7226 3.4
      vertex 127.562 38.5627 3.4
      vertex 127.871 38.5936 3.4
    endloop
  endfacet
  facet normal -0 0 1
    outer loop
      vertex 127.028 39.6398 3.4
      vertex 127.562 38.5627 3.4
      vertex 127.88 39.7226 3.4
    endloop
  endfacet
  facet normal 0 0 1
    outer loop
      vertex 127.562 38.5627 3.4
      vertex 127.028 39.6398 3.4
      vertex 127.295 38.4699 3.4
    endloop
  endfacet
  facet normal -0 0 1
    outer loop
      vertex 126.308 39.3914 3.4
      vertex 127.295 38.4699 3.4
      vertex 127.028 39.6398 3.4
    endloop
  endfacet
  facet normal 0 0 1
    outer loop
      vertex 127.295 38.4699 3.4
      vertex 126.308 39.3914 3.4
      vertex 127.069 38.3154 3.4
    endloop
  endfacet
  facet normal 0 0 1
    outer loop
      vertex 127.069 38.3154 3.4
      vertex 126.308 39.3914 3.4
      vertex 126.889 38.1026 3.4
    endloop
  endfacet
  facet normal -0 0 1
    outer loop
      vertex 125.718 38.9773 3.4
      vertex 126.889 38.1026 3.4
      vertex 126.308 39.3914 3.4
    endloop
  endfacet
  facet normal -0 0 1
    outer loop
      vertex 124.933 36.9315 3.4
      vertex 126.665 36.4656 3.4
      vertex 126.684 37.5139 3.4
    endloop
  endfacet
  facet normal 0 0 1
    outer loop
      vertex 126.889 38.1026 3.4
      vertex 125.718 38.9773 3.4
      vertex 126.761 37.8355 3.4
    endloop
  endfacet
  facet normal -0 0 1
    outer loop
      vertex 125.282 38.4188 3.4
      vertex 126.761 37.8355 3.4
      vertex 125.718 38.9773 3.4
    endloop
  endfacet
  facet normal 0 0 1
    outer loop
      vertex 126.665 36.4656 3.4
      vertex 124.933 36.9315 3.4
      vertex 125.021 36.1143 3.4
    endloop
  endfacet
  facet normal 0 0 1
    outer loop
      vertex 126.761 37.8355 3.4
      vertex 125.282 38.4188 3.4
      vertex 126.684 37.5139 3.4
    endloop
  endfacet
  facet normal 0 0 1
    outer loop
      vertex 126.665 36.4656 3.4
      vertex 125.021 36.1143 3.4
      vertex 125.288 35.4284 3.4
    endloop
  endfacet
  facet normal 0 0 1
    outer loop
      vertex 126.684 37.5139 3.4
      vertex 125.282 38.4188 3.4
      vertex 125.02 37.7369 3.4
    endloop
  endfacet
  facet normal 0 0 1
    outer loop
      vertex 126.665 36.4656 3.4
      vertex 125.732 34.8738 3.4
      vertex 126.337 34.4664 3.4
    endloop
  endfacet
  facet normal 0 0 1
    outer loop
      vertex 126.684 37.5139 3.4
      vertex 125.02 37.7369 3.4
      vertex 124.933 36.9315 3.4
    endloop
  endfacet
  facet normal 0 0 1
    outer loop
      vertex 126.665 36.4656 3.4
      vertex 125.288 35.4284 3.4
      vertex 125.732 34.8738 3.4
    endloop
  endfacet
  facet normal -0 0 1
    outer loop
      vertex 128.891 37.5139 3.4
      vertex 130.638 36.9495 3.4
      vertex 130.555 37.7351 3.4
    endloop
  endfacet
  facet normal -0 0 1
    outer loop
      vertex 128.86 37.8165 3.4
      vertex 130.555 37.7351 3.4
      vertex 130.304 38.4078 3.4
    endloop
  endfacet
  facet normal 0 0 1
    outer loop
      vertex 128.86 37.8165 3.4
      vertex 130.304 38.4078 3.4
      vertex 129.886 38.9676 3.4
    endloop
  endfacet
  facet normal 0 0 1
    outer loop
      vertex 128.609 38.2963 3.4
      vertex 129.886 38.9676 3.4
      vertex 129.329 39.387 3.4
    endloop
  endfacet
  facet normal 0 0 1
    outer loop
      vertex 130.638 36.9495 3.4
      vertex 128.891 37.5139 3.4
      vertex 130.638 36.4656 3.4
    endloop
  endfacet
  facet normal 0 0 1
    outer loop
      vertex 126.665 36.4656 3.4
      vertex 128.891 37.5139 3.4
      vertex 126.684 37.5139 3.4
    endloop
  endfacet
  facet normal 0 0 1
    outer loop
      vertex 128.891 37.5139 3.4
      vertex 126.665 36.4656 3.4
      vertex 130.638 36.4656 3.4
    endloop
  endfacet
  facet normal -0 0 1
    outer loop
      vertex 129.995 35.7132 3.4
      vertex 130.387 34.602 3.4
      vertex 130.387 35.9101 3.4
    endloop
  endfacet
  facet normal -0 0 1
    outer loop
      vertex 129.609 35.5526 3.4
      vertex 130.387 34.602 3.4
      vertex 129.995 35.7132 3.4
    endloop
  endfacet
  facet normal 0 0 1
    outer loop
      vertex 130.387 34.602 3.4
      vertex 129.609 35.5526 3.4
      vertex 129.985 34.4621 3.4
    endloop
  endfacet
  facet normal 0 0 1
    outer loop
      vertex 129.609 35.5526 3.4
      vertex 129.583 34.3472 3.4
      vertex 129.985 34.4621 3.4
    endloop
  endfacet
  facet normal -0 0 1
    outer loop
      vertex 129.231 35.4284 3.4
      vertex 129.583 34.3472 3.4
      vertex 129.609 35.5526 3.4
    endloop
  endfacet
  facet normal 0 0 1
    outer loop
      vertex 129.231 35.4284 3.4
      vertex 129.181 34.2571 3.4
      vertex 129.583 34.3472 3.4
    endloop
  endfacet
  facet normal -0 0 1
    outer loop
      vertex 128.859 35.3401 3.4
      vertex 129.181 34.2571 3.4
      vertex 129.231 35.4284 3.4
    endloop
  endfacet
  facet normal 0 0 1
    outer loop
      vertex 128.859 35.3401 3.4
      vertex 128.779 34.1923 3.4
      vertex 129.181 34.2571 3.4
    endloop
  endfacet
  facet normal -0 0 1
    outer loop
      vertex 128.492 35.2871 3.4
      vertex 128.779 34.1923 3.4
      vertex 128.859 35.3401 3.4
    endloop
  endfacet
  facet normal 0 0 1
    outer loop
      vertex 128.492 35.2871 3.4
      vertex 128.377 34.1535 3.4
      vertex 128.779 34.1923 3.4
    endloop
  endfacet
  facet normal -0 0 1
    outer loop
      vertex 128.132 35.2695 3.4
      vertex 128.377 34.1535 3.4
      vertex 128.492 35.2871 3.4
    endloop
  endfacet
  facet normal 0 0 1
    outer loop
      vertex 128.132 35.2695 3.4
      vertex 127.975 34.1405 3.4
      vertex 128.377 34.1535 3.4
    endloop
  endfacet
  facet normal 0 0 1
    outer loop
      vertex 127.722 35.3027 3.4
      vertex 127.975 34.1405 3.4
      vertex 128.132 35.2695 3.4
    endloop
  endfacet
  facet normal 0 0 1
    outer loop
      vertex 127.085 34.222 3.4
      vertex 127.722 35.3027 3.4
      vertex 127.377 35.4024 3.4
    endloop
  endfacet
  facet normal 0 0 1
    outer loop
      vertex 127.085 34.222 3.4
      vertex 127.377 35.4024 3.4
      vertex 127.097 35.5685 3.4
    endloop
  endfacet
  facet normal 0 0 1
    outer loop
      vertex 127.722 35.3027 3.4
      vertex 127.085 34.222 3.4
      vertex 127.975 34.1405 3.4
    endloop
  endfacet
  facet normal 0 0 1
    outer loop
      vertex 126.337 34.4664 3.4
      vertex 127.097 35.5685 3.4
      vertex 126.885 35.8011 3.4
    endloop
  endfacet
  facet normal 0 0 1
    outer loop
      vertex 126.337 34.4664 3.4
      vertex 126.885 35.8011 3.4
      vertex 126.741 36.1001 3.4
    endloop
  endfacet
  facet normal 0 0 1
    outer loop
      vertex 126.337 34.4664 3.4
      vertex 126.741 36.1001 3.4
      vertex 126.665 36.4656 3.4
    endloop
  endfacet
  facet normal 0 0 1
    outer loop
      vertex 127.097 35.5685 3.4
      vertex 126.337 34.4664 3.4
      vertex 127.085 34.222 3.4
    endloop
  endfacet
  facet normal -0 0 1
    outer loop
      vertex 97.3998 39.5971 3.4
      vertex 99.0992 38.719 3.4
      vertex 99.0992 39.5971 3.4
    endloop
  endfacet
  facet normal 0 0 1
    outer loop
      vertex 99.0992 38.719 3.4
      vertex 97.3998 39.5971 3.4
      vertex 99.0992 36.7272 3.4
    endloop
  endfacet
  facet normal 0 0 1
    outer loop
      vertex 97.3998 34.2794 3.4
      vertex 99.0992 36.7272 3.4
      vertex 97.3998 39.5971 3.4
    endloop
  endfacet
  facet normal 0 0 1
    outer loop
      vertex 99.0992 36.7272 3.4
      vertex 97.3998 34.2794 3.4
      vertex 99.0992 34.2794 3.4
    endloop
  endfacet
  facet normal 0 0 1
    outer loop
      vertex 101.053 38.2617 3.4
      vertex 101.344 39.6854 3.4
      vertex 101.228 39.6991 3.4
    endloop
  endfacet
  facet normal 0 0 1
    outer loop
      vertex 101.344 39.6854 3.4
      vertex 101.201 38.2098 3.4
      vertex 101.349 38.1456 3.4
    endloop
  endfacet
  facet normal 0 0 1
    outer loop
      vertex 100.905 38.3014 3.4
      vertex 101.228 39.6991 3.4
      vertex 101.131 39.7091 3.4
    endloop
  endfacet
  facet normal 0 0 1
    outer loop
      vertex 100.905 38.3014 3.4
      vertex 101.131 39.7091 3.4
      vertex 101.055 39.7156 3.4
    endloop
  endfacet
  facet normal 0 0 1
    outer loop
      vertex 101.344 39.6854 3.4
      vertex 101.053 38.2617 3.4
      vertex 101.201 38.2098 3.4
    endloop
  endfacet
  facet normal 0 0 1
    outer loop
      vertex 100.905 38.3014 3.4
      vertex 101.055 39.7156 3.4
      vertex 100.99 39.7195 3.4
    endloop
  endfacet
  facet normal 0 0 1
    outer loop
      vertex 100.758 38.3293 3.4
      vertex 100.99 39.7195 3.4
      vertex 100.928 39.7218 3.4
    endloop
  endfacet
  facet normal 0 0 1
    outer loop
      vertex 101.228 39.6991 3.4
      vertex 100.905 38.3014 3.4
      vertex 101.053 38.2617 3.4
    endloop
  endfacet
  facet normal 0 0 1
    outer loop
      vertex 100.758 38.3293 3.4
      vertex 100.928 39.7218 3.4
      vertex 100.87 39.7226 3.4
    endloop
  endfacet
  facet normal 0 0 1
    outer loop
      vertex 100.99 39.7195 3.4
      vertex 100.758 38.3293 3.4
      vertex 100.905 38.3014 3.4
    endloop
  endfacet
  facet normal 0 0 1
    outer loop
      vertex 100.87 39.7226 3.4
      vertex 100.61 38.3461 3.4
      vertex 100.758 38.3293 3.4
    endloop
  endfacet
  facet normal -0 0 1
    outer loop
      vertex 100.493 39.6959 3.4
      vertex 100.61 38.3461 3.4
      vertex 100.87 39.7226 3.4
    endloop
  endfacet
  facet normal 0 0 1
    outer loop
      vertex 100.493 39.6959 3.4
      vertex 100.462 38.3517 3.4
      vertex 100.61 38.3461 3.4
    endloop
  endfacet
  facet normal -0 0 1
    outer loop
      vertex 100.153 39.6158 3.4
      vertex 100.462 38.3517 3.4
      vertex 100.493 39.6959 3.4
    endloop
  endfacet
  facet normal -0 0 1
    outer loop
      vertex 99.8515 39.4824 3.4
      vertex 100.462 38.3517 3.4
      vertex 100.153 39.6158 3.4
    endloop
  endfacet
  facet normal 0 0 1
    outer loop
      vertex 100.462 38.3517 3.4
      vertex 99.8515 39.4824 3.4
      vertex 100.058 38.305 3.4
    endloop
  endfacet
  facet normal -0 0 1
    outer loop
      vertex 99.5791 39.2908 3.4
      vertex 100.058 38.305 3.4
      vertex 99.8515 39.4824 3.4
    endloop
  endfacet
  facet normal -0 0 1
    outer loop
      vertex 99.3283 39.0364 3.4
      vertex 100.058 38.305 3.4
      vertex 99.5791 39.2908 3.4
    endloop
  endfacet
  facet normal 0 0 1
    outer loop
      vertex 100.058 38.305 3.4
      vertex 99.3283 39.0364 3.4
      vertex 99.7221 38.1648 3.4
    endloop
  endfacet
  facet normal -0 0 1
    outer loop
      vertex 99.0992 38.719 3.4
      vertex 99.7221 38.1648 3.4
      vertex 99.3283 39.0364 3.4
    endloop
  endfacet
  facet normal 0 0 1
    outer loop
      vertex 99.7221 38.1648 3.4
      vertex 99.0992 38.719 3.4
      vertex 99.4528 37.9313 3.4
    endloop
  endfacet
  facet normal 0 0 1
    outer loop
      vertex 99.4528 37.9313 3.4
      vertex 99.0992 38.719 3.4
      vertex 99.2563 37.6107 3.4
    endloop
  endfacet
  facet normal 0 0 1
    outer loop
      vertex 99.2563 37.6107 3.4
      vertex 99.0992 38.719 3.4
      vertex 99.1385 37.2093 3.4
    endloop
  endfacet
  facet normal 0 0 1
    outer loop
      vertex 99.1385 37.2093 3.4
      vertex 99.0992 38.719 3.4
      vertex 99.0992 36.7272 3.4
    endloop
  endfacet
  facet normal 0 0 1
    outer loop
      vertex 87.7048 37.7351 3.4
      vertex 86.0101 37.8165 3.4
      vertex 86.0415 37.5139 3.4
    endloop
  endfacet
  facet normal 0 0 1
    outer loop
      vertex 87.036 38.9676 3.4
      vertex 85.916 38.0773 3.4
      vertex 86.0101 37.8165 3.4
    endloop
  endfacet
  facet normal 0 0 1
    outer loop
      vertex 85.5515 38.4615 3.4
      vertex 86.4788 39.387 3.4
      vertex 85.8102 39.6387 3.4
    endloop
  endfacet
  facet normal 0 0 1
    outer loop
      vertex 87.036 38.9676 3.4
      vertex 85.759 38.2963 3.4
      vertex 85.916 38.0773 3.4
    endloop
  endfacet
  facet normal 0 0 1
    outer loop
      vertex 86.4788 39.387 3.4
      vertex 85.5515 38.4615 3.4
      vertex 85.759 38.2963 3.4
    endloop
  endfacet
  facet normal 0 0 1
    outer loop
      vertex 85.8102 39.6387 3.4
      vertex 85.3055 38.5606 3.4
      vertex 85.5515 38.4615 3.4
    endloop
  endfacet
  facet normal 0 0 1
    outer loop
      vertex 85.0304 39.7226 3.4
      vertex 85.3055 38.5606 3.4
      vertex 85.8102 39.6387 3.4
    endloop
  endfacet
  facet normal 0 0 1
    outer loop
      vertex 85.0304 39.7226 3.4
      vertex 85.0209 38.5936 3.4
      vertex 85.3055 38.5606 3.4
    endloop
  endfacet
  facet normal 0 0 1
    outer loop
      vertex 85.0304 39.7226 3.4
      vertex 84.7124 38.5627 3.4
      vertex 85.0209 38.5936 3.4
    endloop
  endfacet
  facet normal -0 0 1
    outer loop
      vertex 84.1784 39.6398 3.4
      vertex 84.7124 38.5627 3.4
      vertex 85.0304 39.7226 3.4
    endloop
  endfacet
  facet normal 0 0 1
    outer loop
      vertex 84.7124 38.5627 3.4
      vertex 84.1784 39.6398 3.4
      vertex 84.445 38.4699 3.4
    endloop
  endfacet
  facet normal -0 0 1
    outer loop
      vertex 83.4577 39.3914 3.4
      vertex 84.445 38.4699 3.4
      vertex 84.1784 39.6398 3.4
    endloop
  endfacet
  facet normal 0 0 1
    outer loop
      vertex 84.445 38.4699 3.4
      vertex 83.4577 39.3914 3.4
      vertex 84.2187 38.3154 3.4
    endloop
  endfacet
  facet normal 0 0 1
    outer loop
      vertex 84.2187 38.3154 3.4
      vertex 83.4577 39.3914 3.4
      vertex 84.0388 38.1026 3.4
    endloop
  endfacet
  facet normal -0 0 1
    outer loop
      vertex 82.8683 38.9773 3.4
      vertex 84.0388 38.1026 3.4
      vertex 83.4577 39.3914 3.4
    endloop
  endfacet
  facet normal -0 0 1
    outer loop
      vertex 82.0827 36.9315 3.4
      vertex 83.8152 36.4656 3.4
      vertex 83.8342 37.5139 3.4
    endloop
  endfacet
  facet normal 0 0 1
    outer loop
      vertex 84.0388 38.1026 3.4
      vertex 82.8683 38.9773 3.4
      vertex 83.9107 37.8355 3.4
    endloop
  endfacet
  facet normal -0 0 1
    outer loop
      vertex 82.4318 38.4188 3.4
      vertex 83.9107 37.8355 3.4
      vertex 82.8683 38.9773 3.4
    endloop
  endfacet
  facet normal 0 0 1
    outer loop
      vertex 83.8152 36.4656 3.4
      vertex 82.0827 36.9315 3.4
      vertex 82.1715 36.1143 3.4
    endloop
  endfacet
  facet normal 0 0 1
    outer loop
      vertex 83.9107 37.8355 3.4
      vertex 82.4318 38.4188 3.4
      vertex 83.8342 37.5139 3.4
    endloop
  endfacet
  facet normal 0 0 1
    outer loop
      vertex 83.8152 36.4656 3.4
      vertex 82.1715 36.1143 3.4
      vertex 82.4381 35.4284 3.4
    endloop
  endfacet
  facet normal 0 0 1
    outer loop
      vertex 83.8342 37.5139 3.4
      vertex 82.4318 38.4188 3.4
      vertex 82.17 37.7369 3.4
    endloop
  endfacet
  facet normal 0 0 1
    outer loop
      vertex 83.8152 36.4656 3.4
      vertex 82.8825 34.8738 3.4
      vertex 83.4872 34.4664 3.4
    endloop
  endfacet
  facet normal 0 0 1
    outer loop
      vertex 83.8342 37.5139 3.4
      vertex 82.17 37.7369 3.4
      vertex 82.0827 36.9315 3.4
    endloop
  endfacet
  facet normal 0 0 1
    outer loop
      vertex 83.8152 36.4656 3.4
      vertex 82.4381 35.4284 3.4
      vertex 82.8825 34.8738 3.4
    endloop
  endfacet
  facet normal -0 0 1
    outer loop
      vertex 86.0415 37.5139 3.4
      vertex 87.7884 36.9495 3.4
      vertex 87.7048 37.7351 3.4
    endloop
  endfacet
  facet normal -0 0 1
    outer loop
      vertex 86.0101 37.8165 3.4
      vertex 87.7048 37.7351 3.4
      vertex 87.454 38.4078 3.4
    endloop
  endfacet
  facet normal 0 0 1
    outer loop
      vertex 86.0101 37.8165 3.4
      vertex 87.454 38.4078 3.4
      vertex 87.036 38.9676 3.4
    endloop
  endfacet
  facet normal 0 0 1
    outer loop
      vertex 85.759 38.2963 3.4
      vertex 87.036 38.9676 3.4
      vertex 86.4788 39.387 3.4
    endloop
  endfacet
  facet normal 0 0 1
    outer loop
      vertex 87.7884 36.9495 3.4
      vertex 86.0415 37.5139 3.4
      vertex 87.7884 36.4656 3.4
    endloop
  endfacet
  facet normal 0 0 1
    outer loop
      vertex 83.8152 36.4656 3.4
      vertex 86.0415 37.5139 3.4
      vertex 83.8342 37.5139 3.4
    endloop
  endfacet
  facet normal 0 0 1
    outer loop
      vertex 86.0415 37.5139 3.4
      vertex 83.8152 36.4656 3.4
      vertex 87.7884 36.4656 3.4
    endloop
  endfacet
  facet normal -0 0 1
    outer loop
      vertex 87.1446 35.7132 3.4
      vertex 87.5368 34.602 3.4
      vertex 87.5368 35.9101 3.4
    endloop
  endfacet
  facet normal -0 0 1
    outer loop
      vertex 86.7593 35.5526 3.4
      vertex 87.5368 34.602 3.4
      vertex 87.1446 35.7132 3.4
    endloop
  endfacet
  facet normal 0 0 1
    outer loop
      vertex 87.5368 34.602 3.4
      vertex 86.7593 35.5526 3.4
      vertex 87.1349 34.4621 3.4
    endloop
  endfacet
  facet normal 0 0 1
    outer loop
      vertex 86.7593 35.5526 3.4
      vertex 86.733 34.3472 3.4
      vertex 87.1349 34.4621 3.4
    endloop
  endfacet
  facet normal -0 0 1
    outer loop
      vertex 86.3809 35.4284 3.4
      vertex 86.733 34.3472 3.4
      vertex 86.7593 35.5526 3.4
    endloop
  endfacet
  facet normal 0 0 1
    outer loop
      vertex 86.3809 35.4284 3.4
      vertex 86.3311 34.2571 3.4
      vertex 86.733 34.3472 3.4
    endloop
  endfacet
  facet normal -0 0 1
    outer loop
      vertex 86.0088 35.3401 3.4
      vertex 86.3311 34.2571 3.4
      vertex 86.3809 35.4284 3.4
    endloop
  endfacet
  facet normal 0 0 1
    outer loop
      vertex 86.0088 35.3401 3.4
      vertex 85.9292 34.1923 3.4
      vertex 86.3311 34.2571 3.4
    endloop
  endfacet
  facet normal -0 0 1
    outer loop
      vertex 85.6425 35.2871 3.4
      vertex 85.9292 34.1923 3.4
      vertex 86.0088 35.3401 3.4
    endloop
  endfacet
  facet normal 0 0 1
    outer loop
      vertex 85.6425 35.2871 3.4
      vertex 85.5273 34.1535 3.4
      vertex 85.9292 34.1923 3.4
    endloop
  endfacet
  facet normal -0 0 1
    outer loop
      vertex 85.282 35.2695 3.4
      vertex 85.5273 34.1535 3.4
      vertex 85.6425 35.2871 3.4
    endloop
  endfacet
  facet normal 0 0 1
    outer loop
      vertex 85.282 35.2695 3.4
      vertex 85.1254 34.1405 3.4
      vertex 85.5273 34.1535 3.4
    endloop
  endfacet
  facet normal 0 0 1
    outer loop
      vertex 84.8717 35.3027 3.4
      vertex 85.1254 34.1405 3.4
      vertex 85.282 35.2695 3.4
    endloop
  endfacet
  facet normal 0 0 1
    outer loop
      vertex 84.2348 34.222 3.4
      vertex 84.8717 35.3027 3.4
      vertex 84.5267 35.4024 3.4
    endloop
  endfacet
  facet normal 0 0 1
    outer loop
      vertex 84.2348 34.222 3.4
      vertex 84.5267 35.4024 3.4
      vertex 84.2472 35.5685 3.4
    endloop
  endfacet
  facet normal 0 0 1
    outer loop
      vertex 84.8717 35.3027 3.4
      vertex 84.2348 34.222 3.4
      vertex 85.1254 34.1405 3.4
    endloop
  endfacet
  facet normal 0 0 1
    outer loop
      vertex 83.4872 34.4664 3.4
      vertex 84.2472 35.5685 3.4
      vertex 84.0347 35.8011 3.4
    endloop
  endfacet
  facet normal 0 0 1
    outer loop
      vertex 83.4872 34.4664 3.4
      vertex 84.0347 35.8011 3.4
      vertex 83.8907 36.1001 3.4
    endloop
  endfacet
  facet normal 0 0 1
    outer loop
      vertex 83.4872 34.4664 3.4
      vertex 83.8907 36.1001 3.4
      vertex 83.8152 36.4656 3.4
    endloop
  endfacet
  facet normal 0 0 1
    outer loop
      vertex 84.2472 35.5685 3.4
      vertex 83.4872 34.4664 3.4
      vertex 84.2348 34.222 3.4
    endloop
  endfacet
  facet normal -0 0 1
    outer loop
      vertex 63.1032 39.5971 3.4
      vertex 64.8026 38.8176 3.4
      vertex 64.8026 39.5971 3.4
    endloop
  endfacet
  facet normal 0 0 1
    outer loop
      vertex 64.8026 38.8176 3.4
      vertex 63.1032 39.5971 3.4
      vertex 64.8026 36.9338 3.4
    endloop
  endfacet
  facet normal 0 0 1
    outer loop
      vertex 64.8026 36.9338 3.4
      vertex 63.1032 39.5971 3.4
      vertex 64.8026 35.0455 3.4
    endloop
  endfacet
  facet normal 0 0 1
    outer loop
      vertex 63.1032 32.2589 3.4
      vertex 64.8026 35.0455 3.4
      vertex 63.1032 39.5971 3.4
    endloop
  endfacet
  facet normal 0 0 1
    outer loop
      vertex 64.8026 35.0455 3.4
      vertex 63.1032 32.2589 3.4
      vertex 64.8026 32.2589 3.4
    endloop
  endfacet
  facet normal -0 0 1
    outer loop
      vertex 67.0207 37.4 3.4
      vertex 68.8089 36.9315 3.4
      vertex 68.7388 37.7013 3.4
    endloop
  endfacet
  facet normal 0 0 1
    outer loop
      vertex 67.0207 37.4 3.4
      vertex 68.7388 37.7013 3.4
      vertex 68.5283 38.3713 3.4
    endloop
  endfacet
  facet normal 0 0 1
    outer loop
      vertex 67.0207 36.4676 3.4
      vertex 68.8089 36.9315 3.4
      vertex 67.0526 36.9338 3.4
    endloop
  endfacet
  facet normal 0 0 1
    outer loop
      vertex 66.925 37.786 3.4
      vertex 68.5283 38.3713 3.4
      vertex 68.1776 38.9417 3.4
    endloop
  endfacet
  facet normal 0 0 1
    outer loop
      vertex 68.8089 36.9315 3.4
      vertex 67.0207 36.4676 3.4
      vertex 68.7388 36.1618 3.4
    endloop
  endfacet
  facet normal 0 0 1
    outer loop
      vertex 66.7654 38.0919 3.4
      vertex 68.1776 38.9417 3.4
      vertex 67.7177 39.3755 3.4
    endloop
  endfacet
  facet normal 0 0 1
    outer loop
      vertex 68.7388 36.1618 3.4
      vertex 67.0207 36.4676 3.4
      vertex 68.5283 35.4917 3.4
    endloop
  endfacet
  facet normal 0 0 1
    outer loop
      vertex 66.5452 38.3134 3.4
      vertex 67.7177 39.3755 3.4
      vertex 67.1797 39.6358 3.4
    endloop
  endfacet
  facet normal 0 0 1
    outer loop
      vertex 68.8089 36.9315 3.4
      vertex 67.0207 37.4 3.4
      vertex 67.0526 36.9338 3.4
    endloop
  endfacet
  facet normal 0 0 1
    outer loop
      vertex 68.5283 35.4917 3.4
      vertex 66.925 36.0815 3.4
      vertex 68.1776 34.9213 3.4
    endloop
  endfacet
  facet normal -0 0 1
    outer loop
      vertex 66.925 36.0815 3.4
      vertex 68.5283 35.4917 3.4
      vertex 67.0207 36.4676 3.4
    endloop
  endfacet
  facet normal 0 0 1
    outer loop
      vertex 68.5283 38.3713 3.4
      vertex 66.925 37.786 3.4
      vertex 67.0207 37.4 3.4
    endloop
  endfacet
  facet normal 0 0 1
    outer loop
      vertex 68.1776 38.9417 3.4
      vertex 66.7654 38.0919 3.4
      vertex 66.925 37.786 3.4
    endloop
  endfacet
  facet normal 0 0 1
    outer loop
      vertex 66.5452 38.3134 3.4
      vertex 67.1797 39.6358 3.4
      vertex 66.5636 39.7226 3.4
    endloop
  endfacet
  facet normal 0 0 1
    outer loop
      vertex 67.7177 39.3755 3.4
      vertex 66.5452 38.3134 3.4
      vertex 66.7654 38.0919 3.4
    endloop
  endfacet
  facet normal 0 0 1
    outer loop
      vertex 66.5636 39.7226 3.4
      vertex 66.2675 38.4463 3.4
      vertex 66.5452 38.3134 3.4
    endloop
  endfacet
  facet normal -0 0 1
    outer loop
      vertex 66.2076 39.6981 3.4
      vertex 66.2675 38.4463 3.4
      vertex 66.5636 39.7226 3.4
    endloop
  endfacet
  facet normal 0 0 1
    outer loop
      vertex 66.2076 39.6981 3.4
      vertex 65.9323 38.4906 3.4
      vertex 66.2675 38.4463 3.4
    endloop
  endfacet
  facet normal -0 0 1
    outer loop
      vertex 65.8801 39.6246 3.4
      vertex 65.9323 38.4906 3.4
      vertex 66.2076 39.6981 3.4
    endloop
  endfacet
  facet normal -0 0 1
    outer loop
      vertex 65.5811 39.5022 3.4
      vertex 65.9323 38.4906 3.4
      vertex 65.8801 39.6246 3.4
    endloop
  endfacet
  facet normal -0 0 1
    outer loop
      vertex 65.3047 39.3282 3.4
      vertex 65.9323 38.4906 3.4
      vertex 65.5811 39.5022 3.4
    endloop
  endfacet
  facet normal 0 0 1
    outer loop
      vertex 65.9323 38.4906 3.4
      vertex 65.3047 39.3282 3.4
      vertex 65.5966 38.446 3.4
    endloop
  endfacet
  facet normal -0 0 1
    outer loop
      vertex 65.0452 39.1 3.4
      vertex 65.5966 38.446 3.4
      vertex 65.3047 39.3282 3.4
    endloop
  endfacet
  facet normal 0 0 1
    outer loop
      vertex 65.5966 38.446 3.4
      vertex 65.0452 39.1 3.4
      vertex 65.3174 38.3123 3.4
    endloop
  endfacet
  facet normal -0 0 1
    outer loop
      vertex 64.8026 38.8176 3.4
      vertex 65.3174 38.3123 3.4
      vertex 65.0452 39.1 3.4
    endloop
  endfacet
  facet normal 0 0 1
    outer loop
      vertex 65.3174 38.3123 3.4
      vertex 64.8026 38.8176 3.4
      vertex 65.0945 38.0895 3.4
    endloop
  endfacet
  facet normal 0 0 1
    outer loop
      vertex 65.0945 38.0895 3.4
      vertex 64.8026 38.8176 3.4
      vertex 64.9323 37.7828 3.4
    endloop
  endfacet
  facet normal 0 0 1
    outer loop
      vertex 64.9323 37.7828 3.4
      vertex 64.8026 38.8176 3.4
      vertex 64.835 37.3976 3.4
    endloop
  endfacet
  facet normal 0 0 1
    outer loop
      vertex 64.835 37.3976 3.4
      vertex 64.8026 38.8176 3.4
      vertex 64.8026 36.9338 3.4
    endloop
  endfacet
  facet normal -0 0 1
    outer loop
      vertex 66.7654 35.7756 3.4
      vertex 68.1776 34.9213 3.4
      vertex 66.925 36.0815 3.4
    endloop
  endfacet
  facet normal 0 0 1
    outer loop
      vertex 68.1776 34.9213 3.4
      vertex 66.7654 35.7756 3.4
      vertex 67.7177 34.4875 3.4
    endloop
  endfacet
  facet normal -0 0 1
    outer loop
      vertex 66.5452 35.5542 3.4
      vertex 67.7177 34.4875 3.4
      vertex 66.7654 35.7756 3.4
    endloop
  endfacet
  facet normal 0 0 1
    outer loop
      vertex 67.7177 34.4875 3.4
      vertex 66.5452 35.5542 3.4
      vertex 67.1797 34.2273 3.4
    endloop
  endfacet
  facet normal 0 0 1
    outer loop
      vertex 67.1797 34.2273 3.4
      vertex 66.5452 35.5542 3.4
      vertex 66.5636 34.1405 3.4
    endloop
  endfacet
  facet normal -0 0 1
    outer loop
      vertex 66.2675 35.4213 3.4
      vertex 66.5636 34.1405 3.4
      vertex 66.5452 35.5542 3.4
    endloop
  endfacet
  facet normal 0 0 1
    outer loop
      vertex 66.2675 35.4213 3.4
      vertex 66.2076 34.165 3.4
      vertex 66.5636 34.1405 3.4
    endloop
  endfacet
  facet normal -0 0 1
    outer loop
      vertex 65.9323 35.377 3.4
      vertex 66.2076 34.165 3.4
      vertex 66.2675 35.4213 3.4
    endloop
  endfacet
  facet normal 0 0 1
    outer loop
      vertex 65.9323 35.377 3.4
      vertex 65.8801 34.2384 3.4
      vertex 66.2076 34.165 3.4
    endloop
  endfacet
  facet normal 0 0 1
    outer loop
      vertex 65.3047 34.5348 3.4
      vertex 65.9323 35.377 3.4
      vertex 65.5966 35.4215 3.4
    endloop
  endfacet
  facet normal 0 0 1
    outer loop
      vertex 65.9323 35.377 3.4
      vertex 65.5811 34.3608 3.4
      vertex 65.8801 34.2384 3.4
    endloop
  endfacet
  facet normal 0 0 1
    outer loop
      vertex 65.0452 34.763 3.4
      vertex 65.5966 35.4215 3.4
      vertex 65.3174 35.5552 3.4
    endloop
  endfacet
  facet normal 0 0 1
    outer loop
      vertex 65.9323 35.377 3.4
      vertex 65.3047 34.5348 3.4
      vertex 65.5811 34.3608 3.4
    endloop
  endfacet
  facet normal 0 0 1
    outer loop
      vertex 64.8026 35.0455 3.4
      vertex 65.3174 35.5552 3.4
      vertex 65.0945 35.778 3.4
    endloop
  endfacet
  facet normal 0 0 1
    outer loop
      vertex 65.5966 35.4215 3.4
      vertex 65.0452 34.763 3.4
      vertex 65.3047 34.5348 3.4
    endloop
  endfacet
  facet normal 0 0 1
    outer loop
      vertex 64.8026 35.0455 3.4
      vertex 65.0945 35.778 3.4
      vertex 64.9323 36.0847 3.4
    endloop
  endfacet
  facet normal 0 0 1
    outer loop
      vertex 64.8026 35.0455 3.4
      vertex 64.9323 36.0847 3.4
      vertex 64.835 36.47 3.4
    endloop
  endfacet
  facet normal 0 0 1
    outer loop
      vertex 65.3174 35.5552 3.4
      vertex 64.8026 35.0455 3.4
      vertex 65.0452 34.763 3.4
    endloop
  endfacet
  facet normal 0 0 1
    outer loop
      vertex 64.8026 35.0455 3.4
      vertex 64.835 36.47 3.4
      vertex 64.8026 36.9338 3.4
    endloop
  endfacet
  facet normal -0 0 1
    outer loop
      vertex 73.5409 37.4015 3.4
      vertex 75.3442 36.9315 3.4
      vertex 75.2585 37.7416 3.4
    endloop
  endfacet
  facet normal 0 0 1
    outer loop
      vertex 73.5409 37.4015 3.4
      vertex 75.2585 37.7416 3.4
      vertex 75.0013 38.4251 3.4
    endloop
  endfacet
  facet normal 0 0 1
    outer loop
      vertex 73.5409 36.4616 3.4
      vertex 75.3442 36.9315 3.4
      vertex 73.5736 36.9315 3.4
    endloop
  endfacet
  facet normal 0 0 1
    outer loop
      vertex 73.4428 37.7918 3.4
      vertex 75.0013 38.4251 3.4
      vertex 74.5728 38.982 3.4
    endloop
  endfacet
  facet normal 0 0 1
    outer loop
      vertex 75.3442 36.9315 3.4
      vertex 73.5409 36.4616 3.4
      vertex 75.2585 36.1215 3.4
    endloop
  endfacet
  facet normal 0 0 1
    outer loop
      vertex 73.2792 38.1023 3.4
      vertex 74.5728 38.982 3.4
      vertex 73.9918 39.3934 3.4
    endloop
  endfacet
  facet normal 0 0 1
    outer loop
      vertex 75.3442 36.9315 3.4
      vertex 73.5409 37.4015 3.4
      vertex 73.5736 36.9315 3.4
    endloop
  endfacet
  facet normal -0 0 1
    outer loop
      vertex 73.4428 36.0713 3.4
      vertex 75.0013 35.4379 3.4
      vertex 73.5409 36.4616 3.4
    endloop
  endfacet
  facet normal 0 0 1
    outer loop
      vertex 75.2585 36.1215 3.4
      vertex 73.5409 36.4616 3.4
      vertex 75.0013 35.4379 3.4
    endloop
  endfacet
  facet normal 0 0 1
    outer loop
      vertex 75.0013 38.4251 3.4
      vertex 73.4428 37.7918 3.4
      vertex 73.5409 37.4015 3.4
    endloop
  endfacet
  facet normal 0 0 1
    outer loop
      vertex 74.5728 38.982 3.4
      vertex 73.2792 38.1023 3.4
      vertex 73.4428 37.7918 3.4
    endloop
  endfacet
  facet normal 0 0 1
    outer loop
      vertex 73.054 38.328 3.4
      vertex 73.9918 39.3934 3.4
      vertex 73.2774 39.6403 3.4
    endloop
  endfacet
  facet normal 0 0 1
    outer loop
      vertex 73.9918 39.3934 3.4
      vertex 73.054 38.328 3.4
      vertex 73.2792 38.1023 3.4
    endloop
  endfacet
  facet normal 0 0 1
    outer loop
      vertex 73.2774 39.6403 3.4
      vertex 72.7708 38.4634 3.4
      vertex 73.054 38.328 3.4
    endloop
  endfacet
  facet normal 0 0 1
    outer loop
      vertex 72.4296 39.7226 3.4
      vertex 72.7708 38.4634 3.4
      vertex 73.2774 39.6403 3.4
    endloop
  endfacet
  facet normal 0 0 1
    outer loop
      vertex 72.4296 39.7226 3.4
      vertex 72.4296 38.5085 3.4
      vertex 72.7708 38.4634 3.4
    endloop
  endfacet
  facet normal 0 0 1
    outer loop
      vertex 72.4296 39.7226 3.4
      vertex 72.0828 38.4634 3.4
      vertex 72.4296 38.5085 3.4
    endloop
  endfacet
  facet normal -0 0 1
    outer loop
      vertex 71.5786 39.6403 3.4
      vertex 72.0828 38.4634 3.4
      vertex 72.4296 39.7226 3.4
    endloop
  endfacet
  facet normal 0 0 1
    outer loop
      vertex 72.0828 38.4634 3.4
      vertex 71.5786 39.6403 3.4
      vertex 71.7956 38.328 3.4
    endloop
  endfacet
  facet normal -0 0 1
    outer loop
      vertex 70.861 39.3934 3.4
      vertex 71.7956 38.328 3.4
      vertex 71.5786 39.6403 3.4
    endloop
  endfacet
  facet normal 0 0 1
    outer loop
      vertex 71.7956 38.328 3.4
      vertex 70.861 39.3934 3.4
      vertex 71.568 38.1023 3.4
    endloop
  endfacet
  facet normal -0 0 1
    outer loop
      vertex 70.2769 38.982 3.4
      vertex 71.568 38.1023 3.4
      vertex 70.861 39.3934 3.4
    endloop
  endfacet
  facet normal -0 0 1
    outer loop
      vertex 69.8457 38.4251 3.4
      vertex 71.4032 37.7918 3.4
      vertex 70.2769 38.982 3.4
    endloop
  endfacet
  facet normal 0 0 1
    outer loop
      vertex 71.568 38.1023 3.4
      vertex 70.2769 38.982 3.4
      vertex 71.4032 37.7918 3.4
    endloop
  endfacet
  facet normal 0 0 1
    outer loop
      vertex 75.0013 35.4379 3.4
      vertex 73.4428 36.0713 3.4
      vertex 74.5728 34.881 3.4
    endloop
  endfacet
  facet normal -0 0 1
    outer loop
      vertex 73.2792 35.7607 3.4
      vertex 74.5728 34.881 3.4
      vertex 73.4428 36.0713 3.4
    endloop
  endfacet
  facet normal 0 0 1
    outer loop
      vertex 74.5728 34.881 3.4
      vertex 73.2792 35.7607 3.4
      vertex 73.9918 34.4696 3.4
    endloop
  endfacet
  facet normal -0 0 1
    outer loop
      vertex 73.054 35.5351 3.4
      vertex 73.9918 34.4696 3.4
      vertex 73.2792 35.7607 3.4
    endloop
  endfacet
  facet normal 0 0 1
    outer loop
      vertex 73.9918 34.4696 3.4
      vertex 73.054 35.5351 3.4
      vertex 73.2774 34.2228 3.4
    endloop
  endfacet
  facet normal -0 0 1
    outer loop
      vertex 72.7708 35.3997 3.4
      vertex 73.2774 34.2228 3.4
      vertex 73.054 35.5351 3.4
    endloop
  endfacet
  facet normal 0 0 1
    outer loop
      vertex 72.4296 34.1405 3.4
      vertex 72.7708 35.3997 3.4
      vertex 72.4296 35.3546 3.4
    endloop
  endfacet
  facet normal 0 0 1
    outer loop
      vertex 72.7708 35.3997 3.4
      vertex 72.4296 34.1405 3.4
      vertex 73.2774 34.2228 3.4
    endloop
  endfacet
  facet normal 0 0 1
    outer loop
      vertex 72.0828 35.3997 3.4
      vertex 72.4296 34.1405 3.4
      vertex 72.4296 35.3546 3.4
    endloop
  endfacet
  facet normal 0 0 1
    outer loop
      vertex 71.5786 34.2228 3.4
      vertex 72.0828 35.3997 3.4
      vertex 71.7956 35.5351 3.4
    endloop
  endfacet
  facet normal 0 0 1
    outer loop
      vertex 72.0828 35.3997 3.4
      vertex 71.5786 34.2228 3.4
      vertex 72.4296 34.1405 3.4
    endloop
  endfacet
  facet normal 0 0 1
    outer loop
      vertex 70.861 34.4696 3.4
      vertex 71.7956 35.5351 3.4
      vertex 71.568 35.7607 3.4
    endloop
  endfacet
  facet normal 0 0 1
    outer loop
      vertex 70.2769 34.881 3.4
      vertex 71.568 35.7607 3.4
      vertex 71.4032 36.0713 3.4
    endloop
  endfacet
  facet normal 0 0 1
    outer loop
      vertex 69.8457 35.4379 3.4
      vertex 71.4032 36.0713 3.4
      vertex 71.3043 36.4616 3.4
    endloop
  endfacet
  facet normal 0 0 1
    outer loop
      vertex 71.4032 37.7918 3.4
      vertex 69.8457 38.4251 3.4
      vertex 71.3043 37.4015 3.4
    endloop
  endfacet
  facet normal -0 0 1
    outer loop
      vertex 69.587 37.7416 3.4
      vertex 71.3043 37.4015 3.4
      vertex 69.8457 38.4251 3.4
    endloop
  endfacet
  facet normal 0 -0 1
    outer loop
      vertex 69.587 36.1215 3.4
      vertex 71.3043 36.4616 3.4
      vertex 69.5008 36.9315 3.4
    endloop
  endfacet
  facet normal 0 0 1
    outer loop
      vertex 69.5008 36.9315 3.4
      vertex 71.3043 37.4015 3.4
      vertex 69.587 37.7416 3.4
    endloop
  endfacet
  facet normal 0 -0 1
    outer loop
      vertex 69.8457 35.4379 3.4
      vertex 71.3043 36.4616 3.4
      vertex 69.587 36.1215 3.4
    endloop
  endfacet
  facet normal 0 0 1
    outer loop
      vertex 71.3043 37.4015 3.4
      vertex 69.5008 36.9315 3.4
      vertex 71.2713 36.9315 3.4
    endloop
  endfacet
  facet normal 0 0 1
    outer loop
      vertex 71.7956 35.5351 3.4
      vertex 70.861 34.4696 3.4
      vertex 71.5786 34.2228 3.4
    endloop
  endfacet
  facet normal 0 0 1
    outer loop
      vertex 71.2713 36.9315 3.4
      vertex 69.5008 36.9315 3.4
      vertex 71.3043 36.4616 3.4
    endloop
  endfacet
  facet normal 0 0 1
    outer loop
      vertex 71.568 35.7607 3.4
      vertex 70.2769 34.881 3.4
      vertex 70.861 34.4696 3.4
    endloop
  endfacet
  facet normal 0 0 1
    outer loop
      vertex 71.4032 36.0713 3.4
      vertex 69.8457 35.4379 3.4
      vertex 70.2769 34.881 3.4
    endloop
  endfacet
  facet normal -0 0 1
    outer loop
      vertex 131.714 39.5971 3.4
      vertex 133.423 39.0651 3.4
      vertex 133.423 39.5971 3.4
    endloop
  endfacet
  facet normal 0 0 1
    outer loop
      vertex 133.423 39.0651 3.4
      vertex 131.714 39.5971 3.4
      vertex 133.422 38.7523 3.4
    endloop
  endfacet
  facet normal 0 0 1
    outer loop
      vertex 133.422 38.7523 3.4
      vertex 131.714 39.5971 3.4
      vertex 133.42 38.3905 3.4
    endloop
  endfacet
  facet normal 0 0 1
    outer loop
      vertex 133.42 38.3905 3.4
      vertex 131.714 39.5971 3.4
      vertex 133.418 37.9796 3.4
    endloop
  endfacet
  facet normal 0 0 1
    outer loop
      vertex 131.714 36.3478 3.4
      vertex 133.418 37.9796 3.4
      vertex 131.714 39.5971 3.4
    endloop
  endfacet
  facet normal 0 0 1
    outer loop
      vertex 131.714 36.3478 3.4
      vertex 133.413 37.1079 3.4
      vertex 133.414 37.3018 3.4
    endloop
  endfacet
  facet normal 0 0 1
    outer loop
      vertex 133.418 37.9796 3.4
      vertex 131.714 36.3478 3.4
      vertex 133.415 37.5924 3.4
    endloop
  endfacet
  facet normal 0 0 1
    outer loop
      vertex 133.413 37.1079 3.4
      vertex 131.714 36.3478 3.4
      vertex 131.767 35.6864 3.4
    endloop
  endfacet
  facet normal 0 0 1
    outer loop
      vertex 133.413 37.1079 3.4
      vertex 131.767 35.6864 3.4
      vertex 131.928 35.1389 3.4
    endloop
  endfacet
  facet normal 0 -0 1
    outer loop
      vertex 132.195 34.7053 3.4
      vertex 133.413 37.1079 3.4
      vertex 131.928 35.1389 3.4
    endloop
  endfacet
  facet normal 0 0 1
    outer loop
      vertex 133.413 37.1079 3.4
      vertex 132.565 34.3915 3.4
      vertex 133.033 34.2033 3.4
    endloop
  endfacet
  facet normal 0 0 1
    outer loop
      vertex 133.415 37.5924 3.4
      vertex 131.714 36.3478 3.4
      vertex 133.414 37.3018 3.4
    endloop
  endfacet
  facet normal 0 0 1
    outer loop
      vertex 133.413 37.1079 3.4
      vertex 132.195 34.7053 3.4
      vertex 132.565 34.3915 3.4
    endloop
  endfacet
  facet normal -0 0 1
    outer loop
      vertex 135.224 36.1425 3.4
      vertex 137.059 34.2794 3.4
      vertex 135.325 36.521 3.4
    endloop
  endfacet
  facet normal 0 0 1
    outer loop
      vertex 137.059 34.2794 3.4
      vertex 135.224 36.1425 3.4
      vertex 135.359 35.0455 3.4
    endloop
  endfacet
  facet normal -0 0 1
    outer loop
      vertex 135.055 35.8348 3.4
      vertex 135.359 35.0455 3.4
      vertex 135.224 36.1425 3.4
    endloop
  endfacet
  facet normal -0 0 1
    outer loop
      vertex 134.828 35.6078 3.4
      vertex 135.359 35.0455 3.4
      vertex 135.055 35.8348 3.4
    endloop
  endfacet
  facet normal 0 0 1
    outer loop
      vertex 135.359 35.0455 3.4
      vertex 134.828 35.6078 3.4
      vertex 135.098 34.763 3.4
    endloop
  endfacet
  facet normal -0 0 1
    outer loop
      vertex 134.549 35.4717 3.4
      vertex 135.098 34.763 3.4
      vertex 134.828 35.6078 3.4
    endloop
  endfacet
  facet normal 0 0 1
    outer loop
      vertex 135.098 34.763 3.4
      vertex 134.549 35.4717 3.4
      vertex 134.826 34.5348 3.4
    endloop
  endfacet
  facet normal -0 0 1
    outer loop
      vertex 134.22 35.4263 3.4
      vertex 134.826 34.5348 3.4
      vertex 134.549 35.4717 3.4
    endloop
  endfacet
  facet normal 0 0 1
    outer loop
      vertex 134.826 34.5348 3.4
      vertex 134.22 35.4263 3.4
      vertex 134.545 34.3608 3.4
    endloop
  endfacet
  facet normal 0 0 1
    outer loop
      vertex 134.545 34.3608 3.4
      vertex 134.22 35.4263 3.4
      vertex 134.249 34.2384 3.4
    endloop
  endfacet
  facet normal 0 0 1
    outer loop
      vertex 134.08 35.4363 3.4
      vertex 134.249 34.2384 3.4
      vertex 134.22 35.4263 3.4
    endloop
  endfacet
  facet normal 0 0 1
    outer loop
      vertex 133.933 34.165 3.4
      vertex 134.08 35.4363 3.4
      vertex 133.951 35.4664 3.4
    endloop
  endfacet
  facet normal 0 0 1
    outer loop
      vertex 134.08 35.4363 3.4
      vertex 133.933 34.165 3.4
      vertex 134.249 34.2384 3.4
    endloop
  endfacet
  facet normal 0 0 1
    outer loop
      vertex 133.598 34.1405 3.4
      vertex 133.951 35.4664 3.4
      vertex 133.833 35.5165 3.4
    endloop
  endfacet
  facet normal 0 0 1
    outer loop
      vertex 133.033 34.2033 3.4
      vertex 133.833 35.5165 3.4
      vertex 133.728 35.5851 3.4
    endloop
  endfacet
  facet normal 0 0 1
    outer loop
      vertex 133.033 34.2033 3.4
      vertex 133.728 35.5851 3.4
      vertex 133.637 35.6706 3.4
    endloop
  endfacet
  facet normal 0 0 1
    outer loop
      vertex 133.951 35.4664 3.4
      vertex 133.598 34.1405 3.4
      vertex 133.933 34.165 3.4
    endloop
  endfacet
  facet normal 0 0 1
    outer loop
      vertex 133.033 34.2033 3.4
      vertex 133.637 35.6706 3.4
      vertex 133.56 35.773 3.4
    endloop
  endfacet
  facet normal 0 0 1
    outer loop
      vertex 133.033 34.2033 3.4
      vertex 133.56 35.773 3.4
      vertex 133.512 35.8757 3.4
    endloop
  endfacet
  facet normal 0 0 1
    outer loop
      vertex 133.033 34.2033 3.4
      vertex 133.512 35.8757 3.4
      vertex 133.474 36.0127 3.4
    endloop
  endfacet
  facet normal 0 0 1
    outer loop
      vertex 133.033 34.2033 3.4
      vertex 133.474 36.0127 3.4
      vertex 133.446 36.1839 3.4
    endloop
  endfacet
  facet normal 0 0 1
    outer loop
      vertex 133.033 34.2033 3.4
      vertex 133.446 36.1839 3.4
      vertex 133.428 36.4122 3.4
    endloop
  endfacet
  facet normal 0 0 1
    outer loop
      vertex 133.833 35.5165 3.4
      vertex 133.033 34.2033 3.4
      vertex 133.598 34.1405 3.4
    endloop
  endfacet
  facet normal 0 0 1
    outer loop
      vertex 133.417 36.7202 3.4
      vertex 133.033 34.2033 3.4
      vertex 133.428 36.4122 3.4
    endloop
  endfacet
  facet normal 0 0 1
    outer loop
      vertex 133.033 34.2033 3.4
      vertex 133.417 36.7202 3.4
      vertex 133.413 37.1079 3.4
    endloop
  endfacet
  facet normal 0 0 1
    outer loop
      vertex 135.359 36.9702 3.4
      vertex 137.059 39.5971 3.4
      vertex 135.359 39.5971 3.4
    endloop
  endfacet
  facet normal 0 0 1
    outer loop
      vertex 137.059 39.5971 3.4
      vertex 135.359 36.9702 3.4
      vertex 137.059 34.2794 3.4
    endloop
  endfacet
  facet normal -0 0 1
    outer loop
      vertex 135.325 36.521 3.4
      vertex 137.059 34.2794 3.4
      vertex 135.359 36.9702 3.4
    endloop
  endfacet
  facet normal 0 0 1
    outer loop
      vertex 137.059 34.2794 3.4
      vertex 135.359 35.0455 3.4
      vertex 135.359 34.2794 3.4
    endloop
  endfacet
  facet normal -0 0 1
    outer loop
      vertex 88.6311 37.7693 3.4
      vertex 91.6121 36.3895 3.4
      vertex 91.6121 37.7693 3.4
    endloop
  endfacet
  facet normal 0 0 1
    outer loop
      vertex 91.6121 36.3895 3.4
      vertex 88.6311 37.7693 3.4
      vertex 88.6311 36.3895 3.4
    endloop
  endfacet
  facet normal -0 0 1
    outer loop
      vertex 121.9 36.1162 3.4
      vertex 123.609 34.2794 3.4
      vertex 123.609 36.1162 3.4
    endloop
  endfacet
  facet normal 0 0 1
    outer loop
      vertex 123.609 34.2794 3.4
      vertex 121.9 36.1162 3.4
      vertex 121.9 34.2794 3.4
    endloop
  endfacet
  facet normal -0.21766 0.976025 0
    outer loop
      vertex 111.036 34.2374 3.4
      vertex 110.71 34.1647 4
      vertex 111.036 34.2374 4
    endloop
  endfacet
  facet normal -0.21766 0.976025 0
    outer loop
      vertex 110.71 34.1647 4
      vertex 111.036 34.2374 3.4
      vertex 110.71 34.1647 3.4
    endloop
  endfacet
  facet normal -0.378389 0.925647 0
    outer loop
      vertex 111.332 34.3584 3.4
      vertex 111.036 34.2374 4
      vertex 111.332 34.3584 4
    endloop
  endfacet
  facet normal -0.378389 0.925647 0
    outer loop
      vertex 111.036 34.2374 4
      vertex 111.332 34.3584 3.4
      vertex 111.036 34.2374 3.4
    endloop
  endfacet
  facet normal -0.534318 0.845284 0
    outer loop
      vertex 111.606 34.5316 3.4
      vertex 111.332 34.3584 4
      vertex 111.606 34.5316 4
    endloop
  endfacet
  facet normal -0.534318 0.845284 0
    outer loop
      vertex 111.332 34.3584 4
      vertex 111.606 34.5316 3.4
      vertex 111.332 34.3584 3.4
    endloop
  endfacet
  facet normal -0.663824 0.747889 0
    outer loop
      vertex 111.864 34.7606 3.4
      vertex 111.606 34.5316 4
      vertex 111.864 34.7606 4
    endloop
  endfacet
  facet normal -0.663824 0.747889 0
    outer loop
      vertex 111.606 34.5316 4
      vertex 111.864 34.7606 3.4
      vertex 111.606 34.5316 3.4
    endloop
  endfacet
  facet normal -0.762157 0.647392 0
    outer loop
      vertex 111.864 34.7606 3.4
      vertex 112.106 35.0455 4
      vertex 112.106 35.0455 3.4
    endloop
  endfacet
  facet normal -0.762157 0.647392 0
    outer loop
      vertex 112.106 35.0455 4
      vertex 111.864 34.7606 3.4
      vertex 111.864 34.7606 4
    endloop
  endfacet
  facet normal 1 -0 0
    outer loop
      vertex 112.106 34.2794 4
      vertex 112.106 35.0455 3.4
      vertex 112.106 35.0455 4
    endloop
  endfacet
  facet normal 1 0 0
    outer loop
      vertex 112.106 35.0455 3.4
      vertex 112.106 34.2794 4
      vertex 112.106 34.2794 3.4
    endloop
  endfacet
  facet normal 0 1 -0
    outer loop
      vertex 113.815 34.2794 3.4
      vertex 112.106 34.2794 4
      vertex 113.815 34.2794 4
    endloop
  endfacet
  facet normal 0 1 0
    outer loop
      vertex 112.106 34.2794 4
      vertex 113.815 34.2794 3.4
      vertex 112.106 34.2794 3.4
    endloop
  endfacet
  facet normal -1 0 0
    outer loop
      vertex 113.815 34.2794 3.4
      vertex 113.815 41.6669 4
      vertex 113.815 41.6669 3.4
    endloop
  endfacet
  facet normal -1 -0 0
    outer loop
      vertex 113.815 41.6669 4
      vertex 113.815 34.2794 3.4
      vertex 113.815 34.2794 4
    endloop
  endfacet
  facet normal 0 -1 0
    outer loop
      vertex 112.106 41.6669 3.4
      vertex 113.815 41.6669 4
      vertex 112.106 41.6669 4
    endloop
  endfacet
  facet normal 0 -1 -0
    outer loop
      vertex 113.815 41.6669 4
      vertex 112.106 41.6669 3.4
      vertex 113.815 41.6669 3.4
    endloop
  endfacet
  facet normal 1 -0 0
    outer loop
      vertex 112.106 38.8176 4
      vertex 112.106 41.6669 3.4
      vertex 112.106 41.6669 4
    endloop
  endfacet
  facet normal 1 0 0
    outer loop
      vertex 112.106 41.6669 3.4
      vertex 112.106 38.8176 4
      vertex 112.106 38.8176 3.4
    endloop
  endfacet
  facet normal -0.759333 -0.650703 0
    outer loop
      vertex 112.106 38.8176 3.4
      vertex 111.864 39.1 4
      vertex 111.864 39.1 3.4
    endloop
  endfacet
  facet normal -0.759333 -0.650703 0
    outer loop
      vertex 111.864 39.1 4
      vertex 112.106 38.8176 3.4
      vertex 112.106 38.8176 4
    endloop
  endfacet
  facet normal -0.661085 -0.750311 0
    outer loop
      vertex 111.605 39.3282 3.4
      vertex 111.864 39.1 4
      vertex 111.605 39.3282 4
    endloop
  endfacet
  facet normal -0.661085 -0.750311 -0
    outer loop
      vertex 111.864 39.1 4
      vertex 111.605 39.3282 3.4
      vertex 111.864 39.1 3.4
    endloop
  endfacet
  facet normal -0.534686 -0.845051 0
    outer loop
      vertex 111.33 39.5022 3.4
      vertex 111.605 39.3282 4
      vertex 111.33 39.5022 4
    endloop
  endfacet
  facet normal -0.534686 -0.845051 -0
    outer loop
      vertex 111.605 39.3282 4
      vertex 111.33 39.5022 3.4
      vertex 111.605 39.3282 3.4
    endloop
  endfacet
  facet normal -0.381032 -0.924562 0
    outer loop
      vertex 111.033 39.6246 3.4
      vertex 111.33 39.5022 4
      vertex 111.033 39.6246 4
    endloop
  endfacet
  facet normal -0.381032 -0.924562 -0
    outer loop
      vertex 111.33 39.5022 4
      vertex 111.033 39.6246 3.4
      vertex 111.33 39.5022 3.4
    endloop
  endfacet
  facet normal -0.219939 -0.975514 0
    outer loop
      vertex 110.707 39.6981 3.4
      vertex 111.033 39.6246 4
      vertex 110.707 39.6981 4
    endloop
  endfacet
  facet normal -0.219939 -0.975514 -0
    outer loop
      vertex 111.033 39.6246 4
      vertex 110.707 39.6981 3.4
      vertex 111.033 39.6246 3.4
    endloop
  endfacet
  facet normal -0.0692385 -0.9976 0
    outer loop
      vertex 110.354 39.7226 3.4
      vertex 110.707 39.6981 4
      vertex 110.354 39.7226 4
    endloop
  endfacet
  facet normal -0.0692385 -0.9976 -0
    outer loop
      vertex 110.707 39.6981 4
      vertex 110.354 39.7226 3.4
      vertex 110.707 39.6981 3.4
    endloop
  endfacet
  facet normal 0.139531 -0.990218 0
    outer loop
      vertex 109.738 39.6358 3.4
      vertex 110.354 39.7226 4
      vertex 109.738 39.6358 4
    endloop
  endfacet
  facet normal 0.139531 -0.990218 0
    outer loop
      vertex 110.354 39.7226 4
      vertex 109.738 39.6358 3.4
      vertex 110.354 39.7226 3.4
    endloop
  endfacet
  facet normal 0.43553 -0.900174 0
    outer loop
      vertex 109.2 39.3755 3.4
      vertex 109.738 39.6358 4
      vertex 109.2 39.3755 4
    endloop
  endfacet
  facet normal 0.43553 -0.900174 0
    outer loop
      vertex 109.738 39.6358 4
      vertex 109.2 39.3755 3.4
      vertex 109.738 39.6358 3.4
    endloop
  endfacet
  facet normal 0.686085 -0.727522 0
    outer loop
      vertex 108.74 38.9417 3.4
      vertex 109.2 39.3755 4
      vertex 108.74 38.9417 4
    endloop
  endfacet
  facet normal 0.686085 -0.727522 0
    outer loop
      vertex 109.2 39.3755 4
      vertex 108.74 38.9417 3.4
      vertex 109.2 39.3755 3.4
    endloop
  endfacet
  facet normal 0.852335 -0.522996 0
    outer loop
      vertex 108.39 38.3713 4
      vertex 108.74 38.9417 3.4
      vertex 108.74 38.9417 4
    endloop
  endfacet
  facet normal 0.852335 -0.522996 0
    outer loop
      vertex 108.74 38.9417 3.4
      vertex 108.39 38.3713 4
      vertex 108.39 38.3713 3.4
    endloop
  endfacet
  facet normal 0.953819 -0.300382 0
    outer loop
      vertex 108.179 37.7013 4
      vertex 108.39 38.3713 3.4
      vertex 108.39 38.3713 4
    endloop
  endfacet
  facet normal 0.953819 -0.300382 0
    outer loop
      vertex 108.39 38.3713 3.4
      vertex 108.179 37.7013 4
      vertex 108.179 37.7013 3.4
    endloop
  endfacet
  facet normal 0.995891 -0.0905591 0
    outer loop
      vertex 108.109 36.9315 4
      vertex 108.179 37.7013 3.4
      vertex 108.179 37.7013 4
    endloop
  endfacet
  facet normal 0.995891 -0.0905591 0
    outer loop
      vertex 108.179 37.7013 3.4
      vertex 108.109 36.9315 4
      vertex 108.109 36.9315 3.4
    endloop
  endfacet
  facet normal 0.99589 0.0905707 0
    outer loop
      vertex 108.179 36.1618 4
      vertex 108.109 36.9315 3.4
      vertex 108.109 36.9315 4
    endloop
  endfacet
  facet normal 0.99589 0.0905707 0
    outer loop
      vertex 108.109 36.9315 3.4
      vertex 108.179 36.1618 4
      vertex 108.179 36.1618 3.4
    endloop
  endfacet
  facet normal 0.953832 0.300341 0
    outer loop
      vertex 108.39 35.4917 4
      vertex 108.179 36.1618 3.4
      vertex 108.179 36.1618 4
    endloop
  endfacet
  facet normal 0.953832 0.300341 0
    outer loop
      vertex 108.179 36.1618 3.4
      vertex 108.39 35.4917 4
      vertex 108.39 35.4917 3.4
    endloop
  endfacet
  facet normal 0.852335 0.522996 0
    outer loop
      vertex 108.74 34.9213 4
      vertex 108.39 35.4917 3.4
      vertex 108.39 35.4917 4
    endloop
  endfacet
  facet normal 0.852335 0.522996 0
    outer loop
      vertex 108.39 35.4917 3.4
      vertex 108.74 34.9213 4
      vertex 108.74 34.9213 3.4
    endloop
  endfacet
  facet normal 0.686085 0.727522 -0
    outer loop
      vertex 109.2 34.4875 3.4
      vertex 108.74 34.9213 4
      vertex 109.2 34.4875 4
    endloop
  endfacet
  facet normal 0.686085 0.727522 0
    outer loop
      vertex 108.74 34.9213 4
      vertex 109.2 34.4875 3.4
      vertex 108.74 34.9213 3.4
    endloop
  endfacet
  facet normal 0.435395 0.90024 -0
    outer loop
      vertex 109.738 34.2273 3.4
      vertex 109.2 34.4875 4
      vertex 109.738 34.2273 4
    endloop
  endfacet
  facet normal 0.435395 0.90024 0
    outer loop
      vertex 109.2 34.4875 4
      vertex 109.738 34.2273 3.4
      vertex 109.2 34.4875 3.4
    endloop
  endfacet
  facet normal 0.139531 0.990218 -0
    outer loop
      vertex 110.354 34.1405 3.4
      vertex 109.738 34.2273 4
      vertex 110.354 34.1405 4
    endloop
  endfacet
  facet normal 0.139531 0.990218 0
    outer loop
      vertex 109.738 34.2273 4
      vertex 110.354 34.1405 3.4
      vertex 109.738 34.2273 3.4
    endloop
  endfacet
  facet normal -0.067821 0.997698 0
    outer loop
      vertex 110.71 34.1647 3.4
      vertex 110.354 34.1405 4
      vertex 110.71 34.1647 4
    endloop
  endfacet
  facet normal -0.067821 0.997698 0
    outer loop
      vertex 110.354 34.1405 4
      vertex 110.71 34.1647 3.4
      vertex 110.354 34.1405 3.4
    endloop
  endfacet
  facet normal -0.433845 -0.900987 0
    outer loop
      vertex 110.377 35.5542 3.4
      vertex 110.653 35.4213 4
      vertex 110.377 35.5542 4
    endloop
  endfacet
  facet normal -0.433845 -0.900987 -0
    outer loop
      vertex 110.653 35.4213 4
      vertex 110.377 35.5542 3.4
      vertex 110.653 35.4213 3.4
    endloop
  endfacet
  facet normal -0.709346 -0.70486 0
    outer loop
      vertex 110.377 35.5542 3.4
      vertex 110.157 35.7756 4
      vertex 110.157 35.7756 3.4
    endloop
  endfacet
  facet normal -0.709346 -0.70486 0
    outer loop
      vertex 110.157 35.7756 4
      vertex 110.377 35.5542 3.4
      vertex 110.377 35.5542 4
    endloop
  endfacet
  facet normal -0.887298 -0.461197 0
    outer loop
      vertex 110.157 35.7756 3.4
      vertex 109.998 36.0815 4
      vertex 109.998 36.0815 3.4
    endloop
  endfacet
  facet normal -0.887298 -0.461197 0
    outer loop
      vertex 109.998 36.0815 4
      vertex 110.157 35.7756 3.4
      vertex 110.157 35.7756 4
    endloop
  endfacet
  facet normal -0.970452 -0.241293 0
    outer loop
      vertex 109.998 36.0815 3.4
      vertex 109.902 36.4676 4
      vertex 109.902 36.4676 3.4
    endloop
  endfacet
  facet normal -0.970452 -0.241293 0
    outer loop
      vertex 109.902 36.4676 4
      vertex 109.998 36.0815 3.4
      vertex 109.998 36.0815 4
    endloop
  endfacet
  facet normal -0.997653 -0.0684789 0
    outer loop
      vertex 109.902 36.4676 3.4
      vertex 109.87 36.9338 4
      vertex 109.87 36.9338 3.4
    endloop
  endfacet
  facet normal -0.997653 -0.0684789 0
    outer loop
      vertex 109.87 36.9338 4
      vertex 109.902 36.4676 3.4
      vertex 109.902 36.4676 4
    endloop
  endfacet
  facet normal -0.997653 0.0684789 0
    outer loop
      vertex 109.87 36.9338 3.4
      vertex 109.902 37.4 4
      vertex 109.902 37.4 3.4
    endloop
  endfacet
  facet normal -0.997653 0.0684789 0
    outer loop
      vertex 109.902 37.4 4
      vertex 109.87 36.9338 3.4
      vertex 109.87 36.9338 4
    endloop
  endfacet
  facet normal -0.970438 0.241352 0
    outer loop
      vertex 109.902 37.4 3.4
      vertex 109.998 37.786 4
      vertex 109.998 37.786 3.4
    endloop
  endfacet
  facet normal -0.970438 0.241352 0
    outer loop
      vertex 109.998 37.786 4
      vertex 109.902 37.4 3.4
      vertex 109.902 37.4 4
    endloop
  endfacet
  facet normal -0.887298 0.461197 0
    outer loop
      vertex 109.998 37.786 3.4
      vertex 110.157 38.0919 4
      vertex 110.157 38.0919 3.4
    endloop
  endfacet
  facet normal -0.887298 0.461197 0
    outer loop
      vertex 110.157 38.0919 4
      vertex 109.998 37.786 3.4
      vertex 109.998 37.786 4
    endloop
  endfacet
  facet normal -0.709505 0.7047 0
    outer loop
      vertex 110.157 38.0919 3.4
      vertex 110.377 38.3134 4
      vertex 110.377 38.3134 3.4
    endloop
  endfacet
  facet normal -0.709505 0.7047 0
    outer loop
      vertex 110.377 38.3134 4
      vertex 110.157 38.0919 3.4
      vertex 110.157 38.0919 4
    endloop
  endfacet
  facet normal -0.433845 0.900987 0
    outer loop
      vertex 110.653 38.4463 3.4
      vertex 110.377 38.3134 4
      vertex 110.653 38.4463 4
    endloop
  endfacet
  facet normal -0.433845 0.900987 0
    outer loop
      vertex 110.377 38.3134 4
      vertex 110.653 38.4463 3.4
      vertex 110.377 38.3134 3.4
    endloop
  endfacet
  facet normal -0.131871 0.991267 0
    outer loop
      vertex 110.986 38.4906 3.4
      vertex 110.653 38.4463 4
      vertex 110.986 38.4906 4
    endloop
  endfacet
  facet normal -0.131871 0.991267 0
    outer loop
      vertex 110.653 38.4463 4
      vertex 110.986 38.4906 3.4
      vertex 110.653 38.4463 3.4
    endloop
  endfacet
  facet normal 0.131098 0.991369 -0
    outer loop
      vertex 111.321 38.4463 3.4
      vertex 110.986 38.4906 4
      vertex 111.321 38.4463 4
    endloop
  endfacet
  facet normal 0.131098 0.991369 0
    outer loop
      vertex 110.986 38.4906 4
      vertex 111.321 38.4463 3.4
      vertex 110.986 38.4906 3.4
    endloop
  endfacet
  facet normal 0.431306 0.902206 -0
    outer loop
      vertex 111.599 38.3134 3.4
      vertex 111.321 38.4463 4
      vertex 111.599 38.3134 4
    endloop
  endfacet
  facet normal 0.431306 0.902206 0
    outer loop
      vertex 111.321 38.4463 4
      vertex 111.599 38.3134 3.4
      vertex 111.321 38.4463 3.4
    endloop
  endfacet
  facet normal 0.709505 0.7047 0
    outer loop
      vertex 111.819 38.0919 4
      vertex 111.599 38.3134 3.4
      vertex 111.599 38.3134 4
    endloop
  endfacet
  facet normal 0.709505 0.7047 0
    outer loop
      vertex 111.599 38.3134 3.4
      vertex 111.819 38.0919 4
      vertex 111.819 38.0919 3.4
    endloop
  endfacet
  facet normal 0.887298 0.461197 0
    outer loop
      vertex 111.978 37.786 4
      vertex 111.819 38.0919 3.4
      vertex 111.819 38.0919 4
    endloop
  endfacet
  facet normal 0.887298 0.461197 0
    outer loop
      vertex 111.819 38.0919 3.4
      vertex 111.978 37.786 4
      vertex 111.978 37.786 3.4
    endloop
  endfacet
  facet normal 0.970438 0.241352 0
    outer loop
      vertex 112.074 37.4 4
      vertex 111.978 37.786 3.4
      vertex 111.978 37.786 4
    endloop
  endfacet
  facet normal 0.970438 0.241352 0
    outer loop
      vertex 111.978 37.786 3.4
      vertex 112.074 37.4 4
      vertex 112.074 37.4 3.4
    endloop
  endfacet
  facet normal 0.997653 0.0684789 0
    outer loop
      vertex 112.106 36.9338 4
      vertex 112.074 37.4 3.4
      vertex 112.074 37.4 4
    endloop
  endfacet
  facet normal 0.997653 0.0684789 0
    outer loop
      vertex 112.074 37.4 3.4
      vertex 112.106 36.9338 4
      vertex 112.106 36.9338 3.4
    endloop
  endfacet
  facet normal 0.997653 -0.0684789 0
    outer loop
      vertex 112.074 36.4676 4
      vertex 112.106 36.9338 3.4
      vertex 112.106 36.9338 4
    endloop
  endfacet
  facet normal 0.997653 -0.0684789 0
    outer loop
      vertex 112.106 36.9338 3.4
      vertex 112.074 36.4676 4
      vertex 112.074 36.4676 3.4
    endloop
  endfacet
  facet normal 0.970452 -0.241293 0
    outer loop
      vertex 111.978 36.0815 4
      vertex 112.074 36.4676 3.4
      vertex 112.074 36.4676 4
    endloop
  endfacet
  facet normal 0.970452 -0.241293 0
    outer loop
      vertex 112.074 36.4676 3.4
      vertex 111.978 36.0815 4
      vertex 111.978 36.0815 3.4
    endloop
  endfacet
  facet normal 0.887298 -0.461197 0
    outer loop
      vertex 111.819 35.7756 4
      vertex 111.978 36.0815 3.4
      vertex 111.978 36.0815 4
    endloop
  endfacet
  facet normal 0.887298 -0.461197 0
    outer loop
      vertex 111.978 36.0815 3.4
      vertex 111.819 35.7756 4
      vertex 111.819 35.7756 3.4
    endloop
  endfacet
  facet normal 0.709346 -0.70486 0
    outer loop
      vertex 111.599 35.5542 4
      vertex 111.819 35.7756 3.4
      vertex 111.819 35.7756 4
    endloop
  endfacet
  facet normal 0.709346 -0.70486 0
    outer loop
      vertex 111.819 35.7756 3.4
      vertex 111.599 35.5542 4
      vertex 111.599 35.5542 3.4
    endloop
  endfacet
  facet normal 0.431306 -0.902206 0
    outer loop
      vertex 111.321 35.4213 3.4
      vertex 111.599 35.5542 4
      vertex 111.321 35.4213 4
    endloop
  endfacet
  facet normal 0.431306 -0.902206 0
    outer loop
      vertex 111.599 35.5542 4
      vertex 111.321 35.4213 3.4
      vertex 111.599 35.5542 3.4
    endloop
  endfacet
  facet normal 0.131098 -0.991369 0
    outer loop
      vertex 110.986 35.377 3.4
      vertex 111.321 35.4213 4
      vertex 110.986 35.377 4
    endloop
  endfacet
  facet normal 0.131098 -0.991369 0
    outer loop
      vertex 111.321 35.4213 4
      vertex 110.986 35.377 3.4
      vertex 111.321 35.4213 3.4
    endloop
  endfacet
  facet normal -0.131871 -0.991267 0
    outer loop
      vertex 110.653 35.4213 3.4
      vertex 110.986 35.377 4
      vertex 110.653 35.4213 4
    endloop
  endfacet
  facet normal -0.131871 -0.991267 -0
    outer loop
      vertex 110.986 35.377 4
      vertex 110.653 35.4213 3.4
      vertex 110.986 35.377 3.4
    endloop
  endfacet
  facet normal 0.730247 0.683184 0
    outer loop
      vertex 80.196 34.2794 4
      vertex 78.1216 36.4967 3.4
      vertex 78.1216 36.4967 4
    endloop
  endfacet
  facet normal 0.730247 0.683184 0
    outer loop
      vertex 78.1216 36.4967 3.4
      vertex 80.196 34.2794 4
      vertex 80.196 34.2794 3.4
    endloop
  endfacet
  facet normal 0 1 -0
    outer loop
      vertex 82.2561 34.2794 3.4
      vertex 80.196 34.2794 4
      vertex 82.2561 34.2794 4
    endloop
  endfacet
  facet normal 0 1 0
    outer loop
      vertex 80.196 34.2794 4
      vertex 82.2561 34.2794 3.4
      vertex 80.196 34.2794 3.4
    endloop
  endfacet
  facet normal -0.716581 -0.697504 0
    outer loop
      vertex 82.2561 34.2794 3.4
      vertex 79.4554 37.1567 4
      vertex 79.4554 37.1567 3.4
    endloop
  endfacet
  facet normal -0.716581 -0.697504 0
    outer loop
      vertex 79.4554 37.1567 4
      vertex 82.2561 34.2794 3.4
      vertex 82.2561 34.2794 4
    endloop
  endfacet
  facet normal -0.68485 0.728684 0
    outer loop
      vertex 82.052 39.5971 3.4
      vertex 79.4554 37.1567 4
      vertex 82.052 39.5971 4
    endloop
  endfacet
  facet normal -0.68485 0.728684 0
    outer loop
      vertex 79.4554 37.1567 4
      vertex 82.052 39.5971 3.4
      vertex 79.4554 37.1567 3.4
    endloop
  endfacet
  facet normal 0 -1 0
    outer loop
      vertex 80.0773 39.5971 3.4
      vertex 82.052 39.5971 4
      vertex 80.0773 39.5971 4
    endloop
  endfacet
  facet normal 0 -1 -0
    outer loop
      vertex 82.052 39.5971 4
      vertex 80.0773 39.5971 3.4
      vertex 82.052 39.5971 3.4
    endloop
  endfacet
  facet normal 0.706328 -0.707885 0
    outer loop
      vertex 78.1216 37.6457 3.4
      vertex 80.0773 39.5971 4
      vertex 78.1216 37.6457 4
    endloop
  endfacet
  facet normal 0.706328 -0.707885 0
    outer loop
      vertex 80.0773 39.5971 4
      vertex 78.1216 37.6457 3.4
      vertex 80.0773 39.5971 3.4
    endloop
  endfacet
  facet normal -1 0 0
    outer loop
      vertex 78.1216 37.6457 3.4
      vertex 78.1216 41.6669 4
      vertex 78.1216 41.6669 3.4
    endloop
  endfacet
  facet normal -1 -0 0
    outer loop
      vertex 78.1216 41.6669 4
      vertex 78.1216 37.6457 3.4
      vertex 78.1216 37.6457 4
    endloop
  endfacet
  facet normal 0 -1 0
    outer loop
      vertex 76.4222 41.6669 3.4
      vertex 78.1216 41.6669 4
      vertex 76.4222 41.6669 4
    endloop
  endfacet
  facet normal 0 -1 -0
    outer loop
      vertex 78.1216 41.6669 4
      vertex 76.4222 41.6669 3.4
      vertex 78.1216 41.6669 3.4
    endloop
  endfacet
  facet normal 1 -0 0
    outer loop
      vertex 76.4222 34.2794 4
      vertex 76.4222 41.6669 3.4
      vertex 76.4222 41.6669 4
    endloop
  endfacet
  facet normal 1 0 0
    outer loop
      vertex 76.4222 41.6669 3.4
      vertex 76.4222 34.2794 4
      vertex 76.4222 34.2794 3.4
    endloop
  endfacet
  facet normal 0 1 -0
    outer loop
      vertex 78.1216 34.2794 3.4
      vertex 76.4222 34.2794 4
      vertex 78.1216 34.2794 4
    endloop
  endfacet
  facet normal 0 1 0
    outer loop
      vertex 76.4222 34.2794 4
      vertex 78.1216 34.2794 3.4
      vertex 76.4222 34.2794 3.4
    endloop
  endfacet
  facet normal -1 0 0
    outer loop
      vertex 78.1216 34.2794 3.4
      vertex 78.1216 36.4967 4
      vertex 78.1216 36.4967 3.4
    endloop
  endfacet
  facet normal -1 -0 0
    outer loop
      vertex 78.1216 36.4967 4
      vertex 78.1216 34.2794 3.4
      vertex 78.1216 34.2794 4
    endloop
  endfacet
  facet normal 0 -1 0
    outer loop
      vertex 95.4483 35.4935 3.4
      vertex 96.3217 35.4935 4
      vertex 95.4483 35.4935 4
    endloop
  endfacet
  facet normal 0 -1 -0
    outer loop
      vertex 96.3217 35.4935 4
      vertex 95.4483 35.4935 3.4
      vertex 96.3217 35.4935 3.4
    endloop
  endfacet
  facet normal -0.055897 -0.998437 0
    outer loop
      vertex 95.1893 35.508 3.4
      vertex 95.4483 35.4935 4
      vertex 95.1893 35.508 4
    endloop
  endfacet
  facet normal -0.055897 -0.998437 -0
    outer loop
      vertex 95.4483 35.4935 4
      vertex 95.1893 35.508 3.4
      vertex 95.4483 35.4935 3.4
    endloop
  endfacet
  facet normal -0.218522 -0.975832 0
    outer loop
      vertex 94.9946 35.5516 3.4
      vertex 95.1893 35.508 4
      vertex 94.9946 35.5516 4
    endloop
  endfacet
  facet normal -0.218522 -0.975832 -0
    outer loop
      vertex 95.1893 35.508 4
      vertex 94.9946 35.5516 3.4
      vertex 95.1893 35.508 3.4
    endloop
  endfacet
  facet normal -0.486724 -0.873556 0
    outer loop
      vertex 94.8643 35.6242 3.4
      vertex 94.9946 35.5516 4
      vertex 94.8643 35.6242 4
    endloop
  endfacet
  facet normal -0.486724 -0.873556 -0
    outer loop
      vertex 94.9946 35.5516 4
      vertex 94.8643 35.6242 3.4
      vertex 94.9946 35.5516 3.4
    endloop
  endfacet
  facet normal -0.812332 -0.583195 0
    outer loop
      vertex 94.8643 35.6242 3.4
      vertex 94.7826 35.738 4
      vertex 94.7826 35.738 3.4
    endloop
  endfacet
  facet normal -0.812332 -0.583195 0
    outer loop
      vertex 94.7826 35.738 4
      vertex 94.8643 35.6242 3.4
      vertex 94.8643 35.6242 4
    endloop
  endfacet
  facet normal -0.959439 -0.281918 0
    outer loop
      vertex 94.7826 35.738 3.4
      vertex 94.7335 35.9051 4
      vertex 94.7335 35.9051 3.4
    endloop
  endfacet
  facet normal -0.959439 -0.281918 0
    outer loop
      vertex 94.7335 35.9051 4
      vertex 94.7826 35.738 3.4
      vertex 94.7826 35.738 4
    endloop
  endfacet
  facet normal -0.997279 -0.0737217 0
    outer loop
      vertex 94.7335 35.9051 3.4
      vertex 94.7172 36.1256 4
      vertex 94.7172 36.1256 3.4
    endloop
  endfacet
  facet normal -0.997279 -0.0737217 0
    outer loop
      vertex 94.7172 36.1256 4
      vertex 94.7335 35.9051 3.4
      vertex 94.7335 35.9051 4
    endloop
  endfacet
  facet normal -1 0 0
    outer loop
      vertex 94.7172 36.1256 3.4
      vertex 94.7172 38.383 4
      vertex 94.7172 38.383 3.4
    endloop
  endfacet
  facet normal -1 -0 0
    outer loop
      vertex 94.7172 38.383 4
      vertex 94.7172 36.1256 3.4
      vertex 94.7172 36.1256 4
    endloop
  endfacet
  facet normal 0 1 -0
    outer loop
      vertex 96.4688 38.383 3.4
      vertex 94.7172 38.383 4
      vertex 96.4688 38.383 4
    endloop
  endfacet
  facet normal 0 1 0
    outer loop
      vertex 94.7172 38.383 4
      vertex 96.4688 38.383 3.4
      vertex 94.7172 38.383 3.4
    endloop
  endfacet
  facet normal -1 0 0
    outer loop
      vertex 96.4688 38.383 3.4
      vertex 96.4688 39.5971 4
      vertex 96.4688 39.5971 3.4
    endloop
  endfacet
  facet normal -1 -0 0
    outer loop
      vertex 96.4688 39.5971 4
      vertex 96.4688 38.383 3.4
      vertex 96.4688 38.383 4
    endloop
  endfacet
  facet normal 0 -1 0
    outer loop
      vertex 94.7172 39.5971 3.4
      vertex 96.4688 39.5971 4
      vertex 94.7172 39.5971 4
    endloop
  endfacet
  facet normal 0 -1 -0
    outer loop
      vertex 96.4688 39.5971 4
      vertex 94.7172 39.5971 3.4
      vertex 96.4688 39.5971 3.4
    endloop
  endfacet
  facet normal -1 0 0
    outer loop
      vertex 94.7172 39.5971 3.4
      vertex 94.7172 41.1069 4
      vertex 94.7172 41.1069 3.4
    endloop
  endfacet
  facet normal -1 -0 0
    outer loop
      vertex 94.7172 41.1069 4
      vertex 94.7172 39.5971 3.4
      vertex 94.7172 39.5971 4
    endloop
  endfacet
  facet normal 0 -1 0
    outer loop
      vertex 93.0179 41.1069 3.4
      vertex 94.7172 41.1069 4
      vertex 93.0179 41.1069 4
    endloop
  endfacet
  facet normal 0 -1 -0
    outer loop
      vertex 94.7172 41.1069 4
      vertex 93.0179 41.1069 3.4
      vertex 94.7172 41.1069 3.4
    endloop
  endfacet
  facet normal 1 -0 0
    outer loop
      vertex 93.0179 39.5971 4
      vertex 93.0179 41.1069 3.4
      vertex 93.0179 41.1069 4
    endloop
  endfacet
  facet normal 1 0 0
    outer loop
      vertex 93.0179 41.1069 3.4
      vertex 93.0179 39.5971 4
      vertex 93.0179 39.5971 3.4
    endloop
  endfacet
  facet normal 0 -1 0
    outer loop
      vertex 92.1729 39.5971 3.4
      vertex 93.0179 39.5971 4
      vertex 92.1729 39.5971 4
    endloop
  endfacet
  facet normal 0 -1 -0
    outer loop
      vertex 93.0179 39.5971 4
      vertex 92.1729 39.5971 3.4
      vertex 93.0179 39.5971 3.4
    endloop
  endfacet
  facet normal 1 -0 0
    outer loop
      vertex 92.1729 38.383 4
      vertex 92.1729 39.5971 3.4
      vertex 92.1729 39.5971 4
    endloop
  endfacet
  facet normal 1 0 0
    outer loop
      vertex 92.1729 39.5971 3.4
      vertex 92.1729 38.383 4
      vertex 92.1729 38.383 3.4
    endloop
  endfacet
  facet normal 0 1 -0
    outer loop
      vertex 93.0179 38.383 3.4
      vertex 92.1729 38.383 4
      vertex 93.0179 38.383 4
    endloop
  endfacet
  facet normal 0 1 0
    outer loop
      vertex 92.1729 38.383 4
      vertex 93.0179 38.383 3.4
      vertex 92.1729 38.383 3.4
    endloop
  endfacet
  facet normal 1 -0 0
    outer loop
      vertex 93.0179 36.1256 4
      vertex 93.0179 38.383 3.4
      vertex 93.0179 38.383 4
    endloop
  endfacet
  facet normal 1 0 0
    outer loop
      vertex 93.0179 38.383 3.4
      vertex 93.0179 36.1256 4
      vertex 93.0179 36.1256 3.4
    endloop
  endfacet
  facet normal 0.997054 0.0767091 0
    outer loop
      vertex 93.0645 35.5199 4
      vertex 93.0179 36.1256 3.4
      vertex 93.0179 36.1256 4
    endloop
  endfacet
  facet normal 0.997054 0.0767091 0
    outer loop
      vertex 93.0179 36.1256 3.4
      vertex 93.0645 35.5199 4
      vertex 93.0645 35.5199 3.4
    endloop
  endfacet
  facet normal 0.959214 0.28268 0
    outer loop
      vertex 93.2046 35.0445 4
      vertex 93.0645 35.5199 3.4
      vertex 93.0645 35.5199 4
    endloop
  endfacet
  facet normal 0.959214 0.28268 0
    outer loop
      vertex 93.0645 35.5199 3.4
      vertex 93.2046 35.0445 4
      vertex 93.2046 35.0445 3.4
    endloop
  endfacet
  facet normal 0.82845 0.560062 0
    outer loop
      vertex 93.4379 34.6994 4
      vertex 93.2046 35.0445 3.4
      vertex 93.2046 35.0445 4
    endloop
  endfacet
  facet normal 0.82845 0.560062 0
    outer loop
      vertex 93.2046 35.0445 3.4
      vertex 93.4379 34.6994 4
      vertex 93.4379 34.6994 3.4
    endloop
  endfacet
  facet normal 0.55984 0.828601 -0
    outer loop
      vertex 93.7832 34.4661 3.4
      vertex 93.4379 34.6994 4
      vertex 93.7832 34.4661 4
    endloop
  endfacet
  facet normal 0.55984 0.828601 0
    outer loop
      vertex 93.4379 34.6994 4
      vertex 93.7832 34.4661 3.4
      vertex 93.4379 34.6994 3.4
    endloop
  endfacet
  facet normal 0.282494 0.959269 -0
    outer loop
      vertex 94.2586 34.3261 3.4
      vertex 93.7832 34.4661 4
      vertex 94.2586 34.3261 4
    endloop
  endfacet
  facet normal 0.282494 0.959269 0
    outer loop
      vertex 93.7832 34.4661 4
      vertex 94.2586 34.3261 3.4
      vertex 93.7832 34.4661 3.4
    endloop
  endfacet
  facet normal 0.0768601 0.997042 -0
    outer loop
      vertex 94.8644 34.2794 3.4
      vertex 94.2586 34.3261 4
      vertex 94.8644 34.2794 4
    endloop
  endfacet
  facet normal 0.0768601 0.997042 0
    outer loop
      vertex 94.2586 34.3261 4
      vertex 94.8644 34.2794 3.4
      vertex 94.2586 34.3261 3.4
    endloop
  endfacet
  facet normal 0 1 -0
    outer loop
      vertex 96.3217 34.2794 3.4
      vertex 94.8644 34.2794 4
      vertex 96.3217 34.2794 4
    endloop
  endfacet
  facet normal 0 1 0
    outer loop
      vertex 94.8644 34.2794 4
      vertex 96.3217 34.2794 3.4
      vertex 94.8644 34.2794 3.4
    endloop
  endfacet
  facet normal -1 0 0
    outer loop
      vertex 96.3217 34.2794 3.4
      vertex 96.3217 35.4935 4
      vertex 96.3217 35.4935 3.4
    endloop
  endfacet
  facet normal -1 -0 0
    outer loop
      vertex 96.3217 35.4935 4
      vertex 96.3217 34.2794 3.4
      vertex 96.3217 34.2794 4
    endloop
  endfacet
  facet normal -0.096071 0.995374 0
    outer loop
      vertex 118.733 34.1923 3.4
      vertex 118.331 34.1535 4
      vertex 118.733 34.1923 4
    endloop
  endfacet
  facet normal -0.096071 0.995374 0
    outer loop
      vertex 118.331 34.1535 4
      vertex 118.733 34.1923 3.4
      vertex 118.331 34.1535 3.4
    endloop
  endfacet
  facet normal -0.15914 0.987256 0
    outer loop
      vertex 119.135 34.2571 3.4
      vertex 118.733 34.1923 4
      vertex 119.135 34.2571 4
    endloop
  endfacet
  facet normal -0.15914 0.987256 0
    outer loop
      vertex 118.733 34.1923 4
      vertex 119.135 34.2571 3.4
      vertex 118.733 34.1923 3.4
    endloop
  endfacet
  facet normal -0.218703 0.975791 0
    outer loop
      vertex 119.537 34.3472 3.4
      vertex 119.135 34.2571 4
      vertex 119.537 34.3472 4
    endloop
  endfacet
  facet normal -0.218703 0.975791 0
    outer loop
      vertex 119.135 34.2571 4
      vertex 119.537 34.3472 3.4
      vertex 119.135 34.2571 3.4
    endloop
  endfacet
  facet normal -0.274816 0.961497 0
    outer loop
      vertex 119.939 34.4621 3.4
      vertex 119.537 34.3472 4
      vertex 119.939 34.4621 4
    endloop
  endfacet
  facet normal -0.274816 0.961497 0
    outer loop
      vertex 119.537 34.3472 4
      vertex 119.939 34.4621 3.4
      vertex 119.537 34.3472 3.4
    endloop
  endfacet
  facet normal -0.328676 0.944443 0
    outer loop
      vertex 120.341 34.602 3.4
      vertex 119.939 34.4621 4
      vertex 120.341 34.602 4
    endloop
  endfacet
  facet normal -0.328676 0.944443 0
    outer loop
      vertex 119.939 34.4621 4
      vertex 120.341 34.602 3.4
      vertex 119.939 34.4621 3.4
    endloop
  endfacet
  facet normal -1 0 0
    outer loop
      vertex 120.341 34.602 3.4
      vertex 120.341 35.9101 4
      vertex 120.341 35.9101 3.4
    endloop
  endfacet
  facet normal -1 -0 0
    outer loop
      vertex 120.341 35.9101 4
      vertex 120.341 34.602 3.4
      vertex 120.341 34.602 4
    endloop
  endfacet
  facet normal 0.447941 -0.894063 0
    outer loop
      vertex 119.948 35.7132 3.4
      vertex 120.341 35.9101 4
      vertex 119.948 35.7132 4
    endloop
  endfacet
  facet normal 0.447941 -0.894063 0
    outer loop
      vertex 120.341 35.9101 4
      vertex 119.948 35.7132 3.4
      vertex 120.341 35.9101 3.4
    endloop
  endfacet
  facet normal 0.38499 -0.922921 0
    outer loop
      vertex 119.563 35.5526 3.4
      vertex 119.948 35.7132 4
      vertex 119.563 35.5526 4
    endloop
  endfacet
  facet normal 0.38499 -0.922921 0
    outer loop
      vertex 119.948 35.7132 4
      vertex 119.563 35.5526 3.4
      vertex 119.948 35.7132 3.4
    endloop
  endfacet
  facet normal 0.312153 -0.950032 0
    outer loop
      vertex 119.185 35.4284 3.4
      vertex 119.563 35.5526 4
      vertex 119.185 35.4284 4
    endloop
  endfacet
  facet normal 0.312153 -0.950032 0
    outer loop
      vertex 119.563 35.5526 4
      vertex 119.185 35.4284 3.4
      vertex 119.563 35.5526 3.4
    endloop
  endfacet
  facet normal 0.230949 -0.972966 0
    outer loop
      vertex 118.813 35.3401 3.4
      vertex 119.185 35.4284 4
      vertex 118.813 35.3401 4
    endloop
  endfacet
  facet normal 0.230949 -0.972966 0
    outer loop
      vertex 119.185 35.4284 4
      vertex 118.813 35.3401 3.4
      vertex 119.185 35.4284 3.4
    endloop
  endfacet
  facet normal 0.142931 -0.989733 0
    outer loop
      vertex 118.446 35.2871 3.4
      vertex 118.813 35.3401 4
      vertex 118.446 35.2871 4
    endloop
  endfacet
  facet normal 0.142931 -0.989733 0
    outer loop
      vertex 118.813 35.3401 4
      vertex 118.446 35.2871 3.4
      vertex 118.813 35.3401 3.4
    endloop
  endfacet
  facet normal 0.0488306 -0.998807 0
    outer loop
      vertex 118.086 35.2695 3.4
      vertex 118.446 35.2871 4
      vertex 118.086 35.2695 4
    endloop
  endfacet
  facet normal 0.0488306 -0.998807 0
    outer loop
      vertex 118.446 35.2871 4
      vertex 118.086 35.2695 3.4
      vertex 118.446 35.2871 3.4
    endloop
  endfacet
  facet normal -0.0805163 -0.996753 0
    outer loop
      vertex 117.675 35.3027 3.4
      vertex 118.086 35.2695 4
      vertex 117.675 35.3027 4
    endloop
  endfacet
  facet normal -0.0805163 -0.996753 -0
    outer loop
      vertex 118.086 35.2695 4
      vertex 117.675 35.3027 3.4
      vertex 118.086 35.2695 3.4
    endloop
  endfacet
  facet normal -0.27837 -0.960474 0
    outer loop
      vertex 117.331 35.4024 3.4
      vertex 117.675 35.3027 4
      vertex 117.331 35.4024 4
    endloop
  endfacet
  facet normal -0.27837 -0.960474 -0
    outer loop
      vertex 117.675 35.3027 4
      vertex 117.331 35.4024 3.4
      vertex 117.675 35.3027 3.4
    endloop
  endfacet
  facet normal -0.510198 -0.860057 0
    outer loop
      vertex 117.051 35.5685 3.4
      vertex 117.331 35.4024 4
      vertex 117.051 35.5685 4
    endloop
  endfacet
  facet normal -0.510198 -0.860057 -0
    outer loop
      vertex 117.331 35.4024 4
      vertex 117.051 35.5685 3.4
      vertex 117.331 35.4024 3.4
    endloop
  endfacet
  facet normal -0.737496 -0.675351 0
    outer loop
      vertex 117.051 35.5685 3.4
      vertex 116.838 35.8011 4
      vertex 116.838 35.8011 3.4
    endloop
  endfacet
  facet normal -0.737496 -0.675351 0
    outer loop
      vertex 116.838 35.8011 4
      vertex 117.051 35.5685 3.4
      vertex 117.051 35.5685 4
    endloop
  endfacet
  facet normal -0.900958 -0.433906 0
    outer loop
      vertex 116.838 35.8011 3.4
      vertex 116.694 36.1001 4
      vertex 116.694 36.1001 3.4
    endloop
  endfacet
  facet normal -0.900958 -0.433906 0
    outer loop
      vertex 116.694 36.1001 4
      vertex 116.838 35.8011 3.4
      vertex 116.838 35.8011 4
    endloop
  endfacet
  facet normal -0.979589 -0.20101 0
    outer loop
      vertex 116.694 36.1001 3.4
      vertex 116.619 36.4656 4
      vertex 116.619 36.4656 3.4
    endloop
  endfacet
  facet normal -0.979589 -0.20101 0
    outer loop
      vertex 116.619 36.4656 4
      vertex 116.694 36.1001 3.4
      vertex 116.694 36.1001 4
    endloop
  endfacet
  facet normal 0 1 -0
    outer loop
      vertex 120.592 36.4656 3.4
      vertex 116.619 36.4656 4
      vertex 120.592 36.4656 4
    endloop
  endfacet
  facet normal 0 1 0
    outer loop
      vertex 116.619 36.4656 4
      vertex 120.592 36.4656 3.4
      vertex 116.619 36.4656 3.4
    endloop
  endfacet
  facet normal -1 0 0
    outer loop
      vertex 120.592 36.4656 3.4
      vertex 120.592 36.9495 4
      vertex 120.592 36.9495 3.4
    endloop
  endfacet
  facet normal -1 -0 0
    outer loop
      vertex 120.592 36.9495 4
      vertex 120.592 36.4656 3.4
      vertex 120.592 36.4656 4
    endloop
  endfacet
  facet normal -0.994465 -0.105067 0
    outer loop
      vertex 120.592 36.9495 3.4
      vertex 120.509 37.7351 4
      vertex 120.509 37.7351 3.4
    endloop
  endfacet
  facet normal -0.994465 -0.105067 0
    outer loop
      vertex 120.509 37.7351 4
      vertex 120.592 36.9495 3.4
      vertex 120.592 36.9495 4
    endloop
  endfacet
  facet normal -0.936906 -0.349581 0
    outer loop
      vertex 120.509 37.7351 3.4
      vertex 120.258 38.4078 4
      vertex 120.258 38.4078 3.4
    endloop
  endfacet
  facet normal -0.936906 -0.349581 0
    outer loop
      vertex 120.258 38.4078 4
      vertex 120.509 37.7351 3.4
      vertex 120.509 37.7351 4
    endloop
  endfacet
  facet normal -0.801269 -0.598304 0
    outer loop
      vertex 120.258 38.4078 3.4
      vertex 119.84 38.9676 4
      vertex 119.84 38.9676 3.4
    endloop
  endfacet
  facet normal -0.801269 -0.598304 0
    outer loop
      vertex 119.84 38.9676 4
      vertex 120.258 38.4078 3.4
      vertex 120.258 38.4078 4
    endloop
  endfacet
  facet normal -0.601513 -0.798863 0
    outer loop
      vertex 119.283 39.387 3.4
      vertex 119.84 38.9676 4
      vertex 119.283 39.387 4
    endloop
  endfacet
  facet normal -0.601513 -0.798863 -0
    outer loop
      vertex 119.84 38.9676 4
      vertex 119.283 39.387 3.4
      vertex 119.84 38.9676 3.4
    endloop
  endfacet
  facet normal -0.352135 -0.935949 0
    outer loop
      vertex 118.614 39.6387 3.4
      vertex 119.283 39.387 4
      vertex 118.614 39.6387 4
    endloop
  endfacet
  facet normal -0.352135 -0.935949 -0
    outer loop
      vertex 119.283 39.387 4
      vertex 118.614 39.6387 3.4
      vertex 119.283 39.387 3.4
    endloop
  endfacet
  facet normal -0.106947 -0.994265 0
    outer loop
      vertex 117.834 39.7226 3.4
      vertex 118.614 39.6387 4
      vertex 117.834 39.7226 4
    endloop
  endfacet
  facet normal -0.106947 -0.994265 -0
    outer loop
      vertex 118.614 39.6387 4
      vertex 117.834 39.7226 3.4
      vertex 118.614 39.6387 3.4
    endloop
  endfacet
  facet normal 0.0967274 -0.995311 0
    outer loop
      vertex 116.982 39.6398 3.4
      vertex 117.834 39.7226 4
      vertex 116.982 39.6398 4
    endloop
  endfacet
  facet normal 0.0967274 -0.995311 0
    outer loop
      vertex 117.834 39.7226 4
      vertex 116.982 39.6398 3.4
      vertex 117.834 39.7226 3.4
    endloop
  endfacet
  facet normal 0.325732 -0.945462 0
    outer loop
      vertex 116.261 39.3914 3.4
      vertex 116.982 39.6398 4
      vertex 116.261 39.3914 4
    endloop
  endfacet
  facet normal 0.325732 -0.945462 0
    outer loop
      vertex 116.982 39.6398 4
      vertex 116.261 39.3914 3.4
      vertex 116.982 39.6398 3.4
    endloop
  endfacet
  facet normal 0.575139 -0.818056 0
    outer loop
      vertex 115.672 38.9773 3.4
      vertex 116.261 39.3914 4
      vertex 115.672 38.9773 4
    endloop
  endfacet
  facet normal 0.575139 -0.818056 0
    outer loop
      vertex 116.261 39.3914 4
      vertex 115.672 38.9773 3.4
      vertex 116.261 39.3914 3.4
    endloop
  endfacet
  facet normal 0.788249 -0.615356 0
    outer loop
      vertex 115.236 38.4188 4
      vertex 115.672 38.9773 3.4
      vertex 115.672 38.9773 4
    endloop
  endfacet
  facet normal 0.788249 -0.615356 0
    outer loop
      vertex 115.672 38.9773 3.4
      vertex 115.236 38.4188 4
      vertex 115.236 38.4188 3.4
    endloop
  endfacet
  facet normal 0.933469 -0.358658 0
    outer loop
      vertex 114.974 37.7369 4
      vertex 115.236 38.4188 3.4
      vertex 115.236 38.4188 4
    endloop
  endfacet
  facet normal 0.933469 -0.358658 0
    outer loop
      vertex 115.236 38.4188 3.4
      vertex 114.974 37.7369 4
      vertex 114.974 37.7369 3.4
    endloop
  endfacet
  facet normal 0.994084 -0.108616 0
    outer loop
      vertex 114.886 36.9315 4
      vertex 114.974 37.7369 3.4
      vertex 114.974 37.7369 4
    endloop
  endfacet
  facet normal 0.994084 -0.108616 0
    outer loop
      vertex 114.974 37.7369 3.4
      vertex 114.886 36.9315 4
      vertex 114.886 36.9315 3.4
    endloop
  endfacet
  facet normal 0.994122 0.108268 0
    outer loop
      vertex 114.975 36.1143 4
      vertex 114.886 36.9315 3.4
      vertex 114.886 36.9315 4
    endloop
  endfacet
  facet normal 0.994122 0.108268 0
    outer loop
      vertex 114.886 36.9315 3.4
      vertex 114.975 36.1143 4
      vertex 114.975 36.1143 3.4
    endloop
  endfacet
  facet normal 0.931885 0.362754 0
    outer loop
      vertex 115.242 35.4284 4
      vertex 114.975 36.1143 3.4
      vertex 114.975 36.1143 4
    endloop
  endfacet
  facet normal 0.931885 0.362754 0
    outer loop
      vertex 114.975 36.1143 3.4
      vertex 115.242 35.4284 4
      vertex 115.242 35.4284 3.4
    endloop
  endfacet
  facet normal 0.780649 0.62497 0
    outer loop
      vertex 115.686 34.8738 4
      vertex 115.242 35.4284 3.4
      vertex 115.242 35.4284 4
    endloop
  endfacet
  facet normal 0.780649 0.62497 0
    outer loop
      vertex 115.242 35.4284 3.4
      vertex 115.686 34.8738 4
      vertex 115.686 34.8738 3.4
    endloop
  endfacet
  facet normal 0.558554 0.829468 -0
    outer loop
      vertex 116.291 34.4664 3.4
      vertex 115.686 34.8738 4
      vertex 116.291 34.4664 4
    endloop
  endfacet
  facet normal 0.558554 0.829468 0
    outer loop
      vertex 115.686 34.8738 4
      vertex 116.291 34.4664 3.4
      vertex 115.686 34.8738 3.4
    endloop
  endfacet
  facet normal 0.31058 0.950547 -0
    outer loop
      vertex 117.039 34.222 3.4
      vertex 116.291 34.4664 4
      vertex 117.039 34.222 4
    endloop
  endfacet
  facet normal 0.31058 0.950547 0
    outer loop
      vertex 116.291 34.4664 4
      vertex 117.039 34.222 3.4
      vertex 116.291 34.4664 3.4
    endloop
  endfacet
  facet normal 0.0911915 0.995833 -0
    outer loop
      vertex 117.929 34.1405 3.4
      vertex 117.039 34.222 4
      vertex 117.929 34.1405 4
    endloop
  endfacet
  facet normal 0.0911915 0.995833 0
    outer loop
      vertex 117.039 34.222 4
      vertex 117.929 34.1405 3.4
      vertex 117.039 34.222 3.4
    endloop
  endfacet
  facet normal -0.0323214 0.999478 0
    outer loop
      vertex 118.331 34.1535 3.4
      vertex 117.929 34.1405 4
      vertex 118.331 34.1535 4
    endloop
  endfacet
  facet normal -0.0323214 0.999478 0
    outer loop
      vertex 117.929 34.1405 4
      vertex 118.331 34.1535 3.4
      vertex 117.929 34.1405 3.4
    endloop
  endfacet
  facet normal -0.973194 0.229984 0
    outer loop
      vertex 116.638 37.5139 3.4
      vertex 116.714 37.8355 4
      vertex 116.714 37.8355 3.4
    endloop
  endfacet
  facet normal -0.973194 0.229984 0
    outer loop
      vertex 116.714 37.8355 4
      vertex 116.638 37.5139 3.4
      vertex 116.638 37.5139 4
    endloop
  endfacet
  facet normal -0.900479 0.4349 0
    outer loop
      vertex 116.714 37.8355 3.4
      vertex 116.843 38.1026 4
      vertex 116.843 38.1026 3.4
    endloop
  endfacet
  facet normal -0.900479 0.4349 0
    outer loop
      vertex 116.843 38.1026 4
      vertex 116.714 37.8355 3.4
      vertex 116.714 37.8355 4
    endloop
  endfacet
  facet normal -0.763495 0.645814 0
    outer loop
      vertex 116.843 38.1026 3.4
      vertex 117.023 38.3154 4
      vertex 117.023 38.3154 3.4
    endloop
  endfacet
  facet normal -0.763495 0.645814 0
    outer loop
      vertex 117.023 38.3154 4
      vertex 116.843 38.1026 3.4
      vertex 116.843 38.1026 4
    endloop
  endfacet
  facet normal -0.564356 0.825531 0
    outer loop
      vertex 117.249 38.4699 3.4
      vertex 117.023 38.3154 4
      vertex 117.249 38.4699 4
    endloop
  endfacet
  facet normal -0.564356 0.825531 0
    outer loop
      vertex 117.023 38.3154 4
      vertex 117.249 38.4699 3.4
      vertex 117.023 38.3154 3.4
    endloop
  endfacet
  facet normal -0.328301 0.944573 0
    outer loop
      vertex 117.516 38.5627 3.4
      vertex 117.249 38.4699 4
      vertex 117.516 38.5627 4
    endloop
  endfacet
  facet normal -0.328301 0.944573 0
    outer loop
      vertex 117.249 38.4699 4
      vertex 117.516 38.5627 3.4
      vertex 117.249 38.4699 3.4
    endloop
  endfacet
  facet normal -0.0995037 0.995037 0
    outer loop
      vertex 117.825 38.5936 3.4
      vertex 117.516 38.5627 4
      vertex 117.825 38.5936 4
    endloop
  endfacet
  facet normal -0.0995037 0.995037 0
    outer loop
      vertex 117.516 38.5627 4
      vertex 117.825 38.5936 3.4
      vertex 117.516 38.5627 3.4
    endloop
  endfacet
  facet normal 0.115421 0.993317 -0
    outer loop
      vertex 118.109 38.5606 3.4
      vertex 117.825 38.5936 4
      vertex 118.109 38.5606 4
    endloop
  endfacet
  facet normal 0.115421 0.993317 0
    outer loop
      vertex 117.825 38.5936 4
      vertex 118.109 38.5606 3.4
      vertex 117.825 38.5936 3.4
    endloop
  endfacet
  facet normal 0.373665 0.927564 -0
    outer loop
      vertex 118.355 38.4615 3.4
      vertex 118.109 38.5606 4
      vertex 118.355 38.4615 4
    endloop
  endfacet
  facet normal 0.373665 0.927564 0
    outer loop
      vertex 118.109 38.5606 4
      vertex 118.355 38.4615 3.4
      vertex 118.109 38.5606 3.4
    endloop
  endfacet
  facet normal 0.621936 0.783068 -0
    outer loop
      vertex 118.563 38.2963 3.4
      vertex 118.355 38.4615 4
      vertex 118.563 38.2963 4
    endloop
  endfacet
  facet normal 0.621936 0.783068 0
    outer loop
      vertex 118.355 38.4615 4
      vertex 118.563 38.2963 3.4
      vertex 118.355 38.4615 3.4
    endloop
  endfacet
  facet normal 0.812729 0.582642 0
    outer loop
      vertex 118.72 38.0773 4
      vertex 118.563 38.2963 3.4
      vertex 118.563 38.2963 4
    endloop
  endfacet
  facet normal 0.812729 0.582642 0
    outer loop
      vertex 118.563 38.2963 3.4
      vertex 118.72 38.0773 4
      vertex 118.72 38.0773 3.4
    endloop
  endfacet
  facet normal 0.940759 0.339077 0
    outer loop
      vertex 118.814 37.8165 4
      vertex 118.72 38.0773 3.4
      vertex 118.72 38.0773 4
    endloop
  endfacet
  facet normal 0.940759 0.339077 0
    outer loop
      vertex 118.72 38.0773 3.4
      vertex 118.814 37.8165 4
      vertex 118.814 37.8165 3.4
    endloop
  endfacet
  facet normal 0.994793 0.101912 0
    outer loop
      vertex 118.845 37.5139 4
      vertex 118.814 37.8165 3.4
      vertex 118.814 37.8165 4
    endloop
  endfacet
  facet normal 0.994793 0.101912 0
    outer loop
      vertex 118.814 37.8165 3.4
      vertex 118.845 37.5139 4
      vertex 118.845 37.5139 3.4
    endloop
  endfacet
  facet normal 0 -1 0
    outer loop
      vertex 116.638 37.5139 3.4
      vertex 118.845 37.5139 4
      vertex 116.638 37.5139 4
    endloop
  endfacet
  facet normal 0 -1 -0
    outer loop
      vertex 118.845 37.5139 4
      vertex 116.638 37.5139 3.4
      vertex 118.845 37.5139 3.4
    endloop
  endfacet
  facet normal -0.208332 0.978058 0
    outer loop
      vertex 104.273 34.2388 3.4
      vertex 103.927 34.1651 4
      vertex 104.273 34.2388 4
    endloop
  endfacet
  facet normal -0.208332 0.978058 0
    outer loop
      vertex 103.927 34.1651 4
      vertex 104.273 34.2388 3.4
      vertex 103.927 34.1651 3.4
    endloop
  endfacet
  facet normal -0.372436 0.928058 0
    outer loop
      vertex 104.579 34.3616 3.4
      vertex 104.273 34.2388 4
      vertex 104.579 34.3616 4
    endloop
  endfacet
  facet normal -0.372436 0.928058 0
    outer loop
      vertex 104.273 34.2388 4
      vertex 104.579 34.3616 3.4
      vertex 104.273 34.2388 3.4
    endloop
  endfacet
  facet normal -0.540789 0.841159 0
    outer loop
      vertex 104.854 34.5384 3.4
      vertex 104.579 34.3616 4
      vertex 104.854 34.5384 4
    endloop
  endfacet
  facet normal -0.540789 0.841159 0
    outer loop
      vertex 104.579 34.3616 4
      vertex 104.854 34.5384 3.4
      vertex 104.579 34.3616 3.4
    endloop
  endfacet
  facet normal -0.675439 0.737416 0
    outer loop
      vertex 105.111 34.7738 3.4
      vertex 104.854 34.5384 4
      vertex 105.111 34.7738 4
    endloop
  endfacet
  facet normal -0.675439 0.737416 0
    outer loop
      vertex 104.854 34.5384 4
      vertex 105.111 34.7738 3.4
      vertex 104.854 34.5384 3.4
    endloop
  endfacet
  facet normal -0.778643 0.627468 0
    outer loop
      vertex 105.111 34.7738 3.4
      vertex 105.348 35.0679 4
      vertex 105.348 35.0679 3.4
    endloop
  endfacet
  facet normal -0.778643 0.627468 0
    outer loop
      vertex 105.348 35.0679 4
      vertex 105.111 34.7738 3.4
      vertex 105.111 34.7738 4
    endloop
  endfacet
  facet normal 1 -0 0
    outer loop
      vertex 105.348 34.2794 4
      vertex 105.348 35.0679 3.4
      vertex 105.348 35.0679 4
    endloop
  endfacet
  facet normal 1 0 0
    outer loop
      vertex 105.348 35.0679 3.4
      vertex 105.348 34.2794 4
      vertex 105.348 34.2794 3.4
    endloop
  endfacet
  facet normal 0 1 -0
    outer loop
      vertex 107.061 34.2794 3.4
      vertex 105.348 34.2794 4
      vertex 107.061 34.2794 4
    endloop
  endfacet
  facet normal 0 1 0
    outer loop
      vertex 105.348 34.2794 4
      vertex 107.061 34.2794 3.4
      vertex 105.348 34.2794 3.4
    endloop
  endfacet
  facet normal -1 0 0
    outer loop
      vertex 107.061 34.2794 3.4
      vertex 107.061 37.3089 4
      vertex 107.061 37.3089 3.4
    endloop
  endfacet
  facet normal -1 -0 0
    outer loop
      vertex 107.061 37.3089 4
      vertex 107.061 34.2794 3.4
      vertex 107.061 34.2794 4
    endloop
  endfacet
  facet normal -0.995927 -0.0901641 0
    outer loop
      vertex 107.061 37.3089 3.4
      vertex 106.991 38.0821 4
      vertex 106.991 38.0821 3.4
    endloop
  endfacet
  facet normal -0.995927 -0.0901641 0
    outer loop
      vertex 106.991 38.0821 4
      vertex 107.061 37.3089 3.4
      vertex 107.061 37.3089 4
    endloop
  endfacet
  facet normal -0.944964 -0.327174 0
    outer loop
      vertex 106.991 38.0821 3.4
      vertex 106.778 38.6973 4
      vertex 106.778 38.6973 3.4
    endloop
  endfacet
  facet normal -0.944964 -0.327174 0
    outer loop
      vertex 106.778 38.6973 4
      vertex 106.991 38.0821 3.4
      vertex 106.991 38.0821 4
    endloop
  endfacet
  facet normal -0.790049 -0.613044 0
    outer loop
      vertex 106.778 38.6973 3.4
      vertex 106.423 39.1548 4
      vertex 106.423 39.1548 3.4
    endloop
  endfacet
  facet normal -0.790049 -0.613044 0
    outer loop
      vertex 106.423 39.1548 4
      vertex 106.778 38.6973 3.4
      vertex 106.778 38.6973 4
    endloop
  endfacet
  facet normal -0.523005 -0.852329 0
    outer loop
      vertex 105.909 39.4702 3.4
      vertex 106.423 39.1548 4
      vertex 105.909 39.4702 4
    endloop
  endfacet
  facet normal -0.523005 -0.852329 -0
    outer loop
      vertex 106.423 39.1548 4
      vertex 105.909 39.4702 3.4
      vertex 106.423 39.1548 3.4
    endloop
  endfacet
  facet normal -0.263506 -0.964658 0
    outer loop
      vertex 105.216 39.6595 3.4
      vertex 105.909 39.4702 4
      vertex 105.216 39.6595 4
    endloop
  endfacet
  facet normal -0.263506 -0.964658 -0
    outer loop
      vertex 105.909 39.4702 4
      vertex 105.216 39.6595 3.4
      vertex 105.909 39.4702 3.4
    endloop
  endfacet
  facet normal -0.0723387 -0.99738 0
    outer loop
      vertex 104.346 39.7226 3.4
      vertex 105.216 39.6595 4
      vertex 104.346 39.7226 4
    endloop
  endfacet
  facet normal -0.0723387 -0.99738 -0
    outer loop
      vertex 105.216 39.6595 4
      vertex 104.346 39.7226 3.4
      vertex 105.216 39.6595 3.4
    endloop
  endfacet
  facet normal 0.020704 -0.999786 0
    outer loop
      vertex 103.979 39.715 3.4
      vertex 104.346 39.7226 4
      vertex 103.979 39.715 4
    endloop
  endfacet
  facet normal 0.020704 -0.999786 0
    outer loop
      vertex 104.346 39.7226 4
      vertex 103.979 39.715 3.4
      vertex 104.346 39.7226 3.4
    endloop
  endfacet
  facet normal 0.0620058 -0.998076 0
    outer loop
      vertex 103.612 39.6922 3.4
      vertex 103.979 39.715 4
      vertex 103.612 39.6922 4
    endloop
  endfacet
  facet normal 0.0620058 -0.998076 0
    outer loop
      vertex 103.979 39.715 4
      vertex 103.612 39.6922 3.4
      vertex 103.979 39.715 3.4
    endloop
  endfacet
  facet normal 0.102992 -0.994682 0
    outer loop
      vertex 103.245 39.6542 3.4
      vertex 103.612 39.6922 4
      vertex 103.245 39.6542 4
    endloop
  endfacet
  facet normal 0.102992 -0.994682 0
    outer loop
      vertex 103.612 39.6922 4
      vertex 103.245 39.6542 3.4
      vertex 103.612 39.6922 3.4
    endloop
  endfacet
  facet normal 0.142139 -0.989847 0
    outer loop
      vertex 102.878 39.6015 3.4
      vertex 103.245 39.6542 4
      vertex 102.878 39.6015 4
    endloop
  endfacet
  facet normal 0.142139 -0.989847 0
    outer loop
      vertex 103.245 39.6542 4
      vertex 102.878 39.6015 3.4
      vertex 103.245 39.6542 3.4
    endloop
  endfacet
  facet normal 0.180024 -0.983662 0
    outer loop
      vertex 102.513 39.5347 3.4
      vertex 102.878 39.6015 4
      vertex 102.513 39.5347 4
    endloop
  endfacet
  facet normal 0.180024 -0.983662 0
    outer loop
      vertex 102.878 39.6015 4
      vertex 102.513 39.5347 3.4
      vertex 102.878 39.6015 3.4
    endloop
  endfacet
  facet normal 0.216392 -0.976306 0
    outer loop
      vertex 102.148 39.4538 3.4
      vertex 102.513 39.5347 4
      vertex 102.148 39.4538 4
    endloop
  endfacet
  facet normal 0.216392 -0.976306 0
    outer loop
      vertex 102.513 39.5347 4
      vertex 102.148 39.4538 3.4
      vertex 102.513 39.5347 3.4
    endloop
  endfacet
  facet normal 1 -0 0
    outer loop
      vertex 102.148 38.159 4
      vertex 102.148 39.4538 3.4
      vertex 102.148 39.4538 4
    endloop
  endfacet
  facet normal 1 0 0
    outer loop
      vertex 102.148 39.4538 3.4
      vertex 102.148 38.159 4
      vertex 102.148 38.159 3.4
    endloop
  endfacet
  facet normal -0.432308 0.901726 0
    outer loop
      vertex 102.425 38.2918 3.4
      vertex 102.148 38.159 4
      vertex 102.425 38.2918 4
    endloop
  endfacet
  facet normal -0.432308 0.901726 0
    outer loop
      vertex 102.148 38.159 4
      vertex 102.425 38.2918 3.4
      vertex 102.148 38.159 3.4
    endloop
  endfacet
  facet normal -0.349924 0.936778 0
    outer loop
      vertex 102.716 38.4005 3.4
      vertex 102.425 38.2918 4
      vertex 102.716 38.4005 4
    endloop
  endfacet
  facet normal -0.349924 0.936778 0
    outer loop
      vertex 102.425 38.2918 4
      vertex 102.716 38.4005 3.4
      vertex 102.425 38.2918 3.4
    endloop
  endfacet
  facet normal -0.266181 0.963923 0
    outer loop
      vertex 103.022 38.485 3.4
      vertex 102.716 38.4005 4
      vertex 103.022 38.485 4
    endloop
  endfacet
  facet normal -0.266181 0.963923 0
    outer loop
      vertex 102.716 38.4005 4
      vertex 103.022 38.485 3.4
      vertex 102.716 38.4005 3.4
    endloop
  endfacet
  facet normal -0.184067 0.982914 0
    outer loop
      vertex 103.344 38.5453 3.4
      vertex 103.022 38.485 4
      vertex 103.344 38.5453 4
    endloop
  endfacet
  facet normal -0.184067 0.982914 0
    outer loop
      vertex 103.022 38.485 4
      vertex 103.344 38.5453 3.4
      vertex 103.022 38.485 3.4
    endloop
  endfacet
  facet normal -0.106492 0.994314 0
    outer loop
      vertex 103.682 38.5815 3.4
      vertex 103.344 38.5453 4
      vertex 103.682 38.5815 4
    endloop
  endfacet
  facet normal -0.106492 0.994314 0
    outer loop
      vertex 103.344 38.5453 4
      vertex 103.682 38.5815 3.4
      vertex 103.344 38.5453 3.4
    endloop
  endfacet
  facet normal -0.0339691 0.999423 0
    outer loop
      vertex 104.038 38.5936 3.4
      vertex 103.682 38.5815 4
      vertex 104.038 38.5936 4
    endloop
  endfacet
  facet normal -0.0339691 0.999423 0
    outer loop
      vertex 103.682 38.5815 4
      vertex 104.038 38.5936 3.4
      vertex 103.682 38.5815 3.4
    endloop
  endfacet
  facet normal 0.0509095 0.998703 -0
    outer loop
      vertex 104.448 38.5727 3.4
      vertex 104.038 38.5936 4
      vertex 104.448 38.5727 4
    endloop
  endfacet
  facet normal 0.0509095 0.998703 0
    outer loop
      vertex 104.038 38.5936 4
      vertex 104.448 38.5727 3.4
      vertex 104.038 38.5936 3.4
    endloop
  endfacet
  facet normal 0.186373 0.982479 -0
    outer loop
      vertex 104.778 38.5101 3.4
      vertex 104.448 38.5727 4
      vertex 104.778 38.5101 4
    endloop
  endfacet
  facet normal 0.186373 0.982479 0
    outer loop
      vertex 104.448 38.5727 4
      vertex 104.778 38.5101 3.4
      vertex 104.448 38.5727 3.4
    endloop
  endfacet
  facet normal 0.382427 0.923986 -0
    outer loop
      vertex 105.03 38.4058 3.4
      vertex 104.778 38.5101 4
      vertex 105.03 38.4058 4
    endloop
  endfacet
  facet normal 0.382427 0.923986 0
    outer loop
      vertex 104.778 38.5101 4
      vertex 105.03 38.4058 3.4
      vertex 104.778 38.5101 3.4
    endloop
  endfacet
  facet normal 0.644508 0.764597 -0
    outer loop
      vertex 105.207 38.2566 3.4
      vertex 105.03 38.4058 4
      vertex 105.207 38.2566 4
    endloop
  endfacet
  facet normal 0.644508 0.764597 0
    outer loop
      vertex 105.03 38.4058 4
      vertex 105.207 38.2566 3.4
      vertex 105.03 38.4058 3.4
    endloop
  endfacet
  facet normal 0.880915 0.473274 0
    outer loop
      vertex 105.313 38.0593 4
      vertex 105.207 38.2566 3.4
      vertex 105.207 38.2566 4
    endloop
  endfacet
  facet normal 0.880915 0.473274 0
    outer loop
      vertex 105.207 38.2566 3.4
      vertex 105.313 38.0593 4
      vertex 105.313 38.0593 3.4
    endloop
  endfacet
  facet normal 0.989982 0.141195 0
    outer loop
      vertex 105.348 37.8139 4
      vertex 105.313 38.0593 3.4
      vertex 105.313 38.0593 4
    endloop
  endfacet
  facet normal 0.989982 0.141195 0
    outer loop
      vertex 105.313 38.0593 3.4
      vertex 105.348 37.8139 4
      vertex 105.348 37.8139 3.4
    endloop
  endfacet
  facet normal 1 -0 0
    outer loop
      vertex 105.348 37.6797 4
      vertex 105.348 37.8139 3.4
      vertex 105.348 37.8139 4
    endloop
  endfacet
  facet normal 1 0 0
    outer loop
      vertex 105.348 37.8139 3.4
      vertex 105.348 37.6797 4
      vertex 105.348 37.6797 3.4
    endloop
  endfacet
  facet normal 0 -1 0
    outer loop
      vertex 104.346 37.6797 3.4
      vertex 105.348 37.6797 4
      vertex 104.346 37.6797 4
    endloop
  endfacet
  facet normal 0 -1 -0
    outer loop
      vertex 105.348 37.6797 4
      vertex 104.346 37.6797 3.4
      vertex 105.348 37.6797 3.4
    endloop
  endfacet
  facet normal 0.057917 -0.998321 0
    outer loop
      vertex 103.51 37.6312 3.4
      vertex 104.346 37.6797 4
      vertex 103.51 37.6312 4
    endloop
  endfacet
  facet normal 0.057917 -0.998321 0
    outer loop
      vertex 104.346 37.6797 4
      vertex 103.51 37.6312 3.4
      vertex 104.346 37.6797 3.4
    endloop
  endfacet
  facet normal 0.211314 -0.977418 0
    outer loop
      vertex 102.837 37.4857 3.4
      vertex 103.51 37.6312 4
      vertex 102.837 37.4857 4
    endloop
  endfacet
  facet normal 0.211314 -0.977418 0
    outer loop
      vertex 103.51 37.6312 4
      vertex 102.837 37.4857 3.4
      vertex 103.51 37.6312 3.4
    endloop
  endfacet
  facet normal 0.428732 -0.903432 0
    outer loop
      vertex 102.326 37.2432 3.4
      vertex 102.837 37.4857 4
      vertex 102.326 37.2432 4
    endloop
  endfacet
  facet normal 0.428732 -0.903432 0
    outer loop
      vertex 102.837 37.4857 4
      vertex 102.326 37.2432 3.4
      vertex 102.837 37.4857 3.4
    endloop
  endfacet
  facet normal 0.696268 -0.717782 0
    outer loop
      vertex 101.969 36.8969 3.4
      vertex 102.326 37.2432 4
      vertex 101.969 36.8969 4
    endloop
  endfacet
  facet normal 0.696268 -0.717782 0
    outer loop
      vertex 102.326 37.2432 4
      vertex 101.969 36.8969 3.4
      vertex 102.326 37.2432 3.4
    endloop
  endfacet
  facet normal 0.905625 -0.424078 0
    outer loop
      vertex 101.755 36.4399 4
      vertex 101.969 36.8969 3.4
      vertex 101.969 36.8969 4
    endloop
  endfacet
  facet normal 0.905625 -0.424078 0
    outer loop
      vertex 101.969 36.8969 3.4
      vertex 101.755 36.4399 4
      vertex 101.755 36.4399 3.4
    endloop
  endfacet
  facet normal 0.992053 -0.12582 0
    outer loop
      vertex 101.683 35.8722 4
      vertex 101.755 36.4399 3.4
      vertex 101.755 36.4399 4
    endloop
  endfacet
  facet normal 0.992053 -0.12582 0
    outer loop
      vertex 101.755 36.4399 3.4
      vertex 101.683 35.8722 4
      vertex 101.683 35.8722 3.4
    endloop
  endfacet
  facet normal 0.992793 0.119838 0
    outer loop
      vertex 101.741 35.3917 4
      vertex 101.683 35.8722 3.4
      vertex 101.683 35.8722 4
    endloop
  endfacet
  facet normal 0.992793 0.119838 0
    outer loop
      vertex 101.683 35.8722 3.4
      vertex 101.741 35.3917 4
      vertex 101.741 35.3917 3.4
    endloop
  endfacet
  facet normal 0.925133 0.379644 0
    outer loop
      vertex 101.912 34.975 4
      vertex 101.741 35.3917 3.4
      vertex 101.741 35.3917 4
    endloop
  endfacet
  facet normal 0.925133 0.379644 0
    outer loop
      vertex 101.741 35.3917 3.4
      vertex 101.912 34.975 4
      vertex 101.912 34.975 3.4
    endloop
  endfacet
  facet normal 0.776989 0.629515 0
    outer loop
      vertex 102.198 34.622 4
      vertex 101.912 34.975 3.4
      vertex 101.912 34.975 4
    endloop
  endfacet
  facet normal 0.776989 0.629515 0
    outer loop
      vertex 101.912 34.975 3.4
      vertex 102.198 34.622 4
      vertex 102.198 34.622 3.4
    endloop
  endfacet
  facet normal 0.577658 0.816279 -0
    outer loop
      vertex 102.576 34.3545 3.4
      vertex 102.198 34.622 4
      vertex 102.576 34.3545 4
    endloop
  endfacet
  facet normal 0.577658 0.816279 0
    outer loop
      vertex 102.198 34.622 4
      vertex 102.576 34.3545 3.4
      vertex 102.198 34.622 3.4
    endloop
  endfacet
  facet normal 0.337936 0.941169 -0
    outer loop
      vertex 103.023 34.194 3.4
      vertex 102.576 34.3545 4
      vertex 103.023 34.194 4
    endloop
  endfacet
  facet normal 0.337936 0.941169 0
    outer loop
      vertex 102.576 34.3545 4
      vertex 103.023 34.194 3.4
      vertex 102.576 34.3545 3.4
    endloop
  endfacet
  facet normal 0.103129 0.994668 -0
    outer loop
      vertex 103.539 34.1405 3.4
      vertex 103.023 34.194 4
      vertex 103.539 34.1405 4
    endloop
  endfacet
  facet normal 0.103129 0.994668 0
    outer loop
      vertex 103.023 34.194 4
      vertex 103.539 34.1405 3.4
      vertex 103.023 34.194 3.4
    endloop
  endfacet
  facet normal -0.063275 0.997996 0
    outer loop
      vertex 103.927 34.1651 3.4
      vertex 103.539 34.1405 4
      vertex 103.927 34.1651 4
    endloop
  endfacet
  facet normal -0.063275 0.997996 0
    outer loop
      vertex 103.539 34.1405 4
      vertex 103.927 34.1651 3.4
      vertex 103.539 34.1405 3.4
    endloop
  endfacet
  facet normal -0.290857 -0.956767 0
    outer loop
      vertex 103.776 35.3505 3.4
      vertex 103.976 35.2897 4
      vertex 103.776 35.3505 4
    endloop
  endfacet
  facet normal -0.290857 -0.956767 -0
    outer loop
      vertex 103.976 35.2897 4
      vertex 103.776 35.3505 3.4
      vertex 103.976 35.2897 3.4
    endloop
  endfacet
  facet normal -0.528218 -0.849109 0
    outer loop
      vertex 103.613 35.4519 3.4
      vertex 103.776 35.3505 4
      vertex 103.613 35.4519 4
    endloop
  endfacet
  facet normal -0.528218 -0.849109 -0
    outer loop
      vertex 103.776 35.3505 4
      vertex 103.613 35.4519 3.4
      vertex 103.776 35.3505 3.4
    endloop
  endfacet
  facet normal -0.752475 -0.658621 0
    outer loop
      vertex 103.613 35.4519 3.4
      vertex 103.493 35.589 4
      vertex 103.493 35.589 3.4
    endloop
  endfacet
  facet normal -0.752475 -0.658621 0
    outer loop
      vertex 103.493 35.589 4
      vertex 103.613 35.4519 3.4
      vertex 103.613 35.4519 4
    endloop
  endfacet
  facet normal -0.919315 -0.393523 0
    outer loop
      vertex 103.493 35.589 3.4
      vertex 103.421 35.7572 4
      vertex 103.421 35.7572 3.4
    endloop
  endfacet
  facet normal -0.919315 -0.393523 0
    outer loop
      vertex 103.421 35.7572 4
      vertex 103.493 35.589 3.4
      vertex 103.493 35.589 4
    endloop
  endfacet
  facet normal -0.992827 -0.119558 0
    outer loop
      vertex 103.421 35.7572 3.4
      vertex 103.397 35.9565 4
      vertex 103.397 35.9565 3.4
    endloop
  endfacet
  facet normal -0.992827 -0.119558 0
    outer loop
      vertex 103.397 35.9565 4
      vertex 103.421 35.7572 3.4
      vertex 103.421 35.7572 4
    endloop
  endfacet
  facet normal -0.990387 0.138322 0
    outer loop
      vertex 103.397 35.9565 3.4
      vertex 103.427 36.1713 4
      vertex 103.427 36.1713 3.4
    endloop
  endfacet
  facet normal -0.990387 0.138322 0
    outer loop
      vertex 103.427 36.1713 4
      vertex 103.397 35.9565 3.4
      vertex 103.397 35.9565 4
    endloop
  endfacet
  facet normal -0.893313 0.449434 0
    outer loop
      vertex 103.427 36.1713 3.4
      vertex 103.516 36.3482 4
      vertex 103.516 36.3482 3.4
    endloop
  endfacet
  facet normal -0.893313 0.449434 0
    outer loop
      vertex 103.516 36.3482 4
      vertex 103.427 36.1713 3.4
      vertex 103.427 36.1713 4
    endloop
  endfacet
  facet normal -0.682143 0.731218 0
    outer loop
      vertex 103.665 36.4872 3.4
      vertex 103.516 36.3482 4
      vertex 103.665 36.4872 4
    endloop
  endfacet
  facet normal -0.682143 0.731218 0
    outer loop
      vertex 103.516 36.3482 4
      vertex 103.665 36.4872 3.4
      vertex 103.516 36.3482 3.4
    endloop
  endfacet
  facet normal -0.433294 0.901252 0
    outer loop
      vertex 103.873 36.5872 3.4
      vertex 103.665 36.4872 4
      vertex 103.873 36.5872 4
    endloop
  endfacet
  facet normal -0.433294 0.901252 0
    outer loop
      vertex 103.665 36.4872 4
      vertex 103.873 36.5872 3.4
      vertex 103.665 36.4872 3.4
    endloop
  endfacet
  facet normal -0.219251 0.975668 0
    outer loop
      vertex 104.14 36.6472 3.4
      vertex 103.873 36.5872 4
      vertex 104.14 36.6472 4
    endloop
  endfacet
  facet normal -0.219251 0.975668 0
    outer loop
      vertex 103.873 36.5872 4
      vertex 104.14 36.6472 3.4
      vertex 103.873 36.5872 3.4
    endloop
  endfacet
  facet normal -0.0614223 0.998112 0
    outer loop
      vertex 104.465 36.6672 3.4
      vertex 104.14 36.6472 4
      vertex 104.465 36.6672 4
    endloop
  endfacet
  facet normal -0.0614223 0.998112 0
    outer loop
      vertex 104.14 36.6472 4
      vertex 104.465 36.6672 3.4
      vertex 104.14 36.6472 3.4
    endloop
  endfacet
  facet normal 0 1 -0
    outer loop
      vertex 105.348 36.6672 3.4
      vertex 104.465 36.6672 4
      vertex 105.348 36.6672 4
    endloop
  endfacet
  facet normal 0 1 0
    outer loop
      vertex 104.465 36.6672 4
      vertex 105.348 36.6672 3.4
      vertex 104.465 36.6672 3.4
    endloop
  endfacet
  facet normal 1 -0 0
    outer loop
      vertex 105.348 36.473 4
      vertex 105.348 36.6672 3.4
      vertex 105.348 36.6672 4
    endloop
  endfacet
  facet normal 1 0 0
    outer loop
      vertex 105.348 36.6672 3.4
      vertex 105.348 36.473 4
      vertex 105.348 36.473 3.4
    endloop
  endfacet
  facet normal 0.993925 -0.110062 0
    outer loop
      vertex 105.312 36.1479 4
      vertex 105.348 36.473 3.4
      vertex 105.348 36.473 4
    endloop
  endfacet
  facet normal 0.993925 -0.110062 0
    outer loop
      vertex 105.348 36.473 3.4
      vertex 105.312 36.1479 4
      vertex 105.312 36.1479 3.4
    endloop
  endfacet
  facet normal 0.933639 -0.358215 0
    outer loop
      vertex 105.202 35.8612 4
      vertex 105.312 36.1479 3.4
      vertex 105.312 36.1479 4
    endloop
  endfacet
  facet normal 0.933639 -0.358215 0
    outer loop
      vertex 105.312 36.1479 3.4
      vertex 105.202 35.8612 4
      vertex 105.202 35.8612 3.4
    endloop
  endfacet
  facet normal 0.806426 -0.591335 0
    outer loop
      vertex 105.02 35.613 4
      vertex 105.202 35.8612 3.4
      vertex 105.202 35.8612 4
    endloop
  endfacet
  facet normal 0.806426 -0.591335 0
    outer loop
      vertex 105.202 35.8612 3.4
      vertex 105.02 35.613 4
      vertex 105.02 35.613 3.4
    endloop
  endfacet
  facet normal 0.630518 -0.776175 0
    outer loop
      vertex 104.785 35.4221 3.4
      vertex 105.02 35.613 4
      vertex 104.785 35.4221 4
    endloop
  endfacet
  facet normal 0.630518 -0.776175 0
    outer loop
      vertex 105.02 35.613 4
      vertex 104.785 35.4221 3.4
      vertex 105.02 35.613 3.4
    endloop
  endfacet
  facet normal 0.391648 -0.920115 0
    outer loop
      vertex 104.516 35.3076 3.4
      vertex 104.785 35.4221 4
      vertex 104.516 35.3076 4
    endloop
  endfacet
  facet normal 0.391648 -0.920115 0
    outer loop
      vertex 104.785 35.4221 4
      vertex 104.516 35.3076 3.4
      vertex 104.785 35.4221 3.4
    endloop
  endfacet
  facet normal 0.12476 -0.992187 0
    outer loop
      vertex 104.213 35.2695 3.4
      vertex 104.516 35.3076 4
      vertex 104.213 35.2695 4
    endloop
  endfacet
  facet normal 0.12476 -0.992187 0
    outer loop
      vertex 104.516 35.3076 4
      vertex 104.213 35.2695 3.4
      vertex 104.516 35.3076 3.4
    endloop
  endfacet
  facet normal -0.0849242 -0.996387 0
    outer loop
      vertex 103.976 35.2897 3.4
      vertex 104.213 35.2695 4
      vertex 103.976 35.2897 4
    endloop
  endfacet
  facet normal -0.0849242 -0.996387 -0
    outer loop
      vertex 104.213 35.2695 4
      vertex 103.976 35.2897 3.4
      vertex 104.213 35.2695 3.4
    endloop
  endfacet
  facet normal -0.096071 0.995374 0
    outer loop
      vertex 128.779 34.1923 3.4
      vertex 128.377 34.1535 4
      vertex 128.779 34.1923 4
    endloop
  endfacet
  facet normal -0.096071 0.995374 0
    outer loop
      vertex 128.377 34.1535 4
      vertex 128.779 34.1923 3.4
      vertex 128.377 34.1535 3.4
    endloop
  endfacet
  facet normal -0.15914 0.987256 0
    outer loop
      vertex 129.181 34.2571 3.4
      vertex 128.779 34.1923 4
      vertex 129.181 34.2571 4
    endloop
  endfacet
  facet normal -0.15914 0.987256 0
    outer loop
      vertex 128.779 34.1923 4
      vertex 129.181 34.2571 3.4
      vertex 128.779 34.1923 3.4
    endloop
  endfacet
  facet normal -0.218703 0.975791 0
    outer loop
      vertex 129.583 34.3472 3.4
      vertex 129.181 34.2571 4
      vertex 129.583 34.3472 4
    endloop
  endfacet
  facet normal -0.218703 0.975791 0
    outer loop
      vertex 129.181 34.2571 4
      vertex 129.583 34.3472 3.4
      vertex 129.181 34.2571 3.4
    endloop
  endfacet
  facet normal -0.274816 0.961497 0
    outer loop
      vertex 129.985 34.4621 3.4
      vertex 129.583 34.3472 4
      vertex 129.985 34.4621 4
    endloop
  endfacet
  facet normal -0.274816 0.961497 0
    outer loop
      vertex 129.583 34.3472 4
      vertex 129.985 34.4621 3.4
      vertex 129.583 34.3472 3.4
    endloop
  endfacet
  facet normal -0.328676 0.944443 0
    outer loop
      vertex 130.387 34.602 3.4
      vertex 129.985 34.4621 4
      vertex 130.387 34.602 4
    endloop
  endfacet
  facet normal -0.328676 0.944443 0
    outer loop
      vertex 129.985 34.4621 4
      vertex 130.387 34.602 3.4
      vertex 129.985 34.4621 3.4
    endloop
  endfacet
  facet normal -1 0 0
    outer loop
      vertex 130.387 34.602 3.4
      vertex 130.387 35.9101 4
      vertex 130.387 35.9101 3.4
    endloop
  endfacet
  facet normal -1 -0 0
    outer loop
      vertex 130.387 35.9101 4
      vertex 130.387 34.602 3.4
      vertex 130.387 34.602 4
    endloop
  endfacet
  facet normal 0.448854 -0.893605 0
    outer loop
      vertex 129.995 35.7132 3.4
      vertex 130.387 35.9101 4
      vertex 129.995 35.7132 4
    endloop
  endfacet
  facet normal 0.448854 -0.893605 0
    outer loop
      vertex 130.387 35.9101 4
      vertex 129.995 35.7132 3.4
      vertex 130.387 35.9101 3.4
    endloop
  endfacet
  facet normal 0.38414 -0.923275 0
    outer loop
      vertex 129.609 35.5526 3.4
      vertex 129.995 35.7132 4
      vertex 129.609 35.5526 4
    endloop
  endfacet
  facet normal 0.38414 -0.923275 0
    outer loop
      vertex 129.995 35.7132 4
      vertex 129.609 35.5526 3.4
      vertex 129.995 35.7132 3.4
    endloop
  endfacet
  facet normal 0.312153 -0.950032 0
    outer loop
      vertex 129.231 35.4284 3.4
      vertex 129.609 35.5526 4
      vertex 129.231 35.4284 4
    endloop
  endfacet
  facet normal 0.312153 -0.950032 0
    outer loop
      vertex 129.609 35.5526 4
      vertex 129.231 35.4284 3.4
      vertex 129.609 35.5526 3.4
    endloop
  endfacet
  facet normal 0.230949 -0.972966 0
    outer loop
      vertex 128.859 35.3401 3.4
      vertex 129.231 35.4284 4
      vertex 128.859 35.3401 4
    endloop
  endfacet
  facet normal 0.230949 -0.972966 0
    outer loop
      vertex 129.231 35.4284 4
      vertex 128.859 35.3401 3.4
      vertex 129.231 35.4284 3.4
    endloop
  endfacet
  facet normal 0.142931 -0.989733 0
    outer loop
      vertex 128.492 35.2871 3.4
      vertex 128.859 35.3401 4
      vertex 128.492 35.2871 4
    endloop
  endfacet
  facet normal 0.142931 -0.989733 0
    outer loop
      vertex 128.859 35.3401 4
      vertex 128.492 35.2871 3.4
      vertex 128.859 35.3401 3.4
    endloop
  endfacet
  facet normal 0.0488306 -0.998807 0
    outer loop
      vertex 128.132 35.2695 3.4
      vertex 128.492 35.2871 4
      vertex 128.132 35.2695 4
    endloop
  endfacet
  facet normal 0.0488306 -0.998807 0
    outer loop
      vertex 128.492 35.2871 4
      vertex 128.132 35.2695 3.4
      vertex 128.492 35.2871 3.4
    endloop
  endfacet
  facet normal -0.0807114 -0.996738 0
    outer loop
      vertex 127.722 35.3027 3.4
      vertex 128.132 35.2695 4
      vertex 127.722 35.3027 4
    endloop
  endfacet
  facet normal -0.0807114 -0.996738 -0
    outer loop
      vertex 128.132 35.2695 4
      vertex 127.722 35.3027 3.4
      vertex 128.132 35.2695 3.4
    endloop
  endfacet
  facet normal -0.277625 -0.960689 0
    outer loop
      vertex 127.377 35.4024 3.4
      vertex 127.722 35.3027 4
      vertex 127.377 35.4024 4
    endloop
  endfacet
  facet normal -0.277625 -0.960689 -0
    outer loop
      vertex 127.722 35.3027 4
      vertex 127.377 35.4024 3.4
      vertex 127.722 35.3027 3.4
    endloop
  endfacet
  facet normal -0.510198 -0.860057 0
    outer loop
      vertex 127.097 35.5685 3.4
      vertex 127.377 35.4024 4
      vertex 127.097 35.5685 4
    endloop
  endfacet
  facet normal -0.510198 -0.860057 -0
    outer loop
      vertex 127.377 35.4024 4
      vertex 127.097 35.5685 3.4
      vertex 127.377 35.4024 3.4
    endloop
  endfacet
  facet normal -0.739077 -0.673621 0
    outer loop
      vertex 127.097 35.5685 3.4
      vertex 126.885 35.8011 4
      vertex 126.885 35.8011 3.4
    endloop
  endfacet
  facet normal -0.739077 -0.673621 0
    outer loop
      vertex 126.885 35.8011 4
      vertex 127.097 35.5685 3.4
      vertex 127.097 35.5685 4
    endloop
  endfacet
  facet normal -0.900958 -0.433906 0
    outer loop
      vertex 126.885 35.8011 3.4
      vertex 126.741 36.1001 4
      vertex 126.741 36.1001 3.4
    endloop
  endfacet
  facet normal -0.900958 -0.433906 0
    outer loop
      vertex 126.741 36.1001 4
      vertex 126.885 35.8011 3.4
      vertex 126.885 35.8011 4
    endloop
  endfacet
  facet normal -0.979058 -0.20358 0
    outer loop
      vertex 126.741 36.1001 3.4
      vertex 126.665 36.4656 4
      vertex 126.665 36.4656 3.4
    endloop
  endfacet
  facet normal -0.979058 -0.20358 0
    outer loop
      vertex 126.665 36.4656 4
      vertex 126.741 36.1001 3.4
      vertex 126.741 36.1001 4
    endloop
  endfacet
  facet normal 0 1 -0
    outer loop
      vertex 130.638 36.4656 3.4
      vertex 126.665 36.4656 4
      vertex 130.638 36.4656 4
    endloop
  endfacet
  facet normal 0 1 0
    outer loop
      vertex 126.665 36.4656 4
      vertex 130.638 36.4656 3.4
      vertex 126.665 36.4656 3.4
    endloop
  endfacet
  facet normal -1 0 0
    outer loop
      vertex 130.638 36.4656 3.4
      vertex 130.638 36.9495 4
      vertex 130.638 36.9495 3.4
    endloop
  endfacet
  facet normal -1 -0 0
    outer loop
      vertex 130.638 36.9495 4
      vertex 130.638 36.4656 3.4
      vertex 130.638 36.4656 4
    endloop
  endfacet
  facet normal -0.994465 -0.105067 0
    outer loop
      vertex 130.638 36.9495 3.4
      vertex 130.555 37.7351 4
      vertex 130.555 37.7351 3.4
    endloop
  endfacet
  facet normal -0.994465 -0.105067 0
    outer loop
      vertex 130.555 37.7351 4
      vertex 130.638 36.9495 3.4
      vertex 130.638 36.9495 4
    endloop
  endfacet
  facet normal -0.936906 -0.349581 0
    outer loop
      vertex 130.555 37.7351 3.4
      vertex 130.304 38.4078 4
      vertex 130.304 38.4078 3.4
    endloop
  endfacet
  facet normal -0.936906 -0.349581 0
    outer loop
      vertex 130.304 38.4078 4
      vertex 130.555 37.7351 3.4
      vertex 130.555 37.7351 4
    endloop
  endfacet
  facet normal -0.801269 -0.598304 0
    outer loop
      vertex 130.304 38.4078 3.4
      vertex 129.886 38.9676 4
      vertex 129.886 38.9676 3.4
    endloop
  endfacet
  facet normal -0.801269 -0.598304 0
    outer loop
      vertex 129.886 38.9676 4
      vertex 130.304 38.4078 3.4
      vertex 130.304 38.4078 4
    endloop
  endfacet
  facet normal -0.601513 -0.798863 0
    outer loop
      vertex 129.329 39.387 3.4
      vertex 129.886 38.9676 4
      vertex 129.329 39.387 4
    endloop
  endfacet
  facet normal -0.601513 -0.798863 -0
    outer loop
      vertex 129.886 38.9676 4
      vertex 129.329 39.387 3.4
      vertex 129.886 38.9676 3.4
    endloop
  endfacet
  facet normal -0.352135 -0.935949 0
    outer loop
      vertex 128.66 39.6387 3.4
      vertex 129.329 39.387 4
      vertex 128.66 39.6387 4
    endloop
  endfacet
  facet normal -0.352135 -0.935949 -0
    outer loop
      vertex 129.329 39.387 4
      vertex 128.66 39.6387 3.4
      vertex 129.329 39.387 3.4
    endloop
  endfacet
  facet normal -0.106947 -0.994265 0
    outer loop
      vertex 127.88 39.7226 3.4
      vertex 128.66 39.6387 4
      vertex 127.88 39.7226 4
    endloop
  endfacet
  facet normal -0.106947 -0.994265 -0
    outer loop
      vertex 128.66 39.6387 4
      vertex 127.88 39.7226 3.4
      vertex 128.66 39.6387 3.4
    endloop
  endfacet
  facet normal 0.0967274 -0.995311 0
    outer loop
      vertex 127.028 39.6398 3.4
      vertex 127.88 39.7226 4
      vertex 127.028 39.6398 4
    endloop
  endfacet
  facet normal 0.0967274 -0.995311 0
    outer loop
      vertex 127.88 39.7226 4
      vertex 127.028 39.6398 3.4
      vertex 127.88 39.7226 3.4
    endloop
  endfacet
  facet normal 0.326136 -0.945323 0
    outer loop
      vertex 126.308 39.3914 3.4
      vertex 127.028 39.6398 4
      vertex 126.308 39.3914 4
    endloop
  endfacet
  facet normal 0.326136 -0.945323 0
    outer loop
      vertex 127.028 39.6398 4
      vertex 126.308 39.3914 3.4
      vertex 127.028 39.6398 3.4
    endloop
  endfacet
  facet normal 0.574486 -0.818514 0
    outer loop
      vertex 125.718 38.9773 3.4
      vertex 126.308 39.3914 4
      vertex 125.718 38.9773 4
    endloop
  endfacet
  facet normal 0.574486 -0.818514 0
    outer loop
      vertex 126.308 39.3914 4
      vertex 125.718 38.9773 3.4
      vertex 126.308 39.3914 3.4
    endloop
  endfacet
  facet normal 0.788249 -0.615356 0
    outer loop
      vertex 125.282 38.4188 4
      vertex 125.718 38.9773 3.4
      vertex 125.718 38.9773 4
    endloop
  endfacet
  facet normal 0.788249 -0.615356 0
    outer loop
      vertex 125.718 38.9773 3.4
      vertex 125.282 38.4188 4
      vertex 125.282 38.4188 3.4
    endloop
  endfacet
  facet normal 0.933469 -0.358658 0
    outer loop
      vertex 125.02 37.7369 4
      vertex 125.282 38.4188 3.4
      vertex 125.282 38.4188 4
    endloop
  endfacet
  facet normal 0.933469 -0.358658 0
    outer loop
      vertex 125.282 38.4188 3.4
      vertex 125.02 37.7369 4
      vertex 125.02 37.7369 3.4
    endloop
  endfacet
  facet normal 0.994216 -0.107396 0
    outer loop
      vertex 124.933 36.9315 4
      vertex 125.02 37.7369 3.4
      vertex 125.02 37.7369 4
    endloop
  endfacet
  facet normal 0.994216 -0.107396 0
    outer loop
      vertex 125.02 37.7369 3.4
      vertex 124.933 36.9315 4
      vertex 124.933 36.9315 3.4
    endloop
  endfacet
  facet normal 0.994252 0.107066 0
    outer loop
      vertex 125.021 36.1143 4
      vertex 124.933 36.9315 3.4
      vertex 124.933 36.9315 4
    endloop
  endfacet
  facet normal 0.994252 0.107066 0
    outer loop
      vertex 124.933 36.9315 3.4
      vertex 125.021 36.1143 4
      vertex 125.021 36.1143 3.4
    endloop
  endfacet
  facet normal 0.931885 0.362754 0
    outer loop
      vertex 125.288 35.4284 4
      vertex 125.021 36.1143 3.4
      vertex 125.021 36.1143 4
    endloop
  endfacet
  facet normal 0.931885 0.362754 0
    outer loop
      vertex 125.021 36.1143 3.4
      vertex 125.288 35.4284 4
      vertex 125.288 35.4284 3.4
    endloop
  endfacet
  facet normal 0.780649 0.62497 0
    outer loop
      vertex 125.732 34.8738 4
      vertex 125.288 35.4284 3.4
      vertex 125.288 35.4284 4
    endloop
  endfacet
  facet normal 0.780649 0.62497 0
    outer loop
      vertex 125.288 35.4284 3.4
      vertex 125.732 34.8738 4
      vertex 125.732 34.8738 3.4
    endloop
  endfacet
  facet normal 0.558554 0.829468 -0
    outer loop
      vertex 126.337 34.4664 3.4
      vertex 125.732 34.8738 4
      vertex 126.337 34.4664 4
    endloop
  endfacet
  facet normal 0.558554 0.829468 0
    outer loop
      vertex 125.732 34.8738 4
      vertex 126.337 34.4664 3.4
      vertex 125.732 34.8738 3.4
    endloop
  endfacet
  facet normal 0.31058 0.950547 -0
    outer loop
      vertex 127.085 34.222 3.4
      vertex 126.337 34.4664 4
      vertex 127.085 34.222 4
    endloop
  endfacet
  facet normal 0.31058 0.950547 0
    outer loop
      vertex 126.337 34.4664 4
      vertex 127.085 34.222 3.4
      vertex 126.337 34.4664 3.4
    endloop
  endfacet
  facet normal 0.0911915 0.995833 -0
    outer loop
      vertex 127.975 34.1405 3.4
      vertex 127.085 34.222 4
      vertex 127.975 34.1405 4
    endloop
  endfacet
  facet normal 0.0911915 0.995833 0
    outer loop
      vertex 127.085 34.222 4
      vertex 127.975 34.1405 3.4
      vertex 127.085 34.222 3.4
    endloop
  endfacet
  facet normal -0.0323214 0.999478 0
    outer loop
      vertex 128.377 34.1535 3.4
      vertex 127.975 34.1405 4
      vertex 128.377 34.1535 4
    endloop
  endfacet
  facet normal -0.0323214 0.999478 0
    outer loop
      vertex 127.975 34.1405 4
      vertex 128.377 34.1535 3.4
      vertex 127.975 34.1405 3.4
    endloop
  endfacet
  facet normal -0.972513 0.232847 0
    outer loop
      vertex 126.684 37.5139 3.4
      vertex 126.761 37.8355 4
      vertex 126.761 37.8355 3.4
    endloop
  endfacet
  facet normal -0.972513 0.232847 0
    outer loop
      vertex 126.761 37.8355 4
      vertex 126.684 37.5139 3.4
      vertex 126.684 37.5139 4
    endloop
  endfacet
  facet normal -0.901797 0.43216 0
    outer loop
      vertex 126.761 37.8355 3.4
      vertex 126.889 38.1026 4
      vertex 126.889 38.1026 3.4
    endloop
  endfacet
  facet normal -0.901797 0.43216 0
    outer loop
      vertex 126.889 38.1026 4
      vertex 126.761 37.8355 3.4
      vertex 126.761 37.8355 4
    endloop
  endfacet
  facet normal -0.763495 0.645814 0
    outer loop
      vertex 126.889 38.1026 3.4
      vertex 127.069 38.3154 4
      vertex 127.069 38.3154 3.4
    endloop
  endfacet
  facet normal -0.763495 0.645814 0
    outer loop
      vertex 127.069 38.3154 4
      vertex 126.889 38.1026 3.4
      vertex 126.889 38.1026 4
    endloop
  endfacet
  facet normal -0.564356 0.825531 0
    outer loop
      vertex 127.295 38.4699 3.4
      vertex 127.069 38.3154 4
      vertex 127.295 38.4699 4
    endloop
  endfacet
  facet normal -0.564356 0.825531 0
    outer loop
      vertex 127.069 38.3154 4
      vertex 127.295 38.4699 3.4
      vertex 127.069 38.3154 3.4
    endloop
  endfacet
  facet normal -0.328301 0.944573 0
    outer loop
      vertex 127.562 38.5627 3.4
      vertex 127.295 38.4699 4
      vertex 127.562 38.5627 4
    endloop
  endfacet
  facet normal -0.328301 0.944573 0
    outer loop
      vertex 127.295 38.4699 4
      vertex 127.562 38.5627 3.4
      vertex 127.295 38.4699 3.4
    endloop
  endfacet
  facet normal -0.0995037 0.995037 0
    outer loop
      vertex 127.871 38.5936 3.4
      vertex 127.562 38.5627 4
      vertex 127.871 38.5936 4
    endloop
  endfacet
  facet normal -0.0995037 0.995037 0
    outer loop
      vertex 127.562 38.5627 4
      vertex 127.871 38.5936 3.4
      vertex 127.562 38.5627 3.4
    endloop
  endfacet
  facet normal 0.115421 0.993317 -0
    outer loop
      vertex 128.155 38.5606 3.4
      vertex 127.871 38.5936 4
      vertex 128.155 38.5606 4
    endloop
  endfacet
  facet normal 0.115421 0.993317 0
    outer loop
      vertex 127.871 38.5936 4
      vertex 128.155 38.5606 3.4
      vertex 127.871 38.5936 3.4
    endloop
  endfacet
  facet normal 0.373665 0.927564 -0
    outer loop
      vertex 128.401 38.4615 3.4
      vertex 128.155 38.5606 4
      vertex 128.401 38.4615 4
    endloop
  endfacet
  facet normal 0.373665 0.927564 0
    outer loop
      vertex 128.155 38.5606 4
      vertex 128.401 38.4615 3.4
      vertex 128.155 38.5606 3.4
    endloop
  endfacet
  facet normal 0.621936 0.783068 -0
    outer loop
      vertex 128.609 38.2963 3.4
      vertex 128.401 38.4615 4
      vertex 128.609 38.2963 4
    endloop
  endfacet
  facet normal 0.621936 0.783068 0
    outer loop
      vertex 128.401 38.4615 4
      vertex 128.609 38.2963 3.4
      vertex 128.401 38.4615 3.4
    endloop
  endfacet
  facet normal 0.812729 0.582642 0
    outer loop
      vertex 128.766 38.0773 4
      vertex 128.609 38.2963 3.4
      vertex 128.609 38.2963 4
    endloop
  endfacet
  facet normal 0.812729 0.582642 0
    outer loop
      vertex 128.609 38.2963 3.4
      vertex 128.766 38.0773 4
      vertex 128.766 38.0773 3.4
    endloop
  endfacet
  facet normal 0.940759 0.339077 0
    outer loop
      vertex 128.86 37.8165 4
      vertex 128.766 38.0773 3.4
      vertex 128.766 38.0773 4
    endloop
  endfacet
  facet normal 0.940759 0.339077 0
    outer loop
      vertex 128.766 38.0773 3.4
      vertex 128.86 37.8165 4
      vertex 128.86 37.8165 3.4
    endloop
  endfacet
  facet normal 0.994793 0.101912 0
    outer loop
      vertex 128.891 37.5139 4
      vertex 128.86 37.8165 3.4
      vertex 128.86 37.8165 4
    endloop
  endfacet
  facet normal 0.994793 0.101912 0
    outer loop
      vertex 128.86 37.8165 3.4
      vertex 128.891 37.5139 4
      vertex 128.891 37.5139 3.4
    endloop
  endfacet
  facet normal 0 -1 0
    outer loop
      vertex 126.684 37.5139 3.4
      vertex 128.891 37.5139 4
      vertex 126.684 37.5139 4
    endloop
  endfacet
  facet normal 0 -1 -0
    outer loop
      vertex 128.891 37.5139 4
      vertex 126.684 37.5139 3.4
      vertex 128.891 37.5139 3.4
    endloop
  endfacet
  facet normal -0.996694 0.0812488 0
    outer loop
      vertex 99.0992 36.7272 3.4
      vertex 99.1385 37.2093 4
      vertex 99.1385 37.2093 3.4
    endloop
  endfacet
  facet normal -0.996694 0.0812488 0
    outer loop
      vertex 99.1385 37.2093 4
      vertex 99.0992 36.7272 3.4
      vertex 99.0992 36.7272 4
    endloop
  endfacet
  facet normal -0.959533 0.281597 0
    outer loop
      vertex 99.1385 37.2093 3.4
      vertex 99.2563 37.6107 4
      vertex 99.2563 37.6107 3.4
    endloop
  endfacet
  facet normal -0.959533 0.281597 0
    outer loop
      vertex 99.2563 37.6107 4
      vertex 99.1385 37.2093 3.4
      vertex 99.1385 37.2093 4
    endloop
  endfacet
  facet normal -0.852597 0.522568 0
    outer loop
      vertex 99.2563 37.6107 3.4
      vertex 99.4528 37.9313 4
      vertex 99.4528 37.9313 3.4
    endloop
  endfacet
  facet normal -0.852597 0.522568 0
    outer loop
      vertex 99.4528 37.9313 4
      vertex 99.2563 37.6107 3.4
      vertex 99.2563 37.6107 4
    endloop
  endfacet
  facet normal -0.655101 0.755541 0
    outer loop
      vertex 99.7221 38.1648 3.4
      vertex 99.4528 37.9313 4
      vertex 99.7221 38.1648 4
    endloop
  endfacet
  facet normal -0.655101 0.755541 0
    outer loop
      vertex 99.4528 37.9313 4
      vertex 99.7221 38.1648 3.4
      vertex 99.4528 37.9313 3.4
    endloop
  endfacet
  facet normal -0.385181 0.922841 0
    outer loop
      vertex 100.058 38.305 3.4
      vertex 99.7221 38.1648 4
      vertex 100.058 38.305 4
    endloop
  endfacet
  facet normal -0.385181 0.922841 0
    outer loop
      vertex 99.7221 38.1648 4
      vertex 100.058 38.305 3.4
      vertex 99.7221 38.1648 3.4
    endloop
  endfacet
  facet normal -0.114829 0.993385 0
    outer loop
      vertex 100.462 38.3517 3.4
      vertex 100.058 38.305 4
      vertex 100.462 38.3517 4
    endloop
  endfacet
  facet normal -0.114829 0.993385 0
    outer loop
      vertex 100.058 38.305 4
      vertex 100.462 38.3517 3.4
      vertex 100.058 38.305 3.4
    endloop
  endfacet
  facet normal 0.0378108 0.999285 -0
    outer loop
      vertex 100.61 38.3461 3.4
      vertex 100.462 38.3517 4
      vertex 100.61 38.3461 4
    endloop
  endfacet
  facet normal 0.0378108 0.999285 0
    outer loop
      vertex 100.462 38.3517 4
      vertex 100.61 38.3461 3.4
      vertex 100.462 38.3517 3.4
    endloop
  endfacet
  facet normal 0.112789 0.993619 -0
    outer loop
      vertex 100.758 38.3293 3.4
      vertex 100.61 38.3461 4
      vertex 100.758 38.3293 4
    endloop
  endfacet
  facet normal 0.112789 0.993619 0
    outer loop
      vertex 100.61 38.3461 4
      vertex 100.758 38.3293 3.4
      vertex 100.61 38.3461 3.4
    endloop
  endfacet
  facet normal 0.186467 0.982461 -0
    outer loop
      vertex 100.905 38.3014 3.4
      vertex 100.758 38.3293 4
      vertex 100.905 38.3014 4
    endloop
  endfacet
  facet normal 0.186467 0.982461 0
    outer loop
      vertex 100.758 38.3293 4
      vertex 100.905 38.3014 3.4
      vertex 100.758 38.3293 3.4
    endloop
  endfacet
  facet normal 0.259084 0.965855 -0
    outer loop
      vertex 101.053 38.2617 3.4
      vertex 100.905 38.3014 4
      vertex 101.053 38.2617 4
    endloop
  endfacet
  facet normal 0.259084 0.965855 0
    outer loop
      vertex 100.905 38.3014 4
      vertex 101.053 38.2617 3.4
      vertex 100.905 38.3014 3.4
    endloop
  endfacet
  facet normal 0.330918 0.943659 -0
    outer loop
      vertex 101.201 38.2098 3.4
      vertex 101.053 38.2617 4
      vertex 101.201 38.2098 4
    endloop
  endfacet
  facet normal 0.330918 0.943659 0
    outer loop
      vertex 101.053 38.2617 4
      vertex 101.201 38.2098 3.4
      vertex 101.053 38.2617 3.4
    endloop
  endfacet
  facet normal 0.397955 0.917405 -0
    outer loop
      vertex 101.349 38.1456 3.4
      vertex 101.201 38.2098 4
      vertex 101.349 38.1456 4
    endloop
  endfacet
  facet normal 0.397955 0.917405 0
    outer loop
      vertex 101.201 38.2098 4
      vertex 101.349 38.1456 3.4
      vertex 101.201 38.2098 3.4
    endloop
  endfacet
  facet normal -0.999995 -0.00324716 0
    outer loop
      vertex 101.349 38.1456 3.4
      vertex 101.344 39.6854 4
      vertex 101.344 39.6854 3.4
    endloop
  endfacet
  facet normal -0.999995 -0.00324716 0
    outer loop
      vertex 101.344 39.6854 4
      vertex 101.349 38.1456 3.4
      vertex 101.349 38.1456 4
    endloop
  endfacet
  facet normal -0.117288 -0.993098 0
    outer loop
      vertex 101.228 39.6991 3.4
      vertex 101.344 39.6854 4
      vertex 101.228 39.6991 4
    endloop
  endfacet
  facet normal -0.117288 -0.993098 -0
    outer loop
      vertex 101.344 39.6854 4
      vertex 101.228 39.6991 3.4
      vertex 101.344 39.6854 3.4
    endloop
  endfacet
  facet normal -0.102549 -0.994728 0
    outer loop
      vertex 101.131 39.7091 3.4
      vertex 101.228 39.6991 4
      vertex 101.131 39.7091 4
    endloop
  endfacet
  facet normal -0.102549 -0.994728 -0
    outer loop
      vertex 101.228 39.6991 4
      vertex 101.131 39.7091 3.4
      vertex 101.228 39.6991 3.4
    endloop
  endfacet
  facet normal -0.0852152 -0.996363 0
    outer loop
      vertex 101.055 39.7156 3.4
      vertex 101.131 39.7091 4
      vertex 101.055 39.7156 4
    endloop
  endfacet
  facet normal -0.0852152 -0.996363 -0
    outer loop
      vertex 101.131 39.7091 4
      vertex 101.055 39.7156 3.4
      vertex 101.131 39.7091 3.4
    endloop
  endfacet
  facet normal -0.0598923 -0.998205 0
    outer loop
      vertex 100.99 39.7195 3.4
      vertex 101.055 39.7156 4
      vertex 100.99 39.7195 4
    endloop
  endfacet
  facet normal -0.0598923 -0.998205 -0
    outer loop
      vertex 101.055 39.7156 4
      vertex 100.99 39.7195 3.4
      vertex 101.055 39.7156 3.4
    endloop
  endfacet
  facet normal -0.0370713 -0.999313 0
    outer loop
      vertex 100.928 39.7218 3.4
      vertex 100.99 39.7195 4
      vertex 100.928 39.7218 4
    endloop
  endfacet
  facet normal -0.0370713 -0.999313 -0
    outer loop
      vertex 100.99 39.7195 4
      vertex 100.928 39.7218 3.4
      vertex 100.99 39.7195 3.4
    endloop
  endfacet
  facet normal -0.0137918 -0.999905 0
    outer loop
      vertex 100.87 39.7226 3.4
      vertex 100.928 39.7218 4
      vertex 100.87 39.7226 4
    endloop
  endfacet
  facet normal -0.0137918 -0.999905 -0
    outer loop
      vertex 100.928 39.7218 4
      vertex 100.87 39.7226 3.4
      vertex 100.928 39.7218 3.4
    endloop
  endfacet
  facet normal 0.0706453 -0.997501 0
    outer loop
      vertex 100.493 39.6959 3.4
      vertex 100.87 39.7226 4
      vertex 100.493 39.6959 4
    endloop
  endfacet
  facet normal 0.0706453 -0.997501 0
    outer loop
      vertex 100.87 39.7226 4
      vertex 100.493 39.6959 3.4
      vertex 100.87 39.7226 3.4
    endloop
  endfacet
  facet normal 0.229311 -0.973353 0
    outer loop
      vertex 100.153 39.6158 3.4
      vertex 100.493 39.6959 4
      vertex 100.153 39.6158 4
    endloop
  endfacet
  facet normal 0.229311 -0.973353 0
    outer loop
      vertex 100.493 39.6959 4
      vertex 100.153 39.6158 3.4
      vertex 100.493 39.6959 3.4
    endloop
  endfacet
  facet normal 0.404618 -0.914486 0
    outer loop
      vertex 99.8515 39.4824 3.4
      vertex 100.153 39.6158 4
      vertex 99.8515 39.4824 4
    endloop
  endfacet
  facet normal 0.404618 -0.914486 0
    outer loop
      vertex 100.153 39.6158 4
      vertex 99.8515 39.4824 3.4
      vertex 100.153 39.6158 3.4
    endloop
  endfacet
  facet normal 0.575315 -0.817932 0
    outer loop
      vertex 99.5791 39.2908 3.4
      vertex 99.8515 39.4824 4
      vertex 99.5791 39.2908 4
    endloop
  endfacet
  facet normal 0.575315 -0.817932 0
    outer loop
      vertex 99.8515 39.4824 4
      vertex 99.5791 39.2908 3.4
      vertex 99.8515 39.4824 3.4
    endloop
  endfacet
  facet normal 0.712127 -0.70205 0
    outer loop
      vertex 99.3283 39.0364 4
      vertex 99.5791 39.2908 3.4
      vertex 99.5791 39.2908 4
    endloop
  endfacet
  facet normal 0.712127 -0.70205 0
    outer loop
      vertex 99.5791 39.2908 3.4
      vertex 99.3283 39.0364 4
      vertex 99.3283 39.0364 3.4
    endloop
  endfacet
  facet normal 0.810841 -0.585267 0
    outer loop
      vertex 99.0992 38.719 4
      vertex 99.3283 39.0364 3.4
      vertex 99.3283 39.0364 4
    endloop
  endfacet
  facet normal 0.810841 -0.585267 0
    outer loop
      vertex 99.3283 39.0364 3.4
      vertex 99.0992 38.719 4
      vertex 99.0992 38.719 3.4
    endloop
  endfacet
  facet normal -1 0 0
    outer loop
      vertex 99.0992 38.719 3.4
      vertex 99.0992 39.5971 4
      vertex 99.0992 39.5971 3.4
    endloop
  endfacet
  facet normal -1 -0 0
    outer loop
      vertex 99.0992 39.5971 4
      vertex 99.0992 38.719 3.4
      vertex 99.0992 38.719 4
    endloop
  endfacet
  facet normal 0 -1 0
    outer loop
      vertex 97.3998 39.5971 3.4
      vertex 99.0992 39.5971 4
      vertex 97.3998 39.5971 4
    endloop
  endfacet
  facet normal 0 -1 -0
    outer loop
      vertex 99.0992 39.5971 4
      vertex 97.3998 39.5971 3.4
      vertex 99.0992 39.5971 3.4
    endloop
  endfacet
  facet normal 1 -0 0
    outer loop
      vertex 97.3998 34.2794 4
      vertex 97.3998 39.5971 3.4
      vertex 97.3998 39.5971 4
    endloop
  endfacet
  facet normal 1 0 0
    outer loop
      vertex 97.3998 39.5971 3.4
      vertex 97.3998 34.2794 4
      vertex 97.3998 34.2794 3.4
    endloop
  endfacet
  facet normal 0 1 -0
    outer loop
      vertex 99.0992 34.2794 3.4
      vertex 97.3998 34.2794 4
      vertex 99.0992 34.2794 4
    endloop
  endfacet
  facet normal 0 1 0
    outer loop
      vertex 97.3998 34.2794 4
      vertex 99.0992 34.2794 3.4
      vertex 97.3998 34.2794 3.4
    endloop
  endfacet
  facet normal -1 0 0
    outer loop
      vertex 99.0992 34.2794 3.4
      vertex 99.0992 36.7272 4
      vertex 99.0992 36.7272 3.4
    endloop
  endfacet
  facet normal -1 -0 0
    outer loop
      vertex 99.0992 36.7272 4
      vertex 99.0992 34.2794 3.4
      vertex 99.0992 34.2794 4
    endloop
  endfacet
  facet normal -0.0960947 0.995372 0
    outer loop
      vertex 85.9292 34.1923 3.4
      vertex 85.5273 34.1535 4
      vertex 85.9292 34.1923 4
    endloop
  endfacet
  facet normal -0.0960947 0.995372 0
    outer loop
      vertex 85.5273 34.1535 4
      vertex 85.9292 34.1923 3.4
      vertex 85.5273 34.1535 3.4
    endloop
  endfacet
  facet normal -0.159178 0.98725 0
    outer loop
      vertex 86.3311 34.2571 3.4
      vertex 85.9292 34.1923 4
      vertex 86.3311 34.2571 4
    endloop
  endfacet
  facet normal -0.159178 0.98725 0
    outer loop
      vertex 85.9292 34.1923 4
      vertex 86.3311 34.2571 3.4
      vertex 85.9292 34.1923 3.4
    endloop
  endfacet
  facet normal -0.218755 0.97578 0
    outer loop
      vertex 86.733 34.3472 3.4
      vertex 86.3311 34.2571 4
      vertex 86.733 34.3472 4
    endloop
  endfacet
  facet normal -0.218755 0.97578 0
    outer loop
      vertex 86.3311 34.2571 4
      vertex 86.733 34.3472 3.4
      vertex 86.3311 34.2571 3.4
    endloop
  endfacet
  facet normal -0.274879 0.961479 0
    outer loop
      vertex 87.1349 34.4621 3.4
      vertex 86.733 34.3472 4
      vertex 87.1349 34.4621 4
    endloop
  endfacet
  facet normal -0.274879 0.961479 0
    outer loop
      vertex 86.733 34.3472 4
      vertex 87.1349 34.4621 3.4
      vertex 86.733 34.3472 3.4
    endloop
  endfacet
  facet normal -0.328748 0.944418 0
    outer loop
      vertex 87.5368 34.602 3.4
      vertex 87.1349 34.4621 4
      vertex 87.5368 34.602 4
    endloop
  endfacet
  facet normal -0.328748 0.944418 0
    outer loop
      vertex 87.1349 34.4621 4
      vertex 87.5368 34.602 3.4
      vertex 87.1349 34.4621 3.4
    endloop
  endfacet
  facet normal -1 0 0
    outer loop
      vertex 87.5368 34.602 3.4
      vertex 87.5368 35.9101 4
      vertex 87.5368 35.9101 3.4
    endloop
  endfacet
  facet normal -1 -0 0
    outer loop
      vertex 87.5368 35.9101 4
      vertex 87.5368 34.602 3.4
      vertex 87.5368 34.602 4
    endloop
  endfacet
  facet normal 0.448671 -0.893697 0
    outer loop
      vertex 87.1446 35.7132 3.4
      vertex 87.5368 35.9101 4
      vertex 87.1446 35.7132 4
    endloop
  endfacet
  facet normal 0.448671 -0.893697 0
    outer loop
      vertex 87.5368 35.9101 4
      vertex 87.1446 35.7132 3.4
      vertex 87.5368 35.9101 3.4
    endloop
  endfacet
  facet normal 0.384734 -0.923027 0
    outer loop
      vertex 86.7593 35.5526 3.4
      vertex 87.1446 35.7132 4
      vertex 86.7593 35.5526 4
    endloop
  endfacet
  facet normal 0.384734 -0.923027 0
    outer loop
      vertex 87.1446 35.7132 4
      vertex 86.7593 35.5526 3.4
      vertex 87.1446 35.7132 3.4
    endloop
  endfacet
  facet normal 0.311855 -0.95013 0
    outer loop
      vertex 86.3809 35.4284 3.4
      vertex 86.7593 35.5526 4
      vertex 86.3809 35.4284 4
    endloop
  endfacet
  facet normal 0.311855 -0.95013 0
    outer loop
      vertex 86.7593 35.5526 4
      vertex 86.3809 35.4284 3.4
      vertex 86.7593 35.5526 3.4
    endloop
  endfacet
  facet normal 0.23089 -0.97298 0
    outer loop
      vertex 86.0088 35.3401 3.4
      vertex 86.3809 35.4284 4
      vertex 86.0088 35.3401 4
    endloop
  endfacet
  facet normal 0.23089 -0.97298 0
    outer loop
      vertex 86.3809 35.4284 4
      vertex 86.0088 35.3401 3.4
      vertex 86.3809 35.4284 3.4
    endloop
  endfacet
  facet normal 0.143199 -0.989694 0
    outer loop
      vertex 85.6425 35.2871 3.4
      vertex 86.0088 35.3401 4
      vertex 85.6425 35.2871 4
    endloop
  endfacet
  facet normal 0.143199 -0.989694 0
    outer loop
      vertex 86.0088 35.3401 4
      vertex 85.6425 35.2871 3.4
      vertex 86.0088 35.3401 3.4
    endloop
  endfacet
  facet normal 0.048763 -0.99881 0
    outer loop
      vertex 85.282 35.2695 3.4
      vertex 85.6425 35.2871 4
      vertex 85.282 35.2695 4
    endloop
  endfacet
  facet normal 0.048763 -0.99881 0
    outer loop
      vertex 85.6425 35.2871 4
      vertex 85.282 35.2695 3.4
      vertex 85.6425 35.2871 3.4
    endloop
  endfacet
  facet normal -0.0806528 -0.996742 0
    outer loop
      vertex 84.8717 35.3027 3.4
      vertex 85.282 35.2695 4
      vertex 84.8717 35.3027 4
    endloop
  endfacet
  facet normal -0.0806528 -0.996742 -0
    outer loop
      vertex 85.282 35.2695 4
      vertex 84.8717 35.3027 3.4
      vertex 85.282 35.2695 3.4
    endloop
  endfacet
  facet normal -0.277625 -0.960689 0
    outer loop
      vertex 84.5267 35.4024 3.4
      vertex 84.8717 35.3027 4
      vertex 84.5267 35.4024 4
    endloop
  endfacet
  facet normal -0.277625 -0.960689 -0
    outer loop
      vertex 84.8717 35.3027 4
      vertex 84.5267 35.4024 3.4
      vertex 84.8717 35.3027 3.4
    endloop
  endfacet
  facet normal -0.510873 -0.859656 0
    outer loop
      vertex 84.2472 35.5685 3.4
      vertex 84.5267 35.4024 4
      vertex 84.2472 35.5685 4
    endloop
  endfacet
  facet normal -0.510873 -0.859656 -0
    outer loop
      vertex 84.5267 35.4024 4
      vertex 84.2472 35.5685 3.4
      vertex 84.5267 35.4024 3.4
    endloop
  endfacet
  facet normal -0.738286 -0.674488 0
    outer loop
      vertex 84.2472 35.5685 3.4
      vertex 84.0347 35.8011 4
      vertex 84.0347 35.8011 3.4
    endloop
  endfacet
  facet normal -0.738286 -0.674488 0
    outer loop
      vertex 84.0347 35.8011 4
      vertex 84.2472 35.5685 3.4
      vertex 84.2472 35.5685 4
    endloop
  endfacet
  facet normal -0.900958 -0.433906 0
    outer loop
      vertex 84.0347 35.8011 3.4
      vertex 83.8907 36.1001 4
      vertex 83.8907 36.1001 3.4
    endloop
  endfacet
  facet normal -0.900958 -0.433906 0
    outer loop
      vertex 83.8907 36.1001 4
      vertex 84.0347 35.8011 3.4
      vertex 84.0347 35.8011 4
    endloop
  endfacet
  facet normal -0.979325 -0.202295 0
    outer loop
      vertex 83.8907 36.1001 3.4
      vertex 83.8152 36.4656 4
      vertex 83.8152 36.4656 3.4
    endloop
  endfacet
  facet normal -0.979325 -0.202295 0
    outer loop
      vertex 83.8152 36.4656 4
      vertex 83.8907 36.1001 3.4
      vertex 83.8907 36.1001 4
    endloop
  endfacet
  facet normal 0 1 -0
    outer loop
      vertex 87.7884 36.4656 3.4
      vertex 83.8152 36.4656 4
      vertex 87.7884 36.4656 4
    endloop
  endfacet
  facet normal 0 1 0
    outer loop
      vertex 83.8152 36.4656 4
      vertex 87.7884 36.4656 3.4
      vertex 83.8152 36.4656 3.4
    endloop
  endfacet
  facet normal -1 0 0
    outer loop
      vertex 87.7884 36.4656 3.4
      vertex 87.7884 36.9495 4
      vertex 87.7884 36.9495 3.4
    endloop
  endfacet
  facet normal -1 -0 0
    outer loop
      vertex 87.7884 36.9495 4
      vertex 87.7884 36.4656 3.4
      vertex 87.7884 36.4656 4
    endloop
  endfacet
  facet normal -0.994386 -0.105818 0
    outer loop
      vertex 87.7884 36.9495 3.4
      vertex 87.7048 37.7351 4
      vertex 87.7048 37.7351 3.4
    endloop
  endfacet
  facet normal -0.994386 -0.105818 0
    outer loop
      vertex 87.7048 37.7351 4
      vertex 87.7884 36.9495 3.4
      vertex 87.7884 36.9495 4
    endloop
  endfacet
  facet normal -0.936997 -0.349337 0
    outer loop
      vertex 87.7048 37.7351 3.4
      vertex 87.454 38.4078 4
      vertex 87.454 38.4078 3.4
    endloop
  endfacet
  facet normal -0.936997 -0.349337 0
    outer loop
      vertex 87.454 38.4078 4
      vertex 87.7048 37.7351 3.4
      vertex 87.7048 37.7351 4
    endloop
  endfacet
  facet normal -0.801269 -0.598304 0
    outer loop
      vertex 87.454 38.4078 3.4
      vertex 87.036 38.9676 4
      vertex 87.036 38.9676 3.4
    endloop
  endfacet
  facet normal -0.801269 -0.598304 0
    outer loop
      vertex 87.036 38.9676 4
      vertex 87.454 38.4078 3.4
      vertex 87.454 38.4078 4
    endloop
  endfacet
  facet normal -0.601376 -0.798966 0
    outer loop
      vertex 86.4788 39.387 3.4
      vertex 87.036 38.9676 4
      vertex 86.4788 39.387 4
    endloop
  endfacet
  facet normal -0.601376 -0.798966 -0
    outer loop
      vertex 87.036 38.9676 4
      vertex 86.4788 39.387 3.4
      vertex 87.036 38.9676 3.4
    endloop
  endfacet
  facet normal -0.35232 -0.93588 0
    outer loop
      vertex 85.8102 39.6387 3.4
      vertex 86.4788 39.387 4
      vertex 85.8102 39.6387 4
    endloop
  endfacet
  facet normal -0.35232 -0.93588 -0
    outer loop
      vertex 86.4788 39.387 4
      vertex 85.8102 39.6387 3.4
      vertex 86.4788 39.387 3.4
    endloop
  endfacet
  facet normal -0.106974 -0.994262 0
    outer loop
      vertex 85.0304 39.7226 3.4
      vertex 85.8102 39.6387 4
      vertex 85.0304 39.7226 4
    endloop
  endfacet
  facet normal -0.106974 -0.994262 -0
    outer loop
      vertex 85.8102 39.6387 4
      vertex 85.0304 39.7226 3.4
      vertex 85.8102 39.6387 3.4
    endloop
  endfacet
  facet normal 0.0967274 -0.995311 0
    outer loop
      vertex 84.1784 39.6398 3.4
      vertex 85.0304 39.7226 4
      vertex 84.1784 39.6398 4
    endloop
  endfacet
  facet normal 0.0967274 -0.995311 0
    outer loop
      vertex 85.0304 39.7226 4
      vertex 84.1784 39.6398 3.4
      vertex 85.0304 39.7226 3.4
    endloop
  endfacet
  facet normal 0.325853 -0.94542 0
    outer loop
      vertex 83.4577 39.3914 3.4
      vertex 84.1784 39.6398 4
      vertex 83.4577 39.3914 4
    endloop
  endfacet
  facet normal 0.325853 -0.94542 0
    outer loop
      vertex 84.1784 39.6398 4
      vertex 83.4577 39.3914 3.4
      vertex 84.1784 39.6398 3.4
    endloop
  endfacet
  facet normal 0.574878 -0.818239 0
    outer loop
      vertex 82.8683 38.9773 3.4
      vertex 83.4577 39.3914 4
      vertex 82.8683 38.9773 4
    endloop
  endfacet
  facet normal 0.574878 -0.818239 0
    outer loop
      vertex 83.4577 39.3914 4
      vertex 82.8683 38.9773 3.4
      vertex 83.4577 39.3914 3.4
    endloop
  endfacet
  facet normal 0.787907 -0.615795 0
    outer loop
      vertex 82.4318 38.4188 4
      vertex 82.8683 38.9773 3.4
      vertex 82.8683 38.9773 4
    endloop
  endfacet
  facet normal 0.787907 -0.615795 0
    outer loop
      vertex 82.8683 38.9773 3.4
      vertex 82.4318 38.4188 4
      vertex 82.4318 38.4188 3.4
    endloop
  endfacet
  facet normal 0.933561 -0.358419 0
    outer loop
      vertex 82.17 37.7369 4
      vertex 82.4318 38.4188 3.4
      vertex 82.4318 38.4188 4
    endloop
  endfacet
  facet normal 0.933561 -0.358419 0
    outer loop
      vertex 82.4318 38.4188 3.4
      vertex 82.17 37.7369 4
      vertex 82.17 37.7369 3.4
    endloop
  endfacet
  facet normal 0.994177 -0.107762 0
    outer loop
      vertex 82.0827 36.9315 4
      vertex 82.17 37.7369 3.4
      vertex 82.17 37.7369 4
    endloop
  endfacet
  facet normal 0.994177 -0.107762 0
    outer loop
      vertex 82.17 37.7369 3.4
      vertex 82.0827 36.9315 4
      vertex 82.0827 36.9315 3.4
    endloop
  endfacet
  facet normal 0.994148 0.108028 0
    outer loop
      vertex 82.1715 36.1143 4
      vertex 82.0827 36.9315 3.4
      vertex 82.0827 36.9315 4
    endloop
  endfacet
  facet normal 0.994148 0.108028 0
    outer loop
      vertex 82.0827 36.9315 3.4
      vertex 82.1715 36.1143 4
      vertex 82.1715 36.1143 3.4
    endloop
  endfacet
  facet normal 0.932068 0.362282 0
    outer loop
      vertex 82.4381 35.4284 4
      vertex 82.1715 36.1143 3.4
      vertex 82.1715 36.1143 4
    endloop
  endfacet
  facet normal 0.932068 0.362282 0
    outer loop
      vertex 82.1715 36.1143 3.4
      vertex 82.4381 35.4284 4
      vertex 82.4381 35.4284 3.4
    endloop
  endfacet
  facet normal 0.780374 0.625313 0
    outer loop
      vertex 82.8825 34.8738 4
      vertex 82.4381 35.4284 3.4
      vertex 82.4381 35.4284 4
    endloop
  endfacet
  facet normal 0.780374 0.625313 0
    outer loop
      vertex 82.4381 35.4284 3.4
      vertex 82.8825 34.8738 4
      vertex 82.8825 34.8738 3.4
    endloop
  endfacet
  facet normal 0.558745 0.82934 -0
    outer loop
      vertex 83.4872 34.4664 3.4
      vertex 82.8825 34.8738 4
      vertex 83.4872 34.4664 4
    endloop
  endfacet
  facet normal 0.558745 0.82934 0
    outer loop
      vertex 82.8825 34.8738 4
      vertex 83.4872 34.4664 3.4
      vertex 82.8825 34.8738 3.4
    endloop
  endfacet
  facet normal 0.31073 0.950498 -0
    outer loop
      vertex 84.2348 34.222 3.4
      vertex 83.4872 34.4664 4
      vertex 84.2348 34.222 4
    endloop
  endfacet
  facet normal 0.31073 0.950498 0
    outer loop
      vertex 83.4872 34.4664 4
      vertex 84.2348 34.222 3.4
      vertex 83.4872 34.4664 3.4
    endloop
  endfacet
  facet normal 0.0911306 0.995839 -0
    outer loop
      vertex 85.1254 34.1405 3.4
      vertex 84.2348 34.222 4
      vertex 85.1254 34.1405 4
    endloop
  endfacet
  facet normal 0.0911306 0.995839 0
    outer loop
      vertex 84.2348 34.222 4
      vertex 85.1254 34.1405 3.4
      vertex 84.2348 34.222 3.4
    endloop
  endfacet
  facet normal -0.0323294 0.999477 0
    outer loop
      vertex 85.5273 34.1535 3.4
      vertex 85.1254 34.1405 4
      vertex 85.5273 34.1535 4
    endloop
  endfacet
  facet normal -0.0323294 0.999477 0
    outer loop
      vertex 85.1254 34.1405 4
      vertex 85.5273 34.1535 3.4
      vertex 85.1254 34.1405 3.4
    endloop
  endfacet
  facet normal -0.972855 0.231416 0
    outer loop
      vertex 83.8342 37.5139 3.4
      vertex 83.9107 37.8355 4
      vertex 83.9107 37.8355 3.4
    endloop
  endfacet
  facet normal -0.972855 0.231416 0
    outer loop
      vertex 83.9107 37.8355 4
      vertex 83.8342 37.5139 3.4
      vertex 83.8342 37.5139 4
    endloop
  endfacet
  facet normal -0.901665 0.432435 0
    outer loop
      vertex 83.9107 37.8355 3.4
      vertex 84.0388 38.1026 4
      vertex 84.0388 38.1026 3.4
    endloop
  endfacet
  facet normal -0.901665 0.432435 0
    outer loop
      vertex 84.0388 38.1026 4
      vertex 83.9107 37.8355 3.4
      vertex 83.9107 37.8355 4
    endloop
  endfacet
  facet normal -0.763672 0.645604 0
    outer loop
      vertex 84.0388 38.1026 3.4
      vertex 84.2187 38.3154 4
      vertex 84.2187 38.3154 3.4
    endloop
  endfacet
  facet normal -0.763672 0.645604 0
    outer loop
      vertex 84.2187 38.3154 4
      vertex 84.0388 38.1026 3.4
      vertex 84.0388 38.1026 4
    endloop
  endfacet
  facet normal -0.563846 0.82588 0
    outer loop
      vertex 84.445 38.4699 3.4
      vertex 84.2187 38.3154 4
      vertex 84.445 38.4699 4
    endloop
  endfacet
  facet normal -0.563846 0.82588 0
    outer loop
      vertex 84.2187 38.3154 4
      vertex 84.445 38.4699 3.4
      vertex 84.2187 38.3154 3.4
    endloop
  endfacet
  facet normal -0.327863 0.944725 0
    outer loop
      vertex 84.7124 38.5627 3.4
      vertex 84.445 38.4699 4
      vertex 84.7124 38.5627 4
    endloop
  endfacet
  facet normal -0.327863 0.944725 0
    outer loop
      vertex 84.445 38.4699 4
      vertex 84.7124 38.5627 3.4
      vertex 84.445 38.4699 3.4
    endloop
  endfacet
  facet normal -0.0996634 0.995021 0
    outer loop
      vertex 85.0209 38.5936 3.4
      vertex 84.7124 38.5627 4
      vertex 85.0209 38.5936 4
    endloop
  endfacet
  facet normal -0.0996634 0.995021 0
    outer loop
      vertex 84.7124 38.5627 4
      vertex 85.0209 38.5936 3.4
      vertex 84.7124 38.5627 3.4
    endloop
  endfacet
  facet normal 0.115181 0.993345 -0
    outer loop
      vertex 85.3055 38.5606 3.4
      vertex 85.0209 38.5936 4
      vertex 85.3055 38.5606 4
    endloop
  endfacet
  facet normal 0.115181 0.993345 0
    outer loop
      vertex 85.0209 38.5936 4
      vertex 85.3055 38.5606 3.4
      vertex 85.0209 38.5936 3.4
    endloop
  endfacet
  facet normal 0.373665 0.927564 -0
    outer loop
      vertex 85.5515 38.4615 3.4
      vertex 85.3055 38.5606 4
      vertex 85.5515 38.4615 4
    endloop
  endfacet
  facet normal 0.373665 0.927564 0
    outer loop
      vertex 85.3055 38.5606 4
      vertex 85.5515 38.4615 3.4
      vertex 85.3055 38.5606 3.4
    endloop
  endfacet
  facet normal 0.622854 0.782338 -0
    outer loop
      vertex 85.759 38.2963 3.4
      vertex 85.5515 38.4615 4
      vertex 85.759 38.2963 4
    endloop
  endfacet
  facet normal 0.622854 0.782338 0
    outer loop
      vertex 85.5515 38.4615 4
      vertex 85.759 38.2963 3.4
      vertex 85.5515 38.4615 3.4
    endloop
  endfacet
  facet normal 0.812729 0.582642 0
    outer loop
      vertex 85.916 38.0773 4
      vertex 85.759 38.2963 3.4
      vertex 85.759 38.2963 4
    endloop
  endfacet
  facet normal 0.812729 0.582642 0
    outer loop
      vertex 85.759 38.2963 3.4
      vertex 85.916 38.0773 4
      vertex 85.916 38.0773 3.4
    endloop
  endfacet
  facet normal 0.940643 0.339396 0
    outer loop
      vertex 86.0101 37.8165 4
      vertex 85.916 38.0773 3.4
      vertex 85.916 38.0773 4
    endloop
  endfacet
  facet normal 0.940643 0.339396 0
    outer loop
      vertex 85.916 38.0773 3.4
      vertex 86.0101 37.8165 4
      vertex 86.0101 37.8165 3.4
    endloop
  endfacet
  facet normal 0.994659 0.103213 0
    outer loop
      vertex 86.0415 37.5139 4
      vertex 86.0101 37.8165 3.4
      vertex 86.0101 37.8165 4
    endloop
  endfacet
  facet normal 0.994659 0.103213 0
    outer loop
      vertex 86.0101 37.8165 3.4
      vertex 86.0415 37.5139 4
      vertex 86.0415 37.5139 3.4
    endloop
  endfacet
  facet normal 0 -1 0
    outer loop
      vertex 83.8342 37.5139 3.4
      vertex 86.0415 37.5139 4
      vertex 83.8342 37.5139 4
    endloop
  endfacet
  facet normal 0 -1 -0
    outer loop
      vertex 86.0415 37.5139 4
      vertex 83.8342 37.5139 3.4
      vertex 86.0415 37.5139 3.4
    endloop
  endfacet
  facet normal 0.75865 0.651499 0
    outer loop
      vertex 65.0452 34.763 4
      vertex 64.8026 35.0455 3.4
      vertex 64.8026 35.0455 4
    endloop
  endfacet
  facet normal 0.75865 0.651499 0
    outer loop
      vertex 64.8026 35.0455 3.4
      vertex 65.0452 34.763 4
      vertex 65.0452 34.763 3.4
    endloop
  endfacet
  facet normal 0.660367 0.750943 -0
    outer loop
      vertex 65.3047 34.5348 3.4
      vertex 65.0452 34.763 4
      vertex 65.3047 34.5348 4
    endloop
  endfacet
  facet normal 0.660367 0.750943 0
    outer loop
      vertex 65.0452 34.763 4
      vertex 65.3047 34.5348 3.4
      vertex 65.0452 34.763 3.4
    endloop
  endfacet
  facet normal 0.532748 0.846274 -0
    outer loop
      vertex 65.5811 34.3608 3.4
      vertex 65.3047 34.5348 4
      vertex 65.5811 34.3608 4
    endloop
  endfacet
  facet normal 0.532748 0.846274 0
    outer loop
      vertex 65.3047 34.5348 4
      vertex 65.5811 34.3608 3.4
      vertex 65.3047 34.5348 3.4
    endloop
  endfacet
  facet normal 0.37885 0.925458 -0
    outer loop
      vertex 65.8801 34.2384 3.4
      vertex 65.5811 34.3608 4
      vertex 65.8801 34.2384 4
    endloop
  endfacet
  facet normal 0.37885 0.925458 0
    outer loop
      vertex 65.5811 34.3608 4
      vertex 65.8801 34.2384 3.4
      vertex 65.5811 34.3608 3.4
    endloop
  endfacet
  facet normal 0.218697 0.975793 -0
    outer loop
      vertex 66.2076 34.165 3.4
      vertex 65.8801 34.2384 4
      vertex 66.2076 34.165 4
    endloop
  endfacet
  facet normal 0.218697 0.975793 0
    outer loop
      vertex 65.8801 34.2384 4
      vertex 66.2076 34.165 3.4
      vertex 65.8801 34.2384 3.4
    endloop
  endfacet
  facet normal 0.0686578 0.99764 -0
    outer loop
      vertex 66.5636 34.1405 3.4
      vertex 66.2076 34.165 4
      vertex 66.5636 34.1405 4
    endloop
  endfacet
  facet normal 0.0686578 0.99764 0
    outer loop
      vertex 66.2076 34.165 4
      vertex 66.5636 34.1405 3.4
      vertex 66.2076 34.165 3.4
    endloop
  endfacet
  facet normal -0.139508 0.990221 0
    outer loop
      vertex 67.1797 34.2273 3.4
      vertex 66.5636 34.1405 4
      vertex 67.1797 34.2273 4
    endloop
  endfacet
  facet normal -0.139508 0.990221 0
    outer loop
      vertex 66.5636 34.1405 4
      vertex 67.1797 34.2273 3.4
      vertex 66.5636 34.1405 3.4
    endloop
  endfacet
  facet normal -0.435395 0.90024 0
    outer loop
      vertex 67.7177 34.4875 3.4
      vertex 67.1797 34.2273 4
      vertex 67.7177 34.4875 4
    endloop
  endfacet
  facet normal -0.435395 0.90024 0
    outer loop
      vertex 67.1797 34.2273 4
      vertex 67.7177 34.4875 3.4
      vertex 67.1797 34.2273 3.4
    endloop
  endfacet
  facet normal -0.686164 0.727447 0
    outer loop
      vertex 68.1776 34.9213 3.4
      vertex 67.7177 34.4875 4
      vertex 68.1776 34.9213 4
    endloop
  endfacet
  facet normal -0.686164 0.727447 0
    outer loop
      vertex 67.7177 34.4875 4
      vertex 68.1776 34.9213 3.4
      vertex 67.7177 34.4875 3.4
    endloop
  endfacet
  facet normal -0.851868 0.523756 0
    outer loop
      vertex 68.1776 34.9213 3.4
      vertex 68.5283 35.4917 4
      vertex 68.5283 35.4917 3.4
    endloop
  endfacet
  facet normal -0.851868 0.523756 0
    outer loop
      vertex 68.5283 35.4917 4
      vertex 68.1776 34.9213 3.4
      vertex 68.1776 34.9213 4
    endloop
  endfacet
  facet normal -0.954036 0.299693 0
    outer loop
      vertex 68.5283 35.4917 3.4
      vertex 68.7388 36.1618 4
      vertex 68.7388 36.1618 3.4
    endloop
  endfacet
  facet normal -0.954036 0.299693 0
    outer loop
      vertex 68.7388 36.1618 4
      vertex 68.5283 35.4917 3.4
      vertex 68.5283 35.4917 4
    endloop
  endfacet
  facet normal -0.995878 0.0906991 0
    outer loop
      vertex 68.7388 36.1618 3.4
      vertex 68.8089 36.9315 4
      vertex 68.8089 36.9315 3.4
    endloop
  endfacet
  facet normal -0.995878 0.0906991 0
    outer loop
      vertex 68.8089 36.9315 4
      vertex 68.7388 36.1618 3.4
      vertex 68.7388 36.1618 4
    endloop
  endfacet
  facet normal -0.995879 -0.0906874 0
    outer loop
      vertex 68.8089 36.9315 3.4
      vertex 68.7388 37.7013 4
      vertex 68.7388 37.7013 3.4
    endloop
  endfacet
  facet normal -0.995879 -0.0906874 0
    outer loop
      vertex 68.7388 37.7013 4
      vertex 68.8089 36.9315 3.4
      vertex 68.8089 36.9315 4
    endloop
  endfacet
  facet normal -0.954023 -0.299734 0
    outer loop
      vertex 68.7388 37.7013 3.4
      vertex 68.5283 38.3713 4
      vertex 68.5283 38.3713 3.4
    endloop
  endfacet
  facet normal -0.954023 -0.299734 0
    outer loop
      vertex 68.5283 38.3713 4
      vertex 68.7388 37.7013 3.4
      vertex 68.7388 37.7013 4
    endloop
  endfacet
  facet normal -0.851868 -0.523756 0
    outer loop
      vertex 68.5283 38.3713 3.4
      vertex 68.1776 38.9417 4
      vertex 68.1776 38.9417 3.4
    endloop
  endfacet
  facet normal -0.851868 -0.523756 0
    outer loop
      vertex 68.1776 38.9417 4
      vertex 68.5283 38.3713 3.4
      vertex 68.5283 38.3713 4
    endloop
  endfacet
  facet normal -0.686164 -0.727447 0
    outer loop
      vertex 67.7177 39.3755 3.4
      vertex 68.1776 38.9417 4
      vertex 67.7177 39.3755 4
    endloop
  endfacet
  facet normal -0.686164 -0.727447 -0
    outer loop
      vertex 68.1776 38.9417 4
      vertex 67.7177 39.3755 3.4
      vertex 68.1776 38.9417 3.4
    endloop
  endfacet
  facet normal -0.43553 -0.900174 0
    outer loop
      vertex 67.1797 39.6358 3.4
      vertex 67.7177 39.3755 4
      vertex 67.1797 39.6358 4
    endloop
  endfacet
  facet normal -0.43553 -0.900174 -0
    outer loop
      vertex 67.7177 39.3755 4
      vertex 67.1797 39.6358 3.4
      vertex 67.7177 39.3755 3.4
    endloop
  endfacet
  facet normal -0.139508 -0.990221 0
    outer loop
      vertex 66.5636 39.7226 3.4
      vertex 67.1797 39.6358 4
      vertex 66.5636 39.7226 4
    endloop
  endfacet
  facet normal -0.139508 -0.990221 -0
    outer loop
      vertex 67.1797 39.6358 4
      vertex 66.5636 39.7226 3.4
      vertex 67.1797 39.6358 3.4
    endloop
  endfacet
  facet normal 0.0686578 -0.99764 0
    outer loop
      vertex 66.2076 39.6981 3.4
      vertex 66.5636 39.7226 4
      vertex 66.2076 39.6981 4
    endloop
  endfacet
  facet normal 0.0686578 -0.99764 0
    outer loop
      vertex 66.5636 39.7226 4
      vertex 66.2076 39.6981 3.4
      vertex 66.5636 39.7226 3.4
    endloop
  endfacet
  facet normal 0.21898 -0.975729 0
    outer loop
      vertex 65.8801 39.6246 3.4
      vertex 66.2076 39.6981 4
      vertex 65.8801 39.6246 4
    endloop
  endfacet
  facet normal 0.21898 -0.975729 0
    outer loop
      vertex 66.2076 39.6981 4
      vertex 65.8801 39.6246 3.4
      vertex 66.2076 39.6981 3.4
    endloop
  endfacet
  facet normal 0.37885 -0.925458 0
    outer loop
      vertex 65.5811 39.5022 3.4
      vertex 65.8801 39.6246 4
      vertex 65.5811 39.5022 4
    endloop
  endfacet
  facet normal 0.37885 -0.925458 0
    outer loop
      vertex 65.8801 39.6246 4
      vertex 65.5811 39.5022 3.4
      vertex 65.8801 39.6246 3.4
    endloop
  endfacet
  facet normal 0.532748 -0.846274 0
    outer loop
      vertex 65.3047 39.3282 3.4
      vertex 65.5811 39.5022 4
      vertex 65.3047 39.3282 4
    endloop
  endfacet
  facet normal 0.532748 -0.846274 0
    outer loop
      vertex 65.5811 39.5022 4
      vertex 65.3047 39.3282 3.4
      vertex 65.5811 39.5022 3.4
    endloop
  endfacet
  facet normal 0.660367 -0.750943 0
    outer loop
      vertex 65.0452 39.1 3.4
      vertex 65.3047 39.3282 4
      vertex 65.0452 39.1 4
    endloop
  endfacet
  facet normal 0.660367 -0.750943 0
    outer loop
      vertex 65.3047 39.3282 4
      vertex 65.0452 39.1 3.4
      vertex 65.3047 39.3282 3.4
    endloop
  endfacet
  facet normal 0.758536 -0.651632 0
    outer loop
      vertex 64.8026 38.8176 4
      vertex 65.0452 39.1 3.4
      vertex 65.0452 39.1 4
    endloop
  endfacet
  facet normal 0.758536 -0.651632 0
    outer loop
      vertex 65.0452 39.1 3.4
      vertex 64.8026 38.8176 4
      vertex 64.8026 38.8176 3.4
    endloop
  endfacet
  facet normal -1 0 0
    outer loop
      vertex 64.8026 38.8176 3.4
      vertex 64.8026 39.5971 4
      vertex 64.8026 39.5971 3.4
    endloop
  endfacet
  facet normal -1 -0 0
    outer loop
      vertex 64.8026 39.5971 4
      vertex 64.8026 38.8176 3.4
      vertex 64.8026 38.8176 4
    endloop
  endfacet
  facet normal 0 -1 0
    outer loop
      vertex 63.1032 39.5971 3.4
      vertex 64.8026 39.5971 4
      vertex 63.1032 39.5971 4
    endloop
  endfacet
  facet normal 0 -1 -0
    outer loop
      vertex 64.8026 39.5971 4
      vertex 63.1032 39.5971 3.4
      vertex 64.8026 39.5971 3.4
    endloop
  endfacet
  facet normal 1 -0 0
    outer loop
      vertex 63.1032 32.2589 4
      vertex 63.1032 39.5971 3.4
      vertex 63.1032 39.5971 4
    endloop
  endfacet
  facet normal 1 0 0
    outer loop
      vertex 63.1032 39.5971 3.4
      vertex 63.1032 32.2589 4
      vertex 63.1032 32.2589 3.4
    endloop
  endfacet
  facet normal 0 1 -0
    outer loop
      vertex 64.8026 32.2589 3.4
      vertex 63.1032 32.2589 4
      vertex 64.8026 32.2589 4
    endloop
  endfacet
  facet normal 0 1 0
    outer loop
      vertex 63.1032 32.2589 4
      vertex 64.8026 32.2589 3.4
      vertex 63.1032 32.2589 3.4
    endloop
  endfacet
  facet normal -1 0 0
    outer loop
      vertex 64.8026 32.2589 3.4
      vertex 64.8026 35.0455 4
      vertex 64.8026 35.0455 3.4
    endloop
  endfacet
  facet normal -1 -0 0
    outer loop
      vertex 64.8026 35.0455 4
      vertex 64.8026 32.2589 3.4
      vertex 64.8026 32.2589 4
    endloop
  endfacet
  facet normal -0.431901 -0.901921 0
    outer loop
      vertex 65.3174 35.5552 3.4
      vertex 65.5966 35.4215 4
      vertex 65.3174 35.5552 4
    endloop
  endfacet
  facet normal -0.431901 -0.901921 -0
    outer loop
      vertex 65.5966 35.4215 4
      vertex 65.3174 35.5552 3.4
      vertex 65.5966 35.4215 3.4
    endloop
  endfacet
  facet normal -0.706948 -0.707265 0
    outer loop
      vertex 65.0945 35.778 3.4
      vertex 65.3174 35.5552 4
      vertex 65.0945 35.778 4
    endloop
  endfacet
  facet normal -0.706948 -0.707265 -0
    outer loop
      vertex 65.3174 35.5552 4
      vertex 65.0945 35.778 3.4
      vertex 65.3174 35.5552 3.4
    endloop
  endfacet
  facet normal -0.883991 -0.467504 0
    outer loop
      vertex 65.0945 35.778 3.4
      vertex 64.9323 36.0847 4
      vertex 64.9323 36.0847 3.4
    endloop
  endfacet
  facet normal -0.883991 -0.467504 0
    outer loop
      vertex 64.9323 36.0847 4
      vertex 65.0945 35.778 3.4
      vertex 65.0945 35.778 4
    endloop
  endfacet
  facet normal -0.969562 -0.244844 0
    outer loop
      vertex 64.9323 36.0847 3.4
      vertex 64.835 36.47 4
      vertex 64.835 36.47 3.4
    endloop
  endfacet
  facet normal -0.969562 -0.244844 0
    outer loop
      vertex 64.835 36.47 4
      vertex 64.9323 36.0847 3.4
      vertex 64.9323 36.0847 4
    endloop
  endfacet
  facet normal -0.997569 -0.0696879 0
    outer loop
      vertex 64.835 36.47 3.4
      vertex 64.8026 36.9338 4
      vertex 64.8026 36.9338 3.4
    endloop
  endfacet
  facet normal -0.997569 -0.0696879 0
    outer loop
      vertex 64.8026 36.9338 4
      vertex 64.835 36.47 3.4
      vertex 64.835 36.47 4
    endloop
  endfacet
  facet normal -0.997569 0.0696879 0
    outer loop
      vertex 64.8026 36.9338 3.4
      vertex 64.835 37.3976 4
      vertex 64.835 37.3976 3.4
    endloop
  endfacet
  facet normal -0.997569 0.0696879 0
    outer loop
      vertex 64.835 37.3976 4
      vertex 64.8026 36.9338 3.4
      vertex 64.8026 36.9338 4
    endloop
  endfacet
  facet normal -0.969547 0.244904 0
    outer loop
      vertex 64.835 37.3976 3.4
      vertex 64.9323 37.7828 4
      vertex 64.9323 37.7828 3.4
    endloop
  endfacet
  facet normal -0.969547 0.244904 0
    outer loop
      vertex 64.9323 37.7828 4
      vertex 64.835 37.3976 3.4
      vertex 64.835 37.3976 4
    endloop
  endfacet
  facet normal -0.883991 0.467504 0
    outer loop
      vertex 64.9323 37.7828 3.4
      vertex 65.0945 38.0895 4
      vertex 65.0945 38.0895 3.4
    endloop
  endfacet
  facet normal -0.883991 0.467504 0
    outer loop
      vertex 65.0945 38.0895 4
      vertex 64.9323 37.7828 3.4
      vertex 64.9323 37.7828 4
    endloop
  endfacet
  facet normal -0.706948 0.707265 0
    outer loop
      vertex 65.3174 38.3123 3.4
      vertex 65.0945 38.0895 4
      vertex 65.3174 38.3123 4
    endloop
  endfacet
  facet normal -0.706948 0.707265 0
    outer loop
      vertex 65.0945 38.0895 4
      vertex 65.3174 38.3123 3.4
      vertex 65.0945 38.0895 3.4
    endloop
  endfacet
  facet normal -0.431901 0.901921 0
    outer loop
      vertex 65.5966 38.446 3.4
      vertex 65.3174 38.3123 4
      vertex 65.5966 38.446 4
    endloop
  endfacet
  facet normal -0.431901 0.901921 0
    outer loop
      vertex 65.3174 38.3123 4
      vertex 65.5966 38.446 3.4
      vertex 65.3174 38.3123 3.4
    endloop
  endfacet
  facet normal -0.131699 0.99129 0
    outer loop
      vertex 65.9323 38.4906 3.4
      vertex 65.5966 38.446 4
      vertex 65.9323 38.4906 4
    endloop
  endfacet
  facet normal -0.131699 0.99129 0
    outer loop
      vertex 65.5966 38.446 4
      vertex 65.9323 38.4906 3.4
      vertex 65.5966 38.446 3.4
    endloop
  endfacet
  facet normal 0.131021 0.99138 -0
    outer loop
      vertex 66.2675 38.4463 3.4
      vertex 65.9323 38.4906 4
      vertex 66.2675 38.4463 4
    endloop
  endfacet
  facet normal 0.131021 0.99138 0
    outer loop
      vertex 65.9323 38.4906 4
      vertex 66.2675 38.4463 3.4
      vertex 65.9323 38.4906 3.4
    endloop
  endfacet
  facet normal 0.431685 0.902024 -0
    outer loop
      vertex 66.5452 38.3134 3.4
      vertex 66.2675 38.4463 4
      vertex 66.5452 38.3134 4
    endloop
  endfacet
  facet normal 0.431685 0.902024 0
    outer loop
      vertex 66.2675 38.4463 4
      vertex 66.5452 38.3134 3.4
      vertex 66.2675 38.4463 3.4
    endloop
  endfacet
  facet normal 0.709185 0.705023 0
    outer loop
      vertex 66.7654 38.0919 4
      vertex 66.5452 38.3134 3.4
      vertex 66.5452 38.3134 4
    endloop
  endfacet
  facet normal 0.709185 0.705023 0
    outer loop
      vertex 66.5452 38.3134 3.4
      vertex 66.7654 38.0919 4
      vertex 66.7654 38.0919 3.4
    endloop
  endfacet
  facet normal 0.886585 0.462566 0
    outer loop
      vertex 66.925 37.786 4
      vertex 66.7654 38.0919 3.4
      vertex 66.7654 38.0919 4
    endloop
  endfacet
  facet normal 0.886585 0.462566 0
    outer loop
      vertex 66.7654 38.0919 3.4
      vertex 66.925 37.786 4
      vertex 66.925 37.786 3.4
    endloop
  endfacet
  facet normal 0.970614 0.240642 0
    outer loop
      vertex 67.0207 37.4 4
      vertex 66.925 37.786 3.4
      vertex 66.925 37.786 4
    endloop
  endfacet
  facet normal 0.970614 0.240642 0
    outer loop
      vertex 66.925 37.786 3.4
      vertex 67.0207 37.4 4
      vertex 67.0207 37.4 3.4
    endloop
  endfacet
  facet normal 0.997667 0.0682659 0
    outer loop
      vertex 67.0526 36.9338 4
      vertex 67.0207 37.4 3.4
      vertex 67.0207 37.4 4
    endloop
  endfacet
  facet normal 0.997667 0.0682659 0
    outer loop
      vertex 67.0207 37.4 3.4
      vertex 67.0526 36.9338 4
      vertex 67.0526 36.9338 3.4
    endloop
  endfacet
  facet normal 0.997667 -0.0682659 0
    outer loop
      vertex 67.0207 36.4676 4
      vertex 67.0526 36.9338 3.4
      vertex 67.0526 36.9338 4
    endloop
  endfacet
  facet normal 0.997667 -0.0682659 0
    outer loop
      vertex 67.0526 36.9338 3.4
      vertex 67.0207 36.4676 4
      vertex 67.0207 36.4676 3.4
    endloop
  endfacet
  facet normal 0.970629 -0.240583 0
    outer loop
      vertex 66.925 36.0815 4
      vertex 67.0207 36.4676 3.4
      vertex 67.0207 36.4676 4
    endloop
  endfacet
  facet normal 0.970629 -0.240583 0
    outer loop
      vertex 67.0207 36.4676 3.4
      vertex 66.925 36.0815 4
      vertex 66.925 36.0815 3.4
    endloop
  endfacet
  facet normal 0.886585 -0.462566 0
    outer loop
      vertex 66.7654 35.7756 4
      vertex 66.925 36.0815 3.4
      vertex 66.925 36.0815 4
    endloop
  endfacet
  facet normal 0.886585 -0.462566 0
    outer loop
      vertex 66.925 36.0815 3.4
      vertex 66.7654 35.7756 4
      vertex 66.7654 35.7756 3.4
    endloop
  endfacet
  facet normal 0.709026 -0.705183 0
    outer loop
      vertex 66.5452 35.5542 4
      vertex 66.7654 35.7756 3.4
      vertex 66.7654 35.7756 4
    endloop
  endfacet
  facet normal 0.709026 -0.705183 0
    outer loop
      vertex 66.7654 35.7756 3.4
      vertex 66.5452 35.5542 4
      vertex 66.5452 35.5542 3.4
    endloop
  endfacet
  facet normal 0.431685 -0.902024 0
    outer loop
      vertex 66.2675 35.4213 3.4
      vertex 66.5452 35.5542 4
      vertex 66.2675 35.4213 4
    endloop
  endfacet
  facet normal 0.431685 -0.902024 0
    outer loop
      vertex 66.5452 35.5542 4
      vertex 66.2675 35.4213 3.4
      vertex 66.5452 35.5542 3.4
    endloop
  endfacet
  facet normal 0.131021 -0.99138 0
    outer loop
      vertex 65.9323 35.377 3.4
      vertex 66.2675 35.4213 4
      vertex 65.9323 35.377 4
    endloop
  endfacet
  facet normal 0.131021 -0.99138 0
    outer loop
      vertex 66.2675 35.4213 4
      vertex 65.9323 35.377 3.4
      vertex 66.2675 35.4213 3.4
    endloop
  endfacet
  facet normal -0.131409 -0.991328 0
    outer loop
      vertex 65.5966 35.4215 3.4
      vertex 65.9323 35.377 4
      vertex 65.5966 35.4215 4
    endloop
  endfacet
  facet normal -0.131409 -0.991328 -0
    outer loop
      vertex 65.9323 35.377 4
      vertex 65.5966 35.4215 3.4
      vertex 65.9323 35.377 3.4
    endloop
  endfacet
  facet normal -0.326529 0.945187 0
    outer loop
      vertex 73.9918 34.4696 3.4
      vertex 73.2774 34.2228 4
      vertex 73.9918 34.4696 4
    endloop
  endfacet
  facet normal -0.326529 0.945187 0
    outer loop
      vertex 73.2774 34.2228 4
      vertex 73.9918 34.4696 3.4
      vertex 73.2774 34.2228 3.4
    endloop
  endfacet
  facet normal -0.577885 0.816118 0
    outer loop
      vertex 74.5728 34.881 3.4
      vertex 73.9918 34.4696 4
      vertex 74.5728 34.881 4
    endloop
  endfacet
  facet normal -0.577885 0.816118 0
    outer loop
      vertex 73.9918 34.4696 4
      vertex 74.5728 34.881 3.4
      vertex 73.9918 34.4696 3.4
    endloop
  endfacet
  facet normal -0.792545 0.609814 0
    outer loop
      vertex 74.5728 34.881 3.4
      vertex 75.0013 35.4379 4
      vertex 75.0013 35.4379 3.4
    endloop
  endfacet
  facet normal -0.792545 0.609814 0
    outer loop
      vertex 75.0013 35.4379 4
      vertex 74.5728 34.881 3.4
      vertex 74.5728 34.881 4
    endloop
  endfacet
  facet normal -0.935946 0.352144 0
    outer loop
      vertex 75.0013 35.4379 3.4
      vertex 75.2585 36.1215 4
      vertex 75.2585 36.1215 3.4
    endloop
  endfacet
  facet normal -0.935946 0.352144 0
    outer loop
      vertex 75.2585 36.1215 4
      vertex 75.0013 35.4379 3.4
      vertex 75.0013 35.4379 4
    endloop
  endfacet
  facet normal -0.994449 0.105215 0
    outer loop
      vertex 75.2585 36.1215 3.4
      vertex 75.3442 36.9315 4
      vertex 75.3442 36.9315 3.4
    endloop
  endfacet
  facet normal -0.994449 0.105215 0
    outer loop
      vertex 75.3442 36.9315 4
      vertex 75.2585 36.1215 3.4
      vertex 75.2585 36.1215 4
    endloop
  endfacet
  facet normal -0.994451 -0.105202 0
    outer loop
      vertex 75.3442 36.9315 3.4
      vertex 75.2585 37.7416 4
      vertex 75.2585 37.7416 3.4
    endloop
  endfacet
  facet normal -0.994451 -0.105202 0
    outer loop
      vertex 75.2585 37.7416 4
      vertex 75.3442 36.9315 3.4
      vertex 75.3442 36.9315 4
    endloop
  endfacet
  facet normal -0.935929 -0.352189 0
    outer loop
      vertex 75.2585 37.7416 3.4
      vertex 75.0013 38.4251 4
      vertex 75.0013 38.4251 3.4
    endloop
  endfacet
  facet normal -0.935929 -0.352189 0
    outer loop
      vertex 75.0013 38.4251 4
      vertex 75.2585 37.7416 3.4
      vertex 75.2585 37.7416 4
    endloop
  endfacet
  facet normal -0.792545 -0.609814 0
    outer loop
      vertex 75.0013 38.4251 3.4
      vertex 74.5728 38.982 4
      vertex 74.5728 38.982 3.4
    endloop
  endfacet
  facet normal -0.792545 -0.609814 0
    outer loop
      vertex 74.5728 38.982 4
      vertex 75.0013 38.4251 3.4
      vertex 75.0013 38.4251 4
    endloop
  endfacet
  facet normal -0.577885 -0.816118 0
    outer loop
      vertex 73.9918 39.3934 3.4
      vertex 74.5728 38.982 4
      vertex 73.9918 39.3934 4
    endloop
  endfacet
  facet normal -0.577885 -0.816118 -0
    outer loop
      vertex 74.5728 38.982 4
      vertex 73.9918 39.3934 3.4
      vertex 74.5728 38.982 3.4
    endloop
  endfacet
  facet normal -0.326647 -0.945146 0
    outer loop
      vertex 73.2774 39.6403 3.4
      vertex 73.9918 39.3934 4
      vertex 73.2774 39.6403 4
    endloop
  endfacet
  facet normal -0.326647 -0.945146 -0
    outer loop
      vertex 73.9918 39.3934 4
      vertex 73.2774 39.6403 3.4
      vertex 73.9918 39.3934 3.4
    endloop
  endfacet
  facet normal -0.0966206 -0.995321 0
    outer loop
      vertex 72.4296 39.7226 3.4
      vertex 73.2774 39.6403 4
      vertex 72.4296 39.7226 4
    endloop
  endfacet
  facet normal -0.0966206 -0.995321 -0
    outer loop
      vertex 73.2774 39.6403 4
      vertex 72.4296 39.7226 3.4
      vertex 73.2774 39.6403 3.4
    endloop
  endfacet
  facet normal 0.0962606 -0.995356 0
    outer loop
      vertex 71.5786 39.6403 3.4
      vertex 72.4296 39.7226 4
      vertex 71.5786 39.6403 4
    endloop
  endfacet
  facet normal 0.0962606 -0.995356 0
    outer loop
      vertex 72.4296 39.7226 4
      vertex 71.5786 39.6403 3.4
      vertex 72.4296 39.7226 3.4
    endloop
  endfacet
  facet normal 0.325345 -0.945595 0
    outer loop
      vertex 70.861 39.3934 3.4
      vertex 71.5786 39.6403 4
      vertex 70.861 39.3934 4
    endloop
  endfacet
  facet normal 0.325345 -0.945595 0
    outer loop
      vertex 71.5786 39.6403 4
      vertex 70.861 39.3934 3.4
      vertex 71.5786 39.6403 3.4
    endloop
  endfacet
  facet normal 0.575837 -0.817565 0
    outer loop
      vertex 70.2769 38.982 3.4
      vertex 70.861 39.3934 4
      vertex 70.2769 38.982 4
    endloop
  endfacet
  facet normal 0.575837 -0.817565 0
    outer loop
      vertex 70.861 39.3934 4
      vertex 70.2769 38.982 3.4
      vertex 70.861 39.3934 3.4
    endloop
  endfacet
  facet normal 0.790688 -0.612219 0
    outer loop
      vertex 69.8457 38.4251 4
      vertex 70.2769 38.982 3.4
      vertex 70.2769 38.982 4
    endloop
  endfacet
  facet normal 0.790688 -0.612219 0
    outer loop
      vertex 70.2769 38.982 3.4
      vertex 69.8457 38.4251 4
      vertex 69.8457 38.4251 3.4
    endloop
  endfacet
  facet normal 0.935251 -0.353986 0
    outer loop
      vertex 69.587 37.7416 4
      vertex 69.8457 38.4251 3.4
      vertex 69.8457 38.4251 4
    endloop
  endfacet
  facet normal 0.935251 -0.353986 0
    outer loop
      vertex 69.8457 38.4251 3.4
      vertex 69.587 37.7416 4
      vertex 69.587 37.7416 3.4
    endloop
  endfacet
  facet normal 0.994386 -0.105809 0
    outer loop
      vertex 69.5008 36.9315 4
      vertex 69.587 37.7416 3.4
      vertex 69.587 37.7416 4
    endloop
  endfacet
  facet normal 0.994386 -0.105809 0
    outer loop
      vertex 69.587 37.7416 3.4
      vertex 69.5008 36.9315 4
      vertex 69.5008 36.9315 3.4
    endloop
  endfacet
  facet normal 0.994385 0.105822 0
    outer loop
      vertex 69.587 36.1215 4
      vertex 69.5008 36.9315 3.4
      vertex 69.5008 36.9315 4
    endloop
  endfacet
  facet normal 0.994385 0.105822 0
    outer loop
      vertex 69.5008 36.9315 3.4
      vertex 69.587 36.1215 4
      vertex 69.587 36.1215 3.4
    endloop
  endfacet
  facet normal 0.935268 0.353941 0
    outer loop
      vertex 69.8457 35.4379 4
      vertex 69.587 36.1215 3.4
      vertex 69.587 36.1215 4
    endloop
  endfacet
  facet normal 0.935268 0.353941 0
    outer loop
      vertex 69.587 36.1215 3.4
      vertex 69.8457 35.4379 4
      vertex 69.8457 35.4379 3.4
    endloop
  endfacet
  facet normal 0.790688 0.612219 0
    outer loop
      vertex 70.2769 34.881 4
      vertex 69.8457 35.4379 3.4
      vertex 69.8457 35.4379 4
    endloop
  endfacet
  facet normal 0.790688 0.612219 0
    outer loop
      vertex 69.8457 35.4379 3.4
      vertex 70.2769 34.881 4
      vertex 70.2769 34.881 3.4
    endloop
  endfacet
  facet normal 0.575837 0.817565 -0
    outer loop
      vertex 70.861 34.4696 3.4
      vertex 70.2769 34.881 4
      vertex 70.861 34.4696 4
    endloop
  endfacet
  facet normal 0.575837 0.817565 0
    outer loop
      vertex 70.2769 34.881 4
      vertex 70.861 34.4696 3.4
      vertex 70.2769 34.881 3.4
    endloop
  endfacet
  facet normal 0.325227 0.945636 -0
    outer loop
      vertex 71.5786 34.2228 3.4
      vertex 70.861 34.4696 4
      vertex 71.5786 34.2228 4
    endloop
  endfacet
  facet normal 0.325227 0.945636 0
    outer loop
      vertex 70.861 34.4696 4
      vertex 71.5786 34.2228 3.4
      vertex 70.861 34.4696 3.4
    endloop
  endfacet
  facet normal 0.0962606 0.995356 -0
    outer loop
      vertex 72.4296 34.1405 3.4
      vertex 71.5786 34.2228 4
      vertex 72.4296 34.1405 4
    endloop
  endfacet
  facet normal 0.0962606 0.995356 0
    outer loop
      vertex 71.5786 34.2228 4
      vertex 72.4296 34.1405 3.4
      vertex 71.5786 34.2228 3.4
    endloop
  endfacet
  facet normal -0.0966206 0.995321 0
    outer loop
      vertex 73.2774 34.2228 3.4
      vertex 72.4296 34.1405 4
      vertex 73.2774 34.2228 4
    endloop
  endfacet
  facet normal -0.0966206 0.995321 0
    outer loop
      vertex 72.4296 34.1405 4
      vertex 73.2774 34.2228 3.4
      vertex 72.4296 34.1405 3.4
    endloop
  endfacet
  facet normal -0.426434 -0.904519 0
    outer loop
      vertex 71.7956 35.5351 3.4
      vertex 72.0828 35.3997 4
      vertex 71.7956 35.5351 4
    endloop
  endfacet
  facet normal -0.426434 -0.904519 -0
    outer loop
      vertex 72.0828 35.3997 4
      vertex 71.7956 35.5351 3.4
      vertex 72.0828 35.3997 3.4
    endloop
  endfacet
  facet normal -0.703979 -0.71022 0
    outer loop
      vertex 71.568 35.7607 3.4
      vertex 71.7956 35.5351 4
      vertex 71.568 35.7607 4
    endloop
  endfacet
  facet normal -0.703979 -0.71022 -0
    outer loop
      vertex 71.7956 35.5351 4
      vertex 71.568 35.7607 3.4
      vertex 71.7956 35.5351 3.4
    endloop
  endfacet
  facet normal -0.883359 -0.468698 0
    outer loop
      vertex 71.568 35.7607 3.4
      vertex 71.4032 36.0713 4
      vertex 71.4032 36.0713 3.4
    endloop
  endfacet
  facet normal -0.883359 -0.468698 0
    outer loop
      vertex 71.4032 36.0713 4
      vertex 71.568 35.7607 3.4
      vertex 71.568 35.7607 4
    endloop
  endfacet
  facet normal -0.969363 -0.245632 0
    outer loop
      vertex 71.4032 36.0713 3.4
      vertex 71.3043 36.4616 4
      vertex 71.3043 36.4616 3.4
    endloop
  endfacet
  facet normal -0.969363 -0.245632 0
    outer loop
      vertex 71.3043 36.4616 4
      vertex 71.4032 36.0713 3.4
      vertex 71.4032 36.0713 4
    endloop
  endfacet
  facet normal -0.997543 -0.0700552 0
    outer loop
      vertex 71.3043 36.4616 3.4
      vertex 71.2713 36.9315 4
      vertex 71.2713 36.9315 3.4
    endloop
  endfacet
  facet normal -0.997543 -0.0700552 0
    outer loop
      vertex 71.2713 36.9315 4
      vertex 71.3043 36.4616 3.4
      vertex 71.3043 36.4616 4
    endloop
  endfacet
  facet normal -0.997544 0.0700403 0
    outer loop
      vertex 71.2713 36.9315 3.4
      vertex 71.3043 37.4015 4
      vertex 71.3043 37.4015 3.4
    endloop
  endfacet
  facet normal -0.997544 0.0700403 0
    outer loop
      vertex 71.3043 37.4015 4
      vertex 71.2713 36.9315 3.4
      vertex 71.2713 36.9315 4
    endloop
  endfacet
  facet normal -0.969363 0.245632 0
    outer loop
      vertex 71.3043 37.4015 3.4
      vertex 71.4032 37.7918 4
      vertex 71.4032 37.7918 3.4
    endloop
  endfacet
  facet normal -0.969363 0.245632 0
    outer loop
      vertex 71.4032 37.7918 4
      vertex 71.3043 37.4015 3.4
      vertex 71.3043 37.4015 4
    endloop
  endfacet
  facet normal -0.883296 0.468815 0
    outer loop
      vertex 71.4032 37.7918 3.4
      vertex 71.568 38.1023 4
      vertex 71.568 38.1023 3.4
    endloop
  endfacet
  facet normal -0.883296 0.468815 0
    outer loop
      vertex 71.568 38.1023 4
      vertex 71.4032 37.7918 3.4
      vertex 71.4032 37.7918 4
    endloop
  endfacet
  facet normal -0.704137 0.710064 0
    outer loop
      vertex 71.7956 38.328 3.4
      vertex 71.568 38.1023 4
      vertex 71.7956 38.328 4
    endloop
  endfacet
  facet normal -0.704137 0.710064 0
    outer loop
      vertex 71.568 38.1023 4
      vertex 71.7956 38.328 3.4
      vertex 71.568 38.1023 3.4
    endloop
  endfacet
  facet normal -0.426434 0.904519 0
    outer loop
      vertex 72.0828 38.4634 3.4
      vertex 71.7956 38.328 4
      vertex 72.0828 38.4634 4
    endloop
  endfacet
  facet normal -0.426434 0.904519 0
    outer loop
      vertex 71.7956 38.328 4
      vertex 72.0828 38.4634 3.4
      vertex 71.7956 38.328 3.4
    endloop
  endfacet
  facet normal -0.12896 0.99165 0
    outer loop
      vertex 72.4296 38.5085 3.4
      vertex 72.0828 38.4634 4
      vertex 72.4296 38.5085 4
    endloop
  endfacet
  facet normal -0.12896 0.99165 0
    outer loop
      vertex 72.0828 38.4634 4
      vertex 72.4296 38.5085 3.4
      vertex 72.0828 38.4634 3.4
    endloop
  endfacet
  facet normal 0.131041 0.991377 -0
    outer loop
      vertex 72.7708 38.4634 3.4
      vertex 72.4296 38.5085 4
      vertex 72.7708 38.4634 4
    endloop
  endfacet
  facet normal 0.131041 0.991377 0
    outer loop
      vertex 72.4296 38.5085 4
      vertex 72.7708 38.4634 3.4
      vertex 72.4296 38.5085 3.4
    endloop
  endfacet
  facet normal 0.431343 0.902188 -0
    outer loop
      vertex 73.054 38.328 3.4
      vertex 72.7708 38.4634 4
      vertex 73.054 38.328 4
    endloop
  endfacet
  facet normal 0.431343 0.902188 0
    outer loop
      vertex 72.7708 38.4634 4
      vertex 73.054 38.328 3.4
      vertex 72.7708 38.4634 3.4
    endloop
  endfacet
  facet normal 0.70789 0.706322 0
    outer loop
      vertex 73.2792 38.1023 4
      vertex 73.054 38.328 3.4
      vertex 73.054 38.328 4
    endloop
  endfacet
  facet normal 0.70789 0.706322 0
    outer loop
      vertex 73.054 38.328 3.4
      vertex 73.2792 38.1023 4
      vertex 73.2792 38.1023 3.4
    endloop
  endfacet
  facet normal 0.884708 0.466146 0
    outer loop
      vertex 73.4428 37.7918 4
      vertex 73.2792 38.1023 3.4
      vertex 73.2792 38.1023 4
    endloop
  endfacet
  facet normal 0.884708 0.466146 0
    outer loop
      vertex 73.2792 38.1023 3.4
      vertex 73.4428 37.7918 4
      vertex 73.4428 37.7918 3.4
    endloop
  endfacet
  facet normal 0.969835 0.243763 0
    outer loop
      vertex 73.5409 37.4015 4
      vertex 73.4428 37.7918 3.4
      vertex 73.4428 37.7918 4
    endloop
  endfacet
  facet normal 0.969835 0.243763 0
    outer loop
      vertex 73.4428 37.7918 3.4
      vertex 73.5409 37.4015 4
      vertex 73.5409 37.4015 3.4
    endloop
  endfacet
  facet normal 0.997588 0.0694067 0
    outer loop
      vertex 73.5736 36.9315 4
      vertex 73.5409 37.4015 3.4
      vertex 73.5409 37.4015 4
    endloop
  endfacet
  facet normal 0.997588 0.0694067 0
    outer loop
      vertex 73.5409 37.4015 3.4
      vertex 73.5736 36.9315 4
      vertex 73.5736 36.9315 3.4
    endloop
  endfacet
  facet normal 0.997587 -0.0694214 0
    outer loop
      vertex 73.5409 36.4616 4
      vertex 73.5736 36.9315 3.4
      vertex 73.5736 36.9315 4
    endloop
  endfacet
  facet normal 0.997587 -0.0694214 0
    outer loop
      vertex 73.5736 36.9315 3.4
      vertex 73.5409 36.4616 4
      vertex 73.5409 36.4616 3.4
    endloop
  endfacet
  facet normal 0.969835 -0.243763 0
    outer loop
      vertex 73.4428 36.0713 4
      vertex 73.5409 36.4616 3.4
      vertex 73.5409 36.4616 4
    endloop
  endfacet
  facet normal 0.969835 -0.243763 0
    outer loop
      vertex 73.5409 36.4616 3.4
      vertex 73.4428 36.0713 4
      vertex 73.4428 36.0713 3.4
    endloop
  endfacet
  facet normal 0.88477 -0.466028 0
    outer loop
      vertex 73.2792 35.7607 4
      vertex 73.4428 36.0713 3.4
      vertex 73.4428 36.0713 4
    endloop
  endfacet
  facet normal 0.88477 -0.466028 0
    outer loop
      vertex 73.4428 36.0713 3.4
      vertex 73.2792 35.7607 4
      vertex 73.2792 35.7607 3.4
    endloop
  endfacet
  facet normal 0.707734 -0.706479 0
    outer loop
      vertex 73.054 35.5351 4
      vertex 73.2792 35.7607 3.4
      vertex 73.2792 35.7607 4
    endloop
  endfacet
  facet normal 0.707734 -0.706479 0
    outer loop
      vertex 73.2792 35.7607 3.4
      vertex 73.054 35.5351 4
      vertex 73.054 35.5351 3.4
    endloop
  endfacet
  facet normal 0.431343 -0.902188 0
    outer loop
      vertex 72.7708 35.3997 3.4
      vertex 73.054 35.5351 4
      vertex 72.7708 35.3997 4
    endloop
  endfacet
  facet normal 0.431343 -0.902188 0
    outer loop
      vertex 73.054 35.5351 4
      vertex 72.7708 35.3997 3.4
      vertex 73.054 35.5351 3.4
    endloop
  endfacet
  facet normal 0.131041 -0.991377 0
    outer loop
      vertex 72.4296 35.3546 3.4
      vertex 72.7708 35.3997 4
      vertex 72.4296 35.3546 4
    endloop
  endfacet
  facet normal 0.131041 -0.991377 0
    outer loop
      vertex 72.7708 35.3997 4
      vertex 72.4296 35.3546 3.4
      vertex 72.7708 35.3997 3.4
    endloop
  endfacet
  facet normal -0.12896 -0.99165 0
    outer loop
      vertex 72.0828 35.3997 3.4
      vertex 72.4296 35.3546 4
      vertex 72.0828 35.3997 4
    endloop
  endfacet
  facet normal -0.12896 -0.99165 -0
    outer loop
      vertex 72.4296 35.3546 4
      vertex 72.0828 35.3997 3.4
      vertex 72.4296 35.3546 3.4
    endloop
  endfacet
  facet normal -0.226255 0.974068 0
    outer loop
      vertex 134.249 34.2384 3.4
      vertex 133.933 34.165 4
      vertex 134.249 34.2384 4
    endloop
  endfacet
  facet normal -0.226255 0.974068 0
    outer loop
      vertex 133.933 34.165 4
      vertex 134.249 34.2384 3.4
      vertex 133.933 34.165 3.4
    endloop
  endfacet
  facet normal -0.382131 0.924108 0
    outer loop
      vertex 134.545 34.3608 3.4
      vertex 134.249 34.2384 4
      vertex 134.545 34.3608 4
    endloop
  endfacet
  facet normal -0.382131 0.924108 0
    outer loop
      vertex 134.249 34.2384 4
      vertex 134.545 34.3608 3.4
      vertex 134.249 34.2384 3.4
    endloop
  endfacet
  facet normal -0.526459 0.850201 0
    outer loop
      vertex 134.826 34.5348 3.4
      vertex 134.545 34.3608 4
      vertex 134.826 34.5348 4
    endloop
  endfacet
  facet normal -0.526459 0.850201 0
    outer loop
      vertex 134.545 34.3608 4
      vertex 134.826 34.5348 3.4
      vertex 134.545 34.3608 3.4
    endloop
  endfacet
  facet normal -0.64273 0.766093 0
    outer loop
      vertex 135.098 34.763 3.4
      vertex 134.826 34.5348 4
      vertex 135.098 34.763 4
    endloop
  endfacet
  facet normal -0.64273 0.766093 0
    outer loop
      vertex 134.826 34.5348 4
      vertex 135.098 34.763 3.4
      vertex 134.826 34.5348 3.4
    endloop
  endfacet
  facet normal -0.734504 0.678604 0
    outer loop
      vertex 135.098 34.763 3.4
      vertex 135.359 35.0455 4
      vertex 135.359 35.0455 3.4
    endloop
  endfacet
  facet normal -0.734504 0.678604 0
    outer loop
      vertex 135.359 35.0455 4
      vertex 135.098 34.763 3.4
      vertex 135.098 34.763 4
    endloop
  endfacet
  facet normal 1 -0 0
    outer loop
      vertex 135.359 34.2794 4
      vertex 135.359 35.0455 3.4
      vertex 135.359 35.0455 4
    endloop
  endfacet
  facet normal 1 0 0
    outer loop
      vertex 135.359 35.0455 3.4
      vertex 135.359 34.2794 4
      vertex 135.359 34.2794 3.4
    endloop
  endfacet
  facet normal 0 1 -0
    outer loop
      vertex 137.059 34.2794 3.4
      vertex 135.359 34.2794 4
      vertex 137.059 34.2794 4
    endloop
  endfacet
  facet normal 0 1 0
    outer loop
      vertex 135.359 34.2794 4
      vertex 137.059 34.2794 3.4
      vertex 135.359 34.2794 3.4
    endloop
  endfacet
  facet normal -1 0 0
    outer loop
      vertex 137.059 34.2794 3.4
      vertex 137.059 39.5971 4
      vertex 137.059 39.5971 3.4
    endloop
  endfacet
  facet normal -1 -0 0
    outer loop
      vertex 137.059 39.5971 4
      vertex 137.059 34.2794 3.4
      vertex 137.059 34.2794 4
    endloop
  endfacet
  facet normal 0 -1 0
    outer loop
      vertex 135.359 39.5971 3.4
      vertex 137.059 39.5971 4
      vertex 135.359 39.5971 4
    endloop
  endfacet
  facet normal 0 -1 -0
    outer loop
      vertex 137.059 39.5971 4
      vertex 135.359 39.5971 3.4
      vertex 137.059 39.5971 3.4
    endloop
  endfacet
  facet normal 1 -0 0
    outer loop
      vertex 135.359 36.9702 4
      vertex 135.359 39.5971 3.4
      vertex 135.359 39.5971 4
    endloop
  endfacet
  facet normal 1 0 0
    outer loop
      vertex 135.359 39.5971 3.4
      vertex 135.359 36.9702 4
      vertex 135.359 36.9702 3.4
    endloop
  endfacet
  facet normal 0.997148 -0.0754742 0
    outer loop
      vertex 135.325 36.521 4
      vertex 135.359 36.9702 3.4
      vertex 135.359 36.9702 4
    endloop
  endfacet
  facet normal 0.997148 -0.0754742 0
    outer loop
      vertex 135.359 36.9702 3.4
      vertex 135.325 36.521 4
      vertex 135.325 36.521 3.4
    endloop
  endfacet
  facet normal 0.966193 -0.257822 0
    outer loop
      vertex 135.224 36.1425 4
      vertex 135.325 36.521 3.4
      vertex 135.325 36.521 4
    endloop
  endfacet
  facet normal 0.966193 -0.257822 0
    outer loop
      vertex 135.325 36.521 3.4
      vertex 135.224 36.1425 4
      vertex 135.224 36.1425 3.4
    endloop
  endfacet
  facet normal 0.876498 -0.481405 0
    outer loop
      vertex 135.055 35.8348 4
      vertex 135.224 36.1425 3.4
      vertex 135.224 36.1425 4
    endloop
  endfacet
  facet normal 0.876498 -0.481405 0
    outer loop
      vertex 135.224 36.1425 3.4
      vertex 135.055 35.8348 4
      vertex 135.055 35.8348 3.4
    endloop
  endfacet
  facet normal 0.707107 -0.707107 0
    outer loop
      vertex 134.828 35.6078 3.4
      vertex 135.055 35.8348 4
      vertex 134.828 35.6078 4
    endloop
  endfacet
  facet normal 0.707107 -0.707107 0
    outer loop
      vertex 135.055 35.8348 4
      vertex 134.828 35.6078 3.4
      vertex 135.055 35.8348 3.4
    endloop
  endfacet
  facet normal 0.43843 -0.898765 0
    outer loop
      vertex 134.549 35.4717 3.4
      vertex 134.828 35.6078 4
      vertex 134.549 35.4717 4
    endloop
  endfacet
  facet normal 0.43843 -0.898765 0
    outer loop
      vertex 134.828 35.6078 4
      vertex 134.549 35.4717 3.4
      vertex 134.828 35.6078 3.4
    endloop
  endfacet
  facet normal 0.136699 -0.990613 0
    outer loop
      vertex 134.22 35.4263 3.4
      vertex 134.549 35.4717 4
      vertex 134.22 35.4263 4
    endloop
  endfacet
  facet normal 0.136699 -0.990613 0
    outer loop
      vertex 134.549 35.4717 4
      vertex 134.22 35.4263 3.4
      vertex 134.549 35.4717 3.4
    endloop
  endfacet
  facet normal -0.071247 -0.997459 0
    outer loop
      vertex 134.08 35.4363 3.4
      vertex 134.22 35.4263 4
      vertex 134.08 35.4363 4
    endloop
  endfacet
  facet normal -0.071247 -0.997459 -0
    outer loop
      vertex 134.22 35.4263 4
      vertex 134.08 35.4363 3.4
      vertex 134.22 35.4263 3.4
    endloop
  endfacet
  facet normal -0.22723 -0.973841 0
    outer loop
      vertex 133.951 35.4664 3.4
      vertex 134.08 35.4363 4
      vertex 133.951 35.4664 4
    endloop
  endfacet
  facet normal -0.22723 -0.973841 -0
    outer loop
      vertex 134.08 35.4363 4
      vertex 133.951 35.4664 3.4
      vertex 134.08 35.4363 3.4
    endloop
  endfacet
  facet normal -0.39081 -0.920471 0
    outer loop
      vertex 133.833 35.5165 3.4
      vertex 133.951 35.4664 4
      vertex 133.833 35.5165 4
    endloop
  endfacet
  facet normal -0.39081 -0.920471 -0
    outer loop
      vertex 133.951 35.4664 4
      vertex 133.833 35.5165 3.4
      vertex 133.951 35.4664 3.4
    endloop
  endfacet
  facet normal -0.546949 -0.837166 0
    outer loop
      vertex 133.728 35.5851 3.4
      vertex 133.833 35.5165 4
      vertex 133.728 35.5851 4
    endloop
  endfacet
  facet normal -0.546949 -0.837166 -0
    outer loop
      vertex 133.833 35.5165 4
      vertex 133.728 35.5851 3.4
      vertex 133.833 35.5165 3.4
    endloop
  endfacet
  facet normal -0.68474 -0.728788 0
    outer loop
      vertex 133.637 35.6706 3.4
      vertex 133.728 35.5851 4
      vertex 133.637 35.6706 4
    endloop
  endfacet
  facet normal -0.68474 -0.728788 -0
    outer loop
      vertex 133.728 35.5851 4
      vertex 133.637 35.6706 3.4
      vertex 133.728 35.5851 3.4
    endloop
  endfacet
  facet normal -0.79925 -0.600999 0
    outer loop
      vertex 133.637 35.6706 3.4
      vertex 133.56 35.773 4
      vertex 133.56 35.773 3.4
    endloop
  endfacet
  facet normal -0.79925 -0.600999 0
    outer loop
      vertex 133.56 35.773 4
      vertex 133.637 35.6706 3.4
      vertex 133.637 35.6706 4
    endloop
  endfacet
  facet normal -0.905935 -0.423417 0
    outer loop
      vertex 133.56 35.773 3.4
      vertex 133.512 35.8757 4
      vertex 133.512 35.8757 3.4
    endloop
  endfacet
  facet normal -0.905935 -0.423417 0
    outer loop
      vertex 133.512 35.8757 4
      vertex 133.56 35.773 3.4
      vertex 133.56 35.773 4
    endloop
  endfacet
  facet normal -0.963619 -0.267281 0
    outer loop
      vertex 133.512 35.8757 3.4
      vertex 133.474 36.0127 4
      vertex 133.474 36.0127 3.4
    endloop
  endfacet
  facet normal -0.963619 -0.267281 0
    outer loop
      vertex 133.474 36.0127 4
      vertex 133.512 35.8757 3.4
      vertex 133.512 35.8757 4
    endloop
  endfacet
  facet normal -0.986888 -0.161407 0
    outer loop
      vertex 133.474 36.0127 3.4
      vertex 133.446 36.1839 4
      vertex 133.446 36.1839 3.4
    endloop
  endfacet
  facet normal -0.986888 -0.161407 0
    outer loop
      vertex 133.446 36.1839 4
      vertex 133.474 36.0127 3.4
      vertex 133.474 36.0127 4
    endloop
  endfacet
  facet normal -0.996906 -0.0785997 0
    outer loop
      vertex 133.446 36.1839 3.4
      vertex 133.428 36.4122 4
      vertex 133.428 36.4122 3.4
    endloop
  endfacet
  facet normal -0.996906 -0.0785997 0
    outer loop
      vertex 133.428 36.4122 4
      vertex 133.446 36.1839 3.4
      vertex 133.446 36.1839 4
    endloop
  endfacet
  facet normal -0.999363 -0.0356915 0
    outer loop
      vertex 133.428 36.4122 3.4
      vertex 133.417 36.7202 4
      vertex 133.417 36.7202 3.4
    endloop
  endfacet
  facet normal -0.999363 -0.0356915 0
    outer loop
      vertex 133.417 36.7202 4
      vertex 133.428 36.4122 3.4
      vertex 133.428 36.4122 4
    endloop
  endfacet
  facet normal -0.999947 -0.0103167 0
    outer loop
      vertex 133.417 36.7202 3.4
      vertex 133.413 37.1079 4
      vertex 133.413 37.1079 3.4
    endloop
  endfacet
  facet normal -0.999947 -0.0103167 0
    outer loop
      vertex 133.413 37.1079 4
      vertex 133.417 36.7202 3.4
      vertex 133.417 36.7202 4
    endloop
  endfacet
  facet normal -0.999987 0.00515723 0
    outer loop
      vertex 133.413 37.1079 3.4
      vertex 133.414 37.3018 4
      vertex 133.414 37.3018 3.4
    endloop
  endfacet
  facet normal -0.999987 0.00515723 0
    outer loop
      vertex 133.414 37.3018 4
      vertex 133.413 37.1079 3.4
      vertex 133.413 37.1079 4
    endloop
  endfacet
  facet normal -0.999994 0.00344114 0
    outer loop
      vertex 133.414 37.3018 3.4
      vertex 133.415 37.5924 4
      vertex 133.415 37.5924 3.4
    endloop
  endfacet
  facet normal -0.999994 0.00344114 0
    outer loop
      vertex 133.415 37.5924 4
      vertex 133.414 37.3018 3.4
      vertex 133.414 37.3018 4
    endloop
  endfacet
  facet normal -0.99997 0.0077477 0
    outer loop
      vertex 133.415 37.5924 3.4
      vertex 133.418 37.9796 4
      vertex 133.418 37.9796 3.4
    endloop
  endfacet
  facet normal -0.99997 0.0077477 0
    outer loop
      vertex 133.418 37.9796 4
      vertex 133.415 37.5924 3.4
      vertex 133.415 37.5924 4
    endloop
  endfacet
  facet normal -0.999988 0.00486731 0
    outer loop
      vertex 133.418 37.9796 3.4
      vertex 133.42 38.3905 4
      vertex 133.42 38.3905 3.4
    endloop
  endfacet
  facet normal -0.999988 0.00486731 0
    outer loop
      vertex 133.42 38.3905 4
      vertex 133.418 37.9796 3.4
      vertex 133.418 37.9796 4
    endloop
  endfacet
  facet normal -0.999985 0.00552783 0
    outer loop
      vertex 133.42 38.3905 3.4
      vertex 133.422 38.7523 4
      vertex 133.422 38.7523 3.4
    endloop
  endfacet
  facet normal -0.999985 0.00552783 0
    outer loop
      vertex 133.422 38.7523 4
      vertex 133.42 38.3905 3.4
      vertex 133.42 38.3905 4
    endloop
  endfacet
  facet normal -0.999995 0.00319691 0
    outer loop
      vertex 133.422 38.7523 3.4
      vertex 133.423 39.0651 4
      vertex 133.423 39.0651 3.4
    endloop
  endfacet
  facet normal -0.999995 0.00319691 0
    outer loop
      vertex 133.423 39.0651 4
      vertex 133.422 38.7523 3.4
      vertex 133.422 38.7523 4
    endloop
  endfacet
  facet normal -1 0 0
    outer loop
      vertex 133.423 39.0651 3.4
      vertex 133.423 39.5971 4
      vertex 133.423 39.5971 3.4
    endloop
  endfacet
  facet normal -1 -0 0
    outer loop
      vertex 133.423 39.5971 4
      vertex 133.423 39.0651 3.4
      vertex 133.423 39.0651 4
    endloop
  endfacet
  facet normal 0 -1 0
    outer loop
      vertex 131.714 39.5971 3.4
      vertex 133.423 39.5971 4
      vertex 131.714 39.5971 4
    endloop
  endfacet
  facet normal 0 -1 -0
    outer loop
      vertex 133.423 39.5971 4
      vertex 131.714 39.5971 3.4
      vertex 133.423 39.5971 3.4
    endloop
  endfacet
  facet normal 1 -0 0
    outer loop
      vertex 131.714 36.3478 4
      vertex 131.714 39.5971 3.4
      vertex 131.714 39.5971 4
    endloop
  endfacet
  facet normal 1 0 0
    outer loop
      vertex 131.714 39.5971 3.4
      vertex 131.714 36.3478 4
      vertex 131.714 36.3478 3.4
    endloop
  endfacet
  facet normal 0.996805 0.079877 0
    outer loop
      vertex 131.767 35.6864 4
      vertex 131.714 36.3478 3.4
      vertex 131.714 36.3478 4
    endloop
  endfacet
  facet normal 0.996805 0.079877 0
    outer loop
      vertex 131.714 36.3478 3.4
      vertex 131.767 35.6864 4
      vertex 131.767 35.6864 3.4
    endloop
  endfacet
  facet normal 0.959379 0.282119 0
    outer loop
      vertex 131.928 35.1389 4
      vertex 131.767 35.6864 3.4
      vertex 131.767 35.6864 4
    endloop
  endfacet
  facet normal 0.959379 0.282119 0
    outer loop
      vertex 131.767 35.6864 3.4
      vertex 131.928 35.1389 4
      vertex 131.928 35.1389 3.4
    endloop
  endfacet
  facet normal 0.85151 0.524338 0
    outer loop
      vertex 132.195 34.7053 4
      vertex 131.928 35.1389 3.4
      vertex 131.928 35.1389 4
    endloop
  endfacet
  facet normal 0.85151 0.524338 0
    outer loop
      vertex 131.928 35.1389 3.4
      vertex 132.195 34.7053 4
      vertex 132.195 34.7053 3.4
    endloop
  endfacet
  facet normal 0.64681 0.762651 -0
    outer loop
      vertex 132.565 34.3915 3.4
      vertex 132.195 34.7053 4
      vertex 132.565 34.3915 4
    endloop
  endfacet
  facet normal 0.64681 0.762651 0
    outer loop
      vertex 132.195 34.7053 4
      vertex 132.565 34.3915 3.4
      vertex 132.195 34.7053 3.4
    endloop
  endfacet
  facet normal 0.373099 0.927792 -0
    outer loop
      vertex 133.033 34.2033 3.4
      vertex 132.565 34.3915 4
      vertex 133.033 34.2033 4
    endloop
  endfacet
  facet normal 0.373099 0.927792 0
    outer loop
      vertex 132.565 34.3915 4
      vertex 133.033 34.2033 3.4
      vertex 132.565 34.3915 3.4
    endloop
  endfacet
  facet normal 0.11047 0.993879 -0
    outer loop
      vertex 133.598 34.1405 3.4
      vertex 133.033 34.2033 4
      vertex 133.598 34.1405 4
    endloop
  endfacet
  facet normal 0.11047 0.993879 0
    outer loop
      vertex 133.033 34.2033 4
      vertex 133.598 34.1405 3.4
      vertex 133.033 34.2033 3.4
    endloop
  endfacet
  facet normal -0.0729395 0.997336 0
    outer loop
      vertex 133.933 34.165 3.4
      vertex 133.598 34.1405 4
      vertex 133.933 34.165 4
    endloop
  endfacet
  facet normal -0.0729395 0.997336 0
    outer loop
      vertex 133.598 34.1405 4
      vertex 133.933 34.165 3.4
      vertex 133.598 34.1405 3.4
    endloop
  endfacet
  facet normal 0 -1 0
    outer loop
      vertex 88.6311 37.7693 3.4
      vertex 91.6121 37.7693 4
      vertex 88.6311 37.7693 4
    endloop
  endfacet
  facet normal 0 -1 -0
    outer loop
      vertex 91.6121 37.7693 4
      vertex 88.6311 37.7693 3.4
      vertex 91.6121 37.7693 3.4
    endloop
  endfacet
  facet normal 1 -0 0
    outer loop
      vertex 88.6311 36.3895 4
      vertex 88.6311 37.7693 3.4
      vertex 88.6311 37.7693 4
    endloop
  endfacet
  facet normal 1 0 0
    outer loop
      vertex 88.6311 37.7693 3.4
      vertex 88.6311 36.3895 4
      vertex 88.6311 36.3895 3.4
    endloop
  endfacet
  facet normal 0 1 -0
    outer loop
      vertex 91.6121 36.3895 3.4
      vertex 88.6311 36.3895 4
      vertex 91.6121 36.3895 4
    endloop
  endfacet
  facet normal 0 1 0
    outer loop
      vertex 88.6311 36.3895 4
      vertex 91.6121 36.3895 3.4
      vertex 88.6311 36.3895 3.4
    endloop
  endfacet
  facet normal -1 0 0
    outer loop
      vertex 91.6121 36.3895 3.4
      vertex 91.6121 37.7693 4
      vertex 91.6121 37.7693 3.4
    endloop
  endfacet
  facet normal -1 -0 0
    outer loop
      vertex 91.6121 37.7693 4
      vertex 91.6121 36.3895 3.4
      vertex 91.6121 36.3895 4
    endloop
  endfacet
  facet normal 0 -1 0
    outer loop
      vertex 121.9 36.1162 3.4
      vertex 123.609 36.1162 4
      vertex 121.9 36.1162 4
    endloop
  endfacet
  facet normal 0 -1 -0
    outer loop
      vertex 123.609 36.1162 4
      vertex 121.9 36.1162 3.4
      vertex 123.609 36.1162 3.4
    endloop
  endfacet
  facet normal 1 -0 0
    outer loop
      vertex 121.9 34.2794 4
      vertex 121.9 36.1162 3.4
      vertex 121.9 36.1162 4
    endloop
  endfacet
  facet normal 1 0 0
    outer loop
      vertex 121.9 36.1162 3.4
      vertex 121.9 34.2794 4
      vertex 121.9 34.2794 3.4
    endloop
  endfacet
  facet normal 0 1 -0
    outer loop
      vertex 123.609 34.2794 3.4
      vertex 121.9 34.2794 4
      vertex 123.609 34.2794 4
    endloop
  endfacet
  facet normal 0 1 0
    outer loop
      vertex 121.9 34.2794 4
      vertex 123.609 34.2794 3.4
      vertex 121.9 34.2794 3.4
    endloop
  endfacet
  facet normal -1 0 0
    outer loop
      vertex 123.609 34.2794 3.4
      vertex 123.609 36.1162 4
      vertex 123.609 36.1162 3.4
    endloop
  endfacet
  facet normal -1 -0 0
    outer loop
      vertex 123.609 36.1162 4
      vertex 123.609 34.2794 3.4
      vertex 123.609 34.2794 4
    endloop
  endfacet
endsolid PokeTrade_poke-trade.eu_poketrade-stojan-lehky-deska_CC-BY-NC-SA-4.0
