solid PokeTrade_poke-trade.eu_poketrade-stojan-200mm_CC-BY-NC-SA-4.0
  facet normal 0 1 0
    outer loop
      vertex 39.9708 193 98.8408
      vertex 39.6616 193 97.8763
      vertex 39.6616 193 99.2127
    endloop
  endfacet
  facet normal 0 1 0
    outer loop
      vertex 40.2963 193 98.5213
      vertex 39.6616 193 97.8763
      vertex 39.9708 193 98.8408
    endloop
  endfacet
  facet normal 0 1 0
    outer loop
      vertex 40.6381 193 98.254
      vertex 39.6616 193 97.8763
      vertex 40.2963 193 98.5213
    endloop
  endfacet
  facet normal 0 1 0
    outer loop
      vertex 40.9961 193 98.0391
      vertex 39.6616 193 97.8763
      vertex 40.6381 193 98.254
    endloop
  endfacet
  facet normal 0 1 0
    outer loop
      vertex 41.7834 193 97.7558
      vertex 39.6616 193 97.8763
      vertex 41.376 193 97.8738
    endloop
  endfacet
  facet normal 0 1 0
    outer loop
      vertex 41.376 193 97.8738
      vertex 39.6616 193 97.8763
      vertex 40.9961 193 98.0391
    endloop
  endfacet
  facet normal 0 1 -0
    outer loop
      vertex 88.0306 193 95.2882
      vertex 86.5821 193 97.8763
      vertex 88.0306 193 97.8763
    endloop
  endfacet
  facet normal 0 1 0
    outer loop
      vertex 86.5821 193 97.8763
      vertex 88.0306 193 95.2882
      vertex 75.3584 193 97.7422
    endloop
  endfacet
  facet normal 0 1 0
    outer loop
      vertex 75.3584 193 97.7422
      vertex 88.0306 193 95.2882
      vertex 74.3379 193 97.6613
    endloop
  endfacet
  facet normal 0 1 0
    outer loop
      vertex 98.7469 193 98.9635
      vertex 98.4557 193 97.8763
      vertex 98.4557 193 99.3816
    endloop
  endfacet
  facet normal 0 1 0
    outer loop
      vertex 99.0589 193 98.606
      vertex 98.4557 193 97.8763
      vertex 98.7469 193 98.9635
    endloop
  endfacet
  facet normal 0 1 0
    outer loop
      vertex 99.3918 193 98.3092
      vertex 98.4557 193 97.8763
      vertex 99.0589 193 98.606
    endloop
  endfacet
  facet normal 0 1 0
    outer loop
      vertex 99.7455 193 98.073
      vertex 98.4557 193 97.8763
      vertex 99.3918 193 98.3092
    endloop
  endfacet
  facet normal 0 1 0
    outer loop
      vertex 100.128 193 97.8929
      vertex 98.4557 193 97.8763
      vertex 99.7455 193 98.073
    endloop
  endfacet
  facet normal 0 1 0
    outer loop
      vertex 90.9437 193 95.2882
      vertex 95.5425 193 97.8763
      vertex 98.4557 193 97.8763
    endloop
  endfacet
  facet normal 0 1 0
    outer loop
      vertex 95.5425 193 97.8763
      vertex 90.9437 193 95.2882
      vertex 93.9465 193 97.8763
    endloop
  endfacet
  facet normal 0 1 0
    outer loop
      vertex 100.546 193 97.7642
      vertex 98.4557 193 97.8763
      vertex 100.128 193 97.8929
    endloop
  endfacet
  facet normal 0 1 0
    outer loop
      vertex 101 193 97.687
      vertex 98.4557 193 97.8763
      vertex 100.546 193 97.7642
    endloop
  endfacet
  facet normal 0 1 0
    outer loop
      vertex 98.4557 193 97.8763
      vertex 101 193 97.687
      vertex 90.9437 193 95.2882
    endloop
  endfacet
  facet normal 0 1 0
    outer loop
      vertex 90.9437 193 95.2882
      vertex 101 193 97.687
      vertex 101.491 193 97.6613
    endloop
  endfacet
  facet normal 0 1 0
    outer loop
      vertex 93.9465 193 97.8763
      vertex 90.9437 193 95.2882
      vertex 90.9437 193 97.8763
    endloop
  endfacet
  facet normal 0 1 -0
    outer loop
      vertex 109.168 193 100.933
      vertex 107.451 193 101.163
      vertex 109.168 193 101.163
    endloop
  endfacet
  facet normal 0 1 -0
    outer loop
      vertex 109.134 193 100.61
      vertex 107.451 193 101.163
      vertex 109.168 193 100.933
    endloop
  endfacet
  facet normal -0 1 0
    outer loop
      vertex 102.313 193 100.365
      vertex 107.451 193 101.163
      vertex 103.683 193 100.342
    endloop
  endfacet
  facet normal 0 1 -0
    outer loop
      vertex 109.032 193 100.333
      vertex 107.451 193 101.163
      vertex 109.134 193 100.61
    endloop
  endfacet
  facet normal 0 1 0
    outer loop
      vertex 107.451 193 101.163
      vertex 102.313 193 100.365
      vertex 98.7967 193 101.131
    endloop
  endfacet
  facet normal 0 1 -0
    outer loop
      vertex 101.931 193 100.208
      vertex 98.7967 193 101.131
      vertex 102.122 193 100.28
    endloop
  endfacet
  facet normal 0 1 -0
    outer loop
      vertex 102.122 193 100.28
      vertex 98.7967 193 101.131
      vertex 102.313 193 100.365
    endloop
  endfacet
  facet normal 0 1 -0
    outer loop
      vertex 108.861 193 100.103
      vertex 107.451 193 101.163
      vertex 109.032 193 100.333
    endloop
  endfacet
  facet normal 0 1 0
    outer loop
      vertex 107.451 193 101.163
      vertex 104.036 193 100.167
      vertex 103.683 193 100.342
    endloop
  endfacet
  facet normal 0 1 0
    outer loop
      vertex 107.451 193 101.163
      vertex 108.861 193 100.103
      vertex 108.623 193 99.9186
    endloop
  endfacet
  facet normal 0 1 0
    outer loop
      vertex 107.451 193 101.163
      vertex 104.403 193 100.016
      vertex 104.036 193 100.167
    endloop
  endfacet
  facet normal 0 1 0
    outer loop
      vertex 107.451 193 101.163
      vertex 108.623 193 99.9186
      vertex 108.312 193 99.7778
    endloop
  endfacet
  facet normal 0 1 0
    outer loop
      vertex 107.451 193 101.163
      vertex 104.785 193 99.8877
      vertex 104.403 193 100.016
    endloop
  endfacet
  facet normal 0 1 0
    outer loop
      vertex 107.451 193 101.163
      vertex 105.18 193 99.7829
      vertex 104.785 193 99.8877
    endloop
  endfacet
  facet normal 0 1 0
    outer loop
      vertex 107.451 193 101.163
      vertex 108.312 193 99.7778
      vertex 107.925 193 99.6772
    endloop
  endfacet
  facet normal 0 1 0
    outer loop
      vertex 107.451 193 101.163
      vertex 105.591 193 99.7014
      vertex 105.18 193 99.7829
    endloop
  endfacet
  facet normal 0 1 0
    outer loop
      vertex 107.451 193 101.163
      vertex 107.925 193 99.6772
      vertex 107.462 193 99.6168
    endloop
  endfacet
  facet normal 0 1 0
    outer loop
      vertex 107.451 193 101.163
      vertex 106.019 193 99.6432
      vertex 105.591 193 99.7014
    endloop
  endfacet
  facet normal 0 1 0
    outer loop
      vertex 107.451 193 101.163
      vertex 107.462 193 99.6168
      vertex 106.922 193 99.5967
    endloop
  endfacet
  facet normal 0 1 0
    outer loop
      vertex 107.451 193 101.163
      vertex 106.462 193 99.6083
      vertex 106.019 193 99.6432
    endloop
  endfacet
  facet normal 0 1 0
    outer loop
      vertex 107.451 193 101.163
      vertex 106.922 193 99.5967
      vertex 106.462 193 99.6083
    endloop
  endfacet
  facet normal 0 1 0
    outer loop
      vertex 80.5105 193 103.375
      vertex 79.0658 193 102.415
      vertex 79.0658 193 103.245
    endloop
  endfacet
  facet normal 0 1 -0
    outer loop
      vertex 80.5105 193 101.01
      vertex 79.0658 193 102.415
      vertex 80.5105 193 103.375
    endloop
  endfacet
  facet normal 0 1 0
    outer loop
      vertex 79.0658 193 102.415
      vertex 80.5105 193 101.01
      vertex 78.9851 193 101.387
    endloop
  endfacet
  facet normal 0 1 0
    outer loop
      vertex 78.9851 193 101.387
      vertex 80.5105 193 101.01
      vertex 78.7433 193 100.468
    endloop
  endfacet
  facet normal 0 1 0
    outer loop
      vertex 140.473 193 103.844
      vertex 142.826 193 101.391
      vertex 137.543 193 103.844
    endloop
  endfacet
  facet normal 0 1 0
    outer loop
      vertex 137.543 193 103.844
      vertex 135.301 193 102.415
      vertex 135.301 193 103.245
    endloop
  endfacet
  facet normal 0 1 0
    outer loop
      vertex 135.22 193 101.387
      vertex 137.543 193 103.844
      vertex 142.826 193 101.391
    endloop
  endfacet
  facet normal 0 1 0
    outer loop
      vertex 137.543 193 103.844
      vertex 135.22 193 101.387
      vertex 135.301 193 102.415
    endloop
  endfacet
  facet normal 0 1 0
    outer loop
      vertex 142.826 193 101.391
      vertex 134.978 193 100.468
      vertex 135.22 193 101.387
    endloop
  endfacet
  facet normal 0 1 0
    outer loop
      vertex 143.078 193 100.454
      vertex 134.978 193 100.468
      vertex 142.826 193 101.391
    endloop
  endfacet
  facet normal 0 1 0
    outer loop
      vertex 143.078 193 100.454
      vertex 134.575 193 99.6572
      vertex 134.978 193 100.468
    endloop
  endfacet
  facet normal 0 1 0
    outer loop
      vertex 143.499 193 99.6371
      vertex 134.575 193 99.6572
      vertex 143.078 193 100.454
    endloop
  endfacet
  facet normal 0 1 0
    outer loop
      vertex 143.499 193 99.6371
      vertex 134.011 193 98.9556
      vertex 134.575 193 99.6572
    endloop
  endfacet
  facet normal 0 1 0
    outer loop
      vertex 144.088 193 98.9388
      vertex 134.011 193 98.9556
      vertex 143.499 193 99.6371
    endloop
  endfacet
  facet normal 0 1 0
    outer loop
      vertex 144.088 193 98.9388
      vertex 133.313 193 98.3894
      vertex 134.011 193 98.9556
    endloop
  endfacet
  facet normal 0 1 0
    outer loop
      vertex 144.825 193 98.3799
      vertex 133.313 193 98.3894
      vertex 144.088 193 98.9388
    endloop
  endfacet
  facet normal 0 1 0
    outer loop
      vertex 144.825 193 98.3799
      vertex 132.507 193 97.9849
      vertex 133.313 193 98.3894
    endloop
  endfacet
  facet normal 0 1 0
    outer loop
      vertex 145.688 193 97.9807
      vertex 132.507 193 97.9849
      vertex 144.825 193 98.3799
    endloop
  endfacet
  facet normal 0 1 0
    outer loop
      vertex 145.688 193 97.9807
      vertex 131.593 193 97.7422
      vertex 132.507 193 97.9849
    endloop
  endfacet
  facet normal 0 1 0
    outer loop
      vertex 146.678 193 97.7411
      vertex 131.593 193 97.7422
      vertex 145.688 193 97.9807
    endloop
  endfacet
  facet normal 0 1 0
    outer loop
      vertex 123.683 193 94.3282
      vertex 146.678 193 97.7411
      vertex 147.795 193 97.6613
    endloop
  endfacet
  facet normal 0 1 0
    outer loop
      vertex 146.678 193 97.7411
      vertex 123.683 193 94.3282
      vertex 131.593 193 97.7422
    endloop
  endfacet
  facet normal 0 1 0
    outer loop
      vertex 154.366 193 103.447
      vertex 152.523 193 102.415
      vertex 152.523 193 103.245
    endloop
  endfacet
  facet normal 0 1 0
    outer loop
      vertex 154.366 193 103.447
      vertex 152.442 193 101.387
      vertex 152.523 193 102.415
    endloop
  endfacet
  facet normal 0 1 -0
    outer loop
      vertex 154.366 193 97.8763
      vertex 152.442 193 101.387
      vertex 154.366 193 103.447
    endloop
  endfacet
  facet normal 0 1 0
    outer loop
      vertex 152.442 193 101.387
      vertex 154.366 193 97.8763
      vertex 152.2 193 100.468
    endloop
  endfacet
  facet normal 0 1 0
    outer loop
      vertex 152.2 193 100.468
      vertex 154.366 193 97.8763
      vertex 151.797 193 99.6572
    endloop
  endfacet
  facet normal 0 1 0
    outer loop
      vertex 154.366 193 97.8763
      vertex 151.233 193 98.9556
      vertex 151.797 193 99.6572
    endloop
  endfacet
  facet normal 0 1 0
    outer loop
      vertex 154.366 193 97.8763
      vertex 150.534 193 98.3894
      vertex 151.233 193 98.9556
    endloop
  endfacet
  facet normal 0 1 0
    outer loop
      vertex 154.366 193 97.8763
      vertex 149.729 193 97.9849
      vertex 150.534 193 98.3894
    endloop
  endfacet
  facet normal 0 1 0
    outer loop
      vertex 149.729 193 97.9849
      vertex 154.366 193 97.8763
      vertex 148.815 193 97.7422
    endloop
  endfacet
  facet normal 0 1 0
    outer loop
      vertex 66.0502 193 106.992
      vertex 62.4942 193 103.191
      vertex 62.4942 193 106.992
    endloop
  endfacet
  facet normal 0 1 0
    outer loop
      vertex 95.5425 193 106.992
      vertex 93.6942 193 104.911
      vertex 93.6942 193 106.992
    endloop
  endfacet
  facet normal 0 1 0
    outer loop
      vertex 90.9437 193 103.828
      vertex 92.197 193 104.911
      vertex 93.6942 193 104.911
    endloop
  endfacet
  facet normal 0 1 0
    outer loop
      vertex 92.197 193 104.911
      vertex 90.9437 193 103.828
      vertex 91.8537 193 104.897
    endloop
  endfacet
  facet normal -0 1 0
    outer loop
      vertex 90.9595 193 104.12
      vertex 91.8537 193 104.897
      vertex 90.9437 193 103.828
    endloop
  endfacet
  facet normal 0 1 0
    outer loop
      vertex 91.8537 193 104.897
      vertex 90.9595 193 104.12
      vertex 91.5724 193 104.855
    endloop
  endfacet
  facet normal -0 1 0
    outer loop
      vertex 91.0068 193 104.36
      vertex 91.5724 193 104.855
      vertex 90.9595 193 104.12
    endloop
  endfacet
  facet normal -0 1 0
    outer loop
      vertex 91.0856 193 104.549
      vertex 91.3532 193 104.785
      vertex 91.0068 193 104.36
    endloop
  endfacet
  facet normal 0 1 0
    outer loop
      vertex 91.3532 193 104.785
      vertex 91.0856 193 104.549
      vertex 91.196 193 104.687
    endloop
  endfacet
  facet normal 0 1 0
    outer loop
      vertex 91.5724 193 104.855
      vertex 91.0068 193 104.36
      vertex 91.3532 193 104.785
    endloop
  endfacet
  facet normal 0 1 0
    outer loop
      vertex 93.6942 193 104.911
      vertex 93.9465 193 99.9576
      vertex 90.9437 193 103.828
    endloop
  endfacet
  facet normal 0 1 0
    outer loop
      vertex 95.5425 193 106.992
      vertex 93.9465 193 99.9576
      vertex 93.6942 193 104.911
    endloop
  endfacet
  facet normal 0 1 -0
    outer loop
      vertex 95.5425 193 97.8763
      vertex 93.9465 193 99.9576
      vertex 95.5425 193 106.992
    endloop
  endfacet
  facet normal 0 1 0
    outer loop
      vertex 93.9465 193 99.9576
      vertex 95.5425 193 97.8763
      vertex 93.9465 193 97.8763
    endloop
  endfacet
  facet normal 0 1 -0
    outer loop
      vertex 104.243 193 106.766
      vertex 98.4557 193 106.992
      vertex 104.785 193 107.024
    endloop
  endfacet
  facet normal 0 1 -0
    outer loop
      vertex 103.769 193 106.405
      vertex 98.4557 193 106.992
      vertex 104.243 193 106.766
    endloop
  endfacet
  facet normal 0 1 -0
    outer loop
      vertex 103.382 193 105.962
      vertex 98.4557 193 106.992
      vertex 103.769 193 106.405
    endloop
  endfacet
  facet normal 0 1 -0
    outer loop
      vertex 103.106 193 105.457
      vertex 98.4557 193 106.992
      vertex 103.382 193 105.962
    endloop
  endfacet
  facet normal 0 1 -0
    outer loop
      vertex 102.941 193 104.89
      vertex 98.4557 193 106.992
      vertex 103.106 193 105.457
    endloop
  endfacet
  facet normal 0 1 0
    outer loop
      vertex 98.4557 193 102.796
      vertex 102.941 193 104.89
      vertex 102.886 193 104.262
    endloop
  endfacet
  facet normal 0 1 0
    outer loop
      vertex 98.4557 193 102.796
      vertex 102.886 193 104.262
      vertex 102.955 193 103.514
    endloop
  endfacet
  facet normal 0 1 0
    outer loop
      vertex 98.4936 193 102.163
      vertex 102.955 193 103.514
      vertex 103.161 193 102.873
    endloop
  endfacet
  facet normal 0 1 0
    outer loop
      vertex 102.941 193 104.89
      vertex 98.4557 193 102.796
      vertex 98.4557 193 106.992
    endloop
  endfacet
  facet normal 0 1 0
    outer loop
      vertex 98.7967 193 101.131
      vertex 103.161 193 102.873
      vertex 103.506 193 102.339
    endloop
  endfacet
  facet normal 0 1 0
    outer loop
      vertex 102.955 193 103.514
      vertex 98.4936 193 102.163
      vertex 98.4557 193 102.796
    endloop
  endfacet
  facet normal 0 1 0
    outer loop
      vertex 98.7967 193 101.131
      vertex 103.506 193 102.339
      vertex 103.988 193 101.912
    endloop
  endfacet
  facet normal 0 1 0
    outer loop
      vertex 103.161 193 102.873
      vertex 98.6073 193 101.608
      vertex 98.4936 193 102.163
    endloop
  endfacet
  facet normal 0 1 0
    outer loop
      vertex 98.7967 193 101.131
      vertex 103.988 193 101.912
      vertex 104.618 193 101.584
    endloop
  endfacet
  facet normal 0 1 0
    outer loop
      vertex 98.7967 193 101.131
      vertex 104.618 193 101.584
      vertex 105.405 193 101.35
    endloop
  endfacet
  facet normal 0 1 0
    outer loop
      vertex 98.7967 193 101.131
      vertex 105.405 193 101.35
      vertex 106.349 193 101.21
    endloop
  endfacet
  facet normal 0 1 0
    outer loop
      vertex 103.161 193 102.873
      vertex 98.7967 193 101.131
      vertex 98.6073 193 101.608
    endloop
  endfacet
  facet normal 0 1 0
    outer loop
      vertex 98.7967 193 101.131
      vertex 106.349 193 101.21
      vertex 107.451 193 101.163
    endloop
  endfacet
  facet normal 0 1 -0
    outer loop
      vertex 50.6339 193 106.913
      vertex 39.6616 193 110.456
      vertex 51.6208 193 107.151
    endloop
  endfacet
  facet normal 0 1 0
    outer loop
      vertex 39.6616 193 110.456
      vertex 43.4851 193 107.147
      vertex 42.6805 193 107.231
    endloop
  endfacet
  facet normal 0 1 -0
    outer loop
      vertex 44.2144 193 106.896
      vertex 39.6616 193 110.456
      vertex 50.6339 193 106.913
    endloop
  endfacet
  facet normal 0 1 0
    outer loop
      vertex 39.6616 193 110.456
      vertex 44.2144 193 106.896
      vertex 43.4851 193 107.147
    endloop
  endfacet
  facet normal 0 1 -0
    outer loop
      vertex 49.7757 193 106.517
      vertex 44.2144 193 106.896
      vertex 50.6339 193 106.913
    endloop
  endfacet
  facet normal 0 1 0
    outer loop
      vertex 49.7757 193 106.517
      vertex 44.8685 193 106.478
      vertex 44.2144 193 106.896
    endloop
  endfacet
  facet normal 0 1 -0
    outer loop
      vertex 49.046 193 105.961
      vertex 44.8685 193 106.478
      vertex 49.7757 193 106.517
    endloop
  endfacet
  facet normal 0 1 0
    outer loop
      vertex 49.046 193 105.961
      vertex 45.4473 193 105.892
      vertex 44.8685 193 106.478
    endloop
  endfacet
  facet normal 0 1 -0
    outer loop
      vertex 48.464 193 105.265
      vertex 45.4473 193 105.892
      vertex 49.046 193 105.961
    endloop
  endfacet
  facet normal 0 1 0
    outer loop
      vertex 48.464 193 105.265
      vertex 45.9208 193 105.175
      vertex 45.4473 193 105.892
    endloop
  endfacet
  facet normal 0 1 -0
    outer loop
      vertex 48.0482 193 104.448
      vertex 45.9208 193 105.175
      vertex 48.464 193 105.265
    endloop
  endfacet
  facet normal 0 1 0
    outer loop
      vertex 48.0482 193 104.448
      vertex 46.259 193 104.361
      vertex 45.9208 193 105.175
    endloop
  endfacet
  facet normal 0 1 -0
    outer loop
      vertex 47.7988 193 103.508
      vertex 46.259 193 104.361
      vertex 48.0482 193 104.448
    endloop
  endfacet
  facet normal 0 1 0
    outer loop
      vertex 47.7988 193 103.508
      vertex 46.4619 193 103.452
      vertex 46.259 193 104.361
    endloop
  endfacet
  facet normal 0 1 -0
    outer loop
      vertex 47.7156 193 102.446
      vertex 46.4619 193 103.452
      vertex 47.7988 193 103.508
    endloop
  endfacet
  facet normal 0 1 0
    outer loop
      vertex 47.7156 193 102.446
      vertex 46.5295 193 102.446
      vertex 46.4619 193 103.452
    endloop
  endfacet
  facet normal 0 1 0
    outer loop
      vertex 47.7156 193 102.446
      vertex 46.4619 193 101.44
      vertex 46.5295 193 102.446
    endloop
  endfacet
  facet normal 0 1 0
    outer loop
      vertex 47.7988 193 101.384
      vertex 46.4619 193 101.44
      vertex 47.7156 193 102.446
    endloop
  endfacet
  facet normal 0 1 0
    outer loop
      vertex 47.7988 193 101.384
      vertex 46.259 193 100.531
      vertex 46.4619 193 101.44
    endloop
  endfacet
  facet normal 0 1 0
    outer loop
      vertex 48.0482 193 100.444
      vertex 46.259 193 100.531
      vertex 47.7988 193 101.384
    endloop
  endfacet
  facet normal 0 1 0
    outer loop
      vertex 48.0482 193 100.444
      vertex 45.9208 193 99.7172
      vertex 46.259 193 100.531
    endloop
  endfacet
  facet normal 0 1 0
    outer loop
      vertex 48.464 193 99.6265
      vertex 45.9208 193 99.7172
      vertex 48.0482 193 100.444
    endloop
  endfacet
  facet normal 0 1 0
    outer loop
      vertex 48.464 193 99.6265
      vertex 45.4473 193 98.9999
      vertex 45.9208 193 99.7172
    endloop
  endfacet
  facet normal 0 1 0
    outer loop
      vertex 49.046 193 98.9308
      vertex 45.4473 193 98.9999
      vertex 48.464 193 99.6265
    endloop
  endfacet
  facet normal 0 1 0
    outer loop
      vertex 49.046 193 98.9308
      vertex 44.8685 193 98.4143
      vertex 45.4473 193 98.9999
    endloop
  endfacet
  facet normal 0 1 0
    outer loop
      vertex 49.7757 193 98.3754
      vertex 44.8685 193 98.4143
      vertex 49.046 193 98.9308
    endloop
  endfacet
  facet normal 0 1 0
    outer loop
      vertex 49.7757 193 98.3754
      vertex 44.2144 193 97.996
      vertex 44.8685 193 98.4143
    endloop
  endfacet
  facet normal 0 1 0
    outer loop
      vertex 50.6339 193 97.9787
      vertex 44.2144 193 97.996
      vertex 49.7757 193 98.3754
    endloop
  endfacet
  facet normal 0 1 0
    outer loop
      vertex 50.6339 193 97.9787
      vertex 43.4851 193 97.745
      vertex 44.2144 193 97.996
    endloop
  endfacet
  facet normal 0 1 0
    outer loop
      vertex 51.6208 193 97.7406
      vertex 43.4851 193 97.745
      vertex 50.6339 193 97.9787
    endloop
  endfacet
  facet normal 0 1 0
    outer loop
      vertex 59.5809 193 94.3282
      vertex 51.6208 193 97.7406
      vertex 52.7364 193 97.6613
    endloop
  endfacet
  facet normal 0 1 0
    outer loop
      vertex 51.6208 193 97.7406
      vertex 59.5809 193 94.3282
      vertex 43.4851 193 97.745
    endloop
  endfacet
  facet normal 0 1 -0
    outer loop
      vertex 66.0502 193 106.992
      vertex 0 193 200
      vertex 73.3326 193 107.152
    endloop
  endfacet
  facet normal 0 1 -0
    outer loop
      vertex 62.4942 193 106.992
      vertex 0 193 200
      vertex 66.0502 193 106.992
    endloop
  endfacet
  facet normal 0 1 0
    outer loop
      vertex 66.0502 193 106.992
      vertex 73.3326 193 107.152
      vertex 69.5818 193 106.992
    endloop
  endfacet
  facet normal 0 1 -0
    outer loop
      vertex 72.3025 193 106.916
      vertex 69.5818 193 106.992
      vertex 73.3326 193 107.152
    endloop
  endfacet
  facet normal 0 1 -0
    outer loop
      vertex 71.4102 193 106.523
      vertex 69.5818 193 106.992
      vertex 72.3025 193 106.916
    endloop
  endfacet
  facet normal 0 1 -0
    outer loop
      vertex 70.6557 193 105.973
      vertex 69.5818 193 106.992
      vertex 71.4102 193 106.523
    endloop
  endfacet
  facet normal 0 1 -0
    outer loop
      vertex 70.0558 193 105.282
      vertex 69.5818 193 106.992
      vertex 70.6557 193 105.973
    endloop
  endfacet
  facet normal 0 1 -0
    outer loop
      vertex 69.6273 193 104.463
      vertex 69.5818 193 106.992
      vertex 70.0558 193 105.282
    endloop
  endfacet
  facet normal 0 1 0
    outer loop
      vertex 64.7808 193 102.06
      vertex 69.6273 193 104.463
      vertex 69.3702 193 103.518
    endloop
  endfacet
  facet normal 0 1 0
    outer loop
      vertex 64.7808 193 102.06
      vertex 69.3702 193 103.518
      vertex 69.2845 193 102.446
    endloop
  endfacet
  facet normal 0 1 0
    outer loop
      vertex 69.6273 193 104.463
      vertex 64.7808 193 102.06
      vertex 69.5818 193 106.992
    endloop
  endfacet
  facet normal 0 1 0
    outer loop
      vertex 69.3687 193 101.391
      vertex 64.7808 193 102.06
      vertex 69.2845 193 102.446
    endloop
  endfacet
  facet normal 0 1 0
    outer loop
      vertex 69.6212 193 100.454
      vertex 64.7808 193 102.06
      vertex 69.3687 193 101.391
    endloop
  endfacet
  facet normal 0 1 0
    outer loop
      vertex 69.2319 193 97.8763
      vertex 69.6212 193 100.454
      vertex 70.0421 193 99.6371
    endloop
  endfacet
  facet normal 0 1 0
    outer loop
      vertex 69.2319 193 97.8763
      vertex 70.0421 193 99.6371
      vertex 70.6313 193 98.9388
    endloop
  endfacet
  facet normal 0 1 0
    outer loop
      vertex 69.2319 193 97.8763
      vertex 70.6313 193 98.9388
      vertex 71.368 193 98.3799
    endloop
  endfacet
  facet normal 0 1 0
    outer loop
      vertex 69.6212 193 100.454
      vertex 69.2319 193 97.8763
      vertex 64.7808 193 102.06
    endloop
  endfacet
  facet normal 0 1 0
    outer loop
      vertex 72.2313 193 97.9807
      vertex 69.2319 193 97.8763
      vertex 71.368 193 98.3799
    endloop
  endfacet
  facet normal 0 1 0
    outer loop
      vertex 62.4942 193 94.3282
      vertex 69.2319 193 97.8763
      vertex 73.2213 193 97.7411
    endloop
  endfacet
  facet normal 0 1 0
    outer loop
      vertex 73.2213 193 97.7411
      vertex 69.2319 193 97.8763
      vertex 72.2313 193 97.9807
    endloop
  endfacet
  facet normal 0 1 0
    outer loop
      vertex 0 193 200
      vertex 75.0174 193 107.218
      vertex 74.5006 193 107.231
    endloop
  endfacet
  facet normal 0 1 -0
    outer loop
      vertex 91.1961 193 106.992
      vertex 0 193 200
      vertex 93.6942 193 106.992
    endloop
  endfacet
  facet normal 0 1 0
    outer loop
      vertex 98.4557 193 106.992
      vertex 106.068 193 107.231
      vertex 105.393 193 107.179
    endloop
  endfacet
  facet normal 0 1 -0
    outer loop
      vertex 90.3963 193 106.947
      vertex 0 193 200
      vertex 91.1961 193 106.992
    endloop
  endfacet
  facet normal 0 1 0
    outer loop
      vertex 0 193 200
      vertex 75.5341 193 107.181
      vertex 75.0174 193 107.218
    endloop
  endfacet
  facet normal 0 1 0
    outer loop
      vertex 98.4557 193 106.992
      vertex 105.393 193 107.179
      vertex 104.785 193 107.024
    endloop
  endfacet
  facet normal 0 1 0
    outer loop
      vertex 0 193 200
      vertex 98.4557 193 106.992
      vertex 95.5425 193 106.992
    endloop
  endfacet
  facet normal 0 1 0
    outer loop
      vertex 0 193 200
      vertex 95.5425 193 106.992
      vertex 93.6942 193 106.992
    endloop
  endfacet
  facet normal 0 1 0
    outer loop
      vertex 0 193 200
      vertex 90.3963 193 106.947
      vertex 75.5341 193 107.181
    endloop
  endfacet
  facet normal 0 1 0
    outer loop
      vertex 75.5341 193 107.181
      vertex 90.3963 193 106.947
      vertex 76.0509 193 107.118
    endloop
  endfacet
  facet normal 0 1 0
    outer loop
      vertex 76.0509 193 107.118
      vertex 90.3963 193 106.947
      vertex 76.5676 193 107.031
    endloop
  endfacet
  facet normal 0 1 0
    outer loop
      vertex 90.3963 193 106.947
      vertex 77.0843 193 106.919
      vertex 76.5676 193 107.031
    endloop
  endfacet
  facet normal 0 1 -0
    outer loop
      vertex 89.7222 193 106.812
      vertex 77.0843 193 106.919
      vertex 90.3963 193 106.947
    endloop
  endfacet
  facet normal 0 1 0
    outer loop
      vertex 89.7222 193 106.812
      vertex 77.601 193 106.783
      vertex 77.0843 193 106.919
    endloop
  endfacet
  facet normal 0 1 0
    outer loop
      vertex 89.7222 193 106.812
      vertex 78.1178 193 106.623
      vertex 77.601 193 106.783
    endloop
  endfacet
  facet normal 0 1 0
    outer loop
      vertex 78.6345 193 106.44
      vertex 89.7222 193 106.812
      vertex 89.1737 193 106.587
    endloop
  endfacet
  facet normal 0 1 0
    outer loop
      vertex 89.7222 193 106.812
      vertex 78.6345 193 106.44
      vertex 78.1178 193 106.623
    endloop
  endfacet
  facet normal 0 1 -0
    outer loop
      vertex 88.7507 193 106.272
      vertex 78.6345 193 106.44
      vertex 89.1737 193 106.587
    endloop
  endfacet
  facet normal 0 1 -0
    outer loop
      vertex 88.4357 193 105.85
      vertex 78.6345 193 106.44
      vertex 88.7507 193 106.272
    endloop
  endfacet
  facet normal 0 1 0
    outer loop
      vertex 85.6208 193 103.375
      vertex 88.4357 193 105.85
      vertex 88.2106 193 105.301
    endloop
  endfacet
  facet normal 0 1 0
    outer loop
      vertex 85.6208 193 103.375
      vertex 88.2106 193 105.301
      vertex 88.0756 193 104.627
    endloop
  endfacet
  facet normal 0 1 0
    outer loop
      vertex 88.4357 193 105.85
      vertex 85.6208 193 103.375
      vertex 78.6345 193 106.44
    endloop
  endfacet
  facet normal 0 1 0
    outer loop
      vertex 85.6208 193 103.375
      vertex 88.0756 193 104.627
      vertex 88.0306 193 103.828
    endloop
  endfacet
  facet normal 0 1 0
    outer loop
      vertex 78.6345 193 106.44
      vertex 85.6208 193 103.375
      vertex 80.5105 193 103.375
    endloop
  endfacet
  facet normal 0 1 -0
    outer loop
      vertex 79.0658 193 103.245
      vertex 78.6345 193 104.197
      vertex 80.5105 193 103.375
    endloop
  endfacet
  facet normal 0 1 0
    outer loop
      vertex 78.6345 193 106.44
      vertex 80.5105 193 103.375
      vertex 78.6345 193 104.197
    endloop
  endfacet
  facet normal 0 1 0
    outer loop
      vertex 88.0306 193 103.828
      vertex 85.6208 193 101.01
      vertex 85.6208 193 103.375
    endloop
  endfacet
  facet normal 0 1 0
    outer loop
      vertex 86.5821 193 97.8763
      vertex 80.5105 193 101.01
      vertex 85.6208 193 101.01
    endloop
  endfacet
  facet normal 0 1 -0
    outer loop
      vertex 88.0306 193 99.9576
      vertex 85.6208 193 101.01
      vertex 88.0306 193 103.828
    endloop
  endfacet
  facet normal 0 1 -0
    outer loop
      vertex 86.5821 193 99.9576
      vertex 85.6208 193 101.01
      vertex 88.0306 193 99.9576
    endloop
  endfacet
  facet normal 0 1 -0
    outer loop
      vertex 86.5821 193 97.8763
      vertex 85.6208 193 101.01
      vertex 86.5821 193 99.9576
    endloop
  endfacet
  facet normal -0 1 0
    outer loop
      vertex 78.3403 193 99.6572
      vertex 80.5105 193 101.01
      vertex 86.5821 193 97.8763
    endloop
  endfacet
  facet normal 0 1 0
    outer loop
      vertex 80.5105 193 101.01
      vertex 78.3403 193 99.6572
      vertex 78.7433 193 100.468
    endloop
  endfacet
  facet normal 0 1 0
    outer loop
      vertex 78.3403 193 99.6572
      vertex 86.5821 193 97.8763
      vertex 77.776 193 98.9556
    endloop
  endfacet
  facet normal 0 1 0
    outer loop
      vertex 77.776 193 98.9556
      vertex 86.5821 193 97.8763
      vertex 77.0774 193 98.3894
    endloop
  endfacet
  facet normal 0 1 0
    outer loop
      vertex 77.0774 193 98.3894
      vertex 86.5821 193 97.8763
      vertex 76.2716 193 97.9849
    endloop
  endfacet
  facet normal 0 1 0
    outer loop
      vertex 76.2716 193 97.9849
      vertex 86.5821 193 97.8763
      vertex 75.3584 193 97.7422
    endloop
  endfacet
  facet normal 0 1 0
    outer loop
      vertex 200 193 200
      vertex 106.572 193 107.207
      vertex 106.068 193 107.231
    endloop
  endfacet
  facet normal 0 1 0
    outer loop
      vertex 112.105 193 106.992
      vertex 117.75 193 107.231
      vertex 116.946 193 107.147
    endloop
  endfacet
  facet normal 0 1 0
    outer loop
      vertex 117.75 193 107.231
      vertex 112.105 193 106.992
      vertex 106.572 193 107.207
    endloop
  endfacet
  facet normal 0 1 -0
    outer loop
      vertex 109.168 193 106.992
      vertex 106.572 193 107.207
      vertex 112.105 193 106.992
    endloop
  endfacet
  facet normal 0 1 0
    outer loop
      vertex 106.572 193 107.207
      vertex 109.168 193 106.992
      vertex 107.038 193 107.136
    endloop
  endfacet
  facet normal 0 1 -0
    outer loop
      vertex 116.216 193 106.896
      vertex 112.105 193 106.992
      vertex 116.946 193 107.147
    endloop
  endfacet
  facet normal 0 1 -0
    outer loop
      vertex 115.562 193 106.478
      vertex 112.105 193 106.992
      vertex 116.216 193 106.896
    endloop
  endfacet
  facet normal 0 1 -0
    outer loop
      vertex 114.984 193 105.892
      vertex 112.105 193 106.992
      vertex 115.562 193 106.478
    endloop
  endfacet
  facet normal 0 1 -0
    outer loop
      vertex 114.51 193 105.175
      vertex 112.105 193 106.992
      vertex 114.984 193 105.892
    endloop
  endfacet
  facet normal 0 1 -0
    outer loop
      vertex 114.172 193 104.361
      vertex 112.105 193 106.992
      vertex 114.51 193 105.175
    endloop
  endfacet
  facet normal 0 1 -0
    outer loop
      vertex 113.969 193 103.452
      vertex 112.105 193 106.992
      vertex 114.172 193 104.361
    endloop
  endfacet
  facet normal 0 1 0
    outer loop
      vertex 112.105 193 101.799
      vertex 113.969 193 103.452
      vertex 113.901 193 102.446
    endloop
  endfacet
  facet normal 0 1 0
    outer loop
      vertex 113.969 193 103.452
      vertex 112.105 193 101.799
      vertex 112.105 193 106.992
    endloop
  endfacet
  facet normal 0 1 0
    outer loop
      vertex 113.969 193 101.44
      vertex 112.105 193 101.799
      vertex 113.901 193 102.446
    endloop
  endfacet
  facet normal 0 1 0
    outer loop
      vertex 113.969 193 101.44
      vertex 112.037 193 100.78
      vertex 112.105 193 101.799
    endloop
  endfacet
  facet normal 0 1 0
    outer loop
      vertex 114.172 193 100.531
      vertex 112.037 193 100.78
      vertex 113.969 193 101.44
    endloop
  endfacet
  facet normal 0 1 0
    outer loop
      vertex 114.172 193 100.531
      vertex 111.832 193 99.9124
      vertex 112.037 193 100.78
    endloop
  endfacet
  facet normal 0 1 0
    outer loop
      vertex 114.51 193 99.7172
      vertex 111.832 193 99.9124
      vertex 114.172 193 100.531
    endloop
  endfacet
  facet normal 0 1 0
    outer loop
      vertex 114.51 193 99.7172
      vertex 111.49 193 99.1974
      vertex 111.832 193 99.9124
    endloop
  endfacet
  facet normal 0 1 0
    outer loop
      vertex 114.984 193 98.9999
      vertex 111.49 193 99.1974
      vertex 114.51 193 99.7172
    endloop
  endfacet
  facet normal 0 1 0
    outer loop
      vertex 114.984 193 98.9999
      vertex 111.011 193 98.6346
      vertex 111.49 193 99.1974
    endloop
  endfacet
  facet normal 0 1 0
    outer loop
      vertex 115.562 193 98.4143
      vertex 111.011 193 98.6346
      vertex 114.984 193 98.9999
    endloop
  endfacet
  facet normal 0 1 0
    outer loop
      vertex 115.562 193 98.4143
      vertex 110.378 193 98.2088
      vertex 111.011 193 98.6346
    endloop
  endfacet
  facet normal 0 1 0
    outer loop
      vertex 116.216 193 97.996
      vertex 110.378 193 98.2088
      vertex 115.562 193 98.4143
    endloop
  endfacet
  facet normal 0 1 0
    outer loop
      vertex 116.216 193 97.996
      vertex 109.574 193 97.9046
      vertex 110.378 193 98.2088
    endloop
  endfacet
  facet normal 0 1 0
    outer loop
      vertex 120.753 193 94.3282
      vertex 116.216 193 97.996
      vertex 116.946 193 97.745
    endloop
  endfacet
  facet normal 0 1 0
    outer loop
      vertex 116.216 193 97.996
      vertex 120.753 193 94.3282
      vertex 109.574 193 97.9046
    endloop
  endfacet
  facet normal 0 1 0
    outer loop
      vertex 120.753 193 94.3282
      vertex 116.946 193 97.745
      vertex 117.75 193 97.6613
    endloop
  endfacet
  facet normal 0 1 0
    outer loop
      vertex 109.574 193 97.9046
      vertex 120.753 193 94.3282
      vertex 108.598 193 97.7221
    endloop
  endfacet
  facet normal 0 1 0
    outer loop
      vertex 200 193 200
      vertex 118.212 193 107.207
      vertex 117.75 193 107.231
    endloop
  endfacet
  facet normal 0 1 -0
    outer loop
      vertex 129.568 193 107.152
      vertex 118.212 193 107.207
      vertex 130.736 193 107.231
    endloop
  endfacet
  facet normal 0 1 -0
    outer loop
      vertex 123.683 193 106.992
      vertex 118.212 193 107.207
      vertex 129.568 193 107.152
    endloop
  endfacet
  facet normal 0 1 -0
    outer loop
      vertex 120.753 193 106.992
      vertex 118.212 193 107.207
      vertex 123.683 193 106.992
    endloop
  endfacet
  facet normal 0 1 0
    outer loop
      vertex 118.212 193 107.207
      vertex 120.753 193 106.992
      vertex 118.645 193 107.137
    endloop
  endfacet
  facet normal 0 1 -0
    outer loop
      vertex 128.538 193 106.916
      vertex 123.683 193 106.992
      vertex 129.568 193 107.152
    endloop
  endfacet
  facet normal 0 1 -0
    outer loop
      vertex 127.645 193 106.523
      vertex 123.683 193 106.992
      vertex 128.538 193 106.916
    endloop
  endfacet
  facet normal 0 1 -0
    outer loop
      vertex 126.891 193 105.973
      vertex 123.683 193 106.992
      vertex 127.645 193 106.523
    endloop
  endfacet
  facet normal 0 1 -0
    outer loop
      vertex 126.291 193 105.282
      vertex 123.683 193 106.992
      vertex 126.891 193 105.973
    endloop
  endfacet
  facet normal 0 1 -0
    outer loop
      vertex 125.862 193 104.463
      vertex 123.683 193 106.992
      vertex 126.291 193 105.282
    endloop
  endfacet
  facet normal 0 1 -0
    outer loop
      vertex 125.605 193 103.518
      vertex 123.683 193 106.992
      vertex 125.862 193 104.463
    endloop
  endfacet
  facet normal 0 1 -0
    outer loop
      vertex 125.52 193 102.446
      vertex 123.683 193 106.992
      vertex 125.605 193 103.518
    endloop
  endfacet
  facet normal 0 1 0
    outer loop
      vertex 125.604 193 101.391
      vertex 123.683 193 106.992
      vertex 125.52 193 102.446
    endloop
  endfacet
  facet normal 0 1 0
    outer loop
      vertex 123.683 193 94.3282
      vertex 125.604 193 101.391
      vertex 125.856 193 100.454
    endloop
  endfacet
  facet normal 0 1 0
    outer loop
      vertex 125.604 193 101.391
      vertex 123.683 193 94.3282
      vertex 123.683 193 106.992
    endloop
  endfacet
  facet normal 0 1 0
    outer loop
      vertex 126.277 193 99.6371
      vertex 123.683 193 94.3282
      vertex 125.856 193 100.454
    endloop
  endfacet
  facet normal 0 1 0
    outer loop
      vertex 126.866 193 98.9388
      vertex 123.683 193 94.3282
      vertex 126.277 193 99.6371
    endloop
  endfacet
  facet normal 0 1 0
    outer loop
      vertex 127.603 193 98.3799
      vertex 123.683 193 94.3282
      vertex 126.866 193 98.9388
    endloop
  endfacet
  facet normal 0 1 0
    outer loop
      vertex 128.466 193 97.9807
      vertex 123.683 193 94.3282
      vertex 127.603 193 98.3799
    endloop
  endfacet
  facet normal 0 1 0
    outer loop
      vertex 129.456 193 97.7411
      vertex 123.683 193 94.3282
      vertex 128.466 193 97.9807
    endloop
  endfacet
  facet normal 0 1 0
    outer loop
      vertex 123.683 193 94.3282
      vertex 129.456 193 97.7411
      vertex 130.573 193 97.6613
    endloop
  endfacet
  facet normal 0 1 0
    outer loop
      vertex 200 193 200
      vertex 131.252 193 107.218
      vertex 130.736 193 107.231
    endloop
  endfacet
  facet normal 0 1 0
    outer loop
      vertex 137.543 193 106.992
      vertex 200 193 200
      vertex 140.473 193 106.992
    endloop
  endfacet
  facet normal 0 1 0
    outer loop
      vertex 200 193 200
      vertex 146.79 193 107.152
      vertex 140.473 193 106.992
    endloop
  endfacet
  facet normal 0 1 0
    outer loop
      vertex 200 193 200
      vertex 137.543 193 106.992
      vertex 131.252 193 107.218
    endloop
  endfacet
  facet normal 0 1 0
    outer loop
      vertex 131.252 193 107.218
      vertex 137.543 193 106.992
      vertex 131.769 193 107.181
    endloop
  endfacet
  facet normal 0 1 0
    outer loop
      vertex 131.769 193 107.181
      vertex 137.543 193 106.992
      vertex 132.286 193 107.118
    endloop
  endfacet
  facet normal 0 1 -0
    outer loop
      vertex 145.759 193 106.916
      vertex 140.473 193 106.992
      vertex 146.79 193 107.152
    endloop
  endfacet
  facet normal 0 1 -0
    outer loop
      vertex 144.867 193 106.523
      vertex 140.473 193 106.992
      vertex 145.759 193 106.916
    endloop
  endfacet
  facet normal 0 1 -0
    outer loop
      vertex 144.113 193 105.973
      vertex 140.473 193 106.992
      vertex 144.867 193 106.523
    endloop
  endfacet
  facet normal 0 1 -0
    outer loop
      vertex 143.513 193 105.282
      vertex 140.473 193 106.992
      vertex 144.113 193 105.973
    endloop
  endfacet
  facet normal 0 1 -0
    outer loop
      vertex 143.084 193 104.463
      vertex 140.473 193 106.992
      vertex 143.513 193 105.282
    endloop
  endfacet
  facet normal 0 1 0
    outer loop
      vertex 143.084 193 104.463
      vertex 140.473 193 103.844
      vertex 140.473 193 106.992
    endloop
  endfacet
  facet normal 0 1 0
    outer loop
      vertex 142.826 193 101.391
      vertex 140.473 193 103.844
      vertex 142.742 193 102.446
    endloop
  endfacet
  facet normal 0 1 -0
    outer loop
      vertex 142.827 193 103.518
      vertex 140.473 193 103.844
      vertex 143.084 193 104.463
    endloop
  endfacet
  facet normal 0 1 -0
    outer loop
      vertex 142.742 193 102.446
      vertex 140.473 193 103.844
      vertex 142.827 193 103.518
    endloop
  endfacet
  facet normal 0 1 0
    outer loop
      vertex 137.543 193 103.844
      vertex 135.301 193 103.245
      vertex 128.576 193 103.725
    endloop
  endfacet
  facet normal 0 1 0
    outer loop
      vertex 128.576 193 103.725
      vertex 135.301 193 103.245
      vertex 128.49 193 103.245
    endloop
  endfacet
  facet normal 0 1 0
    outer loop
      vertex 200 193 200
      vertex 148.474 193 107.218
      vertex 147.958 193 107.231
    endloop
  endfacet
  facet normal 0 1 0
    outer loop
      vertex 157.597 193 107.231
      vertex 148.991 193 107.181
      vertex 148.474 193 107.218
    endloop
  endfacet
  facet normal 0 1 -0
    outer loop
      vertex 156.855 193 107.17
      vertex 148.991 193 107.181
      vertex 157.597 193 107.231
    endloop
  endfacet
  facet normal 0 1 0
    outer loop
      vertex 156.855 193 107.17
      vertex 149.508 193 107.118
      vertex 148.991 193 107.181
    endloop
  endfacet
  facet normal 0 1 0
    outer loop
      vertex 156.855 193 107.17
      vertex 150.025 193 107.031
      vertex 149.508 193 107.118
    endloop
  endfacet
  facet normal 0 1 0
    outer loop
      vertex 150.541 193 106.919
      vertex 156.855 193 107.17
      vertex 156.206 193 106.988
    endloop
  endfacet
  facet normal 0 1 0
    outer loop
      vertex 156.855 193 107.17
      vertex 150.541 193 106.919
      vertex 150.025 193 107.031
    endloop
  endfacet
  facet normal 0 1 0
    outer loop
      vertex 156.206 193 106.988
      vertex 151.058 193 106.783
      vertex 150.541 193 106.919
    endloop
  endfacet
  facet normal 0 1 0
    outer loop
      vertex 152.091 193 106.44
      vertex 156.206 193 106.988
      vertex 155.652 193 106.686
    endloop
  endfacet
  facet normal 0 1 0
    outer loop
      vertex 156.206 193 106.988
      vertex 151.575 193 106.623
      vertex 151.058 193 106.783
    endloop
  endfacet
  facet normal 0 1 0
    outer loop
      vertex 156.206 193 106.988
      vertex 152.091 193 106.44
      vertex 151.575 193 106.623
    endloop
  endfacet
  facet normal 0 1 -0
    outer loop
      vertex 155.192 193 106.262
      vertex 152.091 193 106.44
      vertex 155.652 193 106.686
    endloop
  endfacet
  facet normal 0 1 -0
    outer loop
      vertex 154.831 193 105.723
      vertex 152.091 193 106.44
      vertex 155.192 193 106.262
    endloop
  endfacet
  facet normal 0 1 -0
    outer loop
      vertex 154.573 193 105.074
      vertex 152.091 193 106.44
      vertex 154.831 193 105.723
    endloop
  endfacet
  facet normal 0 1 0
    outer loop
      vertex 152.091 193 104.197
      vertex 154.573 193 105.074
      vertex 154.418 193 104.315
    endloop
  endfacet
  facet normal 0 1 0
    outer loop
      vertex 154.573 193 105.074
      vertex 152.091 193 104.197
      vertex 152.091 193 106.44
    endloop
  endfacet
  facet normal 0 1 0
    outer loop
      vertex 147.213 193 105.167
      vertex 145.798 193 103.725
      vertex 145.95 193 104.142
    endloop
  endfacet
  facet normal 0 1 -0
    outer loop
      vertex 152.523 193 103.245
      vertex 152.091 193 104.197
      vertex 154.418 193 104.315
    endloop
  endfacet
  facet normal 0 1 0
    outer loop
      vertex 152.523 193 103.245
      vertex 154.418 193 104.315
      vertex 154.366 193 103.447
    endloop
  endfacet
  facet normal 0 1 0
    outer loop
      vertex 151.586 193 104.456
      vertex 152.523 193 103.245
      vertex 145.712 193 103.245
    endloop
  endfacet
  facet normal 0 1 0
    outer loop
      vertex 151.586 193 104.456
      vertex 145.712 193 103.245
      vertex 145.798 193 103.725
    endloop
  endfacet
  facet normal 0 1 -0
    outer loop
      vertex 106.068 193 107.231
      vertex 0 193 200
      vertex 200 193 200
    endloop
  endfacet
  facet normal 0 1 0
    outer loop
      vertex 148.474 193 107.218
      vertex 200 193 200
      vertex 157.597 193 107.231
    endloop
  endfacet
  facet normal 0 1 0
    outer loop
      vertex 200 193 200
      vertex 158.031 193 107.207
      vertex 157.597 193 107.231
    endloop
  endfacet
  facet normal 0 1 -0
    outer loop
      vertex 163.529 193 106.992
      vertex 158.031 193 107.207
      vertex 200 193 200
    endloop
  endfacet
  facet normal 0 1 -0
    outer loop
      vertex 160.616 193 106.992
      vertex 158.031 193 107.207
      vertex 163.529 193 106.992
    endloop
  endfacet
  facet normal 0 1 0
    outer loop
      vertex 158.031 193 107.207
      vertex 160.616 193 106.992
      vertex 158.446 193 107.136
    endloop
  endfacet
  facet normal 0 1 0
    outer loop
      vertex 200 193 200
      vertex 163.529 193 97.8763
      vertex 163.529 193 106.992
    endloop
  endfacet
  facet normal 0 1 0
    outer loop
      vertex 200 193 0
      vertex 160.616 193 97.8763
      vertex 163.529 193 97.8763
    endloop
  endfacet
  facet normal 0 1 0
    outer loop
      vertex 160.616 193 97.8763
      vertex 200 193 0
      vertex 157.296 193 97.8763
    endloop
  endfacet
  facet normal 0 1 0
    outer loop
      vertex 157.296 193 97.8763
      vertex 200 193 0
      vertex 154.366 193 97.8763
    endloop
  endfacet
  facet normal 0 1 0
    outer loop
      vertex 154.366 193 97.8763
      vertex 200 193 0
      vertex 148.815 193 97.7422
    endloop
  endfacet
  facet normal 0 1 0
    outer loop
      vertex 131.593 193 97.7422
      vertex 123.683 193 94.3282
      vertex 130.573 193 97.6613
    endloop
  endfacet
  facet normal 0 1 0
    outer loop
      vertex 148.815 193 97.7422
      vertex 200 193 0
      vertex 147.795 193 97.6613
    endloop
  endfacet
  facet normal 0 1 0
    outer loop
      vertex 100.6 193 0.6
      vertex 120.753 193 94.3282
      vertex 123.683 193 94.3282
    endloop
  endfacet
  facet normal 0 1 0
    outer loop
      vertex 120.753 193 94.3282
      vertex 99.4 193 0.6
      vertex 62.4942 193 94.3282
    endloop
  endfacet
  facet normal 0 1 0
    outer loop
      vertex 120.753 193 94.3282
      vertex 100.6 193 0.6
      vertex 99.4 193 0.6
    endloop
  endfacet
  facet normal 0 1 0
    outer loop
      vertex 147.795 193 97.6613
      vertex 100.6 193 0.6
      vertex 123.683 193 94.3282
    endloop
  endfacet
  facet normal 0 1 -0
    outer loop
      vertex 200 193 0
      vertex 163.529 193 97.8763
      vertex 200 193 200
    endloop
  endfacet
  facet normal 0 1 0
    outer loop
      vertex 147.795 193 97.6613
      vertex 200 193 0
      vertex 100.6 193 0.6
    endloop
  endfacet
  facet normal 0 1 0
    outer loop
      vertex 100.6 193 0.6
      vertex 200 193 0
      vertex 100.6 193 0
    endloop
  endfacet
  facet normal 0 1 -0
    outer loop
      vertex 36.7483 193 110.456
      vertex 0 193 200
      vertex 39.6616 193 110.456
    endloop
  endfacet
  facet normal 0 1 -0
    outer loop
      vertex 36.7483 193 97.8763
      vertex 0 193 200
      vertex 36.7483 193 110.456
    endloop
  endfacet
  facet normal 0 1 0
    outer loop
      vertex 42.2182 193 97.6849
      vertex 39.6616 193 97.8763
      vertex 41.7834 193 97.7558
    endloop
  endfacet
  facet normal 0 1 0
    outer loop
      vertex 39.6616 193 97.8763
      vertex 42.2182 193 97.6849
      vertex 36.7483 193 97.8763
    endloop
  endfacet
  facet normal 0 1 0
    outer loop
      vertex 0 193 0
      vertex 42.2182 193 97.6849
      vertex 42.6805 193 97.6613
    endloop
  endfacet
  facet normal 0 1 0
    outer loop
      vertex 0 193 0
      vertex 42.6805 193 97.6613
      vertex 59.5809 193 94.3282
    endloop
  endfacet
  facet normal 0 1 0
    outer loop
      vertex 62.4942 193 94.3282
      vertex 99.4 193 0.6
      vertex 59.5809 193 94.3282
    endloop
  endfacet
  facet normal 0 1 0
    outer loop
      vertex 0 193 0
      vertex 59.5809 193 94.3282
      vertex 99.4 193 0.6
    endloop
  endfacet
  facet normal 0 1 0
    outer loop
      vertex 0 193 0
      vertex 99.4 193 0.6
      vertex 99.4 193 0
    endloop
  endfacet
  facet normal 0 1 0
    outer loop
      vertex 36.7483 193 97.8763
      vertex 0 193 0
      vertex 0 193 200
    endloop
  endfacet
  facet normal 0 1 0
    outer loop
      vertex 42.2182 193 97.6849
      vertex 0 193 0
      vertex 36.7483 193 97.8763
    endloop
  endfacet
  facet normal 0 1 0
    outer loop
      vertex 146.79 193 107.152
      vertex 200 193 200
      vertex 147.958 193 107.231
    endloop
  endfacet
  facet normal 0 1 0
    outer loop
      vertex 118.212 193 107.207
      vertex 200 193 200
      vertex 130.736 193 107.231
    endloop
  endfacet
  facet normal 0 1 0
    outer loop
      vertex 106.572 193 107.207
      vertex 200 193 200
      vertex 117.75 193 107.231
    endloop
  endfacet
  facet normal 0 1 -0
    outer loop
      vertex 98.4557 193 106.992
      vertex 0 193 200
      vertex 106.068 193 107.231
    endloop
  endfacet
  facet normal 0 1 -0
    outer loop
      vertex 73.3326 193 107.152
      vertex 0 193 200
      vertex 74.5006 193 107.231
    endloop
  endfacet
  facet normal 0 1 0
    outer loop
      vertex 0 193 200
      vertex 52.7364 193 107.231
      vertex 39.6616 193 110.456
    endloop
  endfacet
  facet normal 0 1 -0
    outer loop
      vertex 51.6208 193 107.151
      vertex 39.6616 193 110.456
      vertex 52.7364 193 107.231
    endloop
  endfacet
  facet normal 0 1 -0
    outer loop
      vertex 42.2182 193 107.207
      vertex 39.6616 193 110.456
      vertex 42.6805 193 107.231
    endloop
  endfacet
  facet normal 0 1 -0
    outer loop
      vertex 41.7834 193 107.136
      vertex 39.6616 193 110.456
      vertex 42.2182 193 107.207
    endloop
  endfacet
  facet normal 0 1 -0
    outer loop
      vertex 41.376 193 107.018
      vertex 39.6616 193 110.456
      vertex 41.7834 193 107.136
    endloop
  endfacet
  facet normal 0 1 -0
    outer loop
      vertex 40.9961 193 106.853
      vertex 39.6616 193 110.456
      vertex 41.376 193 107.018
    endloop
  endfacet
  facet normal 0 1 -0
    outer loop
      vertex 40.6381 193 106.638
      vertex 39.6616 193 110.456
      vertex 40.9961 193 106.853
    endloop
  endfacet
  facet normal 0 1 -0
    outer loop
      vertex 40.2963 193 106.371
      vertex 39.6616 193 110.456
      vertex 40.6381 193 106.638
    endloop
  endfacet
  facet normal 0 1 -0
    outer loop
      vertex 39.9708 193 106.051
      vertex 39.6616 193 110.456
      vertex 40.2963 193 106.371
    endloop
  endfacet
  facet normal 0 1 0
    outer loop
      vertex 39.6616 193 110.456
      vertex 39.9708 193 106.051
      vertex 39.6616 193 105.679
    endloop
  endfacet
  facet normal 0 1 0
    outer loop
      vertex 158.446 193 107.136
      vertex 160.616 193 106.992
      vertex 158.843 193 107.018
    endloop
  endfacet
  facet normal 0 1 0
    outer loop
      vertex 160.616 193 106.992
      vertex 159.22 193 106.853
      vertex 158.843 193 107.018
    endloop
  endfacet
  facet normal 0 1 0
    outer loop
      vertex 160.616 193 106.992
      vertex 159.584 193 106.638
      vertex 159.22 193 106.853
    endloop
  endfacet
  facet normal 0 1 0
    outer loop
      vertex 160.616 193 106.992
      vertex 159.937 193 106.371
      vertex 159.584 193 106.638
    endloop
  endfacet
  facet normal 0 1 0
    outer loop
      vertex 160.616 193 106.992
      vertex 160.281 193 106.051
      vertex 159.937 193 106.371
    endloop
  endfacet
  facet normal -0 1 0
    outer loop
      vertex 160.281 193 106.051
      vertex 160.616 193 106.992
      vertex 160.616 193 105.679
    endloop
  endfacet
  facet normal 0 1 0
    outer loop
      vertex 132.286 193 107.118
      vertex 137.543 193 106.992
      vertex 132.803 193 107.031
    endloop
  endfacet
  facet normal 0 1 0
    outer loop
      vertex 137.543 193 106.992
      vertex 133.319 193 106.919
      vertex 132.803 193 107.031
    endloop
  endfacet
  facet normal 0 1 0
    outer loop
      vertex 137.543 193 106.992
      vertex 133.836 193 106.783
      vertex 133.319 193 106.919
    endloop
  endfacet
  facet normal 0 1 0
    outer loop
      vertex 137.543 193 106.992
      vertex 134.353 193 106.623
      vertex 133.836 193 106.783
    endloop
  endfacet
  facet normal 0 1 0
    outer loop
      vertex 137.543 193 106.992
      vertex 134.87 193 106.44
      vertex 134.353 193 106.623
    endloop
  endfacet
  facet normal 0 1 -0
    outer loop
      vertex 137.543 193 103.844
      vertex 134.87 193 106.44
      vertex 137.543 193 106.992
    endloop
  endfacet
  facet normal 0 1 0
    outer loop
      vertex 134.87 193 106.44
      vertex 137.543 193 103.844
      vertex 134.87 193 104.197
    endloop
  endfacet
  facet normal 0 1 0
    outer loop
      vertex 128.576 193 103.725
      vertex 134.87 193 104.197
      vertex 137.543 193 103.844
    endloop
  endfacet
  facet normal 0 1 0
    outer loop
      vertex 134.87 193 104.197
      vertex 128.576 193 103.725
      vertex 128.728 193 104.142
    endloop
  endfacet
  facet normal 0 1 0
    outer loop
      vertex 118.645 193 107.137
      vertex 120.753 193 106.992
      vertex 119.05 193 107.02
    endloop
  endfacet
  facet normal 0 1 0
    outer loop
      vertex 120.753 193 106.992
      vertex 119.427 193 106.857
      vertex 119.05 193 107.02
    endloop
  endfacet
  facet normal 0 1 0
    outer loop
      vertex 120.753 193 106.992
      vertex 119.781 193 106.643
      vertex 119.427 193 106.857
    endloop
  endfacet
  facet normal 0 1 0
    outer loop
      vertex 120.753 193 106.992
      vertex 120.12 193 106.376
      vertex 119.781 193 106.643
    endloop
  endfacet
  facet normal 0 1 0
    outer loop
      vertex 120.753 193 106.992
      vertex 120.444 193 106.054
      vertex 120.12 193 106.376
    endloop
  endfacet
  facet normal -0 1 0
    outer loop
      vertex 120.444 193 106.054
      vertex 120.753 193 106.992
      vertex 120.753 193 105.679
    endloop
  endfacet
  facet normal 0 1 0
    outer loop
      vertex 107.038 193 107.136
      vertex 109.168 193 106.992
      vertex 107.463 193 107.017
    endloop
  endfacet
  facet normal 0 1 0
    outer loop
      vertex 109.168 193 106.992
      vertex 107.85 193 106.851
      vertex 107.463 193 107.017
    endloop
  endfacet
  facet normal 0 1 0
    outer loop
      vertex 109.168 193 106.992
      vertex 108.207 193 106.634
      vertex 107.85 193 106.851
    endloop
  endfacet
  facet normal 0 1 0
    outer loop
      vertex 109.168 193 106.992
      vertex 108.545 193 106.359
      vertex 108.207 193 106.634
    endloop
  endfacet
  facet normal 0 1 0
    outer loop
      vertex 109.168 193 106.992
      vertex 108.866 193 106.028
      vertex 108.545 193 106.359
    endloop
  endfacet
  facet normal -0 1 0
    outer loop
      vertex 108.866 193 106.028
      vertex 109.168 193 106.992
      vertex 109.168 193 105.641
    endloop
  endfacet
  facet normal 0 1 -0
    outer loop
      vertex 59.5809 193 106.992
      vertex 0 193 200
      vertex 62.4942 193 106.992
    endloop
  endfacet
  facet normal 0 1 0
    outer loop
      vertex 0 193 200
      vertex 59.5809 193 106.992
      vertex 52.7364 193 107.231
    endloop
  endfacet
  facet normal 0 1 0
    outer loop
      vertex 52.7364 193 107.231
      vertex 59.5809 193 106.992
      vertex 53.8479 193 107.151
    endloop
  endfacet
  facet normal 0 1 0
    outer loop
      vertex 59.5809 193 106.992
      vertex 54.8308 193 106.913
      vertex 53.8479 193 107.151
    endloop
  endfacet
  facet normal 0 1 0
    outer loop
      vertex 59.5809 193 106.992
      vertex 55.685 193 106.517
      vertex 54.8308 193 106.913
    endloop
  endfacet
  facet normal 0 1 0
    outer loop
      vertex 59.5809 193 106.992
      vertex 56.4104 193 105.961
      vertex 55.685 193 106.517
    endloop
  endfacet
  facet normal 0 1 0
    outer loop
      vertex 59.5809 193 106.992
      vertex 56.989 193 105.265
      vertex 56.4104 193 105.961
    endloop
  endfacet
  facet normal 0 1 0
    outer loop
      vertex 59.5809 193 106.992
      vertex 57.4022 193 104.448
      vertex 56.989 193 105.265
    endloop
  endfacet
  facet normal 0 1 0
    outer loop
      vertex 59.5809 193 106.992
      vertex 57.6502 193 103.508
      vertex 57.4022 193 104.448
    endloop
  endfacet
  facet normal 0 1 0
    outer loop
      vertex 59.5809 193 106.992
      vertex 57.7328 193 102.446
      vertex 57.6502 193 103.508
    endloop
  endfacet
  facet normal 0 1 0
    outer loop
      vertex 59.5809 193 106.992
      vertex 57.6502 193 101.384
      vertex 57.7328 193 102.446
    endloop
  endfacet
  facet normal 0 1 -0
    outer loop
      vertex 59.5809 193 94.3282
      vertex 57.6502 193 101.384
      vertex 59.5809 193 106.992
    endloop
  endfacet
  facet normal 0 1 0
    outer loop
      vertex 43.4851 193 97.745
      vertex 59.5809 193 94.3282
      vertex 42.6805 193 97.6613
    endloop
  endfacet
  facet normal 0 1 0
    outer loop
      vertex 53.8479 193 97.7406
      vertex 59.5809 193 94.3282
      vertex 52.7364 193 97.6613
    endloop
  endfacet
  facet normal 0 1 0
    outer loop
      vertex 54.8308 193 97.9787
      vertex 59.5809 193 94.3282
      vertex 53.8479 193 97.7406
    endloop
  endfacet
  facet normal 0 1 0
    outer loop
      vertex 55.685 193 98.3754
      vertex 59.5809 193 94.3282
      vertex 54.8308 193 97.9787
    endloop
  endfacet
  facet normal 0 1 0
    outer loop
      vertex 56.4104 193 98.9308
      vertex 59.5809 193 94.3282
      vertex 55.685 193 98.3754
    endloop
  endfacet
  facet normal 0 1 0
    outer loop
      vertex 56.989 193 99.6265
      vertex 59.5809 193 94.3282
      vertex 56.4104 193 98.9308
    endloop
  endfacet
  facet normal 0 1 0
    outer loop
      vertex 57.4022 193 100.444
      vertex 59.5809 193 94.3282
      vertex 56.989 193 99.6265
    endloop
  endfacet
  facet normal 0 1 0
    outer loop
      vertex 57.6502 193 101.384
      vertex 59.5809 193 94.3282
      vertex 57.4022 193 100.444
    endloop
  endfacet
  facet normal 0 1 0
    outer loop
      vertex 145.798 193 103.725
      vertex 148.226 193 105.295
      vertex 148.689 193 105.278
    endloop
  endfacet
  facet normal 0 1 0
    outer loop
      vertex 145.798 193 103.725
      vertex 148.689 193 105.278
      vertex 149.157 193 105.227
    endloop
  endfacet
  facet normal 0 1 0
    outer loop
      vertex 145.798 193 103.725
      vertex 147.688 193 105.263
      vertex 148.226 193 105.295
    endloop
  endfacet
  facet normal 0 1 0
    outer loop
      vertex 145.798 193 103.725
      vertex 149.157 193 105.227
      vertex 149.631 193 105.142
    endloop
  endfacet
  facet normal 0 1 0
    outer loop
      vertex 145.798 193 103.725
      vertex 149.631 193 105.142
      vertex 150.11 193 105.023
    endloop
  endfacet
  facet normal 0 1 0
    outer loop
      vertex 145.798 193 103.725
      vertex 147.213 193 105.167
      vertex 147.688 193 105.263
    endloop
  endfacet
  facet normal 0 1 0
    outer loop
      vertex 145.798 193 103.725
      vertex 150.11 193 105.023
      vertex 150.595 193 104.869
    endloop
  endfacet
  facet normal 0 1 0
    outer loop
      vertex 147.213 193 105.167
      vertex 145.95 193 104.142
      vertex 146.801 193 105.007
    endloop
  endfacet
  facet normal 0 1 0
    outer loop
      vertex 145.798 193 103.725
      vertex 150.595 193 104.869
      vertex 151.087 193 104.68
    endloop
  endfacet
  facet normal 0 1 0
    outer loop
      vertex 146.801 193 105.007
      vertex 145.95 193 104.142
      vertex 146.452 193 104.783
    endloop
  endfacet
  facet normal 0 1 0
    outer loop
      vertex 145.798 193 103.725
      vertex 151.087 193 104.68
      vertex 151.586 193 104.456
    endloop
  endfacet
  facet normal 0 1 0
    outer loop
      vertex 152.523 193 103.245
      vertex 151.586 193 104.456
      vertex 152.091 193 104.197
    endloop
  endfacet
  facet normal 0 1 0
    outer loop
      vertex 146.452 193 104.783
      vertex 145.95 193 104.142
      vertex 146.168 193 104.494
    endloop
  endfacet
  facet normal 0 1 0
    outer loop
      vertex 128.728 193 104.142
      vertex 131.004 193 105.295
      vertex 131.467 193 105.278
    endloop
  endfacet
  facet normal 0 1 0
    outer loop
      vertex 128.728 193 104.142
      vertex 131.467 193 105.278
      vertex 131.935 193 105.227
    endloop
  endfacet
  facet normal 0 1 0
    outer loop
      vertex 131.004 193 105.295
      vertex 128.728 193 104.142
      vertex 130.466 193 105.263
    endloop
  endfacet
  facet normal 0 1 0
    outer loop
      vertex 128.728 193 104.142
      vertex 131.935 193 105.227
      vertex 132.409 193 105.142
    endloop
  endfacet
  facet normal 0 1 0
    outer loop
      vertex 128.728 193 104.142
      vertex 132.409 193 105.142
      vertex 132.888 193 105.023
    endloop
  endfacet
  facet normal 0 1 0
    outer loop
      vertex 130.466 193 105.263
      vertex 128.728 193 104.142
      vertex 129.991 193 105.167
    endloop
  endfacet
  facet normal 0 1 0
    outer loop
      vertex 128.728 193 104.142
      vertex 132.888 193 105.023
      vertex 133.373 193 104.869
    endloop
  endfacet
  facet normal 0 1 0
    outer loop
      vertex 129.991 193 105.167
      vertex 128.728 193 104.142
      vertex 129.579 193 105.007
    endloop
  endfacet
  facet normal 0 1 0
    outer loop
      vertex 128.728 193 104.142
      vertex 133.373 193 104.869
      vertex 133.866 193 104.68
    endloop
  endfacet
  facet normal 0 1 0
    outer loop
      vertex 129.579 193 105.007
      vertex 128.728 193 104.142
      vertex 129.23 193 104.783
    endloop
  endfacet
  facet normal 0 1 0
    outer loop
      vertex 128.728 193 104.142
      vertex 133.866 193 104.68
      vertex 134.364 193 104.456
    endloop
  endfacet
  facet normal 0 1 0
    outer loop
      vertex 128.728 193 104.142
      vertex 134.364 193 104.456
      vertex 134.87 193 104.197
    endloop
  endfacet
  facet normal 0 1 0
    outer loop
      vertex 129.23 193 104.783
      vertex 128.728 193 104.142
      vertex 128.946 193 104.494
    endloop
  endfacet
  facet normal 0 1 0
    outer loop
      vertex 72.4927 193 104.142
      vertex 74.7691 193 105.295
      vertex 75.2317 193 105.278
    endloop
  endfacet
  facet normal 0 1 0
    outer loop
      vertex 72.4927 193 104.142
      vertex 75.2317 193 105.278
      vertex 75.6999 193 105.227
    endloop
  endfacet
  facet normal 0 1 0
    outer loop
      vertex 74.7691 193 105.295
      vertex 72.4927 193 104.142
      vertex 74.231 193 105.263
    endloop
  endfacet
  facet normal 0 1 0
    outer loop
      vertex 72.4927 193 104.142
      vertex 75.6999 193 105.227
      vertex 76.1736 193 105.142
    endloop
  endfacet
  facet normal 0 1 0
    outer loop
      vertex 72.4927 193 104.142
      vertex 76.1736 193 105.142
      vertex 76.6529 193 105.023
    endloop
  endfacet
  facet normal 0 1 0
    outer loop
      vertex 74.231 193 105.263
      vertex 72.4927 193 104.142
      vertex 73.756 193 105.167
    endloop
  endfacet
  facet normal 0 1 0
    outer loop
      vertex 72.4927 193 104.142
      vertex 76.6529 193 105.023
      vertex 77.1384 193 104.869
    endloop
  endfacet
  facet normal 0 1 0
    outer loop
      vertex 73.756 193 105.167
      vertex 72.4927 193 104.142
      vertex 73.3441 193 105.007
    endloop
  endfacet
  facet normal 0 1 0
    outer loop
      vertex 72.4927 193 104.142
      vertex 77.1384 193 104.869
      vertex 77.6305 193 104.68
    endloop
  endfacet
  facet normal 0 1 0
    outer loop
      vertex 73.3441 193 105.007
      vertex 72.4927 193 104.142
      vertex 72.9952 193 104.783
    endloop
  endfacet
  facet normal 0 1 0
    outer loop
      vertex 72.4927 193 104.142
      vertex 77.6305 193 104.68
      vertex 78.1292 193 104.456
    endloop
  endfacet
  facet normal 0 1 0
    outer loop
      vertex 72.4927 193 104.142
      vertex 78.1292 193 104.456
      vertex 78.6345 193 104.197
    endloop
  endfacet
  facet normal 0 1 0
    outer loop
      vertex 72.9952 193 104.783
      vertex 72.4927 193 104.142
      vertex 72.7109 193 104.494
    endloop
  endfacet
  facet normal 0 1 0
    outer loop
      vertex 72.2547 193 103.245
      vertex 78.6345 193 104.197
      vertex 79.0658 193 103.245
    endloop
  endfacet
  facet normal 0 1 0
    outer loop
      vertex 78.6345 193 104.197
      vertex 72.2547 193 103.245
      vertex 72.4927 193 104.142
    endloop
  endfacet
  facet normal 0 1 0
    outer loop
      vertex 72.4927 193 104.142
      vertex 72.2547 193 103.245
      vertex 72.3406 193 103.725
    endloop
  endfacet
  facet normal 0 1 -0
    outer loop
      vertex 101.741 193 100.147
      vertex 98.7967 193 101.131
      vertex 101.931 193 100.208
    endloop
  endfacet
  facet normal 0 1 -0
    outer loop
      vertex 101.552 193 100.098
      vertex 98.7967 193 101.131
      vertex 101.741 193 100.147
    endloop
  endfacet
  facet normal 0 1 -0
    outer loop
      vertex 101.363 193 100.06
      vertex 98.7967 193 101.131
      vertex 101.552 193 100.098
    endloop
  endfacet
  facet normal 0 1 -0
    outer loop
      vertex 101.173 193 100.033
      vertex 98.7967 193 101.131
      vertex 101.363 193 100.06
    endloop
  endfacet
  facet normal 0 1 -0
    outer loop
      vertex 100.982 193 100.017
      vertex 98.7967 193 101.131
      vertex 101.173 193 100.033
    endloop
  endfacet
  facet normal 0 1 -0
    outer loop
      vertex 100.791 193 100.011
      vertex 98.7967 193 101.131
      vertex 100.982 193 100.017
    endloop
  endfacet
  facet normal -0 1 -0
    outer loop
      vertex 100.262 193 100.056
      vertex 98.7967 193 101.131
      vertex 100.791 193 100.011
    endloop
  endfacet
  facet normal 0 1 0
    outer loop
      vertex 98.7967 193 101.131
      vertex 100.262 193 100.056
      vertex 99.062 193 100.732
    endloop
  endfacet
  facet normal -0 1 -0
    outer loop
      vertex 99.7974 193 100.192
      vertex 99.062 193 100.732
      vertex 100.262 193 100.056
    endloop
  endfacet
  facet normal 0 1 0
    outer loop
      vertex 99.062 193 100.732
      vertex 99.7974 193 100.192
      vertex 99.3974 193 100.417
    endloop
  endfacet
  facet normal 0 1 -0
    outer loop
      vertex 103.683 193 98.1221
      vertex 102.313 193 100.365
      vertex 103.683 193 100.342
    endloop
  endfacet
  facet normal 0 1 0
    outer loop
      vertex 103.683 193 98.1221
      vertex 102.305 193 97.725
      vertex 102.313 193 100.365
    endloop
  endfacet
  facet normal 0 1 0
    outer loop
      vertex 104.151 193 98.0158
      vertex 102.305 193 97.725
      vertex 103.683 193 98.1221
    endloop
  endfacet
  facet normal 0 1 0
    outer loop
      vertex 104.621 193 97.9231
      vertex 102.305 193 97.725
      vertex 104.151 193 98.0158
    endloop
  endfacet
  facet normal 0 1 0
    outer loop
      vertex 105.091 193 97.844
      vertex 102.305 193 97.725
      vertex 104.621 193 97.9231
    endloop
  endfacet
  facet normal 0 1 0
    outer loop
      vertex 105.563 193 97.7785
      vertex 102.305 193 97.725
      vertex 105.091 193 97.844
    endloop
  endfacet
  facet normal 0 1 0
    outer loop
      vertex 106.035 193 97.7272
      vertex 102.305 193 97.725
      vertex 105.563 193 97.7785
    endloop
  endfacet
  facet normal 0 1 0
    outer loop
      vertex 106.035 193 97.7272
      vertex 102.152 193 97.7068
      vertex 102.305 193 97.725
    endloop
  endfacet
  facet normal 0 1 0
    outer loop
      vertex 106.035 193 97.7272
      vertex 102.018 193 97.6922
      vertex 102.152 193 97.7068
    endloop
  endfacet
  facet normal 0 1 0
    outer loop
      vertex 106.507 193 97.6906
      vertex 102.018 193 97.6922
      vertex 106.035 193 97.7272
    endloop
  endfacet
  facet normal 0 1 0
    outer loop
      vertex 106.507 193 97.6906
      vertex 101.903 193 97.681
      vertex 102.018 193 97.6922
    endloop
  endfacet
  facet normal 0 1 0
    outer loop
      vertex 106.507 193 97.6906
      vertex 101.808 193 97.6733
      vertex 101.903 193 97.681
    endloop
  endfacet
  facet normal 0 1 0
    outer loop
      vertex 90.9437 193 95.2882
      vertex 106.507 193 97.6906
      vertex 106.979 193 97.6686
    endloop
  endfacet
  facet normal 0 1 0
    outer loop
      vertex 106.507 193 97.6906
      vertex 101.724 193 97.6681
      vertex 101.808 193 97.6733
    endloop
  endfacet
  facet normal 0 1 0
    outer loop
      vertex 106.507 193 97.6906
      vertex 90.9437 193 95.2882
      vertex 101.724 193 97.6681
    endloop
  endfacet
  facet normal 0 1 0
    outer loop
      vertex 101.724 193 97.6681
      vertex 90.9437 193 95.2882
      vertex 101.644 193 97.6643
    endloop
  endfacet
  facet normal 0 1 0
    outer loop
      vertex 120.753 193 94.3282
      vertex 106.979 193 97.6686
      vertex 107.451 193 97.6613
    endloop
  endfacet
  facet normal -0 1 0
    outer loop
      vertex 90.9437 193 95.2882
      vertex 106.979 193 97.6686
      vertex 120.753 193 94.3282
    endloop
  endfacet
  facet normal 0 1 0
    outer loop
      vertex 90.9437 193 103.828
      vertex 93.9465 193 99.9576
      vertex 90.9437 193 99.9576
    endloop
  endfacet
  facet normal 0 1 0
    outer loop
      vertex 157.37 193 103.953
      vertex 158.481 193 105.017
      vertex 158.663 193 105.026
    endloop
  endfacet
  facet normal 0 1 0
    outer loop
      vertex 157.37 193 103.953
      vertex 158.663 193 105.026
      vertex 159.094 193 104.983
    endloop
  endfacet
  facet normal 0 1 0
    outer loop
      vertex 158.481 193 105.017
      vertex 157.37 193 103.953
      vertex 158.31 193 104.988
    endloop
  endfacet
  facet normal -0 1 0
    outer loop
      vertex 157.414 193 104.146
      vertex 158.31 193 104.988
      vertex 157.37 193 103.953
    endloop
  endfacet
  facet normal 0 1 0
    outer loop
      vertex 157.336 193 103.728
      vertex 159.094 193 104.983
      vertex 159.477 193 104.851
    endloop
  endfacet
  facet normal 0 1 0
    outer loop
      vertex 158.31 193 104.988
      vertex 157.414 193 104.146
      vertex 158.149 193 104.939
    endloop
  endfacet
  facet normal 0 1 0
    outer loop
      vertex 158.149 193 104.939
      vertex 157.414 193 104.146
      vertex 158 193 104.872
    endloop
  endfacet
  facet normal 0 1 0
    outer loop
      vertex 157.336 193 103.728
      vertex 159.477 193 104.851
      vertex 159.81 193 104.632
    endloop
  endfacet
  facet normal 0 1 0
    outer loop
      vertex 158 193 104.872
      vertex 157.414 193 104.146
      vertex 157.862 193 104.786
    endloop
  endfacet
  facet normal 0 1 0
    outer loop
      vertex 157.738 193 104.684
      vertex 157.414 193 104.146
      vertex 157.628 193 104.566
    endloop
  endfacet
  facet normal 0 1 0
    outer loop
      vertex 157.336 193 103.728
      vertex 159.81 193 104.632
      vertex 160.095 193 104.326
    endloop
  endfacet
  facet normal 0 1 0
    outer loop
      vertex 157.628 193 104.566
      vertex 157.414 193 104.146
      vertex 157.532 193 104.432
    endloop
  endfacet
  facet normal 0 1 0
    outer loop
      vertex 157.532 193 104.432
      vertex 157.414 193 104.146
      vertex 157.468 193 104.305
    endloop
  endfacet
  facet normal 0 1 0
    outer loop
      vertex 157.862 193 104.786
      vertex 157.414 193 104.146
      vertex 157.738 193 104.684
    endloop
  endfacet
  facet normal 0 1 0
    outer loop
      vertex 157.311 193 103.447
      vertex 160.095 193 104.326
      vertex 160.323 193 103.942
    endloop
  endfacet
  facet normal 0 1 0
    outer loop
      vertex 159.094 193 104.983
      vertex 157.336 193 103.728
      vertex 157.37 193 103.953
    endloop
  endfacet
  facet normal 0 1 0
    outer loop
      vertex 157.311 193 103.447
      vertex 160.323 193 103.942
      vertex 160.486 193 103.489
    endloop
  endfacet
  facet normal 0 1 0
    outer loop
      vertex 160.095 193 104.326
      vertex 157.311 193 103.447
      vertex 157.336 193 103.728
    endloop
  endfacet
  facet normal 0 1 0
    outer loop
      vertex 160.486 193 103.489
      vertex 157.294 193 103.089
      vertex 157.311 193 103.447
    endloop
  endfacet
  facet normal 0 1 0
    outer loop
      vertex 160.583 193 102.969
      vertex 157.294 193 103.089
      vertex 160.486 193 103.489
    endloop
  endfacet
  facet normal 0 1 0
    outer loop
      vertex 160.583 193 102.969
      vertex 157.283 193 102.655
      vertex 157.294 193 103.089
    endloop
  endfacet
  facet normal 0 1 0
    outer loop
      vertex 160.616 193 102.38
      vertex 157.283 193 102.655
      vertex 160.583 193 102.969
    endloop
  endfacet
  facet normal 0 1 0
    outer loop
      vertex 160.616 193 102.38
      vertex 157.279 193 102.144
      vertex 157.283 193 102.655
    endloop
  endfacet
  facet normal 0 1 0
    outer loop
      vertex 160.616 193 102.38
      vertex 157.28 193 101.91
      vertex 157.279 193 102.144
    endloop
  endfacet
  facet normal 0 1 0
    outer loop
      vertex 160.616 193 102.38
      vertex 157.281 193 101.583
      vertex 157.28 193 101.91
    endloop
  endfacet
  facet normal 0 1 0
    outer loop
      vertex 160.616 193 102.38
      vertex 157.284 193 101.163
      vertex 157.281 193 101.583
    endloop
  endfacet
  facet normal 0 1 0
    outer loop
      vertex 160.616 193 102.38
      vertex 157.288 193 100.649
      vertex 157.284 193 101.163
    endloop
  endfacet
  facet normal 0 1 0
    outer loop
      vertex 160.616 193 102.38
      vertex 157.291 193 100.113
      vertex 157.288 193 100.649
    endloop
  endfacet
  facet normal 0 1 -0
    outer loop
      vertex 160.616 193 97.8763
      vertex 157.291 193 100.113
      vertex 160.616 193 102.38
    endloop
  endfacet
  facet normal 0 1 0
    outer loop
      vertex 157.291 193 100.113
      vertex 160.616 193 97.8763
      vertex 157.294 193 99.6242
    endloop
  endfacet
  facet normal 0 1 0
    outer loop
      vertex 157.294 193 99.6242
      vertex 160.616 193 97.8763
      vertex 157.295 193 99.1827
    endloop
  endfacet
  facet normal 0 1 0
    outer loop
      vertex 157.295 193 99.1827
      vertex 160.616 193 97.8763
      vertex 157.296 193 98.7885
    endloop
  endfacet
  facet normal 0 1 0
    outer loop
      vertex 157.296 193 98.7885
      vertex 160.616 193 97.8763
      vertex 157.296 193 97.8763
    endloop
  endfacet
  facet normal 0 1 0
    outer loop
      vertex 62.4942 193 94.3282
      vertex 73.2213 193 97.7411
      vertex 74.3379 193 97.6613
    endloop
  endfacet
  facet normal 0 1 0
    outer loop
      vertex 62.4942 193 94.3282
      vertex 74.3379 193 97.6613
      vertex 88.0306 193 95.2882
    endloop
  endfacet
  facet normal 0 1 0
    outer loop
      vertex 65.8467 193 97.8763
      vertex 62.4942 193 94.3282
      vertex 62.4942 193 101.222
    endloop
  endfacet
  facet normal 0 1 0
    outer loop
      vertex 69.2319 193 97.8763
      vertex 62.4942 193 94.3282
      vertex 65.8467 193 97.8763
    endloop
  endfacet
  facet normal 0 1 0
    outer loop
      vertex 62.4942 193 94.3282
      vertex 88.0306 193 95.2882
      vertex 120.753 193 94.3282
    endloop
  endfacet
  facet normal 0 1 0
    outer loop
      vertex 108.598 193 97.7221
      vertex 120.753 193 94.3282
      vertex 107.451 193 97.6613
    endloop
  endfacet
  facet normal 0 1 0
    outer loop
      vertex 101.644 193 97.6643
      vertex 90.9437 193 95.2882
      vertex 101.566 193 97.6621
    endloop
  endfacet
  facet normal 0 1 0
    outer loop
      vertex 120.753 193 94.3282
      vertex 117.75 193 97.6613
      vertex 118.209 193 97.6849
    endloop
  endfacet
  facet normal 0 1 0
    outer loop
      vertex 90.9437 193 95.2882
      vertex 120.753 193 94.3282
      vertex 88.0306 193 95.2882
    endloop
  endfacet
  facet normal 0 1 0
    outer loop
      vertex 101.566 193 97.6621
      vertex 90.9437 193 95.2882
      vertex 101.491 193 97.6613
    endloop
  endfacet
  facet normal 0 1 0
    outer loop
      vertex 118.64 193 97.7558
      vertex 120.753 193 94.3282
      vertex 118.209 193 97.6849
    endloop
  endfacet
  facet normal 0 1 0
    outer loop
      vertex 119.045 193 97.8738
      vertex 120.753 193 94.3282
      vertex 118.64 193 97.7558
    endloop
  endfacet
  facet normal 0 1 0
    outer loop
      vertex 119.423 193 98.0391
      vertex 120.753 193 94.3282
      vertex 119.045 193 97.8738
    endloop
  endfacet
  facet normal 0 1 0
    outer loop
      vertex 119.779 193 98.254
      vertex 120.753 193 94.3282
      vertex 119.423 193 98.0391
    endloop
  endfacet
  facet normal 0 1 0
    outer loop
      vertex 120.119 193 98.5213
      vertex 120.753 193 94.3282
      vertex 119.779 193 98.254
    endloop
  endfacet
  facet normal 0 1 0
    outer loop
      vertex 120.444 193 98.8408
      vertex 120.753 193 94.3282
      vertex 120.119 193 98.5213
    endloop
  endfacet
  facet normal 0 1 -0
    outer loop
      vertex 120.753 193 94.3282
      vertex 120.444 193 98.8408
      vertex 120.753 193 99.2127
    endloop
  endfacet
  facet normal 0 1 0
    outer loop
      vertex 120.476 193 104.047
      vertex 118.833 193 105.111
      vertex 119.273 193 105.068
    endloop
  endfacet
  facet normal 0 1 0
    outer loop
      vertex 120.261 193 104.427
      vertex 119.273 193 105.068
      vertex 119.658 193 104.94
    endloop
  endfacet
  facet normal 0 1 0
    outer loop
      vertex 120.476 193 104.047
      vertex 119.273 193 105.068
      vertex 120.261 193 104.427
    endloop
  endfacet
  facet normal 0 1 0
    outer loop
      vertex 120.261 193 104.427
      vertex 119.658 193 104.94
      vertex 119.987 193 104.726
    endloop
  endfacet
  facet normal 0 1 0
    outer loop
      vertex 117.197 193 104.047
      vertex 118.833 193 105.111
      vertex 120.476 193 104.047
    endloop
  endfacet
  facet normal 0 1 0
    outer loop
      vertex 118.396 193 105.068
      vertex 117.413 193 104.427
      vertex 118.014 193 104.94
    endloop
  endfacet
  facet normal 0 1 0
    outer loop
      vertex 118.014 193 104.94
      vertex 117.413 193 104.427
      vertex 117.686 193 104.726
    endloop
  endfacet
  facet normal 0 1 0
    outer loop
      vertex 118.833 193 105.111
      vertex 117.197 193 104.047
      vertex 118.396 193 105.068
    endloop
  endfacet
  facet normal 0 1 0
    outer loop
      vertex 118.396 193 105.068
      vertex 117.197 193 104.047
      vertex 117.413 193 104.427
    endloop
  endfacet
  facet normal 0 1 0
    outer loop
      vertex 120.63 193 103.589
      vertex 117.197 193 104.047
      vertex 120.476 193 104.047
    endloop
  endfacet
  facet normal 0 1 0
    outer loop
      vertex 120.63 193 103.589
      vertex 117.043 193 103.589
      vertex 117.197 193 104.047
    endloop
  endfacet
  facet normal 0 1 0
    outer loop
      vertex 120.722 193 103.054
      vertex 117.043 193 103.589
      vertex 120.63 193 103.589
    endloop
  endfacet
  facet normal 0 1 0
    outer loop
      vertex 120.722 193 103.054
      vertex 116.951 193 103.054
      vertex 117.043 193 103.589
    endloop
  endfacet
  facet normal 0 1 0
    outer loop
      vertex 120.753 193 102.442
      vertex 116.951 193 103.054
      vertex 120.722 193 103.054
    endloop
  endfacet
  facet normal 0 1 0
    outer loop
      vertex 120.753 193 102.442
      vertex 116.92 193 102.442
      vertex 116.951 193 103.054
    endloop
  endfacet
  facet normal 0 1 -0
    outer loop
      vertex 120.722 193 101.83
      vertex 116.92 193 102.442
      vertex 120.753 193 102.442
    endloop
  endfacet
  facet normal 0 1 0
    outer loop
      vertex 120.722 193 101.83
      vertex 116.951 193 101.83
      vertex 116.92 193 102.442
    endloop
  endfacet
  facet normal 0 1 -0
    outer loop
      vertex 120.63 193 101.295
      vertex 116.951 193 101.83
      vertex 120.722 193 101.83
    endloop
  endfacet
  facet normal 0 1 0
    outer loop
      vertex 120.63 193 101.295
      vertex 117.043 193 101.295
      vertex 116.951 193 101.83
    endloop
  endfacet
  facet normal 0 1 -0
    outer loop
      vertex 120.476 193 100.837
      vertex 117.043 193 101.295
      vertex 120.63 193 101.295
    endloop
  endfacet
  facet normal 0 1 0
    outer loop
      vertex 120.476 193 100.837
      vertex 117.197 193 100.837
      vertex 117.043 193 101.295
    endloop
  endfacet
  facet normal 0 1 0
    outer loop
      vertex 118.833 193 99.7733
      vertex 120.476 193 100.837
      vertex 120.261 193 100.457
    endloop
  endfacet
  facet normal 0 1 0
    outer loop
      vertex 120.476 193 100.837
      vertex 118.833 193 99.7733
      vertex 117.197 193 100.837
    endloop
  endfacet
  facet normal 0 1 0
    outer loop
      vertex 119.273 193 99.816
      vertex 120.261 193 100.457
      vertex 119.987 193 100.158
    endloop
  endfacet
  facet normal 0 1 0
    outer loop
      vertex 117.197 193 100.837
      vertex 118.833 193 99.7733
      vertex 117.413 193 100.457
    endloop
  endfacet
  facet normal 0 1 0
    outer loop
      vertex 119.273 193 99.816
      vertex 119.987 193 100.158
      vertex 119.658 193 99.9442
    endloop
  endfacet
  facet normal -0 1 -0
    outer loop
      vertex 118.396 193 99.816
      vertex 117.413 193 100.457
      vertex 118.833 193 99.7733
    endloop
  endfacet
  facet normal 0 1 0
    outer loop
      vertex 120.261 193 100.457
      vertex 119.273 193 99.816
      vertex 118.833 193 99.7733
    endloop
  endfacet
  facet normal 0 1 0
    outer loop
      vertex 117.413 193 100.457
      vertex 118.396 193 99.816
      vertex 117.686 193 100.158
    endloop
  endfacet
  facet normal 0 1 0
    outer loop
      vertex 117.686 193 100.158
      vertex 118.396 193 99.816
      vertex 118.014 193 99.9442
    endloop
  endfacet
  facet normal 0 1 -0
    outer loop
      vertex 107.227 193 102.918
      vertex 107.223 193 105.295
      vertex 107.618 193 105.258
    endloop
  endfacet
  facet normal -0 1 0
    outer loop
      vertex 106.856 193 102.976
      vertex 107.223 193 105.295
      vertex 107.227 193 102.918
    endloop
  endfacet
  facet normal 0 1 0
    outer loop
      vertex 107.227 193 102.918
      vertex 107.618 193 105.258
      vertex 107.98 193 105.148
    endloop
  endfacet
  facet normal 0 1 0
    outer loop
      vertex 107.223 193 105.295
      vertex 106.856 193 102.976
      vertex 106.911 193 105.276
    endloop
  endfacet
  facet normal 0 1 0
    outer loop
      vertex 106.911 193 105.276
      vertex 106.541 193 103.073
      vertex 106.636 193 105.217
    endloop
  endfacet
  facet normal 0 1 0
    outer loop
      vertex 107.654 193 102.899
      vertex 107.98 193 105.148
      vertex 108.309 193 104.964
    endloop
  endfacet
  facet normal -0 1 0
    outer loop
      vertex 105.823 193 104.117
      vertex 106.636 193 105.217
      vertex 106.541 193 103.073
    endloop
  endfacet
  facet normal 0 1 0
    outer loop
      vertex 107.654 193 102.899
      vertex 108.309 193 104.964
      vertex 108.606 193 104.706
    endloop
  endfacet
  facet normal -0 1 0
    outer loop
      vertex 106.541 193 103.073
      vertex 106.911 193 105.276
      vertex 106.856 193 102.976
    endloop
  endfacet
  facet normal 0 1 0
    outer loop
      vertex 107.654 193 102.899
      vertex 108.606 193 104.706
      vertex 108.852 193 104.393
    endloop
  endfacet
  facet normal 0 1 0
    outer loop
      vertex 106.636 193 105.217
      vertex 105.823 193 104.117
      vertex 106.397 193 105.119
    endloop
  endfacet
  facet normal -0 1 0
    outer loop
      vertex 105.846 193 104.379
      vertex 106.397 193 105.119
      vertex 105.823 193 104.117
    endloop
  endfacet
  facet normal 0 1 0
    outer loop
      vertex 107.654 193 102.899
      vertex 108.852 193 104.393
      vertex 109.027 193 104.043
    endloop
  endfacet
  facet normal 0 1 0
    outer loop
      vertex 106.193 193 104.982
      vertex 105.846 193 104.379
      vertex 106.032 193 104.811
    endloop
  endfacet
  facet normal 0 1 0
    outer loop
      vertex 107.654 193 102.899
      vertex 109.027 193 104.043
      vertex 109.133 193 103.656
    endloop
  endfacet
  facet normal 0 1 0
    outer loop
      vertex 107.98 193 105.148
      vertex 107.654 193 102.899
      vertex 107.227 193 102.918
    endloop
  endfacet
  facet normal 0 1 0
    outer loop
      vertex 106.397 193 105.119
      vertex 105.846 193 104.379
      vertex 106.193 193 104.982
    endloop
  endfacet
  facet normal 0 1 0
    outer loop
      vertex 107.654 193 102.899
      vertex 109.133 193 103.656
      vertex 109.168 193 103.232
    endloop
  endfacet
  facet normal 0 1 0
    outer loop
      vertex 106.032 193 104.811
      vertex 105.846 193 104.379
      vertex 105.916 193 104.61
    endloop
  endfacet
  facet normal -0 1 -0
    outer loop
      vertex 106.283 193 103.208
      vertex 105.823 193 104.117
      vertex 106.541 193 103.073
    endloop
  endfacet
  facet normal 0 1 0
    outer loop
      vertex 105.823 193 104.117
      vertex 106.283 193 103.208
      vertex 105.852 193 103.835
    endloop
  endfacet
  facet normal 0 1 0
    outer loop
      vertex 105.938 193 103.589
      vertex 106.283 193 103.208
      vertex 106.082 193 103.38
    endloop
  endfacet
  facet normal 0 1 0
    outer loop
      vertex 107.654 193 102.899
      vertex 109.168 193 103.232
      vertex 109.168 193 102.899
    endloop
  endfacet
  facet normal 0 1 0
    outer loop
      vertex 105.852 193 103.835
      vertex 106.283 193 103.208
      vertex 105.938 193 103.589
    endloop
  endfacet
  facet normal 0 1 0
    outer loop
      vertex 43.2418 193 104.047
      vertex 41.5983 193 105.111
      vertex 42.0385 193 105.068
    endloop
  endfacet
  facet normal 0 1 0
    outer loop
      vertex 43.0264 193 104.427
      vertex 42.0385 193 105.068
      vertex 42.4232 193 104.94
    endloop
  endfacet
  facet normal 0 1 0
    outer loop
      vertex 43.2418 193 104.047
      vertex 42.0385 193 105.068
      vertex 43.0264 193 104.427
    endloop
  endfacet
  facet normal 0 1 0
    outer loop
      vertex 43.0264 193 104.427
      vertex 42.4232 193 104.94
      vertex 42.7525 193 104.726
    endloop
  endfacet
  facet normal 0 1 0
    outer loop
      vertex 39.9431 193 104.042
      vertex 41.5983 193 105.111
      vertex 43.2418 193 104.047
    endloop
  endfacet
  facet normal 0 1 0
    outer loop
      vertex 41.1576 193 105.068
      vertex 40.162 193 104.423
      vertex 40.7713 193 104.939
    endloop
  endfacet
  facet normal 0 1 0
    outer loop
      vertex 40.7713 193 104.939
      vertex 40.162 193 104.423
      vertex 40.4394 193 104.724
    endloop
  endfacet
  facet normal 0 1 0
    outer loop
      vertex 41.5983 193 105.111
      vertex 39.9431 193 104.042
      vertex 41.1576 193 105.068
    endloop
  endfacet
  facet normal 0 1 0
    outer loop
      vertex 41.1576 193 105.068
      vertex 39.9431 193 104.042
      vertex 40.162 193 104.423
    endloop
  endfacet
  facet normal 0 1 0
    outer loop
      vertex 43.3956 193 103.589
      vertex 39.9431 193 104.042
      vertex 43.2418 193 104.047
    endloop
  endfacet
  facet normal 0 1 0
    outer loop
      vertex 43.3956 193 103.589
      vertex 39.7867 193 103.584
      vertex 39.9431 193 104.042
    endloop
  endfacet
  facet normal 0 1 0
    outer loop
      vertex 43.488 193 103.054
      vertex 39.7867 193 103.584
      vertex 43.3956 193 103.589
    endloop
  endfacet
  facet normal 0 1 0
    outer loop
      vertex 43.488 193 103.054
      vertex 39.6929 193 103.051
      vertex 39.7867 193 103.584
    endloop
  endfacet
  facet normal 0 1 0
    outer loop
      vertex 43.5187 193 102.442
      vertex 39.6929 193 103.051
      vertex 43.488 193 103.054
    endloop
  endfacet
  facet normal 0 1 0
    outer loop
      vertex 43.5187 193 102.442
      vertex 39.6616 193 102.442
      vertex 39.6929 193 103.051
    endloop
  endfacet
  facet normal 0 1 0
    outer loop
      vertex 43.5187 193 102.442
      vertex 39.6929 193 101.833
      vertex 39.6616 193 102.442
    endloop
  endfacet
  facet normal 0 1 -0
    outer loop
      vertex 43.488 193 101.83
      vertex 39.6929 193 101.833
      vertex 43.5187 193 102.442
    endloop
  endfacet
  facet normal 0 1 0
    outer loop
      vertex 43.488 193 101.83
      vertex 39.7867 193 101.3
      vertex 39.6929 193 101.833
    endloop
  endfacet
  facet normal 0 1 -0
    outer loop
      vertex 43.3956 193 101.295
      vertex 39.7867 193 101.3
      vertex 43.488 193 101.83
    endloop
  endfacet
  facet normal 0 1 0
    outer loop
      vertex 43.3956 193 101.295
      vertex 39.9431 193 100.843
      vertex 39.7867 193 101.3
    endloop
  endfacet
  facet normal 0 1 -0
    outer loop
      vertex 43.2418 193 100.837
      vertex 39.9431 193 100.843
      vertex 43.3956 193 101.295
    endloop
  endfacet
  facet normal 0 1 -0
    outer loop
      vertex 41.5983 193 99.7733
      vertex 39.9431 193 100.843
      vertex 43.2418 193 100.837
    endloop
  endfacet
  facet normal 0 1 0
    outer loop
      vertex 41.5983 193 99.7733
      vertex 43.2418 193 100.837
      vertex 43.0264 193 100.457
    endloop
  endfacet
  facet normal 0 1 0
    outer loop
      vertex 39.9431 193 100.843
      vertex 41.5983 193 99.7733
      vertex 40.162 193 100.461
    endloop
  endfacet
  facet normal 0 1 0
    outer loop
      vertex 42.0385 193 99.816
      vertex 43.0264 193 100.457
      vertex 42.7525 193 100.158
    endloop
  endfacet
  facet normal -0 1 -0
    outer loop
      vertex 41.1576 193 99.8163
      vertex 40.162 193 100.461
      vertex 41.5983 193 99.7733
    endloop
  endfacet
  facet normal 0 1 0
    outer loop
      vertex 42.0385 193 99.816
      vertex 42.7525 193 100.158
      vertex 42.4232 193 99.9442
    endloop
  endfacet
  facet normal 0 1 0
    outer loop
      vertex 40.162 193 100.461
      vertex 41.1576 193 99.8163
      vertex 40.4394 193 100.16
    endloop
  endfacet
  facet normal 0 1 0
    outer loop
      vertex 43.0264 193 100.457
      vertex 42.0385 193 99.816
      vertex 41.5983 193 99.7733
    endloop
  endfacet
  facet normal 0 1 0
    outer loop
      vertex 40.4394 193 100.16
      vertex 41.1576 193 99.8163
      vertex 40.7713 193 99.9452
    endloop
  endfacet
  facet normal 0 1 0
    outer loop
      vertex 74.3215 193 99.5967
      vertex 76.0712 193 101.448
      vertex 76.0409 193 101.052
    endloop
  endfacet
  facet normal 0 1 0
    outer loop
      vertex 76.0712 193 101.448
      vertex 72.3772 193 101.025
      vertex 72.2872 193 101.448
    endloop
  endfacet
  facet normal 0 1 0
    outer loop
      vertex 74.3215 193 99.5967
      vertex 76.0409 193 101.052
      vertex 75.9501 193 100.696
    endloop
  endfacet
  facet normal 0 1 0
    outer loop
      vertex 76.0712 193 101.448
      vertex 72.5171 193 100.656
      vertex 72.3772 193 101.025
    endloop
  endfacet
  facet normal 0 1 0
    outer loop
      vertex 74.6936 193 99.6285
      vertex 75.9501 193 100.696
      vertex 75.7988 193 100.381
    endloop
  endfacet
  facet normal 0 1 0
    outer loop
      vertex 76.0712 193 101.448
      vertex 73.9183 193 99.6265
      vertex 72.5171 193 100.656
    endloop
  endfacet
  facet normal 0 1 0
    outer loop
      vertex 74.6936 193 99.6285
      vertex 75.7988 193 100.381
      vertex 75.5869 193 100.106
    endloop
  endfacet
  facet normal 0 1 0
    outer loop
      vertex 72.5171 193 100.656
      vertex 73.9183 193 99.6265
      vertex 72.7068 193 100.338
    endloop
  endfacet
  facet normal 0 1 0
    outer loop
      vertex 74.6936 193 99.6285
      vertex 75.5869 193 100.106
      vertex 75.3263 193 99.8833
    endloop
  endfacet
  facet normal -0 1 -0
    outer loop
      vertex 73.5546 193 99.7159
      vertex 72.7068 193 100.338
      vertex 73.9183 193 99.6265
    endloop
  endfacet
  facet normal 0 1 0
    outer loop
      vertex 74.6936 193 99.6285
      vertex 75.3263 193 99.8833
      vertex 75.0285 193 99.7241
    endloop
  endfacet
  facet normal 0 1 0
    outer loop
      vertex 72.7068 193 100.338
      vertex 73.5546 193 99.7159
      vertex 72.9464 193 100.074
    endloop
  endfacet
  facet normal 0 1 0
    outer loop
      vertex 75.9501 193 100.696
      vertex 74.6936 193 99.6285
      vertex 74.3215 193 99.5967
    endloop
  endfacet
  facet normal 0 1 0
    outer loop
      vertex 72.9464 193 100.074
      vertex 73.5546 193 99.7159
      vertex 73.2307 193 99.865
    endloop
  endfacet
  facet normal 0 1 0
    outer loop
      vertex 76.0712 193 101.448
      vertex 74.3215 193 99.5967
      vertex 73.9183 193 99.6265
    endloop
  endfacet
  facet normal 0 1 0
    outer loop
      vertex 130.557 193 99.5967
      vertex 132.306 193 101.448
      vertex 132.276 193 101.052
    endloop
  endfacet
  facet normal 0 1 0
    outer loop
      vertex 132.306 193 101.448
      vertex 128.612 193 101.025
      vertex 128.522 193 101.448
    endloop
  endfacet
  facet normal 0 1 0
    outer loop
      vertex 130.557 193 99.5967
      vertex 132.276 193 101.052
      vertex 132.185 193 100.696
    endloop
  endfacet
  facet normal 0 1 0
    outer loop
      vertex 132.306 193 101.448
      vertex 128.752 193 100.656
      vertex 128.612 193 101.025
    endloop
  endfacet
  facet normal 0 1 0
    outer loop
      vertex 130.929 193 99.6285
      vertex 132.185 193 100.696
      vertex 132.034 193 100.381
    endloop
  endfacet
  facet normal 0 1 0
    outer loop
      vertex 132.306 193 101.448
      vertex 130.153 193 99.6265
      vertex 128.752 193 100.656
    endloop
  endfacet
  facet normal 0 1 0
    outer loop
      vertex 130.929 193 99.6285
      vertex 132.034 193 100.381
      vertex 131.822 193 100.106
    endloop
  endfacet
  facet normal 0 1 0
    outer loop
      vertex 128.752 193 100.656
      vertex 130.153 193 99.6265
      vertex 128.942 193 100.338
    endloop
  endfacet
  facet normal 0 1 0
    outer loop
      vertex 130.929 193 99.6285
      vertex 131.822 193 100.106
      vertex 131.561 193 99.8833
    endloop
  endfacet
  facet normal -0 1 -0
    outer loop
      vertex 129.79 193 99.7159
      vertex 128.942 193 100.338
      vertex 130.153 193 99.6265
    endloop
  endfacet
  facet normal 0 1 0
    outer loop
      vertex 130.929 193 99.6285
      vertex 131.561 193 99.8833
      vertex 131.264 193 99.7241
    endloop
  endfacet
  facet normal 0 1 0
    outer loop
      vertex 128.942 193 100.338
      vertex 129.79 193 99.7159
      vertex 129.181 193 100.074
    endloop
  endfacet
  facet normal 0 1 0
    outer loop
      vertex 132.185 193 100.696
      vertex 130.929 193 99.6285
      vertex 130.557 193 99.5967
    endloop
  endfacet
  facet normal 0 1 0
    outer loop
      vertex 129.181 193 100.074
      vertex 129.79 193 99.7159
      vertex 129.466 193 99.865
    endloop
  endfacet
  facet normal 0 1 0
    outer loop
      vertex 132.306 193 101.448
      vertex 130.557 193 99.5967
      vertex 130.153 193 99.6265
    endloop
  endfacet
  facet normal 0 1 0
    outer loop
      vertex 147.779 193 99.5967
      vertex 149.528 193 101.448
      vertex 149.498 193 101.052
    endloop
  endfacet
  facet normal 0 1 0
    outer loop
      vertex 149.528 193 101.448
      vertex 145.834 193 101.025
      vertex 145.744 193 101.448
    endloop
  endfacet
  facet normal 0 1 0
    outer loop
      vertex 147.779 193 99.5967
      vertex 149.498 193 101.052
      vertex 149.407 193 100.696
    endloop
  endfacet
  facet normal 0 1 0
    outer loop
      vertex 149.528 193 101.448
      vertex 145.974 193 100.656
      vertex 145.834 193 101.025
    endloop
  endfacet
  facet normal 0 1 0
    outer loop
      vertex 148.151 193 99.6285
      vertex 149.407 193 100.696
      vertex 149.256 193 100.381
    endloop
  endfacet
  facet normal 0 1 0
    outer loop
      vertex 149.528 193 101.448
      vertex 147.375 193 99.6265
      vertex 145.974 193 100.656
    endloop
  endfacet
  facet normal 0 1 0
    outer loop
      vertex 148.151 193 99.6285
      vertex 149.256 193 100.381
      vertex 149.044 193 100.106
    endloop
  endfacet
  facet normal 0 1 0
    outer loop
      vertex 145.974 193 100.656
      vertex 147.375 193 99.6265
      vertex 146.164 193 100.338
    endloop
  endfacet
  facet normal 0 1 0
    outer loop
      vertex 148.151 193 99.6285
      vertex 149.044 193 100.106
      vertex 148.783 193 99.8833
    endloop
  endfacet
  facet normal -0 1 -0
    outer loop
      vertex 147.012 193 99.7159
      vertex 146.164 193 100.338
      vertex 147.375 193 99.6265
    endloop
  endfacet
  facet normal 0 1 0
    outer loop
      vertex 148.151 193 99.6285
      vertex 148.783 193 99.8833
      vertex 148.485 193 99.7241
    endloop
  endfacet
  facet normal 0 1 0
    outer loop
      vertex 146.164 193 100.338
      vertex 147.012 193 99.7159
      vertex 146.403 193 100.074
    endloop
  endfacet
  facet normal 0 1 0
    outer loop
      vertex 149.407 193 100.696
      vertex 148.151 193 99.6285
      vertex 147.779 193 99.5967
    endloop
  endfacet
  facet normal 0 1 0
    outer loop
      vertex 146.403 193 100.074
      vertex 147.012 193 99.7159
      vertex 146.688 193 99.865
    endloop
  endfacet
  facet normal 0 1 0
    outer loop
      vertex 149.528 193 101.448
      vertex 147.779 193 99.5967
      vertex 147.375 193 99.6265
    endloop
  endfacet
  facet normal 0 1 0
    outer loop
      vertex 54.4137 193 104.067
      vertex 52.7364 193 105.149
      vertex 53.1845 193 105.106
    endloop
  endfacet
  facet normal 0 1 0
    outer loop
      vertex 54.193 193 104.453
      vertex 53.1845 193 105.106
      vertex 53.5766 193 104.975
    endloop
  endfacet
  facet normal 0 1 0
    outer loop
      vertex 54.4137 193 104.067
      vertex 53.1845 193 105.106
      vertex 54.193 193 104.453
    endloop
  endfacet
  facet normal 0 1 0
    outer loop
      vertex 54.193 193 104.453
      vertex 53.5766 193 104.975
      vertex 53.9128 193 104.758
    endloop
  endfacet
  facet normal 0 1 0
    outer loop
      vertex 51.0369 193 104.067
      vertex 52.7364 193 105.149
      vertex 54.4137 193 104.067
    endloop
  endfacet
  facet normal 0 1 0
    outer loop
      vertex 52.7364 193 105.149
      vertex 51.0369 193 104.067
      vertex 52.281 193 105.106
    endloop
  endfacet
  facet normal 0 1 0
    outer loop
      vertex 51.883 193 104.975
      vertex 51.2594 193 104.453
      vertex 51.5425 193 104.758
    endloop
  endfacet
  facet normal 0 1 0
    outer loop
      vertex 52.281 193 105.106
      vertex 51.2594 193 104.453
      vertex 51.883 193 104.975
    endloop
  endfacet
  facet normal 0 1 0
    outer loop
      vertex 52.281 193 105.106
      vertex 51.0369 193 104.067
      vertex 51.2594 193 104.453
    endloop
  endfacet
  facet normal 0 1 0
    outer loop
      vertex 54.5714 193 103.603
      vertex 51.0369 193 104.067
      vertex 54.4137 193 104.067
    endloop
  endfacet
  facet normal 0 1 0
    outer loop
      vertex 54.5714 193 103.603
      vertex 50.878 193 103.603
      vertex 51.0369 193 104.067
    endloop
  endfacet
  facet normal 0 1 0
    outer loop
      vertex 54.666 193 103.063
      vertex 50.878 193 103.603
      vertex 54.5714 193 103.603
    endloop
  endfacet
  facet normal 0 1 0
    outer loop
      vertex 54.666 193 103.063
      vertex 50.7827 193 103.063
      vertex 50.878 193 103.603
    endloop
  endfacet
  facet normal 0 1 0
    outer loop
      vertex 54.6976 193 102.446
      vertex 50.7827 193 103.063
      vertex 54.666 193 103.063
    endloop
  endfacet
  facet normal 0 1 0
    outer loop
      vertex 54.6976 193 102.446
      vertex 50.7509 193 102.446
      vertex 50.7827 193 103.063
    endloop
  endfacet
  facet normal 0 1 -0
    outer loop
      vertex 54.666 193 101.829
      vertex 50.7509 193 102.446
      vertex 54.6976 193 102.446
    endloop
  endfacet
  facet normal 0 1 0
    outer loop
      vertex 54.666 193 101.829
      vertex 50.7827 193 101.829
      vertex 50.7509 193 102.446
    endloop
  endfacet
  facet normal 0 1 -0
    outer loop
      vertex 54.5714 193 101.289
      vertex 50.7827 193 101.829
      vertex 54.666 193 101.829
    endloop
  endfacet
  facet normal 0 1 0
    outer loop
      vertex 54.5714 193 101.289
      vertex 50.878 193 101.289
      vertex 50.7827 193 101.829
    endloop
  endfacet
  facet normal 0 1 -0
    outer loop
      vertex 54.4137 193 100.825
      vertex 50.878 193 101.289
      vertex 54.5714 193 101.289
    endloop
  endfacet
  facet normal 0 1 0
    outer loop
      vertex 54.4137 193 100.825
      vertex 51.0369 193 100.825
      vertex 50.878 193 101.289
    endloop
  endfacet
  facet normal 0 1 0
    outer loop
      vertex 52.7364 193 99.7426
      vertex 54.4137 193 100.825
      vertex 54.193 193 100.439
    endloop
  endfacet
  facet normal 0 1 0
    outer loop
      vertex 54.4137 193 100.825
      vertex 52.7364 193 99.7426
      vertex 51.0369 193 100.825
    endloop
  endfacet
  facet normal 0 1 0
    outer loop
      vertex 53.1845 193 99.7861
      vertex 54.193 193 100.439
      vertex 53.9128 193 100.134
    endloop
  endfacet
  facet normal 0 1 0
    outer loop
      vertex 51.0369 193 100.825
      vertex 52.7364 193 99.7426
      vertex 51.2594 193 100.439
    endloop
  endfacet
  facet normal 0 1 0
    outer loop
      vertex 53.1845 193 99.7861
      vertex 53.9128 193 100.134
      vertex 53.5766 193 99.9166
    endloop
  endfacet
  facet normal -0 1 -0
    outer loop
      vertex 52.281 193 99.7861
      vertex 51.2594 193 100.439
      vertex 52.7364 193 99.7426
    endloop
  endfacet
  facet normal 0 1 0
    outer loop
      vertex 54.193 193 100.439
      vertex 53.1845 193 99.7861
      vertex 52.7364 193 99.7426
    endloop
  endfacet
  facet normal 0 1 0
    outer loop
      vertex 51.2594 193 100.439
      vertex 52.281 193 99.7861
      vertex 51.5425 193 100.134
    endloop
  endfacet
  facet normal 0 1 0
    outer loop
      vertex 51.5425 193 100.134
      vertex 52.281 193 99.7861
      vertex 51.883 193 99.9166
    endloop
  endfacet
  facet normal 0 1 0
    outer loop
      vertex 123.683 193.8 106.992
      vertex 120.753 193.8 105.679
      vertex 120.753 193.8 106.992
    endloop
  endfacet
  facet normal 0 1 0
    outer loop
      vertex 116.946 193.8 107.147
      vertex 117.686 193.8 104.726
      vertex 116.216 193.8 106.896
    endloop
  endfacet
  facet normal 0 1 0
    outer loop
      vertex 120.444 193.8 106.054
      vertex 119.273 193.8 105.068
      vertex 118.833 193.8 105.111
    endloop
  endfacet
  facet normal 0 1 0
    outer loop
      vertex 120.444 193.8 106.054
      vertex 119.658 193.8 104.94
      vertex 119.273 193.8 105.068
    endloop
  endfacet
  facet normal 0 1 0
    outer loop
      vertex 120.63 193.8 103.589
      vertex 120.753 193.8 105.679
      vertex 123.683 193.8 106.992
    endloop
  endfacet
  facet normal 0 1 0
    outer loop
      vertex 120.753 193.8 105.679
      vertex 119.987 193.8 104.726
      vertex 119.658 193.8 104.94
    endloop
  endfacet
  facet normal 0 1 0
    outer loop
      vertex 120.753 193.8 105.679
      vertex 120.261 193.8 104.427
      vertex 119.987 193.8 104.726
    endloop
  endfacet
  facet normal 0 1 0
    outer loop
      vertex 120.753 193.8 105.679
      vertex 120.476 193.8 104.047
      vertex 120.261 193.8 104.427
    endloop
  endfacet
  facet normal 0 1 0
    outer loop
      vertex 120.753 193.8 105.679
      vertex 120.63 193.8 103.589
      vertex 120.476 193.8 104.047
    endloop
  endfacet
  facet normal 0 1 0
    outer loop
      vertex 123.683 193.8 106.992
      vertex 120.722 193.8 103.054
      vertex 120.63 193.8 103.589
    endloop
  endfacet
  facet normal 0 1 0
    outer loop
      vertex 123.683 193.8 106.992
      vertex 120.753 193.8 102.442
      vertex 120.722 193.8 103.054
    endloop
  endfacet
  facet normal 0 1 0
    outer loop
      vertex 123.683 193.8 106.992
      vertex 120.722 193.8 101.83
      vertex 120.753 193.8 102.442
    endloop
  endfacet
  facet normal 0 1 -0
    outer loop
      vertex 120.753 193.8 99.2127
      vertex 120.722 193.8 101.83
      vertex 123.683 193.8 106.992
    endloop
  endfacet
  facet normal 0 1 0
    outer loop
      vertex 120.722 193.8 101.83
      vertex 120.753 193.8 99.2127
      vertex 120.63 193.8 101.295
    endloop
  endfacet
  facet normal 0 1 -0
    outer loop
      vertex 119.779 193.8 98.254
      vertex 119.273 193.8 99.816
      vertex 120.119 193.8 98.5213
    endloop
  endfacet
  facet normal 0 1 -0
    outer loop
      vertex 120.119 193.8 98.5213
      vertex 119.658 193.8 99.9442
      vertex 120.444 193.8 98.8408
    endloop
  endfacet
  facet normal 0 1 -0
    outer loop
      vertex 120.444 193.8 98.8408
      vertex 119.658 193.8 99.9442
      vertex 120.753 193.8 99.2127
    endloop
  endfacet
  facet normal 0 1 0
    outer loop
      vertex 119.987 193.8 100.158
      vertex 120.753 193.8 99.2127
      vertex 119.658 193.8 99.9442
    endloop
  endfacet
  facet normal 0 1 0
    outer loop
      vertex 120.261 193.8 100.457
      vertex 120.753 193.8 99.2127
      vertex 119.987 193.8 100.158
    endloop
  endfacet
  facet normal 0 1 0
    outer loop
      vertex 120.476 193.8 100.837
      vertex 120.753 193.8 99.2127
      vertex 120.261 193.8 100.457
    endloop
  endfacet
  facet normal 0 1 0
    outer loop
      vertex 120.63 193.8 101.295
      vertex 120.753 193.8 99.2127
      vertex 120.476 193.8 100.837
    endloop
  endfacet
  facet normal 0 1 -0
    outer loop
      vertex 123.683 193.8 94.3282
      vertex 120.753 193.8 99.2127
      vertex 123.683 193.8 106.992
    endloop
  endfacet
  facet normal 0 1 0
    outer loop
      vertex 120.753 193.8 99.2127
      vertex 123.683 193.8 94.3282
      vertex 120.753 193.8 94.3282
    endloop
  endfacet
  facet normal 0 1 0
    outer loop
      vertex 118.645 193.8 107.137
      vertex 118.396 193.8 105.068
      vertex 118.212 193.8 107.207
    endloop
  endfacet
  facet normal 0 1 0
    outer loop
      vertex 119.05 193.8 107.02
      vertex 118.833 193.8 105.111
      vertex 118.645 193.8 107.137
    endloop
  endfacet
  facet normal 0 1 0
    outer loop
      vertex 119.427 193.8 106.857
      vertex 118.833 193.8 105.111
      vertex 119.05 193.8 107.02
    endloop
  endfacet
  facet normal 0 1 0
    outer loop
      vertex 118.833 193.8 105.111
      vertex 119.781 193.8 106.643
      vertex 120.12 193.8 106.376
    endloop
  endfacet
  facet normal 0 1 0
    outer loop
      vertex 118.833 193.8 105.111
      vertex 119.427 193.8 106.857
      vertex 119.781 193.8 106.643
    endloop
  endfacet
  facet normal 0 1 0
    outer loop
      vertex 118.833 193.8 105.111
      vertex 120.12 193.8 106.376
      vertex 120.444 193.8 106.054
    endloop
  endfacet
  facet normal 0 1 -0
    outer loop
      vertex 118.014 193.8 104.94
      vertex 117.75 193.8 107.231
      vertex 118.396 193.8 105.068
    endloop
  endfacet
  facet normal 0 1 0
    outer loop
      vertex 118.212 193.8 107.207
      vertex 118.396 193.8 105.068
      vertex 117.75 193.8 107.231
    endloop
  endfacet
  facet normal 0 1 0
    outer loop
      vertex 118.396 193.8 105.068
      vertex 118.645 193.8 107.137
      vertex 118.833 193.8 105.111
    endloop
  endfacet
  facet normal 0 1 0
    outer loop
      vertex 117.75 193.8 107.231
      vertex 118.014 193.8 104.94
      vertex 116.946 193.8 107.147
    endloop
  endfacet
  facet normal 0 1 0
    outer loop
      vertex 119.658 193.8 104.94
      vertex 120.444 193.8 106.054
      vertex 120.753 193.8 105.679
    endloop
  endfacet
  facet normal 0 1 -0
    outer loop
      vertex 117.686 193.8 104.726
      vertex 116.946 193.8 107.147
      vertex 118.014 193.8 104.94
    endloop
  endfacet
  facet normal 0 1 0
    outer loop
      vertex 116.216 193.8 106.896
      vertex 117.686 193.8 104.726
      vertex 115.562 193.8 106.478
    endloop
  endfacet
  facet normal 0 1 -0
    outer loop
      vertex 117.413 193.8 104.427
      vertex 115.562 193.8 106.478
      vertex 117.686 193.8 104.726
    endloop
  endfacet
  facet normal 0 1 0
    outer loop
      vertex 115.562 193.8 106.478
      vertex 117.413 193.8 104.427
      vertex 114.984 193.8 105.892
    endloop
  endfacet
  facet normal 0 1 -0
    outer loop
      vertex 117.197 193.8 104.047
      vertex 114.984 193.8 105.892
      vertex 117.413 193.8 104.427
    endloop
  endfacet
  facet normal 0 1 0
    outer loop
      vertex 114.984 193.8 105.892
      vertex 117.197 193.8 104.047
      vertex 114.51 193.8 105.175
    endloop
  endfacet
  facet normal 0 1 -0
    outer loop
      vertex 117.043 193.8 103.589
      vertex 114.51 193.8 105.175
      vertex 117.197 193.8 104.047
    endloop
  endfacet
  facet normal 0 1 0
    outer loop
      vertex 114.51 193.8 105.175
      vertex 117.043 193.8 103.589
      vertex 114.172 193.8 104.361
    endloop
  endfacet
  facet normal 0 1 0
    outer loop
      vertex 117.043 193.8 103.589
      vertex 113.969 193.8 103.452
      vertex 114.172 193.8 104.361
    endloop
  endfacet
  facet normal 0 1 -0
    outer loop
      vertex 116.951 193.8 103.054
      vertex 113.969 193.8 103.452
      vertex 117.043 193.8 103.589
    endloop
  endfacet
  facet normal 0 1 0
    outer loop
      vertex 116.951 193.8 103.054
      vertex 113.901 193.8 102.446
      vertex 113.969 193.8 103.452
    endloop
  endfacet
  facet normal 0 1 -0
    outer loop
      vertex 116.92 193.8 102.442
      vertex 113.901 193.8 102.446
      vertex 116.951 193.8 103.054
    endloop
  endfacet
  facet normal 0 1 0
    outer loop
      vertex 116.951 193.8 101.83
      vertex 113.901 193.8 102.446
      vertex 116.92 193.8 102.442
    endloop
  endfacet
  facet normal 0 1 0
    outer loop
      vertex 116.951 193.8 101.83
      vertex 113.969 193.8 101.44
      vertex 113.901 193.8 102.446
    endloop
  endfacet
  facet normal 0 1 0
    outer loop
      vertex 117.043 193.8 101.295
      vertex 113.969 193.8 101.44
      vertex 116.951 193.8 101.83
    endloop
  endfacet
  facet normal 0 1 0
    outer loop
      vertex 114.51 193.8 99.7172
      vertex 117.043 193.8 101.295
      vertex 117.197 193.8 100.837
    endloop
  endfacet
  facet normal 0 1 0
    outer loop
      vertex 117.043 193.8 101.295
      vertex 114.172 193.8 100.531
      vertex 113.969 193.8 101.44
    endloop
  endfacet
  facet normal 0 1 0
    outer loop
      vertex 114.51 193.8 99.7172
      vertex 117.197 193.8 100.837
      vertex 117.413 193.8 100.457
    endloop
  endfacet
  facet normal 0 1 0
    outer loop
      vertex 114.51 193.8 99.7172
      vertex 117.413 193.8 100.457
      vertex 117.686 193.8 100.158
    endloop
  endfacet
  facet normal 0 1 0
    outer loop
      vertex 114.51 193.8 99.7172
      vertex 117.686 193.8 100.158
      vertex 118.014 193.8 99.9442
    endloop
  endfacet
  facet normal 0 1 0
    outer loop
      vertex 114.51 193.8 99.7172
      vertex 118.014 193.8 99.9442
      vertex 118.396 193.8 99.816
    endloop
  endfacet
  facet normal 0 1 0
    outer loop
      vertex 117.043 193.8 101.295
      vertex 114.51 193.8 99.7172
      vertex 114.172 193.8 100.531
    endloop
  endfacet
  facet normal 0 1 0
    outer loop
      vertex 119.658 193.8 99.9442
      vertex 120.119 193.8 98.5213
      vertex 119.273 193.8 99.816
    endloop
  endfacet
  facet normal 0 1 0
    outer loop
      vertex 118.396 193.8 99.816
      vertex 114.984 193.8 98.9999
      vertex 114.51 193.8 99.7172
    endloop
  endfacet
  facet normal 0 1 0
    outer loop
      vertex 119.273 193.8 99.816
      vertex 119.779 193.8 98.254
      vertex 118.833 193.8 99.7733
    endloop
  endfacet
  facet normal 0 1 -0
    outer loop
      vertex 119.423 193.8 98.0391
      vertex 118.833 193.8 99.7733
      vertex 119.779 193.8 98.254
    endloop
  endfacet
  facet normal 0 1 0
    outer loop
      vertex 117.75 193.8 97.6613
      vertex 118.396 193.8 99.816
      vertex 118.209 193.8 97.6849
    endloop
  endfacet
  facet normal 0 1 -0
    outer loop
      vertex 119.045 193.8 97.8738
      vertex 118.833 193.8 99.7733
      vertex 119.423 193.8 98.0391
    endloop
  endfacet
  facet normal 0 1 0
    outer loop
      vertex 118.64 193.8 97.7558
      vertex 118.833 193.8 99.7733
      vertex 119.045 193.8 97.8738
    endloop
  endfacet
  facet normal -0 1 0
    outer loop
      vertex 116.946 193.8 97.745
      vertex 118.396 193.8 99.816
      vertex 117.75 193.8 97.6613
    endloop
  endfacet
  facet normal 0 1 0
    outer loop
      vertex 118.833 193.8 99.7733
      vertex 118.64 193.8 97.7558
      vertex 118.396 193.8 99.816
    endloop
  endfacet
  facet normal 0 1 0
    outer loop
      vertex 118.396 193.8 99.816
      vertex 118.64 193.8 97.7558
      vertex 118.209 193.8 97.6849
    endloop
  endfacet
  facet normal 0 1 0
    outer loop
      vertex 118.396 193.8 99.816
      vertex 115.562 193.8 98.4143
      vertex 114.984 193.8 98.9999
    endloop
  endfacet
  facet normal 0 1 0
    outer loop
      vertex 118.396 193.8 99.816
      vertex 116.216 193.8 97.996
      vertex 115.562 193.8 98.4143
    endloop
  endfacet
  facet normal 0 1 0
    outer loop
      vertex 118.396 193.8 99.816
      vertex 116.946 193.8 97.745
      vertex 116.216 193.8 97.996
    endloop
  endfacet
  facet normal 0 1 0
    outer loop
      vertex 64.7808 193.8 102.06
      vertex 66.0502 193.8 106.992
      vertex 69.5818 193.8 106.992
    endloop
  endfacet
  facet normal 0 1 0
    outer loop
      vertex 66.0502 193.8 106.992
      vertex 64.7808 193.8 102.06
      vertex 62.4942 193.8 103.191
    endloop
  endfacet
  facet normal 0 1 -0
    outer loop
      vertex 62.4942 193.8 103.191
      vertex 59.5809 193.8 106.992
      vertex 62.4942 193.8 106.992
    endloop
  endfacet
  facet normal 0 1 0
    outer loop
      vertex 62.4942 193.8 101.222
      vertex 62.4942 193.8 103.191
      vertex 64.7808 193.8 102.06
    endloop
  endfacet
  facet normal 0 1 -0
    outer loop
      vertex 62.4942 193.8 101.222
      vertex 59.5809 193.8 106.992
      vertex 62.4942 193.8 103.191
    endloop
  endfacet
  facet normal 0 1 0
    outer loop
      vertex 59.5809 193.8 94.3282
      vertex 62.4942 193.8 101.222
      vertex 62.4942 193.8 94.3282
    endloop
  endfacet
  facet normal 0 1 0
    outer loop
      vertex 62.4942 193.8 101.222
      vertex 59.5809 193.8 94.3282
      vertex 59.5809 193.8 106.992
    endloop
  endfacet
  facet normal 0 1 -0
    outer loop
      vertex 65.8467 193.8 97.8763
      vertex 64.7808 193.8 102.06
      vertex 69.2319 193.8 97.8763
    endloop
  endfacet
  facet normal 0 1 0
    outer loop
      vertex 64.7808 193.8 102.06
      vertex 65.8467 193.8 97.8763
      vertex 62.4942 193.8 101.222
    endloop
  endfacet
  facet normal 0 1 -0
    outer loop
      vertex 90.9437 193.8 95.2882
      vertex 88.0306 193.8 97.8763
      vertex 90.9437 193.8 97.8763
    endloop
  endfacet
  facet normal 0 1 0
    outer loop
      vertex 88.0306 193.8 97.8763
      vertex 90.9437 193.8 95.2882
      vertex 88.0306 193.8 95.2882
    endloop
  endfacet
  facet normal 0 1 0
    outer loop
      vertex 90.9437 193.8 97.8763
      vertex 90.9437 193.8 99.9576
      vertex 93.9465 193.8 99.9576
    endloop
  endfacet
  facet normal 0 1 0
    outer loop
      vertex 90.9437 193.8 99.9576
      vertex 90.9437 193.8 97.8763
      vertex 88.0306 193.8 99.9576
    endloop
  endfacet
  facet normal 0 1 0
    outer loop
      vertex 90.9437 193.8 97.8763
      vertex 93.9465 193.8 99.9576
      vertex 93.9465 193.8 97.8763
    endloop
  endfacet
  facet normal 0 1 0
    outer loop
      vertex 88.0306 193.8 97.8763
      vertex 88.0306 193.8 99.9576
      vertex 90.9437 193.8 97.8763
    endloop
  endfacet
  facet normal 0 1 0
    outer loop
      vertex 88.0306 193.8 99.9576
      vertex 88.0306 193.8 97.8763
      vertex 86.5821 193.8 99.9576
    endloop
  endfacet
  facet normal 0 1 0
    outer loop
      vertex 86.5821 193.8 99.9576
      vertex 88.0306 193.8 97.8763
      vertex 86.5821 193.8 97.8763
    endloop
  endfacet
  facet normal 0 1 -0
    outer loop
      vertex 92.197 193.8 104.911
      vertex 91.1961 193.8 106.992
      vertex 93.6942 193.8 106.992
    endloop
  endfacet
  facet normal 0 1 -0
    outer loop
      vertex 91.8537 193.8 104.897
      vertex 91.1961 193.8 106.992
      vertex 92.197 193.8 104.911
    endloop
  endfacet
  facet normal 0 1 -0
    outer loop
      vertex 91.3532 193.8 104.785
      vertex 91.1961 193.8 106.992
      vertex 91.5724 193.8 104.855
    endloop
  endfacet
  facet normal 0 1 0
    outer loop
      vertex 91.1961 193.8 106.992
      vertex 91.3532 193.8 104.785
      vertex 90.3963 193.8 106.947
    endloop
  endfacet
  facet normal 0 1 0
    outer loop
      vertex 90.3963 193.8 106.947
      vertex 91.196 193.8 104.687
      vertex 89.7222 193.8 106.812
    endloop
  endfacet
  facet normal 0 1 -0
    outer loop
      vertex 91.0856 193.8 104.549
      vertex 89.7222 193.8 106.812
      vertex 91.196 193.8 104.687
    endloop
  endfacet
  facet normal 0 1 0
    outer loop
      vertex 92.197 193.8 104.911
      vertex 93.6942 193.8 106.992
      vertex 93.6942 193.8 104.911
    endloop
  endfacet
  facet normal 0 1 -0
    outer loop
      vertex 91.5724 193.8 104.855
      vertex 91.1961 193.8 106.992
      vertex 91.8537 193.8 104.897
    endloop
  endfacet
  facet normal 0 1 -0
    outer loop
      vertex 91.196 193.8 104.687
      vertex 90.3963 193.8 106.947
      vertex 91.3532 193.8 104.785
    endloop
  endfacet
  facet normal 0 1 0
    outer loop
      vertex 89.7222 193.8 106.812
      vertex 91.0856 193.8 104.549
      vertex 89.1737 193.8 106.587
    endloop
  endfacet
  facet normal 0 1 0
    outer loop
      vertex 89.1737 193.8 106.587
      vertex 91.0856 193.8 104.549
      vertex 88.7507 193.8 106.272
    endloop
  endfacet
  facet normal 0 1 0
    outer loop
      vertex 88.7507 193.8 106.272
      vertex 91.0856 193.8 104.549
      vertex 88.4357 193.8 105.85
    endloop
  endfacet
  facet normal 0 1 0
    outer loop
      vertex 88.4357 193.8 105.85
      vertex 91.0856 193.8 104.549
      vertex 88.2106 193.8 105.301
    endloop
  endfacet
  facet normal 0 1 -0
    outer loop
      vertex 91.0068 193.8 104.36
      vertex 88.2106 193.8 105.301
      vertex 91.0856 193.8 104.549
    endloop
  endfacet
  facet normal 0 1 0
    outer loop
      vertex 88.2106 193.8 105.301
      vertex 91.0068 193.8 104.36
      vertex 88.0756 193.8 104.627
    endloop
  endfacet
  facet normal 0 1 -0
    outer loop
      vertex 90.9595 193.8 104.12
      vertex 88.0756 193.8 104.627
      vertex 91.0068 193.8 104.36
    endloop
  endfacet
  facet normal 0 1 0
    outer loop
      vertex 88.0306 193.8 103.828
      vertex 90.9595 193.8 104.12
      vertex 90.9437 193.8 103.828
    endloop
  endfacet
  facet normal 0 1 0
    outer loop
      vertex 90.9595 193.8 104.12
      vertex 88.0306 193.8 103.828
      vertex 88.0756 193.8 104.627
    endloop
  endfacet
  facet normal 0 1 -0
    outer loop
      vertex 90.9437 193.8 99.9576
      vertex 88.0306 193.8 103.828
      vertex 90.9437 193.8 103.828
    endloop
  endfacet
  facet normal 0 1 0
    outer loop
      vertex 88.0306 193.8 103.828
      vertex 90.9437 193.8 99.9576
      vertex 88.0306 193.8 99.9576
    endloop
  endfacet
  facet normal 0 1 -0
    outer loop
      vertex 135.22 193.8 101.387
      vertex 132.306 193.8 101.448
      vertex 135.301 193.8 102.415
    endloop
  endfacet
  facet normal 0 1 -0
    outer loop
      vertex 134.978 193.8 100.468
      vertex 132.306 193.8 101.448
      vertex 135.22 193.8 101.387
    endloop
  endfacet
  facet normal 0 1 0
    outer loop
      vertex 132.306 193.8 101.448
      vertex 134.978 193.8 100.468
      vertex 132.276 193.8 101.052
    endloop
  endfacet
  facet normal 0 1 -0
    outer loop
      vertex 134.575 193.8 99.6572
      vertex 132.276 193.8 101.052
      vertex 134.978 193.8 100.468
    endloop
  endfacet
  facet normal 0 1 0
    outer loop
      vertex 132.276 193.8 101.052
      vertex 134.575 193.8 99.6572
      vertex 132.185 193.8 100.696
    endloop
  endfacet
  facet normal 0 1 -0
    outer loop
      vertex 134.011 193.8 98.9556
      vertex 132.185 193.8 100.696
      vertex 134.575 193.8 99.6572
    endloop
  endfacet
  facet normal 0 1 0
    outer loop
      vertex 132.185 193.8 100.696
      vertex 134.011 193.8 98.9556
      vertex 132.034 193.8 100.381
    endloop
  endfacet
  facet normal 0 1 -0
    outer loop
      vertex 133.313 193.8 98.3894
      vertex 132.034 193.8 100.381
      vertex 134.011 193.8 98.9556
    endloop
  endfacet
  facet normal 0 1 0
    outer loop
      vertex 132.034 193.8 100.381
      vertex 133.313 193.8 98.3894
      vertex 131.822 193.8 100.106
    endloop
  endfacet
  facet normal 0 1 0
    outer loop
      vertex 131.822 193.8 100.106
      vertex 133.313 193.8 98.3894
      vertex 131.561 193.8 99.8833
    endloop
  endfacet
  facet normal 0 1 -0
    outer loop
      vertex 132.507 193.8 97.9849
      vertex 131.561 193.8 99.8833
      vertex 133.313 193.8 98.3894
    endloop
  endfacet
  facet normal 0 1 0
    outer loop
      vertex 131.561 193.8 99.8833
      vertex 132.507 193.8 97.9849
      vertex 131.264 193.8 99.7241
    endloop
  endfacet
  facet normal 0 1 -0
    outer loop
      vertex 132.306 193.8 101.448
      vertex 128.49 193.8 103.245
      vertex 135.301 193.8 103.245
    endloop
  endfacet
  facet normal 0 1 0
    outer loop
      vertex 132.306 193.8 101.448
      vertex 135.301 193.8 103.245
      vertex 135.301 193.8 102.415
    endloop
  endfacet
  facet normal 0 1 0
    outer loop
      vertex 128.49 193.8 103.245
      vertex 132.306 193.8 101.448
      vertex 128.522 193.8 101.448
    endloop
  endfacet
  facet normal 0 1 0
    outer loop
      vertex 128.49 193.8 103.245
      vertex 128.522 193.8 101.448
      vertex 125.52 193.8 102.446
    endloop
  endfacet
  facet normal 0 1 0
    outer loop
      vertex 128.522 193.8 101.448
      vertex 125.604 193.8 101.391
      vertex 125.52 193.8 102.446
    endloop
  endfacet
  facet normal 0 1 0
    outer loop
      vertex 125.856 193.8 100.454
      vertex 128.522 193.8 101.448
      vertex 128.612 193.8 101.025
    endloop
  endfacet
  facet normal 0 1 0
    outer loop
      vertex 126.277 193.8 99.6371
      vertex 128.612 193.8 101.025
      vertex 128.752 193.8 100.656
    endloop
  endfacet
  facet normal 0 1 0
    outer loop
      vertex 128.522 193.8 101.448
      vertex 125.856 193.8 100.454
      vertex 125.604 193.8 101.391
    endloop
  endfacet
  facet normal 0 1 0
    outer loop
      vertex 126.866 193.8 98.9388
      vertex 128.752 193.8 100.656
      vertex 128.942 193.8 100.338
    endloop
  endfacet
  facet normal 0 1 0
    outer loop
      vertex 127.603 193.8 98.3799
      vertex 128.942 193.8 100.338
      vertex 129.181 193.8 100.074
    endloop
  endfacet
  facet normal 0 1 0
    outer loop
      vertex 128.466 193.8 97.9807
      vertex 129.181 193.8 100.074
      vertex 129.466 193.8 99.865
    endloop
  endfacet
  facet normal 0 1 0
    outer loop
      vertex 128.466 193.8 97.9807
      vertex 129.466 193.8 99.865
      vertex 129.79 193.8 99.7159
    endloop
  endfacet
  facet normal 0 1 0
    outer loop
      vertex 128.612 193.8 101.025
      vertex 126.277 193.8 99.6371
      vertex 125.856 193.8 100.454
    endloop
  endfacet
  facet normal 0 1 0
    outer loop
      vertex 129.456 193.8 97.7411
      vertex 129.79 193.8 99.7159
      vertex 130.153 193.8 99.6265
    endloop
  endfacet
  facet normal 0 1 0
    outer loop
      vertex 130.573 193.8 97.6613
      vertex 130.153 193.8 99.6265
      vertex 130.557 193.8 99.5967
    endloop
  endfacet
  facet normal 0 1 -0
    outer loop
      vertex 131.593 193.8 97.7422
      vertex 131.264 193.8 99.7241
      vertex 132.507 193.8 97.9849
    endloop
  endfacet
  facet normal 0 1 0
    outer loop
      vertex 130.153 193.8 99.6265
      vertex 130.573 193.8 97.6613
      vertex 129.456 193.8 97.7411
    endloop
  endfacet
  facet normal 0 1 0
    outer loop
      vertex 131.264 193.8 99.7241
      vertex 131.593 193.8 97.7422
      vertex 130.929 193.8 99.6285
    endloop
  endfacet
  facet normal 0 1 0
    outer loop
      vertex 129.79 193.8 99.7159
      vertex 129.456 193.8 97.7411
      vertex 128.466 193.8 97.9807
    endloop
  endfacet
  facet normal 0 1 0
    outer loop
      vertex 130.573 193.8 97.6613
      vertex 130.929 193.8 99.6285
      vertex 131.593 193.8 97.7422
    endloop
  endfacet
  facet normal 0 1 0
    outer loop
      vertex 129.181 193.8 100.074
      vertex 128.466 193.8 97.9807
      vertex 127.603 193.8 98.3799
    endloop
  endfacet
  facet normal 0 1 0
    outer loop
      vertex 130.929 193.8 99.6285
      vertex 130.573 193.8 97.6613
      vertex 130.557 193.8 99.5967
    endloop
  endfacet
  facet normal 0 1 0
    outer loop
      vertex 128.752 193.8 100.656
      vertex 126.866 193.8 98.9388
      vertex 126.277 193.8 99.6371
    endloop
  endfacet
  facet normal 0 1 0
    outer loop
      vertex 128.942 193.8 100.338
      vertex 127.603 193.8 98.3799
      vertex 126.866 193.8 98.9388
    endloop
  endfacet
  facet normal 0 1 -0
    outer loop
      vertex 131.467 193.8 105.278
      vertex 131.252 193.8 107.218
      vertex 131.769 193.8 107.181
    endloop
  endfacet
  facet normal 0 1 0
    outer loop
      vertex 131.252 193.8 107.218
      vertex 131.004 193.8 105.295
      vertex 130.736 193.8 107.231
    endloop
  endfacet
  facet normal 0 1 -0
    outer loop
      vertex 131.935 193.8 105.227
      vertex 131.769 193.8 107.181
      vertex 132.286 193.8 107.118
    endloop
  endfacet
  facet normal 0 1 -0
    outer loop
      vertex 132.409 193.8 105.142
      vertex 132.286 193.8 107.118
      vertex 132.803 193.8 107.031
    endloop
  endfacet
  facet normal 0 1 0
    outer loop
      vertex 132.409 193.8 105.142
      vertex 132.803 193.8 107.031
      vertex 133.319 193.8 106.919
    endloop
  endfacet
  facet normal 0 1 0
    outer loop
      vertex 131.252 193.8 107.218
      vertex 131.467 193.8 105.278
      vertex 131.004 193.8 105.295
    endloop
  endfacet
  facet normal 0 1 0
    outer loop
      vertex 132.888 193.8 105.023
      vertex 133.319 193.8 106.919
      vertex 133.836 193.8 106.783
    endloop
  endfacet
  facet normal 0 1 0
    outer loop
      vertex 133.373 193.8 104.869
      vertex 133.836 193.8 106.783
      vertex 134.353 193.8 106.623
    endloop
  endfacet
  facet normal 0 1 0
    outer loop
      vertex 130.466 193.8 105.263
      vertex 130.736 193.8 107.231
      vertex 131.004 193.8 105.295
    endloop
  endfacet
  facet normal 0 1 0
    outer loop
      vertex 133.866 193.8 104.68
      vertex 134.353 193.8 106.623
      vertex 134.87 193.8 106.44
    endloop
  endfacet
  facet normal 0 1 -0
    outer loop
      vertex 129.991 193.8 105.167
      vertex 129.568 193.8 107.152
      vertex 130.466 193.8 105.263
    endloop
  endfacet
  facet normal 0 1 -0
    outer loop
      vertex 129.579 193.8 105.007
      vertex 129.568 193.8 107.152
      vertex 129.991 193.8 105.167
    endloop
  endfacet
  facet normal 0 1 0
    outer loop
      vertex 130.736 193.8 107.231
      vertex 130.466 193.8 105.263
      vertex 129.568 193.8 107.152
    endloop
  endfacet
  facet normal 0 1 0
    outer loop
      vertex 131.769 193.8 107.181
      vertex 131.935 193.8 105.227
      vertex 131.467 193.8 105.278
    endloop
  endfacet
  facet normal 0 1 0
    outer loop
      vertex 132.286 193.8 107.118
      vertex 132.409 193.8 105.142
      vertex 131.935 193.8 105.227
    endloop
  endfacet
  facet normal 0 1 0
    outer loop
      vertex 133.319 193.8 106.919
      vertex 132.888 193.8 105.023
      vertex 132.409 193.8 105.142
    endloop
  endfacet
  facet normal 0 1 0
    outer loop
      vertex 133.836 193.8 106.783
      vertex 133.373 193.8 104.869
      vertex 132.888 193.8 105.023
    endloop
  endfacet
  facet normal 0 1 0
    outer loop
      vertex 134.353 193.8 106.623
      vertex 133.866 193.8 104.68
      vertex 133.373 193.8 104.869
    endloop
  endfacet
  facet normal 0 1 0
    outer loop
      vertex 134.87 193.8 106.44
      vertex 134.364 193.8 104.456
      vertex 133.866 193.8 104.68
    endloop
  endfacet
  facet normal -0 1 0
    outer loop
      vertex 134.364 193.8 104.456
      vertex 134.87 193.8 106.44
      vertex 134.87 193.8 104.197
    endloop
  endfacet
  facet normal 0 1 0
    outer loop
      vertex 129.568 193.8 107.152
      vertex 129.579 193.8 105.007
      vertex 128.538 193.8 106.916
    endloop
  endfacet
  facet normal 0 1 -0
    outer loop
      vertex 129.23 193.8 104.783
      vertex 128.538 193.8 106.916
      vertex 129.579 193.8 105.007
    endloop
  endfacet
  facet normal 0 1 0
    outer loop
      vertex 128.538 193.8 106.916
      vertex 129.23 193.8 104.783
      vertex 127.645 193.8 106.523
    endloop
  endfacet
  facet normal 0 1 -0
    outer loop
      vertex 128.946 193.8 104.494
      vertex 127.645 193.8 106.523
      vertex 129.23 193.8 104.783
    endloop
  endfacet
  facet normal 0 1 0
    outer loop
      vertex 127.645 193.8 106.523
      vertex 128.946 193.8 104.494
      vertex 126.891 193.8 105.973
    endloop
  endfacet
  facet normal 0 1 -0
    outer loop
      vertex 128.728 193.8 104.142
      vertex 126.891 193.8 105.973
      vertex 128.946 193.8 104.494
    endloop
  endfacet
  facet normal 0 1 0
    outer loop
      vertex 126.891 193.8 105.973
      vertex 128.728 193.8 104.142
      vertex 126.291 193.8 105.282
    endloop
  endfacet
  facet normal 0 1 -0
    outer loop
      vertex 128.576 193.8 103.725
      vertex 126.291 193.8 105.282
      vertex 128.728 193.8 104.142
    endloop
  endfacet
  facet normal 0 1 0
    outer loop
      vertex 126.291 193.8 105.282
      vertex 128.576 193.8 103.725
      vertex 125.862 193.8 104.463
    endloop
  endfacet
  facet normal 0 1 -0
    outer loop
      vertex 128.49 193.8 103.245
      vertex 125.862 193.8 104.463
      vertex 128.576 193.8 103.725
    endloop
  endfacet
  facet normal 0 1 0
    outer loop
      vertex 125.862 193.8 104.463
      vertex 128.49 193.8 103.245
      vertex 125.605 193.8 103.518
    endloop
  endfacet
  facet normal 0 1 0
    outer loop
      vertex 125.605 193.8 103.518
      vertex 128.49 193.8 103.245
      vertex 125.52 193.8 102.446
    endloop
  endfacet
  facet normal 0 1 0
    outer loop
      vertex 112.105 193.8 106.992
      vertex 109.168 193.8 105.641
      vertex 109.168 193.8 106.992
    endloop
  endfacet
  facet normal 0 1 0
    outer loop
      vertex 105.393 193.8 107.179
      vertex 106.193 193.8 104.982
      vertex 104.785 193.8 107.024
    endloop
  endfacet
  facet normal 0 1 0
    outer loop
      vertex 108.866 193.8 106.028
      vertex 107.618 193.8 105.258
      vertex 107.223 193.8 105.295
    endloop
  endfacet
  facet normal 0 1 0
    outer loop
      vertex 108.866 193.8 106.028
      vertex 107.98 193.8 105.148
      vertex 107.618 193.8 105.258
    endloop
  endfacet
  facet normal 0 1 0
    outer loop
      vertex 108.866 193.8 106.028
      vertex 108.309 193.8 104.964
      vertex 107.98 193.8 105.148
    endloop
  endfacet
  facet normal 0 1 0
    outer loop
      vertex 109.027 193.8 104.043
      vertex 109.168 193.8 105.641
      vertex 112.105 193.8 106.992
    endloop
  endfacet
  facet normal 0 1 0
    outer loop
      vertex 109.168 193.8 105.641
      vertex 108.606 193.8 104.706
      vertex 108.309 193.8 104.964
    endloop
  endfacet
  facet normal 0 1 0
    outer loop
      vertex 109.168 193.8 105.641
      vertex 108.852 193.8 104.393
      vertex 108.606 193.8 104.706
    endloop
  endfacet
  facet normal 0 1 0
    outer loop
      vertex 109.168 193.8 105.641
      vertex 109.027 193.8 104.043
      vertex 108.852 193.8 104.393
    endloop
  endfacet
  facet normal 0 1 0
    outer loop
      vertex 112.105 193.8 106.992
      vertex 109.133 193.8 103.656
      vertex 109.027 193.8 104.043
    endloop
  endfacet
  facet normal 0 1 -0
    outer loop
      vertex 112.105 193.8 101.799
      vertex 109.133 193.8 103.656
      vertex 112.105 193.8 106.992
    endloop
  endfacet
  facet normal 0 1 0
    outer loop
      vertex 109.133 193.8 103.656
      vertex 112.105 193.8 101.799
      vertex 109.168 193.8 103.232
    endloop
  endfacet
  facet normal 0 1 -0
    outer loop
      vertex 109.168 193.8 101.163
      vertex 107.654 193.8 102.899
      vertex 109.168 193.8 102.899
    endloop
  endfacet
  facet normal -0 1 0
    outer loop
      vertex 104.618 193.8 101.584
      vertex 107.654 193.8 102.899
      vertex 105.405 193.8 101.35
    endloop
  endfacet
  facet normal -0 1 0
    outer loop
      vertex 103.988 193.8 101.912
      vertex 107.654 193.8 102.899
      vertex 104.618 193.8 101.584
    endloop
  endfacet
  facet normal 0 1 0
    outer loop
      vertex 109.168 193.8 103.232
      vertex 112.105 193.8 101.799
      vertex 109.168 193.8 102.899
    endloop
  endfacet
  facet normal 0 1 0
    outer loop
      vertex 109.168 193.8 101.163
      vertex 109.168 193.8 102.899
      vertex 112.105 193.8 101.799
    endloop
  endfacet
  facet normal 0 1 0
    outer loop
      vertex 107.654 193.8 102.899
      vertex 107.451 193.8 101.163
      vertex 106.349 193.8 101.21
    endloop
  endfacet
  facet normal 0 1 0
    outer loop
      vertex 107.654 193.8 102.899
      vertex 106.349 193.8 101.21
      vertex 105.405 193.8 101.35
    endloop
  endfacet
  facet normal 0 1 0
    outer loop
      vertex 107.654 193.8 102.899
      vertex 103.988 193.8 101.912
      vertex 103.161 193.8 102.873
    endloop
  endfacet
  facet normal 0 1 0
    outer loop
      vertex 107.654 193.8 102.899
      vertex 109.168 193.8 101.163
      vertex 107.451 193.8 101.163
    endloop
  endfacet
  facet normal 0 1 -0
    outer loop
      vertex 112.037 193.8 100.78
      vertex 109.168 193.8 101.163
      vertex 112.105 193.8 101.799
    endloop
  endfacet
  facet normal 0 1 0
    outer loop
      vertex 109.168 193.8 101.163
      vertex 112.037 193.8 100.78
      vertex 109.168 193.8 100.933
    endloop
  endfacet
  facet normal 0 1 -0
    outer loop
      vertex 111.832 193.8 99.9124
      vertex 109.168 193.8 100.933
      vertex 112.037 193.8 100.78
    endloop
  endfacet
  facet normal 0 1 0
    outer loop
      vertex 109.168 193.8 100.933
      vertex 111.832 193.8 99.9124
      vertex 109.134 193.8 100.61
    endloop
  endfacet
  facet normal 0 1 -0
    outer loop
      vertex 111.49 193.8 99.1974
      vertex 109.134 193.8 100.61
      vertex 111.832 193.8 99.9124
    endloop
  endfacet
  facet normal 0 1 0
    outer loop
      vertex 109.134 193.8 100.61
      vertex 111.49 193.8 99.1974
      vertex 109.032 193.8 100.333
    endloop
  endfacet
  facet normal 0 1 -0
    outer loop
      vertex 111.011 193.8 98.6346
      vertex 109.032 193.8 100.333
      vertex 111.49 193.8 99.1974
    endloop
  endfacet
  facet normal 0 1 -0
    outer loop
      vertex 110.378 193.8 98.2088
      vertex 109.032 193.8 100.333
      vertex 111.011 193.8 98.6346
    endloop
  endfacet
  facet normal 0 1 0
    outer loop
      vertex 109.032 193.8 100.333
      vertex 110.378 193.8 98.2088
      vertex 108.861 193.8 100.103
    endloop
  endfacet
  facet normal 0 1 -0
    outer loop
      vertex 109.574 193.8 97.9046
      vertex 108.861 193.8 100.103
      vertex 110.378 193.8 98.2088
    endloop
  endfacet
  facet normal 0 1 0
    outer loop
      vertex 108.623 193.8 99.9186
      vertex 109.574 193.8 97.9046
      vertex 108.312 193.8 99.7778
    endloop
  endfacet
  facet normal 0 1 0
    outer loop
      vertex 108.861 193.8 100.103
      vertex 109.574 193.8 97.9046
      vertex 108.623 193.8 99.9186
    endloop
  endfacet
  facet normal 0 1 0
    outer loop
      vertex 107.038 193.8 107.136
      vertex 106.911 193.8 105.276
      vertex 106.572 193.8 107.207
    endloop
  endfacet
  facet normal 0 1 0
    outer loop
      vertex 107.463 193.8 107.017
      vertex 107.223 193.8 105.295
      vertex 107.038 193.8 107.136
    endloop
  endfacet
  facet normal 0 1 -0
    outer loop
      vertex 106.636 193.8 105.217
      vertex 106.572 193.8 107.207
      vertex 106.911 193.8 105.276
    endloop
  endfacet
  facet normal 0 1 0
    outer loop
      vertex 107.85 193.8 106.851
      vertex 107.223 193.8 105.295
      vertex 107.463 193.8 107.017
    endloop
  endfacet
  facet normal 0 1 0
    outer loop
      vertex 108.207 193.8 106.634
      vertex 107.223 193.8 105.295
      vertex 107.85 193.8 106.851
    endloop
  endfacet
  facet normal 0 1 0
    outer loop
      vertex 106.572 193.8 107.207
      vertex 106.636 193.8 105.217
      vertex 106.068 193.8 107.231
    endloop
  endfacet
  facet normal 0 1 0
    outer loop
      vertex 107.223 193.8 105.295
      vertex 108.207 193.8 106.634
      vertex 108.545 193.8 106.359
    endloop
  endfacet
  facet normal 0 1 -0
    outer loop
      vertex 106.397 193.8 105.119
      vertex 106.068 193.8 107.231
      vertex 106.636 193.8 105.217
    endloop
  endfacet
  facet normal 0 1 0
    outer loop
      vertex 107.223 193.8 105.295
      vertex 108.545 193.8 106.359
      vertex 108.866 193.8 106.028
    endloop
  endfacet
  facet normal 0 1 0
    outer loop
      vertex 106.911 193.8 105.276
      vertex 107.038 193.8 107.136
      vertex 107.223 193.8 105.295
    endloop
  endfacet
  facet normal 0 1 0
    outer loop
      vertex 106.068 193.8 107.231
      vertex 106.397 193.8 105.119
      vertex 105.393 193.8 107.179
    endloop
  endfacet
  facet normal 0 1 0
    outer loop
      vertex 108.309 193.8 104.964
      vertex 108.866 193.8 106.028
      vertex 109.168 193.8 105.641
    endloop
  endfacet
  facet normal 0 1 -0
    outer loop
      vertex 106.193 193.8 104.982
      vertex 105.393 193.8 107.179
      vertex 106.397 193.8 105.119
    endloop
  endfacet
  facet normal 0 1 -0
    outer loop
      vertex 106.032 193.8 104.811
      vertex 104.785 193.8 107.024
      vertex 106.193 193.8 104.982
    endloop
  endfacet
  facet normal 0 1 0
    outer loop
      vertex 104.785 193.8 107.024
      vertex 106.032 193.8 104.811
      vertex 104.243 193.8 106.766
    endloop
  endfacet
  facet normal 0 1 0
    outer loop
      vertex 104.243 193.8 106.766
      vertex 106.032 193.8 104.811
      vertex 103.769 193.8 106.405
    endloop
  endfacet
  facet normal 0 1 -0
    outer loop
      vertex 105.916 193.8 104.61
      vertex 103.769 193.8 106.405
      vertex 106.032 193.8 104.811
    endloop
  endfacet
  facet normal 0 1 0
    outer loop
      vertex 103.769 193.8 106.405
      vertex 105.916 193.8 104.61
      vertex 103.382 193.8 105.962
    endloop
  endfacet
  facet normal 0 1 0
    outer loop
      vertex 103.382 193.8 105.962
      vertex 105.916 193.8 104.61
      vertex 103.106 193.8 105.457
    endloop
  endfacet
  facet normal 0 1 -0
    outer loop
      vertex 105.846 193.8 104.379
      vertex 103.106 193.8 105.457
      vertex 105.916 193.8 104.61
    endloop
  endfacet
  facet normal 0 1 0
    outer loop
      vertex 103.106 193.8 105.457
      vertex 105.846 193.8 104.379
      vertex 102.941 193.8 104.89
    endloop
  endfacet
  facet normal 0 1 0
    outer loop
      vertex 105.846 193.8 104.379
      vertex 102.886 193.8 104.262
      vertex 102.941 193.8 104.89
    endloop
  endfacet
  facet normal 0 1 -0
    outer loop
      vertex 105.823 193.8 104.117
      vertex 102.886 193.8 104.262
      vertex 105.846 193.8 104.379
    endloop
  endfacet
  facet normal 0 1 0
    outer loop
      vertex 102.955 193.8 103.514
      vertex 105.823 193.8 104.117
      vertex 105.852 193.8 103.835
    endloop
  endfacet
  facet normal 0 1 0
    outer loop
      vertex 103.161 193.8 102.873
      vertex 105.852 193.8 103.835
      vertex 105.938 193.8 103.589
    endloop
  endfacet
  facet normal 0 1 0
    outer loop
      vertex 105.823 193.8 104.117
      vertex 102.955 193.8 103.514
      vertex 102.886 193.8 104.262
    endloop
  endfacet
  facet normal 0 1 0
    outer loop
      vertex 103.161 193.8 102.873
      vertex 105.938 193.8 103.589
      vertex 106.082 193.8 103.38
    endloop
  endfacet
  facet normal 0 1 0
    outer loop
      vertex 103.161 193.8 102.873
      vertex 106.082 193.8 103.38
      vertex 106.283 193.8 103.208
    endloop
  endfacet
  facet normal 0 1 0
    outer loop
      vertex 103.161 193.8 102.873
      vertex 106.283 193.8 103.208
      vertex 106.541 193.8 103.073
    endloop
  endfacet
  facet normal 0 1 0
    outer loop
      vertex 103.161 193.8 102.873
      vertex 106.541 193.8 103.073
      vertex 106.856 193.8 102.976
    endloop
  endfacet
  facet normal 0 1 0
    outer loop
      vertex 103.161 193.8 102.873
      vertex 106.856 193.8 102.976
      vertex 107.227 193.8 102.918
    endloop
  endfacet
  facet normal 0 1 0
    outer loop
      vertex 105.852 193.8 103.835
      vertex 103.161 193.8 102.873
      vertex 102.955 193.8 103.514
    endloop
  endfacet
  facet normal 0 1 0
    outer loop
      vertex 103.161 193.8 102.873
      vertex 107.227 193.8 102.918
      vertex 107.654 193.8 102.899
    endloop
  endfacet
  facet normal 0 1 0
    outer loop
      vertex 103.161 193.8 102.873
      vertex 103.988 193.8 101.912
      vertex 103.506 193.8 102.339
    endloop
  endfacet
  facet normal 0 1 -0
    outer loop
      vertex 108.598 193.8 97.7221
      vertex 108.312 193.8 99.7778
      vertex 109.574 193.8 97.9046
    endloop
  endfacet
  facet normal 0 1 0
    outer loop
      vertex 107.451 193.8 97.6613
      vertex 107.925 193.8 99.6772
      vertex 108.598 193.8 97.7221
    endloop
  endfacet
  facet normal 0 1 0
    outer loop
      vertex 108.312 193.8 99.7778
      vertex 108.598 193.8 97.7221
      vertex 107.925 193.8 99.6772
    endloop
  endfacet
  facet normal 0 1 0
    outer loop
      vertex 107.925 193.8 99.6772
      vertex 107.451 193.8 97.6613
      vertex 107.462 193.8 99.6168
    endloop
  endfacet
  facet normal 0 1 0
    outer loop
      vertex 107.462 193.8 99.6168
      vertex 107.451 193.8 97.6613
      vertex 106.922 193.8 99.5967
    endloop
  endfacet
  facet normal -0 1 -0
    outer loop
      vertex 106.979 193.8 97.6686
      vertex 106.922 193.8 99.5967
      vertex 107.451 193.8 97.6613
    endloop
  endfacet
  facet normal -0 1 0
    outer loop
      vertex 106.507 193.8 97.6906
      vertex 106.922 193.8 99.5967
      vertex 106.979 193.8 97.6686
    endloop
  endfacet
  facet normal 0 1 0
    outer loop
      vertex 104.036 193.8 100.167
      vertex 103.683 193.8 98.1221
      vertex 103.683 193.8 100.342
    endloop
  endfacet
  facet normal 0 1 0
    outer loop
      vertex 104.403 193.8 100.016
      vertex 103.683 193.8 98.1221
      vertex 104.036 193.8 100.167
    endloop
  endfacet
  facet normal 0 1 0
    outer loop
      vertex 104.151 193.8 98.0158
      vertex 104.403 193.8 100.016
      vertex 104.785 193.8 99.8877
    endloop
  endfacet
  facet normal 0 1 0
    outer loop
      vertex 106.922 193.8 99.5967
      vertex 106.507 193.8 97.6906
      vertex 106.462 193.8 99.6083
    endloop
  endfacet
  facet normal 0 1 0
    outer loop
      vertex 104.403 193.8 100.016
      vertex 104.151 193.8 98.0158
      vertex 103.683 193.8 98.1221
    endloop
  endfacet
  facet normal 0 1 0
    outer loop
      vertex 104.785 193.8 99.8877
      vertex 104.621 193.8 97.9231
      vertex 104.151 193.8 98.0158
    endloop
  endfacet
  facet normal -0 1 0
    outer loop
      vertex 106.035 193.8 97.7272
      vertex 106.462 193.8 99.6083
      vertex 106.507 193.8 97.6906
    endloop
  endfacet
  facet normal 0 1 0
    outer loop
      vertex 105.18 193.8 99.7829
      vertex 104.621 193.8 97.9231
      vertex 104.785 193.8 99.8877
    endloop
  endfacet
  facet normal -0 1 0
    outer loop
      vertex 104.621 193.8 97.9231
      vertex 105.18 193.8 99.7829
      vertex 105.091 193.8 97.844
    endloop
  endfacet
  facet normal 0 1 0
    outer loop
      vertex 105.591 193.8 99.7014
      vertex 105.091 193.8 97.844
      vertex 105.18 193.8 99.7829
    endloop
  endfacet
  facet normal 0 1 0
    outer loop
      vertex 106.462 193.8 99.6083
      vertex 106.035 193.8 97.7272
      vertex 106.019 193.8 99.6432
    endloop
  endfacet
  facet normal -0 1 0
    outer loop
      vertex 105.091 193.8 97.844
      vertex 105.591 193.8 99.7014
      vertex 105.563 193.8 97.7785
    endloop
  endfacet
  facet normal 0 1 0
    outer loop
      vertex 106.019 193.8 99.6432
      vertex 105.563 193.8 97.7785
      vertex 105.591 193.8 99.7014
    endloop
  endfacet
  facet normal -0 1 0
    outer loop
      vertex 105.563 193.8 97.7785
      vertex 106.019 193.8 99.6432
      vertex 106.035 193.8 97.7272
    endloop
  endfacet
  facet normal 0 1 -0
    outer loop
      vertex 152.442 193.8 101.387
      vertex 149.528 193.8 101.448
      vertex 152.523 193.8 102.415
    endloop
  endfacet
  facet normal 0 1 -0
    outer loop
      vertex 152.2 193.8 100.468
      vertex 149.528 193.8 101.448
      vertex 152.442 193.8 101.387
    endloop
  endfacet
  facet normal 0 1 0
    outer loop
      vertex 149.528 193.8 101.448
      vertex 152.2 193.8 100.468
      vertex 149.498 193.8 101.052
    endloop
  endfacet
  facet normal 0 1 -0
    outer loop
      vertex 151.797 193.8 99.6572
      vertex 149.498 193.8 101.052
      vertex 152.2 193.8 100.468
    endloop
  endfacet
  facet normal 0 1 0
    outer loop
      vertex 149.498 193.8 101.052
      vertex 151.797 193.8 99.6572
      vertex 149.407 193.8 100.696
    endloop
  endfacet
  facet normal 0 1 -0
    outer loop
      vertex 151.233 193.8 98.9556
      vertex 149.407 193.8 100.696
      vertex 151.797 193.8 99.6572
    endloop
  endfacet
  facet normal 0 1 0
    outer loop
      vertex 149.407 193.8 100.696
      vertex 151.233 193.8 98.9556
      vertex 149.256 193.8 100.381
    endloop
  endfacet
  facet normal 0 1 -0
    outer loop
      vertex 150.534 193.8 98.3894
      vertex 149.256 193.8 100.381
      vertex 151.233 193.8 98.9556
    endloop
  endfacet
  facet normal 0 1 0
    outer loop
      vertex 149.256 193.8 100.381
      vertex 150.534 193.8 98.3894
      vertex 149.044 193.8 100.106
    endloop
  endfacet
  facet normal 0 1 0
    outer loop
      vertex 149.044 193.8 100.106
      vertex 150.534 193.8 98.3894
      vertex 148.783 193.8 99.8833
    endloop
  endfacet
  facet normal 0 1 -0
    outer loop
      vertex 149.729 193.8 97.9849
      vertex 148.783 193.8 99.8833
      vertex 150.534 193.8 98.3894
    endloop
  endfacet
  facet normal 0 1 0
    outer loop
      vertex 148.783 193.8 99.8833
      vertex 149.729 193.8 97.9849
      vertex 148.485 193.8 99.7241
    endloop
  endfacet
  facet normal 0 1 -0
    outer loop
      vertex 149.528 193.8 101.448
      vertex 145.712 193.8 103.245
      vertex 152.523 193.8 103.245
    endloop
  endfacet
  facet normal 0 1 0
    outer loop
      vertex 149.528 193.8 101.448
      vertex 152.523 193.8 103.245
      vertex 152.523 193.8 102.415
    endloop
  endfacet
  facet normal 0 1 0
    outer loop
      vertex 145.712 193.8 103.245
      vertex 149.528 193.8 101.448
      vertex 145.744 193.8 101.448
    endloop
  endfacet
  facet normal 0 1 0
    outer loop
      vertex 145.712 193.8 103.245
      vertex 145.744 193.8 101.448
      vertex 142.742 193.8 102.446
    endloop
  endfacet
  facet normal 0 1 0
    outer loop
      vertex 145.744 193.8 101.448
      vertex 142.826 193.8 101.391
      vertex 142.742 193.8 102.446
    endloop
  endfacet
  facet normal 0 1 0
    outer loop
      vertex 143.078 193.8 100.454
      vertex 145.744 193.8 101.448
      vertex 145.834 193.8 101.025
    endloop
  endfacet
  facet normal 0 1 0
    outer loop
      vertex 143.499 193.8 99.6371
      vertex 145.834 193.8 101.025
      vertex 145.974 193.8 100.656
    endloop
  endfacet
  facet normal 0 1 0
    outer loop
      vertex 145.744 193.8 101.448
      vertex 143.078 193.8 100.454
      vertex 142.826 193.8 101.391
    endloop
  endfacet
  facet normal 0 1 0
    outer loop
      vertex 144.088 193.8 98.9388
      vertex 145.974 193.8 100.656
      vertex 146.164 193.8 100.338
    endloop
  endfacet
  facet normal 0 1 0
    outer loop
      vertex 144.825 193.8 98.3799
      vertex 146.164 193.8 100.338
      vertex 146.403 193.8 100.074
    endloop
  endfacet
  facet normal 0 1 0
    outer loop
      vertex 145.688 193.8 97.9807
      vertex 146.403 193.8 100.074
      vertex 146.688 193.8 99.865
    endloop
  endfacet
  facet normal 0 1 0
    outer loop
      vertex 145.688 193.8 97.9807
      vertex 146.688 193.8 99.865
      vertex 147.012 193.8 99.7159
    endloop
  endfacet
  facet normal 0 1 0
    outer loop
      vertex 145.834 193.8 101.025
      vertex 143.499 193.8 99.6371
      vertex 143.078 193.8 100.454
    endloop
  endfacet
  facet normal 0 1 0
    outer loop
      vertex 146.678 193.8 97.7411
      vertex 147.012 193.8 99.7159
      vertex 147.375 193.8 99.6265
    endloop
  endfacet
  facet normal 0 1 0
    outer loop
      vertex 147.795 193.8 97.6613
      vertex 147.375 193.8 99.6265
      vertex 147.779 193.8 99.5967
    endloop
  endfacet
  facet normal 0 1 -0
    outer loop
      vertex 148.815 193.8 97.7422
      vertex 148.485 193.8 99.7241
      vertex 149.729 193.8 97.9849
    endloop
  endfacet
  facet normal 0 1 0
    outer loop
      vertex 147.375 193.8 99.6265
      vertex 147.795 193.8 97.6613
      vertex 146.678 193.8 97.7411
    endloop
  endfacet
  facet normal 0 1 0
    outer loop
      vertex 148.485 193.8 99.7241
      vertex 148.815 193.8 97.7422
      vertex 148.151 193.8 99.6285
    endloop
  endfacet
  facet normal 0 1 0
    outer loop
      vertex 147.012 193.8 99.7159
      vertex 146.678 193.8 97.7411
      vertex 145.688 193.8 97.9807
    endloop
  endfacet
  facet normal 0 1 0
    outer loop
      vertex 147.795 193.8 97.6613
      vertex 148.151 193.8 99.6285
      vertex 148.815 193.8 97.7422
    endloop
  endfacet
  facet normal 0 1 0
    outer loop
      vertex 146.403 193.8 100.074
      vertex 145.688 193.8 97.9807
      vertex 144.825 193.8 98.3799
    endloop
  endfacet
  facet normal 0 1 0
    outer loop
      vertex 148.151 193.8 99.6285
      vertex 147.795 193.8 97.6613
      vertex 147.779 193.8 99.5967
    endloop
  endfacet
  facet normal 0 1 0
    outer loop
      vertex 145.974 193.8 100.656
      vertex 144.088 193.8 98.9388
      vertex 143.499 193.8 99.6371
    endloop
  endfacet
  facet normal 0 1 0
    outer loop
      vertex 146.164 193.8 100.338
      vertex 144.825 193.8 98.3799
      vertex 144.088 193.8 98.9388
    endloop
  endfacet
  facet normal 0 1 -0
    outer loop
      vertex 148.689 193.8 105.278
      vertex 148.474 193.8 107.218
      vertex 148.991 193.8 107.181
    endloop
  endfacet
  facet normal 0 1 0
    outer loop
      vertex 148.474 193.8 107.218
      vertex 148.226 193.8 105.295
      vertex 147.958 193.8 107.231
    endloop
  endfacet
  facet normal 0 1 -0
    outer loop
      vertex 149.157 193.8 105.227
      vertex 148.991 193.8 107.181
      vertex 149.508 193.8 107.118
    endloop
  endfacet
  facet normal 0 1 -0
    outer loop
      vertex 149.631 193.8 105.142
      vertex 149.508 193.8 107.118
      vertex 150.025 193.8 107.031
    endloop
  endfacet
  facet normal 0 1 0
    outer loop
      vertex 149.631 193.8 105.142
      vertex 150.025 193.8 107.031
      vertex 150.541 193.8 106.919
    endloop
  endfacet
  facet normal 0 1 0
    outer loop
      vertex 148.474 193.8 107.218
      vertex 148.689 193.8 105.278
      vertex 148.226 193.8 105.295
    endloop
  endfacet
  facet normal 0 1 0
    outer loop
      vertex 150.11 193.8 105.023
      vertex 150.541 193.8 106.919
      vertex 151.058 193.8 106.783
    endloop
  endfacet
  facet normal 0 1 0
    outer loop
      vertex 150.595 193.8 104.869
      vertex 151.058 193.8 106.783
      vertex 151.575 193.8 106.623
    endloop
  endfacet
  facet normal 0 1 0
    outer loop
      vertex 147.688 193.8 105.263
      vertex 147.958 193.8 107.231
      vertex 148.226 193.8 105.295
    endloop
  endfacet
  facet normal 0 1 0
    outer loop
      vertex 151.087 193.8 104.68
      vertex 151.575 193.8 106.623
      vertex 152.091 193.8 106.44
    endloop
  endfacet
  facet normal 0 1 -0
    outer loop
      vertex 147.213 193.8 105.167
      vertex 146.79 193.8 107.152
      vertex 147.688 193.8 105.263
    endloop
  endfacet
  facet normal 0 1 -0
    outer loop
      vertex 146.801 193.8 105.007
      vertex 146.79 193.8 107.152
      vertex 147.213 193.8 105.167
    endloop
  endfacet
  facet normal 0 1 0
    outer loop
      vertex 147.958 193.8 107.231
      vertex 147.688 193.8 105.263
      vertex 146.79 193.8 107.152
    endloop
  endfacet
  facet normal 0 1 0
    outer loop
      vertex 148.991 193.8 107.181
      vertex 149.157 193.8 105.227
      vertex 148.689 193.8 105.278
    endloop
  endfacet
  facet normal 0 1 0
    outer loop
      vertex 149.508 193.8 107.118
      vertex 149.631 193.8 105.142
      vertex 149.157 193.8 105.227
    endloop
  endfacet
  facet normal 0 1 0
    outer loop
      vertex 150.541 193.8 106.919
      vertex 150.11 193.8 105.023
      vertex 149.631 193.8 105.142
    endloop
  endfacet
  facet normal 0 1 0
    outer loop
      vertex 151.058 193.8 106.783
      vertex 150.595 193.8 104.869
      vertex 150.11 193.8 105.023
    endloop
  endfacet
  facet normal 0 1 0
    outer loop
      vertex 151.575 193.8 106.623
      vertex 151.087 193.8 104.68
      vertex 150.595 193.8 104.869
    endloop
  endfacet
  facet normal 0 1 0
    outer loop
      vertex 152.091 193.8 106.44
      vertex 151.586 193.8 104.456
      vertex 151.087 193.8 104.68
    endloop
  endfacet
  facet normal -0 1 0
    outer loop
      vertex 151.586 193.8 104.456
      vertex 152.091 193.8 106.44
      vertex 152.091 193.8 104.197
    endloop
  endfacet
  facet normal 0 1 0
    outer loop
      vertex 146.79 193.8 107.152
      vertex 146.801 193.8 105.007
      vertex 145.759 193.8 106.916
    endloop
  endfacet
  facet normal 0 1 -0
    outer loop
      vertex 146.452 193.8 104.783
      vertex 145.759 193.8 106.916
      vertex 146.801 193.8 105.007
    endloop
  endfacet
  facet normal 0 1 0
    outer loop
      vertex 145.759 193.8 106.916
      vertex 146.452 193.8 104.783
      vertex 144.867 193.8 106.523
    endloop
  endfacet
  facet normal 0 1 -0
    outer loop
      vertex 146.168 193.8 104.494
      vertex 144.867 193.8 106.523
      vertex 146.452 193.8 104.783
    endloop
  endfacet
  facet normal 0 1 0
    outer loop
      vertex 144.867 193.8 106.523
      vertex 146.168 193.8 104.494
      vertex 144.113 193.8 105.973
    endloop
  endfacet
  facet normal 0 1 -0
    outer loop
      vertex 145.95 193.8 104.142
      vertex 144.113 193.8 105.973
      vertex 146.168 193.8 104.494
    endloop
  endfacet
  facet normal 0 1 0
    outer loop
      vertex 144.113 193.8 105.973
      vertex 145.95 193.8 104.142
      vertex 143.513 193.8 105.282
    endloop
  endfacet
  facet normal 0 1 -0
    outer loop
      vertex 145.798 193.8 103.725
      vertex 143.513 193.8 105.282
      vertex 145.95 193.8 104.142
    endloop
  endfacet
  facet normal 0 1 0
    outer loop
      vertex 143.513 193.8 105.282
      vertex 145.798 193.8 103.725
      vertex 143.084 193.8 104.463
    endloop
  endfacet
  facet normal 0 1 -0
    outer loop
      vertex 145.712 193.8 103.245
      vertex 143.084 193.8 104.463
      vertex 145.798 193.8 103.725
    endloop
  endfacet
  facet normal 0 1 0
    outer loop
      vertex 143.084 193.8 104.463
      vertex 145.712 193.8 103.245
      vertex 142.827 193.8 103.518
    endloop
  endfacet
  facet normal 0 1 0
    outer loop
      vertex 142.827 193.8 103.518
      vertex 145.712 193.8 103.245
      vertex 142.742 193.8 102.446
    endloop
  endfacet
  facet normal 0 1 0
    outer loop
      vertex 100.546 193.8 97.7642
      vertex 100.791 193.8 100.011
      vertex 100.982 193.8 100.017
    endloop
  endfacet
  facet normal 0 1 -0
    outer loop
      vertex 101 193.8 97.687
      vertex 100.982 193.8 100.017
      vertex 101.173 193.8 100.033
    endloop
  endfacet
  facet normal 0 1 0
    outer loop
      vertex 101.491 193.8 97.6613
      vertex 101.173 193.8 100.033
      vertex 101.363 193.8 100.06
    endloop
  endfacet
  facet normal 0 1 0
    outer loop
      vertex 101.724 193.8 97.6681
      vertex 101.363 193.8 100.06
      vertex 101.552 193.8 100.098
    endloop
  endfacet
  facet normal 0 1 0
    outer loop
      vertex 100.791 193.8 100.011
      vertex 98.7469 193.8 98.9635
      vertex 98.4557 193.8 99.3816
    endloop
  endfacet
  facet normal 0 1 0
    outer loop
      vertex 102.018 193.8 97.6922
      vertex 101.552 193.8 100.098
      vertex 101.741 193.8 100.147
    endloop
  endfacet
  facet normal 0 1 0
    outer loop
      vertex 102.305 193.8 97.725
      vertex 101.741 193.8 100.147
      vertex 101.931 193.8 100.208
    endloop
  endfacet
  facet normal 0 1 0
    outer loop
      vertex 102.305 193.8 97.725
      vertex 101.931 193.8 100.208
      vertex 102.122 193.8 100.28
    endloop
  endfacet
  facet normal 0 1 0
    outer loop
      vertex 100.791 193.8 100.011
      vertex 99.0589 193.8 98.606
      vertex 98.7469 193.8 98.9635
    endloop
  endfacet
  facet normal 0 1 -0
    outer loop
      vertex 102.305 193.8 97.725
      vertex 102.122 193.8 100.28
      vertex 102.313 193.8 100.365
    endloop
  endfacet
  facet normal 0 1 0
    outer loop
      vertex 100.791 193.8 100.011
      vertex 99.3918 193.8 98.3092
      vertex 99.0589 193.8 98.606
    endloop
  endfacet
  facet normal 0 1 0
    outer loop
      vertex 100.791 193.8 100.011
      vertex 99.7455 193.8 98.073
      vertex 99.3918 193.8 98.3092
    endloop
  endfacet
  facet normal 0 1 0
    outer loop
      vertex 100.791 193.8 100.011
      vertex 100.128 193.8 97.8929
      vertex 99.7455 193.8 98.073
    endloop
  endfacet
  facet normal 0 1 0
    outer loop
      vertex 100.791 193.8 100.011
      vertex 100.546 193.8 97.7642
      vertex 100.128 193.8 97.8929
    endloop
  endfacet
  facet normal 0 1 0
    outer loop
      vertex 101.741 193.8 100.147
      vertex 102.305 193.8 97.725
      vertex 102.152 193.8 97.7068
    endloop
  endfacet
  facet normal 0 1 0
    outer loop
      vertex 101.741 193.8 100.147
      vertex 102.152 193.8 97.7068
      vertex 102.018 193.8 97.6922
    endloop
  endfacet
  facet normal 0 1 0
    outer loop
      vertex 101.552 193.8 100.098
      vertex 102.018 193.8 97.6922
      vertex 101.903 193.8 97.681
    endloop
  endfacet
  facet normal 0 1 0
    outer loop
      vertex 101.552 193.8 100.098
      vertex 101.903 193.8 97.681
      vertex 101.808 193.8 97.6733
    endloop
  endfacet
  facet normal 0 1 0
    outer loop
      vertex 100.982 193.8 100.017
      vertex 101 193.8 97.687
      vertex 100.546 193.8 97.7642
    endloop
  endfacet
  facet normal 0 1 0
    outer loop
      vertex 101.552 193.8 100.098
      vertex 101.808 193.8 97.6733
      vertex 101.724 193.8 97.6681
    endloop
  endfacet
  facet normal 0 1 0
    outer loop
      vertex 101.363 193.8 100.06
      vertex 101.724 193.8 97.6681
      vertex 101.644 193.8 97.6643
    endloop
  endfacet
  facet normal 0 1 0
    outer loop
      vertex 101.363 193.8 100.06
      vertex 101.644 193.8 97.6643
      vertex 101.566 193.8 97.6621
    endloop
  endfacet
  facet normal 0 1 0
    outer loop
      vertex 101.363 193.8 100.06
      vertex 101.566 193.8 97.6621
      vertex 101.491 193.8 97.6613
    endloop
  endfacet
  facet normal 0 1 0
    outer loop
      vertex 101.173 193.8 100.033
      vertex 101.491 193.8 97.6613
      vertex 101 193.8 97.687
    endloop
  endfacet
  facet normal 0 1 -0
    outer loop
      vertex 98.4557 193.8 102.796
      vertex 95.5425 193.8 106.992
      vertex 98.4557 193.8 106.992
    endloop
  endfacet
  facet normal 0 1 0
    outer loop
      vertex 95.5425 193.8 97.8763
      vertex 98.4557 193.8 102.796
      vertex 98.4936 193.8 102.163
    endloop
  endfacet
  facet normal 0 1 0
    outer loop
      vertex 95.5425 193.8 97.8763
      vertex 98.4936 193.8 102.163
      vertex 98.6073 193.8 101.608
    endloop
  endfacet
  facet normal 0 1 0
    outer loop
      vertex 98.4557 193.8 99.3816
      vertex 98.6073 193.8 101.608
      vertex 98.7967 193.8 101.131
    endloop
  endfacet
  facet normal 0 1 0
    outer loop
      vertex 98.4557 193.8 99.3816
      vertex 100.262 193.8 100.056
      vertex 100.791 193.8 100.011
    endloop
  endfacet
  facet normal 0 1 0
    outer loop
      vertex 98.4557 193.8 99.3816
      vertex 99.7974 193.8 100.192
      vertex 100.262 193.8 100.056
    endloop
  endfacet
  facet normal 0 1 0
    outer loop
      vertex 98.4557 193.8 99.3816
      vertex 99.3974 193.8 100.417
      vertex 99.7974 193.8 100.192
    endloop
  endfacet
  facet normal 0 1 0
    outer loop
      vertex 98.4557 193.8 99.3816
      vertex 99.062 193.8 100.732
      vertex 99.3974 193.8 100.417
    endloop
  endfacet
  facet normal 0 1 0
    outer loop
      vertex 98.4557 193.8 99.3816
      vertex 98.7967 193.8 101.131
      vertex 99.062 193.8 100.732
    endloop
  endfacet
  facet normal 0 1 0
    outer loop
      vertex 98.6073 193.8 101.608
      vertex 98.4557 193.8 99.3816
      vertex 95.5425 193.8 97.8763
    endloop
  endfacet
  facet normal 0 1 0
    outer loop
      vertex 95.5425 193.8 97.8763
      vertex 98.4557 193.8 99.3816
      vertex 98.4557 193.8 97.8763
    endloop
  endfacet
  facet normal 0 1 0
    outer loop
      vertex 98.4557 193.8 102.796
      vertex 95.5425 193.8 97.8763
      vertex 95.5425 193.8 106.992
    endloop
  endfacet
  facet normal 0 1 -0
    outer loop
      vertex 78.9851 193.8 101.387
      vertex 76.0712 193.8 101.448
      vertex 79.0658 193.8 102.415
    endloop
  endfacet
  facet normal 0 1 -0
    outer loop
      vertex 78.7433 193.8 100.468
      vertex 76.0712 193.8 101.448
      vertex 78.9851 193.8 101.387
    endloop
  endfacet
  facet normal 0 1 0
    outer loop
      vertex 76.0712 193.8 101.448
      vertex 78.7433 193.8 100.468
      vertex 76.0409 193.8 101.052
    endloop
  endfacet
  facet normal 0 1 -0
    outer loop
      vertex 78.3403 193.8 99.6572
      vertex 76.0409 193.8 101.052
      vertex 78.7433 193.8 100.468
    endloop
  endfacet
  facet normal 0 1 0
    outer loop
      vertex 76.0409 193.8 101.052
      vertex 78.3403 193.8 99.6572
      vertex 75.9501 193.8 100.696
    endloop
  endfacet
  facet normal 0 1 -0
    outer loop
      vertex 77.776 193.8 98.9556
      vertex 75.9501 193.8 100.696
      vertex 78.3403 193.8 99.6572
    endloop
  endfacet
  facet normal 0 1 0
    outer loop
      vertex 75.9501 193.8 100.696
      vertex 77.776 193.8 98.9556
      vertex 75.7988 193.8 100.381
    endloop
  endfacet
  facet normal 0 1 -0
    outer loop
      vertex 77.0774 193.8 98.3894
      vertex 75.7988 193.8 100.381
      vertex 77.776 193.8 98.9556
    endloop
  endfacet
  facet normal 0 1 0
    outer loop
      vertex 75.7988 193.8 100.381
      vertex 77.0774 193.8 98.3894
      vertex 75.5869 193.8 100.106
    endloop
  endfacet
  facet normal 0 1 0
    outer loop
      vertex 75.5869 193.8 100.106
      vertex 77.0774 193.8 98.3894
      vertex 75.3263 193.8 99.8833
    endloop
  endfacet
  facet normal 0 1 -0
    outer loop
      vertex 76.2716 193.8 97.9849
      vertex 75.3263 193.8 99.8833
      vertex 77.0774 193.8 98.3894
    endloop
  endfacet
  facet normal 0 1 0
    outer loop
      vertex 75.3263 193.8 99.8833
      vertex 76.2716 193.8 97.9849
      vertex 75.0285 193.8 99.7241
    endloop
  endfacet
  facet normal 0 1 -0
    outer loop
      vertex 76.0712 193.8 101.448
      vertex 72.2547 193.8 103.245
      vertex 79.0658 193.8 103.245
    endloop
  endfacet
  facet normal 0 1 0
    outer loop
      vertex 76.0712 193.8 101.448
      vertex 79.0658 193.8 103.245
      vertex 79.0658 193.8 102.415
    endloop
  endfacet
  facet normal 0 1 0
    outer loop
      vertex 72.2547 193.8 103.245
      vertex 76.0712 193.8 101.448
      vertex 72.2872 193.8 101.448
    endloop
  endfacet
  facet normal 0 1 0
    outer loop
      vertex 72.2547 193.8 103.245
      vertex 72.2872 193.8 101.448
      vertex 69.2845 193.8 102.446
    endloop
  endfacet
  facet normal 0 1 0
    outer loop
      vertex 72.2872 193.8 101.448
      vertex 69.3687 193.8 101.391
      vertex 69.2845 193.8 102.446
    endloop
  endfacet
  facet normal 0 1 0
    outer loop
      vertex 69.6212 193.8 100.454
      vertex 72.2872 193.8 101.448
      vertex 72.3772 193.8 101.025
    endloop
  endfacet
  facet normal 0 1 0
    outer loop
      vertex 70.0421 193.8 99.6371
      vertex 72.3772 193.8 101.025
      vertex 72.5171 193.8 100.656
    endloop
  endfacet
  facet normal 0 1 0
    outer loop
      vertex 72.2872 193.8 101.448
      vertex 69.6212 193.8 100.454
      vertex 69.3687 193.8 101.391
    endloop
  endfacet
  facet normal 0 1 0
    outer loop
      vertex 70.6313 193.8 98.9388
      vertex 72.5171 193.8 100.656
      vertex 72.7068 193.8 100.338
    endloop
  endfacet
  facet normal 0 1 0
    outer loop
      vertex 71.368 193.8 98.3799
      vertex 72.7068 193.8 100.338
      vertex 72.9464 193.8 100.074
    endloop
  endfacet
  facet normal 0 1 0
    outer loop
      vertex 72.2313 193.8 97.9807
      vertex 72.9464 193.8 100.074
      vertex 73.2307 193.8 99.865
    endloop
  endfacet
  facet normal 0 1 0
    outer loop
      vertex 72.2313 193.8 97.9807
      vertex 73.2307 193.8 99.865
      vertex 73.5546 193.8 99.7159
    endloop
  endfacet
  facet normal 0 1 0
    outer loop
      vertex 72.3772 193.8 101.025
      vertex 70.0421 193.8 99.6371
      vertex 69.6212 193.8 100.454
    endloop
  endfacet
  facet normal 0 1 0
    outer loop
      vertex 73.2213 193.8 97.7411
      vertex 73.5546 193.8 99.7159
      vertex 73.9183 193.8 99.6265
    endloop
  endfacet
  facet normal 0 1 0
    outer loop
      vertex 74.3379 193.8 97.6613
      vertex 73.9183 193.8 99.6265
      vertex 74.3215 193.8 99.5967
    endloop
  endfacet
  facet normal 0 1 -0
    outer loop
      vertex 75.3584 193.8 97.7422
      vertex 75.0285 193.8 99.7241
      vertex 76.2716 193.8 97.9849
    endloop
  endfacet
  facet normal 0 1 0
    outer loop
      vertex 73.9183 193.8 99.6265
      vertex 74.3379 193.8 97.6613
      vertex 73.2213 193.8 97.7411
    endloop
  endfacet
  facet normal 0 1 0
    outer loop
      vertex 75.0285 193.8 99.7241
      vertex 75.3584 193.8 97.7422
      vertex 74.6936 193.8 99.6285
    endloop
  endfacet
  facet normal 0 1 0
    outer loop
      vertex 73.5546 193.8 99.7159
      vertex 73.2213 193.8 97.7411
      vertex 72.2313 193.8 97.9807
    endloop
  endfacet
  facet normal 0 1 0
    outer loop
      vertex 74.3379 193.8 97.6613
      vertex 74.6936 193.8 99.6285
      vertex 75.3584 193.8 97.7422
    endloop
  endfacet
  facet normal 0 1 0
    outer loop
      vertex 72.9464 193.8 100.074
      vertex 72.2313 193.8 97.9807
      vertex 71.368 193.8 98.3799
    endloop
  endfacet
  facet normal 0 1 0
    outer loop
      vertex 74.6936 193.8 99.6285
      vertex 74.3379 193.8 97.6613
      vertex 74.3215 193.8 99.5967
    endloop
  endfacet
  facet normal 0 1 0
    outer loop
      vertex 72.5171 193.8 100.656
      vertex 70.6313 193.8 98.9388
      vertex 70.0421 193.8 99.6371
    endloop
  endfacet
  facet normal 0 1 0
    outer loop
      vertex 72.7068 193.8 100.338
      vertex 71.368 193.8 98.3799
      vertex 70.6313 193.8 98.9388
    endloop
  endfacet
  facet normal 0 1 -0
    outer loop
      vertex 75.2317 193.8 105.278
      vertex 75.0174 193.8 107.218
      vertex 75.5341 193.8 107.181
    endloop
  endfacet
  facet normal 0 1 0
    outer loop
      vertex 75.0174 193.8 107.218
      vertex 74.7691 193.8 105.295
      vertex 74.5006 193.8 107.231
    endloop
  endfacet
  facet normal 0 1 -0
    outer loop
      vertex 75.6999 193.8 105.227
      vertex 75.5341 193.8 107.181
      vertex 76.0509 193.8 107.118
    endloop
  endfacet
  facet normal 0 1 -0
    outer loop
      vertex 76.1736 193.8 105.142
      vertex 76.0509 193.8 107.118
      vertex 76.5676 193.8 107.031
    endloop
  endfacet
  facet normal 0 1 0
    outer loop
      vertex 76.1736 193.8 105.142
      vertex 76.5676 193.8 107.031
      vertex 77.0843 193.8 106.919
    endloop
  endfacet
  facet normal 0 1 0
    outer loop
      vertex 75.0174 193.8 107.218
      vertex 75.2317 193.8 105.278
      vertex 74.7691 193.8 105.295
    endloop
  endfacet
  facet normal 0 1 0
    outer loop
      vertex 76.6529 193.8 105.023
      vertex 77.0843 193.8 106.919
      vertex 77.601 193.8 106.783
    endloop
  endfacet
  facet normal 0 1 0
    outer loop
      vertex 77.1384 193.8 104.869
      vertex 77.601 193.8 106.783
      vertex 78.1178 193.8 106.623
    endloop
  endfacet
  facet normal 0 1 0
    outer loop
      vertex 74.231 193.8 105.263
      vertex 74.5006 193.8 107.231
      vertex 74.7691 193.8 105.295
    endloop
  endfacet
  facet normal 0 1 0
    outer loop
      vertex 77.6305 193.8 104.68
      vertex 78.1178 193.8 106.623
      vertex 78.6345 193.8 106.44
    endloop
  endfacet
  facet normal 0 1 -0
    outer loop
      vertex 73.756 193.8 105.167
      vertex 73.3326 193.8 107.152
      vertex 74.231 193.8 105.263
    endloop
  endfacet
  facet normal 0 1 -0
    outer loop
      vertex 73.3441 193.8 105.007
      vertex 73.3326 193.8 107.152
      vertex 73.756 193.8 105.167
    endloop
  endfacet
  facet normal 0 1 0
    outer loop
      vertex 74.5006 193.8 107.231
      vertex 74.231 193.8 105.263
      vertex 73.3326 193.8 107.152
    endloop
  endfacet
  facet normal 0 1 0
    outer loop
      vertex 75.5341 193.8 107.181
      vertex 75.6999 193.8 105.227
      vertex 75.2317 193.8 105.278
    endloop
  endfacet
  facet normal 0 1 0
    outer loop
      vertex 76.0509 193.8 107.118
      vertex 76.1736 193.8 105.142
      vertex 75.6999 193.8 105.227
    endloop
  endfacet
  facet normal 0 1 0
    outer loop
      vertex 77.0843 193.8 106.919
      vertex 76.6529 193.8 105.023
      vertex 76.1736 193.8 105.142
    endloop
  endfacet
  facet normal 0 1 0
    outer loop
      vertex 77.601 193.8 106.783
      vertex 77.1384 193.8 104.869
      vertex 76.6529 193.8 105.023
    endloop
  endfacet
  facet normal 0 1 0
    outer loop
      vertex 78.1178 193.8 106.623
      vertex 77.6305 193.8 104.68
      vertex 77.1384 193.8 104.869
    endloop
  endfacet
  facet normal 0 1 0
    outer loop
      vertex 78.6345 193.8 106.44
      vertex 78.1292 193.8 104.456
      vertex 77.6305 193.8 104.68
    endloop
  endfacet
  facet normal -0 1 0
    outer loop
      vertex 78.1292 193.8 104.456
      vertex 78.6345 193.8 106.44
      vertex 78.6345 193.8 104.197
    endloop
  endfacet
  facet normal 0 1 0
    outer loop
      vertex 73.3326 193.8 107.152
      vertex 73.3441 193.8 105.007
      vertex 72.3025 193.8 106.916
    endloop
  endfacet
  facet normal 0 1 -0
    outer loop
      vertex 72.9952 193.8 104.783
      vertex 72.3025 193.8 106.916
      vertex 73.3441 193.8 105.007
    endloop
  endfacet
  facet normal 0 1 0
    outer loop
      vertex 72.3025 193.8 106.916
      vertex 72.9952 193.8 104.783
      vertex 71.4102 193.8 106.523
    endloop
  endfacet
  facet normal 0 1 -0
    outer loop
      vertex 72.7109 193.8 104.494
      vertex 71.4102 193.8 106.523
      vertex 72.9952 193.8 104.783
    endloop
  endfacet
  facet normal 0 1 0
    outer loop
      vertex 71.4102 193.8 106.523
      vertex 72.7109 193.8 104.494
      vertex 70.6557 193.8 105.973
    endloop
  endfacet
  facet normal 0 1 -0
    outer loop
      vertex 72.4927 193.8 104.142
      vertex 70.6557 193.8 105.973
      vertex 72.7109 193.8 104.494
    endloop
  endfacet
  facet normal 0 1 0
    outer loop
      vertex 70.6557 193.8 105.973
      vertex 72.4927 193.8 104.142
      vertex 70.0558 193.8 105.282
    endloop
  endfacet
  facet normal 0 1 -0
    outer loop
      vertex 72.3406 193.8 103.725
      vertex 70.0558 193.8 105.282
      vertex 72.4927 193.8 104.142
    endloop
  endfacet
  facet normal 0 1 0
    outer loop
      vertex 70.0558 193.8 105.282
      vertex 72.3406 193.8 103.725
      vertex 69.6273 193.8 104.463
    endloop
  endfacet
  facet normal 0 1 -0
    outer loop
      vertex 72.2547 193.8 103.245
      vertex 69.6273 193.8 104.463
      vertex 72.3406 193.8 103.725
    endloop
  endfacet
  facet normal 0 1 0
    outer loop
      vertex 69.6273 193.8 104.463
      vertex 72.2547 193.8 103.245
      vertex 69.3702 193.8 103.518
    endloop
  endfacet
  facet normal 0 1 0
    outer loop
      vertex 69.3702 193.8 103.518
      vertex 72.2547 193.8 103.245
      vertex 69.2845 193.8 102.446
    endloop
  endfacet
  facet normal 0 1 0
    outer loop
      vertex 42.4232 193.8 104.94
      vertex 42.6805 193.8 107.231
      vertex 43.4851 193.8 107.147
    endloop
  endfacet
  facet normal -0 1 0
    outer loop
      vertex 42.0385 193.8 105.068
      vertex 42.6805 193.8 107.231
      vertex 42.4232 193.8 104.94
    endloop
  endfacet
  facet normal 0 1 0
    outer loop
      vertex 42.6805 193.8 107.231
      vertex 42.0385 193.8 105.068
      vertex 42.2182 193.8 107.207
    endloop
  endfacet
  facet normal 0 1 0
    outer loop
      vertex 42.7525 193.8 104.726
      vertex 43.4851 193.8 107.147
      vertex 44.2144 193.8 106.896
    endloop
  endfacet
  facet normal 0 1 0
    outer loop
      vertex 42.2182 193.8 107.207
      vertex 42.0385 193.8 105.068
      vertex 41.7834 193.8 107.136
    endloop
  endfacet
  facet normal 0 1 0
    outer loop
      vertex 41.7834 193.8 107.136
      vertex 41.5983 193.8 105.111
      vertex 41.376 193.8 107.018
    endloop
  endfacet
  facet normal 0 1 0
    outer loop
      vertex 42.7525 193.8 104.726
      vertex 44.2144 193.8 106.896
      vertex 44.8685 193.8 106.478
    endloop
  endfacet
  facet normal 0 1 0
    outer loop
      vertex 41.376 193.8 107.018
      vertex 41.5983 193.8 105.111
      vertex 40.9961 193.8 106.853
    endloop
  endfacet
  facet normal 0 1 -0
    outer loop
      vertex 41.1576 193.8 105.068
      vertex 40.9961 193.8 106.853
      vertex 41.5983 193.8 105.111
    endloop
  endfacet
  facet normal 0 1 0
    outer loop
      vertex 43.0264 193.8 104.427
      vertex 44.8685 193.8 106.478
      vertex 45.4473 193.8 105.892
    endloop
  endfacet
  facet normal 0 1 0
    outer loop
      vertex 40.9961 193.8 106.853
      vertex 41.1576 193.8 105.068
      vertex 40.6381 193.8 106.638
    endloop
  endfacet
  facet normal 0 1 0
    outer loop
      vertex 43.2418 193.8 104.047
      vertex 45.4473 193.8 105.892
      vertex 45.9208 193.8 105.175
    endloop
  endfacet
  facet normal 0 1 -0
    outer loop
      vertex 39.6616 193.8 105.679
      vertex 36.7483 193.8 110.456
      vertex 39.6616 193.8 110.456
    endloop
  endfacet
  facet normal 0 1 0
    outer loop
      vertex 40.6381 193.8 106.638
      vertex 41.1576 193.8 105.068
      vertex 40.2963 193.8 106.371
    endloop
  endfacet
  facet normal 0 1 0
    outer loop
      vertex 40.2963 193.8 106.371
      vertex 40.7713 193.8 104.939
      vertex 39.9708 193.8 106.051
    endloop
  endfacet
  facet normal 0 1 0
    outer loop
      vertex 39.9708 193.8 106.051
      vertex 40.7713 193.8 104.939
      vertex 39.6616 193.8 105.679
    endloop
  endfacet
  facet normal 0 1 -0
    outer loop
      vertex 40.4394 193.8 104.724
      vertex 39.6616 193.8 105.679
      vertex 40.7713 193.8 104.939
    endloop
  endfacet
  facet normal 0 1 -0
    outer loop
      vertex 40.162 193.8 104.423
      vertex 39.6616 193.8 105.679
      vertex 40.4394 193.8 104.724
    endloop
  endfacet
  facet normal 0 1 -0
    outer loop
      vertex 39.9431 193.8 104.042
      vertex 39.6616 193.8 105.679
      vertex 40.162 193.8 104.423
    endloop
  endfacet
  facet normal 0 1 -0
    outer loop
      vertex 39.7867 193.8 103.584
      vertex 39.6616 193.8 105.679
      vertex 39.9431 193.8 104.042
    endloop
  endfacet
  facet normal 0 1 -0
    outer loop
      vertex 39.6929 193.8 103.051
      vertex 39.6616 193.8 105.679
      vertex 39.7867 193.8 103.584
    endloop
  endfacet
  facet normal 0 1 0
    outer loop
      vertex 39.6616 193.8 105.679
      vertex 39.6929 193.8 103.051
      vertex 36.7483 193.8 110.456
    endloop
  endfacet
  facet normal 0 1 0
    outer loop
      vertex 36.7483 193.8 97.8763
      vertex 39.6929 193.8 103.051
      vertex 39.6616 193.8 102.442
    endloop
  endfacet
  facet normal 0 1 0
    outer loop
      vertex 36.7483 193.8 97.8763
      vertex 39.6616 193.8 102.442
      vertex 39.6929 193.8 101.833
    endloop
  endfacet
  facet normal 0 1 0
    outer loop
      vertex 36.7483 193.8 97.8763
      vertex 39.6929 193.8 101.833
      vertex 39.7867 193.8 101.3
    endloop
  endfacet
  facet normal 0 1 -0
    outer loop
      vertex 43.4851 193.8 97.745
      vertex 42.7525 193.8 100.158
      vertex 44.2144 193.8 97.996
    endloop
  endfacet
  facet normal 0 1 0
    outer loop
      vertex 39.9708 193.8 98.8408
      vertex 41.1576 193.8 99.8163
      vertex 41.5983 193.8 99.7733
    endloop
  endfacet
  facet normal 0 1 0
    outer loop
      vertex 39.9708 193.8 98.8408
      vertex 40.7713 193.8 99.9452
      vertex 41.1576 193.8 99.8163
    endloop
  endfacet
  facet normal 0 1 0
    outer loop
      vertex 39.6616 193.8 99.2127
      vertex 40.4394 193.8 100.16
      vertex 40.7713 193.8 99.9452
    endloop
  endfacet
  facet normal 0 1 0
    outer loop
      vertex 39.6616 193.8 99.2127
      vertex 40.162 193.8 100.461
      vertex 40.4394 193.8 100.16
    endloop
  endfacet
  facet normal 0 1 0
    outer loop
      vertex 39.6616 193.8 99.2127
      vertex 39.9431 193.8 100.843
      vertex 40.162 193.8 100.461
    endloop
  endfacet
  facet normal 0 1 0
    outer loop
      vertex 39.6616 193.8 99.2127
      vertex 39.7867 193.8 101.3
      vertex 39.9431 193.8 100.843
    endloop
  endfacet
  facet normal 0 1 0
    outer loop
      vertex 36.7483 193.8 97.8763
      vertex 39.7867 193.8 101.3
      vertex 39.6616 193.8 99.2127
    endloop
  endfacet
  facet normal 0 1 0
    outer loop
      vertex 36.7483 193.8 97.8763
      vertex 39.6616 193.8 99.2127
      vertex 39.6616 193.8 97.8763
    endloop
  endfacet
  facet normal 0 1 0
    outer loop
      vertex 39.6929 193.8 103.051
      vertex 36.7483 193.8 97.8763
      vertex 36.7483 193.8 110.456
    endloop
  endfacet
  facet normal 0 1 0
    outer loop
      vertex 42.7525 193.8 100.158
      vertex 43.4851 193.8 97.745
      vertex 42.4232 193.8 99.9442
    endloop
  endfacet
  facet normal 0 1 0
    outer loop
      vertex 40.7713 193.8 99.9452
      vertex 39.9708 193.8 98.8408
      vertex 39.6616 193.8 99.2127
    endloop
  endfacet
  facet normal 0 1 0
    outer loop
      vertex 41.5983 193.8 99.7733
      vertex 40.2963 193.8 98.5213
      vertex 39.9708 193.8 98.8408
    endloop
  endfacet
  facet normal 0 1 -0
    outer loop
      vertex 42.6805 193.8 97.6613
      vertex 42.4232 193.8 99.9442
      vertex 43.4851 193.8 97.745
    endloop
  endfacet
  facet normal 0 1 0
    outer loop
      vertex 42.0385 193.8 99.816
      vertex 41.7834 193.8 97.7558
      vertex 41.5983 193.8 99.7733
    endloop
  endfacet
  facet normal 0 1 0
    outer loop
      vertex 41.5983 193.8 99.7733
      vertex 40.6381 193.8 98.254
      vertex 40.2963 193.8 98.5213
    endloop
  endfacet
  facet normal 0 1 0
    outer loop
      vertex 42.4232 193.8 99.9442
      vertex 42.6805 193.8 97.6613
      vertex 42.0385 193.8 99.816
    endloop
  endfacet
  facet normal -0 1 0
    outer loop
      vertex 41.376 193.8 97.8738
      vertex 41.5983 193.8 99.7733
      vertex 41.7834 193.8 97.7558
    endloop
  endfacet
  facet normal 0 1 0
    outer loop
      vertex 41.5983 193.8 99.7733
      vertex 41.376 193.8 97.8738
      vertex 40.9961 193.8 98.0391
    endloop
  endfacet
  facet normal -0 1 -0
    outer loop
      vertex 42.2182 193.8 97.6849
      vertex 42.0385 193.8 99.816
      vertex 42.6805 193.8 97.6613
    endloop
  endfacet
  facet normal 0 1 0
    outer loop
      vertex 41.5983 193.8 99.7733
      vertex 40.9961 193.8 98.0391
      vertex 40.6381 193.8 98.254
    endloop
  endfacet
  facet normal -0 1 0
    outer loop
      vertex 41.7834 193.8 97.7558
      vertex 42.0385 193.8 99.816
      vertex 42.2182 193.8 97.6849
    endloop
  endfacet
  facet normal 0 1 -0
    outer loop
      vertex 40.7713 193.8 104.939
      vertex 40.2963 193.8 106.371
      vertex 41.1576 193.8 105.068
    endloop
  endfacet
  facet normal -0 1 0
    outer loop
      vertex 41.5983 193.8 105.111
      vertex 41.7834 193.8 107.136
      vertex 42.0385 193.8 105.068
    endloop
  endfacet
  facet normal 0 1 0
    outer loop
      vertex 43.4851 193.8 107.147
      vertex 42.7525 193.8 104.726
      vertex 42.4232 193.8 104.94
    endloop
  endfacet
  facet normal 0 1 0
    outer loop
      vertex 44.8685 193.8 106.478
      vertex 43.0264 193.8 104.427
      vertex 42.7525 193.8 104.726
    endloop
  endfacet
  facet normal 0 1 0
    outer loop
      vertex 43.3956 193.8 103.589
      vertex 45.9208 193.8 105.175
      vertex 46.259 193.8 104.361
    endloop
  endfacet
  facet normal 0 1 0
    outer loop
      vertex 45.4473 193.8 105.892
      vertex 43.2418 193.8 104.047
      vertex 43.0264 193.8 104.427
    endloop
  endfacet
  facet normal 0 1 0
    outer loop
      vertex 45.9208 193.8 105.175
      vertex 43.3956 193.8 103.589
      vertex 43.2418 193.8 104.047
    endloop
  endfacet
  facet normal 0 1 0
    outer loop
      vertex 46.4619 193.8 103.452
      vertex 43.3956 193.8 103.589
      vertex 46.259 193.8 104.361
    endloop
  endfacet
  facet normal 0 1 0
    outer loop
      vertex 46.4619 193.8 103.452
      vertex 43.488 193.8 103.054
      vertex 43.3956 193.8 103.589
    endloop
  endfacet
  facet normal 0 1 0
    outer loop
      vertex 46.5295 193.8 102.446
      vertex 43.488 193.8 103.054
      vertex 46.4619 193.8 103.452
    endloop
  endfacet
  facet normal 0 1 0
    outer loop
      vertex 46.5295 193.8 102.446
      vertex 43.5187 193.8 102.442
      vertex 43.488 193.8 103.054
    endloop
  endfacet
  facet normal 0 1 0
    outer loop
      vertex 46.5295 193.8 102.446
      vertex 43.488 193.8 101.83
      vertex 43.5187 193.8 102.442
    endloop
  endfacet
  facet normal 0 1 -0
    outer loop
      vertex 46.4619 193.8 101.44
      vertex 43.488 193.8 101.83
      vertex 46.5295 193.8 102.446
    endloop
  endfacet
  facet normal 0 1 0
    outer loop
      vertex 46.4619 193.8 101.44
      vertex 43.3956 193.8 101.295
      vertex 43.488 193.8 101.83
    endloop
  endfacet
  facet normal 0 1 -0
    outer loop
      vertex 46.259 193.8 100.531
      vertex 43.3956 193.8 101.295
      vertex 46.4619 193.8 101.44
    endloop
  endfacet
  facet normal 0 1 -0
    outer loop
      vertex 45.9208 193.8 99.7172
      vertex 43.3956 193.8 101.295
      vertex 46.259 193.8 100.531
    endloop
  endfacet
  facet normal 0 1 0
    outer loop
      vertex 43.3956 193.8 101.295
      vertex 45.9208 193.8 99.7172
      vertex 43.2418 193.8 100.837
    endloop
  endfacet
  facet normal 0 1 -0
    outer loop
      vertex 45.4473 193.8 98.9999
      vertex 43.2418 193.8 100.837
      vertex 45.9208 193.8 99.7172
    endloop
  endfacet
  facet normal 0 1 0
    outer loop
      vertex 43.2418 193.8 100.837
      vertex 45.4473 193.8 98.9999
      vertex 43.0264 193.8 100.457
    endloop
  endfacet
  facet normal 0 1 -0
    outer loop
      vertex 44.8685 193.8 98.4143
      vertex 43.0264 193.8 100.457
      vertex 45.4473 193.8 98.9999
    endloop
  endfacet
  facet normal 0 1 -0
    outer loop
      vertex 44.2144 193.8 97.996
      vertex 42.7525 193.8 100.158
      vertex 44.8685 193.8 98.4143
    endloop
  endfacet
  facet normal 0 1 0
    outer loop
      vertex 43.0264 193.8 100.457
      vertex 44.8685 193.8 98.4143
      vertex 42.7525 193.8 100.158
    endloop
  endfacet
  facet normal 0 1 -0
    outer loop
      vertex 53.1845 193.8 105.106
      vertex 52.7364 193.8 107.231
      vertex 53.8479 193.8 107.151
    endloop
  endfacet
  facet normal 0 1 0
    outer loop
      vertex 53.5766 193.8 104.975
      vertex 53.8479 193.8 107.151
      vertex 54.8308 193.8 106.913
    endloop
  endfacet
  facet normal 0 1 0
    outer loop
      vertex 52.7364 193.8 107.231
      vertex 53.1845 193.8 105.106
      vertex 52.7364 193.8 105.149
    endloop
  endfacet
  facet normal 0 1 0
    outer loop
      vertex 53.9128 193.8 104.758
      vertex 54.8308 193.8 106.913
      vertex 55.685 193.8 106.517
    endloop
  endfacet
  facet normal 0 1 0
    outer loop
      vertex 52.7364 193.8 107.231
      vertex 52.281 193.8 105.106
      vertex 51.6208 193.8 107.151
    endloop
  endfacet
  facet normal 0 1 0
    outer loop
      vertex 54.193 193.8 104.453
      vertex 55.685 193.8 106.517
      vertex 56.4104 193.8 105.961
    endloop
  endfacet
  facet normal 0 1 -0
    outer loop
      vertex 51.883 193.8 104.975
      vertex 51.6208 193.8 107.151
      vertex 52.281 193.8 105.106
    endloop
  endfacet
  facet normal 0 1 0
    outer loop
      vertex 54.4137 193.8 104.067
      vertex 56.4104 193.8 105.961
      vertex 56.989 193.8 105.265
    endloop
  endfacet
  facet normal 0 1 0
    outer loop
      vertex 51.6208 193.8 107.151
      vertex 51.883 193.8 104.975
      vertex 50.6339 193.8 106.913
    endloop
  endfacet
  facet normal 0 1 -0
    outer loop
      vertex 51.5425 193.8 104.758
      vertex 50.6339 193.8 106.913
      vertex 51.883 193.8 104.975
    endloop
  endfacet
  facet normal 0 1 0
    outer loop
      vertex 52.281 193.8 105.106
      vertex 52.7364 193.8 107.231
      vertex 52.7364 193.8 105.149
    endloop
  endfacet
  facet normal 0 1 0
    outer loop
      vertex 53.8479 193.8 107.151
      vertex 53.5766 193.8 104.975
      vertex 53.1845 193.8 105.106
    endloop
  endfacet
  facet normal 0 1 0
    outer loop
      vertex 54.8308 193.8 106.913
      vertex 53.9128 193.8 104.758
      vertex 53.5766 193.8 104.975
    endloop
  endfacet
  facet normal 0 1 0
    outer loop
      vertex 55.685 193.8 106.517
      vertex 54.193 193.8 104.453
      vertex 53.9128 193.8 104.758
    endloop
  endfacet
  facet normal 0 1 0
    outer loop
      vertex 54.5714 193.8 103.603
      vertex 56.989 193.8 105.265
      vertex 57.4022 193.8 104.448
    endloop
  endfacet
  facet normal 0 1 0
    outer loop
      vertex 56.4104 193.8 105.961
      vertex 54.4137 193.8 104.067
      vertex 54.193 193.8 104.453
    endloop
  endfacet
  facet normal 0 1 0
    outer loop
      vertex 56.989 193.8 105.265
      vertex 54.5714 193.8 103.603
      vertex 54.4137 193.8 104.067
    endloop
  endfacet
  facet normal 0 1 0
    outer loop
      vertex 57.6502 193.8 103.508
      vertex 54.5714 193.8 103.603
      vertex 57.4022 193.8 104.448
    endloop
  endfacet
  facet normal 0 1 0
    outer loop
      vertex 57.6502 193.8 103.508
      vertex 54.666 193.8 103.063
      vertex 54.5714 193.8 103.603
    endloop
  endfacet
  facet normal 0 1 0
    outer loop
      vertex 57.7328 193.8 102.446
      vertex 54.666 193.8 103.063
      vertex 57.6502 193.8 103.508
    endloop
  endfacet
  facet normal 0 1 0
    outer loop
      vertex 57.7328 193.8 102.446
      vertex 54.6976 193.8 102.446
      vertex 54.666 193.8 103.063
    endloop
  endfacet
  facet normal 0 1 0
    outer loop
      vertex 57.7328 193.8 102.446
      vertex 54.666 193.8 101.829
      vertex 54.6976 193.8 102.446
    endloop
  endfacet
  facet normal 0 1 -0
    outer loop
      vertex 57.6502 193.8 101.384
      vertex 54.666 193.8 101.829
      vertex 57.7328 193.8 102.446
    endloop
  endfacet
  facet normal 0 1 0
    outer loop
      vertex 57.6502 193.8 101.384
      vertex 54.5714 193.8 101.289
      vertex 54.666 193.8 101.829
    endloop
  endfacet
  facet normal 0 1 -0
    outer loop
      vertex 57.4022 193.8 100.444
      vertex 54.5714 193.8 101.289
      vertex 57.6502 193.8 101.384
    endloop
  endfacet
  facet normal 0 1 -0
    outer loop
      vertex 56.989 193.8 99.6265
      vertex 54.5714 193.8 101.289
      vertex 57.4022 193.8 100.444
    endloop
  endfacet
  facet normal 0 1 0
    outer loop
      vertex 54.5714 193.8 101.289
      vertex 56.989 193.8 99.6265
      vertex 54.4137 193.8 100.825
    endloop
  endfacet
  facet normal 0 1 -0
    outer loop
      vertex 56.4104 193.8 98.9308
      vertex 54.4137 193.8 100.825
      vertex 56.989 193.8 99.6265
    endloop
  endfacet
  facet normal 0 1 0
    outer loop
      vertex 54.4137 193.8 100.825
      vertex 56.4104 193.8 98.9308
      vertex 54.193 193.8 100.439
    endloop
  endfacet
  facet normal 0 1 -0
    outer loop
      vertex 55.685 193.8 98.3754
      vertex 54.193 193.8 100.439
      vertex 56.4104 193.8 98.9308
    endloop
  endfacet
  facet normal 0 1 -0
    outer loop
      vertex 54.8308 193.8 97.9787
      vertex 53.9128 193.8 100.134
      vertex 55.685 193.8 98.3754
    endloop
  endfacet
  facet normal 0 1 0
    outer loop
      vertex 54.193 193.8 100.439
      vertex 55.685 193.8 98.3754
      vertex 53.9128 193.8 100.134
    endloop
  endfacet
  facet normal 0 1 0
    outer loop
      vertex 50.6339 193.8 106.913
      vertex 51.5425 193.8 104.758
      vertex 49.7757 193.8 106.517
    endloop
  endfacet
  facet normal 0 1 -0
    outer loop
      vertex 51.2594 193.8 104.453
      vertex 49.7757 193.8 106.517
      vertex 51.5425 193.8 104.758
    endloop
  endfacet
  facet normal 0 1 0
    outer loop
      vertex 49.7757 193.8 106.517
      vertex 51.2594 193.8 104.453
      vertex 49.046 193.8 105.961
    endloop
  endfacet
  facet normal 0 1 -0
    outer loop
      vertex 51.0369 193.8 104.067
      vertex 49.046 193.8 105.961
      vertex 51.2594 193.8 104.453
    endloop
  endfacet
  facet normal 0 1 0
    outer loop
      vertex 49.046 193.8 105.961
      vertex 51.0369 193.8 104.067
      vertex 48.464 193.8 105.265
    endloop
  endfacet
  facet normal 0 1 -0
    outer loop
      vertex 50.878 193.8 103.603
      vertex 48.464 193.8 105.265
      vertex 51.0369 193.8 104.067
    endloop
  endfacet
  facet normal 0 1 0
    outer loop
      vertex 48.464 193.8 105.265
      vertex 50.878 193.8 103.603
      vertex 48.0482 193.8 104.448
    endloop
  endfacet
  facet normal 0 1 0
    outer loop
      vertex 50.878 193.8 103.603
      vertex 47.7988 193.8 103.508
      vertex 48.0482 193.8 104.448
    endloop
  endfacet
  facet normal 0 1 -0
    outer loop
      vertex 50.7827 193.8 103.063
      vertex 47.7988 193.8 103.508
      vertex 50.878 193.8 103.603
    endloop
  endfacet
  facet normal 0 1 0
    outer loop
      vertex 47.7156 193.8 102.446
      vertex 50.7827 193.8 103.063
      vertex 50.7509 193.8 102.446
    endloop
  endfacet
  facet normal 0 1 0
    outer loop
      vertex 50.7827 193.8 103.063
      vertex 47.7156 193.8 102.446
      vertex 47.7988 193.8 103.508
    endloop
  endfacet
  facet normal 0 1 0
    outer loop
      vertex 50.7827 193.8 101.829
      vertex 47.7156 193.8 102.446
      vertex 50.7509 193.8 102.446
    endloop
  endfacet
  facet normal 0 1 0
    outer loop
      vertex 50.7827 193.8 101.829
      vertex 47.7988 193.8 101.384
      vertex 47.7156 193.8 102.446
    endloop
  endfacet
  facet normal 0 1 0
    outer loop
      vertex 50.878 193.8 101.289
      vertex 47.7988 193.8 101.384
      vertex 50.7827 193.8 101.829
    endloop
  endfacet
  facet normal 0 1 0
    outer loop
      vertex 48.464 193.8 99.6265
      vertex 50.878 193.8 101.289
      vertex 51.0369 193.8 100.825
    endloop
  endfacet
  facet normal 0 1 0
    outer loop
      vertex 50.878 193.8 101.289
      vertex 48.0482 193.8 100.444
      vertex 47.7988 193.8 101.384
    endloop
  endfacet
  facet normal 0 1 0
    outer loop
      vertex 49.046 193.8 98.9308
      vertex 51.0369 193.8 100.825
      vertex 51.2594 193.8 100.439
    endloop
  endfacet
  facet normal 0 1 0
    outer loop
      vertex 49.7757 193.8 98.3754
      vertex 51.2594 193.8 100.439
      vertex 51.5425 193.8 100.134
    endloop
  endfacet
  facet normal 0 1 0
    outer loop
      vertex 50.6339 193.8 97.9787
      vertex 51.5425 193.8 100.134
      vertex 51.883 193.8 99.9166
    endloop
  endfacet
  facet normal 0 1 0
    outer loop
      vertex 51.6208 193.8 97.7406
      vertex 51.883 193.8 99.9166
      vertex 52.281 193.8 99.7861
    endloop
  endfacet
  facet normal 0 1 0
    outer loop
      vertex 50.878 193.8 101.289
      vertex 48.464 193.8 99.6265
      vertex 48.0482 193.8 100.444
    endloop
  endfacet
  facet normal 0 1 -0
    outer loop
      vertex 52.7364 193.8 97.6613
      vertex 52.281 193.8 99.7861
      vertex 52.7364 193.8 99.7426
    endloop
  endfacet
  facet normal 0 1 0
    outer loop
      vertex 53.9128 193.8 100.134
      vertex 54.8308 193.8 97.9787
      vertex 53.5766 193.8 99.9166
    endloop
  endfacet
  facet normal 0 1 -0
    outer loop
      vertex 53.8479 193.8 97.7406
      vertex 53.5766 193.8 99.9166
      vertex 54.8308 193.8 97.9787
    endloop
  endfacet
  facet normal 0 1 0
    outer loop
      vertex 52.281 193.8 99.7861
      vertex 52.7364 193.8 97.6613
      vertex 51.6208 193.8 97.7406
    endloop
  endfacet
  facet normal 0 1 0
    outer loop
      vertex 53.5766 193.8 99.9166
      vertex 53.8479 193.8 97.7406
      vertex 53.1845 193.8 99.7861
    endloop
  endfacet
  facet normal 0 1 0
    outer loop
      vertex 51.883 193.8 99.9166
      vertex 51.6208 193.8 97.7406
      vertex 50.6339 193.8 97.9787
    endloop
  endfacet
  facet normal 0 1 0
    outer loop
      vertex 52.7364 193.8 97.6613
      vertex 53.1845 193.8 99.7861
      vertex 53.8479 193.8 97.7406
    endloop
  endfacet
  facet normal 0 1 0
    outer loop
      vertex 51.5425 193.8 100.134
      vertex 50.6339 193.8 97.9787
      vertex 49.7757 193.8 98.3754
    endloop
  endfacet
  facet normal 0 1 0
    outer loop
      vertex 53.1845 193.8 99.7861
      vertex 52.7364 193.8 97.6613
      vertex 52.7364 193.8 99.7426
    endloop
  endfacet
  facet normal 0 1 0
    outer loop
      vertex 51.0369 193.8 100.825
      vertex 49.046 193.8 98.9308
      vertex 48.464 193.8 99.6265
    endloop
  endfacet
  facet normal 0 1 0
    outer loop
      vertex 51.2594 193.8 100.439
      vertex 49.7757 193.8 98.3754
      vertex 49.046 193.8 98.9308
    endloop
  endfacet
  facet normal 0 1 0
    outer loop
      vertex 163.529 193.8 106.992
      vertex 160.616 193.8 105.679
      vertex 160.616 193.8 106.992
    endloop
  endfacet
  facet normal 0 1 -0
    outer loop
      vertex 157.862 193.8 104.786
      vertex 156.855 193.8 107.17
      vertex 158 193.8 104.872
    endloop
  endfacet
  facet normal 0 1 0
    outer loop
      vertex 160.281 193.8 106.051
      vertex 159.094 193.8 104.983
      vertex 158.663 193.8 105.026
    endloop
  endfacet
  facet normal 0 1 0
    outer loop
      vertex 160.486 193.8 103.489
      vertex 160.616 193.8 105.679
      vertex 163.529 193.8 106.992
    endloop
  endfacet
  facet normal 0 1 0
    outer loop
      vertex 160.281 193.8 106.051
      vertex 159.477 193.8 104.851
      vertex 159.094 193.8 104.983
    endloop
  endfacet
  facet normal 0 1 0
    outer loop
      vertex 160.616 193.8 105.679
      vertex 159.81 193.8 104.632
      vertex 159.477 193.8 104.851
    endloop
  endfacet
  facet normal 0 1 0
    outer loop
      vertex 160.616 193.8 105.679
      vertex 160.095 193.8 104.326
      vertex 159.81 193.8 104.632
    endloop
  endfacet
  facet normal 0 1 0
    outer loop
      vertex 160.616 193.8 105.679
      vertex 160.323 193.8 103.942
      vertex 160.095 193.8 104.326
    endloop
  endfacet
  facet normal 0 1 0
    outer loop
      vertex 160.616 193.8 105.679
      vertex 160.486 193.8 103.489
      vertex 160.323 193.8 103.942
    endloop
  endfacet
  facet normal 0 1 0
    outer loop
      vertex 163.529 193.8 106.992
      vertex 160.583 193.8 102.969
      vertex 160.486 193.8 103.489
    endloop
  endfacet
  facet normal 0 1 0
    outer loop
      vertex 163.529 193.8 106.992
      vertex 160.616 193.8 102.38
      vertex 160.583 193.8 102.969
    endloop
  endfacet
  facet normal 0 1 -0
    outer loop
      vertex 163.529 193.8 97.8763
      vertex 160.616 193.8 102.38
      vertex 163.529 193.8 106.992
    endloop
  endfacet
  facet normal 0 1 0
    outer loop
      vertex 160.616 193.8 102.38
      vertex 163.529 193.8 97.8763
      vertex 160.616 193.8 97.8763
    endloop
  endfacet
  facet normal 0 1 0
    outer loop
      vertex 158.31 193.8 104.988
      vertex 158.446 193.8 107.136
      vertex 158.481 193.8 105.017
    endloop
  endfacet
  facet normal 0 1 0
    outer loop
      vertex 158.843 193.8 107.018
      vertex 158.481 193.8 105.017
      vertex 158.446 193.8 107.136
    endloop
  endfacet
  facet normal 0 1 0
    outer loop
      vertex 158.481 193.8 105.017
      vertex 158.843 193.8 107.018
      vertex 158.663 193.8 105.026
    endloop
  endfacet
  facet normal 0 1 0
    outer loop
      vertex 158.446 193.8 107.136
      vertex 158.31 193.8 104.988
      vertex 158.031 193.8 107.207
    endloop
  endfacet
  facet normal 0 1 0
    outer loop
      vertex 158.663 193.8 105.026
      vertex 158.843 193.8 107.018
      vertex 159.22 193.8 106.853
    endloop
  endfacet
  facet normal 0 1 0
    outer loop
      vertex 157.597 193.8 107.231
      vertex 158 193.8 104.872
      vertex 156.855 193.8 107.17
    endloop
  endfacet
  facet normal 0 1 0
    outer loop
      vertex 158.663 193.8 105.026
      vertex 159.22 193.8 106.853
      vertex 159.584 193.8 106.638
    endloop
  endfacet
  facet normal 0 1 0
    outer loop
      vertex 158.663 193.8 105.026
      vertex 159.584 193.8 106.638
      vertex 159.937 193.8 106.371
    endloop
  endfacet
  facet normal 0 1 -0
    outer loop
      vertex 158.149 193.8 104.939
      vertex 158.031 193.8 107.207
      vertex 158.31 193.8 104.988
    endloop
  endfacet
  facet normal 0 1 0
    outer loop
      vertex 158.663 193.8 105.026
      vertex 159.937 193.8 106.371
      vertex 160.281 193.8 106.051
    endloop
  endfacet
  facet normal 0 1 -0
    outer loop
      vertex 158 193.8 104.872
      vertex 157.597 193.8 107.231
      vertex 158.149 193.8 104.939
    endloop
  endfacet
  facet normal 0 1 0
    outer loop
      vertex 159.477 193.8 104.851
      vertex 160.281 193.8 106.051
      vertex 160.616 193.8 105.679
    endloop
  endfacet
  facet normal 0 1 0
    outer loop
      vertex 158.031 193.8 107.207
      vertex 158.149 193.8 104.939
      vertex 157.597 193.8 107.231
    endloop
  endfacet
  facet normal 0 1 -0
    outer loop
      vertex 157.738 193.8 104.684
      vertex 156.855 193.8 107.17
      vertex 157.862 193.8 104.786
    endloop
  endfacet
  facet normal 0 1 0
    outer loop
      vertex 156.855 193.8 107.17
      vertex 157.738 193.8 104.684
      vertex 156.206 193.8 106.988
    endloop
  endfacet
  facet normal 0 1 -0
    outer loop
      vertex 157.628 193.8 104.566
      vertex 156.206 193.8 106.988
      vertex 157.738 193.8 104.684
    endloop
  endfacet
  facet normal 0 1 0
    outer loop
      vertex 156.206 193.8 106.988
      vertex 157.628 193.8 104.566
      vertex 155.652 193.8 106.686
    endloop
  endfacet
  facet normal 0 1 0
    outer loop
      vertex 155.652 193.8 106.686
      vertex 157.628 193.8 104.566
      vertex 155.192 193.8 106.262
    endloop
  endfacet
  facet normal 0 1 -0
    outer loop
      vertex 157.532 193.8 104.432
      vertex 155.192 193.8 106.262
      vertex 157.628 193.8 104.566
    endloop
  endfacet
  facet normal 0 1 0
    outer loop
      vertex 155.192 193.8 106.262
      vertex 157.532 193.8 104.432
      vertex 154.831 193.8 105.723
    endloop
  endfacet
  facet normal 0 1 -0
    outer loop
      vertex 157.468 193.8 104.305
      vertex 154.831 193.8 105.723
      vertex 157.532 193.8 104.432
    endloop
  endfacet
  facet normal 0 1 0
    outer loop
      vertex 154.831 193.8 105.723
      vertex 157.468 193.8 104.305
      vertex 154.573 193.8 105.074
    endloop
  endfacet
  facet normal 0 1 -0
    outer loop
      vertex 157.414 193.8 104.146
      vertex 154.573 193.8 105.074
      vertex 157.468 193.8 104.305
    endloop
  endfacet
  facet normal 0 1 0
    outer loop
      vertex 154.573 193.8 105.074
      vertex 157.414 193.8 104.146
      vertex 154.418 193.8 104.315
    endloop
  endfacet
  facet normal 0 1 -0
    outer loop
      vertex 157.37 193.8 103.953
      vertex 154.418 193.8 104.315
      vertex 157.414 193.8 104.146
    endloop
  endfacet
  facet normal 0 1 -0
    outer loop
      vertex 157.336 193.8 103.728
      vertex 154.418 193.8 104.315
      vertex 157.37 193.8 103.953
    endloop
  endfacet
  facet normal 0 1 0
    outer loop
      vertex 154.366 193.8 103.447
      vertex 157.336 193.8 103.728
      vertex 157.311 193.8 103.447
    endloop
  endfacet
  facet normal 0 1 0
    outer loop
      vertex 157.336 193.8 103.728
      vertex 154.366 193.8 103.447
      vertex 154.418 193.8 104.315
    endloop
  endfacet
  facet normal 0 1 -0
    outer loop
      vertex 157.294 193.8 103.089
      vertex 154.366 193.8 103.447
      vertex 157.311 193.8 103.447
    endloop
  endfacet
  facet normal 0 1 -0
    outer loop
      vertex 157.283 193.8 102.655
      vertex 154.366 193.8 103.447
      vertex 157.294 193.8 103.089
    endloop
  endfacet
  facet normal 0 1 -0
    outer loop
      vertex 157.279 193.8 102.144
      vertex 154.366 193.8 103.447
      vertex 157.283 193.8 102.655
    endloop
  endfacet
  facet normal 0 1 0
    outer loop
      vertex 157.28 193.8 101.91
      vertex 154.366 193.8 103.447
      vertex 157.279 193.8 102.144
    endloop
  endfacet
  facet normal 0 1 0
    outer loop
      vertex 157.281 193.8 101.583
      vertex 154.366 193.8 103.447
      vertex 157.28 193.8 101.91
    endloop
  endfacet
  facet normal 0 1 0
    outer loop
      vertex 157.284 193.8 101.163
      vertex 154.366 193.8 103.447
      vertex 157.281 193.8 101.583
    endloop
  endfacet
  facet normal 0 1 0
    outer loop
      vertex 157.288 193.8 100.649
      vertex 154.366 193.8 103.447
      vertex 157.284 193.8 101.163
    endloop
  endfacet
  facet normal 0 1 0
    outer loop
      vertex 154.366 193.8 97.8763
      vertex 157.288 193.8 100.649
      vertex 157.291 193.8 100.113
    endloop
  endfacet
  facet normal 0 1 0
    outer loop
      vertex 154.366 193.8 97.8763
      vertex 157.291 193.8 100.113
      vertex 157.294 193.8 99.6242
    endloop
  endfacet
  facet normal 0 1 0
    outer loop
      vertex 154.366 193.8 97.8763
      vertex 157.294 193.8 99.6242
      vertex 157.295 193.8 99.1827
    endloop
  endfacet
  facet normal 0 1 0
    outer loop
      vertex 154.366 193.8 97.8763
      vertex 157.295 193.8 99.1827
      vertex 157.296 193.8 98.7885
    endloop
  endfacet
  facet normal 0 1 0
    outer loop
      vertex 154.366 193.8 97.8763
      vertex 157.296 193.8 98.7885
      vertex 157.296 193.8 97.8763
    endloop
  endfacet
  facet normal 0 1 0
    outer loop
      vertex 157.288 193.8 100.649
      vertex 154.366 193.8 97.8763
      vertex 154.366 193.8 103.447
    endloop
  endfacet
  facet normal 0 1 -0
    outer loop
      vertex 85.6208 193.8 101.01
      vertex 80.5105 193.8 103.375
      vertex 85.6208 193.8 103.375
    endloop
  endfacet
  facet normal 0 1 0
    outer loop
      vertex 80.5105 193.8 103.375
      vertex 85.6208 193.8 101.01
      vertex 80.5105 193.8 101.01
    endloop
  endfacet
  facet normal 0 1 -0
    outer loop
      vertex 140.473 193.8 103.844
      vertex 137.543 193.8 106.992
      vertex 140.473 193.8 106.992
    endloop
  endfacet
  facet normal 0 1 0
    outer loop
      vertex 137.543 193.8 106.992
      vertex 140.473 193.8 103.844
      vertex 137.543 193.8 103.844
    endloop
  endfacet
  facet normal 0.159591 0 0.987183
    outer loop
      vertex 118.212 193.8 107.207
      vertex 118.645 193 107.137
      vertex 118.645 193.8 107.137
    endloop
  endfacet
  facet normal 0.159591 0 0.987183
    outer loop
      vertex 118.645 193 107.137
      vertex 118.212 193.8 107.207
      vertex 118.212 193 107.207
    endloop
  endfacet
  facet normal 0.27754 0 0.960714
    outer loop
      vertex 118.645 193.8 107.137
      vertex 119.05 193 107.02
      vertex 119.05 193.8 107.02
    endloop
  endfacet
  facet normal 0.27754 0 0.960714
    outer loop
      vertex 119.05 193 107.02
      vertex 118.645 193.8 107.137
      vertex 118.645 193 107.137
    endloop
  endfacet
  facet normal 0.396856 0 0.917881
    outer loop
      vertex 119.05 193.8 107.02
      vertex 119.427 193 106.857
      vertex 119.427 193.8 106.857
    endloop
  endfacet
  facet normal 0.396856 0 0.917881
    outer loop
      vertex 119.427 193 106.857
      vertex 119.05 193.8 107.02
      vertex 119.05 193 107.02
    endloop
  endfacet
  facet normal 0.517337 0 0.855782
    outer loop
      vertex 119.427 193.8 106.857
      vertex 119.781 193 106.643
      vertex 119.781 193.8 106.643
    endloop
  endfacet
  facet normal 0.517337 0 0.855782
    outer loop
      vertex 119.781 193 106.643
      vertex 119.427 193.8 106.857
      vertex 119.427 193 106.857
    endloop
  endfacet
  facet normal 0.618742 0 0.785594
    outer loop
      vertex 119.781 193.8 106.643
      vertex 120.12 193 106.376
      vertex 120.12 193.8 106.376
    endloop
  endfacet
  facet normal 0.618742 0 0.785594
    outer loop
      vertex 120.12 193 106.376
      vertex 119.781 193.8 106.643
      vertex 119.781 193 106.643
    endloop
  endfacet
  facet normal 0.704914 0 0.709293
    outer loop
      vertex 120.12 193.8 106.376
      vertex 120.444 193 106.054
      vertex 120.444 193.8 106.054
    endloop
  endfacet
  facet normal 0.704914 0 0.709293
    outer loop
      vertex 120.444 193 106.054
      vertex 120.12 193.8 106.376
      vertex 120.12 193 106.376
    endloop
  endfacet
  facet normal 0.771752 -0 0.635924
    outer loop
      vertex 120.444 193 106.054
      vertex 120.753 193.8 105.679
      vertex 120.444 193.8 106.054
    endloop
  endfacet
  facet normal 0.771752 0 0.635924
    outer loop
      vertex 120.753 193.8 105.679
      vertex 120.444 193 106.054
      vertex 120.753 193 105.679
    endloop
  endfacet
  facet normal -1 0 0
    outer loop
      vertex 120.753 193 105.679
      vertex 120.753 193.8 106.992
      vertex 120.753 193.8 105.679
    endloop
  endfacet
  facet normal -1 -0 0
    outer loop
      vertex 120.753 193.8 106.992
      vertex 120.753 193 105.679
      vertex 120.753 193 106.992
    endloop
  endfacet
  facet normal -0 0 1
    outer loop
      vertex 120.753 193.8 106.992
      vertex 123.683 193 106.992
      vertex 123.683 193.8 106.992
    endloop
  endfacet
  facet normal 0 0 1
    outer loop
      vertex 123.683 193 106.992
      vertex 120.753 193.8 106.992
      vertex 120.753 193 106.992
    endloop
  endfacet
  facet normal 1 -0 0
    outer loop
      vertex 123.683 193 106.992
      vertex 123.683 193.8 94.3282
      vertex 123.683 193.8 106.992
    endloop
  endfacet
  facet normal 1 0 0
    outer loop
      vertex 123.683 193.8 94.3282
      vertex 123.683 193 106.992
      vertex 123.683 193 94.3282
    endloop
  endfacet
  facet normal 0 0 -1
    outer loop
      vertex 120.753 193 94.3282
      vertex 123.683 193.8 94.3282
      vertex 123.683 193 94.3282
    endloop
  endfacet
  facet normal -0 0 -1
    outer loop
      vertex 123.683 193.8 94.3282
      vertex 120.753 193 94.3282
      vertex 120.753 193.8 94.3282
    endloop
  endfacet
  facet normal -1 0 0
    outer loop
      vertex 120.753 193 94.3282
      vertex 120.753 193.8 99.2127
      vertex 120.753 193.8 94.3282
    endloop
  endfacet
  facet normal -1 -0 0
    outer loop
      vertex 120.753 193.8 99.2127
      vertex 120.753 193 94.3282
      vertex 120.753 193 99.2127
    endloop
  endfacet
  facet normal 0.769153 0 -0.639065
    outer loop
      vertex 120.753 193 99.2127
      vertex 120.444 193.8 98.8408
      vertex 120.753 193.8 99.2127
    endloop
  endfacet
  facet normal 0.769153 0 -0.639065
    outer loop
      vertex 120.444 193.8 98.8408
      vertex 120.753 193 99.2127
      vertex 120.444 193 98.8408
    endloop
  endfacet
  facet normal 0.701047 0 -0.713115
    outer loop
      vertex 120.119 193 98.5213
      vertex 120.444 193.8 98.8408
      vertex 120.444 193 98.8408
    endloop
  endfacet
  facet normal 0.701047 0 -0.713115
    outer loop
      vertex 120.444 193.8 98.8408
      vertex 120.119 193 98.5213
      vertex 120.119 193.8 98.5213
    endloop
  endfacet
  facet normal 0.618046 0 -0.786142
    outer loop
      vertex 119.779 193 98.254
      vertex 120.119 193.8 98.5213
      vertex 120.119 193 98.5213
    endloop
  endfacet
  facet normal 0.618046 0 -0.786142
    outer loop
      vertex 120.119 193.8 98.5213
      vertex 119.779 193 98.254
      vertex 119.779 193.8 98.254
    endloop
  endfacet
  facet normal 0.516793 0 -0.856111
    outer loop
      vertex 119.423 193 98.0391
      vertex 119.779 193.8 98.254
      vertex 119.779 193 98.254
    endloop
  endfacet
  facet normal 0.516793 0 -0.856111
    outer loop
      vertex 119.779 193.8 98.254
      vertex 119.423 193 98.0391
      vertex 119.423 193.8 98.0391
    endloop
  endfacet
  facet normal 0.400666 0 -0.916224
    outer loop
      vertex 119.045 193 97.8738
      vertex 119.423 193.8 98.0391
      vertex 119.423 193 98.0391
    endloop
  endfacet
  facet normal 0.400666 0 -0.916224
    outer loop
      vertex 119.423 193.8 98.0391
      vertex 119.045 193 97.8738
      vertex 119.045 193.8 97.8738
    endloop
  endfacet
  facet normal 0.279727 0 -0.96008
    outer loop
      vertex 118.64 193 97.7558
      vertex 119.045 193.8 97.8738
      vertex 119.045 193 97.8738
    endloop
  endfacet
  facet normal 0.279727 0 -0.96008
    outer loop
      vertex 119.045 193.8 97.8738
      vertex 118.64 193 97.7558
      vertex 118.64 193.8 97.7558
    endloop
  endfacet
  facet normal 0.16232 0 -0.986738
    outer loop
      vertex 118.209 193 97.6849
      vertex 118.64 193.8 97.7558
      vertex 118.64 193 97.7558
    endloop
  endfacet
  facet normal 0.16232 0 -0.986738
    outer loop
      vertex 118.64 193.8 97.7558
      vertex 118.209 193 97.6849
      vertex 118.209 193.8 97.6849
    endloop
  endfacet
  facet normal 0.0513483 0 -0.998681
    outer loop
      vertex 117.75 193 97.6613
      vertex 118.209 193.8 97.6849
      vertex 118.209 193 97.6849
    endloop
  endfacet
  facet normal 0.0513483 0 -0.998681
    outer loop
      vertex 118.209 193.8 97.6849
      vertex 117.75 193 97.6613
      vertex 117.75 193.8 97.6613
    endloop
  endfacet
  facet normal -0.103545 0 -0.994625
    outer loop
      vertex 116.946 193 97.745
      vertex 117.75 193.8 97.6613
      vertex 117.75 193 97.6613
    endloop
  endfacet
  facet normal -0.103545 0 -0.994625
    outer loop
      vertex 117.75 193.8 97.6613
      vertex 116.946 193 97.745
      vertex 116.946 193.8 97.745
    endloop
  endfacet
  facet normal -0.325152 0 -0.945662
    outer loop
      vertex 116.216 193 97.996
      vertex 116.946 193.8 97.745
      vertex 116.946 193 97.745
    endloop
  endfacet
  facet normal -0.325152 0 -0.945662
    outer loop
      vertex 116.946 193.8 97.745
      vertex 116.216 193 97.996
      vertex 116.216 193.8 97.996
    endloop
  endfacet
  facet normal -0.538816 0 -0.842423
    outer loop
      vertex 115.562 193 98.4143
      vertex 116.216 193.8 97.996
      vertex 116.216 193 97.996
    endloop
  endfacet
  facet normal -0.538816 0 -0.842423
    outer loop
      vertex 116.216 193.8 97.996
      vertex 115.562 193 98.4143
      vertex 115.562 193.8 98.4143
    endloop
  endfacet
  facet normal -0.71171 0 -0.702473
    outer loop
      vertex 115.562 193 98.4143
      vertex 114.984 193.8 98.9999
      vertex 115.562 193.8 98.4143
    endloop
  endfacet
  facet normal -0.71171 -0 -0.702473
    outer loop
      vertex 114.984 193.8 98.9999
      vertex 115.562 193 98.4143
      vertex 114.984 193 98.9999
    endloop
  endfacet
  facet normal -0.834298 0 -0.551314
    outer loop
      vertex 114.984 193 98.9999
      vertex 114.51 193.8 99.7172
      vertex 114.984 193.8 98.9999
    endloop
  endfacet
  facet normal -0.834298 -0 -0.551314
    outer loop
      vertex 114.51 193.8 99.7172
      vertex 114.984 193 98.9999
      vertex 114.51 193 99.7172
    endloop
  endfacet
  facet normal -0.923513 0 -0.383568
    outer loop
      vertex 114.51 193 99.7172
      vertex 114.172 193.8 100.531
      vertex 114.51 193.8 99.7172
    endloop
  endfacet
  facet normal -0.923513 -0 -0.383568
    outer loop
      vertex 114.172 193.8 100.531
      vertex 114.51 193 99.7172
      vertex 114.172 193 100.531
    endloop
  endfacet
  facet normal -0.975959 0 -0.217953
    outer loop
      vertex 114.172 193 100.531
      vertex 113.969 193.8 101.44
      vertex 114.172 193.8 100.531
    endloop
  endfacet
  facet normal -0.975959 -0 -0.217953
    outer loop
      vertex 113.969 193.8 101.44
      vertex 114.172 193 100.531
      vertex 113.969 193 101.44
    endloop
  endfacet
  facet normal -0.997723 0 -0.0674405
    outer loop
      vertex 113.969 193 101.44
      vertex 113.901 193.8 102.446
      vertex 113.969 193.8 101.44
    endloop
  endfacet
  facet normal -0.997723 -0 -0.0674405
    outer loop
      vertex 113.901 193.8 102.446
      vertex 113.969 193 101.44
      vertex 113.901 193 102.446
    endloop
  endfacet
  facet normal -0.997723 0 0.0674405
    outer loop
      vertex 113.901 193 102.446
      vertex 113.969 193.8 103.452
      vertex 113.901 193.8 102.446
    endloop
  endfacet
  facet normal -0.997723 0 0.0674405
    outer loop
      vertex 113.969 193.8 103.452
      vertex 113.901 193 102.446
      vertex 113.969 193 103.452
    endloop
  endfacet
  facet normal -0.975959 0 0.217953
    outer loop
      vertex 113.969 193 103.452
      vertex 114.172 193.8 104.361
      vertex 113.969 193.8 103.452
    endloop
  endfacet
  facet normal -0.975959 0 0.217953
    outer loop
      vertex 114.172 193.8 104.361
      vertex 113.969 193 103.452
      vertex 114.172 193 104.361
    endloop
  endfacet
  facet normal -0.923546 0 0.383487
    outer loop
      vertex 114.172 193 104.361
      vertex 114.51 193.8 105.175
      vertex 114.172 193.8 104.361
    endloop
  endfacet
  facet normal -0.923546 0 0.383487
    outer loop
      vertex 114.51 193.8 105.175
      vertex 114.172 193 104.361
      vertex 114.51 193 105.175
    endloop
  endfacet
  facet normal -0.834192 0 0.551474
    outer loop
      vertex 114.51 193 105.175
      vertex 114.984 193.8 105.892
      vertex 114.51 193.8 105.175
    endloop
  endfacet
  facet normal -0.834192 0 0.551474
    outer loop
      vertex 114.984 193.8 105.892
      vertex 114.51 193 105.175
      vertex 114.984 193 105.892
    endloop
  endfacet
  facet normal -0.71195 0 0.70223
    outer loop
      vertex 114.984 193 105.892
      vertex 115.562 193.8 106.478
      vertex 114.984 193.8 105.892
    endloop
  endfacet
  facet normal -0.71195 0 0.70223
    outer loop
      vertex 115.562 193.8 106.478
      vertex 114.984 193 105.892
      vertex 115.562 193 106.478
    endloop
  endfacet
  facet normal -0.538542 0 0.842599
    outer loop
      vertex 115.562 193.8 106.478
      vertex 116.216 193 106.896
      vertex 116.216 193.8 106.896
    endloop
  endfacet
  facet normal -0.538542 0 0.842599
    outer loop
      vertex 116.216 193 106.896
      vertex 115.562 193.8 106.478
      vertex 115.562 193 106.478
    endloop
  endfacet
  facet normal -0.325152 0 0.945662
    outer loop
      vertex 116.216 193.8 106.896
      vertex 116.946 193 107.147
      vertex 116.946 193.8 107.147
    endloop
  endfacet
  facet normal -0.325152 0 0.945662
    outer loop
      vertex 116.946 193 107.147
      vertex 116.216 193.8 106.896
      vertex 116.216 193 106.896
    endloop
  endfacet
  facet normal -0.103912 0 0.994586
    outer loop
      vertex 116.946 193.8 107.147
      vertex 117.75 193 107.231
      vertex 117.75 193.8 107.231
    endloop
  endfacet
  facet normal -0.103912 0 0.994586
    outer loop
      vertex 117.75 193 107.231
      vertex 116.946 193.8 107.147
      vertex 116.946 193 107.147
    endloop
  endfacet
  facet normal 0.0518781 0 0.998653
    outer loop
      vertex 117.75 193.8 107.231
      vertex 118.212 193 107.207
      vertex 118.212 193.8 107.207
    endloop
  endfacet
  facet normal 0.0518781 0 0.998653
    outer loop
      vertex 118.212 193 107.207
      vertex 117.75 193.8 107.231
      vertex 117.75 193 107.231
    endloop
  endfacet
  facet normal 0.317717 0 -0.948186
    outer loop
      vertex 118.014 193 104.94
      vertex 118.396 193.8 105.068
      vertex 118.396 193 105.068
    endloop
  endfacet
  facet normal 0.317717 0 -0.948186
    outer loop
      vertex 118.396 193.8 105.068
      vertex 118.014 193 104.94
      vertex 118.014 193.8 104.94
    endloop
  endfacet
  facet normal 0.546424 0 -0.837509
    outer loop
      vertex 117.686 193 104.726
      vertex 118.014 193.8 104.94
      vertex 118.014 193 104.94
    endloop
  endfacet
  facet normal 0.546424 0 -0.837509
    outer loop
      vertex 118.014 193.8 104.94
      vertex 117.686 193 104.726
      vertex 117.686 193.8 104.726
    endloop
  endfacet
  facet normal 0.738485 0 -0.674269
    outer loop
      vertex 117.686 193 104.726
      vertex 117.413 193.8 104.427
      vertex 117.686 193.8 104.726
    endloop
  endfacet
  facet normal 0.738485 0 -0.674269
    outer loop
      vertex 117.413 193.8 104.427
      vertex 117.686 193 104.726
      vertex 117.413 193 104.427
    endloop
  endfacet
  facet normal 0.869367 0 -0.494167
    outer loop
      vertex 117.413 193 104.427
      vertex 117.197 193.8 104.047
      vertex 117.413 193.8 104.427
    endloop
  endfacet
  facet normal 0.869367 0 -0.494167
    outer loop
      vertex 117.197 193.8 104.047
      vertex 117.413 193 104.427
      vertex 117.197 193 104.047
    endloop
  endfacet
  facet normal 0.947852 0 -0.31871
    outer loop
      vertex 117.197 193 104.047
      vertex 117.043 193.8 103.589
      vertex 117.197 193.8 104.047
    endloop
  endfacet
  facet normal 0.947852 0 -0.31871
    outer loop
      vertex 117.043 193.8 103.589
      vertex 117.197 193 104.047
      vertex 117.043 193 103.589
    endloop
  endfacet
  facet normal 0.985534 0 -0.169475
    outer loop
      vertex 117.043 193 103.589
      vertex 116.951 193.8 103.054
      vertex 117.043 193.8 103.589
    endloop
  endfacet
  facet normal 0.985534 0 -0.169475
    outer loop
      vertex 116.951 193.8 103.054
      vertex 117.043 193 103.589
      vertex 116.951 193 103.054
    endloop
  endfacet
  facet normal 0.99872 0 -0.0505887
    outer loop
      vertex 116.951 193 103.054
      vertex 116.92 193.8 102.442
      vertex 116.951 193.8 103.054
    endloop
  endfacet
  facet normal 0.99872 0 -0.0505887
    outer loop
      vertex 116.92 193.8 102.442
      vertex 116.951 193 103.054
      vertex 116.92 193 102.442
    endloop
  endfacet
  facet normal 0.99872 -0 0.0505887
    outer loop
      vertex 116.92 193 102.442
      vertex 116.951 193.8 101.83
      vertex 116.92 193.8 102.442
    endloop
  endfacet
  facet normal 0.99872 0 0.0505887
    outer loop
      vertex 116.951 193.8 101.83
      vertex 116.92 193 102.442
      vertex 116.951 193 101.83
    endloop
  endfacet
  facet normal 0.985534 -0 0.169475
    outer loop
      vertex 116.951 193 101.83
      vertex 117.043 193.8 101.295
      vertex 116.951 193.8 101.83
    endloop
  endfacet
  facet normal 0.985534 0 0.169475
    outer loop
      vertex 117.043 193.8 101.295
      vertex 116.951 193 101.83
      vertex 117.043 193 101.295
    endloop
  endfacet
  facet normal 0.947852 -0 0.31871
    outer loop
      vertex 117.043 193 101.295
      vertex 117.197 193.8 100.837
      vertex 117.043 193.8 101.295
    endloop
  endfacet
  facet normal 0.947852 0 0.31871
    outer loop
      vertex 117.197 193.8 100.837
      vertex 117.043 193 101.295
      vertex 117.197 193 100.837
    endloop
  endfacet
  facet normal 0.869367 -0 0.494167
    outer loop
      vertex 117.197 193 100.837
      vertex 117.413 193.8 100.457
      vertex 117.197 193.8 100.837
    endloop
  endfacet
  facet normal 0.869367 0 0.494167
    outer loop
      vertex 117.413 193.8 100.457
      vertex 117.197 193 100.837
      vertex 117.413 193 100.457
    endloop
  endfacet
  facet normal 0.738485 -0 0.674269
    outer loop
      vertex 117.413 193 100.457
      vertex 117.686 193.8 100.158
      vertex 117.413 193.8 100.457
    endloop
  endfacet
  facet normal 0.738485 0 0.674269
    outer loop
      vertex 117.686 193.8 100.158
      vertex 117.413 193 100.457
      vertex 117.686 193 100.158
    endloop
  endfacet
  facet normal 0.546065 0 0.837743
    outer loop
      vertex 117.686 193.8 100.158
      vertex 118.014 193 99.9442
      vertex 118.014 193.8 99.9442
    endloop
  endfacet
  facet normal 0.546065 0 0.837743
    outer loop
      vertex 118.014 193 99.9442
      vertex 117.686 193.8 100.158
      vertex 117.686 193 100.158
    endloop
  endfacet
  facet normal 0.318163 0 0.948036
    outer loop
      vertex 118.014 193.8 99.9442
      vertex 118.396 193 99.816
      vertex 118.396 193.8 99.816
    endloop
  endfacet
  facet normal 0.318163 0 0.948036
    outer loop
      vertex 118.396 193 99.816
      vertex 118.014 193.8 99.9442
      vertex 118.014 193 99.9442
    endloop
  endfacet
  facet normal 0.0972485 0 0.99526
    outer loop
      vertex 118.396 193.8 99.816
      vertex 118.833 193 99.7733
      vertex 118.833 193.8 99.7733
    endloop
  endfacet
  facet normal 0.0972485 0 0.99526
    outer loop
      vertex 118.833 193 99.7733
      vertex 118.396 193.8 99.816
      vertex 118.396 193 99.816
    endloop
  endfacet
  facet normal -0.0965917 0 0.995324
    outer loop
      vertex 118.833 193.8 99.7733
      vertex 119.273 193 99.816
      vertex 119.273 193.8 99.816
    endloop
  endfacet
  facet normal -0.0965917 0 0.995324
    outer loop
      vertex 119.273 193 99.816
      vertex 118.833 193.8 99.7733
      vertex 118.833 193 99.7733
    endloop
  endfacet
  facet normal -0.315932 0 0.948782
    outer loop
      vertex 119.273 193.8 99.816
      vertex 119.658 193 99.9442
      vertex 119.658 193.8 99.9442
    endloop
  endfacet
  facet normal -0.315932 0 0.948782
    outer loop
      vertex 119.658 193 99.9442
      vertex 119.273 193.8 99.816
      vertex 119.273 193 99.816
    endloop
  endfacet
  facet normal -0.544899 0 0.838502
    outer loop
      vertex 119.658 193.8 99.9442
      vertex 119.987 193 100.158
      vertex 119.987 193.8 100.158
    endloop
  endfacet
  facet normal -0.544899 0 0.838502
    outer loop
      vertex 119.987 193 100.158
      vertex 119.658 193.8 99.9442
      vertex 119.658 193 99.9442
    endloop
  endfacet
  facet normal -0.737256 0 0.675613
    outer loop
      vertex 119.987 193 100.158
      vertex 120.261 193.8 100.457
      vertex 119.987 193.8 100.158
    endloop
  endfacet
  facet normal -0.737256 0 0.675613
    outer loop
      vertex 120.261 193.8 100.457
      vertex 119.987 193 100.158
      vertex 120.261 193 100.457
    endloop
  endfacet
  facet normal -0.870349 0 0.492435
    outer loop
      vertex 120.261 193 100.457
      vertex 120.476 193.8 100.837
      vertex 120.261 193.8 100.457
    endloop
  endfacet
  facet normal -0.870349 0 0.492435
    outer loop
      vertex 120.476 193.8 100.837
      vertex 120.261 193 100.457
      vertex 120.476 193 100.837
    endloop
  endfacet
  facet normal -0.947852 0 0.31871
    outer loop
      vertex 120.476 193 100.837
      vertex 120.63 193.8 101.295
      vertex 120.476 193.8 100.837
    endloop
  endfacet
  facet normal -0.947852 0 0.31871
    outer loop
      vertex 120.63 193.8 101.295
      vertex 120.476 193 100.837
      vertex 120.63 193 101.295
    endloop
  endfacet
  facet normal -0.985534 0 0.169475
    outer loop
      vertex 120.63 193 101.295
      vertex 120.722 193.8 101.83
      vertex 120.63 193.8 101.295
    endloop
  endfacet
  facet normal -0.985534 0 0.169475
    outer loop
      vertex 120.722 193.8 101.83
      vertex 120.63 193 101.295
      vertex 120.722 193 101.83
    endloop
  endfacet
  facet normal -0.99872 0 0.0505887
    outer loop
      vertex 120.722 193 101.83
      vertex 120.753 193.8 102.442
      vertex 120.722 193.8 101.83
    endloop
  endfacet
  facet normal -0.99872 0 0.0505887
    outer loop
      vertex 120.753 193.8 102.442
      vertex 120.722 193 101.83
      vertex 120.753 193 102.442
    endloop
  endfacet
  facet normal -0.99872 0 -0.0505887
    outer loop
      vertex 120.753 193 102.442
      vertex 120.722 193.8 103.054
      vertex 120.753 193.8 102.442
    endloop
  endfacet
  facet normal -0.99872 -0 -0.0505887
    outer loop
      vertex 120.722 193.8 103.054
      vertex 120.753 193 102.442
      vertex 120.722 193 103.054
    endloop
  endfacet
  facet normal -0.985534 0 -0.169475
    outer loop
      vertex 120.722 193 103.054
      vertex 120.63 193.8 103.589
      vertex 120.722 193.8 103.054
    endloop
  endfacet
  facet normal -0.985534 -0 -0.169475
    outer loop
      vertex 120.63 193.8 103.589
      vertex 120.722 193 103.054
      vertex 120.63 193 103.589
    endloop
  endfacet
  facet normal -0.947852 0 -0.31871
    outer loop
      vertex 120.63 193 103.589
      vertex 120.476 193.8 104.047
      vertex 120.63 193.8 103.589
    endloop
  endfacet
  facet normal -0.947852 -0 -0.31871
    outer loop
      vertex 120.476 193.8 104.047
      vertex 120.63 193 103.589
      vertex 120.476 193 104.047
    endloop
  endfacet
  facet normal -0.870349 0 -0.492435
    outer loop
      vertex 120.476 193 104.047
      vertex 120.261 193.8 104.427
      vertex 120.476 193.8 104.047
    endloop
  endfacet
  facet normal -0.870349 -0 -0.492435
    outer loop
      vertex 120.261 193.8 104.427
      vertex 120.476 193 104.047
      vertex 120.261 193 104.427
    endloop
  endfacet
  facet normal -0.737256 0 -0.675613
    outer loop
      vertex 120.261 193 104.427
      vertex 119.987 193.8 104.726
      vertex 120.261 193.8 104.427
    endloop
  endfacet
  facet normal -0.737256 -0 -0.675613
    outer loop
      vertex 119.987 193.8 104.726
      vertex 120.261 193 104.427
      vertex 119.987 193 104.726
    endloop
  endfacet
  facet normal -0.545257 0 -0.838269
    outer loop
      vertex 119.658 193 104.94
      vertex 119.987 193.8 104.726
      vertex 119.987 193 104.726
    endloop
  endfacet
  facet normal -0.545257 0 -0.838269
    outer loop
      vertex 119.987 193.8 104.726
      vertex 119.658 193 104.94
      vertex 119.658 193.8 104.94
    endloop
  endfacet
  facet normal -0.315488 0 -0.948929
    outer loop
      vertex 119.273 193 105.068
      vertex 119.658 193.8 104.94
      vertex 119.658 193 104.94
    endloop
  endfacet
  facet normal -0.315488 0 -0.948929
    outer loop
      vertex 119.658 193.8 104.94
      vertex 119.273 193 105.068
      vertex 119.273 193.8 105.068
    endloop
  endfacet
  facet normal -0.0972639 0 -0.995259
    outer loop
      vertex 118.833 193 105.111
      vertex 119.273 193.8 105.068
      vertex 119.273 193 105.068
    endloop
  endfacet
  facet normal -0.0972639 0 -0.995259
    outer loop
      vertex 119.273 193.8 105.068
      vertex 118.833 193 105.111
      vertex 118.833 193.8 105.111
    endloop
  endfacet
  facet normal 0.0979252 0 -0.995194
    outer loop
      vertex 118.396 193 105.068
      vertex 118.833 193.8 105.111
      vertex 118.833 193 105.111
    endloop
  endfacet
  facet normal 0.0979252 0 -0.995194
    outer loop
      vertex 118.833 193.8 105.111
      vertex 118.396 193 105.068
      vertex 118.396 193.8 105.068
    endloop
  endfacet
  facet normal -0.73025 0 0.68318
    outer loop
      vertex 62.4942 193 103.191
      vertex 66.0502 193.8 106.992
      vertex 62.4942 193.8 103.191
    endloop
  endfacet
  facet normal -0.73025 0 0.68318
    outer loop
      vertex 66.0502 193.8 106.992
      vertex 62.4942 193 103.191
      vertex 66.0502 193 106.992
    endloop
  endfacet
  facet normal -0 0 1
    outer loop
      vertex 66.0502 193.8 106.992
      vertex 69.5818 193 106.992
      vertex 69.5818 193.8 106.992
    endloop
  endfacet
  facet normal 0 0 1
    outer loop
      vertex 69.5818 193 106.992
      vertex 66.0502 193.8 106.992
      vertex 66.0502 193 106.992
    endloop
  endfacet
  facet normal 0.716559 0 -0.697526
    outer loop
      vertex 69.5818 193 106.992
      vertex 64.7808 193.8 102.06
      vertex 69.5818 193.8 106.992
    endloop
  endfacet
  facet normal 0.716559 0 -0.697526
    outer loop
      vertex 64.7808 193.8 102.06
      vertex 69.5818 193 106.992
      vertex 64.7808 193 102.06
    endloop
  endfacet
  facet normal 0.684881 0 0.728655
    outer loop
      vertex 64.7808 193.8 102.06
      vertex 69.2319 193 97.8763
      vertex 69.2319 193.8 97.8763
    endloop
  endfacet
  facet normal 0.684881 0 0.728655
    outer loop
      vertex 69.2319 193 97.8763
      vertex 64.7808 193.8 102.06
      vertex 64.7808 193 102.06
    endloop
  endfacet
  facet normal 0 0 -1
    outer loop
      vertex 65.8467 193 97.8763
      vertex 69.2319 193.8 97.8763
      vertex 69.2319 193 97.8763
    endloop
  endfacet
  facet normal -0 0 -1
    outer loop
      vertex 69.2319 193.8 97.8763
      vertex 65.8467 193 97.8763
      vertex 65.8467 193.8 97.8763
    endloop
  endfacet
  facet normal -0.706389 0 -0.707824
    outer loop
      vertex 62.4942 193 101.222
      vertex 65.8467 193.8 97.8763
      vertex 65.8467 193 97.8763
    endloop
  endfacet
  facet normal -0.706389 0 -0.707824
    outer loop
      vertex 65.8467 193.8 97.8763
      vertex 62.4942 193 101.222
      vertex 62.4942 193.8 101.222
    endloop
  endfacet
  facet normal 1 -0 0
    outer loop
      vertex 62.4942 193 101.222
      vertex 62.4942 193.8 94.3282
      vertex 62.4942 193.8 101.222
    endloop
  endfacet
  facet normal 1 0 0
    outer loop
      vertex 62.4942 193.8 94.3282
      vertex 62.4942 193 101.222
      vertex 62.4942 193 94.3282
    endloop
  endfacet
  facet normal 0 0 -1
    outer loop
      vertex 59.5809 193 94.3282
      vertex 62.4942 193.8 94.3282
      vertex 62.4942 193 94.3282
    endloop
  endfacet
  facet normal -0 0 -1
    outer loop
      vertex 62.4942 193.8 94.3282
      vertex 59.5809 193 94.3282
      vertex 59.5809 193.8 94.3282
    endloop
  endfacet
  facet normal -1 0 0
    outer loop
      vertex 59.5809 193 94.3282
      vertex 59.5809 193.8 106.992
      vertex 59.5809 193.8 94.3282
    endloop
  endfacet
  facet normal -1 -0 0
    outer loop
      vertex 59.5809 193.8 106.992
      vertex 59.5809 193 94.3282
      vertex 59.5809 193 106.992
    endloop
  endfacet
  facet normal -0 0 1
    outer loop
      vertex 59.5809 193.8 106.992
      vertex 62.4942 193 106.992
      vertex 62.4942 193.8 106.992
    endloop
  endfacet
  facet normal 0 0 1
    outer loop
      vertex 62.4942 193 106.992
      vertex 59.5809 193.8 106.992
      vertex 59.5809 193 106.992
    endloop
  endfacet
  facet normal 1 -0 0
    outer loop
      vertex 62.4942 193 106.992
      vertex 62.4942 193.8 103.191
      vertex 62.4942 193.8 106.992
    endloop
  endfacet
  facet normal 1 0 0
    outer loop
      vertex 62.4942 193.8 103.191
      vertex 62.4942 193 106.992
      vertex 62.4942 193 103.191
    endloop
  endfacet
  facet normal 0 0 -1
    outer loop
      vertex 92.197 193 104.911
      vertex 93.6942 193.8 104.911
      vertex 93.6942 193 104.911
    endloop
  endfacet
  facet normal -0 0 -1
    outer loop
      vertex 93.6942 193.8 104.911
      vertex 92.197 193 104.911
      vertex 92.197 193.8 104.911
    endloop
  endfacet
  facet normal 0.0407468 0 -0.99917
    outer loop
      vertex 91.8537 193 104.897
      vertex 92.197 193.8 104.911
      vertex 92.197 193 104.911
    endloop
  endfacet
  facet normal 0.0407468 0 -0.99917
    outer loop
      vertex 92.197 193.8 104.911
      vertex 91.8537 193 104.897
      vertex 91.8537 193.8 104.897
    endloop
  endfacet
  facet normal 0.14767 0 -0.989037
    outer loop
      vertex 91.5724 193 104.855
      vertex 91.8537 193.8 104.897
      vertex 91.8537 193 104.897
    endloop
  endfacet
  facet normal 0.14767 0 -0.989037
    outer loop
      vertex 91.8537 193.8 104.897
      vertex 91.5724 193 104.855
      vertex 91.5724 193.8 104.855
    endloop
  endfacet
  facet normal 0.304208 0 -0.952606
    outer loop
      vertex 91.3532 193 104.785
      vertex 91.5724 193.8 104.855
      vertex 91.5724 193 104.855
    endloop
  endfacet
  facet normal 0.304208 0 -0.952606
    outer loop
      vertex 91.5724 193.8 104.855
      vertex 91.3532 193 104.785
      vertex 91.3532 193.8 104.785
    endloop
  endfacet
  facet normal 0.529028 0 -0.848604
    outer loop
      vertex 91.196 193 104.687
      vertex 91.3532 193.8 104.785
      vertex 91.3532 193 104.785
    endloop
  endfacet
  facet normal 0.529028 0 -0.848604
    outer loop
      vertex 91.3532 193.8 104.785
      vertex 91.196 193 104.687
      vertex 91.196 193.8 104.687
    endloop
  endfacet
  facet normal 0.780869 0 -0.624695
    outer loop
      vertex 91.196 193 104.687
      vertex 91.0856 193.8 104.549
      vertex 91.196 193.8 104.687
    endloop
  endfacet
  facet normal 0.780869 0 -0.624695
    outer loop
      vertex 91.0856 193.8 104.549
      vertex 91.196 193 104.687
      vertex 91.0856 193 104.549
    endloop
  endfacet
  facet normal 0.92299 0 -0.384823
    outer loop
      vertex 91.0856 193 104.549
      vertex 91.0068 193.8 104.36
      vertex 91.0856 193.8 104.549
    endloop
  endfacet
  facet normal 0.92299 0 -0.384823
    outer loop
      vertex 91.0068 193.8 104.36
      vertex 91.0856 193 104.549
      vertex 91.0068 193 104.36
    endloop
  endfacet
  facet normal 0.981127 0 -0.193364
    outer loop
      vertex 91.0068 193 104.36
      vertex 90.9595 193.8 104.12
      vertex 91.0068 193.8 104.36
    endloop
  endfacet
  facet normal 0.981127 0 -0.193364
    outer loop
      vertex 90.9595 193.8 104.12
      vertex 91.0068 193 104.36
      vertex 90.9595 193 104.12
    endloop
  endfacet
  facet normal 0.998539 0 -0.0540306
    outer loop
      vertex 90.9595 193 104.12
      vertex 90.9437 193.8 103.828
      vertex 90.9595 193.8 104.12
    endloop
  endfacet
  facet normal 0.998539 0 -0.0540306
    outer loop
      vertex 90.9437 193.8 103.828
      vertex 90.9595 193 104.12
      vertex 90.9437 193 103.828
    endloop
  endfacet
  facet normal 1 -0 0
    outer loop
      vertex 90.9437 193 103.828
      vertex 90.9437 193.8 99.9576
      vertex 90.9437 193.8 103.828
    endloop
  endfacet
  facet normal 1 0 0
    outer loop
      vertex 90.9437 193.8 99.9576
      vertex 90.9437 193 103.828
      vertex 90.9437 193 99.9576
    endloop
  endfacet
  facet normal -0 0 1
    outer loop
      vertex 90.9437 193.8 99.9576
      vertex 93.9465 193 99.9576
      vertex 93.9465 193.8 99.9576
    endloop
  endfacet
  facet normal 0 0 1
    outer loop
      vertex 93.9465 193 99.9576
      vertex 90.9437 193.8 99.9576
      vertex 90.9437 193 99.9576
    endloop
  endfacet
  facet normal 1 -0 0
    outer loop
      vertex 93.9465 193 99.9576
      vertex 93.9465 193.8 97.8763
      vertex 93.9465 193.8 99.9576
    endloop
  endfacet
  facet normal 1 0 0
    outer loop
      vertex 93.9465 193.8 97.8763
      vertex 93.9465 193 99.9576
      vertex 93.9465 193 97.8763
    endloop
  endfacet
  facet normal 0 0 -1
    outer loop
      vertex 90.9437 193 97.8763
      vertex 93.9465 193.8 97.8763
      vertex 93.9465 193 97.8763
    endloop
  endfacet
  facet normal -0 0 -1
    outer loop
      vertex 93.9465 193.8 97.8763
      vertex 90.9437 193 97.8763
      vertex 90.9437 193.8 97.8763
    endloop
  endfacet
  facet normal 1 -0 0
    outer loop
      vertex 90.9437 193 97.8763
      vertex 90.9437 193.8 95.2882
      vertex 90.9437 193.8 97.8763
    endloop
  endfacet
  facet normal 1 0 0
    outer loop
      vertex 90.9437 193.8 95.2882
      vertex 90.9437 193 97.8763
      vertex 90.9437 193 95.2882
    endloop
  endfacet
  facet normal 0 0 -1
    outer loop
      vertex 88.0306 193 95.2882
      vertex 90.9437 193.8 95.2882
      vertex 90.9437 193 95.2882
    endloop
  endfacet
  facet normal -0 0 -1
    outer loop
      vertex 90.9437 193.8 95.2882
      vertex 88.0306 193 95.2882
      vertex 88.0306 193.8 95.2882
    endloop
  endfacet
  facet normal -1 0 0
    outer loop
      vertex 88.0306 193 95.2882
      vertex 88.0306 193.8 97.8763
      vertex 88.0306 193.8 95.2882
    endloop
  endfacet
  facet normal -1 -0 0
    outer loop
      vertex 88.0306 193.8 97.8763
      vertex 88.0306 193 95.2882
      vertex 88.0306 193 97.8763
    endloop
  endfacet
  facet normal 0 0 -1
    outer loop
      vertex 86.5821 193 97.8763
      vertex 88.0306 193.8 97.8763
      vertex 88.0306 193 97.8763
    endloop
  endfacet
  facet normal -0 0 -1
    outer loop
      vertex 88.0306 193.8 97.8763
      vertex 86.5821 193 97.8763
      vertex 86.5821 193.8 97.8763
    endloop
  endfacet
  facet normal -1 0 0
    outer loop
      vertex 86.5821 193 97.8763
      vertex 86.5821 193.8 99.9576
      vertex 86.5821 193.8 97.8763
    endloop
  endfacet
  facet normal -1 -0 0
    outer loop
      vertex 86.5821 193.8 99.9576
      vertex 86.5821 193 97.8763
      vertex 86.5821 193 99.9576
    endloop
  endfacet
  facet normal -0 0 1
    outer loop
      vertex 86.5821 193.8 99.9576
      vertex 88.0306 193 99.9576
      vertex 88.0306 193.8 99.9576
    endloop
  endfacet
  facet normal 0 0 1
    outer loop
      vertex 88.0306 193 99.9576
      vertex 86.5821 193.8 99.9576
      vertex 86.5821 193 99.9576
    endloop
  endfacet
  facet normal -1 0 0
    outer loop
      vertex 88.0306 193 99.9576
      vertex 88.0306 193.8 103.828
      vertex 88.0306 193.8 99.9576
    endloop
  endfacet
  facet normal -1 -0 0
    outer loop
      vertex 88.0306 193.8 103.828
      vertex 88.0306 193 99.9576
      vertex 88.0306 193 103.828
    endloop
  endfacet
  facet normal -0.998418 0 0.0562313
    outer loop
      vertex 88.0306 193 103.828
      vertex 88.0756 193.8 104.627
      vertex 88.0306 193.8 103.828
    endloop
  endfacet
  facet normal -0.998418 0 0.0562313
    outer loop
      vertex 88.0756 193.8 104.627
      vertex 88.0306 193 103.828
      vertex 88.0756 193 104.627
    endloop
  endfacet
  facet normal -0.980525 0 0.196396
    outer loop
      vertex 88.0756 193 104.627
      vertex 88.2106 193.8 105.301
      vertex 88.0756 193.8 104.627
    endloop
  endfacet
  facet normal -0.980525 0 0.196396
    outer loop
      vertex 88.2106 193.8 105.301
      vertex 88.0756 193 104.627
      vertex 88.2106 193 105.301
    endloop
  endfacet
  facet normal -0.925246 0 0.379368
    outer loop
      vertex 88.2106 193 105.301
      vertex 88.4357 193.8 105.85
      vertex 88.2106 193.8 105.301
    endloop
  endfacet
  facet normal -0.925246 0 0.379368
    outer loop
      vertex 88.4357 193.8 105.85
      vertex 88.2106 193 105.301
      vertex 88.4357 193 105.85
    endloop
  endfacet
  facet normal -0.801365 0 0.598175
    outer loop
      vertex 88.4357 193 105.85
      vertex 88.7507 193.8 106.272
      vertex 88.4357 193.8 105.85
    endloop
  endfacet
  facet normal -0.801365 0 0.598175
    outer loop
      vertex 88.7507 193.8 106.272
      vertex 88.4357 193 105.85
      vertex 88.7507 193 106.272
    endloop
  endfacet
  facet normal -0.597266 0 0.802043
    outer loop
      vertex 88.7507 193.8 106.272
      vertex 89.1737 193 106.587
      vertex 89.1737 193.8 106.587
    endloop
  endfacet
  facet normal -0.597266 0 0.802043
    outer loop
      vertex 89.1737 193 106.587
      vertex 88.7507 193.8 106.272
      vertex 88.7507 193 106.272
    endloop
  endfacet
  facet normal -0.379519 0 0.925184
    outer loop
      vertex 89.1737 193.8 106.587
      vertex 89.7222 193 106.812
      vertex 89.7222 193.8 106.812
    endloop
  endfacet
  facet normal -0.379519 0 0.925184
    outer loop
      vertex 89.7222 193 106.812
      vertex 89.1737 193.8 106.587
      vertex 89.1737 193 106.587
    endloop
  endfacet
  facet normal -0.196368 0 0.98053
    outer loop
      vertex 89.7222 193.8 106.812
      vertex 90.3963 193 106.947
      vertex 90.3963 193.8 106.947
    endloop
  endfacet
  facet normal -0.196368 0 0.98053
    outer loop
      vertex 90.3963 193 106.947
      vertex 89.7222 193.8 106.812
      vertex 89.7222 193 106.812
    endloop
  endfacet
  facet normal -0.0561752 0 0.998421
    outer loop
      vertex 90.3963 193.8 106.947
      vertex 91.1961 193 106.992
      vertex 91.1961 193.8 106.992
    endloop
  endfacet
  facet normal -0.0561752 0 0.998421
    outer loop
      vertex 91.1961 193 106.992
      vertex 90.3963 193.8 106.947
      vertex 90.3963 193 106.947
    endloop
  endfacet
  facet normal -0 0 1
    outer loop
      vertex 91.1961 193.8 106.992
      vertex 93.6942 193 106.992
      vertex 93.6942 193.8 106.992
    endloop
  endfacet
  facet normal 0 0 1
    outer loop
      vertex 93.6942 193 106.992
      vertex 91.1961 193.8 106.992
      vertex 91.1961 193 106.992
    endloop
  endfacet
  facet normal 1 -0 0
    outer loop
      vertex 93.6942 193 106.992
      vertex 93.6942 193.8 104.911
      vertex 93.6942 193.8 106.992
    endloop
  endfacet
  facet normal 1 0 0
    outer loop
      vertex 93.6942 193.8 104.911
      vertex 93.6942 193 106.992
      vertex 93.6942 193 104.911
    endloop
  endfacet
  facet normal 0.0713842 0 0.997449
    outer loop
      vertex 131.252 193.8 107.218
      vertex 131.769 193 107.181
      vertex 131.769 193.8 107.181
    endloop
  endfacet
  facet normal 0.0713842 0 0.997449
    outer loop
      vertex 131.769 193 107.181
      vertex 131.252 193.8 107.218
      vertex 131.252 193 107.218
    endloop
  endfacet
  facet normal 0.120962 0 0.992657
    outer loop
      vertex 131.769 193.8 107.181
      vertex 132.286 193 107.118
      vertex 132.286 193.8 107.118
    endloop
  endfacet
  facet normal 0.120962 0 0.992657
    outer loop
      vertex 132.286 193 107.118
      vertex 131.769 193.8 107.181
      vertex 131.769 193 107.181
    endloop
  endfacet
  facet normal 0.165945 0 0.986135
    outer loop
      vertex 132.286 193.8 107.118
      vertex 132.803 193 107.031
      vertex 132.803 193.8 107.031
    endloop
  endfacet
  facet normal 0.165945 0 0.986135
    outer loop
      vertex 132.803 193 107.031
      vertex 132.286 193.8 107.118
      vertex 132.286 193 107.118
    endloop
  endfacet
  facet normal 0.212115 0 0.977245
    outer loop
      vertex 132.803 193.8 107.031
      vertex 133.319 193 106.919
      vertex 133.319 193.8 106.919
    endloop
  endfacet
  facet normal 0.212115 0 0.977245
    outer loop
      vertex 133.319 193 106.919
      vertex 132.803 193.8 107.031
      vertex 132.803 193 107.031
    endloop
  endfacet
  facet normal 0.254401 0 0.967099
    outer loop
      vertex 133.319 193.8 106.919
      vertex 133.836 193 106.783
      vertex 133.836 193.8 106.783
    endloop
  endfacet
  facet normal 0.254401 0 0.967099
    outer loop
      vertex 133.836 193 106.783
      vertex 133.319 193.8 106.919
      vertex 133.319 193 106.919
    endloop
  endfacet
  facet normal 0.295644 0 0.955298
    outer loop
      vertex 133.836 193.8 106.783
      vertex 134.353 193 106.623
      vertex 134.353 193.8 106.623
    endloop
  endfacet
  facet normal 0.295644 0 0.955298
    outer loop
      vertex 134.353 193 106.623
      vertex 133.836 193.8 106.783
      vertex 133.836 193 106.783
    endloop
  endfacet
  facet normal 0.333678 0 0.942687
    outer loop
      vertex 134.353 193.8 106.623
      vertex 134.87 193 106.44
      vertex 134.87 193.8 106.44
    endloop
  endfacet
  facet normal 0.333678 0 0.942687
    outer loop
      vertex 134.87 193 106.44
      vertex 134.353 193.8 106.623
      vertex 134.353 193 106.623
    endloop
  endfacet
  facet normal 1 -0 0
    outer loop
      vertex 134.87 193 106.44
      vertex 134.87 193.8 104.197
      vertex 134.87 193.8 106.44
    endloop
  endfacet
  facet normal 1 0 0
    outer loop
      vertex 134.87 193.8 104.197
      vertex 134.87 193 106.44
      vertex 134.87 193 104.197
    endloop
  endfacet
  facet normal -0.455638 0 -0.890165
    outer loop
      vertex 134.364 193 104.456
      vertex 134.87 193.8 104.197
      vertex 134.87 193 104.197
    endloop
  endfacet
  facet normal -0.455638 0 -0.890165
    outer loop
      vertex 134.87 193.8 104.197
      vertex 134.364 193 104.456
      vertex 134.364 193.8 104.456
    endloop
  endfacet
  facet normal -0.410212 0 -0.91199
    outer loop
      vertex 133.866 193 104.68
      vertex 134.364 193.8 104.456
      vertex 134.364 193 104.456
    endloop
  endfacet
  facet normal -0.410212 0 -0.91199
    outer loop
      vertex 134.364 193.8 104.456
      vertex 133.866 193 104.68
      vertex 133.866 193.8 104.68
    endloop
  endfacet
  facet normal -0.357964 0 -0.933736
    outer loop
      vertex 133.373 193 104.869
      vertex 133.866 193.8 104.68
      vertex 133.866 193 104.68
    endloop
  endfacet
  facet normal -0.357964 0 -0.933736
    outer loop
      vertex 133.866 193.8 104.68
      vertex 133.373 193 104.869
      vertex 133.373 193.8 104.869
    endloop
  endfacet
  facet normal -0.302636 0 -0.953106
    outer loop
      vertex 132.888 193 105.023
      vertex 133.373 193.8 104.869
      vertex 133.373 193 104.869
    endloop
  endfacet
  facet normal -0.302636 0 -0.953106
    outer loop
      vertex 133.373 193.8 104.869
      vertex 132.888 193 105.023
      vertex 132.888 193.8 105.023
    endloop
  endfacet
  facet normal -0.241105 0 -0.970499
    outer loop
      vertex 132.409 193 105.142
      vertex 132.888 193.8 105.023
      vertex 132.888 193 105.023
    endloop
  endfacet
  facet normal -0.241105 0 -0.970499
    outer loop
      vertex 132.888 193.8 105.023
      vertex 132.409 193 105.142
      vertex 132.409 193.8 105.142
    endloop
  endfacet
  facet normal -0.176509 0 -0.984299
    outer loop
      vertex 131.935 193 105.227
      vertex 132.409 193.8 105.142
      vertex 132.409 193 105.142
    endloop
  endfacet
  facet normal -0.176509 0 -0.984299
    outer loop
      vertex 132.409 193.8 105.142
      vertex 131.935 193 105.227
      vertex 131.935 193.8 105.227
    endloop
  endfacet
  facet normal -0.108333 0 -0.994115
    outer loop
      vertex 131.467 193 105.278
      vertex 131.935 193.8 105.227
      vertex 131.935 193 105.227
    endloop
  endfacet
  facet normal -0.108333 0 -0.994115
    outer loop
      vertex 131.935 193.8 105.227
      vertex 131.467 193 105.278
      vertex 131.467 193.8 105.278
    endloop
  endfacet
  facet normal -0.0366923 0 -0.999327
    outer loop
      vertex 131.004 193 105.295
      vertex 131.467 193.8 105.278
      vertex 131.467 193 105.278
    endloop
  endfacet
  facet normal -0.0366923 0 -0.999327
    outer loop
      vertex 131.467 193.8 105.278
      vertex 131.004 193 105.295
      vertex 131.004 193.8 105.295
    endloop
  endfacet
  facet normal 0.0593746 0 -0.998236
    outer loop
      vertex 130.466 193 105.263
      vertex 131.004 193.8 105.295
      vertex 131.004 193 105.295
    endloop
  endfacet
  facet normal 0.0593746 0 -0.998236
    outer loop
      vertex 131.004 193.8 105.295
      vertex 130.466 193 105.263
      vertex 130.466 193.8 105.263
    endloop
  endfacet
  facet normal 0.1981 0 -0.980182
    outer loop
      vertex 129.991 193 105.167
      vertex 130.466 193.8 105.263
      vertex 130.466 193 105.263
    endloop
  endfacet
  facet normal 0.1981 0 -0.980182
    outer loop
      vertex 130.466 193.8 105.263
      vertex 129.991 193 105.167
      vertex 129.991 193.8 105.167
    endloop
  endfacet
  facet normal 0.362009 0 -0.932174
    outer loop
      vertex 129.579 193 105.007
      vertex 129.991 193.8 105.167
      vertex 129.991 193 105.167
    endloop
  endfacet
  facet normal 0.362009 0 -0.932174
    outer loop
      vertex 129.991 193.8 105.167
      vertex 129.579 193 105.007
      vertex 129.579 193.8 105.007
    endloop
  endfacet
  facet normal 0.540148 0 -0.84157
    outer loop
      vertex 129.23 193 104.783
      vertex 129.579 193.8 105.007
      vertex 129.579 193 105.007
    endloop
  endfacet
  facet normal 0.540148 0 -0.84157
    outer loop
      vertex 129.579 193.8 105.007
      vertex 129.23 193 104.783
      vertex 129.23 193.8 104.783
    endloop
  endfacet
  facet normal 0.71325 0 -0.70091
    outer loop
      vertex 129.23 193 104.783
      vertex 128.946 193.8 104.494
      vertex 129.23 193.8 104.783
    endloop
  endfacet
  facet normal 0.71325 0 -0.70091
    outer loop
      vertex 128.946 193.8 104.494
      vertex 129.23 193 104.783
      vertex 128.946 193 104.494
    endloop
  endfacet
  facet normal 0.850162 0 -0.526521
    outer loop
      vertex 128.946 193 104.494
      vertex 128.728 193.8 104.142
      vertex 128.946 193.8 104.494
    endloop
  endfacet
  facet normal 0.850162 0 -0.526521
    outer loop
      vertex 128.728 193.8 104.142
      vertex 128.946 193 104.494
      vertex 128.728 193 104.142
    endloop
  endfacet
  facet normal 0.93953 0 -0.342467
    outer loop
      vertex 128.728 193 104.142
      vertex 128.576 193.8 103.725
      vertex 128.728 193.8 104.142
    endloop
  endfacet
  facet normal 0.93953 0 -0.342467
    outer loop
      vertex 128.576 193.8 103.725
      vertex 128.728 193 104.142
      vertex 128.576 193 103.725
    endloop
  endfacet
  facet normal 0.984326 0 -0.176358
    outer loop
      vertex 128.576 193 103.725
      vertex 128.49 193.8 103.245
      vertex 128.576 193.8 103.725
    endloop
  endfacet
  facet normal 0.984326 0 -0.176358
    outer loop
      vertex 128.49 193.8 103.245
      vertex 128.576 193 103.725
      vertex 128.49 193 103.245
    endloop
  endfacet
  facet normal -0 0 1
    outer loop
      vertex 128.49 193.8 103.245
      vertex 135.301 193 103.245
      vertex 135.301 193.8 103.245
    endloop
  endfacet
  facet normal 0 0 1
    outer loop
      vertex 135.301 193 103.245
      vertex 128.49 193.8 103.245
      vertex 128.49 193 103.245
    endloop
  endfacet
  facet normal 1 -0 0
    outer loop
      vertex 135.301 193 103.245
      vertex 135.301 193.8 102.415
      vertex 135.301 193.8 103.245
    endloop
  endfacet
  facet normal 1 0 0
    outer loop
      vertex 135.301 193.8 102.415
      vertex 135.301 193 103.245
      vertex 135.301 193 102.415
    endloop
  endfacet
  facet normal 0.99691 0 -0.0785503
    outer loop
      vertex 135.301 193 102.415
      vertex 135.22 193.8 101.387
      vertex 135.301 193.8 102.415
    endloop
  endfacet
  facet normal 0.99691 0 -0.0785503
    outer loop
      vertex 135.22 193.8 101.387
      vertex 135.301 193 102.415
      vertex 135.22 193 101.387
    endloop
  endfacet
  facet normal 0.967034 0 -0.254649
    outer loop
      vertex 135.22 193 101.387
      vertex 134.978 193.8 100.468
      vertex 135.22 193.8 101.387
    endloop
  endfacet
  facet normal 0.967034 0 -0.254649
    outer loop
      vertex 134.978 193.8 100.468
      vertex 135.22 193 101.387
      vertex 134.978 193 100.468
    endloop
  endfacet
  facet normal 0.895485 0 -0.445092
    outer loop
      vertex 134.978 193 100.468
      vertex 134.575 193.8 99.6572
      vertex 134.978 193.8 100.468
    endloop
  endfacet
  facet normal 0.895485 0 -0.445092
    outer loop
      vertex 134.575 193.8 99.6572
      vertex 134.978 193 100.468
      vertex 134.575 193 99.6572
    endloop
  endfacet
  facet normal 0.779393 0 -0.626536
    outer loop
      vertex 134.575 193 99.6572
      vertex 134.011 193.8 98.9556
      vertex 134.575 193.8 99.6572
    endloop
  endfacet
  facet normal 0.779393 0 -0.626536
    outer loop
      vertex 134.011 193.8 98.9556
      vertex 134.575 193 99.6572
      vertex 134.011 193 98.9556
    endloop
  endfacet
  facet normal 0.629972 0 -0.776617
    outer loop
      vertex 133.313 193 98.3894
      vertex 134.011 193.8 98.9556
      vertex 134.011 193 98.9556
    endloop
  endfacet
  facet normal 0.629972 0 -0.776617
    outer loop
      vertex 134.011 193.8 98.9556
      vertex 133.313 193 98.3894
      vertex 133.313 193.8 98.3894
    endloop
  endfacet
  facet normal 0.448544 0 -0.893761
    outer loop
      vertex 132.507 193 97.9849
      vertex 133.313 193.8 98.3894
      vertex 133.313 193 98.3894
    endloop
  endfacet
  facet normal 0.448544 0 -0.893761
    outer loop
      vertex 133.313 193.8 98.3894
      vertex 132.507 193 97.9849
      vertex 132.507 193.8 97.9849
    endloop
  endfacet
  facet normal 0.256642 0 -0.966506
    outer loop
      vertex 131.593 193 97.7422
      vertex 132.507 193.8 97.9849
      vertex 132.507 193 97.9849
    endloop
  endfacet
  facet normal 0.256642 0 -0.966506
    outer loop
      vertex 132.507 193.8 97.9849
      vertex 131.593 193 97.7422
      vertex 131.593 193.8 97.7422
    endloop
  endfacet
  facet normal 0.0790654 0 -0.996869
    outer loop
      vertex 130.573 193 97.6613
      vertex 131.593 193.8 97.7422
      vertex 131.593 193 97.7422
    endloop
  endfacet
  facet normal 0.0790654 0 -0.996869
    outer loop
      vertex 131.593 193.8 97.7422
      vertex 130.573 193 97.6613
      vertex 130.573 193.8 97.6613
    endloop
  endfacet
  facet normal -0.0712597 0 -0.997458
    outer loop
      vertex 129.456 193 97.7411
      vertex 130.573 193.8 97.6613
      vertex 130.573 193 97.6613
    endloop
  endfacet
  facet normal -0.0712597 0 -0.997458
    outer loop
      vertex 130.573 193.8 97.6613
      vertex 129.456 193 97.7411
      vertex 129.456 193.8 97.7411
    endloop
  endfacet
  facet normal -0.235229 0 -0.97194
    outer loop
      vertex 128.466 193 97.9807
      vertex 129.456 193.8 97.7411
      vertex 129.456 193 97.7411
    endloop
  endfacet
  facet normal -0.235229 0 -0.97194
    outer loop
      vertex 129.456 193.8 97.7411
      vertex 128.466 193 97.9807
      vertex 128.466 193.8 97.9807
    endloop
  endfacet
  facet normal -0.419832 0 -0.907602
    outer loop
      vertex 127.603 193 98.3799
      vertex 128.466 193.8 97.9807
      vertex 128.466 193 97.9807
    endloop
  endfacet
  facet normal -0.419832 0 -0.907602
    outer loop
      vertex 128.466 193.8 97.9807
      vertex 127.603 193 98.3799
      vertex 127.603 193.8 98.3799
    endloop
  endfacet
  facet normal -0.604247 0 -0.796797
    outer loop
      vertex 126.866 193 98.9388
      vertex 127.603 193.8 98.3799
      vertex 127.603 193 98.3799
    endloop
  endfacet
  facet normal -0.604247 0 -0.796797
    outer loop
      vertex 127.603 193.8 98.3799
      vertex 126.866 193 98.9388
      vertex 126.866 193.8 98.9388
    endloop
  endfacet
  facet normal -0.764394 0 -0.644749
    outer loop
      vertex 126.866 193 98.9388
      vertex 126.277 193.8 99.6371
      vertex 126.866 193.8 98.9388
    endloop
  endfacet
  facet normal -0.764394 -0 -0.644749
    outer loop
      vertex 126.277 193.8 99.6371
      vertex 126.866 193 98.9388
      vertex 126.277 193 99.6371
    endloop
  endfacet
  facet normal -0.888898 0 -0.458105
    outer loop
      vertex 126.277 193 99.6371
      vertex 125.856 193.8 100.454
      vertex 126.277 193.8 99.6371
    endloop
  endfacet
  facet normal -0.888898 -0 -0.458105
    outer loop
      vertex 125.856 193.8 100.454
      vertex 126.277 193 99.6371
      vertex 125.856 193 100.454
    endloop
  endfacet
  facet normal -0.965685 0 -0.259715
    outer loop
      vertex 125.856 193 100.454
      vertex 125.604 193.8 101.391
      vertex 125.856 193.8 100.454
    endloop
  endfacet
  facet normal -0.965685 -0 -0.259715
    outer loop
      vertex 125.604 193.8 101.391
      vertex 125.856 193 100.454
      vertex 125.604 193 101.391
    endloop
  endfacet
  facet normal -0.996845 0 -0.0793697
    outer loop
      vertex 125.604 193 101.391
      vertex 125.52 193.8 102.446
      vertex 125.604 193.8 101.391
    endloop
  endfacet
  facet normal -0.996845 -0 -0.0793697
    outer loop
      vertex 125.52 193.8 102.446
      vertex 125.604 193 101.391
      vertex 125.52 193 102.446
    endloop
  endfacet
  facet normal -0.996871 0 0.079043
    outer loop
      vertex 125.52 193 102.446
      vertex 125.605 193.8 103.518
      vertex 125.52 193.8 102.446
    endloop
  endfacet
  facet normal -0.996871 0 0.079043
    outer loop
      vertex 125.605 193.8 103.518
      vertex 125.52 193 102.446
      vertex 125.605 193 103.518
    endloop
  endfacet
  facet normal -0.964952 0 0.262426
    outer loop
      vertex 125.605 193 103.518
      vertex 125.862 193.8 104.463
      vertex 125.605 193.8 103.518
    endloop
  endfacet
  facet normal -0.964952 0 0.262426
    outer loop
      vertex 125.862 193.8 104.463
      vertex 125.605 193 103.518
      vertex 125.862 193 104.463
    endloop
  endfacet
  facet normal -0.885832 0 0.464007
    outer loop
      vertex 125.862 193 104.463
      vertex 126.291 193.8 105.282
      vertex 125.862 193.8 104.463
    endloop
  endfacet
  facet normal -0.885832 0 0.464007
    outer loop
      vertex 126.291 193.8 105.282
      vertex 125.862 193 104.463
      vertex 126.291 193 105.282
    endloop
  endfacet
  facet normal -0.755076 0 0.655637
    outer loop
      vertex 126.291 193 105.282
      vertex 126.891 193.8 105.973
      vertex 126.291 193.8 105.282
    endloop
  endfacet
  facet normal -0.755076 0 0.655637
    outer loop
      vertex 126.891 193.8 105.973
      vertex 126.291 193 105.282
      vertex 126.891 193 105.973
    endloop
  endfacet
  facet normal -0.589318 0 0.807901
    outer loop
      vertex 126.891 193.8 105.973
      vertex 127.645 193 106.523
      vertex 127.645 193.8 106.523
    endloop
  endfacet
  facet normal -0.589318 0 0.807901
    outer loop
      vertex 127.645 193 106.523
      vertex 126.891 193.8 105.973
      vertex 126.891 193 105.973
    endloop
  endfacet
  facet normal -0.402807 0 0.915285
    outer loop
      vertex 127.645 193.8 106.523
      vertex 128.538 193 106.916
      vertex 128.538 193.8 106.916
    endloop
  endfacet
  facet normal -0.402807 0 0.915285
    outer loop
      vertex 128.538 193 106.916
      vertex 127.645 193.8 106.523
      vertex 127.645 193 106.523
    endloop
  endfacet
  facet normal -0.223339 0 0.974741
    outer loop
      vertex 128.538 193.8 106.916
      vertex 129.568 193 107.152
      vertex 129.568 193.8 107.152
    endloop
  endfacet
  facet normal -0.223339 0 0.974741
    outer loop
      vertex 129.568 193 107.152
      vertex 128.538 193.8 106.916
      vertex 128.538 193 106.916
    endloop
  endfacet
  facet normal -0.0674828 0 0.99772
    outer loop
      vertex 129.568 193.8 107.152
      vertex 130.736 193 107.231
      vertex 130.736 193.8 107.231
    endloop
  endfacet
  facet normal -0.0674828 0 0.99772
    outer loop
      vertex 130.736 193 107.231
      vertex 129.568 193.8 107.152
      vertex 129.568 193 107.152
    endloop
  endfacet
  facet normal 0.0251858 0 0.999683
    outer loop
      vertex 130.736 193.8 107.231
      vertex 131.252 193 107.218
      vertex 131.252 193.8 107.218
    endloop
  endfacet
  facet normal 0.0251858 0 0.999683
    outer loop
      vertex 131.252 193 107.218
      vertex 130.736 193.8 107.231
      vertex 130.736 193 107.231
    endloop
  endfacet
  facet normal 0.978106 -0 0.208108
    outer loop
      vertex 128.522 193 101.448
      vertex 128.612 193.8 101.025
      vertex 128.522 193.8 101.448
    endloop
  endfacet
  facet normal 0.978106 0 0.208108
    outer loop
      vertex 128.612 193.8 101.025
      vertex 128.522 193 101.448
      vertex 128.612 193 101.025
    endloop
  endfacet
  facet normal 0.934969 -0 0.354731
    outer loop
      vertex 128.612 193 101.025
      vertex 128.752 193.8 100.656
      vertex 128.612 193.8 101.025
    endloop
  endfacet
  facet normal 0.934969 0 0.354731
    outer loop
      vertex 128.752 193.8 100.656
      vertex 128.612 193 101.025
      vertex 128.752 193 100.656
    endloop
  endfacet
  facet normal 0.858444 -0 0.512907
    outer loop
      vertex 128.752 193 100.656
      vertex 128.942 193.8 100.338
      vertex 128.752 193.8 100.656
    endloop
  endfacet
  facet normal 0.858444 0 0.512907
    outer loop
      vertex 128.942 193.8 100.338
      vertex 128.752 193 100.656
      vertex 128.942 193 100.338
    endloop
  endfacet
  facet normal 0.741336 -0 0.671134
    outer loop
      vertex 128.942 193 100.338
      vertex 129.181 193.8 100.074
      vertex 128.942 193.8 100.338
    endloop
  endfacet
  facet normal 0.741336 0 0.671134
    outer loop
      vertex 129.181 193.8 100.074
      vertex 128.942 193 100.338
      vertex 129.181 193 100.074
    endloop
  endfacet
  facet normal 0.591364 0 0.806405
    outer loop
      vertex 129.181 193.8 100.074
      vertex 129.466 193 99.865
      vertex 129.466 193.8 99.865
    endloop
  endfacet
  facet normal 0.591364 0 0.806405
    outer loop
      vertex 129.466 193 99.865
      vertex 129.181 193.8 100.074
      vertex 129.181 193 100.074
    endloop
  endfacet
  facet normal 0.418044 0 0.908427
    outer loop
      vertex 129.466 193.8 99.865
      vertex 129.79 193 99.7159
      vertex 129.79 193.8 99.7159
    endloop
  endfacet
  facet normal 0.418044 0 0.908427
    outer loop
      vertex 129.79 193 99.7159
      vertex 129.466 193.8 99.865
      vertex 129.466 193 99.865
    endloop
  endfacet
  facet normal 0.239135 0 0.970986
    outer loop
      vertex 129.79 193.8 99.7159
      vertex 130.153 193 99.6265
      vertex 130.153 193.8 99.6265
    endloop
  endfacet
  facet normal 0.239135 0 0.970986
    outer loop
      vertex 130.153 193 99.6265
      vertex 129.79 193.8 99.7159
      vertex 129.79 193 99.7159
    endloop
  endfacet
  facet normal 0.0735625 0 0.997291
    outer loop
      vertex 130.153 193.8 99.6265
      vertex 130.557 193 99.5967
      vertex 130.557 193.8 99.5967
    endloop
  endfacet
  facet normal 0.0735625 0 0.997291
    outer loop
      vertex 130.557 193 99.5967
      vertex 130.153 193.8 99.6265
      vertex 130.153 193 99.6265
    endloop
  endfacet
  facet normal -0.0851732 0 0.996366
    outer loop
      vertex 130.557 193.8 99.5967
      vertex 130.929 193 99.6285
      vertex 130.929 193.8 99.6285
    endloop
  endfacet
  facet normal -0.0851732 0 0.996366
    outer loop
      vertex 130.929 193 99.6285
      vertex 130.557 193.8 99.5967
      vertex 130.557 193 99.5967
    endloop
  endfacet
  facet normal -0.274418 0 0.961611
    outer loop
      vertex 130.929 193.8 99.6285
      vertex 131.264 193 99.7241
      vertex 131.264 193.8 99.7241
    endloop
  endfacet
  facet normal -0.274418 0 0.961611
    outer loop
      vertex 131.264 193 99.7241
      vertex 130.929 193.8 99.6285
      vertex 130.929 193 99.6285
    endloop
  endfacet
  facet normal -0.472436 0 0.881365
    outer loop
      vertex 131.264 193.8 99.7241
      vertex 131.561 193 99.8833
      vertex 131.561 193.8 99.8833
    endloop
  endfacet
  facet normal -0.472436 0 0.881365
    outer loop
      vertex 131.561 193 99.8833
      vertex 131.264 193.8 99.7241
      vertex 131.264 193 99.7241
    endloop
  endfacet
  facet normal -0.649086 0 0.760715
    outer loop
      vertex 131.561 193.8 99.8833
      vertex 131.822 193 100.106
      vertex 131.822 193.8 100.106
    endloop
  endfacet
  facet normal -0.649086 0 0.760715
    outer loop
      vertex 131.822 193 100.106
      vertex 131.561 193.8 99.8833
      vertex 131.561 193 99.8833
    endloop
  endfacet
  facet normal -0.791981 0 0.610545
    outer loop
      vertex 131.822 193 100.106
      vertex 132.034 193.8 100.381
      vertex 131.822 193.8 100.106
    endloop
  endfacet
  facet normal -0.791981 0 0.610545
    outer loop
      vertex 132.034 193.8 100.381
      vertex 131.822 193 100.106
      vertex 132.034 193 100.381
    endloop
  endfacet
  facet normal -0.901746 0 0.432266
    outer loop
      vertex 132.034 193 100.381
      vertex 132.185 193.8 100.696
      vertex 132.034 193.8 100.381
    endloop
  endfacet
  facet normal -0.901746 0 0.432266
    outer loop
      vertex 132.185 193.8 100.696
      vertex 132.034 193 100.381
      vertex 132.185 193 100.696
    endloop
  endfacet
  facet normal -0.968848 0 0.247655
    outer loop
      vertex 132.185 193 100.696
      vertex 132.276 193.8 101.052
      vertex 132.185 193.8 100.696
    endloop
  endfacet
  facet normal -0.968848 0 0.247655
    outer loop
      vertex 132.276 193.8 101.052
      vertex 132.185 193 100.696
      vertex 132.276 193 101.052
    endloop
  endfacet
  facet normal -0.997143 0 0.0755411
    outer loop
      vertex 132.276 193 101.052
      vertex 132.306 193.8 101.448
      vertex 132.276 193.8 101.052
    endloop
  endfacet
  facet normal -0.997143 0 0.0755411
    outer loop
      vertex 132.306 193.8 101.448
      vertex 132.276 193 101.052
      vertex 132.306 193 101.448
    endloop
  endfacet
  facet normal 0 0 -1
    outer loop
      vertex 128.522 193 101.448
      vertex 132.306 193.8 101.448
      vertex 132.306 193 101.448
    endloop
  endfacet
  facet normal -0 0 -1
    outer loop
      vertex 132.306 193.8 101.448
      vertex 128.522 193 101.448
      vertex 128.522 193.8 101.448
    endloop
  endfacet
  facet normal 0.150622 0 0.988591
    outer loop
      vertex 106.572 193.8 107.207
      vertex 107.038 193 107.136
      vertex 107.038 193.8 107.136
    endloop
  endfacet
  facet normal 0.150622 0 0.988591
    outer loop
      vertex 107.038 193 107.136
      vertex 106.572 193.8 107.207
      vertex 106.572 193 107.207
    endloop
  endfacet
  facet normal 0.26963 0 0.962964
    outer loop
      vertex 107.038 193.8 107.136
      vertex 107.463 193 107.017
      vertex 107.463 193.8 107.017
    endloop
  endfacet
  facet normal 0.26963 0 0.962964
    outer loop
      vertex 107.463 193 107.017
      vertex 107.038 193.8 107.136
      vertex 107.038 193 107.136
    endloop
  endfacet
  facet normal 0.394206 0 0.919022
    outer loop
      vertex 107.463 193.8 107.017
      vertex 107.85 193 106.851
      vertex 107.85 193.8 106.851
    endloop
  endfacet
  facet normal 0.394206 0 0.919022
    outer loop
      vertex 107.85 193 106.851
      vertex 107.463 193.8 107.017
      vertex 107.463 193 107.017
    endloop
  endfacet
  facet normal 0.519415 0 0.854522
    outer loop
      vertex 107.85 193.8 106.851
      vertex 108.207 193 106.634
      vertex 108.207 193.8 106.634
    endloop
  endfacet
  facet normal 0.519415 0 0.854522
    outer loop
      vertex 108.207 193 106.634
      vertex 107.85 193.8 106.851
      vertex 107.85 193 106.851
    endloop
  endfacet
  facet normal 0.631111 0 0.775693
    outer loop
      vertex 108.207 193.8 106.634
      vertex 108.545 193 106.359
      vertex 108.545 193.8 106.359
    endloop
  endfacet
  facet normal 0.631111 0 0.775693
    outer loop
      vertex 108.545 193 106.359
      vertex 108.207 193.8 106.634
      vertex 108.207 193 106.634
    endloop
  endfacet
  facet normal 0.717868 -0 0.69618
    outer loop
      vertex 108.545 193 106.359
      vertex 108.866 193.8 106.028
      vertex 108.545 193.8 106.359
    endloop
  endfacet
  facet normal 0.717868 0 0.69618
    outer loop
      vertex 108.866 193.8 106.028
      vertex 108.545 193 106.359
      vertex 108.866 193 106.028
    endloop
  endfacet
  facet normal 0.788364 -0 0.615209
    outer loop
      vertex 108.866 193 106.028
      vertex 109.168 193.8 105.641
      vertex 108.866 193.8 106.028
    endloop
  endfacet
  facet normal 0.788364 0 0.615209
    outer loop
      vertex 109.168 193.8 105.641
      vertex 108.866 193 106.028
      vertex 109.168 193 105.641
    endloop
  endfacet
  facet normal -1 0 0
    outer loop
      vertex 109.168 193 105.641
      vertex 109.168 193.8 106.992
      vertex 109.168 193.8 105.641
    endloop
  endfacet
  facet normal -1 -0 0
    outer loop
      vertex 109.168 193.8 106.992
      vertex 109.168 193 105.641
      vertex 109.168 193 106.992
    endloop
  endfacet
  facet normal -0 0 1
    outer loop
      vertex 109.168 193.8 106.992
      vertex 112.105 193 106.992
      vertex 112.105 193.8 106.992
    endloop
  endfacet
  facet normal 0 0 1
    outer loop
      vertex 112.105 193 106.992
      vertex 109.168 193.8 106.992
      vertex 109.168 193 106.992
    endloop
  endfacet
  facet normal 1 -0 0
    outer loop
      vertex 112.105 193 106.992
      vertex 112.105 193.8 101.799
      vertex 112.105 193.8 106.992
    endloop
  endfacet
  facet normal 1 0 0
    outer loop
      vertex 112.105 193.8 101.799
      vertex 112.105 193 106.992
      vertex 112.105 193 101.799
    endloop
  endfacet
  facet normal 0.997781 0 -0.066584
    outer loop
      vertex 112.105 193 101.799
      vertex 112.037 193.8 100.78
      vertex 112.105 193.8 101.799
    endloop
  endfacet
  facet normal 0.997781 0 -0.066584
    outer loop
      vertex 112.037 193.8 100.78
      vertex 112.105 193 101.799
      vertex 112.037 193 100.78
    endloop
  endfacet
  facet normal 0.973202 0 -0.229952
    outer loop
      vertex 112.037 193 100.78
      vertex 111.832 193.8 99.9124
      vertex 112.037 193.8 100.78
    endloop
  endfacet
  facet normal 0.973202 0 -0.229952
    outer loop
      vertex 111.832 193.8 99.9124
      vertex 112.037 193 100.78
      vertex 111.832 193 99.9124
    endloop
  endfacet
  facet normal 0.902113 0 -0.4315
    outer loop
      vertex 111.832 193 99.9124
      vertex 111.49 193.8 99.1974
      vertex 111.832 193.8 99.9124
    endloop
  endfacet
  facet normal 0.902113 0 -0.4315
    outer loop
      vertex 111.49 193.8 99.1974
      vertex 111.832 193 99.9124
      vertex 111.49 193 99.1974
    endloop
  endfacet
  facet normal 0.761525 0 -0.648135
    outer loop
      vertex 111.49 193 99.1974
      vertex 111.011 193.8 98.6346
      vertex 111.49 193.8 99.1974
    endloop
  endfacet
  facet normal 0.761525 0 -0.648135
    outer loop
      vertex 111.011 193.8 98.6346
      vertex 111.49 193 99.1974
      vertex 111.011 193 98.6346
    endloop
  endfacet
  facet normal 0.558144 0 -0.829744
    outer loop
      vertex 110.378 193 98.2088
      vertex 111.011 193.8 98.6346
      vertex 111.011 193 98.6346
    endloop
  endfacet
  facet normal 0.558144 0 -0.829744
    outer loop
      vertex 111.011 193.8 98.6346
      vertex 110.378 193 98.2088
      vertex 110.378 193.8 98.2088
    endloop
  endfacet
  facet normal 0.353876 0 -0.935293
    outer loop
      vertex 109.574 193 97.9046
      vertex 110.378 193.8 98.2088
      vertex 110.378 193 98.2088
    endloop
  endfacet
  facet normal 0.353876 0 -0.935293
    outer loop
      vertex 110.378 193.8 98.2088
      vertex 109.574 193 97.9046
      vertex 109.574 193.8 97.9046
    endloop
  endfacet
  facet normal 0.183802 0 -0.982963
    outer loop
      vertex 108.598 193 97.7221
      vertex 109.574 193.8 97.9046
      vertex 109.574 193 97.9046
    endloop
  endfacet
  facet normal 0.183802 0 -0.982963
    outer loop
      vertex 109.574 193.8 97.9046
      vertex 108.598 193 97.7221
      vertex 108.598 193.8 97.7221
    endloop
  endfacet
  facet normal 0.0529335 0 -0.998598
    outer loop
      vertex 107.451 193 97.6613
      vertex 108.598 193.8 97.7221
      vertex 108.598 193 97.7221
    endloop
  endfacet
  facet normal 0.0529335 0 -0.998598
    outer loop
      vertex 108.598 193.8 97.7221
      vertex 107.451 193 97.6613
      vertex 107.451 193.8 97.6613
    endloop
  endfacet
  facet normal -0.0154643 0 -0.99988
    outer loop
      vertex 106.979 193 97.6686
      vertex 107.451 193.8 97.6613
      vertex 107.451 193 97.6613
    endloop
  endfacet
  facet normal -0.0154643 0 -0.99988
    outer loop
      vertex 107.451 193.8 97.6613
      vertex 106.979 193 97.6686
      vertex 106.979 193.8 97.6686
    endloop
  endfacet
  facet normal -0.0465596 0 -0.998916
    outer loop
      vertex 106.507 193 97.6906
      vertex 106.979 193.8 97.6686
      vertex 106.979 193 97.6686
    endloop
  endfacet
  facet normal -0.0465596 0 -0.998916
    outer loop
      vertex 106.979 193.8 97.6686
      vertex 106.507 193 97.6906
      vertex 106.507 193.8 97.6906
    endloop
  endfacet
  facet normal -0.0773103 0 -0.997007
    outer loop
      vertex 106.035 193 97.7272
      vertex 106.507 193.8 97.6906
      vertex 106.507 193 97.6906
    endloop
  endfacet
  facet normal -0.0773103 0 -0.997007
    outer loop
      vertex 106.507 193.8 97.6906
      vertex 106.035 193 97.7272
      vertex 106.035 193.8 97.7272
    endloop
  endfacet
  facet normal -0.10805 0 -0.994145
    outer loop
      vertex 105.563 193 97.7785
      vertex 106.035 193.8 97.7272
      vertex 106.035 193 97.7272
    endloop
  endfacet
  facet normal -0.10805 0 -0.994145
    outer loop
      vertex 106.035 193.8 97.7272
      vertex 105.563 193 97.7785
      vertex 105.563 193.8 97.7785
    endloop
  endfacet
  facet normal -0.137454 0 -0.990508
    outer loop
      vertex 105.091 193 97.844
      vertex 105.563 193.8 97.7785
      vertex 105.563 193 97.7785
    endloop
  endfacet
  facet normal -0.137454 0 -0.990508
    outer loop
      vertex 105.563 193.8 97.7785
      vertex 105.091 193 97.844
      vertex 105.091 193.8 97.844
    endloop
  endfacet
  facet normal -0.165964 0 -0.986132
    outer loop
      vertex 104.621 193 97.9231
      vertex 105.091 193.8 97.844
      vertex 105.091 193 97.844
    endloop
  endfacet
  facet normal -0.165964 0 -0.986132
    outer loop
      vertex 105.091 193.8 97.844
      vertex 104.621 193 97.9231
      vertex 104.621 193.8 97.9231
    endloop
  endfacet
  facet normal -0.193506 0 -0.981099
    outer loop
      vertex 104.151 193 98.0158
      vertex 104.621 193.8 97.9231
      vertex 104.621 193 97.9231
    endloop
  endfacet
  facet normal -0.193506 0 -0.981099
    outer loop
      vertex 104.621 193.8 97.9231
      vertex 104.151 193 98.0158
      vertex 104.151 193.8 98.0158
    endloop
  endfacet
  facet normal -0.221495 0 -0.975162
    outer loop
      vertex 103.683 193 98.1221
      vertex 104.151 193.8 98.0158
      vertex 104.151 193 98.0158
    endloop
  endfacet
  facet normal -0.221495 0 -0.975162
    outer loop
      vertex 104.151 193.8 98.0158
      vertex 103.683 193 98.1221
      vertex 103.683 193.8 98.1221
    endloop
  endfacet
  facet normal -1 0 0
    outer loop
      vertex 103.683 193 98.1221
      vertex 103.683 193.8 100.342
      vertex 103.683 193.8 98.1221
    endloop
  endfacet
  facet normal -1 -0 0
    outer loop
      vertex 103.683 193.8 100.342
      vertex 103.683 193 98.1221
      vertex 103.683 193 100.342
    endloop
  endfacet
  facet normal 0.444165 0 0.895945
    outer loop
      vertex 103.683 193.8 100.342
      vertex 104.036 193 100.167
      vertex 104.036 193.8 100.167
    endloop
  endfacet
  facet normal 0.444165 0 0.895945
    outer loop
      vertex 104.036 193 100.167
      vertex 103.683 193.8 100.342
      vertex 103.683 193 100.342
    endloop
  endfacet
  facet normal 0.380496 0 0.924782
    outer loop
      vertex 104.036 193.8 100.167
      vertex 104.403 193 100.016
      vertex 104.403 193.8 100.016
    endloop
  endfacet
  facet normal 0.380496 0 0.924782
    outer loop
      vertex 104.403 193 100.016
      vertex 104.036 193.8 100.167
      vertex 104.036 193 100.167
    endloop
  endfacet
  facet normal 0.318386 0 0.947961
    outer loop
      vertex 104.403 193.8 100.016
      vertex 104.785 193 99.8877
      vertex 104.785 193.8 99.8877
    endloop
  endfacet
  facet normal 0.318386 0 0.947961
    outer loop
      vertex 104.785 193 99.8877
      vertex 104.403 193.8 100.016
      vertex 104.403 193 100.016
    endloop
  endfacet
  facet normal 0.256444 0 0.966559
    outer loop
      vertex 104.785 193.8 99.8877
      vertex 105.18 193 99.7829
      vertex 105.18 193.8 99.7829
    endloop
  endfacet
  facet normal 0.256444 0 0.966559
    outer loop
      vertex 105.18 193 99.7829
      vertex 104.785 193.8 99.8877
      vertex 104.785 193 99.8877
    endloop
  endfacet
  facet normal 0.194509 0 0.980901
    outer loop
      vertex 105.18 193.8 99.7829
      vertex 105.591 193 99.7014
      vertex 105.591 193.8 99.7014
    endloop
  endfacet
  facet normal 0.194509 0 0.980901
    outer loop
      vertex 105.591 193 99.7014
      vertex 105.18 193.8 99.7829
      vertex 105.18 193 99.7829
    endloop
  endfacet
  facet normal 0.134741 0 0.990881
    outer loop
      vertex 105.591 193.8 99.7014
      vertex 106.019 193 99.6432
      vertex 106.019 193.8 99.6432
    endloop
  endfacet
  facet normal 0.134741 0 0.990881
    outer loop
      vertex 106.019 193 99.6432
      vertex 105.591 193.8 99.7014
      vertex 105.591 193 99.7014
    endloop
  endfacet
  facet normal 0.0785377 0 0.996911
    outer loop
      vertex 106.019 193.8 99.6432
      vertex 106.462 193 99.6083
      vertex 106.462 193.8 99.6083
    endloop
  endfacet
  facet normal 0.0785377 0 0.996911
    outer loop
      vertex 106.462 193 99.6083
      vertex 106.019 193.8 99.6432
      vertex 106.019 193 99.6432
    endloop
  endfacet
  facet normal 0.0252094 0 0.999682
    outer loop
      vertex 106.462 193.8 99.6083
      vertex 106.922 193 99.5967
      vertex 106.922 193.8 99.5967
    endloop
  endfacet
  facet normal 0.0252094 0 0.999682
    outer loop
      vertex 106.922 193 99.5967
      vertex 106.462 193.8 99.6083
      vertex 106.462 193 99.6083
    endloop
  endfacet
  facet normal -0.0371965 0 0.999308
    outer loop
      vertex 106.922 193.8 99.5967
      vertex 107.462 193 99.6168
      vertex 107.462 193.8 99.6168
    endloop
  endfacet
  facet normal -0.0371965 0 0.999308
    outer loop
      vertex 107.462 193 99.6168
      vertex 106.922 193.8 99.5967
      vertex 106.922 193 99.5967
    endloop
  endfacet
  facet normal -0.129357 0 0.991598
    outer loop
      vertex 107.462 193.8 99.6168
      vertex 107.925 193 99.6772
      vertex 107.925 193.8 99.6772
    endloop
  endfacet
  facet normal -0.129357 0 0.991598
    outer loop
      vertex 107.925 193 99.6772
      vertex 107.462 193.8 99.6168
      vertex 107.462 193 99.6168
    endloop
  endfacet
  facet normal -0.251587 0 0.967835
    outer loop
      vertex 107.925 193.8 99.6772
      vertex 108.312 193 99.7778
      vertex 108.312 193.8 99.7778
    endloop
  endfacet
  facet normal -0.251587 0 0.967835
    outer loop
      vertex 108.312 193 99.7778
      vertex 107.925 193.8 99.6772
      vertex 107.925 193 99.6772
    endloop
  endfacet
  facet normal -0.412434 0 0.910987
    outer loop
      vertex 108.312 193.8 99.7778
      vertex 108.623 193 99.9186
      vertex 108.623 193.8 99.9186
    endloop
  endfacet
  facet normal -0.412434 0 0.910987
    outer loop
      vertex 108.623 193 99.9186
      vertex 108.312 193.8 99.7778
      vertex 108.312 193 99.7778
    endloop
  endfacet
  facet normal -0.612468 0 0.790495
    outer loop
      vertex 108.623 193.8 99.9186
      vertex 108.861 193 100.103
      vertex 108.861 193.8 100.103
    endloop
  endfacet
  facet normal -0.612468 0 0.790495
    outer loop
      vertex 108.861 193 100.103
      vertex 108.623 193.8 99.9186
      vertex 108.623 193 99.9186
    endloop
  endfacet
  facet normal -0.802505 0 0.596645
    outer loop
      vertex 108.861 193 100.103
      vertex 109.032 193.8 100.333
      vertex 108.861 193.8 100.103
    endloop
  endfacet
  facet normal -0.802505 0 0.596645
    outer loop
      vertex 109.032 193.8 100.333
      vertex 108.861 193 100.103
      vertex 109.032 193 100.333
    endloop
  endfacet
  facet normal -0.938401 0 0.345548
    outer loop
      vertex 109.032 193 100.333
      vertex 109.134 193.8 100.61
      vertex 109.032 193.8 100.333
    endloop
  endfacet
  facet normal -0.938401 0 0.345548
    outer loop
      vertex 109.134 193.8 100.61
      vertex 109.032 193 100.333
      vertex 109.134 193 100.61
    endloop
  endfacet
  facet normal -0.994505 0 0.104685
    outer loop
      vertex 109.134 193 100.61
      vertex 109.168 193.8 100.933
      vertex 109.134 193.8 100.61
    endloop
  endfacet
  facet normal -0.994505 0 0.104685
    outer loop
      vertex 109.168 193.8 100.933
      vertex 109.134 193 100.61
      vertex 109.168 193 100.933
    endloop
  endfacet
  facet normal -1 0 0
    outer loop
      vertex 109.168 193 100.933
      vertex 109.168 193.8 101.163
      vertex 109.168 193.8 100.933
    endloop
  endfacet
  facet normal -1 -0 0
    outer loop
      vertex 109.168 193.8 101.163
      vertex 109.168 193 100.933
      vertex 109.168 193 101.163
    endloop
  endfacet
  facet normal 0 0 -1
    outer loop
      vertex 107.451 193 101.163
      vertex 109.168 193.8 101.163
      vertex 109.168 193 101.163
    endloop
  endfacet
  facet normal -0 0 -1
    outer loop
      vertex 109.168 193.8 101.163
      vertex 107.451 193 101.163
      vertex 107.451 193.8 101.163
    endloop
  endfacet
  facet normal -0.042611 0 -0.999092
    outer loop
      vertex 106.349 193 101.21
      vertex 107.451 193.8 101.163
      vertex 107.451 193 101.163
    endloop
  endfacet
  facet normal -0.042611 0 -0.999092
    outer loop
      vertex 107.451 193.8 101.163
      vertex 106.349 193 101.21
      vertex 106.349 193.8 101.21
    endloop
  endfacet
  facet normal -0.146701 0 -0.989181
    outer loop
      vertex 105.405 193 101.35
      vertex 106.349 193.8 101.21
      vertex 106.349 193 101.21
    endloop
  endfacet
  facet normal -0.146701 0 -0.989181
    outer loop
      vertex 106.349 193.8 101.21
      vertex 105.405 193 101.35
      vertex 105.405 193.8 101.35
    endloop
  endfacet
  facet normal -0.285001 0 -0.958527
    outer loop
      vertex 104.618 193 101.584
      vertex 105.405 193.8 101.35
      vertex 105.405 193 101.35
    endloop
  endfacet
  facet normal -0.285001 0 -0.958527
    outer loop
      vertex 105.405 193.8 101.35
      vertex 104.618 193 101.584
      vertex 104.618 193.8 101.584
    endloop
  endfacet
  facet normal -0.461796 0 -0.886986
    outer loop
      vertex 103.988 193 101.912
      vertex 104.618 193.8 101.584
      vertex 104.618 193 101.584
    endloop
  endfacet
  facet normal -0.461796 0 -0.886986
    outer loop
      vertex 104.618 193.8 101.584
      vertex 103.988 193 101.912
      vertex 103.988 193.8 101.912
    endloop
  endfacet
  facet normal -0.66311 0 -0.748522
    outer loop
      vertex 103.506 193 102.339
      vertex 103.988 193.8 101.912
      vertex 103.988 193 101.912
    endloop
  endfacet
  facet normal -0.66311 0 -0.748522
    outer loop
      vertex 103.988 193.8 101.912
      vertex 103.506 193 102.339
      vertex 103.506 193.8 102.339
    endloop
  endfacet
  facet normal -0.83995 0 -0.542664
    outer loop
      vertex 103.506 193 102.339
      vertex 103.161 193.8 102.873
      vertex 103.506 193.8 102.339
    endloop
  endfacet
  facet normal -0.83995 -0 -0.542664
    outer loop
      vertex 103.161 193.8 102.873
      vertex 103.506 193 102.339
      vertex 103.161 193 102.873
    endloop
  endfacet
  facet normal -0.952044 0 -0.305961
    outer loop
      vertex 103.161 193 102.873
      vertex 102.955 193.8 103.514
      vertex 103.161 193.8 102.873
    endloop
  endfacet
  facet normal -0.952044 -0 -0.305961
    outer loop
      vertex 102.955 193.8 103.514
      vertex 103.161 193 102.873
      vertex 102.955 193 103.514
    endloop
  endfacet
  facet normal -0.995772 0 -0.091856
    outer loop
      vertex 102.955 193 103.514
      vertex 102.886 193.8 104.262
      vertex 102.955 193.8 103.514
    endloop
  endfacet
  facet normal -0.995772 -0 -0.091856
    outer loop
      vertex 102.886 193.8 104.262
      vertex 102.955 193 103.514
      vertex 102.886 193 104.262
    endloop
  endfacet
  facet normal -0.996187 0 0.0872457
    outer loop
      vertex 102.886 193 104.262
      vertex 102.941 193.8 104.89
      vertex 102.886 193.8 104.262
    endloop
  endfacet
  facet normal -0.996187 0 0.0872457
    outer loop
      vertex 102.941 193.8 104.89
      vertex 102.886 193 104.262
      vertex 102.941 193 104.89
    endloop
  endfacet
  facet normal -0.960171 0 0.279415
    outer loop
      vertex 102.941 193 104.89
      vertex 103.106 193.8 105.457
      vertex 102.941 193.8 104.89
    endloop
  endfacet
  facet normal -0.960171 0 0.279415
    outer loop
      vertex 103.106 193.8 105.457
      vertex 102.941 193 104.89
      vertex 103.106 193 105.457
    endloop
  endfacet
  facet normal -0.877497 0 0.479582
    outer loop
      vertex 103.106 193 105.457
      vertex 103.382 193.8 105.962
      vertex 103.106 193.8 105.457
    endloop
  endfacet
  facet normal -0.877497 0 0.479582
    outer loop
      vertex 103.382 193.8 105.962
      vertex 103.106 193 105.457
      vertex 103.382 193 105.962
    endloop
  endfacet
  facet normal -0.753103 0 0.657903
    outer loop
      vertex 103.382 193 105.962
      vertex 103.769 193.8 106.405
      vertex 103.382 193.8 105.962
    endloop
  endfacet
  facet normal -0.753103 0 0.657903
    outer loop
      vertex 103.769 193.8 106.405
      vertex 103.382 193 105.962
      vertex 103.769 193 106.405
    endloop
  endfacet
  facet normal -0.605892 0 0.795547
    outer loop
      vertex 103.769 193.8 106.405
      vertex 104.243 193 106.766
      vertex 104.243 193.8 106.766
    endloop
  endfacet
  facet normal -0.605892 0 0.795547
    outer loop
      vertex 104.243 193 106.766
      vertex 103.769 193.8 106.405
      vertex 103.769 193 106.405
    endloop
  endfacet
  facet normal -0.429804 0 0.902922
    outer loop
      vertex 104.243 193.8 106.766
      vertex 104.785 193 107.024
      vertex 104.785 193.8 107.024
    endloop
  endfacet
  facet normal -0.429804 0 0.902922
    outer loop
      vertex 104.785 193 107.024
      vertex 104.243 193.8 106.766
      vertex 104.243 193 106.766
    endloop
  endfacet
  facet normal -0.247033 0 0.969007
    outer loop
      vertex 104.785 193.8 107.024
      vertex 105.393 193 107.179
      vertex 105.393 193.8 107.179
    endloop
  endfacet
  facet normal -0.247033 0 0.969007
    outer loop
      vertex 105.393 193 107.179
      vertex 104.785 193.8 107.024
      vertex 104.785 193 107.024
    endloop
  endfacet
  facet normal -0.0768095 0 0.997046
    outer loop
      vertex 105.393 193.8 107.179
      vertex 106.068 193 107.231
      vertex 106.068 193.8 107.231
    endloop
  endfacet
  facet normal -0.0768095 0 0.997046
    outer loop
      vertex 106.068 193 107.231
      vertex 105.393 193.8 107.179
      vertex 105.393 193 107.179
    endloop
  endfacet
  facet normal 0.0475651 0 0.998868
    outer loop
      vertex 106.068 193.8 107.231
      vertex 106.572 193 107.207
      vertex 106.572 193.8 107.207
    endloop
  endfacet
  facet normal 0.0475651 0 0.998868
    outer loop
      vertex 106.572 193 107.207
      vertex 106.068 193.8 107.231
      vertex 106.068 193 107.231
    endloop
  endfacet
  facet normal 0.209772 0 -0.97775
    outer loop
      vertex 106.636 193 105.217
      vertex 106.911 193.8 105.276
      vertex 106.911 193 105.276
    endloop
  endfacet
  facet normal 0.209772 0 -0.97775
    outer loop
      vertex 106.911 193.8 105.276
      vertex 106.636 193 105.217
      vertex 106.636 193.8 105.217
    endloop
  endfacet
  facet normal 0.379386 0 -0.925238
    outer loop
      vertex 106.397 193 105.119
      vertex 106.636 193.8 105.217
      vertex 106.636 193 105.217
    endloop
  endfacet
  facet normal 0.379386 0 -0.925238
    outer loop
      vertex 106.636 193.8 105.217
      vertex 106.397 193 105.119
      vertex 106.397 193.8 105.119
    endloop
  endfacet
  facet normal 0.557514 0 -0.830167
    outer loop
      vertex 106.193 193 104.982
      vertex 106.397 193.8 105.119
      vertex 106.397 193 105.119
    endloop
  endfacet
  facet normal 0.557514 0 -0.830167
    outer loop
      vertex 106.397 193.8 105.119
      vertex 106.193 193 104.982
      vertex 106.193 193.8 104.982
    endloop
  endfacet
  facet normal 0.728075 0 -0.685497
    outer loop
      vertex 106.193 193 104.982
      vertex 106.032 193.8 104.811
      vertex 106.193 193.8 104.982
    endloop
  endfacet
  facet normal 0.728075 0 -0.685497
    outer loop
      vertex 106.032 193.8 104.811
      vertex 106.193 193 104.982
      vertex 106.032 193 104.811
    endloop
  endfacet
  facet normal 0.866114 0 -0.499847
    outer loop
      vertex 106.032 193 104.811
      vertex 105.916 193.8 104.61
      vertex 106.032 193.8 104.811
    endloop
  endfacet
  facet normal 0.866114 0 -0.499847
    outer loop
      vertex 105.916 193.8 104.61
      vertex 106.032 193 104.811
      vertex 105.916 193 104.61
    endloop
  endfacet
  facet normal 0.957024 0 -0.290007
    outer loop
      vertex 105.916 193 104.61
      vertex 105.846 193.8 104.379
      vertex 105.916 193.8 104.61
    endloop
  endfacet
  facet normal 0.957024 0 -0.290007
    outer loop
      vertex 105.846 193.8 104.379
      vertex 105.916 193 104.61
      vertex 105.846 193 104.379
    endloop
  endfacet
  facet normal 0.996169 0 -0.0874499
    outer loop
      vertex 105.846 193 104.379
      vertex 105.823 193.8 104.117
      vertex 105.846 193.8 104.379
    endloop
  endfacet
  facet normal 0.996169 0 -0.0874499
    outer loop
      vertex 105.823 193.8 104.117
      vertex 105.846 193 104.379
      vertex 105.823 193 104.117
    endloop
  endfacet
  facet normal 0.994754 -0 0.102297
    outer loop
      vertex 105.823 193 104.117
      vertex 105.852 193.8 103.835
      vertex 105.823 193.8 104.117
    endloop
  endfacet
  facet normal 0.994754 0 0.102297
    outer loop
      vertex 105.852 193.8 103.835
      vertex 105.823 193 104.117
      vertex 105.852 193 103.835
    endloop
  endfacet
  facet normal 0.943978 -0 0.330009
    outer loop
      vertex 105.852 193 103.835
      vertex 105.938 193.8 103.589
      vertex 105.852 193.8 103.835
    endloop
  endfacet
  facet normal 0.943978 0 0.330009
    outer loop
      vertex 105.938 193.8 103.589
      vertex 105.852 193 103.835
      vertex 105.938 193 103.589
    endloop
  endfacet
  facet normal 0.823467 -0 0.567365
    outer loop
      vertex 105.938 193 103.589
      vertex 106.082 193.8 103.38
      vertex 105.938 193.8 103.589
    endloop
  endfacet
  facet normal 0.823467 0 0.567365
    outer loop
      vertex 106.082 193.8 103.38
      vertex 105.938 193 103.589
      vertex 106.082 193 103.38
    endloop
  endfacet
  facet normal 0.650169 0 0.75979
    outer loop
      vertex 106.082 193.8 103.38
      vertex 106.283 193 103.208
      vertex 106.283 193.8 103.208
    endloop
  endfacet
  facet normal 0.650169 0 0.75979
    outer loop
      vertex 106.283 193 103.208
      vertex 106.082 193.8 103.38
      vertex 106.082 193 103.38
    endloop
  endfacet
  facet normal 0.463622 0 0.886033
    outer loop
      vertex 106.283 193.8 103.208
      vertex 106.541 193 103.073
      vertex 106.541 193.8 103.073
    endloop
  endfacet
  facet normal 0.463622 0 0.886033
    outer loop
      vertex 106.541 193 103.073
      vertex 106.283 193.8 103.208
      vertex 106.283 193 103.208
    endloop
  endfacet
  facet normal 0.294299 0 0.955713
    outer loop
      vertex 106.541 193.8 103.073
      vertex 106.856 193 102.976
      vertex 106.856 193.8 102.976
    endloop
  endfacet
  facet normal 0.294299 0 0.955713
    outer loop
      vertex 106.856 193 102.976
      vertex 106.541 193.8 103.073
      vertex 106.541 193 103.073
    endloop
  endfacet
  facet normal 0.154458 0 0.987999
    outer loop
      vertex 106.856 193.8 102.976
      vertex 107.227 193 102.918
      vertex 107.227 193.8 102.918
    endloop
  endfacet
  facet normal 0.154458 0 0.987999
    outer loop
      vertex 107.227 193 102.918
      vertex 106.856 193.8 102.976
      vertex 106.856 193 102.976
    endloop
  endfacet
  facet normal 0.0444525 0 0.999011
    outer loop
      vertex 107.227 193.8 102.918
      vertex 107.654 193 102.899
      vertex 107.654 193.8 102.899
    endloop
  endfacet
  facet normal 0.0444525 0 0.999011
    outer loop
      vertex 107.654 193 102.899
      vertex 107.227 193.8 102.918
      vertex 107.227 193 102.918
    endloop
  endfacet
  facet normal -0 0 1
    outer loop
      vertex 107.654 193.8 102.899
      vertex 109.168 193 102.899
      vertex 109.168 193.8 102.899
    endloop
  endfacet
  facet normal 0 0 1
    outer loop
      vertex 109.168 193 102.899
      vertex 107.654 193.8 102.899
      vertex 107.654 193 102.899
    endloop
  endfacet
  facet normal -1 0 0
    outer loop
      vertex 109.168 193 102.899
      vertex 109.168 193.8 103.232
      vertex 109.168 193.8 102.899
    endloop
  endfacet
  facet normal -1 -0 0
    outer loop
      vertex 109.168 193.8 103.232
      vertex 109.168 193 102.899
      vertex 109.168 193 103.232
    endloop
  endfacet
  facet normal -0.99661 0 -0.0822674
    outer loop
      vertex 109.168 193 103.232
      vertex 109.133 193.8 103.656
      vertex 109.168 193.8 103.232
    endloop
  endfacet
  facet normal -0.99661 -0 -0.0822674
    outer loop
      vertex 109.133 193.8 103.656
      vertex 109.168 193 103.232
      vertex 109.133 193 103.656
    endloop
  endfacet
  facet normal -0.964476 0 -0.264172
    outer loop
      vertex 109.133 193 103.656
      vertex 109.027 193.8 104.043
      vertex 109.133 193.8 103.656
    endloop
  endfacet
  facet normal -0.964476 -0 -0.264172
    outer loop
      vertex 109.027 193.8 104.043
      vertex 109.133 193 103.656
      vertex 109.027 193 104.043
    endloop
  endfacet
  facet normal -0.894427 0 -0.447214
    outer loop
      vertex 109.027 193 104.043
      vertex 108.852 193.8 104.393
      vertex 109.027 193.8 104.043
    endloop
  endfacet
  facet normal -0.894427 -0 -0.447214
    outer loop
      vertex 108.852 193.8 104.393
      vertex 109.027 193 104.043
      vertex 108.852 193 104.393
    endloop
  endfacet
  facet normal -0.786231 0 -0.617932
    outer loop
      vertex 108.852 193 104.393
      vertex 108.606 193.8 104.706
      vertex 108.852 193.8 104.393
    endloop
  endfacet
  facet normal -0.786231 -0 -0.617932
    outer loop
      vertex 108.606 193.8 104.706
      vertex 108.852 193 104.393
      vertex 108.606 193 104.706
    endloop
  endfacet
  facet normal -0.655801 0 -0.754934
    outer loop
      vertex 108.309 193 104.964
      vertex 108.606 193.8 104.706
      vertex 108.606 193 104.706
    endloop
  endfacet
  facet normal -0.655801 0 -0.754934
    outer loop
      vertex 108.606 193.8 104.706
      vertex 108.309 193 104.964
      vertex 108.309 193.8 104.964
    endloop
  endfacet
  facet normal -0.488119 0 -0.872777
    outer loop
      vertex 107.98 193 105.148
      vertex 108.309 193.8 104.964
      vertex 108.309 193 104.964
    endloop
  endfacet
  facet normal -0.488119 0 -0.872777
    outer loop
      vertex 108.309 193.8 104.964
      vertex 107.98 193 105.148
      vertex 107.98 193.8 105.148
    endloop
  endfacet
  facet normal -0.290741 0 -0.956802
    outer loop
      vertex 107.618 193 105.258
      vertex 107.98 193.8 105.148
      vertex 107.98 193 105.148
    endloop
  endfacet
  facet normal -0.290741 0 -0.956802
    outer loop
      vertex 107.98 193.8 105.148
      vertex 107.618 193 105.258
      vertex 107.618 193.8 105.258
    endloop
  endfacet
  facet normal -0.0932626 0 -0.995642
    outer loop
      vertex 107.223 193 105.295
      vertex 107.618 193.8 105.258
      vertex 107.618 193 105.258
    endloop
  endfacet
  facet normal -0.0932626 0 -0.995642
    outer loop
      vertex 107.618 193.8 105.258
      vertex 107.223 193 105.295
      vertex 107.223 193.8 105.295
    endloop
  endfacet
  facet normal 0.0607848 0 -0.998151
    outer loop
      vertex 106.911 193 105.276
      vertex 107.223 193.8 105.295
      vertex 107.223 193 105.295
    endloop
  endfacet
  facet normal 0.0607848 0 -0.998151
    outer loop
      vertex 107.223 193.8 105.295
      vertex 106.911 193 105.276
      vertex 106.911 193.8 105.276
    endloop
  endfacet
  facet normal 0.0713842 0 0.997449
    outer loop
      vertex 148.474 193.8 107.218
      vertex 148.991 193 107.181
      vertex 148.991 193.8 107.181
    endloop
  endfacet
  facet normal 0.0713842 0 0.997449
    outer loop
      vertex 148.991 193 107.181
      vertex 148.474 193.8 107.218
      vertex 148.474 193 107.218
    endloop
  endfacet
  facet normal 0.120962 0 0.992657
    outer loop
      vertex 148.991 193.8 107.181
      vertex 149.508 193 107.118
      vertex 149.508 193.8 107.118
    endloop
  endfacet
  facet normal 0.120962 0 0.992657
    outer loop
      vertex 149.508 193 107.118
      vertex 148.991 193.8 107.181
      vertex 148.991 193 107.181
    endloop
  endfacet
  facet normal 0.165945 0 0.986135
    outer loop
      vertex 149.508 193.8 107.118
      vertex 150.025 193 107.031
      vertex 150.025 193.8 107.031
    endloop
  endfacet
  facet normal 0.165945 0 0.986135
    outer loop
      vertex 150.025 193 107.031
      vertex 149.508 193.8 107.118
      vertex 149.508 193 107.118
    endloop
  endfacet
  facet normal 0.212115 0 0.977245
    outer loop
      vertex 150.025 193.8 107.031
      vertex 150.541 193 106.919
      vertex 150.541 193.8 106.919
    endloop
  endfacet
  facet normal 0.212115 0 0.977245
    outer loop
      vertex 150.541 193 106.919
      vertex 150.025 193.8 107.031
      vertex 150.025 193 107.031
    endloop
  endfacet
  facet normal 0.254401 0 0.967099
    outer loop
      vertex 150.541 193.8 106.919
      vertex 151.058 193 106.783
      vertex 151.058 193.8 106.783
    endloop
  endfacet
  facet normal 0.254401 0 0.967099
    outer loop
      vertex 151.058 193 106.783
      vertex 150.541 193.8 106.919
      vertex 150.541 193 106.919
    endloop
  endfacet
  facet normal 0.295644 0 0.955298
    outer loop
      vertex 151.058 193.8 106.783
      vertex 151.575 193 106.623
      vertex 151.575 193.8 106.623
    endloop
  endfacet
  facet normal 0.295644 0 0.955298
    outer loop
      vertex 151.575 193 106.623
      vertex 151.058 193.8 106.783
      vertex 151.058 193 106.783
    endloop
  endfacet
  facet normal 0.334253 0 0.942483
    outer loop
      vertex 151.575 193.8 106.623
      vertex 152.091 193 106.44
      vertex 152.091 193.8 106.44
    endloop
  endfacet
  facet normal 0.334253 0 0.942483
    outer loop
      vertex 152.091 193 106.44
      vertex 151.575 193.8 106.623
      vertex 151.575 193 106.623
    endloop
  endfacet
  facet normal 1 -0 0
    outer loop
      vertex 152.091 193 106.44
      vertex 152.091 193.8 104.197
      vertex 152.091 193.8 106.44
    endloop
  endfacet
  facet normal 1 0 0
    outer loop
      vertex 152.091 193.8 104.197
      vertex 152.091 193 106.44
      vertex 152.091 193 104.197
    endloop
  endfacet
  facet normal -0.456352 0 -0.889799
    outer loop
      vertex 151.586 193 104.456
      vertex 152.091 193.8 104.197
      vertex 152.091 193 104.197
    endloop
  endfacet
  facet normal -0.456352 0 -0.889799
    outer loop
      vertex 152.091 193.8 104.197
      vertex 151.586 193 104.456
      vertex 151.586 193.8 104.456
    endloop
  endfacet
  facet normal -0.409528 0 -0.912297
    outer loop
      vertex 151.087 193 104.68
      vertex 151.586 193.8 104.456
      vertex 151.586 193 104.456
    endloop
  endfacet
  facet normal -0.409528 0 -0.912297
    outer loop
      vertex 151.586 193.8 104.456
      vertex 151.087 193 104.68
      vertex 151.087 193.8 104.68
    endloop
  endfacet
  facet normal -0.358598 0 -0.933492
    outer loop
      vertex 150.595 193 104.869
      vertex 151.087 193.8 104.68
      vertex 151.087 193 104.68
    endloop
  endfacet
  facet normal -0.358598 0 -0.933492
    outer loop
      vertex 151.087 193.8 104.68
      vertex 150.595 193 104.869
      vertex 150.595 193.8 104.869
    endloop
  endfacet
  facet normal -0.302636 0 -0.953106
    outer loop
      vertex 150.11 193 105.023
      vertex 150.595 193.8 104.869
      vertex 150.595 193 104.869
    endloop
  endfacet
  facet normal -0.302636 0 -0.953106
    outer loop
      vertex 150.595 193.8 104.869
      vertex 150.11 193 105.023
      vertex 150.11 193.8 105.023
    endloop
  endfacet
  facet normal -0.241105 0 -0.970499
    outer loop
      vertex 149.631 193 105.142
      vertex 150.11 193.8 105.023
      vertex 150.11 193 105.023
    endloop
  endfacet
  facet normal -0.241105 0 -0.970499
    outer loop
      vertex 150.11 193.8 105.023
      vertex 149.631 193 105.142
      vertex 149.631 193.8 105.142
    endloop
  endfacet
  facet normal -0.176509 0 -0.984299
    outer loop
      vertex 149.157 193 105.227
      vertex 149.631 193.8 105.142
      vertex 149.631 193 105.142
    endloop
  endfacet
  facet normal -0.176509 0 -0.984299
    outer loop
      vertex 149.631 193.8 105.142
      vertex 149.157 193 105.227
      vertex 149.157 193.8 105.227
    endloop
  endfacet
  facet normal -0.108333 0 -0.994115
    outer loop
      vertex 148.689 193 105.278
      vertex 149.157 193.8 105.227
      vertex 149.157 193 105.227
    endloop
  endfacet
  facet normal -0.108333 0 -0.994115
    outer loop
      vertex 149.157 193.8 105.227
      vertex 148.689 193 105.278
      vertex 148.689 193.8 105.278
    endloop
  endfacet
  facet normal -0.0366923 0 -0.999327
    outer loop
      vertex 148.226 193 105.295
      vertex 148.689 193.8 105.278
      vertex 148.689 193 105.278
    endloop
  endfacet
  facet normal -0.0366923 0 -0.999327
    outer loop
      vertex 148.689 193.8 105.278
      vertex 148.226 193 105.295
      vertex 148.226 193.8 105.295
    endloop
  endfacet
  facet normal 0.0593746 0 -0.998236
    outer loop
      vertex 147.688 193 105.263
      vertex 148.226 193.8 105.295
      vertex 148.226 193 105.295
    endloop
  endfacet
  facet normal 0.0593746 0 -0.998236
    outer loop
      vertex 148.226 193.8 105.295
      vertex 147.688 193 105.263
      vertex 147.688 193.8 105.263
    endloop
  endfacet
  facet normal 0.1981 0 -0.980182
    outer loop
      vertex 147.213 193 105.167
      vertex 147.688 193.8 105.263
      vertex 147.688 193 105.263
    endloop
  endfacet
  facet normal 0.1981 0 -0.980182
    outer loop
      vertex 147.688 193.8 105.263
      vertex 147.213 193 105.167
      vertex 147.213 193.8 105.167
    endloop
  endfacet
  facet normal 0.362009 0 -0.932174
    outer loop
      vertex 146.801 193 105.007
      vertex 147.213 193.8 105.167
      vertex 147.213 193 105.167
    endloop
  endfacet
  facet normal 0.362009 0 -0.932174
    outer loop
      vertex 147.213 193.8 105.167
      vertex 146.801 193 105.007
      vertex 146.801 193.8 105.007
    endloop
  endfacet
  facet normal 0.540148 0 -0.84157
    outer loop
      vertex 146.452 193 104.783
      vertex 146.801 193.8 105.007
      vertex 146.801 193 105.007
    endloop
  endfacet
  facet normal 0.540148 0 -0.84157
    outer loop
      vertex 146.801 193.8 105.007
      vertex 146.452 193 104.783
      vertex 146.452 193.8 104.783
    endloop
  endfacet
  facet normal 0.71325 0 -0.70091
    outer loop
      vertex 146.452 193 104.783
      vertex 146.168 193.8 104.494
      vertex 146.452 193.8 104.783
    endloop
  endfacet
  facet normal 0.71325 0 -0.70091
    outer loop
      vertex 146.168 193.8 104.494
      vertex 146.452 193 104.783
      vertex 146.168 193 104.494
    endloop
  endfacet
  facet normal 0.850162 0 -0.526521
    outer loop
      vertex 146.168 193 104.494
      vertex 145.95 193.8 104.142
      vertex 146.168 193.8 104.494
    endloop
  endfacet
  facet normal 0.850162 0 -0.526521
    outer loop
      vertex 145.95 193.8 104.142
      vertex 146.168 193 104.494
      vertex 145.95 193 104.142
    endloop
  endfacet
  facet normal 0.93953 0 -0.342467
    outer loop
      vertex 145.95 193 104.142
      vertex 145.798 193.8 103.725
      vertex 145.95 193.8 104.142
    endloop
  endfacet
  facet normal 0.93953 0 -0.342467
    outer loop
      vertex 145.798 193.8 103.725
      vertex 145.95 193 104.142
      vertex 145.798 193 103.725
    endloop
  endfacet
  facet normal 0.984326 0 -0.176358
    outer loop
      vertex 145.798 193 103.725
      vertex 145.712 193.8 103.245
      vertex 145.798 193.8 103.725
    endloop
  endfacet
  facet normal 0.984326 0 -0.176358
    outer loop
      vertex 145.712 193.8 103.245
      vertex 145.798 193 103.725
      vertex 145.712 193 103.245
    endloop
  endfacet
  facet normal -0 0 1
    outer loop
      vertex 145.712 193.8 103.245
      vertex 152.523 193 103.245
      vertex 152.523 193.8 103.245
    endloop
  endfacet
  facet normal 0 0 1
    outer loop
      vertex 152.523 193 103.245
      vertex 145.712 193.8 103.245
      vertex 145.712 193 103.245
    endloop
  endfacet
  facet normal 1 -0 0
    outer loop
      vertex 152.523 193 103.245
      vertex 152.523 193.8 102.415
      vertex 152.523 193.8 103.245
    endloop
  endfacet
  facet normal 1 0 0
    outer loop
      vertex 152.523 193.8 102.415
      vertex 152.523 193 103.245
      vertex 152.523 193 102.415
    endloop
  endfacet
  facet normal 0.99691 0 -0.0785503
    outer loop
      vertex 152.523 193 102.415
      vertex 152.442 193.8 101.387
      vertex 152.523 193.8 102.415
    endloop
  endfacet
  facet normal 0.99691 0 -0.0785503
    outer loop
      vertex 152.442 193.8 101.387
      vertex 152.523 193 102.415
      vertex 152.442 193 101.387
    endloop
  endfacet
  facet normal 0.967034 0 -0.254649
    outer loop
      vertex 152.442 193 101.387
      vertex 152.2 193.8 100.468
      vertex 152.442 193.8 101.387
    endloop
  endfacet
  facet normal 0.967034 0 -0.254649
    outer loop
      vertex 152.2 193.8 100.468
      vertex 152.442 193 101.387
      vertex 152.2 193 100.468
    endloop
  endfacet
  facet normal 0.895485 0 -0.445092
    outer loop
      vertex 152.2 193 100.468
      vertex 151.797 193.8 99.6572
      vertex 152.2 193.8 100.468
    endloop
  endfacet
  facet normal 0.895485 0 -0.445092
    outer loop
      vertex 151.797 193.8 99.6572
      vertex 152.2 193 100.468
      vertex 151.797 193 99.6572
    endloop
  endfacet
  facet normal 0.779393 0 -0.626536
    outer loop
      vertex 151.797 193 99.6572
      vertex 151.233 193.8 98.9556
      vertex 151.797 193.8 99.6572
    endloop
  endfacet
  facet normal 0.779393 0 -0.626536
    outer loop
      vertex 151.233 193.8 98.9556
      vertex 151.797 193 99.6572
      vertex 151.233 193 98.9556
    endloop
  endfacet
  facet normal 0.629428 0 -0.777058
    outer loop
      vertex 150.534 193 98.3894
      vertex 151.233 193.8 98.9556
      vertex 151.233 193 98.9556
    endloop
  endfacet
  facet normal 0.629428 0 -0.777058
    outer loop
      vertex 151.233 193.8 98.9556
      vertex 150.534 193 98.3894
      vertex 150.534 193.8 98.3894
    endloop
  endfacet
  facet normal 0.448989 0 -0.893537
    outer loop
      vertex 149.729 193 97.9849
      vertex 150.534 193.8 98.3894
      vertex 150.534 193 98.3894
    endloop
  endfacet
  facet normal 0.448989 0 -0.893537
    outer loop
      vertex 150.534 193.8 98.3894
      vertex 149.729 193 97.9849
      vertex 149.729 193.8 97.9849
    endloop
  endfacet
  facet normal 0.256642 0 -0.966506
    outer loop
      vertex 148.815 193 97.7422
      vertex 149.729 193.8 97.9849
      vertex 149.729 193 97.9849
    endloop
  endfacet
  facet normal 0.256642 0 -0.966506
    outer loop
      vertex 149.729 193.8 97.9849
      vertex 148.815 193 97.7422
      vertex 148.815 193.8 97.7422
    endloop
  endfacet
  facet normal 0.0790654 0 -0.996869
    outer loop
      vertex 147.795 193 97.6613
      vertex 148.815 193.8 97.7422
      vertex 148.815 193 97.7422
    endloop
  endfacet
  facet normal 0.0790654 0 -0.996869
    outer loop
      vertex 148.815 193.8 97.7422
      vertex 147.795 193 97.6613
      vertex 147.795 193.8 97.6613
    endloop
  endfacet
  facet normal -0.0712597 0 -0.997458
    outer loop
      vertex 146.678 193 97.7411
      vertex 147.795 193.8 97.6613
      vertex 147.795 193 97.6613
    endloop
  endfacet
  facet normal -0.0712597 0 -0.997458
    outer loop
      vertex 147.795 193.8 97.6613
      vertex 146.678 193 97.7411
      vertex 146.678 193.8 97.7411
    endloop
  endfacet
  facet normal -0.235229 0 -0.97194
    outer loop
      vertex 145.688 193 97.9807
      vertex 146.678 193.8 97.7411
      vertex 146.678 193 97.7411
    endloop
  endfacet
  facet normal -0.235229 0 -0.97194
    outer loop
      vertex 146.678 193.8 97.7411
      vertex 145.688 193 97.9807
      vertex 145.688 193.8 97.9807
    endloop
  endfacet
  facet normal -0.419832 0 -0.907602
    outer loop
      vertex 144.825 193 98.3799
      vertex 145.688 193.8 97.9807
      vertex 145.688 193 97.9807
    endloop
  endfacet
  facet normal -0.419832 0 -0.907602
    outer loop
      vertex 145.688 193.8 97.9807
      vertex 144.825 193 98.3799
      vertex 144.825 193.8 98.3799
    endloop
  endfacet
  facet normal -0.604247 0 -0.796797
    outer loop
      vertex 144.088 193 98.9388
      vertex 144.825 193.8 98.3799
      vertex 144.825 193 98.3799
    endloop
  endfacet
  facet normal -0.604247 0 -0.796797
    outer loop
      vertex 144.825 193.8 98.3799
      vertex 144.088 193 98.9388
      vertex 144.088 193.8 98.9388
    endloop
  endfacet
  facet normal -0.764394 0 -0.644749
    outer loop
      vertex 144.088 193 98.9388
      vertex 143.499 193.8 99.6371
      vertex 144.088 193.8 98.9388
    endloop
  endfacet
  facet normal -0.764394 -0 -0.644749
    outer loop
      vertex 143.499 193.8 99.6371
      vertex 144.088 193 98.9388
      vertex 143.499 193 99.6371
    endloop
  endfacet
  facet normal -0.888898 0 -0.458105
    outer loop
      vertex 143.499 193 99.6371
      vertex 143.078 193.8 100.454
      vertex 143.499 193.8 99.6371
    endloop
  endfacet
  facet normal -0.888898 -0 -0.458105
    outer loop
      vertex 143.078 193.8 100.454
      vertex 143.499 193 99.6371
      vertex 143.078 193 100.454
    endloop
  endfacet
  facet normal -0.965685 0 -0.259715
    outer loop
      vertex 143.078 193 100.454
      vertex 142.826 193.8 101.391
      vertex 143.078 193.8 100.454
    endloop
  endfacet
  facet normal -0.965685 -0 -0.259715
    outer loop
      vertex 142.826 193.8 101.391
      vertex 143.078 193 100.454
      vertex 142.826 193 101.391
    endloop
  endfacet
  facet normal -0.996845 0 -0.0793697
    outer loop
      vertex 142.826 193 101.391
      vertex 142.742 193.8 102.446
      vertex 142.826 193.8 101.391
    endloop
  endfacet
  facet normal -0.996845 -0 -0.0793697
    outer loop
      vertex 142.742 193.8 102.446
      vertex 142.826 193 101.391
      vertex 142.742 193 102.446
    endloop
  endfacet
  facet normal -0.996871 0 0.079043
    outer loop
      vertex 142.742 193 102.446
      vertex 142.827 193.8 103.518
      vertex 142.742 193.8 102.446
    endloop
  endfacet
  facet normal -0.996871 0 0.079043
    outer loop
      vertex 142.827 193.8 103.518
      vertex 142.742 193 102.446
      vertex 142.827 193 103.518
    endloop
  endfacet
  facet normal -0.964952 0 0.262426
    outer loop
      vertex 142.827 193 103.518
      vertex 143.084 193.8 104.463
      vertex 142.827 193.8 103.518
    endloop
  endfacet
  facet normal -0.964952 0 0.262426
    outer loop
      vertex 143.084 193.8 104.463
      vertex 142.827 193 103.518
      vertex 143.084 193 104.463
    endloop
  endfacet
  facet normal -0.885832 0 0.464007
    outer loop
      vertex 143.084 193 104.463
      vertex 143.513 193.8 105.282
      vertex 143.084 193.8 104.463
    endloop
  endfacet
  facet normal -0.885832 0 0.464007
    outer loop
      vertex 143.513 193.8 105.282
      vertex 143.084 193 104.463
      vertex 143.513 193 105.282
    endloop
  endfacet
  facet normal -0.755076 0 0.655637
    outer loop
      vertex 143.513 193 105.282
      vertex 144.113 193.8 105.973
      vertex 143.513 193.8 105.282
    endloop
  endfacet
  facet normal -0.755076 0 0.655637
    outer loop
      vertex 144.113 193.8 105.973
      vertex 143.513 193 105.282
      vertex 144.113 193 105.973
    endloop
  endfacet
  facet normal -0.589318 0 0.807901
    outer loop
      vertex 144.113 193.8 105.973
      vertex 144.867 193 106.523
      vertex 144.867 193.8 106.523
    endloop
  endfacet
  facet normal -0.589318 0 0.807901
    outer loop
      vertex 144.867 193 106.523
      vertex 144.113 193.8 105.973
      vertex 144.113 193 105.973
    endloop
  endfacet
  facet normal -0.403186 0 0.915118
    outer loop
      vertex 144.867 193.8 106.523
      vertex 145.759 193 106.916
      vertex 145.759 193.8 106.916
    endloop
  endfacet
  facet normal -0.403186 0 0.915118
    outer loop
      vertex 145.759 193 106.916
      vertex 144.867 193.8 106.523
      vertex 144.867 193 106.523
    endloop
  endfacet
  facet normal -0.223133 0 0.974788
    outer loop
      vertex 145.759 193.8 106.916
      vertex 146.79 193 107.152
      vertex 146.79 193.8 107.152
    endloop
  endfacet
  facet normal -0.223133 0 0.974788
    outer loop
      vertex 146.79 193 107.152
      vertex 145.759 193.8 106.916
      vertex 145.759 193 106.916
    endloop
  endfacet
  facet normal -0.0674828 0 0.99772
    outer loop
      vertex 146.79 193.8 107.152
      vertex 147.958 193 107.231
      vertex 147.958 193.8 107.231
    endloop
  endfacet
  facet normal -0.0674828 0 0.99772
    outer loop
      vertex 147.958 193 107.231
      vertex 146.79 193.8 107.152
      vertex 146.79 193 107.152
    endloop
  endfacet
  facet normal 0.0251858 0 0.999683
    outer loop
      vertex 147.958 193.8 107.231
      vertex 148.474 193 107.218
      vertex 148.474 193.8 107.218
    endloop
  endfacet
  facet normal 0.0251858 0 0.999683
    outer loop
      vertex 148.474 193 107.218
      vertex 147.958 193.8 107.231
      vertex 147.958 193 107.231
    endloop
  endfacet
  facet normal 0.978106 -0 0.208108
    outer loop
      vertex 145.744 193 101.448
      vertex 145.834 193.8 101.025
      vertex 145.744 193.8 101.448
    endloop
  endfacet
  facet normal 0.978106 0 0.208108
    outer loop
      vertex 145.834 193.8 101.025
      vertex 145.744 193 101.448
      vertex 145.834 193 101.025
    endloop
  endfacet
  facet normal 0.934969 -0 0.354731
    outer loop
      vertex 145.834 193 101.025
      vertex 145.974 193.8 100.656
      vertex 145.834 193.8 101.025
    endloop
  endfacet
  facet normal 0.934969 0 0.354731
    outer loop
      vertex 145.974 193.8 100.656
      vertex 145.834 193 101.025
      vertex 145.974 193 100.656
    endloop
  endfacet
  facet normal 0.858444 -0 0.512907
    outer loop
      vertex 145.974 193 100.656
      vertex 146.164 193.8 100.338
      vertex 145.974 193.8 100.656
    endloop
  endfacet
  facet normal 0.858444 0 0.512907
    outer loop
      vertex 146.164 193.8 100.338
      vertex 145.974 193 100.656
      vertex 146.164 193 100.338
    endloop
  endfacet
  facet normal 0.741336 -0 0.671134
    outer loop
      vertex 146.164 193 100.338
      vertex 146.403 193.8 100.074
      vertex 146.164 193.8 100.338
    endloop
  endfacet
  facet normal 0.741336 0 0.671134
    outer loop
      vertex 146.403 193.8 100.074
      vertex 146.164 193 100.338
      vertex 146.403 193 100.074
    endloop
  endfacet
  facet normal 0.591364 0 0.806405
    outer loop
      vertex 146.403 193.8 100.074
      vertex 146.688 193 99.865
      vertex 146.688 193.8 99.865
    endloop
  endfacet
  facet normal 0.591364 0 0.806405
    outer loop
      vertex 146.688 193 99.865
      vertex 146.403 193.8 100.074
      vertex 146.403 193 100.074
    endloop
  endfacet
  facet normal 0.418044 0 0.908427
    outer loop
      vertex 146.688 193.8 99.865
      vertex 147.012 193 99.7159
      vertex 147.012 193.8 99.7159
    endloop
  endfacet
  facet normal 0.418044 0 0.908427
    outer loop
      vertex 147.012 193 99.7159
      vertex 146.688 193.8 99.865
      vertex 146.688 193 99.865
    endloop
  endfacet
  facet normal 0.239135 0 0.970986
    outer loop
      vertex 147.012 193.8 99.7159
      vertex 147.375 193 99.6265
      vertex 147.375 193.8 99.6265
    endloop
  endfacet
  facet normal 0.239135 0 0.970986
    outer loop
      vertex 147.375 193 99.6265
      vertex 147.012 193.8 99.7159
      vertex 147.012 193 99.7159
    endloop
  endfacet
  facet normal 0.0735625 0 0.997291
    outer loop
      vertex 147.375 193.8 99.6265
      vertex 147.779 193 99.5967
      vertex 147.779 193.8 99.5967
    endloop
  endfacet
  facet normal 0.0735625 0 0.997291
    outer loop
      vertex 147.779 193 99.5967
      vertex 147.375 193.8 99.6265
      vertex 147.375 193 99.6265
    endloop
  endfacet
  facet normal -0.0851732 0 0.996366
    outer loop
      vertex 147.779 193.8 99.5967
      vertex 148.151 193 99.6285
      vertex 148.151 193.8 99.6285
    endloop
  endfacet
  facet normal -0.0851732 0 0.996366
    outer loop
      vertex 148.151 193 99.6285
      vertex 147.779 193.8 99.5967
      vertex 147.779 193 99.5967
    endloop
  endfacet
  facet normal -0.275177 0 0.961393
    outer loop
      vertex 148.151 193.8 99.6285
      vertex 148.485 193 99.7241
      vertex 148.485 193.8 99.7241
    endloop
  endfacet
  facet normal -0.275177 0 0.961393
    outer loop
      vertex 148.485 193 99.7241
      vertex 148.151 193.8 99.6285
      vertex 148.151 193 99.6285
    endloop
  endfacet
  facet normal -0.471203 0 0.882025
    outer loop
      vertex 148.485 193.8 99.7241
      vertex 148.783 193 99.8833
      vertex 148.783 193.8 99.8833
    endloop
  endfacet
  facet normal -0.471203 0 0.882025
    outer loop
      vertex 148.783 193 99.8833
      vertex 148.485 193.8 99.7241
      vertex 148.485 193 99.7241
    endloop
  endfacet
  facet normal -0.649086 0 0.760715
    outer loop
      vertex 148.783 193.8 99.8833
      vertex 149.044 193 100.106
      vertex 149.044 193.8 100.106
    endloop
  endfacet
  facet normal -0.649086 0 0.760715
    outer loop
      vertex 149.044 193 100.106
      vertex 148.783 193.8 99.8833
      vertex 148.783 193 99.8833
    endloop
  endfacet
  facet normal -0.791981 0 0.610545
    outer loop
      vertex 149.044 193 100.106
      vertex 149.256 193.8 100.381
      vertex 149.044 193.8 100.106
    endloop
  endfacet
  facet normal -0.791981 0 0.610545
    outer loop
      vertex 149.256 193.8 100.381
      vertex 149.044 193 100.106
      vertex 149.256 193 100.381
    endloop
  endfacet
  facet normal -0.901746 0 0.432266
    outer loop
      vertex 149.256 193 100.381
      vertex 149.407 193.8 100.696
      vertex 149.256 193.8 100.381
    endloop
  endfacet
  facet normal -0.901746 0 0.432266
    outer loop
      vertex 149.407 193.8 100.696
      vertex 149.256 193 100.381
      vertex 149.407 193 100.696
    endloop
  endfacet
  facet normal -0.968848 0 0.247655
    outer loop
      vertex 149.407 193 100.696
      vertex 149.498 193.8 101.052
      vertex 149.407 193.8 100.696
    endloop
  endfacet
  facet normal -0.968848 0 0.247655
    outer loop
      vertex 149.498 193.8 101.052
      vertex 149.407 193 100.696
      vertex 149.498 193 101.052
    endloop
  endfacet
  facet normal -0.997143 0 0.0755411
    outer loop
      vertex 149.498 193 101.052
      vertex 149.528 193.8 101.448
      vertex 149.498 193.8 101.052
    endloop
  endfacet
  facet normal -0.997143 0 0.0755411
    outer loop
      vertex 149.528 193.8 101.448
      vertex 149.498 193 101.052
      vertex 149.528 193 101.448
    endloop
  endfacet
  facet normal 0 0 -1
    outer loop
      vertex 145.744 193 101.448
      vertex 149.528 193.8 101.448
      vertex 149.528 193 101.448
    endloop
  endfacet
  facet normal -0 0 -1
    outer loop
      vertex 149.528 193.8 101.448
      vertex 145.744 193 101.448
      vertex 145.744 193.8 101.448
    endloop
  endfacet
  facet normal 0.998212 -0 0.0597666
    outer loop
      vertex 98.4557 193 102.796
      vertex 98.4936 193.8 102.163
      vertex 98.4557 193.8 102.796
    endloop
  endfacet
  facet normal 0.998212 0 0.0597666
    outer loop
      vertex 98.4936 193.8 102.163
      vertex 98.4557 193 102.796
      vertex 98.4936 193 102.163
    endloop
  endfacet
  facet normal 0.979653 -0 0.200697
    outer loop
      vertex 98.4936 193 102.163
      vertex 98.6073 193.8 101.608
      vertex 98.4936 193.8 102.163
    endloop
  endfacet
  facet normal 0.979653 0 0.200697
    outer loop
      vertex 98.6073 193.8 101.608
      vertex 98.4936 193 102.163
      vertex 98.6073 193 101.608
    endloop
  endfacet
  facet normal 0.929414 -0 0.369038
    outer loop
      vertex 98.6073 193 101.608
      vertex 98.7967 193.8 101.131
      vertex 98.6073 193.8 101.608
    endloop
  endfacet
  facet normal 0.929414 0 0.369038
    outer loop
      vertex 98.7967 193.8 101.131
      vertex 98.6073 193 101.608
      vertex 98.7967 193 101.131
    endloop
  endfacet
  facet normal 0.832724 -0 0.553688
    outer loop
      vertex 98.7967 193 101.131
      vertex 99.062 193.8 100.732
      vertex 98.7967 193.8 101.131
    endloop
  endfacet
  facet normal 0.832724 0 0.553688
    outer loop
      vertex 99.062 193.8 100.732
      vertex 98.7967 193 101.131
      vertex 99.062 193 100.732
    endloop
  endfacet
  facet normal 0.684591 0 0.728927
    outer loop
      vertex 99.062 193.8 100.732
      vertex 99.3974 193 100.417
      vertex 99.3974 193.8 100.417
    endloop
  endfacet
  facet normal 0.684591 0 0.728927
    outer loop
      vertex 99.3974 193 100.417
      vertex 99.062 193.8 100.732
      vertex 99.062 193 100.732
    endloop
  endfacet
  facet normal 0.490261 0 0.871576
    outer loop
      vertex 99.3974 193.8 100.417
      vertex 99.7974 193 100.192
      vertex 99.7974 193.8 100.192
    endloop
  endfacet
  facet normal 0.490261 0 0.871576
    outer loop
      vertex 99.7974 193 100.192
      vertex 99.3974 193.8 100.417
      vertex 99.3974 193 100.417
    endloop
  endfacet
  facet normal 0.280936 0 0.959727
    outer loop
      vertex 99.7974 193.8 100.192
      vertex 100.262 193 100.056
      vertex 100.262 193.8 100.056
    endloop
  endfacet
  facet normal 0.280936 0 0.959727
    outer loop
      vertex 100.262 193 100.056
      vertex 99.7974 193.8 100.192
      vertex 99.7974 193 100.192
    endloop
  endfacet
  facet normal 0.08476 0 0.996401
    outer loop
      vertex 100.262 193.8 100.056
      vertex 100.791 193 100.011
      vertex 100.791 193.8 100.011
    endloop
  endfacet
  facet normal 0.08476 0 0.996401
    outer loop
      vertex 100.791 193 100.011
      vertex 100.262 193.8 100.056
      vertex 100.262 193 100.056
    endloop
  endfacet
  facet normal -0.0313981 0 0.999507
    outer loop
      vertex 100.791 193.8 100.011
      vertex 100.982 193 100.017
      vertex 100.982 193.8 100.017
    endloop
  endfacet
  facet normal -0.0313981 0 0.999507
    outer loop
      vertex 100.982 193 100.017
      vertex 100.791 193.8 100.011
      vertex 100.791 193 100.011
    endloop
  endfacet
  facet normal -0.0834773 0 0.99651
    outer loop
      vertex 100.982 193.8 100.017
      vertex 101.173 193 100.033
      vertex 101.173 193.8 100.033
    endloop
  endfacet
  facet normal -0.0834773 0 0.99651
    outer loop
      vertex 101.173 193 100.033
      vertex 100.982 193.8 100.017
      vertex 100.982 193 100.017
    endloop
  endfacet
  facet normal -0.140692 0 0.990053
    outer loop
      vertex 101.173 193.8 100.033
      vertex 101.363 193 100.06
      vertex 101.363 193.8 100.06
    endloop
  endfacet
  facet normal -0.140692 0 0.990053
    outer loop
      vertex 101.363 193 100.06
      vertex 101.173 193.8 100.033
      vertex 101.173 193 100.033
    endloop
  endfacet
  facet normal -0.197114 0 0.980381
    outer loop
      vertex 101.363 193.8 100.06
      vertex 101.552 193 100.098
      vertex 101.552 193.8 100.098
    endloop
  endfacet
  facet normal -0.197114 0 0.980381
    outer loop
      vertex 101.552 193 100.098
      vertex 101.363 193.8 100.06
      vertex 101.363 193 100.06
    endloop
  endfacet
  facet normal -0.250962 0 0.967997
    outer loop
      vertex 101.552 193.8 100.098
      vertex 101.741 193 100.147
      vertex 101.741 193.8 100.147
    endloop
  endfacet
  facet normal -0.250962 0 0.967997
    outer loop
      vertex 101.741 193 100.147
      vertex 101.552 193.8 100.098
      vertex 101.552 193 100.098
    endloop
  endfacet
  facet normal -0.305685 0 0.952133
    outer loop
      vertex 101.741 193.8 100.147
      vertex 101.931 193 100.208
      vertex 101.931 193.8 100.208
    endloop
  endfacet
  facet normal -0.305685 0 0.952133
    outer loop
      vertex 101.931 193 100.208
      vertex 101.741 193.8 100.147
      vertex 101.741 193 100.147
    endloop
  endfacet
  facet normal -0.352734 0 0.935724
    outer loop
      vertex 101.931 193.8 100.208
      vertex 102.122 193 100.28
      vertex 102.122 193.8 100.28
    endloop
  endfacet
  facet normal -0.352734 0 0.935724
    outer loop
      vertex 102.122 193 100.28
      vertex 101.931 193.8 100.208
      vertex 101.931 193 100.208
    endloop
  endfacet
  facet normal -0.406582 0 0.913614
    outer loop
      vertex 102.122 193.8 100.28
      vertex 102.313 193 100.365
      vertex 102.313 193.8 100.365
    endloop
  endfacet
  facet normal -0.406582 0 0.913614
    outer loop
      vertex 102.313 193 100.365
      vertex 102.122 193.8 100.28
      vertex 102.122 193 100.28
    endloop
  endfacet
  facet normal 0.999995 0 -0.00303029
    outer loop
      vertex 102.313 193 100.365
      vertex 102.305 193.8 97.725
      vertex 102.313 193.8 100.365
    endloop
  endfacet
  facet normal 0.999995 0 -0.00303029
    outer loop
      vertex 102.305 193.8 97.725
      vertex 102.313 193 100.365
      vertex 102.305 193 97.725
    endloop
  endfacet
  facet normal 0.118121 0 -0.992999
    outer loop
      vertex 102.152 193 97.7068
      vertex 102.305 193.8 97.725
      vertex 102.305 193 97.725
    endloop
  endfacet
  facet normal 0.118121 0 -0.992999
    outer loop
      vertex 102.305 193.8 97.725
      vertex 102.152 193 97.7068
      vertex 102.152 193.8 97.7068
    endloop
  endfacet
  facet normal 0.108314 0 -0.994117
    outer loop
      vertex 102.018 193 97.6922
      vertex 102.152 193.8 97.7068
      vertex 102.152 193 97.7068
    endloop
  endfacet
  facet normal 0.108314 0 -0.994117
    outer loop
      vertex 102.152 193.8 97.7068
      vertex 102.018 193 97.6922
      vertex 102.018 193.8 97.6922
    endloop
  endfacet
  facet normal 0.0969327 0 -0.995291
    outer loop
      vertex 101.903 193 97.681
      vertex 102.018 193.8 97.6922
      vertex 102.018 193 97.6922
    endloop
  endfacet
  facet normal 0.0969327 0 -0.995291
    outer loop
      vertex 102.018 193.8 97.6922
      vertex 101.903 193 97.681
      vertex 101.903 193.8 97.681
    endloop
  endfacet
  facet normal 0.0807877 0 -0.996731
    outer loop
      vertex 101.808 193 97.6733
      vertex 101.903 193.8 97.681
      vertex 101.903 193 97.681
    endloop
  endfacet
  facet normal 0.0807877 0 -0.996731
    outer loop
      vertex 101.903 193.8 97.681
      vertex 101.808 193 97.6733
      vertex 101.808 193.8 97.6733
    endloop
  endfacet
  facet normal 0.0617865 0 -0.998089
    outer loop
      vertex 101.724 193 97.6681
      vertex 101.808 193.8 97.6733
      vertex 101.808 193 97.6733
    endloop
  endfacet
  facet normal 0.0617865 0 -0.998089
    outer loop
      vertex 101.808 193.8 97.6733
      vertex 101.724 193 97.6681
      vertex 101.724 193.8 97.6681
    endloop
  endfacet
  facet normal 0.0474465 0 -0.998874
    outer loop
      vertex 101.644 193 97.6643
      vertex 101.724 193.8 97.6681
      vertex 101.724 193 97.6681
    endloop
  endfacet
  facet normal 0.0474465 0 -0.998874
    outer loop
      vertex 101.724 193.8 97.6681
      vertex 101.644 193 97.6643
      vertex 101.644 193.8 97.6643
    endloop
  endfacet
  facet normal 0.0281939 0 -0.999602
    outer loop
      vertex 101.566 193 97.6621
      vertex 101.644 193.8 97.6643
      vertex 101.644 193 97.6643
    endloop
  endfacet
  facet normal 0.0281939 0 -0.999602
    outer loop
      vertex 101.644 193.8 97.6643
      vertex 101.566 193 97.6621
      vertex 101.566 193.8 97.6621
    endloop
  endfacet
  facet normal 0.0106661 0 -0.999943
    outer loop
      vertex 101.491 193 97.6613
      vertex 101.566 193.8 97.6621
      vertex 101.566 193 97.6621
    endloop
  endfacet
  facet normal 0.0106661 0 -0.999943
    outer loop
      vertex 101.566 193.8 97.6621
      vertex 101.491 193 97.6613
      vertex 101.491 193.8 97.6613
    endloop
  endfacet
  facet normal -0.0522706 0 -0.998633
    outer loop
      vertex 101 193 97.687
      vertex 101.491 193.8 97.6613
      vertex 101.491 193 97.6613
    endloop
  endfacet
  facet normal -0.0522706 0 -0.998633
    outer loop
      vertex 101.491 193.8 97.6613
      vertex 101 193 97.687
      vertex 101 193.8 97.687
    endloop
  endfacet
  facet normal -0.167638 0 -0.985849
    outer loop
      vertex 100.546 193 97.7642
      vertex 101 193.8 97.687
      vertex 101 193 97.687
    endloop
  endfacet
  facet normal -0.167638 0 -0.985849
    outer loop
      vertex 101 193.8 97.687
      vertex 100.546 193 97.7642
      vertex 100.546 193.8 97.7642
    endloop
  endfacet
  facet normal -0.294263 0 -0.955725
    outer loop
      vertex 100.128 193 97.8929
      vertex 100.546 193.8 97.7642
      vertex 100.546 193 97.7642
    endloop
  endfacet
  facet normal -0.294263 0 -0.955725
    outer loop
      vertex 100.546 193.8 97.7642
      vertex 100.128 193 97.8929
      vertex 100.128 193.8 97.8929
    endloop
  endfacet
  facet normal -0.425991 0 -0.904728
    outer loop
      vertex 99.7455 193 98.073
      vertex 100.128 193.8 97.8929
      vertex 100.128 193 97.8929
    endloop
  endfacet
  facet normal -0.425991 0 -0.904728
    outer loop
      vertex 100.128 193.8 97.8929
      vertex 99.7455 193 98.073
      vertex 99.7455 193.8 98.073
    endloop
  endfacet
  facet normal -0.555351 0 -0.831616
    outer loop
      vertex 99.3918 193 98.3092
      vertex 99.7455 193.8 98.073
      vertex 99.7455 193 98.073
    endloop
  endfacet
  facet normal -0.555351 0 -0.831616
    outer loop
      vertex 99.7455 193.8 98.073
      vertex 99.3918 193 98.3092
      vertex 99.3918 193.8 98.3092
    endloop
  endfacet
  facet normal -0.665476 0 -0.746419
    outer loop
      vertex 99.0589 193 98.606
      vertex 99.3918 193.8 98.3092
      vertex 99.3918 193 98.3092
    endloop
  endfacet
  facet normal -0.665476 0 -0.746419
    outer loop
      vertex 99.3918 193.8 98.3092
      vertex 99.0589 193 98.606
      vertex 99.0589 193.8 98.606
    endloop
  endfacet
  facet normal -0.753425 0 -0.657534
    outer loop
      vertex 99.0589 193 98.606
      vertex 98.7469 193.8 98.9635
      vertex 99.0589 193.8 98.606
    endloop
  endfacet
  facet normal -0.753425 -0 -0.657534
    outer loop
      vertex 98.7469 193.8 98.9635
      vertex 99.0589 193 98.606
      vertex 98.7469 193 98.9635
    endloop
  endfacet
  facet normal -0.820585 0 -0.571524
    outer loop
      vertex 98.7469 193 98.9635
      vertex 98.4557 193.8 99.3816
      vertex 98.7469 193.8 98.9635
    endloop
  endfacet
  facet normal -0.820585 -0 -0.571524
    outer loop
      vertex 98.4557 193.8 99.3816
      vertex 98.7469 193 98.9635
      vertex 98.4557 193 99.3816
    endloop
  endfacet
  facet normal 1 -0 0
    outer loop
      vertex 98.4557 193 99.3816
      vertex 98.4557 193.8 97.8763
      vertex 98.4557 193.8 99.3816
    endloop
  endfacet
  facet normal 1 0 0
    outer loop
      vertex 98.4557 193.8 97.8763
      vertex 98.4557 193 99.3816
      vertex 98.4557 193 97.8763
    endloop
  endfacet
  facet normal 0 0 -1
    outer loop
      vertex 95.5425 193 97.8763
      vertex 98.4557 193.8 97.8763
      vertex 98.4557 193 97.8763
    endloop
  endfacet
  facet normal -0 0 -1
    outer loop
      vertex 98.4557 193.8 97.8763
      vertex 95.5425 193 97.8763
      vertex 95.5425 193.8 97.8763
    endloop
  endfacet
  facet normal -1 0 0
    outer loop
      vertex 95.5425 193 97.8763
      vertex 95.5425 193.8 106.992
      vertex 95.5425 193.8 97.8763
    endloop
  endfacet
  facet normal -1 -0 0
    outer loop
      vertex 95.5425 193.8 106.992
      vertex 95.5425 193 97.8763
      vertex 95.5425 193 106.992
    endloop
  endfacet
  facet normal -0 0 1
    outer loop
      vertex 95.5425 193.8 106.992
      vertex 98.4557 193 106.992
      vertex 98.4557 193.8 106.992
    endloop
  endfacet
  facet normal 0 0 1
    outer loop
      vertex 98.4557 193 106.992
      vertex 95.5425 193.8 106.992
      vertex 95.5425 193 106.992
    endloop
  endfacet
  facet normal 1 -0 0
    outer loop
      vertex 98.4557 193 106.992
      vertex 98.4557 193.8 102.796
      vertex 98.4557 193.8 106.992
    endloop
  endfacet
  facet normal 1 0 0
    outer loop
      vertex 98.4557 193.8 102.796
      vertex 98.4557 193 106.992
      vertex 98.4557 193 102.796
    endloop
  endfacet
  facet normal 0.0714254 0 0.997446
    outer loop
      vertex 75.0174 193.8 107.218
      vertex 75.5341 193 107.181
      vertex 75.5341 193.8 107.181
    endloop
  endfacet
  facet normal 0.0714254 0 0.997446
    outer loop
      vertex 75.5341 193 107.181
      vertex 75.0174 193.8 107.218
      vertex 75.0174 193 107.218
    endloop
  endfacet
  facet normal 0.121008 0 0.992652
    outer loop
      vertex 75.5341 193.8 107.181
      vertex 76.0509 193 107.118
      vertex 76.0509 193.8 107.118
    endloop
  endfacet
  facet normal 0.121008 0 0.992652
    outer loop
      vertex 76.0509 193 107.118
      vertex 75.5341 193.8 107.181
      vertex 75.5341 193 107.181
    endloop
  endfacet
  facet normal 0.166039 0 0.986119
    outer loop
      vertex 76.0509 193.8 107.118
      vertex 76.5676 193 107.031
      vertex 76.5676 193.8 107.031
    endloop
  endfacet
  facet normal 0.166039 0 0.986119
    outer loop
      vertex 76.5676 193 107.031
      vertex 76.0509 193.8 107.118
      vertex 76.0509 193 107.118
    endloop
  endfacet
  facet normal 0.211841 0 0.977304
    outer loop
      vertex 76.5676 193.8 107.031
      vertex 77.0843 193 106.919
      vertex 77.0843 193.8 106.919
    endloop
  endfacet
  facet normal 0.211841 0 0.977304
    outer loop
      vertex 77.0843 193 106.919
      vertex 76.5676 193.8 107.031
      vertex 76.5676 193 107.031
    endloop
  endfacet
  facet normal 0.254539 0 0.967062
    outer loop
      vertex 77.0843 193.8 106.919
      vertex 77.601 193 106.783
      vertex 77.601 193.8 106.783
    endloop
  endfacet
  facet normal 0.254539 0 0.967062
    outer loop
      vertex 77.601 193 106.783
      vertex 77.0843 193.8 106.919
      vertex 77.0843 193 106.919
    endloop
  endfacet
  facet normal 0.295748 0 0.955266
    outer loop
      vertex 77.601 193.8 106.783
      vertex 78.1178 193 106.623
      vertex 78.1178 193.8 106.623
    endloop
  endfacet
  facet normal 0.295748 0 0.955266
    outer loop
      vertex 78.1178 193 106.623
      vertex 77.601 193.8 106.783
      vertex 77.601 193 106.783
    endloop
  endfacet
  facet normal 0.333851 0 0.942626
    outer loop
      vertex 78.1178 193.8 106.623
      vertex 78.6345 193 106.44
      vertex 78.6345 193.8 106.44
    endloop
  endfacet
  facet normal 0.333851 0 0.942626
    outer loop
      vertex 78.6345 193 106.44
      vertex 78.1178 193.8 106.623
      vertex 78.1178 193 106.623
    endloop
  endfacet
  facet normal 1 -0 0
    outer loop
      vertex 78.6345 193 106.44
      vertex 78.6345 193.8 104.197
      vertex 78.6345 193.8 106.44
    endloop
  endfacet
  facet normal 1 0 0
    outer loop
      vertex 78.6345 193.8 104.197
      vertex 78.6345 193 106.44
      vertex 78.6345 193 104.197
    endloop
  endfacet
  facet normal -0.456138 0 -0.889909
    outer loop
      vertex 78.1292 193 104.456
      vertex 78.6345 193.8 104.197
      vertex 78.6345 193 104.197
    endloop
  endfacet
  facet normal -0.456138 0 -0.889909
    outer loop
      vertex 78.6345 193.8 104.197
      vertex 78.1292 193 104.456
      vertex 78.1292 193.8 104.456
    endloop
  endfacet
  facet normal -0.409733 0 -0.912205
    outer loop
      vertex 77.6305 193 104.68
      vertex 78.1292 193.8 104.456
      vertex 78.1292 193 104.456
    endloop
  endfacet
  facet normal -0.409733 0 -0.912205
    outer loop
      vertex 78.1292 193.8 104.456
      vertex 77.6305 193 104.68
      vertex 77.6305 193.8 104.68
    endloop
  endfacet
  facet normal -0.358534 0 -0.933517
    outer loop
      vertex 77.1384 193 104.869
      vertex 77.6305 193.8 104.68
      vertex 77.6305 193 104.68
    endloop
  endfacet
  facet normal -0.358534 0 -0.933517
    outer loop
      vertex 77.6305 193.8 104.68
      vertex 77.1384 193 104.869
      vertex 77.1384 193.8 104.869
    endloop
  endfacet
  facet normal -0.302353 0 -0.953196
    outer loop
      vertex 76.6529 193 105.023
      vertex 77.1384 193.8 104.869
      vertex 77.1384 193 104.869
    endloop
  endfacet
  facet normal -0.302353 0 -0.953196
    outer loop
      vertex 77.1384 193.8 104.869
      vertex 76.6529 193 105.023
      vertex 76.6529 193.8 105.023
    endloop
  endfacet
  facet normal -0.240963 0 -0.970534
    outer loop
      vertex 76.1736 193 105.142
      vertex 76.6529 193.8 105.023
      vertex 76.6529 193 105.023
    endloop
  endfacet
  facet normal -0.240963 0 -0.970534
    outer loop
      vertex 76.6529 193.8 105.023
      vertex 76.1736 193 105.142
      vertex 76.1736 193.8 105.142
    endloop
  endfacet
  facet normal -0.176618 0 -0.98428
    outer loop
      vertex 75.6999 193 105.227
      vertex 76.1736 193.8 105.142
      vertex 76.1736 193 105.142
    endloop
  endfacet
  facet normal -0.176618 0 -0.98428
    outer loop
      vertex 76.1736 193.8 105.142
      vertex 75.6999 193 105.227
      vertex 75.6999 193.8 105.227
    endloop
  endfacet
  facet normal -0.108287 0 -0.99412
    outer loop
      vertex 75.2317 193 105.278
      vertex 75.6999 193.8 105.227
      vertex 75.6999 193 105.227
    endloop
  endfacet
  facet normal -0.108287 0 -0.99412
    outer loop
      vertex 75.6999 193.8 105.227
      vertex 75.2317 193 105.278
      vertex 75.2317 193.8 105.278
    endloop
  endfacet
  facet normal -0.036724 0 -0.999325
    outer loop
      vertex 74.7691 193 105.295
      vertex 75.2317 193.8 105.278
      vertex 75.2317 193 105.278
    endloop
  endfacet
  facet normal -0.036724 0 -0.999325
    outer loop
      vertex 75.2317 193.8 105.278
      vertex 74.7691 193 105.295
      vertex 74.7691 193.8 105.295
    endloop
  endfacet
  facet normal 0.0593636 0 -0.998236
    outer loop
      vertex 74.231 193 105.263
      vertex 74.7691 193.8 105.295
      vertex 74.7691 193 105.295
    endloop
  endfacet
  facet normal 0.0593636 0 -0.998236
    outer loop
      vertex 74.7691 193.8 105.295
      vertex 74.231 193 105.263
      vertex 74.231 193.8 105.263
    endloop
  endfacet
  facet normal 0.1981 0 -0.980182
    outer loop
      vertex 73.756 193 105.167
      vertex 74.231 193.8 105.263
      vertex 74.231 193 105.263
    endloop
  endfacet
  facet normal 0.1981 0 -0.980182
    outer loop
      vertex 74.231 193.8 105.263
      vertex 73.756 193 105.167
      vertex 73.756 193.8 105.167
    endloop
  endfacet
  facet normal 0.362086 0 -0.932145
    outer loop
      vertex 73.3441 193 105.007
      vertex 73.756 193.8 105.167
      vertex 73.756 193 105.167
    endloop
  endfacet
  facet normal 0.362086 0 -0.932145
    outer loop
      vertex 73.756 193.8 105.167
      vertex 73.3441 193 105.007
      vertex 73.3441 193.8 105.007
    endloop
  endfacet
  facet normal 0.540258 0 -0.8415
    outer loop
      vertex 72.9952 193 104.783
      vertex 73.3441 193.8 105.007
      vertex 73.3441 193 105.007
    endloop
  endfacet
  facet normal 0.540258 0 -0.8415
    outer loop
      vertex 73.3441 193.8 105.007
      vertex 72.9952 193 104.783
      vertex 72.9952 193.8 104.783
    endloop
  endfacet
  facet normal 0.71288 0 -0.701286
    outer loop
      vertex 72.9952 193 104.783
      vertex 72.7109 193.8 104.494
      vertex 72.9952 193.8 104.783
    endloop
  endfacet
  facet normal 0.71288 0 -0.701286
    outer loop
      vertex 72.7109 193.8 104.494
      vertex 72.9952 193 104.783
      vertex 72.7109 193 104.494
    endloop
  endfacet
  facet normal 0.849946 0 -0.52687
    outer loop
      vertex 72.7109 193 104.494
      vertex 72.4927 193.8 104.142
      vertex 72.7109 193.8 104.494
    endloop
  endfacet
  facet normal 0.849946 0 -0.52687
    outer loop
      vertex 72.4927 193.8 104.142
      vertex 72.7109 193 104.494
      vertex 72.4927 193 104.142
    endloop
  endfacet
  facet normal 0.939458 0 -0.342665
    outer loop
      vertex 72.4927 193 104.142
      vertex 72.3406 193.8 103.725
      vertex 72.4927 193.8 104.142
    endloop
  endfacet
  facet normal 0.939458 0 -0.342665
    outer loop
      vertex 72.3406 193.8 103.725
      vertex 72.4927 193 104.142
      vertex 72.3406 193 103.725
    endloop
  endfacet
  facet normal 0.984362 0 -0.17616
    outer loop
      vertex 72.3406 193 103.725
      vertex 72.2547 193.8 103.245
      vertex 72.3406 193.8 103.725
    endloop
  endfacet
  facet normal 0.984362 0 -0.17616
    outer loop
      vertex 72.2547 193.8 103.245
      vertex 72.3406 193 103.725
      vertex 72.2547 193 103.245
    endloop
  endfacet
  facet normal -0 0 1
    outer loop
      vertex 72.2547 193.8 103.245
      vertex 79.0658 193 103.245
      vertex 79.0658 193.8 103.245
    endloop
  endfacet
  facet normal 0 0 1
    outer loop
      vertex 79.0658 193 103.245
      vertex 72.2547 193.8 103.245
      vertex 72.2547 193 103.245
    endloop
  endfacet
  facet normal 1 -0 0
    outer loop
      vertex 79.0658 193 103.245
      vertex 79.0658 193.8 102.415
      vertex 79.0658 193.8 103.245
    endloop
  endfacet
  facet normal 1 0 0
    outer loop
      vertex 79.0658 193.8 102.415
      vertex 79.0658 193 103.245
      vertex 79.0658 193 102.415
    endloop
  endfacet
  facet normal 0.996933 0 -0.0782612
    outer loop
      vertex 79.0658 193 102.415
      vertex 78.9851 193.8 101.387
      vertex 79.0658 193.8 102.415
    endloop
  endfacet
  facet normal 0.996933 0 -0.0782612
    outer loop
      vertex 78.9851 193.8 101.387
      vertex 79.0658 193 102.415
      vertex 78.9851 193 101.387
    endloop
  endfacet
  facet normal 0.967085 0 -0.254452
    outer loop
      vertex 78.9851 193 101.387
      vertex 78.7433 193.8 100.468
      vertex 78.9851 193.8 101.387
    endloop
  endfacet
  facet normal 0.967085 0 -0.254452
    outer loop
      vertex 78.7433 193.8 100.468
      vertex 78.9851 193 101.387
      vertex 78.7433 193 100.468
    endloop
  endfacet
  facet normal 0.895485 0 -0.445092
    outer loop
      vertex 78.7433 193 100.468
      vertex 78.3403 193.8 99.6572
      vertex 78.7433 193.8 100.468
    endloop
  endfacet
  facet normal 0.895485 0 -0.445092
    outer loop
      vertex 78.3403 193.8 99.6572
      vertex 78.7433 193 100.468
      vertex 78.3403 193 99.6572
    endloop
  endfacet
  facet normal 0.77923 0 -0.626738
    outer loop
      vertex 78.3403 193 99.6572
      vertex 77.776 193.8 98.9556
      vertex 78.3403 193.8 99.6572
    endloop
  endfacet
  facet normal 0.77923 0 -0.626738
    outer loop
      vertex 77.776 193.8 98.9556
      vertex 78.3403 193 99.6572
      vertex 77.776 193 98.9556
    endloop
  endfacet
  facet normal 0.629646 0 -0.776882
    outer loop
      vertex 77.0774 193 98.3894
      vertex 77.776 193.8 98.9556
      vertex 77.776 193 98.9556
    endloop
  endfacet
  facet normal 0.629646 0 -0.776882
    outer loop
      vertex 77.776 193.8 98.9556
      vertex 77.0774 193 98.3894
      vertex 77.0774 193.8 98.3894
    endloop
  endfacet
  facet normal 0.448633 0 -0.893716
    outer loop
      vertex 76.2716 193 97.9849
      vertex 77.0774 193.8 98.3894
      vertex 77.0774 193 98.3894
    endloop
  endfacet
  facet normal 0.448633 0 -0.893716
    outer loop
      vertex 77.0774 193.8 98.3894
      vertex 76.2716 193 97.9849
      vertex 76.2716 193.8 97.9849
    endloop
  endfacet
  facet normal 0.256852 0 -0.966451
    outer loop
      vertex 75.3584 193 97.7422
      vertex 76.2716 193.8 97.9849
      vertex 76.2716 193 97.9849
    endloop
  endfacet
  facet normal 0.256852 0 -0.966451
    outer loop
      vertex 76.2716 193.8 97.9849
      vertex 75.3584 193 97.7422
      vertex 75.3584 193.8 97.7422
    endloop
  endfacet
  facet normal 0.0790269 0 -0.996872
    outer loop
      vertex 74.3379 193 97.6613
      vertex 75.3584 193.8 97.7422
      vertex 75.3584 193 97.7422
    endloop
  endfacet
  facet normal 0.0790269 0 -0.996872
    outer loop
      vertex 75.3584 193.8 97.7422
      vertex 74.3379 193 97.6613
      vertex 74.3379 193.8 97.6613
    endloop
  endfacet
  facet normal -0.0712851 0 -0.997456
    outer loop
      vertex 73.2213 193 97.7411
      vertex 74.3379 193.8 97.6613
      vertex 74.3379 193 97.6613
    endloop
  endfacet
  facet normal -0.0712851 0 -0.997456
    outer loop
      vertex 74.3379 193.8 97.6613
      vertex 73.2213 193 97.7411
      vertex 73.2213 193.8 97.7411
    endloop
  endfacet
  facet normal -0.235229 0 -0.97194
    outer loop
      vertex 72.2313 193 97.9807
      vertex 73.2213 193.8 97.7411
      vertex 73.2213 193 97.7411
    endloop
  endfacet
  facet normal -0.235229 0 -0.97194
    outer loop
      vertex 73.2213 193.8 97.7411
      vertex 72.2313 193 97.9807
      vertex 72.2313 193.8 97.9807
    endloop
  endfacet
  facet normal -0.419711 0 -0.907658
    outer loop
      vertex 71.368 193 98.3799
      vertex 72.2313 193.8 97.9807
      vertex 72.2313 193 97.9807
    endloop
  endfacet
  facet normal -0.419711 0 -0.907658
    outer loop
      vertex 72.2313 193.8 97.9807
      vertex 71.368 193 98.3799
      vertex 71.368 193.8 98.3799
    endloop
  endfacet
  facet normal -0.604403 0 -0.796679
    outer loop
      vertex 70.6313 193 98.9388
      vertex 71.368 193.8 98.3799
      vertex 71.368 193 98.3799
    endloop
  endfacet
  facet normal -0.604403 0 -0.796679
    outer loop
      vertex 71.368 193.8 98.3799
      vertex 70.6313 193 98.9388
      vertex 70.6313 193.8 98.9388
    endloop
  endfacet
  facet normal -0.764286 0 -0.644877
    outer loop
      vertex 70.6313 193 98.9388
      vertex 70.0421 193.8 99.6371
      vertex 70.6313 193.8 98.9388
    endloop
  endfacet
  facet normal -0.764286 -0 -0.644877
    outer loop
      vertex 70.0421 193.8 99.6371
      vertex 70.6313 193 98.9388
      vertex 70.0421 193 99.6371
    endloop
  endfacet
  facet normal -0.888942 0 -0.458019
    outer loop
      vertex 70.0421 193 99.6371
      vertex 69.6212 193.8 100.454
      vertex 70.0421 193.8 99.6371
    endloop
  endfacet
  facet normal -0.888942 -0 -0.458019
    outer loop
      vertex 69.6212 193.8 100.454
      vertex 70.0421 193 99.6371
      vertex 69.6212 193 100.454
    endloop
  endfacet
  facet normal -0.965556 0 -0.260195
    outer loop
      vertex 69.6212 193 100.454
      vertex 69.3687 193.8 101.391
      vertex 69.6212 193.8 100.454
    endloop
  endfacet
  facet normal -0.965556 -0 -0.260195
    outer loop
      vertex 69.3687 193.8 101.391
      vertex 69.6212 193 100.454
      vertex 69.3687 193 101.391
    endloop
  endfacet
  facet normal -0.99683 0 -0.0795575
    outer loop
      vertex 69.3687 193 101.391
      vertex 69.2845 193.8 102.446
      vertex 69.3687 193.8 101.391
    endloop
  endfacet
  facet normal -0.99683 -0 -0.0795575
    outer loop
      vertex 69.2845 193.8 102.446
      vertex 69.3687 193 101.391
      vertex 69.2845 193 102.446
    endloop
  endfacet
  facet normal -0.99682 0 0.0796898
    outer loop
      vertex 69.2845 193 102.446
      vertex 69.3702 193.8 103.518
      vertex 69.2845 193.8 102.446
    endloop
  endfacet
  facet normal -0.99682 0 0.0796898
    outer loop
      vertex 69.3702 193.8 103.518
      vertex 69.2845 193 102.446
      vertex 69.3702 193 103.518
    endloop
  endfacet
  facet normal -0.964926 0 0.262521
    outer loop
      vertex 69.3702 193 103.518
      vertex 69.6273 193.8 104.463
      vertex 69.3702 193.8 103.518
    endloop
  endfacet
  facet normal -0.964926 0 0.262521
    outer loop
      vertex 69.6273 193.8 104.463
      vertex 69.3702 193 103.518
      vertex 69.6273 193 104.463
    endloop
  endfacet
  facet normal -0.886054 0 0.463582
    outer loop
      vertex 69.6273 193 104.463
      vertex 70.0558 193.8 105.282
      vertex 69.6273 193.8 104.463
    endloop
  endfacet
  facet normal -0.886054 0 0.463582
    outer loop
      vertex 70.0558 193.8 105.282
      vertex 69.6273 193 104.463
      vertex 70.0558 193 105.282
    endloop
  endfacet
  facet normal -0.75513 0 0.655575
    outer loop
      vertex 70.0558 193 105.282
      vertex 70.6557 193.8 105.973
      vertex 70.0558 193.8 105.282
    endloop
  endfacet
  facet normal -0.75513 0 0.655575
    outer loop
      vertex 70.6557 193.8 105.973
      vertex 70.0558 193 105.282
      vertex 70.6557 193 105.973
    endloop
  endfacet
  facet normal -0.589063 0 0.808087
    outer loop
      vertex 70.6557 193.8 105.973
      vertex 71.4102 193 106.523
      vertex 71.4102 193.8 106.523
    endloop
  endfacet
  facet normal -0.589063 0 0.808087
    outer loop
      vertex 71.4102 193 106.523
      vertex 70.6557 193.8 105.973
      vertex 70.6557 193 105.973
    endloop
  endfacet
  facet normal -0.403072 0 0.915168
    outer loop
      vertex 71.4102 193.8 106.523
      vertex 72.3025 193 106.916
      vertex 72.3025 193.8 106.916
    endloop
  endfacet
  facet normal -0.403072 0 0.915168
    outer loop
      vertex 72.3025 193 106.916
      vertex 71.4102 193.8 106.523
      vertex 71.4102 193 106.523
    endloop
  endfacet
  facet normal -0.223318 0 0.974746
    outer loop
      vertex 72.3025 193.8 106.916
      vertex 73.3326 193 107.152
      vertex 73.3326 193.8 107.152
    endloop
  endfacet
  facet normal -0.223318 0 0.974746
    outer loop
      vertex 73.3326 193 107.152
      vertex 72.3025 193.8 106.916
      vertex 72.3025 193 106.916
    endloop
  endfacet
  facet normal -0.0674828 0 0.99772
    outer loop
      vertex 73.3326 193.8 107.152
      vertex 74.5006 193 107.231
      vertex 74.5006 193.8 107.231
    endloop
  endfacet
  facet normal -0.0674828 0 0.99772
    outer loop
      vertex 74.5006 193 107.231
      vertex 73.3326 193.8 107.152
      vertex 73.3326 193 107.152
    endloop
  endfacet
  facet normal 0.0251468 0 0.999684
    outer loop
      vertex 74.5006 193.8 107.231
      vertex 75.0174 193 107.218
      vertex 75.0174 193.8 107.218
    endloop
  endfacet
  facet normal 0.0251468 0 0.999684
    outer loop
      vertex 75.0174 193 107.218
      vertex 74.5006 193.8 107.231
      vertex 74.5006 193 107.231
    endloop
  endfacet
  facet normal 0.978106 -0 0.208108
    outer loop
      vertex 72.2872 193 101.448
      vertex 72.3772 193.8 101.025
      vertex 72.2872 193.8 101.448
    endloop
  endfacet
  facet normal 0.978106 0 0.208108
    outer loop
      vertex 72.3772 193.8 101.025
      vertex 72.2872 193 101.448
      vertex 72.3772 193 101.025
    endloop
  endfacet
  facet normal 0.935053 -0 0.354509
    outer loop
      vertex 72.3772 193 101.025
      vertex 72.5171 193.8 100.656
      vertex 72.3772 193.8 101.025
    endloop
  endfacet
  facet normal 0.935053 0 0.354509
    outer loop
      vertex 72.5171 193.8 100.656
      vertex 72.3772 193 101.025
      vertex 72.5171 193 100.656
    endloop
  endfacet
  facet normal 0.858801 -0 0.51231
    outer loop
      vertex 72.5171 193 100.656
      vertex 72.7068 193.8 100.338
      vertex 72.5171 193.8 100.656
    endloop
  endfacet
  facet normal 0.858801 0 0.51231
    outer loop
      vertex 72.7068 193.8 100.338
      vertex 72.5171 193 100.656
      vertex 72.7068 193 100.338
    endloop
  endfacet
  facet normal 0.740498 -0 0.672058
    outer loop
      vertex 72.7068 193 100.338
      vertex 72.9464 193.8 100.074
      vertex 72.7068 193.8 100.338
    endloop
  endfacet
  facet normal 0.740498 0 0.672058
    outer loop
      vertex 72.9464 193.8 100.074
      vertex 72.7068 193 100.338
      vertex 72.9464 193 100.074
    endloop
  endfacet
  facet normal 0.592309 0 0.805711
    outer loop
      vertex 72.9464 193.8 100.074
      vertex 73.2307 193 99.865
      vertex 73.2307 193.8 99.865
    endloop
  endfacet
  facet normal 0.592309 0 0.805711
    outer loop
      vertex 73.2307 193 99.865
      vertex 72.9464 193.8 100.074
      vertex 72.9464 193 100.074
    endloop
  endfacet
  facet normal 0.418151 0 0.908378
    outer loop
      vertex 73.2307 193.8 99.865
      vertex 73.5546 193 99.7159
      vertex 73.5546 193.8 99.7159
    endloop
  endfacet
  facet normal 0.418151 0 0.908378
    outer loop
      vertex 73.5546 193 99.7159
      vertex 73.2307 193.8 99.865
      vertex 73.2307 193 99.865
    endloop
  endfacet
  facet normal 0.238701 0 0.971093
    outer loop
      vertex 73.5546 193.8 99.7159
      vertex 73.9183 193 99.6265
      vertex 73.9183 193.8 99.6265
    endloop
  endfacet
  facet normal 0.238701 0 0.971093
    outer loop
      vertex 73.9183 193 99.6265
      vertex 73.5546 193.8 99.7159
      vertex 73.5546 193 99.7159
    endloop
  endfacet
  facet normal 0.0737077 0 0.99728
    outer loop
      vertex 73.9183 193.8 99.6265
      vertex 74.3215 193 99.5967
      vertex 74.3215 193.8 99.5967
    endloop
  endfacet
  facet normal 0.0737077 0 0.99728
    outer loop
      vertex 74.3215 193 99.5967
      vertex 73.9183 193.8 99.6265
      vertex 73.9183 193 99.6265
    endloop
  endfacet
  facet normal -0.0851505 0 0.996368
    outer loop
      vertex 74.3215 193.8 99.5967
      vertex 74.6936 193 99.6285
      vertex 74.6936 193.8 99.6285
    endloop
  endfacet
  facet normal -0.0851505 0 0.996368
    outer loop
      vertex 74.6936 193 99.6285
      vertex 74.3215 193.8 99.5967
      vertex 74.3215 193 99.5967
    endloop
  endfacet
  facet normal -0.274494 0 0.961589
    outer loop
      vertex 74.6936 193.8 99.6285
      vertex 75.0285 193 99.7241
      vertex 75.0285 193.8 99.7241
    endloop
  endfacet
  facet normal -0.274494 0 0.961589
    outer loop
      vertex 75.0285 193 99.7241
      vertex 74.6936 193.8 99.6285
      vertex 74.6936 193 99.6285
    endloop
  endfacet
  facet normal -0.471449 0 0.881893
    outer loop
      vertex 75.0285 193.8 99.7241
      vertex 75.3263 193 99.8833
      vertex 75.3263 193.8 99.8833
    endloop
  endfacet
  facet normal -0.471449 0 0.881893
    outer loop
      vertex 75.3263 193 99.8833
      vertex 75.0285 193.8 99.7241
      vertex 75.0285 193 99.7241
    endloop
  endfacet
  facet normal -0.649662 0 0.760224
    outer loop
      vertex 75.3263 193.8 99.8833
      vertex 75.5869 193 100.106
      vertex 75.5869 193.8 100.106
    endloop
  endfacet
  facet normal -0.649662 0 0.760224
    outer loop
      vertex 75.5869 193 100.106
      vertex 75.3263 193.8 99.8833
      vertex 75.3263 193 99.8833
    endloop
  endfacet
  facet normal -0.79212 0 0.610365
    outer loop
      vertex 75.5869 193 100.106
      vertex 75.7988 193.8 100.381
      vertex 75.5869 193.8 100.106
    endloop
  endfacet
  facet normal -0.79212 0 0.610365
    outer loop
      vertex 75.7988 193.8 100.381
      vertex 75.5869 193 100.106
      vertex 75.7988 193 100.381
    endloop
  endfacet
  facet normal -0.901411 0 0.432964
    outer loop
      vertex 75.7988 193 100.381
      vertex 75.9501 193.8 100.696
      vertex 75.7988 193.8 100.381
    endloop
  endfacet
  facet normal -0.901411 0 0.432964
    outer loop
      vertex 75.9501 193.8 100.696
      vertex 75.7988 193 100.381
      vertex 75.9501 193 100.696
    endloop
  endfacet
  facet normal -0.968979 0 0.247144
    outer loop
      vertex 75.9501 193 100.696
      vertex 76.0409 193.8 101.052
      vertex 75.9501 193.8 100.696
    endloop
  endfacet
  facet normal -0.968979 0 0.247144
    outer loop
      vertex 76.0409 193.8 101.052
      vertex 75.9501 193 100.696
      vertex 76.0409 193 101.052
    endloop
  endfacet
  facet normal -0.997086 0 0.0762921
    outer loop
      vertex 76.0409 193 101.052
      vertex 76.0712 193.8 101.448
      vertex 76.0409 193.8 101.052
    endloop
  endfacet
  facet normal -0.997086 0 0.0762921
    outer loop
      vertex 76.0712 193.8 101.448
      vertex 76.0409 193 101.052
      vertex 76.0712 193 101.448
    endloop
  endfacet
  facet normal 0 0 -1
    outer loop
      vertex 72.2872 193 101.448
      vertex 76.0712 193.8 101.448
      vertex 76.0712 193 101.448
    endloop
  endfacet
  facet normal -0 0 -1
    outer loop
      vertex 76.0712 193.8 101.448
      vertex 72.2872 193 101.448
      vertex 72.2872 193.8 101.448
    endloop
  endfacet
  facet normal -0.769034 0 0.639208
    outer loop
      vertex 39.6616 193 105.679
      vertex 39.9708 193.8 106.051
      vertex 39.6616 193.8 105.679
    endloop
  endfacet
  facet normal -0.769034 0 0.639208
    outer loop
      vertex 39.9708 193.8 106.051
      vertex 39.6616 193 105.679
      vertex 39.9708 193 106.051
    endloop
  endfacet
  facet normal -0.701056 0 0.713106
    outer loop
      vertex 39.9708 193.8 106.051
      vertex 40.2963 193 106.371
      vertex 40.2963 193.8 106.371
    endloop
  endfacet
  facet normal -0.701056 0 0.713106
    outer loop
      vertex 40.2963 193 106.371
      vertex 39.9708 193.8 106.051
      vertex 39.9708 193 106.051
    endloop
  endfacet
  facet normal -0.615599 0 0.788059
    outer loop
      vertex 40.2963 193.8 106.371
      vertex 40.6381 193 106.638
      vertex 40.6381 193.8 106.638
    endloop
  endfacet
  facet normal -0.615599 0 0.788059
    outer loop
      vertex 40.6381 193 106.638
      vertex 40.2963 193.8 106.371
      vertex 40.2963 193 106.371
    endloop
  endfacet
  facet normal -0.514848 0 0.857282
    outer loop
      vertex 40.6381 193.8 106.638
      vertex 40.9961 193 106.853
      vertex 40.9961 193.8 106.853
    endloop
  endfacet
  facet normal -0.514848 0 0.857282
    outer loop
      vertex 40.9961 193 106.853
      vertex 40.6381 193.8 106.638
      vertex 40.6381 193 106.638
    endloop
  endfacet
  facet normal -0.398373 0 0.917224
    outer loop
      vertex 40.9961 193.8 106.853
      vertex 41.376 193 107.018
      vertex 41.376 193.8 107.018
    endloop
  endfacet
  facet normal -0.398373 0 0.917224
    outer loop
      vertex 41.376 193 107.018
      vertex 40.9961 193.8 106.853
      vertex 40.9961 193 106.853
    endloop
  endfacet
  facet normal -0.278207 0 0.960521
    outer loop
      vertex 41.376 193.8 107.018
      vertex 41.7834 193 107.136
      vertex 41.7834 193.8 107.136
    endloop
  endfacet
  facet normal -0.278207 0 0.960521
    outer loop
      vertex 41.7834 193 107.136
      vertex 41.376 193.8 107.018
      vertex 41.376 193 107.018
    endloop
  endfacet
  facet normal -0.161159 0 0.986928
    outer loop
      vertex 41.7834 193.8 107.136
      vertex 42.2182 193 107.207
      vertex 42.2182 193.8 107.207
    endloop
  endfacet
  facet normal -0.161159 0 0.986928
    outer loop
      vertex 42.2182 193 107.207
      vertex 41.7834 193.8 107.136
      vertex 41.7834 193 107.136
    endloop
  endfacet
  facet normal -0.0518445 0 0.998655
    outer loop
      vertex 42.2182 193.8 107.207
      vertex 42.6805 193 107.231
      vertex 42.6805 193.8 107.231
    endloop
  endfacet
  facet normal -0.0518445 0 0.998655
    outer loop
      vertex 42.6805 193 107.231
      vertex 42.2182 193.8 107.207
      vertex 42.2182 193 107.207
    endloop
  endfacet
  facet normal 0.103835 0 0.994594
    outer loop
      vertex 42.6805 193.8 107.231
      vertex 43.4851 193 107.147
      vertex 43.4851 193.8 107.147
    endloop
  endfacet
  facet normal 0.103835 0 0.994594
    outer loop
      vertex 43.4851 193 107.147
      vertex 42.6805 193.8 107.231
      vertex 42.6805 193 107.231
    endloop
  endfacet
  facet normal 0.325431 0 0.945566
    outer loop
      vertex 43.4851 193.8 107.147
      vertex 44.2144 193 106.896
      vertex 44.2144 193.8 106.896
    endloop
  endfacet
  facet normal 0.325431 0 0.945566
    outer loop
      vertex 44.2144 193 106.896
      vertex 43.4851 193.8 107.147
      vertex 43.4851 193 107.147
    endloop
  endfacet
  facet normal 0.538483 0 0.842636
    outer loop
      vertex 44.2144 193.8 106.896
      vertex 44.8685 193 106.478
      vertex 44.8685 193.8 106.478
    endloop
  endfacet
  facet normal 0.538483 0 0.842636
    outer loop
      vertex 44.8685 193 106.478
      vertex 44.2144 193.8 106.896
      vertex 44.2144 193 106.896
    endloop
  endfacet
  facet normal 0.711464 -0 0.702723
    outer loop
      vertex 44.8685 193 106.478
      vertex 45.4473 193.8 105.892
      vertex 44.8685 193.8 106.478
    endloop
  endfacet
  facet normal 0.711464 0 0.702723
    outer loop
      vertex 45.4473 193.8 105.892
      vertex 44.8685 193 106.478
      vertex 45.4473 193 105.892
    endloop
  endfacet
  facet normal 0.83446 -0 0.551069
    outer loop
      vertex 45.4473 193 105.892
      vertex 45.9208 193.8 105.175
      vertex 45.4473 193.8 105.892
    endloop
  endfacet
  facet normal 0.83446 0 0.551069
    outer loop
      vertex 45.9208 193.8 105.175
      vertex 45.4473 193 105.892
      vertex 45.9208 193 105.175
    endloop
  endfacet
  facet normal 0.923466 -0 0.383681
    outer loop
      vertex 45.9208 193 105.175
      vertex 46.259 193.8 104.361
      vertex 45.9208 193.8 105.175
    endloop
  endfacet
  facet normal 0.923466 0 0.383681
    outer loop
      vertex 46.259 193.8 104.361
      vertex 45.9208 193 105.175
      vertex 46.259 193 104.361
    endloop
  endfacet
  facet normal 0.975982 -0 0.217851
    outer loop
      vertex 46.259 193 104.361
      vertex 46.4619 193.8 103.452
      vertex 46.259 193.8 104.361
    endloop
  endfacet
  facet normal 0.975982 0 0.217851
    outer loop
      vertex 46.4619 193.8 103.452
      vertex 46.259 193 104.361
      vertex 46.4619 193 103.452
    endloop
  endfacet
  facet normal 0.99775 -0 0.0670456
    outer loop
      vertex 46.4619 193 103.452
      vertex 46.5295 193.8 102.446
      vertex 46.4619 193.8 103.452
    endloop
  endfacet
  facet normal 0.99775 0 0.0670456
    outer loop
      vertex 46.5295 193.8 102.446
      vertex 46.4619 193 103.452
      vertex 46.5295 193 102.446
    endloop
  endfacet
  facet normal 0.99775 0 -0.0670456
    outer loop
      vertex 46.5295 193 102.446
      vertex 46.4619 193.8 101.44
      vertex 46.5295 193.8 102.446
    endloop
  endfacet
  facet normal 0.99775 0 -0.0670456
    outer loop
      vertex 46.4619 193.8 101.44
      vertex 46.5295 193 102.446
      vertex 46.4619 193 101.44
    endloop
  endfacet
  facet normal 0.975982 0 -0.217851
    outer loop
      vertex 46.4619 193 101.44
      vertex 46.259 193.8 100.531
      vertex 46.4619 193.8 101.44
    endloop
  endfacet
  facet normal 0.975982 0 -0.217851
    outer loop
      vertex 46.259 193.8 100.531
      vertex 46.4619 193 101.44
      vertex 46.259 193 100.531
    endloop
  endfacet
  facet normal 0.923432 0 -0.383761
    outer loop
      vertex 46.259 193 100.531
      vertex 45.9208 193.8 99.7172
      vertex 46.259 193.8 100.531
    endloop
  endfacet
  facet normal 0.923432 0 -0.383761
    outer loop
      vertex 45.9208 193.8 99.7172
      vertex 46.259 193 100.531
      vertex 45.9208 193 99.7172
    endloop
  endfacet
  facet normal 0.834566 0 -0.550909
    outer loop
      vertex 45.9208 193 99.7172
      vertex 45.4473 193.8 98.9999
      vertex 45.9208 193.8 99.7172
    endloop
  endfacet
  facet normal 0.834566 0 -0.550909
    outer loop
      vertex 45.4473 193.8 98.9999
      vertex 45.9208 193 99.7172
      vertex 45.4473 193 98.9999
    endloop
  endfacet
  facet normal 0.711224 0 -0.702965
    outer loop
      vertex 45.4473 193 98.9999
      vertex 44.8685 193.8 98.4143
      vertex 45.4473 193.8 98.9999
    endloop
  endfacet
  facet normal 0.711224 0 -0.702965
    outer loop
      vertex 44.8685 193.8 98.4143
      vertex 45.4473 193 98.9999
      vertex 44.8685 193 98.4143
    endloop
  endfacet
  facet normal 0.538758 0 -0.842461
    outer loop
      vertex 44.2144 193 97.996
      vertex 44.8685 193.8 98.4143
      vertex 44.8685 193 98.4143
    endloop
  endfacet
  facet normal 0.538758 0 -0.842461
    outer loop
      vertex 44.8685 193.8 98.4143
      vertex 44.2144 193 97.996
      vertex 44.2144 193.8 97.996
    endloop
  endfacet
  facet normal 0.325431 0 -0.945566
    outer loop
      vertex 43.4851 193 97.745
      vertex 44.2144 193.8 97.996
      vertex 44.2144 193 97.996
    endloop
  endfacet
  facet normal 0.325431 0 -0.945566
    outer loop
      vertex 44.2144 193.8 97.996
      vertex 43.4851 193 97.745
      vertex 43.4851 193.8 97.745
    endloop
  endfacet
  facet normal 0.103469 0 -0.994633
    outer loop
      vertex 42.6805 193 97.6613
      vertex 43.4851 193.8 97.745
      vertex 43.4851 193 97.745
    endloop
  endfacet
  facet normal 0.103469 0 -0.994633
    outer loop
      vertex 43.4851 193.8 97.745
      vertex 42.6805 193 97.6613
      vertex 42.6805 193.8 97.6613
    endloop
  endfacet
  facet normal -0.0509827 0 -0.9987
    outer loop
      vertex 42.2182 193 97.6849
      vertex 42.6805 193.8 97.6613
      vertex 42.6805 193 97.6613
    endloop
  endfacet
  facet normal -0.0509827 0 -0.9987
    outer loop
      vertex 42.6805 193.8 97.6613
      vertex 42.2182 193 97.6849
      vertex 42.2182 193.8 97.6849
    endloop
  endfacet
  facet normal -0.160938 0 -0.986965
    outer loop
      vertex 41.7834 193 97.7558
      vertex 42.2182 193.8 97.6849
      vertex 42.2182 193 97.6849
    endloop
  endfacet
  facet normal -0.160938 0 -0.986965
    outer loop
      vertex 42.2182 193.8 97.6849
      vertex 41.7834 193 97.7558
      vertex 41.7834 193.8 97.7558
    endloop
  endfacet
  facet normal -0.278207 0 -0.960521
    outer loop
      vertex 41.376 193 97.8738
      vertex 41.7834 193.8 97.7558
      vertex 41.7834 193 97.7558
    endloop
  endfacet
  facet normal -0.278207 0 -0.960521
    outer loop
      vertex 41.7834 193.8 97.7558
      vertex 41.376 193 97.8738
      vertex 41.376 193.8 97.8738
    endloop
  endfacet
  facet normal -0.398982 0 -0.916959
    outer loop
      vertex 40.9961 193 98.0391
      vertex 41.376 193.8 97.8738
      vertex 41.376 193 97.8738
    endloop
  endfacet
  facet normal -0.398982 0 -0.916959
    outer loop
      vertex 41.376 193.8 97.8738
      vertex 40.9961 193 98.0391
      vertex 40.9961 193.8 98.0391
    endloop
  endfacet
  facet normal -0.514672 0 -0.857387
    outer loop
      vertex 40.6381 193 98.254
      vertex 40.9961 193.8 98.0391
      vertex 40.9961 193 98.0391
    endloop
  endfacet
  facet normal -0.514672 0 -0.857387
    outer loop
      vertex 40.9961 193.8 98.0391
      vertex 40.6381 193 98.254
      vertex 40.6381 193.8 98.254
    endloop
  endfacet
  facet normal -0.616029 0 -0.787724
    outer loop
      vertex 40.2963 193 98.5213
      vertex 40.6381 193.8 98.254
      vertex 40.6381 193 98.254
    endloop
  endfacet
  facet normal -0.616029 0 -0.787724
    outer loop
      vertex 40.6381 193.8 98.254
      vertex 40.2963 193 98.5213
      vertex 40.2963 193.8 98.5213
    endloop
  endfacet
  facet normal -0.700499 0 -0.713654
    outer loop
      vertex 39.9708 193 98.8408
      vertex 40.2963 193.8 98.5213
      vertex 40.2963 193 98.5213
    endloop
  endfacet
  facet normal -0.700499 0 -0.713654
    outer loop
      vertex 40.2963 193.8 98.5213
      vertex 39.9708 193 98.8408
      vertex 39.9708 193.8 98.8408
    endloop
  endfacet
  facet normal -0.76895 0 -0.639309
    outer loop
      vertex 39.9708 193 98.8408
      vertex 39.6616 193.8 99.2127
      vertex 39.9708 193.8 98.8408
    endloop
  endfacet
  facet normal -0.76895 -0 -0.639309
    outer loop
      vertex 39.6616 193.8 99.2127
      vertex 39.9708 193 98.8408
      vertex 39.6616 193 99.2127
    endloop
  endfacet
  facet normal 1 -0 0
    outer loop
      vertex 39.6616 193 99.2127
      vertex 39.6616 193.8 97.8763
      vertex 39.6616 193.8 99.2127
    endloop
  endfacet
  facet normal 1 0 0
    outer loop
      vertex 39.6616 193.8 97.8763
      vertex 39.6616 193 99.2127
      vertex 39.6616 193 97.8763
    endloop
  endfacet
  facet normal 0 0 -1
    outer loop
      vertex 36.7483 193 97.8763
      vertex 39.6616 193.8 97.8763
      vertex 39.6616 193 97.8763
    endloop
  endfacet
  facet normal -0 0 -1
    outer loop
      vertex 39.6616 193.8 97.8763
      vertex 36.7483 193 97.8763
      vertex 36.7483 193.8 97.8763
    endloop
  endfacet
  facet normal -1 0 0
    outer loop
      vertex 36.7483 193 97.8763
      vertex 36.7483 193.8 110.456
      vertex 36.7483 193.8 97.8763
    endloop
  endfacet
  facet normal -1 -0 0
    outer loop
      vertex 36.7483 193.8 110.456
      vertex 36.7483 193 97.8763
      vertex 36.7483 193 110.456
    endloop
  endfacet
  facet normal -0 0 1
    outer loop
      vertex 36.7483 193.8 110.456
      vertex 39.6616 193 110.456
      vertex 39.6616 193.8 110.456
    endloop
  endfacet
  facet normal 0 0 1
    outer loop
      vertex 39.6616 193 110.456
      vertex 36.7483 193.8 110.456
      vertex 36.7483 193 110.456
    endloop
  endfacet
  facet normal 1 -0 0
    outer loop
      vertex 39.6616 193 110.456
      vertex 39.6616 193.8 105.679
      vertex 39.6616 193.8 110.456
    endloop
  endfacet
  facet normal 1 0 0
    outer loop
      vertex 39.6616 193.8 105.679
      vertex 39.6616 193 110.456
      vertex 39.6616 193 105.679
    endloop
  endfacet
  facet normal 0.316743 0 -0.948511
    outer loop
      vertex 40.7713 193 104.939
      vertex 41.1576 193.8 105.068
      vertex 41.1576 193 105.068
    endloop
  endfacet
  facet normal 0.316743 0 -0.948511
    outer loop
      vertex 41.1576 193.8 105.068
      vertex 40.7713 193 104.939
      vertex 40.7713 193.8 104.939
    endloop
  endfacet
  facet normal 0.543681 0 -0.839292
    outer loop
      vertex 40.4394 193 104.724
      vertex 40.7713 193.8 104.939
      vertex 40.7713 193 104.939
    endloop
  endfacet
  facet normal 0.543681 0 -0.839292
    outer loop
      vertex 40.7713 193.8 104.939
      vertex 40.4394 193 104.724
      vertex 40.4394 193.8 104.724
    endloop
  endfacet
  facet normal 0.735346 0 -0.677691
    outer loop
      vertex 40.4394 193 104.724
      vertex 40.162 193.8 104.423
      vertex 40.4394 193.8 104.724
    endloop
  endfacet
  facet normal 0.735346 0 -0.677691
    outer loop
      vertex 40.162 193.8 104.423
      vertex 40.4394 193 104.724
      vertex 40.162 193 104.423
    endloop
  endfacet
  facet normal 0.867078 0 -0.498172
    outer loop
      vertex 40.162 193 104.423
      vertex 39.9431 193.8 104.042
      vertex 40.162 193.8 104.423
    endloop
  endfacet
  facet normal 0.867078 0 -0.498172
    outer loop
      vertex 39.9431 193.8 104.042
      vertex 40.162 193 104.423
      vertex 39.9431 193 104.042
    endloop
  endfacet
  facet normal 0.946344 0 -0.323162
    outer loop
      vertex 39.9431 193 104.042
      vertex 39.7867 193.8 103.584
      vertex 39.9431 193.8 104.042
    endloop
  endfacet
  facet normal 0.946344 0 -0.323162
    outer loop
      vertex 39.7867 193.8 103.584
      vertex 39.9431 193 104.042
      vertex 39.7867 193 103.584
    endloop
  endfacet
  facet normal 0.984865 0 -0.173322
    outer loop
      vertex 39.7867 193 103.584
      vertex 39.6929 193.8 103.051
      vertex 39.7867 193.8 103.584
    endloop
  endfacet
  facet normal 0.984865 0 -0.173322
    outer loop
      vertex 39.6929 193.8 103.051
      vertex 39.7867 193 103.584
      vertex 39.6929 193 103.051
    endloop
  endfacet
  facet normal 0.998682 0 -0.051328
    outer loop
      vertex 39.6929 193 103.051
      vertex 39.6616 193.8 102.442
      vertex 39.6929 193.8 103.051
    endloop
  endfacet
  facet normal 0.998682 0 -0.051328
    outer loop
      vertex 39.6616 193.8 102.442
      vertex 39.6929 193 103.051
      vertex 39.6616 193 102.442
    endloop
  endfacet
  facet normal 0.998682 -0 0.051328
    outer loop
      vertex 39.6616 193 102.442
      vertex 39.6929 193.8 101.833
      vertex 39.6616 193.8 102.442
    endloop
  endfacet
  facet normal 0.998682 0 0.051328
    outer loop
      vertex 39.6929 193.8 101.833
      vertex 39.6616 193 102.442
      vertex 39.6929 193 101.833
    endloop
  endfacet
  facet normal 0.984865 -0 0.173322
    outer loop
      vertex 39.6929 193 101.833
      vertex 39.7867 193.8 101.3
      vertex 39.6929 193.8 101.833
    endloop
  endfacet
  facet normal 0.984865 0 0.173322
    outer loop
      vertex 39.7867 193.8 101.3
      vertex 39.6929 193 101.833
      vertex 39.7867 193 101.3
    endloop
  endfacet
  facet normal 0.946127 -0 0.323795
    outer loop
      vertex 39.7867 193 101.3
      vertex 39.9431 193.8 100.843
      vertex 39.7867 193.8 101.3
    endloop
  endfacet
  facet normal 0.946127 0 0.323795
    outer loop
      vertex 39.9431 193.8 100.843
      vertex 39.7867 193 101.3
      vertex 39.9431 193 100.843
    endloop
  endfacet
  facet normal 0.867641 -0 0.49719
    outer loop
      vertex 39.9431 193 100.843
      vertex 40.162 193.8 100.461
      vertex 39.9431 193.8 100.843
    endloop
  endfacet
  facet normal 0.867641 0 0.49719
    outer loop
      vertex 40.162 193.8 100.461
      vertex 39.9431 193 100.843
      vertex 40.162 193 100.461
    endloop
  endfacet
  facet normal 0.735346 -0 0.677691
    outer loop
      vertex 40.162 193 100.461
      vertex 40.4394 193.8 100.16
      vertex 40.162 193.8 100.461
    endloop
  endfacet
  facet normal 0.735346 0 0.677691
    outer loop
      vertex 40.4394 193.8 100.16
      vertex 40.162 193 100.461
      vertex 40.4394 193 100.16
    endloop
  endfacet
  facet normal 0.543325 0 0.839523
    outer loop
      vertex 40.4394 193.8 100.16
      vertex 40.7713 193 99.9452
      vertex 40.7713 193.8 99.9452
    endloop
  endfacet
  facet normal 0.543325 0 0.839523
    outer loop
      vertex 40.7713 193 99.9452
      vertex 40.4394 193.8 100.16
      vertex 40.4394 193 100.16
    endloop
  endfacet
  facet normal 0.316522 0 0.948585
    outer loop
      vertex 40.7713 193.8 99.9452
      vertex 41.1576 193 99.8163
      vertex 41.1576 193.8 99.8163
    endloop
  endfacet
  facet normal 0.316522 0 0.948585
    outer loop
      vertex 41.1576 193 99.8163
      vertex 40.7713 193.8 99.9452
      vertex 40.7713 193 99.9452
    endloop
  endfacet
  facet normal 0.0971109 0 0.995274
    outer loop
      vertex 41.1576 193.8 99.8163
      vertex 41.5983 193 99.7733
      vertex 41.5983 193.8 99.7733
    endloop
  endfacet
  facet normal 0.0971109 0 0.995274
    outer loop
      vertex 41.5983 193 99.7733
      vertex 41.1576 193.8 99.8163
      vertex 41.1576 193 99.8163
    endloop
  endfacet
  facet normal -0.0965482 0 0.995328
    outer loop
      vertex 41.5983 193.8 99.7733
      vertex 42.0385 193 99.816
      vertex 42.0385 193.8 99.816
    endloop
  endfacet
  facet normal -0.0965482 0 0.995328
    outer loop
      vertex 42.0385 193 99.816
      vertex 41.5983 193.8 99.7733
      vertex 41.5983 193 99.7733
    endloop
  endfacet
  facet normal -0.316154 0 0.948708
    outer loop
      vertex 42.0385 193.8 99.816
      vertex 42.4232 193 99.9442
      vertex 42.4232 193.8 99.9442
    endloop
  endfacet
  facet normal -0.316154 0 0.948708
    outer loop
      vertex 42.4232 193 99.9442
      vertex 42.0385 193.8 99.816
      vertex 42.0385 193 99.816
    endloop
  endfacet
  facet normal -0.54455 0 0.838729
    outer loop
      vertex 42.4232 193.8 99.9442
      vertex 42.7525 193 100.158
      vertex 42.7525 193.8 100.158
    endloop
  endfacet
  facet normal -0.54455 0 0.838729
    outer loop
      vertex 42.7525 193 100.158
      vertex 42.4232 193.8 99.9442
      vertex 42.4232 193 99.9442
    endloop
  endfacet
  facet normal -0.737379 0 0.675479
    outer loop
      vertex 42.7525 193 100.158
      vertex 43.0264 193.8 100.457
      vertex 42.7525 193.8 100.158
    endloop
  endfacet
  facet normal -0.737379 0 0.675479
    outer loop
      vertex 43.0264 193.8 100.457
      vertex 42.7525 193 100.158
      vertex 43.0264 193 100.457
    endloop
  endfacet
  facet normal -0.869957 0 0.493128
    outer loop
      vertex 43.0264 193 100.457
      vertex 43.2418 193.8 100.837
      vertex 43.0264 193.8 100.457
    endloop
  endfacet
  facet normal -0.869957 0 0.493128
    outer loop
      vertex 43.2418 193.8 100.837
      vertex 43.0264 193 100.457
      vertex 43.2418 193 100.837
    endloop
  endfacet
  facet normal -0.947977 0 0.318338
    outer loop
      vertex 43.2418 193 100.837
      vertex 43.3956 193.8 101.295
      vertex 43.2418 193.8 100.837
    endloop
  endfacet
  facet normal -0.947977 0 0.318338
    outer loop
      vertex 43.3956 193.8 101.295
      vertex 43.2418 193 100.837
      vertex 43.3956 193 101.295
    endloop
  endfacet
  facet normal -0.985411 0 0.170191
    outer loop
      vertex 43.3956 193 101.295
      vertex 43.488 193.8 101.83
      vertex 43.3956 193.8 101.295
    endloop
  endfacet
  facet normal -0.985411 0 0.170191
    outer loop
      vertex 43.488 193.8 101.83
      vertex 43.3956 193 101.295
      vertex 43.488 193 101.83
    endloop
  endfacet
  facet normal -0.998744 0 0.0501004
    outer loop
      vertex 43.488 193 101.83
      vertex 43.5187 193.8 102.442
      vertex 43.488 193.8 101.83
    endloop
  endfacet
  facet normal -0.998744 0 0.0501004
    outer loop
      vertex 43.5187 193.8 102.442
      vertex 43.488 193 101.83
      vertex 43.5187 193 102.442
    endloop
  endfacet
  facet normal -0.998744 0 -0.0501004
    outer loop
      vertex 43.5187 193 102.442
      vertex 43.488 193.8 103.054
      vertex 43.5187 193.8 102.442
    endloop
  endfacet
  facet normal -0.998744 -0 -0.0501004
    outer loop
      vertex 43.488 193.8 103.054
      vertex 43.5187 193 102.442
      vertex 43.488 193 103.054
    endloop
  endfacet
  facet normal -0.985411 0 -0.170191
    outer loop
      vertex 43.488 193 103.054
      vertex 43.3956 193.8 103.589
      vertex 43.488 193.8 103.054
    endloop
  endfacet
  facet normal -0.985411 -0 -0.170191
    outer loop
      vertex 43.3956 193.8 103.589
      vertex 43.488 193 103.054
      vertex 43.3956 193 103.589
    endloop
  endfacet
  facet normal -0.947977 0 -0.318338
    outer loop
      vertex 43.3956 193 103.589
      vertex 43.2418 193.8 104.047
      vertex 43.3956 193.8 103.589
    endloop
  endfacet
  facet normal -0.947977 -0 -0.318338
    outer loop
      vertex 43.2418 193.8 104.047
      vertex 43.3956 193 103.589
      vertex 43.2418 193 104.047
    endloop
  endfacet
  facet normal -0.869957 0 -0.493128
    outer loop
      vertex 43.2418 193 104.047
      vertex 43.0264 193.8 104.427
      vertex 43.2418 193.8 104.047
    endloop
  endfacet
  facet normal -0.869957 -0 -0.493128
    outer loop
      vertex 43.0264 193.8 104.427
      vertex 43.2418 193 104.047
      vertex 43.0264 193 104.427
    endloop
  endfacet
  facet normal -0.737379 0 -0.675479
    outer loop
      vertex 43.0264 193 104.427
      vertex 42.7525 193.8 104.726
      vertex 43.0264 193.8 104.427
    endloop
  endfacet
  facet normal -0.737379 -0 -0.675479
    outer loop
      vertex 42.7525 193.8 104.726
      vertex 43.0264 193 104.427
      vertex 42.7525 193 104.726
    endloop
  endfacet
  facet normal -0.544908 0 -0.838496
    outer loop
      vertex 42.4232 193 104.94
      vertex 42.7525 193.8 104.726
      vertex 42.7525 193 104.726
    endloop
  endfacet
  facet normal -0.544908 0 -0.838496
    outer loop
      vertex 42.7525 193.8 104.726
      vertex 42.4232 193 104.94
      vertex 42.4232 193.8 104.94
    endloop
  endfacet
  facet normal -0.31571 0 -0.948856
    outer loop
      vertex 42.0385 193 105.068
      vertex 42.4232 193.8 104.94
      vertex 42.4232 193 104.94
    endloop
  endfacet
  facet normal -0.31571 0 -0.948856
    outer loop
      vertex 42.4232 193.8 104.94
      vertex 42.0385 193 105.068
      vertex 42.0385 193.8 105.068
    endloop
  endfacet
  facet normal -0.0972201 0 -0.995263
    outer loop
      vertex 41.5983 193 105.111
      vertex 42.0385 193.8 105.068
      vertex 42.0385 193 105.068
    endloop
  endfacet
  facet normal -0.0972201 0 -0.995263
    outer loop
      vertex 42.0385 193.8 105.068
      vertex 41.5983 193 105.111
      vertex 41.5983 193.8 105.111
    endloop
  endfacet
  facet normal 0.0971109 0 -0.995274
    outer loop
      vertex 41.1576 193 105.068
      vertex 41.5983 193.8 105.111
      vertex 41.5983 193 105.111
    endloop
  endfacet
  facet normal 0.0971109 0 -0.995274
    outer loop
      vertex 41.5983 193.8 105.111
      vertex 41.1576 193 105.068
      vertex 41.1576 193.8 105.068
    endloop
  endfacet
  facet normal 0.23534 0 0.971913
    outer loop
      vertex 53.8479 193.8 107.151
      vertex 54.8308 193 106.913
      vertex 54.8308 193.8 106.913
    endloop
  endfacet
  facet normal 0.23534 0 0.971913
    outer loop
      vertex 54.8308 193 106.913
      vertex 53.8479 193.8 107.151
      vertex 53.8479 193 107.151
    endloop
  endfacet
  facet normal 0.420593 0 0.907249
    outer loop
      vertex 54.8308 193.8 106.913
      vertex 55.685 193 106.517
      vertex 55.685 193.8 106.517
    endloop
  endfacet
  facet normal 0.420593 0 0.907249
    outer loop
      vertex 55.685 193 106.517
      vertex 54.8308 193.8 106.913
      vertex 54.8308 193 106.913
    endloop
  endfacet
  facet normal 0.608335 0 0.79368
    outer loop
      vertex 55.685 193.8 106.517
      vertex 56.4104 193 105.961
      vertex 56.4104 193.8 105.961
    endloop
  endfacet
  facet normal 0.608335 0 0.79368
    outer loop
      vertex 56.4104 193 105.961
      vertex 55.685 193.8 106.517
      vertex 55.685 193 106.517
    endloop
  endfacet
  facet normal 0.768981 -0 0.639271
    outer loop
      vertex 56.4104 193 105.961
      vertex 56.989 193.8 105.265
      vertex 56.4104 193.8 105.961
    endloop
  endfacet
  facet normal 0.768981 0 0.639271
    outer loop
      vertex 56.989 193.8 105.265
      vertex 56.4104 193 105.961
      vertex 56.989 193 105.265
    endloop
  endfacet
  facet normal 0.892364 -0 0.451316
    outer loop
      vertex 56.989 193 105.265
      vertex 57.4022 193.8 104.448
      vertex 56.989 193.8 105.265
    endloop
  endfacet
  facet normal 0.892364 0 0.451316
    outer loop
      vertex 57.4022 193.8 104.448
      vertex 56.989 193 105.265
      vertex 57.4022 193 104.448
    endloop
  endfacet
  facet normal 0.966914 -0 0.255101
    outer loop
      vertex 57.4022 193 104.448
      vertex 57.6502 193.8 103.508
      vertex 57.4022 193.8 104.448
    endloop
  endfacet
  facet normal 0.966914 0 0.255101
    outer loop
      vertex 57.6502 193.8 103.508
      vertex 57.4022 193 104.448
      vertex 57.6502 193 103.508
    endloop
  endfacet
  facet normal 0.996989 -0 0.0775436
    outer loop
      vertex 57.6502 193 103.508
      vertex 57.7328 193.8 102.446
      vertex 57.6502 193.8 103.508
    endloop
  endfacet
  facet normal 0.996989 0 0.0775436
    outer loop
      vertex 57.7328 193.8 102.446
      vertex 57.6502 193 103.508
      vertex 57.7328 193 102.446
    endloop
  endfacet
  facet normal 0.996989 0 -0.0775436
    outer loop
      vertex 57.7328 193 102.446
      vertex 57.6502 193.8 101.384
      vertex 57.7328 193.8 102.446
    endloop
  endfacet
  facet normal 0.996989 0 -0.0775436
    outer loop
      vertex 57.6502 193.8 101.384
      vertex 57.7328 193 102.446
      vertex 57.6502 193 101.384
    endloop
  endfacet
  facet normal 0.966914 0 -0.255101
    outer loop
      vertex 57.6502 193 101.384
      vertex 57.4022 193.8 100.444
      vertex 57.6502 193.8 101.384
    endloop
  endfacet
  facet normal 0.966914 0 -0.255101
    outer loop
      vertex 57.4022 193.8 100.444
      vertex 57.6502 193 101.384
      vertex 57.4022 193 100.444
    endloop
  endfacet
  facet normal 0.892475 0 -0.451096
    outer loop
      vertex 57.4022 193 100.444
      vertex 56.989 193.8 99.6265
      vertex 57.4022 193.8 100.444
    endloop
  endfacet
  facet normal 0.892475 0 -0.451096
    outer loop
      vertex 56.989 193.8 99.6265
      vertex 57.4022 193 100.444
      vertex 56.989 193 99.6265
    endloop
  endfacet
  facet normal 0.768846 0 -0.639434
    outer loop
      vertex 56.989 193 99.6265
      vertex 56.4104 193.8 98.9308
      vertex 56.989 193.8 99.6265
    endloop
  endfacet
  facet normal 0.768846 0 -0.639434
    outer loop
      vertex 56.4104 193.8 98.9308
      vertex 56.989 193 99.6265
      vertex 56.4104 193 98.9308
    endloop
  endfacet
  facet normal 0.607921 0 -0.793997
    outer loop
      vertex 55.685 193 98.3754
      vertex 56.4104 193.8 98.9308
      vertex 56.4104 193 98.9308
    endloop
  endfacet
  facet normal 0.607921 0 -0.793997
    outer loop
      vertex 56.4104 193.8 98.9308
      vertex 55.685 193 98.3754
      vertex 55.685 193.8 98.3754
    endloop
  endfacet
  facet normal 0.421205 0 -0.906966
    outer loop
      vertex 54.8308 193 97.9787
      vertex 55.685 193.8 98.3754
      vertex 55.685 193 98.3754
    endloop
  endfacet
  facet normal 0.421205 0 -0.906966
    outer loop
      vertex 55.685 193.8 98.3754
      vertex 54.8308 193 97.9787
      vertex 54.8308 193.8 97.9787
    endloop
  endfacet
  facet normal 0.235433 0 -0.971891
    outer loop
      vertex 53.8479 193 97.7406
      vertex 54.8308 193.8 97.9787
      vertex 54.8308 193 97.9787
    endloop
  endfacet
  facet normal 0.235433 0 -0.971891
    outer loop
      vertex 54.8308 193.8 97.9787
      vertex 53.8479 193 97.7406
      vertex 53.8479 193.8 97.7406
    endloop
  endfacet
  facet normal 0.0711641 0 -0.997465
    outer loop
      vertex 52.7364 193 97.6613
      vertex 53.8479 193.8 97.7406
      vertex 53.8479 193 97.7406
    endloop
  endfacet
  facet normal 0.0711641 0 -0.997465
    outer loop
      vertex 53.8479 193.8 97.7406
      vertex 52.7364 193 97.6613
      vertex 52.7364 193.8 97.6613
    endloop
  endfacet
  facet normal -0.0709039 0 -0.997483
    outer loop
      vertex 51.6208 193 97.7406
      vertex 52.7364 193.8 97.6613
      vertex 52.7364 193 97.6613
    endloop
  endfacet
  facet normal -0.0709039 0 -0.997483
    outer loop
      vertex 52.7364 193.8 97.6613
      vertex 51.6208 193 97.7406
      vertex 51.6208 193.8 97.7406
    endloop
  endfacet
  facet normal -0.234531 0 -0.972109
    outer loop
      vertex 50.6339 193 97.9787
      vertex 51.6208 193.8 97.7406
      vertex 51.6208 193 97.7406
    endloop
  endfacet
  facet normal -0.234531 0 -0.972109
    outer loop
      vertex 51.6208 193.8 97.7406
      vertex 50.6339 193 97.9787
      vertex 50.6339 193.8 97.9787
    endloop
  endfacet
  facet normal -0.419588 0 -0.907715
    outer loop
      vertex 49.7757 193 98.3754
      vertex 50.6339 193.8 97.9787
      vertex 50.6339 193 97.9787
    endloop
  endfacet
  facet normal -0.419588 0 -0.907715
    outer loop
      vertex 50.6339 193.8 97.9787
      vertex 49.7757 193 98.3754
      vertex 49.7757 193.8 98.3754
    endloop
  endfacet
  facet normal -0.605655 0 -0.795727
    outer loop
      vertex 49.046 193 98.9308
      vertex 49.7757 193.8 98.3754
      vertex 49.7757 193 98.3754
    endloop
  endfacet
  facet normal -0.605655 0 -0.795727
    outer loop
      vertex 49.7757 193.8 98.3754
      vertex 49.046 193 98.9308
      vertex 49.046 193.8 98.9308
    endloop
  endfacet
  facet normal -0.767 0 -0.641647
    outer loop
      vertex 49.046 193 98.9308
      vertex 48.464 193.8 99.6265
      vertex 49.046 193.8 98.9308
    endloop
  endfacet
  facet normal -0.767 -0 -0.641647
    outer loop
      vertex 48.464 193.8 99.6265
      vertex 49.046 193 98.9308
      vertex 48.464 193 99.6265
    endloop
  endfacet
  facet normal -0.891331 0 -0.453352
    outer loop
      vertex 48.464 193 99.6265
      vertex 48.0482 193.8 100.444
      vertex 48.464 193.8 99.6265
    endloop
  endfacet
  facet normal -0.891331 -0 -0.453352
    outer loop
      vertex 48.0482 193.8 100.444
      vertex 48.464 193 99.6265
      vertex 48.0482 193 100.444
    endloop
  endfacet
  facet normal -0.966558 0 -0.256446
    outer loop
      vertex 48.0482 193 100.444
      vertex 47.7988 193.8 101.384
      vertex 48.0482 193.8 100.444
    endloop
  endfacet
  facet normal -0.966558 -0 -0.256446
    outer loop
      vertex 47.7988 193.8 101.384
      vertex 48.0482 193 100.444
      vertex 47.7988 193 101.384
    endloop
  endfacet
  facet normal -0.996945 0 -0.0781034
    outer loop
      vertex 47.7988 193 101.384
      vertex 47.7156 193.8 102.446
      vertex 47.7988 193.8 101.384
    endloop
  endfacet
  facet normal -0.996945 -0 -0.0781034
    outer loop
      vertex 47.7156 193.8 102.446
      vertex 47.7988 193 101.384
      vertex 47.7156 193 102.446
    endloop
  endfacet
  facet normal -0.996945 0 0.0781034
    outer loop
      vertex 47.7156 193 102.446
      vertex 47.7988 193.8 103.508
      vertex 47.7156 193.8 102.446
    endloop
  endfacet
  facet normal -0.996945 0 0.0781034
    outer loop
      vertex 47.7988 193.8 103.508
      vertex 47.7156 193 102.446
      vertex 47.7988 193 103.508
    endloop
  endfacet
  facet normal -0.966558 0 0.256446
    outer loop
      vertex 47.7988 193 103.508
      vertex 48.0482 193.8 104.448
      vertex 47.7988 193.8 103.508
    endloop
  endfacet
  facet normal -0.966558 0 0.256446
    outer loop
      vertex 48.0482 193.8 104.448
      vertex 47.7988 193 103.508
      vertex 48.0482 193 104.448
    endloop
  endfacet
  facet normal -0.891219 0 0.453573
    outer loop
      vertex 48.0482 193 104.448
      vertex 48.464 193.8 105.265
      vertex 48.0482 193.8 104.448
    endloop
  endfacet
  facet normal -0.891219 0 0.453573
    outer loop
      vertex 48.464 193.8 105.265
      vertex 48.0482 193 104.448
      vertex 48.464 193 105.265
    endloop
  endfacet
  facet normal -0.767136 0 0.641484
    outer loop
      vertex 48.464 193 105.265
      vertex 49.046 193.8 105.961
      vertex 48.464 193.8 105.265
    endloop
  endfacet
  facet normal -0.767136 0 0.641484
    outer loop
      vertex 49.046 193.8 105.961
      vertex 48.464 193 105.265
      vertex 49.046 193 105.961
    endloop
  endfacet
  facet normal -0.606069 0 0.795412
    outer loop
      vertex 49.046 193.8 105.961
      vertex 49.7757 193 106.517
      vertex 49.7757 193.8 106.517
    endloop
  endfacet
  facet normal -0.606069 0 0.795412
    outer loop
      vertex 49.7757 193 106.517
      vertex 49.046 193.8 105.961
      vertex 49.046 193 105.961
    endloop
  endfacet
  facet normal -0.418978 0 0.907997
    outer loop
      vertex 49.7757 193.8 106.517
      vertex 50.6339 193 106.913
      vertex 50.6339 193.8 106.913
    endloop
  endfacet
  facet normal -0.418978 0 0.907997
    outer loop
      vertex 50.6339 193 106.913
      vertex 49.7757 193.8 106.517
      vertex 49.7757 193 106.517
    endloop
  endfacet
  facet normal -0.234438 0 0.972131
    outer loop
      vertex 50.6339 193.8 106.913
      vertex 51.6208 193 107.151
      vertex 51.6208 193.8 107.151
    endloop
  endfacet
  facet normal -0.234438 0 0.972131
    outer loop
      vertex 51.6208 193 107.151
      vertex 50.6339 193.8 106.913
      vertex 50.6339 193 106.913
    endloop
  endfacet
  facet normal -0.0715266 0 0.997439
    outer loop
      vertex 51.6208 193.8 107.151
      vertex 52.7364 193 107.231
      vertex 52.7364 193.8 107.231
    endloop
  endfacet
  facet normal -0.0715266 0 0.997439
    outer loop
      vertex 52.7364 193 107.231
      vertex 51.6208 193.8 107.151
      vertex 51.6208 193 107.151
    endloop
  endfacet
  facet normal 0.0717891 0 0.99742
    outer loop
      vertex 52.7364 193.8 107.231
      vertex 53.8479 193 107.151
      vertex 53.8479 193.8 107.151
    endloop
  endfacet
  facet normal 0.0717891 0 0.99742
    outer loop
      vertex 53.8479 193 107.151
      vertex 52.7364 193.8 107.231
      vertex 52.7364 193 107.231
    endloop
  endfacet
  facet normal 0.312646 0 -0.94987
    outer loop
      vertex 51.883 193 104.975
      vertex 52.281 193.8 105.106
      vertex 52.281 193 105.106
    endloop
  endfacet
  facet normal 0.312646 0 -0.94987
    outer loop
      vertex 52.281 193.8 105.106
      vertex 51.883 193 104.975
      vertex 51.883 193.8 104.975
    endloop
  endfacet
  facet normal 0.537436 0 -0.843304
    outer loop
      vertex 51.5425 193 104.758
      vertex 51.883 193.8 104.975
      vertex 51.883 193 104.975
    endloop
  endfacet
  facet normal 0.537436 0 -0.843304
    outer loop
      vertex 51.883 193.8 104.975
      vertex 51.5425 193 104.758
      vertex 51.5425 193.8 104.758
    endloop
  endfacet
  facet normal 0.73293 0 -0.680304
    outer loop
      vertex 51.5425 193 104.758
      vertex 51.2594 193.8 104.453
      vertex 51.5425 193.8 104.758
    endloop
  endfacet
  facet normal 0.73293 0 -0.680304
    outer loop
      vertex 51.2594 193.8 104.453
      vertex 51.5425 193 104.758
      vertex 51.2594 193 104.453
    endloop
  endfacet
  facet normal 0.866372 0 -0.499399
    outer loop
      vertex 51.2594 193 104.453
      vertex 51.0369 193.8 104.067
      vertex 51.2594 193.8 104.453
    endloop
  endfacet
  facet normal 0.866372 0 -0.499399
    outer loop
      vertex 51.0369 193.8 104.067
      vertex 51.2594 193 104.453
      vertex 51.0369 193 104.067
    endloop
  endfacet
  facet normal 0.946062 0 -0.323985
    outer loop
      vertex 51.0369 193 104.067
      vertex 50.878 193.8 103.603
      vertex 51.0369 193.8 104.067
    endloop
  endfacet
  facet normal 0.946062 0 -0.323985
    outer loop
      vertex 50.878 193.8 103.603
      vertex 51.0369 193 104.067
      vertex 50.878 193 103.603
    endloop
  endfacet
  facet normal 0.984782 0 -0.173796
    outer loop
      vertex 50.878 193 103.603
      vertex 50.7827 193.8 103.063
      vertex 50.878 193.8 103.603
    endloop
  endfacet
  facet normal 0.984782 0 -0.173796
    outer loop
      vertex 50.7827 193.8 103.063
      vertex 50.878 193 103.603
      vertex 50.7827 193 103.063
    endloop
  endfacet
  facet normal 0.998674 0 -0.0514714
    outer loop
      vertex 50.7827 193 103.063
      vertex 50.7509 193.8 102.446
      vertex 50.7827 193.8 103.063
    endloop
  endfacet
  facet normal 0.998674 0 -0.0514714
    outer loop
      vertex 50.7509 193.8 102.446
      vertex 50.7827 193 103.063
      vertex 50.7509 193 102.446
    endloop
  endfacet
  facet normal 0.998674 -0 0.0514714
    outer loop
      vertex 50.7509 193 102.446
      vertex 50.7827 193.8 101.829
      vertex 50.7509 193.8 102.446
    endloop
  endfacet
  facet normal 0.998674 0 0.0514714
    outer loop
      vertex 50.7827 193.8 101.829
      vertex 50.7509 193 102.446
      vertex 50.7827 193 101.829
    endloop
  endfacet
  facet normal 0.984782 -0 0.173796
    outer loop
      vertex 50.7827 193 101.829
      vertex 50.878 193.8 101.289
      vertex 50.7827 193.8 101.829
    endloop
  endfacet
  facet normal 0.984782 0 0.173796
    outer loop
      vertex 50.878 193.8 101.289
      vertex 50.7827 193 101.829
      vertex 50.878 193 101.289
    endloop
  endfacet
  facet normal 0.946062 -0 0.323985
    outer loop
      vertex 50.878 193 101.289
      vertex 51.0369 193.8 100.825
      vertex 50.878 193.8 101.289
    endloop
  endfacet
  facet normal 0.946062 0 0.323985
    outer loop
      vertex 51.0369 193.8 100.825
      vertex 50.878 193 101.289
      vertex 51.0369 193 100.825
    endloop
  endfacet
  facet normal 0.866372 -0 0.499399
    outer loop
      vertex 51.0369 193 100.825
      vertex 51.2594 193.8 100.439
      vertex 51.0369 193.8 100.825
    endloop
  endfacet
  facet normal 0.866372 0 0.499399
    outer loop
      vertex 51.2594 193.8 100.439
      vertex 51.0369 193 100.825
      vertex 51.2594 193 100.439
    endloop
  endfacet
  facet normal 0.73293 -0 0.680304
    outer loop
      vertex 51.2594 193 100.439
      vertex 51.5425 193.8 100.134
      vertex 51.2594 193.8 100.439
    endloop
  endfacet
  facet normal 0.73293 0 0.680304
    outer loop
      vertex 51.5425 193.8 100.134
      vertex 51.2594 193 100.439
      vertex 51.5425 193 100.134
    endloop
  endfacet
  facet normal 0.53814 0 0.842855
    outer loop
      vertex 51.5425 193.8 100.134
      vertex 51.883 193 99.9166
      vertex 51.883 193.8 99.9166
    endloop
  endfacet
  facet normal 0.53814 0 0.842855
    outer loop
      vertex 51.883 193 99.9166
      vertex 51.5425 193.8 100.134
      vertex 51.5425 193 100.134
    endloop
  endfacet
  facet normal 0.311568 0 0.950224
    outer loop
      vertex 51.883 193.8 99.9166
      vertex 52.281 193 99.7861
      vertex 52.281 193.8 99.7861
    endloop
  endfacet
  facet normal 0.311568 0 0.950224
    outer loop
      vertex 52.281 193 99.7861
      vertex 51.883 193.8 99.9166
      vertex 51.883 193 99.9166
    endloop
  endfacet
  facet normal 0.0950876 0 0.995469
    outer loop
      vertex 52.281 193.8 99.7861
      vertex 52.7364 193 99.7426
      vertex 52.7364 193.8 99.7426
    endloop
  endfacet
  facet normal 0.0950876 0 0.995469
    outer loop
      vertex 52.7364 193 99.7426
      vertex 52.281 193.8 99.7861
      vertex 52.281 193 99.7861
    endloop
  endfacet
  facet normal -0.0966223 0 0.995321
    outer loop
      vertex 52.7364 193.8 99.7426
      vertex 53.1845 193 99.7861
      vertex 53.1845 193.8 99.7861
    endloop
  endfacet
  facet normal -0.0966223 0 0.995321
    outer loop
      vertex 53.1845 193 99.7861
      vertex 52.7364 193.8 99.7426
      vertex 52.7364 193 99.7426
    endloop
  endfacet
  facet normal -0.315792 0 0.948828
    outer loop
      vertex 53.1845 193.8 99.7861
      vertex 53.5766 193 99.9166
      vertex 53.5766 193.8 99.9166
    endloop
  endfacet
  facet normal -0.315792 0 0.948828
    outer loop
      vertex 53.5766 193 99.9166
      vertex 53.1845 193.8 99.7861
      vertex 53.1845 193 99.7861
    endloop
  endfacet
  facet normal -0.543003 0 0.839731
    outer loop
      vertex 53.5766 193.8 99.9166
      vertex 53.9128 193 100.134
      vertex 53.9128 193.8 100.134
    endloop
  endfacet
  facet normal -0.543003 0 0.839731
    outer loop
      vertex 53.9128 193 100.134
      vertex 53.5766 193.8 99.9166
      vertex 53.5766 193 99.9166
    endloop
  endfacet
  facet normal -0.736412 0 0.676533
    outer loop
      vertex 53.9128 193 100.134
      vertex 54.193 193.8 100.439
      vertex 53.9128 193.8 100.134
    endloop
  endfacet
  facet normal -0.736412 0 0.676533
    outer loop
      vertex 54.193 193.8 100.439
      vertex 53.9128 193 100.134
      vertex 54.193 193 100.439
    endloop
  endfacet
  facet normal -0.868119 0 0.496357
    outer loop
      vertex 54.193 193 100.439
      vertex 54.4137 193.8 100.825
      vertex 54.193 193.8 100.439
    endloop
  endfacet
  facet normal -0.868119 0 0.496357
    outer loop
      vertex 54.4137 193.8 100.825
      vertex 54.193 193 100.439
      vertex 54.4137 193 100.825
    endloop
  endfacet
  facet normal -0.94681 0 0.321793
    outer loop
      vertex 54.4137 193 100.825
      vertex 54.5714 193.8 101.289
      vertex 54.4137 193.8 100.825
    endloop
  endfacet
  facet normal -0.94681 0 0.321793
    outer loop
      vertex 54.5714 193.8 101.289
      vertex 54.4137 193 100.825
      vertex 54.5714 193 101.289
    endloop
  endfacet
  facet normal -0.984999 0 0.172557
    outer loop
      vertex 54.5714 193 101.289
      vertex 54.666 193.8 101.829
      vertex 54.5714 193.8 101.289
    endloop
  endfacet
  facet normal -0.984999 0 0.172557
    outer loop
      vertex 54.666 193.8 101.829
      vertex 54.5714 193 101.289
      vertex 54.666 193 101.829
    endloop
  endfacet
  facet normal -0.998691 0 0.0511485
    outer loop
      vertex 54.666 193 101.829
      vertex 54.6976 193.8 102.446
      vertex 54.666 193.8 101.829
    endloop
  endfacet
  facet normal -0.998691 0 0.0511485
    outer loop
      vertex 54.6976 193.8 102.446
      vertex 54.666 193 101.829
      vertex 54.6976 193 102.446
    endloop
  endfacet
  facet normal -0.998691 0 -0.0511485
    outer loop
      vertex 54.6976 193 102.446
      vertex 54.666 193.8 103.063
      vertex 54.6976 193.8 102.446
    endloop
  endfacet
  facet normal -0.998691 -0 -0.0511485
    outer loop
      vertex 54.666 193.8 103.063
      vertex 54.6976 193 102.446
      vertex 54.666 193 103.063
    endloop
  endfacet
  facet normal -0.984999 0 -0.172557
    outer loop
      vertex 54.666 193 103.063
      vertex 54.5714 193.8 103.603
      vertex 54.666 193.8 103.063
    endloop
  endfacet
  facet normal -0.984999 -0 -0.172557
    outer loop
      vertex 54.5714 193.8 103.603
      vertex 54.666 193 103.063
      vertex 54.5714 193 103.603
    endloop
  endfacet
  facet normal -0.94681 0 -0.321793
    outer loop
      vertex 54.5714 193 103.603
      vertex 54.4137 193.8 104.067
      vertex 54.5714 193.8 103.603
    endloop
  endfacet
  facet normal -0.94681 -0 -0.321793
    outer loop
      vertex 54.4137 193.8 104.067
      vertex 54.5714 193 103.603
      vertex 54.4137 193 104.067
    endloop
  endfacet
  facet normal -0.868119 0 -0.496357
    outer loop
      vertex 54.4137 193 104.067
      vertex 54.193 193.8 104.453
      vertex 54.4137 193.8 104.067
    endloop
  endfacet
  facet normal -0.868119 -0 -0.496357
    outer loop
      vertex 54.193 193.8 104.453
      vertex 54.4137 193 104.067
      vertex 54.193 193 104.453
    endloop
  endfacet
  facet normal -0.736412 0 -0.676533
    outer loop
      vertex 54.193 193 104.453
      vertex 53.9128 193.8 104.758
      vertex 54.193 193.8 104.453
    endloop
  endfacet
  facet normal -0.736412 -0 -0.676533
    outer loop
      vertex 53.9128 193.8 104.758
      vertex 54.193 193 104.453
      vertex 53.9128 193 104.758
    endloop
  endfacet
  facet normal -0.542298 0 -0.840186
    outer loop
      vertex 53.5766 193 104.975
      vertex 53.9128 193.8 104.758
      vertex 53.9128 193 104.758
    endloop
  endfacet
  facet normal -0.542298 0 -0.840186
    outer loop
      vertex 53.9128 193.8 104.758
      vertex 53.5766 193 104.975
      vertex 53.5766 193.8 104.975
    endloop
  endfacet
  facet normal -0.316881 0 -0.948465
    outer loop
      vertex 53.1845 193 105.106
      vertex 53.5766 193.8 104.975
      vertex 53.5766 193 104.975
    endloop
  endfacet
  facet normal -0.316881 0 -0.948465
    outer loop
      vertex 53.5766 193.8 104.975
      vertex 53.1845 193 105.106
      vertex 53.1845 193.8 105.106
    endloop
  endfacet
  facet normal -0.0955219 0 -0.995427
    outer loop
      vertex 52.7364 193 105.149
      vertex 53.1845 193.8 105.106
      vertex 53.1845 193 105.106
    endloop
  endfacet
  facet normal -0.0955219 0 -0.995427
    outer loop
      vertex 53.1845 193.8 105.106
      vertex 52.7364 193 105.149
      vertex 52.7364 193.8 105.149
    endloop
  endfacet
  facet normal 0.0940044 0 -0.995572
    outer loop
      vertex 52.281 193 105.106
      vertex 52.7364 193.8 105.149
      vertex 52.7364 193 105.149
    endloop
  endfacet
  facet normal 0.0940044 0 -0.995572
    outer loop
      vertex 52.7364 193.8 105.149
      vertex 52.281 193 105.106
      vertex 52.281 193.8 105.106
    endloop
  endfacet
  facet normal 0.168634 0 0.985679
    outer loop
      vertex 158.031 193.8 107.207
      vertex 158.446 193 107.136
      vertex 158.446 193.8 107.136
    endloop
  endfacet
  facet normal 0.168634 0 0.985679
    outer loop
      vertex 158.446 193 107.136
      vertex 158.031 193.8 107.207
      vertex 158.031 193 107.207
    endloop
  endfacet
  facet normal 0.28491 0 0.958554
    outer loop
      vertex 158.446 193.8 107.136
      vertex 158.843 193 107.018
      vertex 158.843 193.8 107.018
    endloop
  endfacet
  facet normal 0.28491 0 0.958554
    outer loop
      vertex 158.843 193 107.018
      vertex 158.446 193.8 107.136
      vertex 158.446 193 107.136
    endloop
  endfacet
  facet normal 0.400946 0 0.916102
    outer loop
      vertex 158.843 193.8 107.018
      vertex 159.22 193 106.853
      vertex 159.22 193.8 106.853
    endloop
  endfacet
  facet normal 0.400946 0 0.916102
    outer loop
      vertex 159.22 193 106.853
      vertex 158.843 193.8 107.018
      vertex 158.843 193 107.018
    endloop
  endfacet
  facet normal 0.50857 0 0.861021
    outer loop
      vertex 159.22 193.8 106.853
      vertex 159.584 193 106.638
      vertex 159.584 193.8 106.638
    endloop
  endfacet
  facet normal 0.50857 0 0.861021
    outer loop
      vertex 159.584 193 106.638
      vertex 159.22 193.8 106.853
      vertex 159.22 193 106.853
    endloop
  endfacet
  facet normal 0.603249 0 0.797553
    outer loop
      vertex 159.584 193.8 106.638
      vertex 159.937 193 106.371
      vertex 159.937 193.8 106.371
    endloop
  endfacet
  facet normal 0.603249 0 0.797553
    outer loop
      vertex 159.937 193 106.371
      vertex 159.584 193.8 106.638
      vertex 159.584 193 106.638
    endloop
  endfacet
  facet normal 0.681104 0 0.732187
    outer loop
      vertex 159.937 193.8 106.371
      vertex 160.281 193 106.051
      vertex 160.281 193.8 106.051
    endloop
  endfacet
  facet normal 0.681104 0 0.732187
    outer loop
      vertex 160.281 193 106.051
      vertex 159.937 193.8 106.371
      vertex 159.937 193 106.371
    endloop
  endfacet
  facet normal 0.743095 -0 0.669185
    outer loop
      vertex 160.281 193 106.051
      vertex 160.616 193.8 105.679
      vertex 160.281 193.8 106.051
    endloop
  endfacet
  facet normal 0.743095 0 0.669185
    outer loop
      vertex 160.616 193.8 105.679
      vertex 160.281 193 106.051
      vertex 160.616 193 105.679
    endloop
  endfacet
  facet normal -1 0 0
    outer loop
      vertex 160.616 193 105.679
      vertex 160.616 193.8 106.992
      vertex 160.616 193.8 105.679
    endloop
  endfacet
  facet normal -1 -0 0
    outer loop
      vertex 160.616 193.8 106.992
      vertex 160.616 193 105.679
      vertex 160.616 193 106.992
    endloop
  endfacet
  facet normal -0 0 1
    outer loop
      vertex 160.616 193.8 106.992
      vertex 163.529 193 106.992
      vertex 163.529 193.8 106.992
    endloop
  endfacet
  facet normal 0 0 1
    outer loop
      vertex 163.529 193 106.992
      vertex 160.616 193.8 106.992
      vertex 160.616 193 106.992
    endloop
  endfacet
  facet normal 1 -0 0
    outer loop
      vertex 163.529 193 106.992
      vertex 163.529 193.8 97.8763
      vertex 163.529 193.8 106.992
    endloop
  endfacet
  facet normal 1 0 0
    outer loop
      vertex 163.529 193.8 97.8763
      vertex 163.529 193 106.992
      vertex 163.529 193 97.8763
    endloop
  endfacet
  facet normal 0 0 -1
    outer loop
      vertex 160.616 193 97.8763
      vertex 163.529 193.8 97.8763
      vertex 163.529 193 97.8763
    endloop
  endfacet
  facet normal -0 0 -1
    outer loop
      vertex 163.529 193.8 97.8763
      vertex 160.616 193 97.8763
      vertex 160.616 193.8 97.8763
    endloop
  endfacet
  facet normal -1 0 0
    outer loop
      vertex 160.616 193 97.8763
      vertex 160.616 193.8 102.38
      vertex 160.616 193.8 97.8763
    endloop
  endfacet
  facet normal -1 -0 0
    outer loop
      vertex 160.616 193.8 102.38
      vertex 160.616 193 97.8763
      vertex 160.616 193 102.38
    endloop
  endfacet
  facet normal -0.998434 0 -0.0559394
    outer loop
      vertex 160.616 193 102.38
      vertex 160.583 193.8 102.969
      vertex 160.616 193.8 102.38
    endloop
  endfacet
  facet normal -0.998434 -0 -0.0559394
    outer loop
      vertex 160.583 193.8 102.969
      vertex 160.616 193 102.38
      vertex 160.583 193 102.969
    endloop
  endfacet
  facet normal -0.983043 0 -0.183375
    outer loop
      vertex 160.583 193 102.969
      vertex 160.486 193.8 103.489
      vertex 160.583 193.8 102.969
    endloop
  endfacet
  facet normal -0.983043 -0 -0.183375
    outer loop
      vertex 160.486 193.8 103.489
      vertex 160.583 193 102.969
      vertex 160.486 193 103.489
    endloop
  endfacet
  facet normal -0.94094 0 -0.338572
    outer loop
      vertex 160.486 193 103.489
      vertex 160.323 193.8 103.942
      vertex 160.486 193.8 103.489
    endloop
  endfacet
  facet normal -0.94094 -0 -0.338572
    outer loop
      vertex 160.323 193.8 103.942
      vertex 160.486 193 103.489
      vertex 160.323 193 103.942
    endloop
  endfacet
  facet normal -0.859855 0 -0.510539
    outer loop
      vertex 160.323 193 103.942
      vertex 160.095 193.8 104.326
      vertex 160.323 193.8 103.942
    endloop
  endfacet
  facet normal -0.859855 -0 -0.510539
    outer loop
      vertex 160.095 193.8 104.326
      vertex 160.323 193 103.942
      vertex 160.095 193 104.326
    endloop
  endfacet
  facet normal -0.731771 0 -0.681551
    outer loop
      vertex 160.095 193 104.326
      vertex 159.81 193.8 104.632
      vertex 160.095 193.8 104.326
    endloop
  endfacet
  facet normal -0.731771 -0 -0.681551
    outer loop
      vertex 159.81 193.8 104.632
      vertex 160.095 193 104.326
      vertex 159.81 193 104.632
    endloop
  endfacet
  facet normal -0.549478 0 -0.835508
    outer loop
      vertex 159.477 193 104.851
      vertex 159.81 193.8 104.632
      vertex 159.81 193 104.632
    endloop
  endfacet
  facet normal -0.549478 0 -0.835508
    outer loop
      vertex 159.81 193.8 104.632
      vertex 159.477 193 104.851
      vertex 159.477 193.8 104.851
    endloop
  endfacet
  facet normal -0.325839 0 -0.945425
    outer loop
      vertex 159.094 193 104.983
      vertex 159.477 193.8 104.851
      vertex 159.477 193 104.851
    endloop
  endfacet
  facet normal -0.325839 0 -0.945425
    outer loop
      vertex 159.477 193.8 104.851
      vertex 159.094 193 104.983
      vertex 159.094 193.8 104.983
    endloop
  endfacet
  facet normal -0.0992751 0 -0.99506
    outer loop
      vertex 158.663 193 105.026
      vertex 159.094 193.8 104.983
      vertex 159.094 193 104.983
    endloop
  endfacet
  facet normal -0.0992751 0 -0.99506
    outer loop
      vertex 159.094 193.8 104.983
      vertex 158.663 193 105.026
      vertex 158.663 193.8 105.026
    endloop
  endfacet
  facet normal 0.0493902 0 -0.99878
    outer loop
      vertex 158.481 193 105.017
      vertex 158.663 193.8 105.026
      vertex 158.663 193 105.026
    endloop
  endfacet
  facet normal 0.0493902 0 -0.99878
    outer loop
      vertex 158.663 193.8 105.026
      vertex 158.481 193 105.017
      vertex 158.481 193.8 105.017
    endloop
  endfacet
  facet normal 0.167203 0 -0.985922
    outer loop
      vertex 158.31 193 104.988
      vertex 158.481 193.8 105.017
      vertex 158.481 193 105.017
    endloop
  endfacet
  facet normal 0.167203 0 -0.985922
    outer loop
      vertex 158.481 193.8 105.017
      vertex 158.31 193 104.988
      vertex 158.31 193.8 104.988
    endloop
  endfacet
  facet normal 0.291162 0 -0.956674
    outer loop
      vertex 158.149 193 104.939
      vertex 158.31 193.8 104.988
      vertex 158.31 193 104.988
    endloop
  endfacet
  facet normal 0.291162 0 -0.956674
    outer loop
      vertex 158.31 193.8 104.988
      vertex 158.149 193 104.939
      vertex 158.149 193.8 104.939
    endloop
  endfacet
  facet normal 0.41011 0 -0.912036
    outer loop
      vertex 158 193 104.872
      vertex 158.149 193.8 104.939
      vertex 158.149 193 104.939
    endloop
  endfacet
  facet normal 0.41011 0 -0.912036
    outer loop
      vertex 158.149 193.8 104.939
      vertex 158 193 104.872
      vertex 158 193.8 104.872
    endloop
  endfacet
  facet normal 0.528893 0 -0.848689
    outer loop
      vertex 157.862 193 104.786
      vertex 158 193.8 104.872
      vertex 158 193 104.872
    endloop
  endfacet
  facet normal 0.528893 0 -0.848689
    outer loop
      vertex 158 193.8 104.872
      vertex 157.862 193 104.786
      vertex 157.862 193.8 104.786
    endloop
  endfacet
  facet normal 0.635271 0 -0.77229
    outer loop
      vertex 157.738 193 104.684
      vertex 157.862 193.8 104.786
      vertex 157.862 193 104.786
    endloop
  endfacet
  facet normal 0.635271 0 -0.77229
    outer loop
      vertex 157.862 193.8 104.786
      vertex 157.738 193 104.684
      vertex 157.738 193.8 104.684
    endloop
  endfacet
  facet normal 0.731467 0 -0.681876
    outer loop
      vertex 157.738 193 104.684
      vertex 157.628 193.8 104.566
      vertex 157.738 193.8 104.684
    endloop
  endfacet
  facet normal 0.731467 0 -0.681876
    outer loop
      vertex 157.628 193.8 104.566
      vertex 157.738 193 104.684
      vertex 157.628 193 104.566
    endloop
  endfacet
  facet normal 0.812913 0 -0.582385
    outer loop
      vertex 157.628 193 104.566
      vertex 157.532 193.8 104.432
      vertex 157.628 193.8 104.566
    endloop
  endfacet
  facet normal 0.812913 0 -0.582385
    outer loop
      vertex 157.532 193.8 104.432
      vertex 157.628 193 104.566
      vertex 157.532 193 104.432
    endloop
  endfacet
  facet normal 0.893016 0 -0.450024
    outer loop
      vertex 157.532 193 104.432
      vertex 157.468 193.8 104.305
      vertex 157.532 193.8 104.432
    endloop
  endfacet
  facet normal 0.893016 0 -0.450024
    outer loop
      vertex 157.468 193.8 104.305
      vertex 157.532 193 104.432
      vertex 157.468 193 104.305
    endloop
  endfacet
  facet normal 0.946882 0 -0.321582
    outer loop
      vertex 157.468 193 104.305
      vertex 157.414 193.8 104.146
      vertex 157.468 193.8 104.305
    endloop
  endfacet
  facet normal 0.946882 0 -0.321582
    outer loop
      vertex 157.414 193.8 104.146
      vertex 157.468 193 104.305
      vertex 157.414 193 104.146
    endloop
  endfacet
  facet normal 0.974984 0 -0.222276
    outer loop
      vertex 157.414 193 104.146
      vertex 157.37 193.8 103.953
      vertex 157.414 193.8 104.146
    endloop
  endfacet
  facet normal 0.974984 0 -0.222276
    outer loop
      vertex 157.37 193.8 103.953
      vertex 157.414 193 104.146
      vertex 157.37 193 103.953
    endloop
  endfacet
  facet normal 0.988775 0 -0.149415
    outer loop
      vertex 157.37 193 103.953
      vertex 157.336 193.8 103.728
      vertex 157.37 193.8 103.953
    endloop
  endfacet
  facet normal 0.988775 0 -0.149415
    outer loop
      vertex 157.336 193.8 103.728
      vertex 157.37 193 103.953
      vertex 157.336 193 103.728
    endloop
  endfacet
  facet normal 0.996066 0 -0.0886179
    outer loop
      vertex 157.336 193 103.728
      vertex 157.311 193.8 103.447
      vertex 157.336 193.8 103.728
    endloop
  endfacet
  facet normal 0.996066 0 -0.0886179
    outer loop
      vertex 157.311 193.8 103.447
      vertex 157.336 193 103.728
      vertex 157.311 193 103.447
    endloop
  endfacet
  facet normal 0.998874 0 -0.0474326
    outer loop
      vertex 157.311 193 103.447
      vertex 157.294 193.8 103.089
      vertex 157.311 193.8 103.447
    endloop
  endfacet
  facet normal 0.998874 0 -0.0474326
    outer loop
      vertex 157.294 193.8 103.089
      vertex 157.311 193 103.447
      vertex 157.294 193 103.089
    endloop
  endfacet
  facet normal 0.999679 0 -0.0253375
    outer loop
      vertex 157.294 193 103.089
      vertex 157.283 193.8 102.655
      vertex 157.294 193.8 103.089
    endloop
  endfacet
  facet normal 0.999679 0 -0.0253375
    outer loop
      vertex 157.283 193.8 102.655
      vertex 157.294 193 103.089
      vertex 157.283 193 102.655
    endloop
  endfacet
  facet normal 0.999969 0 -0.00782755
    outer loop
      vertex 157.283 193 102.655
      vertex 157.279 193.8 102.144
      vertex 157.283 193.8 102.655
    endloop
  endfacet
  facet normal 0.999969 0 -0.00782755
    outer loop
      vertex 157.279 193.8 102.144
      vertex 157.283 193 102.655
      vertex 157.279 193 102.144
    endloop
  endfacet
  facet normal 0.999991 -0 0.00427347
    outer loop
      vertex 157.279 193 102.144
      vertex 157.28 193.8 101.91
      vertex 157.279 193.8 102.144
    endloop
  endfacet
  facet normal 0.999991 0 0.00427347
    outer loop
      vertex 157.28 193.8 101.91
      vertex 157.279 193 102.144
      vertex 157.28 193 101.91
    endloop
  endfacet
  facet normal 0.999995 -0 0.00305809
    outer loop
      vertex 157.28 193 101.91
      vertex 157.281 193.8 101.583
      vertex 157.28 193.8 101.91
    endloop
  endfacet
  facet normal 0.999995 0 0.00305809
    outer loop
      vertex 157.281 193.8 101.583
      vertex 157.28 193 101.91
      vertex 157.281 193 101.583
    endloop
  endfacet
  facet normal 0.999974 -0 0.00714267
    outer loop
      vertex 157.281 193 101.583
      vertex 157.284 193.8 101.163
      vertex 157.281 193.8 101.583
    endloop
  endfacet
  facet normal 0.999974 0 0.00714267
    outer loop
      vertex 157.284 193.8 101.163
      vertex 157.281 193 101.583
      vertex 157.284 193 101.163
    endloop
  endfacet
  facet normal 0.99997 -0 0.00778187
    outer loop
      vertex 157.284 193 101.163
      vertex 157.288 193.8 100.649
      vertex 157.284 193.8 101.163
    endloop
  endfacet
  facet normal 0.99997 0 0.00778187
    outer loop
      vertex 157.288 193.8 100.649
      vertex 157.284 193 101.163
      vertex 157.288 193 100.649
    endloop
  endfacet
  facet normal 0.999984 -0 0.00559693
    outer loop
      vertex 157.288 193 100.649
      vertex 157.291 193.8 100.113
      vertex 157.288 193.8 100.649
    endloop
  endfacet
  facet normal 0.999984 0 0.00559693
    outer loop
      vertex 157.291 193.8 100.113
      vertex 157.288 193 100.649
      vertex 157.291 193 100.113
    endloop
  endfacet
  facet normal 0.999981 -0 0.00613736
    outer loop
      vertex 157.291 193 100.113
      vertex 157.294 193.8 99.6242
      vertex 157.291 193.8 100.113
    endloop
  endfacet
  facet normal 0.999981 0 0.00613736
    outer loop
      vertex 157.294 193.8 99.6242
      vertex 157.291 193 100.113
      vertex 157.294 193 99.6242
    endloop
  endfacet
  facet normal 0.999997 -0 0.002265
    outer loop
      vertex 157.294 193 99.6242
      vertex 157.295 193.8 99.1827
      vertex 157.294 193.8 99.6242
    endloop
  endfacet
  facet normal 0.999997 0 0.002265
    outer loop
      vertex 157.295 193.8 99.1827
      vertex 157.294 193 99.6242
      vertex 157.295 193 99.1827
    endloop
  endfacet
  facet normal 0.999997 -0 0.00253678
    outer loop
      vertex 157.295 193 99.1827
      vertex 157.296 193.8 98.7885
      vertex 157.295 193.8 99.1827
    endloop
  endfacet
  facet normal 0.999997 0 0.00253678
    outer loop
      vertex 157.296 193.8 98.7885
      vertex 157.295 193 99.1827
      vertex 157.296 193 98.7885
    endloop
  endfacet
  facet normal 1 -0 0
    outer loop
      vertex 157.296 193 98.7885
      vertex 157.296 193.8 97.8763
      vertex 157.296 193.8 98.7885
    endloop
  endfacet
  facet normal 1 0 0
    outer loop
      vertex 157.296 193.8 97.8763
      vertex 157.296 193 98.7885
      vertex 157.296 193 97.8763
    endloop
  endfacet
  facet normal 0 0 -1
    outer loop
      vertex 154.366 193 97.8763
      vertex 157.296 193.8 97.8763
      vertex 157.296 193 97.8763
    endloop
  endfacet
  facet normal -0 0 -1
    outer loop
      vertex 157.296 193.8 97.8763
      vertex 154.366 193 97.8763
      vertex 154.366 193.8 97.8763
    endloop
  endfacet
  facet normal -1 0 0
    outer loop
      vertex 154.366 193 97.8763
      vertex 154.366 193.8 103.447
      vertex 154.366 193.8 97.8763
    endloop
  endfacet
  facet normal -1 -0 0
    outer loop
      vertex 154.366 193.8 103.447
      vertex 154.366 193 97.8763
      vertex 154.366 193 103.447
    endloop
  endfacet
  facet normal -0.99821 0 0.0598006
    outer loop
      vertex 154.366 193 103.447
      vertex 154.418 193.8 104.315
      vertex 154.366 193.8 103.447
    endloop
  endfacet
  facet normal -0.99821 0 0.0598006
    outer loop
      vertex 154.418 193.8 104.315
      vertex 154.366 193 103.447
      vertex 154.418 193 104.315
    endloop
  endfacet
  facet normal -0.979778 0 0.200086
    outer loop
      vertex 154.418 193 104.315
      vertex 154.573 193.8 105.074
      vertex 154.418 193.8 104.315
    endloop
  endfacet
  facet normal -0.979778 0 0.200086
    outer loop
      vertex 154.573 193.8 105.074
      vertex 154.418 193 104.315
      vertex 154.573 193 105.074
    endloop
  endfacet
  facet normal -0.929265 0 0.369415
    outer loop
      vertex 154.573 193 105.074
      vertex 154.831 193.8 105.723
      vertex 154.573 193.8 105.074
    endloop
  endfacet
  facet normal -0.929265 0 0.369415
    outer loop
      vertex 154.831 193.8 105.723
      vertex 154.573 193 105.074
      vertex 154.831 193 105.723
    endloop
  endfacet
  facet normal -0.830863 0 0.556478
    outer loop
      vertex 154.831 193 105.723
      vertex 155.192 193.8 106.262
      vertex 154.831 193.8 105.723
    endloop
  endfacet
  facet normal -0.830863 0 0.556478
    outer loop
      vertex 155.192 193.8 106.262
      vertex 154.831 193 105.723
      vertex 155.192 193 106.262
    endloop
  endfacet
  facet normal -0.677749 0 0.735294
    outer loop
      vertex 155.192 193.8 106.262
      vertex 155.652 193 106.686
      vertex 155.652 193.8 106.686
    endloop
  endfacet
  facet normal -0.677749 0 0.735294
    outer loop
      vertex 155.652 193 106.686
      vertex 155.192 193.8 106.262
      vertex 155.192 193 106.262
    endloop
  endfacet
  facet normal -0.47863 0 0.878017
    outer loop
      vertex 155.652 193.8 106.686
      vertex 156.206 193 106.988
      vertex 156.206 193.8 106.988
    endloop
  endfacet
  facet normal -0.47863 0 0.878017
    outer loop
      vertex 156.206 193 106.988
      vertex 155.652 193.8 106.686
      vertex 155.652 193 106.686
    endloop
  endfacet
  facet normal -0.270015 0 0.962856
    outer loop
      vertex 156.206 193.8 106.988
      vertex 156.855 193 107.17
      vertex 156.855 193.8 107.17
    endloop
  endfacet
  facet normal -0.270015 0 0.962856
    outer loop
      vertex 156.855 193 107.17
      vertex 156.206 193.8 106.988
      vertex 156.206 193 106.988
    endloop
  endfacet
  facet normal -0.0819338 0 0.996638
    outer loop
      vertex 156.855 193.8 107.17
      vertex 157.597 193 107.231
      vertex 157.597 193.8 107.231
    endloop
  endfacet
  facet normal -0.0819338 0 0.996638
    outer loop
      vertex 157.597 193 107.231
      vertex 156.855 193.8 107.17
      vertex 156.855 193 107.17
    endloop
  endfacet
  facet normal 0.0552152 0 0.998474
    outer loop
      vertex 157.597 193.8 107.231
      vertex 158.031 193 107.207
      vertex 158.031 193.8 107.207
    endloop
  endfacet
  facet normal 0.0552152 0 0.998474
    outer loop
      vertex 158.031 193 107.207
      vertex 157.597 193.8 107.231
      vertex 157.597 193 107.231
    endloop
  endfacet
  facet normal 0 0 -1
    outer loop
      vertex 80.5105 193 101.01
      vertex 85.6208 193.8 101.01
      vertex 85.6208 193 101.01
    endloop
  endfacet
  facet normal -0 0 -1
    outer loop
      vertex 85.6208 193.8 101.01
      vertex 80.5105 193 101.01
      vertex 80.5105 193.8 101.01
    endloop
  endfacet
  facet normal -1 0 0
    outer loop
      vertex 80.5105 193 101.01
      vertex 80.5105 193.8 103.375
      vertex 80.5105 193.8 101.01
    endloop
  endfacet
  facet normal -1 -0 0
    outer loop
      vertex 80.5105 193.8 103.375
      vertex 80.5105 193 101.01
      vertex 80.5105 193 103.375
    endloop
  endfacet
  facet normal -0 0 1
    outer loop
      vertex 80.5105 193.8 103.375
      vertex 85.6208 193 103.375
      vertex 85.6208 193.8 103.375
    endloop
  endfacet
  facet normal 0 0 1
    outer loop
      vertex 85.6208 193 103.375
      vertex 80.5105 193.8 103.375
      vertex 80.5105 193 103.375
    endloop
  endfacet
  facet normal 1 -0 0
    outer loop
      vertex 85.6208 193 103.375
      vertex 85.6208 193.8 101.01
      vertex 85.6208 193.8 103.375
    endloop
  endfacet
  facet normal 1 0 0
    outer loop
      vertex 85.6208 193.8 101.01
      vertex 85.6208 193 103.375
      vertex 85.6208 193 101.01
    endloop
  endfacet
  facet normal 0 0 -1
    outer loop
      vertex 137.543 193 103.844
      vertex 140.473 193.8 103.844
      vertex 140.473 193 103.844
    endloop
  endfacet
  facet normal -0 0 -1
    outer loop
      vertex 140.473 193.8 103.844
      vertex 137.543 193 103.844
      vertex 137.543 193.8 103.844
    endloop
  endfacet
  facet normal -1 0 0
    outer loop
      vertex 137.543 193 103.844
      vertex 137.543 193.8 106.992
      vertex 137.543 193.8 103.844
    endloop
  endfacet
  facet normal -1 -0 0
    outer loop
      vertex 137.543 193.8 106.992
      vertex 137.543 193 103.844
      vertex 137.543 193 106.992
    endloop
  endfacet
  facet normal -0 0 1
    outer loop
      vertex 137.543 193.8 106.992
      vertex 140.473 193 106.992
      vertex 140.473 193.8 106.992
    endloop
  endfacet
  facet normal 0 0 1
    outer loop
      vertex 140.473 193 106.992
      vertex 137.543 193.8 106.992
      vertex 137.543 193 106.992
    endloop
  endfacet
  facet normal 1 -0 0
    outer loop
      vertex 140.473 193 106.992
      vertex 140.473 193.8 103.844
      vertex 140.473 193.8 106.992
    endloop
  endfacet
  facet normal 1 0 0
    outer loop
      vertex 140.473 193.8 103.844
      vertex 140.473 193 106.992
      vertex 140.473 193 103.844
    endloop
  endfacet
  facet normal 0 -1 -0
    outer loop
      vertex 91.4021 0 97.7221
      vertex 79.2469 0 94.3282
      vertex 92.5493 0 97.6613
    endloop
  endfacet
  facet normal 0 -1 -0
    outer loop
      vertex 92.5493 0 97.6613
      vertex 79.2469 0 94.3282
      vertex 98.509 0 97.6613
    endloop
  endfacet
  facet normal 0 -1 0
    outer loop
      vertex 79.2469 0 94.3282
      vertex 82.2496 0 97.6613
      vertex 81.7911 0 97.6849
    endloop
  endfacet
  facet normal 0 -1 -0
    outer loop
      vertex 109.056 0 95.2882
      vertex 79.2469 0 94.3282
      vertex 111.969 0 95.2882
    endloop
  endfacet
  facet normal 0 -1 -0
    outer loop
      vertex 98.509 0 97.6613
      vertex 79.2469 0 94.3282
      vertex 109.056 0 95.2882
    endloop
  endfacet
  facet normal 0 -1 -0
    outer loop
      vertex 81.3596 0 97.7558
      vertex 79.2469 0 94.3282
      vertex 81.7911 0 97.6849
    endloop
  endfacet
  facet normal 0 -1 -0
    outer loop
      vertex 80.955 0 97.8738
      vertex 79.2469 0 94.3282
      vertex 81.3596 0 97.7558
    endloop
  endfacet
  facet normal 0 -1 -0
    outer loop
      vertex 80.5774 0 98.0391
      vertex 79.2469 0 94.3282
      vertex 80.955 0 97.8738
    endloop
  endfacet
  facet normal 0 -1 -0
    outer loop
      vertex 80.2211 0 98.254
      vertex 79.2469 0 94.3282
      vertex 80.5774 0 98.0391
    endloop
  endfacet
  facet normal 0 -1 -0
    outer loop
      vertex 79.8806 0 98.5213
      vertex 79.2469 0 94.3282
      vertex 80.2211 0 98.254
    endloop
  endfacet
  facet normal 0 -1 -0
    outer loop
      vertex 79.5558 0 98.8408
      vertex 79.2469 0 94.3282
      vertex 79.8806 0 98.5213
    endloop
  endfacet
  facet normal 0 -1 0
    outer loop
      vertex 79.2469 0 94.3282
      vertex 79.5558 0 98.8408
      vertex 79.2469 0 99.2127
    endloop
  endfacet
  facet normal 0 -1 0
    outer loop
      vertex 111.969 0 95.2882
      vertex 113.418 0 97.8763
      vertex 111.969 0 97.8763
    endloop
  endfacet
  facet normal 0 -1 -0
    outer loop
      vertex 113.418 0 97.8763
      vertex 111.969 0 95.2882
      vertex 124.642 0 97.7422
    endloop
  endfacet
  facet normal 0 -1 -0
    outer loop
      vertex 124.642 0 97.7422
      vertex 111.969 0 95.2882
      vertex 125.662 0 97.6613
    endloop
  endfacet
  facet normal 0 -1 0
    outer loop
      vertex 101.253 0 98.9635
      vertex 101.544 0 97.8763
      vertex 101.544 0 99.3816
    endloop
  endfacet
  facet normal 0 -1 0
    outer loop
      vertex 100.941 0 98.606
      vertex 101.544 0 97.8763
      vertex 101.253 0 98.9635
    endloop
  endfacet
  facet normal 0 -1 0
    outer loop
      vertex 100.608 0 98.3092
      vertex 101.544 0 97.8763
      vertex 100.941 0 98.606
    endloop
  endfacet
  facet normal 0 -1 0
    outer loop
      vertex 100.255 0 98.073
      vertex 101.544 0 97.8763
      vertex 100.608 0 98.3092
    endloop
  endfacet
  facet normal 0 -1 0
    outer loop
      vertex 99.8723 0 97.8929
      vertex 101.544 0 97.8763
      vertex 100.255 0 98.073
    endloop
  endfacet
  facet normal 0 -1 0
    outer loop
      vertex 109.056 0 95.2882
      vertex 104.458 0 97.8763
      vertex 101.544 0 97.8763
    endloop
  endfacet
  facet normal 0 -1 0
    outer loop
      vertex 104.458 0 97.8763
      vertex 109.056 0 95.2882
      vertex 106.054 0 97.8763
    endloop
  endfacet
  facet normal 0 -1 0
    outer loop
      vertex 99.454 0 97.7642
      vertex 101.544 0 97.8763
      vertex 99.8723 0 97.8929
    endloop
  endfacet
  facet normal 0 -1 0
    outer loop
      vertex 98.9996 0 97.687
      vertex 101.544 0 97.8763
      vertex 99.454 0 97.7642
    endloop
  endfacet
  facet normal 0 -1 -0
    outer loop
      vertex 101.544 0 97.8763
      vertex 98.9996 0 97.687
      vertex 109.056 0 95.2882
    endloop
  endfacet
  facet normal 0 -1 0
    outer loop
      vertex 109.056 0 95.2882
      vertex 98.9996 0 97.687
      vertex 98.509 0 97.6613
    endloop
  endfacet
  facet normal 0 -1 0
    outer loop
      vertex 106.054 0 97.8763
      vertex 109.056 0 95.2882
      vertex 109.056 0 97.8763
    endloop
  endfacet
  facet normal 0 -1 0
    outer loop
      vertex 90.8322 0 100.933
      vertex 92.5493 0 101.163
      vertex 90.8322 0 101.163
    endloop
  endfacet
  facet normal 0 -1 0
    outer loop
      vertex 90.8663 0 100.61
      vertex 92.5493 0 101.163
      vertex 90.8322 0 100.933
    endloop
  endfacet
  facet normal -0 -1 0
    outer loop
      vertex 97.6871 0 100.365
      vertex 92.5493 0 101.163
      vertex 96.3169 0 100.342
    endloop
  endfacet
  facet normal 0 -1 0
    outer loop
      vertex 90.9685 0 100.333
      vertex 92.5493 0 101.163
      vertex 90.8663 0 100.61
    endloop
  endfacet
  facet normal 0 -1 0
    outer loop
      vertex 92.5493 0 101.163
      vertex 97.6871 0 100.365
      vertex 101.203 0 101.131
    endloop
  endfacet
  facet normal 0 -1 0
    outer loop
      vertex 98.0686 0 100.208
      vertex 101.203 0 101.131
      vertex 97.8781 0 100.28
    endloop
  endfacet
  facet normal 0 -1 0
    outer loop
      vertex 97.8781 0 100.28
      vertex 101.203 0 101.131
      vertex 97.6871 0 100.365
    endloop
  endfacet
  facet normal 0 -1 0
    outer loop
      vertex 91.1389 0 100.103
      vertex 92.5493 0 101.163
      vertex 90.9685 0 100.333
    endloop
  endfacet
  facet normal 0 -1 0
    outer loop
      vertex 92.5493 0 101.163
      vertex 95.9639 0 100.167
      vertex 96.3169 0 100.342
    endloop
  endfacet
  facet normal 0 -1 0
    outer loop
      vertex 92.5493 0 101.163
      vertex 91.1389 0 100.103
      vertex 91.3775 0 99.9186
    endloop
  endfacet
  facet normal 0 -1 0
    outer loop
      vertex 92.5493 0 101.163
      vertex 95.5967 0 100.016
      vertex 95.9639 0 100.167
    endloop
  endfacet
  facet normal 0 -1 0
    outer loop
      vertex 92.5493 0 101.163
      vertex 91.3775 0 99.9186
      vertex 91.6882 0 99.7778
    endloop
  endfacet
  facet normal 0 -1 0
    outer loop
      vertex 92.5493 0 101.163
      vertex 95.2153 0 99.8877
      vertex 95.5967 0 100.016
    endloop
  endfacet
  facet normal 0 -1 0
    outer loop
      vertex 92.5493 0 101.163
      vertex 94.8197 0 99.7829
      vertex 95.2153 0 99.8877
    endloop
  endfacet
  facet normal 0 -1 0
    outer loop
      vertex 92.5493 0 101.163
      vertex 91.6882 0 99.7778
      vertex 92.0752 0 99.6772
    endloop
  endfacet
  facet normal 0 -1 0
    outer loop
      vertex 92.5493 0 101.163
      vertex 94.4087 0 99.7014
      vertex 94.8197 0 99.7829
    endloop
  endfacet
  facet normal 0 -1 0
    outer loop
      vertex 92.5493 0 101.163
      vertex 92.0752 0 99.6772
      vertex 92.5385 0 99.6168
    endloop
  endfacet
  facet normal 0 -1 0
    outer loop
      vertex 92.5493 0 101.163
      vertex 93.9814 0 99.6432
      vertex 94.4087 0 99.7014
    endloop
  endfacet
  facet normal 0 -1 -0
    outer loop
      vertex 92.5493 0 101.163
      vertex 92.5385 0 99.6168
      vertex 93.0781 0 99.5967
    endloop
  endfacet
  facet normal 0 -1 0
    outer loop
      vertex 92.5493 0 101.163
      vertex 93.5379 0 99.6083
      vertex 93.9814 0 99.6432
    endloop
  endfacet
  facet normal 0 -1 0
    outer loop
      vertex 92.5493 0 101.163
      vertex 93.0781 0 99.5967
      vertex 93.5379 0 99.6083
    endloop
  endfacet
  facet normal 0 -1 0
    outer loop
      vertex 119.49 0 103.375
      vertex 120.934 0 102.415
      vertex 120.934 0 103.245
    endloop
  endfacet
  facet normal 0 -1 0
    outer loop
      vertex 119.49 0 101.01
      vertex 120.934 0 102.415
      vertex 119.49 0 103.375
    endloop
  endfacet
  facet normal 0 -1 -0
    outer loop
      vertex 120.934 0 102.415
      vertex 119.49 0 101.01
      vertex 121.015 0 101.387
    endloop
  endfacet
  facet normal 0 -1 -0
    outer loop
      vertex 121.015 0 101.387
      vertex 119.49 0 101.01
      vertex 121.257 0 100.468
    endloop
  endfacet
  facet normal 0 -1 -0
    outer loop
      vertex 59.5275 0 103.844
      vertex 57.1743 0 101.391
      vertex 62.4569 0 103.844
    endloop
  endfacet
  facet normal 0 -1 0
    outer loop
      vertex 62.4569 0 103.844
      vertex 64.6992 0 102.415
      vertex 64.6992 0 103.245
    endloop
  endfacet
  facet normal 0 -1 0
    outer loop
      vertex 64.7798 0 101.387
      vertex 62.4569 0 103.844
      vertex 57.1743 0 101.391
    endloop
  endfacet
  facet normal 0 -1 0
    outer loop
      vertex 62.4569 0 103.844
      vertex 64.7798 0 101.387
      vertex 64.6992 0 102.415
    endloop
  endfacet
  facet normal 0 -1 0
    outer loop
      vertex 57.1743 0 101.391
      vertex 65.0216 0 100.468
      vertex 64.7798 0 101.387
    endloop
  endfacet
  facet normal 0 -1 0
    outer loop
      vertex 56.9218 0 100.454
      vertex 65.0216 0 100.468
      vertex 57.1743 0 101.391
    endloop
  endfacet
  facet normal 0 -1 0
    outer loop
      vertex 56.9218 0 100.454
      vertex 65.4246 0 99.6572
      vertex 65.0216 0 100.468
    endloop
  endfacet
  facet normal 0 -1 0
    outer loop
      vertex 56.5009 0 99.6371
      vertex 65.4246 0 99.6572
      vertex 56.9218 0 100.454
    endloop
  endfacet
  facet normal 0 -1 0
    outer loop
      vertex 56.5009 0 99.6371
      vertex 65.9889 0 98.9556
      vertex 65.4246 0 99.6572
    endloop
  endfacet
  facet normal 0 -1 0
    outer loop
      vertex 55.9117 0 98.9388
      vertex 65.9889 0 98.9556
      vertex 56.5009 0 99.6371
    endloop
  endfacet
  facet normal 0 -1 0
    outer loop
      vertex 55.9117 0 98.9388
      vertex 66.6875 0 98.3894
      vertex 65.9889 0 98.9556
    endloop
  endfacet
  facet normal 0 -1 0
    outer loop
      vertex 55.175 0 98.3799
      vertex 66.6875 0 98.3894
      vertex 55.9117 0 98.9388
    endloop
  endfacet
  facet normal 0 -1 0
    outer loop
      vertex 55.175 0 98.3799
      vertex 67.4933 0 97.9849
      vertex 66.6875 0 98.3894
    endloop
  endfacet
  facet normal 0 -1 0
    outer loop
      vertex 54.3117 0 97.9807
      vertex 67.4933 0 97.9849
      vertex 55.175 0 98.3799
    endloop
  endfacet
  facet normal 0 -1 0
    outer loop
      vertex 54.3117 0 97.9807
      vertex 68.4065 0 97.7422
      vertex 67.4933 0 97.9849
    endloop
  endfacet
  facet normal 0 -1 0
    outer loop
      vertex 53.3217 0 97.7411
      vertex 68.4065 0 97.7422
      vertex 54.3117 0 97.9807
    endloop
  endfacet
  facet normal 0 -1 0
    outer loop
      vertex 76.3174 0 94.3282
      vertex 53.3217 0 97.7411
      vertex 52.2052 0 97.6613
    endloop
  endfacet
  facet normal 0 -1 0
    outer loop
      vertex 53.3217 0 97.7411
      vertex 76.3174 0 94.3282
      vertex 68.4065 0 97.7422
    endloop
  endfacet
  facet normal 0 -1 0
    outer loop
      vertex 45.6338 0 103.447
      vertex 47.4773 0 102.415
      vertex 47.4773 0 103.245
    endloop
  endfacet
  facet normal 0 -1 0
    outer loop
      vertex 45.6338 0 103.447
      vertex 47.5579 0 101.387
      vertex 47.4773 0 102.415
    endloop
  endfacet
  facet normal 0 -1 0
    outer loop
      vertex 45.6338 0 97.8763
      vertex 47.5579 0 101.387
      vertex 45.6338 0 103.447
    endloop
  endfacet
  facet normal 0 -1 -0
    outer loop
      vertex 47.5579 0 101.387
      vertex 45.6338 0 97.8763
      vertex 47.7997 0 100.468
    endloop
  endfacet
  facet normal 0 -1 -0
    outer loop
      vertex 47.7997 0 100.468
      vertex 45.6338 0 97.8763
      vertex 48.2028 0 99.6572
    endloop
  endfacet
  facet normal 0 -1 0
    outer loop
      vertex 45.6338 0 97.8763
      vertex 48.767 0 98.9556
      vertex 48.2028 0 99.6572
    endloop
  endfacet
  facet normal 0 -1 0
    outer loop
      vertex 45.6338 0 97.8763
      vertex 49.4656 0 98.3894
      vertex 48.767 0 98.9556
    endloop
  endfacet
  facet normal 0 -1 0
    outer loop
      vertex 45.6338 0 97.8763
      vertex 50.2715 0 97.9849
      vertex 49.4656 0 98.3894
    endloop
  endfacet
  facet normal 0 -1 -0
    outer loop
      vertex 50.2715 0 97.9849
      vertex 45.6338 0 97.8763
      vertex 51.1846 0 97.7422
    endloop
  endfacet
  facet normal 0 -1 0
    outer loop
      vertex 133.95 0 106.992
      vertex 137.506 0 103.191
      vertex 137.506 0 106.992
    endloop
  endfacet
  facet normal 0 -1 0
    outer loop
      vertex 104.458 0 106.992
      vertex 106.306 0 104.911
      vertex 106.306 0 106.992
    endloop
  endfacet
  facet normal 0 -1 0
    outer loop
      vertex 109.056 0 103.828
      vertex 107.803 0 104.911
      vertex 106.306 0 104.911
    endloop
  endfacet
  facet normal 0 -1 0
    outer loop
      vertex 107.803 0 104.911
      vertex 109.056 0 103.828
      vertex 108.146 0 104.897
    endloop
  endfacet
  facet normal -0 -1 -0
    outer loop
      vertex 109.04 0 104.12
      vertex 108.146 0 104.897
      vertex 109.056 0 103.828
    endloop
  endfacet
  facet normal 0 -1 0
    outer loop
      vertex 108.146 0 104.897
      vertex 109.04 0 104.12
      vertex 108.428 0 104.855
    endloop
  endfacet
  facet normal -0 -1 -0
    outer loop
      vertex 108.993 0 104.36
      vertex 108.428 0 104.855
      vertex 109.04 0 104.12
    endloop
  endfacet
  facet normal -0 -1 -0
    outer loop
      vertex 108.914 0 104.549
      vertex 108.647 0 104.785
      vertex 108.993 0 104.36
    endloop
  endfacet
  facet normal 0 -1 0
    outer loop
      vertex 108.647 0 104.785
      vertex 108.914 0 104.549
      vertex 108.804 0 104.687
    endloop
  endfacet
  facet normal 0 -1 0
    outer loop
      vertex 108.428 0 104.855
      vertex 108.993 0 104.36
      vertex 108.647 0 104.785
    endloop
  endfacet
  facet normal 0 -1 -0
    outer loop
      vertex 106.306 0 104.911
      vertex 106.054 0 99.9576
      vertex 109.056 0 103.828
    endloop
  endfacet
  facet normal 0 -1 0
    outer loop
      vertex 104.458 0 106.992
      vertex 106.054 0 99.9576
      vertex 106.306 0 104.911
    endloop
  endfacet
  facet normal 0 -1 0
    outer loop
      vertex 104.458 0 97.8763
      vertex 106.054 0 99.9576
      vertex 104.458 0 106.992
    endloop
  endfacet
  facet normal 0 -1 -0
    outer loop
      vertex 106.054 0 99.9576
      vertex 104.458 0 97.8763
      vertex 106.054 0 97.8763
    endloop
  endfacet
  facet normal 0 -1 0
    outer loop
      vertex 95.7567 0 106.766
      vertex 101.544 0 106.992
      vertex 95.2152 0 107.024
    endloop
  endfacet
  facet normal 0 -1 0
    outer loop
      vertex 96.2315 0 106.405
      vertex 101.544 0 106.992
      vertex 95.7567 0 106.766
    endloop
  endfacet
  facet normal 0 -1 0
    outer loop
      vertex 96.6177 0 105.962
      vertex 101.544 0 106.992
      vertex 96.2315 0 106.405
    endloop
  endfacet
  facet normal 0 -1 0
    outer loop
      vertex 96.8936 0 105.457
      vertex 101.544 0 106.992
      vertex 96.6177 0 105.962
    endloop
  endfacet
  facet normal 0 -1 0
    outer loop
      vertex 97.0591 0 104.89
      vertex 101.544 0 106.992
      vertex 96.8936 0 105.457
    endloop
  endfacet
  facet normal 0 -1 0
    outer loop
      vertex 101.544 0 102.796
      vertex 97.0591 0 104.89
      vertex 97.1143 0 104.262
    endloop
  endfacet
  facet normal 0 -1 0
    outer loop
      vertex 101.544 0 102.796
      vertex 97.1143 0 104.262
      vertex 97.0454 0 103.514
    endloop
  endfacet
  facet normal 0 -1 0
    outer loop
      vertex 101.506 0 102.163
      vertex 97.0454 0 103.514
      vertex 96.8387 0 102.873
    endloop
  endfacet
  facet normal 0 -1 0
    outer loop
      vertex 97.0591 0 104.89
      vertex 101.544 0 102.796
      vertex 101.544 0 106.992
    endloop
  endfacet
  facet normal 0 -1 0
    outer loop
      vertex 101.203 0 101.131
      vertex 96.8387 0 102.873
      vertex 96.4941 0 102.339
    endloop
  endfacet
  facet normal 0 -1 0
    outer loop
      vertex 97.0454 0 103.514
      vertex 101.506 0 102.163
      vertex 101.544 0 102.796
    endloop
  endfacet
  facet normal 0 -1 0
    outer loop
      vertex 101.203 0 101.131
      vertex 96.4941 0 102.339
      vertex 96.0117 0 101.912
    endloop
  endfacet
  facet normal 0 -1 0
    outer loop
      vertex 96.8387 0 102.873
      vertex 101.393 0 101.608
      vertex 101.506 0 102.163
    endloop
  endfacet
  facet normal 0 -1 0
    outer loop
      vertex 101.203 0 101.131
      vertex 96.0117 0 101.912
      vertex 95.3818 0 101.584
    endloop
  endfacet
  facet normal 0 -1 0
    outer loop
      vertex 101.203 0 101.131
      vertex 95.3818 0 101.584
      vertex 94.5948 0 101.35
    endloop
  endfacet
  facet normal 0 -1 0
    outer loop
      vertex 101.203 0 101.131
      vertex 94.5948 0 101.35
      vertex 93.6506 0 101.21
    endloop
  endfacet
  facet normal 0 -1 0
    outer loop
      vertex 96.8387 0 102.873
      vertex 101.203 0 101.131
      vertex 101.393 0 101.608
    endloop
  endfacet
  facet normal 0 -1 0
    outer loop
      vertex 101.203 0 101.131
      vertex 93.6506 0 101.21
      vertex 92.5493 0 101.163
    endloop
  endfacet
  facet normal 0 -1 0
    outer loop
      vertex 149.366 0 106.913
      vertex 160.338 0 110.456
      vertex 148.379 0 107.151
    endloop
  endfacet
  facet normal 0 -1 0
    outer loop
      vertex 160.338 0 110.456
      vertex 156.515 0 107.147
      vertex 157.319 0 107.231
    endloop
  endfacet
  facet normal 0 -1 0
    outer loop
      vertex 155.786 0 106.896
      vertex 160.338 0 110.456
      vertex 149.366 0 106.913
    endloop
  endfacet
  facet normal 0 -1 0
    outer loop
      vertex 160.338 0 110.456
      vertex 155.786 0 106.896
      vertex 156.515 0 107.147
    endloop
  endfacet
  facet normal 0 -1 0
    outer loop
      vertex 150.224 0 106.517
      vertex 155.786 0 106.896
      vertex 149.366 0 106.913
    endloop
  endfacet
  facet normal 0 -1 0
    outer loop
      vertex 150.224 0 106.517
      vertex 155.132 0 106.478
      vertex 155.786 0 106.896
    endloop
  endfacet
  facet normal 0 -1 0
    outer loop
      vertex 150.954 0 105.961
      vertex 155.132 0 106.478
      vertex 150.224 0 106.517
    endloop
  endfacet
  facet normal 0 -1 0
    outer loop
      vertex 150.954 0 105.961
      vertex 154.553 0 105.892
      vertex 155.132 0 106.478
    endloop
  endfacet
  facet normal 0 -1 0
    outer loop
      vertex 151.536 0 105.265
      vertex 154.553 0 105.892
      vertex 150.954 0 105.961
    endloop
  endfacet
  facet normal 0 -1 0
    outer loop
      vertex 151.536 0 105.265
      vertex 154.079 0 105.175
      vertex 154.553 0 105.892
    endloop
  endfacet
  facet normal 0 -1 0
    outer loop
      vertex 151.952 0 104.448
      vertex 154.079 0 105.175
      vertex 151.536 0 105.265
    endloop
  endfacet
  facet normal 0 -1 0
    outer loop
      vertex 151.952 0 104.448
      vertex 153.741 0 104.361
      vertex 154.079 0 105.175
    endloop
  endfacet
  facet normal 0 -1 0
    outer loop
      vertex 152.201 0 103.508
      vertex 153.741 0 104.361
      vertex 151.952 0 104.448
    endloop
  endfacet
  facet normal 0 -1 0
    outer loop
      vertex 152.201 0 103.508
      vertex 153.538 0 103.452
      vertex 153.741 0 104.361
    endloop
  endfacet
  facet normal 0 -1 0
    outer loop
      vertex 152.284 0 102.446
      vertex 153.538 0 103.452
      vertex 152.201 0 103.508
    endloop
  endfacet
  facet normal 0 -1 0
    outer loop
      vertex 152.284 0 102.446
      vertex 153.47 0 102.446
      vertex 153.538 0 103.452
    endloop
  endfacet
  facet normal 0 -1 0
    outer loop
      vertex 152.284 0 102.446
      vertex 153.538 0 101.44
      vertex 153.47 0 102.446
    endloop
  endfacet
  facet normal 0 -1 0
    outer loop
      vertex 152.201 0 101.384
      vertex 153.538 0 101.44
      vertex 152.284 0 102.446
    endloop
  endfacet
  facet normal 0 -1 0
    outer loop
      vertex 152.201 0 101.384
      vertex 153.741 0 100.531
      vertex 153.538 0 101.44
    endloop
  endfacet
  facet normal 0 -1 0
    outer loop
      vertex 151.952 0 100.444
      vertex 153.741 0 100.531
      vertex 152.201 0 101.384
    endloop
  endfacet
  facet normal 0 -1 0
    outer loop
      vertex 151.952 0 100.444
      vertex 154.079 0 99.7172
      vertex 153.741 0 100.531
    endloop
  endfacet
  facet normal 0 -1 0
    outer loop
      vertex 151.536 0 99.6265
      vertex 154.079 0 99.7172
      vertex 151.952 0 100.444
    endloop
  endfacet
  facet normal 0 -1 0
    outer loop
      vertex 151.536 0 99.6265
      vertex 154.553 0 98.9999
      vertex 154.079 0 99.7172
    endloop
  endfacet
  facet normal 0 -1 0
    outer loop
      vertex 150.954 0 98.9308
      vertex 154.553 0 98.9999
      vertex 151.536 0 99.6265
    endloop
  endfacet
  facet normal 0 -1 0
    outer loop
      vertex 150.954 0 98.9308
      vertex 155.132 0 98.4143
      vertex 154.553 0 98.9999
    endloop
  endfacet
  facet normal 0 -1 0
    outer loop
      vertex 150.224 0 98.3754
      vertex 155.132 0 98.4143
      vertex 150.954 0 98.9308
    endloop
  endfacet
  facet normal 0 -1 0
    outer loop
      vertex 150.224 0 98.3754
      vertex 155.786 0 97.996
      vertex 155.132 0 98.4143
    endloop
  endfacet
  facet normal 0 -1 0
    outer loop
      vertex 149.366 0 97.9787
      vertex 155.786 0 97.996
      vertex 150.224 0 98.3754
    endloop
  endfacet
  facet normal 0 -1 0
    outer loop
      vertex 149.366 0 97.9787
      vertex 156.515 0 97.745
      vertex 155.786 0 97.996
    endloop
  endfacet
  facet normal 0 -1 0
    outer loop
      vertex 148.379 0 97.7406
      vertex 156.515 0 97.745
      vertex 149.366 0 97.9787
    endloop
  endfacet
  facet normal 0 -1 0
    outer loop
      vertex 140.419 0 94.3282
      vertex 148.379 0 97.7406
      vertex 147.264 0 97.6613
    endloop
  endfacet
  facet normal 0 -1 -0
    outer loop
      vertex 148.379 0 97.7406
      vertex 140.419 0 94.3282
      vertex 156.515 0 97.745
    endloop
  endfacet
  facet normal 0 -1 0
    outer loop
      vertex 133.95 0 106.992
      vertex 200 0 200
      vertex 126.667 0 107.152
    endloop
  endfacet
  facet normal 0 -1 0
    outer loop
      vertex 137.506 0 106.992
      vertex 200 0 200
      vertex 133.95 0 106.992
    endloop
  endfacet
  facet normal 0 -1 0
    outer loop
      vertex 133.95 0 106.992
      vertex 126.667 0 107.152
      vertex 130.418 0 106.992
    endloop
  endfacet
  facet normal 0 -1 0
    outer loop
      vertex 127.697 0 106.916
      vertex 130.418 0 106.992
      vertex 126.667 0 107.152
    endloop
  endfacet
  facet normal 0 -1 0
    outer loop
      vertex 128.59 0 106.523
      vertex 130.418 0 106.992
      vertex 127.697 0 106.916
    endloop
  endfacet
  facet normal 0 -1 0
    outer loop
      vertex 129.344 0 105.973
      vertex 130.418 0 106.992
      vertex 128.59 0 106.523
    endloop
  endfacet
  facet normal 0 -1 0
    outer loop
      vertex 129.944 0 105.282
      vertex 130.418 0 106.992
      vertex 129.344 0 105.973
    endloop
  endfacet
  facet normal 0 -1 0
    outer loop
      vertex 130.373 0 104.463
      vertex 130.418 0 106.992
      vertex 129.944 0 105.282
    endloop
  endfacet
  facet normal 0 -1 0
    outer loop
      vertex 135.219 0 102.06
      vertex 130.373 0 104.463
      vertex 130.63 0 103.518
    endloop
  endfacet
  facet normal 0 -1 0
    outer loop
      vertex 135.219 0 102.06
      vertex 130.63 0 103.518
      vertex 130.715 0 102.446
    endloop
  endfacet
  facet normal 0 -1 0
    outer loop
      vertex 130.373 0 104.463
      vertex 135.219 0 102.06
      vertex 130.418 0 106.992
    endloop
  endfacet
  facet normal 0 -1 0
    outer loop
      vertex 130.631 0 101.391
      vertex 135.219 0 102.06
      vertex 130.715 0 102.446
    endloop
  endfacet
  facet normal 0 -1 0
    outer loop
      vertex 130.379 0 100.454
      vertex 135.219 0 102.06
      vertex 130.631 0 101.391
    endloop
  endfacet
  facet normal 0 -1 0
    outer loop
      vertex 130.768 0 97.8763
      vertex 130.379 0 100.454
      vertex 129.958 0 99.6371
    endloop
  endfacet
  facet normal 0 -1 0
    outer loop
      vertex 130.768 0 97.8763
      vertex 129.958 0 99.6371
      vertex 129.369 0 98.9388
    endloop
  endfacet
  facet normal 0 -1 0
    outer loop
      vertex 130.768 0 97.8763
      vertex 129.369 0 98.9388
      vertex 128.632 0 98.3799
    endloop
  endfacet
  facet normal 0 -1 0
    outer loop
      vertex 130.379 0 100.454
      vertex 130.768 0 97.8763
      vertex 135.219 0 102.06
    endloop
  endfacet
  facet normal 0 -1 0
    outer loop
      vertex 127.769 0 97.9807
      vertex 130.768 0 97.8763
      vertex 128.632 0 98.3799
    endloop
  endfacet
  facet normal 0 -1 0
    outer loop
      vertex 137.506 0 94.3282
      vertex 130.768 0 97.8763
      vertex 126.779 0 97.7411
    endloop
  endfacet
  facet normal 0 -1 0
    outer loop
      vertex 126.779 0 97.7411
      vertex 130.768 0 97.8763
      vertex 127.769 0 97.9807
    endloop
  endfacet
  facet normal 0 -1 0
    outer loop
      vertex 200 0 200
      vertex 124.983 0 107.218
      vertex 125.499 0 107.231
    endloop
  endfacet
  facet normal 0 -1 0
    outer loop
      vertex 108.804 0 106.992
      vertex 200 0 200
      vertex 106.306 0 106.992
    endloop
  endfacet
  facet normal 0 -1 0
    outer loop
      vertex 101.544 0 106.992
      vertex 93.9325 0 107.231
      vertex 94.6072 0 107.179
    endloop
  endfacet
  facet normal 0 -1 0
    outer loop
      vertex 109.604 0 106.947
      vertex 200 0 200
      vertex 108.804 0 106.992
    endloop
  endfacet
  facet normal 0 -1 0
    outer loop
      vertex 200 0 200
      vertex 124.466 0 107.181
      vertex 124.983 0 107.218
    endloop
  endfacet
  facet normal 0 -1 0
    outer loop
      vertex 101.544 0 106.992
      vertex 94.6072 0 107.179
      vertex 95.2152 0 107.024
    endloop
  endfacet
  facet normal 0 -1 0
    outer loop
      vertex 200 0 200
      vertex 101.544 0 106.992
      vertex 104.458 0 106.992
    endloop
  endfacet
  facet normal 0 -1 0
    outer loop
      vertex 200 0 200
      vertex 104.458 0 106.992
      vertex 106.306 0 106.992
    endloop
  endfacet
  facet normal 0 -1 0
    outer loop
      vertex 200 0 200
      vertex 109.604 0 106.947
      vertex 124.466 0 107.181
    endloop
  endfacet
  facet normal 0 -1 0
    outer loop
      vertex 124.466 0 107.181
      vertex 109.604 0 106.947
      vertex 123.949 0 107.118
    endloop
  endfacet
  facet normal 0 -1 0
    outer loop
      vertex 123.949 0 107.118
      vertex 109.604 0 106.947
      vertex 123.432 0 107.031
    endloop
  endfacet
  facet normal 0 -1 0
    outer loop
      vertex 109.604 0 106.947
      vertex 122.916 0 106.919
      vertex 123.432 0 107.031
    endloop
  endfacet
  facet normal 0 -1 0
    outer loop
      vertex 110.278 0 106.812
      vertex 122.916 0 106.919
      vertex 109.604 0 106.947
    endloop
  endfacet
  facet normal 0 -1 0
    outer loop
      vertex 110.278 0 106.812
      vertex 122.399 0 106.783
      vertex 122.916 0 106.919
    endloop
  endfacet
  facet normal 0 -1 0
    outer loop
      vertex 110.278 0 106.812
      vertex 121.882 0 106.623
      vertex 122.399 0 106.783
    endloop
  endfacet
  facet normal 0 -1 0
    outer loop
      vertex 121.366 0 106.44
      vertex 110.278 0 106.812
      vertex 110.826 0 106.587
    endloop
  endfacet
  facet normal 0 -1 0
    outer loop
      vertex 110.278 0 106.812
      vertex 121.366 0 106.44
      vertex 121.882 0 106.623
    endloop
  endfacet
  facet normal 0 -1 0
    outer loop
      vertex 111.249 0 106.272
      vertex 121.366 0 106.44
      vertex 110.826 0 106.587
    endloop
  endfacet
  facet normal 0 -1 0
    outer loop
      vertex 111.564 0 105.85
      vertex 121.366 0 106.44
      vertex 111.249 0 106.272
    endloop
  endfacet
  facet normal 0 -1 0
    outer loop
      vertex 114.379 0 103.375
      vertex 111.564 0 105.85
      vertex 111.789 0 105.301
    endloop
  endfacet
  facet normal 0 -1 0
    outer loop
      vertex 114.379 0 103.375
      vertex 111.789 0 105.301
      vertex 111.924 0 104.627
    endloop
  endfacet
  facet normal 0 -1 0
    outer loop
      vertex 111.564 0 105.85
      vertex 114.379 0 103.375
      vertex 121.366 0 106.44
    endloop
  endfacet
  facet normal 0 -1 0
    outer loop
      vertex 114.379 0 103.375
      vertex 111.924 0 104.627
      vertex 111.969 0 103.828
    endloop
  endfacet
  facet normal 0 -1 0
    outer loop
      vertex 121.366 0 106.44
      vertex 114.379 0 103.375
      vertex 119.49 0 103.375
    endloop
  endfacet
  facet normal 0 -1 0
    outer loop
      vertex 120.934 0 103.245
      vertex 121.366 0 104.197
      vertex 119.49 0 103.375
    endloop
  endfacet
  facet normal 0 -1 -0
    outer loop
      vertex 121.366 0 106.44
      vertex 119.49 0 103.375
      vertex 121.366 0 104.197
    endloop
  endfacet
  facet normal 0 -1 0
    outer loop
      vertex 111.969 0 103.828
      vertex 114.379 0 101.01
      vertex 114.379 0 103.375
    endloop
  endfacet
  facet normal 0 -1 0
    outer loop
      vertex 113.418 0 97.8763
      vertex 119.49 0 101.01
      vertex 114.379 0 101.01
    endloop
  endfacet
  facet normal 0 -1 0
    outer loop
      vertex 111.969 0 99.9576
      vertex 114.379 0 101.01
      vertex 111.969 0 103.828
    endloop
  endfacet
  facet normal 0 -1 0
    outer loop
      vertex 113.418 0 99.9576
      vertex 114.379 0 101.01
      vertex 111.969 0 99.9576
    endloop
  endfacet
  facet normal 0 -1 0
    outer loop
      vertex 113.418 0 97.8763
      vertex 114.379 0 101.01
      vertex 113.418 0 99.9576
    endloop
  endfacet
  facet normal -0 -1 0
    outer loop
      vertex 121.66 0 99.6572
      vertex 119.49 0 101.01
      vertex 113.418 0 97.8763
    endloop
  endfacet
  facet normal 0 -1 0
    outer loop
      vertex 119.49 0 101.01
      vertex 121.66 0 99.6572
      vertex 121.257 0 100.468
    endloop
  endfacet
  facet normal 0 -1 -0
    outer loop
      vertex 121.66 0 99.6572
      vertex 113.418 0 97.8763
      vertex 122.224 0 98.9556
    endloop
  endfacet
  facet normal 0 -1 -0
    outer loop
      vertex 122.224 0 98.9556
      vertex 113.418 0 97.8763
      vertex 122.923 0 98.3894
    endloop
  endfacet
  facet normal 0 -1 -0
    outer loop
      vertex 122.923 0 98.3894
      vertex 113.418 0 97.8763
      vertex 123.728 0 97.9849
    endloop
  endfacet
  facet normal 0 -1 -0
    outer loop
      vertex 123.728 0 97.9849
      vertex 113.418 0 97.8763
      vertex 124.642 0 97.7422
    endloop
  endfacet
  facet normal 0 -1 0
    outer loop
      vertex 0 0 200
      vertex 93.4275 0 107.207
      vertex 93.9325 0 107.231
    endloop
  endfacet
  facet normal 0 -1 0
    outer loop
      vertex 87.8946 0 106.992
      vertex 82.2496 0 107.231
      vertex 83.0542 0 107.147
    endloop
  endfacet
  facet normal 0 -1 0
    outer loop
      vertex 82.2496 0 107.231
      vertex 87.8946 0 106.992
      vertex 93.4275 0 107.207
    endloop
  endfacet
  facet normal 0 -1 0
    outer loop
      vertex 90.8322 0 106.992
      vertex 93.4275 0 107.207
      vertex 87.8946 0 106.992
    endloop
  endfacet
  facet normal 0 -1 0
    outer loop
      vertex 93.4275 0 107.207
      vertex 90.8322 0 106.992
      vertex 92.9622 0 107.136
    endloop
  endfacet
  facet normal 0 -1 0
    outer loop
      vertex 83.7835 0 106.896
      vertex 87.8946 0 106.992
      vertex 83.0542 0 107.147
    endloop
  endfacet
  facet normal 0 -1 0
    outer loop
      vertex 84.4376 0 106.478
      vertex 87.8946 0 106.992
      vertex 83.7835 0 106.896
    endloop
  endfacet
  facet normal 0 -1 0
    outer loop
      vertex 85.0163 0 105.892
      vertex 87.8946 0 106.992
      vertex 84.4376 0 106.478
    endloop
  endfacet
  facet normal 0 -1 0
    outer loop
      vertex 85.4898 0 105.175
      vertex 87.8946 0 106.992
      vertex 85.0163 0 105.892
    endloop
  endfacet
  facet normal 0 -1 0
    outer loop
      vertex 85.828 0 104.361
      vertex 87.8946 0 106.992
      vertex 85.4898 0 105.175
    endloop
  endfacet
  facet normal 0 -1 0
    outer loop
      vertex 86.031 0 103.452
      vertex 87.8946 0 106.992
      vertex 85.828 0 104.361
    endloop
  endfacet
  facet normal 0 -1 0
    outer loop
      vertex 87.8946 0 101.799
      vertex 86.031 0 103.452
      vertex 86.0986 0 102.446
    endloop
  endfacet
  facet normal 0 -1 0
    outer loop
      vertex 86.031 0 103.452
      vertex 87.8946 0 101.799
      vertex 87.8946 0 106.992
    endloop
  endfacet
  facet normal 0 -1 0
    outer loop
      vertex 86.031 0 101.44
      vertex 87.8946 0 101.799
      vertex 86.0986 0 102.446
    endloop
  endfacet
  facet normal 0 -1 0
    outer loop
      vertex 86.031 0 101.44
      vertex 87.963 0 100.78
      vertex 87.8946 0 101.799
    endloop
  endfacet
  facet normal 0 -1 0
    outer loop
      vertex 85.828 0 100.531
      vertex 87.963 0 100.78
      vertex 86.031 0 101.44
    endloop
  endfacet
  facet normal 0 -1 0
    outer loop
      vertex 85.828 0 100.531
      vertex 88.1682 0 99.9124
      vertex 87.963 0 100.78
    endloop
  endfacet
  facet normal 0 -1 0
    outer loop
      vertex 85.4898 0 99.7172
      vertex 88.1682 0 99.9124
      vertex 85.828 0 100.531
    endloop
  endfacet
  facet normal 0 -1 0
    outer loop
      vertex 85.4898 0 99.7172
      vertex 88.5102 0 99.1974
      vertex 88.1682 0 99.9124
    endloop
  endfacet
  facet normal 0 -1 0
    outer loop
      vertex 85.0163 0 98.9999
      vertex 88.5102 0 99.1974
      vertex 85.4898 0 99.7172
    endloop
  endfacet
  facet normal 0 -1 0
    outer loop
      vertex 85.0163 0 98.9999
      vertex 88.9891 0 98.6346
      vertex 88.5102 0 99.1974
    endloop
  endfacet
  facet normal 0 -1 0
    outer loop
      vertex 84.4376 0 98.4143
      vertex 88.9891 0 98.6346
      vertex 85.0163 0 98.9999
    endloop
  endfacet
  facet normal 0 -1 0
    outer loop
      vertex 84.4376 0 98.4143
      vertex 89.6221 0 98.2088
      vertex 88.9891 0 98.6346
    endloop
  endfacet
  facet normal 0 -1 0
    outer loop
      vertex 83.7835 0 97.996
      vertex 89.6221 0 98.2088
      vertex 84.4376 0 98.4143
    endloop
  endfacet
  facet normal 0 -1 0
    outer loop
      vertex 83.7835 0 97.996
      vertex 90.4264 0 97.9046
      vertex 89.6221 0 98.2088
    endloop
  endfacet
  facet normal 0 -1 0
    outer loop
      vertex 79.2469 0 94.3282
      vertex 83.7835 0 97.996
      vertex 83.0542 0 97.745
    endloop
  endfacet
  facet normal 0 -1 -0
    outer loop
      vertex 83.7835 0 97.996
      vertex 79.2469 0 94.3282
      vertex 90.4264 0 97.9046
    endloop
  endfacet
  facet normal 0 -1 0
    outer loop
      vertex 79.2469 0 94.3282
      vertex 83.0542 0 97.745
      vertex 82.2496 0 97.6613
    endloop
  endfacet
  facet normal 0 -1 -0
    outer loop
      vertex 90.4264 0 97.9046
      vertex 79.2469 0 94.3282
      vertex 91.4021 0 97.7221
    endloop
  endfacet
  facet normal 0 -1 0
    outer loop
      vertex 0 0 200
      vertex 81.7878 0 107.207
      vertex 82.2496 0 107.231
    endloop
  endfacet
  facet normal 0 -1 0
    outer loop
      vertex 70.4323 0 107.152
      vertex 81.7878 0 107.207
      vertex 69.2643 0 107.231
    endloop
  endfacet
  facet normal 0 -1 0
    outer loop
      vertex 76.3174 0 106.992
      vertex 81.7878 0 107.207
      vertex 70.4323 0 107.152
    endloop
  endfacet
  facet normal 0 -1 0
    outer loop
      vertex 79.2469 0 106.992
      vertex 81.7878 0 107.207
      vertex 76.3174 0 106.992
    endloop
  endfacet
  facet normal 0 -1 0
    outer loop
      vertex 81.7878 0 107.207
      vertex 79.2469 0 106.992
      vertex 81.3545 0 107.137
    endloop
  endfacet
  facet normal 0 -1 0
    outer loop
      vertex 71.4624 0 106.916
      vertex 76.3174 0 106.992
      vertex 70.4323 0 107.152
    endloop
  endfacet
  facet normal 0 -1 0
    outer loop
      vertex 72.3547 0 106.523
      vertex 76.3174 0 106.992
      vertex 71.4624 0 106.916
    endloop
  endfacet
  facet normal 0 -1 0
    outer loop
      vertex 73.1092 0 105.973
      vertex 76.3174 0 106.992
      vertex 72.3547 0 106.523
    endloop
  endfacet
  facet normal 0 -1 0
    outer loop
      vertex 73.7091 0 105.282
      vertex 76.3174 0 106.992
      vertex 73.1092 0 105.973
    endloop
  endfacet
  facet normal 0 -1 0
    outer loop
      vertex 74.1376 0 104.463
      vertex 76.3174 0 106.992
      vertex 73.7091 0 105.282
    endloop
  endfacet
  facet normal 0 -1 0
    outer loop
      vertex 74.3947 0 103.518
      vertex 76.3174 0 106.992
      vertex 74.1376 0 104.463
    endloop
  endfacet
  facet normal 0 -1 0
    outer loop
      vertex 74.4803 0 102.446
      vertex 76.3174 0 106.992
      vertex 74.3947 0 103.518
    endloop
  endfacet
  facet normal 0 -1 0
    outer loop
      vertex 74.3962 0 101.391
      vertex 76.3174 0 106.992
      vertex 74.4803 0 102.446
    endloop
  endfacet
  facet normal 0 -1 0
    outer loop
      vertex 76.3174 0 94.3282
      vertex 74.3962 0 101.391
      vertex 74.1437 0 100.454
    endloop
  endfacet
  facet normal 0 -1 0
    outer loop
      vertex 74.3962 0 101.391
      vertex 76.3174 0 94.3282
      vertex 76.3174 0 106.992
    endloop
  endfacet
  facet normal 0 -1 0
    outer loop
      vertex 73.7228 0 99.6371
      vertex 76.3174 0 94.3282
      vertex 74.1437 0 100.454
    endloop
  endfacet
  facet normal 0 -1 0
    outer loop
      vertex 73.1336 0 98.9388
      vertex 76.3174 0 94.3282
      vertex 73.7228 0 99.6371
    endloop
  endfacet
  facet normal 0 -1 0
    outer loop
      vertex 72.3969 0 98.3799
      vertex 76.3174 0 94.3282
      vertex 73.1336 0 98.9388
    endloop
  endfacet
  facet normal 0 -1 0
    outer loop
      vertex 71.5336 0 97.9807
      vertex 76.3174 0 94.3282
      vertex 72.3969 0 98.3799
    endloop
  endfacet
  facet normal 0 -1 0
    outer loop
      vertex 70.5436 0 97.7411
      vertex 76.3174 0 94.3282
      vertex 71.5336 0 97.9807
    endloop
  endfacet
  facet normal 0 -1 0
    outer loop
      vertex 76.3174 0 94.3282
      vertex 70.5436 0 97.7411
      vertex 69.427 0 97.6613
    endloop
  endfacet
  facet normal 0 -1 0
    outer loop
      vertex 0 0 200
      vertex 68.7475 0 107.218
      vertex 69.2643 0 107.231
    endloop
  endfacet
  facet normal 0 -1 0
    outer loop
      vertex 62.4569 0 106.992
      vertex 0 0 200
      vertex 59.5275 0 106.992
    endloop
  endfacet
  facet normal 0 -1 0
    outer loop
      vertex 0 0 200
      vertex 53.2104 0 107.152
      vertex 59.5275 0 106.992
    endloop
  endfacet
  facet normal 0 -1 0
    outer loop
      vertex 0 0 200
      vertex 62.4569 0 106.992
      vertex 68.7475 0 107.218
    endloop
  endfacet
  facet normal 0 -1 0
    outer loop
      vertex 68.7475 0 107.218
      vertex 62.4569 0 106.992
      vertex 68.2308 0 107.181
    endloop
  endfacet
  facet normal 0 -1 0
    outer loop
      vertex 68.2308 0 107.181
      vertex 62.4569 0 106.992
      vertex 67.714 0 107.118
    endloop
  endfacet
  facet normal 0 -1 0
    outer loop
      vertex 54.2405 0 106.916
      vertex 59.5275 0 106.992
      vertex 53.2104 0 107.152
    endloop
  endfacet
  facet normal 0 -1 0
    outer loop
      vertex 55.1328 0 106.523
      vertex 59.5275 0 106.992
      vertex 54.2405 0 106.916
    endloop
  endfacet
  facet normal 0 -1 0
    outer loop
      vertex 55.8874 0 105.973
      vertex 59.5275 0 106.992
      vertex 55.1328 0 106.523
    endloop
  endfacet
  facet normal 0 -1 0
    outer loop
      vertex 56.4872 0 105.282
      vertex 59.5275 0 106.992
      vertex 55.8874 0 105.973
    endloop
  endfacet
  facet normal 0 -1 0
    outer loop
      vertex 56.9157 0 104.463
      vertex 59.5275 0 106.992
      vertex 56.4872 0 105.282
    endloop
  endfacet
  facet normal 0 -1 0
    outer loop
      vertex 56.9157 0 104.463
      vertex 59.5275 0 103.844
      vertex 59.5275 0 106.992
    endloop
  endfacet
  facet normal 0 -1 0
    outer loop
      vertex 57.1743 0 101.391
      vertex 59.5275 0 103.844
      vertex 57.2585 0 102.446
    endloop
  endfacet
  facet normal 0 -1 0
    outer loop
      vertex 57.1728 0 103.518
      vertex 59.5275 0 103.844
      vertex 56.9157 0 104.463
    endloop
  endfacet
  facet normal 0 -1 0
    outer loop
      vertex 57.2585 0 102.446
      vertex 59.5275 0 103.844
      vertex 57.1728 0 103.518
    endloop
  endfacet
  facet normal 0 -1 0
    outer loop
      vertex 62.4569 0 103.844
      vertex 64.6992 0 103.245
      vertex 71.4243 0 103.725
    endloop
  endfacet
  facet normal 0 -1 -0
    outer loop
      vertex 71.4243 0 103.725
      vertex 64.6992 0 103.245
      vertex 71.5102 0 103.245
    endloop
  endfacet
  facet normal 0 -1 0
    outer loop
      vertex 0 0 200
      vertex 51.5257 0 107.218
      vertex 52.0424 0 107.231
    endloop
  endfacet
  facet normal 0 -1 0
    outer loop
      vertex 42.4032 0 107.231
      vertex 51.0089 0 107.181
      vertex 51.5257 0 107.218
    endloop
  endfacet
  facet normal 0 -1 0
    outer loop
      vertex 43.1455 0 107.17
      vertex 51.0089 0 107.181
      vertex 42.4032 0 107.231
    endloop
  endfacet
  facet normal 0 -1 0
    outer loop
      vertex 43.1455 0 107.17
      vertex 50.4922 0 107.118
      vertex 51.0089 0 107.181
    endloop
  endfacet
  facet normal 0 -1 0
    outer loop
      vertex 43.1455 0 107.17
      vertex 49.9754 0 107.031
      vertex 50.4922 0 107.118
    endloop
  endfacet
  facet normal 0 -1 0
    outer loop
      vertex 49.4587 0 106.919
      vertex 43.1455 0 107.17
      vertex 43.7937 0 106.988
    endloop
  endfacet
  facet normal 0 -1 0
    outer loop
      vertex 43.1455 0 107.17
      vertex 49.4587 0 106.919
      vertex 49.9754 0 107.031
    endloop
  endfacet
  facet normal 0 -1 0
    outer loop
      vertex 43.7937 0 106.988
      vertex 48.942 0 106.783
      vertex 49.4587 0 106.919
    endloop
  endfacet
  facet normal 0 -1 0
    outer loop
      vertex 47.9086 0 106.44
      vertex 43.7937 0 106.988
      vertex 44.3478 0 106.686
    endloop
  endfacet
  facet normal 0 -1 0
    outer loop
      vertex 43.7937 0 106.988
      vertex 48.4253 0 106.623
      vertex 48.942 0 106.783
    endloop
  endfacet
  facet normal 0 -1 0
    outer loop
      vertex 43.7937 0 106.988
      vertex 47.9086 0 106.44
      vertex 48.4253 0 106.623
    endloop
  endfacet
  facet normal 0 -1 0
    outer loop
      vertex 44.8078 0 106.262
      vertex 47.9086 0 106.44
      vertex 44.3478 0 106.686
    endloop
  endfacet
  facet normal 0 -1 0
    outer loop
      vertex 45.1692 0 105.723
      vertex 47.9086 0 106.44
      vertex 44.8078 0 106.262
    endloop
  endfacet
  facet normal 0 -1 0
    outer loop
      vertex 45.4273 0 105.074
      vertex 47.9086 0 106.44
      vertex 45.1692 0 105.723
    endloop
  endfacet
  facet normal 0 -1 0
    outer loop
      vertex 47.9086 0 104.197
      vertex 45.4273 0 105.074
      vertex 45.5822 0 104.315
    endloop
  endfacet
  facet normal 0 -1 0
    outer loop
      vertex 45.4273 0 105.074
      vertex 47.9086 0 104.197
      vertex 47.9086 0 106.44
    endloop
  endfacet
  facet normal 0 -1 0
    outer loop
      vertex 52.787 0 105.167
      vertex 54.2024 0 103.725
      vertex 54.0503 0 104.142
    endloop
  endfacet
  facet normal 0 -1 0
    outer loop
      vertex 47.4773 0 103.245
      vertex 47.9086 0 104.197
      vertex 45.5822 0 104.315
    endloop
  endfacet
  facet normal 0 -1 0
    outer loop
      vertex 47.4773 0 103.245
      vertex 45.5822 0 104.315
      vertex 45.6338 0 103.447
    endloop
  endfacet
  facet normal 0 -1 -0
    outer loop
      vertex 48.4139 0 104.456
      vertex 47.4773 0 103.245
      vertex 54.2884 0 103.245
    endloop
  endfacet
  facet normal 0 -1 0
    outer loop
      vertex 48.4139 0 104.456
      vertex 54.2884 0 103.245
      vertex 54.2024 0 103.725
    endloop
  endfacet
  facet normal 0 -1 0
    outer loop
      vertex 93.9325 0 107.231
      vertex 200 0 200
      vertex 0 0 200
    endloop
  endfacet
  facet normal 0 -1 0
    outer loop
      vertex 51.5257 0 107.218
      vertex 0 0 200
      vertex 42.4032 0 107.231
    endloop
  endfacet
  facet normal 0 -1 0
    outer loop
      vertex 0 0 200
      vertex 41.9691 0 107.207
      vertex 42.4032 0 107.231
    endloop
  endfacet
  facet normal 0 -1 0
    outer loop
      vertex 36.471 0 106.992
      vertex 41.9691 0 107.207
      vertex 0 0 200
    endloop
  endfacet
  facet normal 0 -1 0
    outer loop
      vertex 39.3842 0 106.992
      vertex 41.9691 0 107.207
      vertex 36.471 0 106.992
    endloop
  endfacet
  facet normal 0 -1 0
    outer loop
      vertex 41.9691 0 107.207
      vertex 39.3842 0 106.992
      vertex 41.5539 0 107.136
    endloop
  endfacet
  facet normal 0 -1 0
    outer loop
      vertex 0 0 200
      vertex 36.471 0 97.8763
      vertex 36.471 0 106.992
    endloop
  endfacet
  facet normal 0 -1 0
    outer loop
      vertex 0 0 0
      vertex 39.3842 0 97.8763
      vertex 36.471 0 97.8763
    endloop
  endfacet
  facet normal 0 -1 -0
    outer loop
      vertex 39.3842 0 97.8763
      vertex 0 0 0
      vertex 42.7043 0 97.8763
    endloop
  endfacet
  facet normal 0 -1 -0
    outer loop
      vertex 42.7043 0 97.8763
      vertex 0 0 0
      vertex 45.6338 0 97.8763
    endloop
  endfacet
  facet normal 0 -1 -0
    outer loop
      vertex 45.6338 0 97.8763
      vertex 0 0 0
      vertex 51.1846 0 97.7422
    endloop
  endfacet
  facet normal 0 -1 0
    outer loop
      vertex 68.4065 0 97.7422
      vertex 76.3174 0 94.3282
      vertex 69.427 0 97.6613
    endloop
  endfacet
  facet normal 0 -1 -0
    outer loop
      vertex 51.1846 0 97.7422
      vertex 0 0 0
      vertex 52.2052 0 97.6613
    endloop
  endfacet
  facet normal 0 -1 0
    outer loop
      vertex 0 0 0
      vertex 79.2469 0 94.3282
      vertex 76.3174 0 94.3282
    endloop
  endfacet
  facet normal 0 -1 0
    outer loop
      vertex 79.2469 0 94.3282
      vertex 200 0 0
      vertex 137.506 0 94.3282
    endloop
  endfacet
  facet normal 0 -1 -0
    outer loop
      vertex 79.2469 0 94.3282
      vertex 0 0 0
      vertex 200 0 0
    endloop
  endfacet
  facet normal 0 -1 -0
    outer loop
      vertex 52.2052 0 97.6613
      vertex 0 0 0
      vertex 76.3174 0 94.3282
    endloop
  endfacet
  facet normal 0 -1 0
    outer loop
      vertex 0 0 0
      vertex 36.471 0 97.8763
      vertex 0 0 200
    endloop
  endfacet
  facet normal 0 -1 0
    outer loop
      vertex 163.252 0 110.456
      vertex 200 0 200
      vertex 160.338 0 110.456
    endloop
  endfacet
  facet normal 0 -1 0
    outer loop
      vertex 163.252 0 97.8763
      vertex 200 0 200
      vertex 163.252 0 110.456
    endloop
  endfacet
  facet normal 0 -1 0
    outer loop
      vertex 157.782 0 97.6849
      vertex 160.338 0 97.8763
      vertex 158.217 0 97.7558
    endloop
  endfacet
  facet normal 0 -1 -0
    outer loop
      vertex 160.338 0 97.8763
      vertex 157.782 0 97.6849
      vertex 163.252 0 97.8763
    endloop
  endfacet
  facet normal 0 -1 0
    outer loop
      vertex 200 0 0
      vertex 157.782 0 97.6849
      vertex 157.319 0 97.6613
    endloop
  endfacet
  facet normal 0 -1 0
    outer loop
      vertex 200 0 0
      vertex 157.319 0 97.6613
      vertex 140.419 0 94.3282
    endloop
  endfacet
  facet normal 0 -1 0
    outer loop
      vertex 137.506 0 94.3282
      vertex 200 0 0
      vertex 140.419 0 94.3282
    endloop
  endfacet
  facet normal 0 -1 0
    outer loop
      vertex 163.252 0 97.8763
      vertex 200 0 0
      vertex 200 0 200
    endloop
  endfacet
  facet normal 0 -1 0
    outer loop
      vertex 157.782 0 97.6849
      vertex 200 0 0
      vertex 163.252 0 97.8763
    endloop
  endfacet
  facet normal 0 -1 0
    outer loop
      vertex 53.2104 0 107.152
      vertex 0 0 200
      vertex 52.0424 0 107.231
    endloop
  endfacet
  facet normal 0 -1 0
    outer loop
      vertex 81.7878 0 107.207
      vertex 0 0 200
      vertex 69.2643 0 107.231
    endloop
  endfacet
  facet normal 0 -1 0
    outer loop
      vertex 93.4275 0 107.207
      vertex 0 0 200
      vertex 82.2496 0 107.231
    endloop
  endfacet
  facet normal 0 -1 0
    outer loop
      vertex 101.544 0 106.992
      vertex 200 0 200
      vertex 93.9325 0 107.231
    endloop
  endfacet
  facet normal 0 -1 0
    outer loop
      vertex 126.667 0 107.152
      vertex 200 0 200
      vertex 125.499 0 107.231
    endloop
  endfacet
  facet normal 0 -1 0
    outer loop
      vertex 200 0 200
      vertex 147.264 0 107.231
      vertex 160.338 0 110.456
    endloop
  endfacet
  facet normal 0 -1 0
    outer loop
      vertex 148.379 0 107.151
      vertex 160.338 0 110.456
      vertex 147.264 0 107.231
    endloop
  endfacet
  facet normal 0 -1 0
    outer loop
      vertex 157.782 0 107.207
      vertex 160.338 0 110.456
      vertex 157.319 0 107.231
    endloop
  endfacet
  facet normal 0 -1 0
    outer loop
      vertex 158.217 0 107.136
      vertex 160.338 0 110.456
      vertex 157.782 0 107.207
    endloop
  endfacet
  facet normal 0 -1 0
    outer loop
      vertex 158.624 0 107.018
      vertex 160.338 0 110.456
      vertex 158.217 0 107.136
    endloop
  endfacet
  facet normal 0 -1 0
    outer loop
      vertex 159.004 0 106.853
      vertex 160.338 0 110.456
      vertex 158.624 0 107.018
    endloop
  endfacet
  facet normal 0 -1 0
    outer loop
      vertex 159.362 0 106.638
      vertex 160.338 0 110.456
      vertex 159.004 0 106.853
    endloop
  endfacet
  facet normal 0 -1 0
    outer loop
      vertex 159.704 0 106.371
      vertex 160.338 0 110.456
      vertex 159.362 0 106.638
    endloop
  endfacet
  facet normal 0 -1 0
    outer loop
      vertex 160.029 0 106.051
      vertex 160.338 0 110.456
      vertex 159.704 0 106.371
    endloop
  endfacet
  facet normal 0 -1 -0
    outer loop
      vertex 160.338 0 110.456
      vertex 160.029 0 106.051
      vertex 160.338 0 105.679
    endloop
  endfacet
  facet normal 0 -1 0
    outer loop
      vertex 41.5539 0 107.136
      vertex 39.3842 0 106.992
      vertex 41.1574 0 107.018
    endloop
  endfacet
  facet normal 0 -1 0
    outer loop
      vertex 39.3842 0 106.992
      vertex 40.7798 0 106.853
      vertex 41.1574 0 107.018
    endloop
  endfacet
  facet normal 0 -1 0
    outer loop
      vertex 39.3842 0 106.992
      vertex 40.4164 0 106.638
      vertex 40.7798 0 106.853
    endloop
  endfacet
  facet normal 0 -1 0
    outer loop
      vertex 39.3842 0 106.992
      vertex 40.0627 0 106.371
      vertex 40.4164 0 106.638
    endloop
  endfacet
  facet normal 0 -1 0
    outer loop
      vertex 39.3842 0 106.992
      vertex 39.7186 0 106.051
      vertex 40.0627 0 106.371
    endloop
  endfacet
  facet normal -0 -1 0
    outer loop
      vertex 39.7186 0 106.051
      vertex 39.3842 0 106.992
      vertex 39.3842 0 105.679
    endloop
  endfacet
  facet normal 0 -1 0
    outer loop
      vertex 67.714 0 107.118
      vertex 62.4569 0 106.992
      vertex 67.1973 0 107.031
    endloop
  endfacet
  facet normal 0 -1 0
    outer loop
      vertex 62.4569 0 106.992
      vertex 66.6806 0 106.919
      vertex 67.1973 0 107.031
    endloop
  endfacet
  facet normal 0 -1 0
    outer loop
      vertex 62.4569 0 106.992
      vertex 66.1639 0 106.783
      vertex 66.6806 0 106.919
    endloop
  endfacet
  facet normal 0 -1 0
    outer loop
      vertex 62.4569 0 106.992
      vertex 65.6472 0 106.623
      vertex 66.1639 0 106.783
    endloop
  endfacet
  facet normal 0 -1 0
    outer loop
      vertex 62.4569 0 106.992
      vertex 65.1304 0 106.44
      vertex 65.6472 0 106.623
    endloop
  endfacet
  facet normal 0 -1 0
    outer loop
      vertex 62.4569 0 103.844
      vertex 65.1304 0 106.44
      vertex 62.4569 0 106.992
    endloop
  endfacet
  facet normal 0 -1 -0
    outer loop
      vertex 65.1304 0 106.44
      vertex 62.4569 0 103.844
      vertex 65.1304 0 104.197
    endloop
  endfacet
  facet normal 0 -1 0
    outer loop
      vertex 71.4243 0 103.725
      vertex 65.1304 0 104.197
      vertex 62.4569 0 103.844
    endloop
  endfacet
  facet normal 0 -1 0
    outer loop
      vertex 65.1304 0 104.197
      vertex 71.4243 0 103.725
      vertex 71.2722 0 104.142
    endloop
  endfacet
  facet normal 0 -1 0
    outer loop
      vertex 81.3545 0 107.137
      vertex 79.2469 0 106.992
      vertex 80.9497 0 107.02
    endloop
  endfacet
  facet normal 0 -1 0
    outer loop
      vertex 79.2469 0 106.992
      vertex 80.5733 0 106.857
      vertex 80.9497 0 107.02
    endloop
  endfacet
  facet normal 0 -1 0
    outer loop
      vertex 79.2469 0 106.992
      vertex 80.2188 0 106.643
      vertex 80.5733 0 106.857
    endloop
  endfacet
  facet normal 0 -1 0
    outer loop
      vertex 79.2469 0 106.992
      vertex 79.8795 0 106.376
      vertex 80.2188 0 106.643
    endloop
  endfacet
  facet normal 0 -1 0
    outer loop
      vertex 79.2469 0 106.992
      vertex 79.5556 0 106.054
      vertex 79.8795 0 106.376
    endloop
  endfacet
  facet normal -0 -1 0
    outer loop
      vertex 79.5556 0 106.054
      vertex 79.2469 0 106.992
      vertex 79.2469 0 105.679
    endloop
  endfacet
  facet normal 0 -1 0
    outer loop
      vertex 92.9622 0 107.136
      vertex 90.8322 0 106.992
      vertex 92.5365 0 107.017
    endloop
  endfacet
  facet normal 0 -1 0
    outer loop
      vertex 90.8322 0 106.992
      vertex 92.1505 0 106.851
      vertex 92.5365 0 107.017
    endloop
  endfacet
  facet normal 0 -1 0
    outer loop
      vertex 90.8322 0 106.992
      vertex 91.7934 0 106.634
      vertex 92.1505 0 106.851
    endloop
  endfacet
  facet normal 0 -1 0
    outer loop
      vertex 90.8322 0 106.992
      vertex 91.4547 0 106.359
      vertex 91.7934 0 106.634
    endloop
  endfacet
  facet normal 0 -1 0
    outer loop
      vertex 90.8322 0 106.992
      vertex 91.1343 0 106.028
      vertex 91.4547 0 106.359
    endloop
  endfacet
  facet normal -0 -1 0
    outer loop
      vertex 91.1343 0 106.028
      vertex 90.8322 0 106.992
      vertex 90.8322 0 105.641
    endloop
  endfacet
  facet normal 0 -1 0
    outer loop
      vertex 140.419 0 106.992
      vertex 200 0 200
      vertex 137.506 0 106.992
    endloop
  endfacet
  facet normal 0 -1 0
    outer loop
      vertex 200 0 200
      vertex 140.419 0 106.992
      vertex 147.264 0 107.231
    endloop
  endfacet
  facet normal 0 -1 0
    outer loop
      vertex 147.264 0 107.231
      vertex 140.419 0 106.992
      vertex 146.152 0 107.151
    endloop
  endfacet
  facet normal 0 -1 0
    outer loop
      vertex 140.419 0 106.992
      vertex 145.169 0 106.913
      vertex 146.152 0 107.151
    endloop
  endfacet
  facet normal 0 -1 0
    outer loop
      vertex 140.419 0 106.992
      vertex 144.315 0 106.517
      vertex 145.169 0 106.913
    endloop
  endfacet
  facet normal 0 -1 0
    outer loop
      vertex 140.419 0 106.992
      vertex 143.59 0 105.961
      vertex 144.315 0 106.517
    endloop
  endfacet
  facet normal 0 -1 0
    outer loop
      vertex 140.419 0 106.992
      vertex 143.011 0 105.265
      vertex 143.59 0 105.961
    endloop
  endfacet
  facet normal 0 -1 0
    outer loop
      vertex 140.419 0 106.992
      vertex 142.598 0 104.448
      vertex 143.011 0 105.265
    endloop
  endfacet
  facet normal 0 -1 0
    outer loop
      vertex 140.419 0 106.992
      vertex 142.35 0 103.508
      vertex 142.598 0 104.448
    endloop
  endfacet
  facet normal 0 -1 0
    outer loop
      vertex 140.419 0 106.992
      vertex 142.267 0 102.446
      vertex 142.35 0 103.508
    endloop
  endfacet
  facet normal 0 -1 0
    outer loop
      vertex 140.419 0 106.992
      vertex 142.35 0 101.384
      vertex 142.267 0 102.446
    endloop
  endfacet
  facet normal 0 -1 0
    outer loop
      vertex 140.419 0 94.3282
      vertex 142.35 0 101.384
      vertex 140.419 0 106.992
    endloop
  endfacet
  facet normal 0 -1 -0
    outer loop
      vertex 156.515 0 97.745
      vertex 140.419 0 94.3282
      vertex 157.319 0 97.6613
    endloop
  endfacet
  facet normal 0 -1 -0
    outer loop
      vertex 146.152 0 97.7406
      vertex 140.419 0 94.3282
      vertex 147.264 0 97.6613
    endloop
  endfacet
  facet normal 0 -1 -0
    outer loop
      vertex 145.169 0 97.9787
      vertex 140.419 0 94.3282
      vertex 146.152 0 97.7406
    endloop
  endfacet
  facet normal 0 -1 -0
    outer loop
      vertex 144.315 0 98.3754
      vertex 140.419 0 94.3282
      vertex 145.169 0 97.9787
    endloop
  endfacet
  facet normal 0 -1 -0
    outer loop
      vertex 143.59 0 98.9308
      vertex 140.419 0 94.3282
      vertex 144.315 0 98.3754
    endloop
  endfacet
  facet normal 0 -1 -0
    outer loop
      vertex 143.011 0 99.6265
      vertex 140.419 0 94.3282
      vertex 143.59 0 98.9308
    endloop
  endfacet
  facet normal 0 -1 -0
    outer loop
      vertex 142.598 0 100.444
      vertex 140.419 0 94.3282
      vertex 143.011 0 99.6265
    endloop
  endfacet
  facet normal 0 -1 -0
    outer loop
      vertex 142.35 0 101.384
      vertex 140.419 0 94.3282
      vertex 142.598 0 100.444
    endloop
  endfacet
  facet normal 0 -1 0
    outer loop
      vertex 54.2024 0 103.725
      vertex 51.7739 0 105.295
      vertex 51.3113 0 105.278
    endloop
  endfacet
  facet normal 0 -1 0
    outer loop
      vertex 54.2024 0 103.725
      vertex 51.3113 0 105.278
      vertex 50.8432 0 105.227
    endloop
  endfacet
  facet normal 0 -1 0
    outer loop
      vertex 54.2024 0 103.725
      vertex 52.312 0 105.263
      vertex 51.7739 0 105.295
    endloop
  endfacet
  facet normal 0 -1 0
    outer loop
      vertex 54.2024 0 103.725
      vertex 50.8432 0 105.227
      vertex 50.3694 0 105.142
    endloop
  endfacet
  facet normal 0 -1 0
    outer loop
      vertex 54.2024 0 103.725
      vertex 50.3694 0 105.142
      vertex 49.8901 0 105.023
    endloop
  endfacet
  facet normal 0 -1 0
    outer loop
      vertex 54.2024 0 103.725
      vertex 52.787 0 105.167
      vertex 52.312 0 105.263
    endloop
  endfacet
  facet normal 0 -1 0
    outer loop
      vertex 54.2024 0 103.725
      vertex 49.8901 0 105.023
      vertex 49.4046 0 104.869
    endloop
  endfacet
  facet normal 0 -1 0
    outer loop
      vertex 52.787 0 105.167
      vertex 54.0503 0 104.142
      vertex 53.199 0 105.007
    endloop
  endfacet
  facet normal 0 -1 0
    outer loop
      vertex 54.2024 0 103.725
      vertex 49.4046 0 104.869
      vertex 48.9126 0 104.68
    endloop
  endfacet
  facet normal 0 -1 0
    outer loop
      vertex 53.199 0 105.007
      vertex 54.0503 0 104.142
      vertex 53.5478 0 104.783
    endloop
  endfacet
  facet normal 0 -1 0
    outer loop
      vertex 54.2024 0 103.725
      vertex 48.9126 0 104.68
      vertex 48.4139 0 104.456
    endloop
  endfacet
  facet normal 0 -1 0
    outer loop
      vertex 47.4773 0 103.245
      vertex 48.4139 0 104.456
      vertex 47.9086 0 104.197
    endloop
  endfacet
  facet normal 0 -1 0
    outer loop
      vertex 53.5478 0 104.783
      vertex 54.0503 0 104.142
      vertex 53.8321 0 104.494
    endloop
  endfacet
  facet normal 0 -1 0
    outer loop
      vertex 71.2722 0 104.142
      vertex 68.9958 0 105.295
      vertex 68.5332 0 105.278
    endloop
  endfacet
  facet normal 0 -1 0
    outer loop
      vertex 71.2722 0 104.142
      vertex 68.5332 0 105.278
      vertex 68.065 0 105.227
    endloop
  endfacet
  facet normal 0 -1 0
    outer loop
      vertex 68.9958 0 105.295
      vertex 71.2722 0 104.142
      vertex 69.5339 0 105.263
    endloop
  endfacet
  facet normal 0 -1 0
    outer loop
      vertex 71.2722 0 104.142
      vertex 68.065 0 105.227
      vertex 67.5913 0 105.142
    endloop
  endfacet
  facet normal 0 -1 0
    outer loop
      vertex 71.2722 0 104.142
      vertex 67.5913 0 105.142
      vertex 67.112 0 105.023
    endloop
  endfacet
  facet normal 0 -1 0
    outer loop
      vertex 69.5339 0 105.263
      vertex 71.2722 0 104.142
      vertex 70.0089 0 105.167
    endloop
  endfacet
  facet normal 0 -1 0
    outer loop
      vertex 71.2722 0 104.142
      vertex 67.112 0 105.023
      vertex 66.6265 0 104.869
    endloop
  endfacet
  facet normal 0 -1 0
    outer loop
      vertex 70.0089 0 105.167
      vertex 71.2722 0 104.142
      vertex 70.4208 0 105.007
    endloop
  endfacet
  facet normal 0 -1 0
    outer loop
      vertex 71.2722 0 104.142
      vertex 66.6265 0 104.869
      vertex 66.1344 0 104.68
    endloop
  endfacet
  facet normal 0 -1 0
    outer loop
      vertex 70.4208 0 105.007
      vertex 71.2722 0 104.142
      vertex 70.7697 0 104.783
    endloop
  endfacet
  facet normal 0 -1 0
    outer loop
      vertex 71.2722 0 104.142
      vertex 66.1344 0 104.68
      vertex 65.6357 0 104.456
    endloop
  endfacet
  facet normal 0 -1 0
    outer loop
      vertex 71.2722 0 104.142
      vertex 65.6357 0 104.456
      vertex 65.1304 0 104.197
    endloop
  endfacet
  facet normal 0 -1 0
    outer loop
      vertex 70.7697 0 104.783
      vertex 71.2722 0 104.142
      vertex 71.054 0 104.494
    endloop
  endfacet
  facet normal 0 -1 0
    outer loop
      vertex 127.507 0 104.142
      vertex 125.231 0 105.295
      vertex 124.768 0 105.278
    endloop
  endfacet
  facet normal 0 -1 0
    outer loop
      vertex 127.507 0 104.142
      vertex 124.768 0 105.278
      vertex 124.3 0 105.227
    endloop
  endfacet
  facet normal 0 -1 0
    outer loop
      vertex 125.231 0 105.295
      vertex 127.507 0 104.142
      vertex 125.769 0 105.263
    endloop
  endfacet
  facet normal 0 -1 0
    outer loop
      vertex 127.507 0 104.142
      vertex 124.3 0 105.227
      vertex 123.826 0 105.142
    endloop
  endfacet
  facet normal 0 -1 0
    outer loop
      vertex 127.507 0 104.142
      vertex 123.826 0 105.142
      vertex 123.347 0 105.023
    endloop
  endfacet
  facet normal 0 -1 0
    outer loop
      vertex 125.769 0 105.263
      vertex 127.507 0 104.142
      vertex 126.244 0 105.167
    endloop
  endfacet
  facet normal 0 -1 0
    outer loop
      vertex 127.507 0 104.142
      vertex 123.347 0 105.023
      vertex 122.862 0 104.869
    endloop
  endfacet
  facet normal 0 -1 0
    outer loop
      vertex 126.244 0 105.167
      vertex 127.507 0 104.142
      vertex 126.656 0 105.007
    endloop
  endfacet
  facet normal 0 -1 0
    outer loop
      vertex 127.507 0 104.142
      vertex 122.862 0 104.869
      vertex 122.37 0 104.68
    endloop
  endfacet
  facet normal 0 -1 0
    outer loop
      vertex 126.656 0 105.007
      vertex 127.507 0 104.142
      vertex 127.005 0 104.783
    endloop
  endfacet
  facet normal 0 -1 0
    outer loop
      vertex 127.507 0 104.142
      vertex 122.37 0 104.68
      vertex 121.871 0 104.456
    endloop
  endfacet
  facet normal 0 -1 0
    outer loop
      vertex 127.507 0 104.142
      vertex 121.871 0 104.456
      vertex 121.366 0 104.197
    endloop
  endfacet
  facet normal 0 -1 0
    outer loop
      vertex 127.005 0 104.783
      vertex 127.507 0 104.142
      vertex 127.289 0 104.494
    endloop
  endfacet
  facet normal 0 -1 0
    outer loop
      vertex 127.745 0 103.245
      vertex 121.366 0 104.197
      vertex 120.934 0 103.245
    endloop
  endfacet
  facet normal 0 -1 0
    outer loop
      vertex 121.366 0 104.197
      vertex 127.745 0 103.245
      vertex 127.507 0 104.142
    endloop
  endfacet
  facet normal 0 -1 0
    outer loop
      vertex 127.507 0 104.142
      vertex 127.745 0 103.245
      vertex 127.659 0 103.725
    endloop
  endfacet
  facet normal 0 -1 0
    outer loop
      vertex 98.2586 0 100.147
      vertex 101.203 0 101.131
      vertex 98.0686 0 100.208
    endloop
  endfacet
  facet normal 0 -1 0
    outer loop
      vertex 98.4481 0 100.098
      vertex 101.203 0 101.131
      vertex 98.2586 0 100.147
    endloop
  endfacet
  facet normal 0 -1 0
    outer loop
      vertex 98.6375 0 100.06
      vertex 101.203 0 101.131
      vertex 98.4481 0 100.098
    endloop
  endfacet
  facet normal 0 -1 0
    outer loop
      vertex 98.8274 0 100.033
      vertex 101.203 0 101.131
      vertex 98.6375 0 100.06
    endloop
  endfacet
  facet normal 0 -1 0
    outer loop
      vertex 99.0179 0 100.017
      vertex 101.203 0 101.131
      vertex 98.8274 0 100.033
    endloop
  endfacet
  facet normal 0 -1 0
    outer loop
      vertex 99.2088 0 100.011
      vertex 101.203 0 101.131
      vertex 99.0179 0 100.017
    endloop
  endfacet
  facet normal -0 -1 0
    outer loop
      vertex 99.738 0 100.056
      vertex 101.203 0 101.131
      vertex 99.2088 0 100.011
    endloop
  endfacet
  facet normal 0 -1 0
    outer loop
      vertex 101.203 0 101.131
      vertex 99.738 0 100.056
      vertex 100.938 0 100.732
    endloop
  endfacet
  facet normal -0 -1 0
    outer loop
      vertex 100.203 0 100.192
      vertex 100.938 0 100.732
      vertex 99.738 0 100.056
    endloop
  endfacet
  facet normal 0 -1 0
    outer loop
      vertex 100.938 0 100.732
      vertex 100.203 0 100.192
      vertex 100.603 0 100.417
    endloop
  endfacet
  facet normal 0 -1 0
    outer loop
      vertex 96.3169 0 98.1221
      vertex 97.6871 0 100.365
      vertex 96.3169 0 100.342
    endloop
  endfacet
  facet normal 0 -1 0
    outer loop
      vertex 96.3169 0 98.1221
      vertex 97.6953 0 97.725
      vertex 97.6871 0 100.365
    endloop
  endfacet
  facet normal 0 -1 0
    outer loop
      vertex 95.8485 0 98.0158
      vertex 97.6953 0 97.725
      vertex 96.3169 0 98.1221
    endloop
  endfacet
  facet normal 0 -1 0
    outer loop
      vertex 95.3791 0 97.9231
      vertex 97.6953 0 97.725
      vertex 95.8485 0 98.0158
    endloop
  endfacet
  facet normal 0 -1 0
    outer loop
      vertex 94.9087 0 97.844
      vertex 97.6953 0 97.725
      vertex 95.3791 0 97.9231
    endloop
  endfacet
  facet normal 0 -1 0
    outer loop
      vertex 94.4372 0 97.7785
      vertex 97.6953 0 97.725
      vertex 94.9087 0 97.844
    endloop
  endfacet
  facet normal 0 -1 0
    outer loop
      vertex 93.9652 0 97.7272
      vertex 97.6953 0 97.725
      vertex 94.4372 0 97.7785
    endloop
  endfacet
  facet normal 0 -1 0
    outer loop
      vertex 93.9652 0 97.7272
      vertex 97.8484 0 97.7068
      vertex 97.6953 0 97.725
    endloop
  endfacet
  facet normal 0 -1 0
    outer loop
      vertex 93.9652 0 97.7272
      vertex 97.9821 0 97.6922
      vertex 97.8484 0 97.7068
    endloop
  endfacet
  facet normal 0 -1 0
    outer loop
      vertex 93.4932 0 97.6906
      vertex 97.9821 0 97.6922
      vertex 93.9652 0 97.7272
    endloop
  endfacet
  facet normal 0 -1 0
    outer loop
      vertex 93.4932 0 97.6906
      vertex 98.0965 0 97.681
      vertex 97.9821 0 97.6922
    endloop
  endfacet
  facet normal 0 -1 0
    outer loop
      vertex 93.4932 0 97.6906
      vertex 98.1916 0 97.6733
      vertex 98.0965 0 97.681
    endloop
  endfacet
  facet normal 0 -1 0
    outer loop
      vertex 98.2755 0 97.6681
      vertex 93.4932 0 97.6906
      vertex 93.0212 0 97.6686
    endloop
  endfacet
  facet normal 0 -1 0
    outer loop
      vertex 93.4932 0 97.6906
      vertex 98.2755 0 97.6681
      vertex 98.1916 0 97.6733
    endloop
  endfacet
  facet normal 0 -1 0
    outer loop
      vertex 93.0212 0 97.6686
      vertex 98.3564 0 97.6643
      vertex 98.2755 0 97.6681
    endloop
  endfacet
  facet normal 0 -1 0
    outer loop
      vertex 93.0212 0 97.6686
      vertex 98.4342 0 97.6621
      vertex 98.3564 0 97.6643
    endloop
  endfacet
  facet normal 0 -1 0
    outer loop
      vertex 92.5493 0 97.6613
      vertex 98.4342 0 97.6621
      vertex 93.0212 0 97.6686
    endloop
  endfacet
  facet normal 0 -1 -0
    outer loop
      vertex 98.4342 0 97.6621
      vertex 92.5493 0 97.6613
      vertex 98.509 0 97.6613
    endloop
  endfacet
  facet normal 0 -1 -0
    outer loop
      vertex 109.056 0 103.828
      vertex 106.054 0 99.9576
      vertex 109.056 0 99.9576
    endloop
  endfacet
  facet normal 0 -1 0
    outer loop
      vertex 42.6301 0 103.953
      vertex 41.519 0 105.017
      vertex 41.3372 0 105.026
    endloop
  endfacet
  facet normal 0 -1 0
    outer loop
      vertex 42.6301 0 103.953
      vertex 41.3372 0 105.026
      vertex 40.9059 0 104.983
    endloop
  endfacet
  facet normal 0 -1 0
    outer loop
      vertex 41.519 0 105.017
      vertex 42.6301 0 103.953
      vertex 41.6902 0 104.988
    endloop
  endfacet
  facet normal -0 -1 -0
    outer loop
      vertex 42.5863 0 104.146
      vertex 41.6902 0 104.988
      vertex 42.6301 0 103.953
    endloop
  endfacet
  facet normal 0 -1 0
    outer loop
      vertex 42.6637 0 103.728
      vertex 40.9059 0 104.983
      vertex 40.5235 0 104.851
    endloop
  endfacet
  facet normal 0 -1 0
    outer loop
      vertex 41.6902 0 104.988
      vertex 42.5863 0 104.146
      vertex 41.8506 0 104.939
    endloop
  endfacet
  facet normal 0 -1 0
    outer loop
      vertex 41.8506 0 104.939
      vertex 42.5863 0 104.146
      vertex 42.0004 0 104.872
    endloop
  endfacet
  facet normal 0 -1 0
    outer loop
      vertex 42.6637 0 103.728
      vertex 40.5235 0 104.851
      vertex 40.1898 0 104.632
    endloop
  endfacet
  facet normal 0 -1 0
    outer loop
      vertex 42.0004 0 104.872
      vertex 42.5863 0 104.146
      vertex 42.138 0 104.786
    endloop
  endfacet
  facet normal 0 -1 0
    outer loop
      vertex 42.2618 0 104.684
      vertex 42.5863 0 104.146
      vertex 42.3719 0 104.566
    endloop
  endfacet
  facet normal 0 -1 0
    outer loop
      vertex 42.6637 0 103.728
      vertex 40.1898 0 104.632
      vertex 39.905 0 104.326
    endloop
  endfacet
  facet normal 0 -1 0
    outer loop
      vertex 42.3719 0 104.566
      vertex 42.5863 0 104.146
      vertex 42.4683 0 104.432
    endloop
  endfacet
  facet normal 0 -1 0
    outer loop
      vertex 42.4683 0 104.432
      vertex 42.5863 0 104.146
      vertex 42.5324 0 104.305
    endloop
  endfacet
  facet normal 0 -1 0
    outer loop
      vertex 42.138 0 104.786
      vertex 42.5863 0 104.146
      vertex 42.2618 0 104.684
    endloop
  endfacet
  facet normal 0 -1 0
    outer loop
      vertex 42.6886 0 103.447
      vertex 39.905 0 104.326
      vertex 39.6772 0 103.942
    endloop
  endfacet
  facet normal 0 -1 0
    outer loop
      vertex 40.9059 0 104.983
      vertex 42.6637 0 103.728
      vertex 42.6301 0 103.953
    endloop
  endfacet
  facet normal 0 -1 0
    outer loop
      vertex 42.6886 0 103.447
      vertex 39.6772 0 103.942
      vertex 39.5144 0 103.489
    endloop
  endfacet
  facet normal 0 -1 0
    outer loop
      vertex 39.905 0 104.326
      vertex 42.6886 0 103.447
      vertex 42.6637 0 103.728
    endloop
  endfacet
  facet normal 0 -1 0
    outer loop
      vertex 39.5144 0 103.489
      vertex 42.7063 0 103.089
      vertex 42.6886 0 103.447
    endloop
  endfacet
  facet normal 0 -1 0
    outer loop
      vertex 39.4168 0 102.969
      vertex 42.7063 0 103.089
      vertex 39.5144 0 103.489
    endloop
  endfacet
  facet normal 0 -1 0
    outer loop
      vertex 39.4168 0 102.969
      vertex 42.717 0 102.655
      vertex 42.7063 0 103.089
    endloop
  endfacet
  facet normal 0 -1 0
    outer loop
      vertex 39.3842 0 102.38
      vertex 42.717 0 102.655
      vertex 39.4168 0 102.969
    endloop
  endfacet
  facet normal 0 -1 0
    outer loop
      vertex 39.3842 0 102.38
      vertex 42.7206 0 102.144
      vertex 42.717 0 102.655
    endloop
  endfacet
  facet normal 0 -1 0
    outer loop
      vertex 39.3842 0 102.38
      vertex 42.7201 0 101.91
      vertex 42.7206 0 102.144
    endloop
  endfacet
  facet normal 0 -1 0
    outer loop
      vertex 39.3842 0 102.38
      vertex 42.7185 0 101.583
      vertex 42.7201 0 101.91
    endloop
  endfacet
  facet normal 0 -1 0
    outer loop
      vertex 39.3842 0 102.38
      vertex 42.716 0 101.163
      vertex 42.7185 0 101.583
    endloop
  endfacet
  facet normal 0 -1 0
    outer loop
      vertex 39.3842 0 102.38
      vertex 42.7124 0 100.649
      vertex 42.716 0 101.163
    endloop
  endfacet
  facet normal 0 -1 0
    outer loop
      vertex 39.3842 0 102.38
      vertex 42.7088 0 100.113
      vertex 42.7124 0 100.649
    endloop
  endfacet
  facet normal 0 -1 0
    outer loop
      vertex 39.3842 0 97.8763
      vertex 42.7088 0 100.113
      vertex 39.3842 0 102.38
    endloop
  endfacet
  facet normal 0 -1 0
    outer loop
      vertex 42.7088 0 100.113
      vertex 39.3842 0 97.8763
      vertex 42.7063 0 99.6242
    endloop
  endfacet
  facet normal 0 -1 0
    outer loop
      vertex 42.7063 0 99.6242
      vertex 39.3842 0 97.8763
      vertex 42.7048 0 99.1827
    endloop
  endfacet
  facet normal 0 -1 0
    outer loop
      vertex 42.7048 0 99.1827
      vertex 39.3842 0 97.8763
      vertex 42.7043 0 98.7885
    endloop
  endfacet
  facet normal 0 -1 -0
    outer loop
      vertex 42.7043 0 98.7885
      vertex 39.3842 0 97.8763
      vertex 42.7043 0 97.8763
    endloop
  endfacet
  facet normal 0 -1 0
    outer loop
      vertex 137.506 0 94.3282
      vertex 126.779 0 97.7411
      vertex 125.662 0 97.6613
    endloop
  endfacet
  facet normal 0 -1 0
    outer loop
      vertex 137.506 0 94.3282
      vertex 125.662 0 97.6613
      vertex 111.969 0 95.2882
    endloop
  endfacet
  facet normal 0 -1 0
    outer loop
      vertex 134.153 0 97.8763
      vertex 137.506 0 94.3282
      vertex 137.506 0 101.222
    endloop
  endfacet
  facet normal 0 -1 0
    outer loop
      vertex 130.768 0 97.8763
      vertex 137.506 0 94.3282
      vertex 134.153 0 97.8763
    endloop
  endfacet
  facet normal 0 -1 0
    outer loop
      vertex 137.506 0 94.3282
      vertex 111.969 0 95.2882
      vertex 79.2469 0 94.3282
    endloop
  endfacet
  facet normal 0 -1 0
    outer loop
      vertex 160.029 0 98.8408
      vertex 160.338 0 97.8763
      vertex 160.338 0 99.2127
    endloop
  endfacet
  facet normal 0 -1 0
    outer loop
      vertex 159.704 0 98.5213
      vertex 160.338 0 97.8763
      vertex 160.029 0 98.8408
    endloop
  endfacet
  facet normal 0 -1 0
    outer loop
      vertex 159.362 0 98.254
      vertex 160.338 0 97.8763
      vertex 159.704 0 98.5213
    endloop
  endfacet
  facet normal 0 -1 0
    outer loop
      vertex 159.004 0 98.0391
      vertex 160.338 0 97.8763
      vertex 159.362 0 98.254
    endloop
  endfacet
  facet normal 0 -1 0
    outer loop
      vertex 158.217 0 97.7558
      vertex 160.338 0 97.8763
      vertex 158.624 0 97.8738
    endloop
  endfacet
  facet normal 0 -1 0
    outer loop
      vertex 158.624 0 97.8738
      vertex 160.338 0 97.8763
      vertex 159.004 0 98.0391
    endloop
  endfacet
  facet normal 0 -1 0
    outer loop
      vertex 79.5238 0 104.047
      vertex 81.1673 0 105.111
      vertex 80.7271 0 105.068
    endloop
  endfacet
  facet normal 0 -1 0
    outer loop
      vertex 79.7392 0 104.427
      vertex 80.7271 0 105.068
      vertex 80.3424 0 104.94
    endloop
  endfacet
  facet normal 0 -1 0
    outer loop
      vertex 79.5238 0 104.047
      vertex 80.7271 0 105.068
      vertex 79.7392 0 104.427
    endloop
  endfacet
  facet normal 0 -1 0
    outer loop
      vertex 79.7392 0 104.427
      vertex 80.3424 0 104.94
      vertex 80.0131 0 104.726
    endloop
  endfacet
  facet normal 0 -1 0
    outer loop
      vertex 82.8028 0 104.047
      vertex 81.1673 0 105.111
      vertex 79.5238 0 104.047
    endloop
  endfacet
  facet normal 0 -1 0
    outer loop
      vertex 81.604 0 105.068
      vertex 82.5874 0 104.427
      vertex 81.9862 0 104.94
    endloop
  endfacet
  facet normal 0 -1 0
    outer loop
      vertex 81.9862 0 104.94
      vertex 82.5874 0 104.427
      vertex 82.314 0 104.726
    endloop
  endfacet
  facet normal 0 -1 0
    outer loop
      vertex 81.1673 0 105.111
      vertex 82.8028 0 104.047
      vertex 81.604 0 105.068
    endloop
  endfacet
  facet normal 0 -1 0
    outer loop
      vertex 81.604 0 105.068
      vertex 82.8028 0 104.047
      vertex 82.5874 0 104.427
    endloop
  endfacet
  facet normal 0 -1 0
    outer loop
      vertex 79.3699 0 103.589
      vertex 82.8028 0 104.047
      vertex 79.5238 0 104.047
    endloop
  endfacet
  facet normal 0 -1 0
    outer loop
      vertex 79.3699 0 103.589
      vertex 82.9566 0 103.589
      vertex 82.8028 0 104.047
    endloop
  endfacet
  facet normal 0 -1 0
    outer loop
      vertex 79.2776 0 103.054
      vertex 82.9566 0 103.589
      vertex 79.3699 0 103.589
    endloop
  endfacet
  facet normal 0 -1 0
    outer loop
      vertex 79.2776 0 103.054
      vertex 83.0489 0 103.054
      vertex 82.9566 0 103.589
    endloop
  endfacet
  facet normal 0 -1 0
    outer loop
      vertex 79.2469 0 102.442
      vertex 83.0489 0 103.054
      vertex 79.2776 0 103.054
    endloop
  endfacet
  facet normal 0 -1 0
    outer loop
      vertex 79.2469 0 102.442
      vertex 83.0797 0 102.442
      vertex 83.0489 0 103.054
    endloop
  endfacet
  facet normal 0 -1 0
    outer loop
      vertex 79.2776 0 101.83
      vertex 83.0797 0 102.442
      vertex 79.2469 0 102.442
    endloop
  endfacet
  facet normal 0 -1 0
    outer loop
      vertex 79.2776 0 101.83
      vertex 83.0489 0 101.83
      vertex 83.0797 0 102.442
    endloop
  endfacet
  facet normal 0 -1 0
    outer loop
      vertex 79.3699 0 101.295
      vertex 83.0489 0 101.83
      vertex 79.2776 0 101.83
    endloop
  endfacet
  facet normal 0 -1 0
    outer loop
      vertex 79.3699 0 101.295
      vertex 82.9566 0 101.295
      vertex 83.0489 0 101.83
    endloop
  endfacet
  facet normal 0 -1 0
    outer loop
      vertex 79.5238 0 100.837
      vertex 82.9566 0 101.295
      vertex 79.3699 0 101.295
    endloop
  endfacet
  facet normal 0 -1 0
    outer loop
      vertex 79.5238 0 100.837
      vertex 82.8028 0 100.837
      vertex 82.9566 0 101.295
    endloop
  endfacet
  facet normal 0 -1 0
    outer loop
      vertex 81.1673 0 99.7733
      vertex 79.5238 0 100.837
      vertex 79.7392 0 100.457
    endloop
  endfacet
  facet normal 0 -1 0
    outer loop
      vertex 79.5238 0 100.837
      vertex 81.1673 0 99.7733
      vertex 82.8028 0 100.837
    endloop
  endfacet
  facet normal 0 -1 0
    outer loop
      vertex 80.7271 0 99.816
      vertex 79.7392 0 100.457
      vertex 80.0131 0 100.158
    endloop
  endfacet
  facet normal 0 -1 0
    outer loop
      vertex 82.8028 0 100.837
      vertex 81.1673 0 99.7733
      vertex 82.5874 0 100.457
    endloop
  endfacet
  facet normal 0 -1 0
    outer loop
      vertex 80.7271 0 99.816
      vertex 80.0131 0 100.158
      vertex 80.3424 0 99.9442
    endloop
  endfacet
  facet normal -0 -1 0
    outer loop
      vertex 81.604 0 99.816
      vertex 82.5874 0 100.457
      vertex 81.1673 0 99.7733
    endloop
  endfacet
  facet normal 0 -1 0
    outer loop
      vertex 79.7392 0 100.457
      vertex 80.7271 0 99.816
      vertex 81.1673 0 99.7733
    endloop
  endfacet
  facet normal 0 -1 0
    outer loop
      vertex 82.5874 0 100.457
      vertex 81.604 0 99.816
      vertex 82.314 0 100.158
    endloop
  endfacet
  facet normal 0 -1 0
    outer loop
      vertex 82.314 0 100.158
      vertex 81.604 0 99.816
      vertex 81.9862 0 99.9442
    endloop
  endfacet
  facet normal 0 -1 0
    outer loop
      vertex 92.7732 0 102.918
      vertex 92.777 0 105.295
      vertex 92.3824 0 105.258
    endloop
  endfacet
  facet normal -0 -1 0
    outer loop
      vertex 93.1442 0 102.976
      vertex 92.777 0 105.295
      vertex 92.7732 0 102.918
    endloop
  endfacet
  facet normal 0 -1 0
    outer loop
      vertex 92.7732 0 102.918
      vertex 92.3824 0 105.258
      vertex 92.0202 0 105.148
    endloop
  endfacet
  facet normal 0 -1 0
    outer loop
      vertex 92.777 0 105.295
      vertex 93.1442 0 102.976
      vertex 93.0885 0 105.276
    endloop
  endfacet
  facet normal 0 -1 0
    outer loop
      vertex 93.0885 0 105.276
      vertex 93.4588 0 103.073
      vertex 93.364 0 105.217
    endloop
  endfacet
  facet normal 0 -1 0
    outer loop
      vertex 92.3457 0 102.899
      vertex 92.0202 0 105.148
      vertex 91.6907 0 104.964
    endloop
  endfacet
  facet normal -0 -1 0
    outer loop
      vertex 94.1767 0 104.117
      vertex 93.364 0 105.217
      vertex 93.4588 0 103.073
    endloop
  endfacet
  facet normal 0 -1 0
    outer loop
      vertex 92.3457 0 102.899
      vertex 91.6907 0 104.964
      vertex 91.3937 0 104.706
    endloop
  endfacet
  facet normal -0 -1 0
    outer loop
      vertex 93.4588 0 103.073
      vertex 93.0885 0 105.276
      vertex 93.1442 0 102.976
    endloop
  endfacet
  facet normal 0 -1 0
    outer loop
      vertex 92.3457 0 102.899
      vertex 91.3937 0 104.706
      vertex 91.148 0 104.393
    endloop
  endfacet
  facet normal 0 -1 0
    outer loop
      vertex 93.364 0 105.217
      vertex 94.1767 0 104.117
      vertex 93.6033 0 105.119
    endloop
  endfacet
  facet normal -0 -1 -0
    outer loop
      vertex 94.1536 0 104.379
      vertex 93.6033 0 105.119
      vertex 94.1767 0 104.117
    endloop
  endfacet
  facet normal 0 -1 0
    outer loop
      vertex 92.3457 0 102.899
      vertex 91.148 0 104.393
      vertex 90.9725 0 104.043
    endloop
  endfacet
  facet normal 0 -1 0
    outer loop
      vertex 93.8065 0 104.982
      vertex 94.1536 0 104.379
      vertex 93.9685 0 104.811
    endloop
  endfacet
  facet normal 0 -1 0
    outer loop
      vertex 92.3457 0 102.899
      vertex 90.9725 0 104.043
      vertex 90.8673 0 103.656
    endloop
  endfacet
  facet normal 0 -1 0
    outer loop
      vertex 92.0202 0 105.148
      vertex 92.3457 0 102.899
      vertex 92.7732 0 102.918
    endloop
  endfacet
  facet normal 0 -1 0
    outer loop
      vertex 93.6033 0 105.119
      vertex 94.1536 0 104.379
      vertex 93.8065 0 104.982
    endloop
  endfacet
  facet normal 0 -1 0
    outer loop
      vertex 92.3457 0 102.899
      vertex 90.8673 0 103.656
      vertex 90.8322 0 103.232
    endloop
  endfacet
  facet normal 0 -1 0
    outer loop
      vertex 93.9685 0 104.811
      vertex 94.1536 0 104.379
      vertex 94.0842 0 104.61
    endloop
  endfacet
  facet normal -0 -1 0
    outer loop
      vertex 93.717 0 103.208
      vertex 94.1767 0 104.117
      vertex 93.4588 0 103.073
    endloop
  endfacet
  facet normal 0 -1 0
    outer loop
      vertex 94.1767 0 104.117
      vertex 93.717 0 103.208
      vertex 94.148 0 103.835
    endloop
  endfacet
  facet normal 0 -1 0
    outer loop
      vertex 94.0618 0 103.589
      vertex 93.717 0 103.208
      vertex 93.9181 0 103.38
    endloop
  endfacet
  facet normal 0 -1 0
    outer loop
      vertex 92.3457 0 102.899
      vertex 90.8322 0 103.232
      vertex 90.8322 0 102.899
    endloop
  endfacet
  facet normal 0 -1 0
    outer loop
      vertex 94.148 0 103.835
      vertex 93.717 0 103.208
      vertex 94.0618 0 103.589
    endloop
  endfacet
  facet normal 0 -1 0
    outer loop
      vertex 156.758 0 104.047
      vertex 158.402 0 105.111
      vertex 157.962 0 105.068
    endloop
  endfacet
  facet normal 0 -1 0
    outer loop
      vertex 156.974 0 104.427
      vertex 157.962 0 105.068
      vertex 157.577 0 104.94
    endloop
  endfacet
  facet normal 0 -1 0
    outer loop
      vertex 156.758 0 104.047
      vertex 157.962 0 105.068
      vertex 156.974 0 104.427
    endloop
  endfacet
  facet normal 0 -1 0
    outer loop
      vertex 156.974 0 104.427
      vertex 157.577 0 104.94
      vertex 157.247 0 104.726
    endloop
  endfacet
  facet normal 0 -1 0
    outer loop
      vertex 160.057 0 104.042
      vertex 158.402 0 105.111
      vertex 156.758 0 104.047
    endloop
  endfacet
  facet normal 0 -1 0
    outer loop
      vertex 158.842 0 105.068
      vertex 159.838 0 104.423
      vertex 159.229 0 104.939
    endloop
  endfacet
  facet normal 0 -1 0
    outer loop
      vertex 159.229 0 104.939
      vertex 159.838 0 104.423
      vertex 159.561 0 104.724
    endloop
  endfacet
  facet normal 0 -1 0
    outer loop
      vertex 158.402 0 105.111
      vertex 160.057 0 104.042
      vertex 158.842 0 105.068
    endloop
  endfacet
  facet normal 0 -1 0
    outer loop
      vertex 158.842 0 105.068
      vertex 160.057 0 104.042
      vertex 159.838 0 104.423
    endloop
  endfacet
  facet normal 0 -1 0
    outer loop
      vertex 156.604 0 103.589
      vertex 160.057 0 104.042
      vertex 156.758 0 104.047
    endloop
  endfacet
  facet normal 0 -1 0
    outer loop
      vertex 156.604 0 103.589
      vertex 160.213 0 103.584
      vertex 160.057 0 104.042
    endloop
  endfacet
  facet normal 0 -1 0
    outer loop
      vertex 156.512 0 103.054
      vertex 160.213 0 103.584
      vertex 156.604 0 103.589
    endloop
  endfacet
  facet normal 0 -1 0
    outer loop
      vertex 156.512 0 103.054
      vertex 160.307 0 103.051
      vertex 160.213 0 103.584
    endloop
  endfacet
  facet normal 0 -1 0
    outer loop
      vertex 156.481 0 102.442
      vertex 160.307 0 103.051
      vertex 156.512 0 103.054
    endloop
  endfacet
  facet normal 0 -1 0
    outer loop
      vertex 156.481 0 102.442
      vertex 160.338 0 102.442
      vertex 160.307 0 103.051
    endloop
  endfacet
  facet normal 0 -1 0
    outer loop
      vertex 156.481 0 102.442
      vertex 160.307 0 101.833
      vertex 160.338 0 102.442
    endloop
  endfacet
  facet normal 0 -1 0
    outer loop
      vertex 156.512 0 101.83
      vertex 160.307 0 101.833
      vertex 156.481 0 102.442
    endloop
  endfacet
  facet normal 0 -1 0
    outer loop
      vertex 156.512 0 101.83
      vertex 160.213 0 101.3
      vertex 160.307 0 101.833
    endloop
  endfacet
  facet normal 0 -1 0
    outer loop
      vertex 156.604 0 101.295
      vertex 160.213 0 101.3
      vertex 156.512 0 101.83
    endloop
  endfacet
  facet normal 0 -1 0
    outer loop
      vertex 156.604 0 101.295
      vertex 160.057 0 100.843
      vertex 160.213 0 101.3
    endloop
  endfacet
  facet normal 0 -1 0
    outer loop
      vertex 156.758 0 100.837
      vertex 160.057 0 100.843
      vertex 156.604 0 101.295
    endloop
  endfacet
  facet normal 0 -1 0
    outer loop
      vertex 158.402 0 99.7733
      vertex 160.057 0 100.843
      vertex 156.758 0 100.837
    endloop
  endfacet
  facet normal 0 -1 0
    outer loop
      vertex 158.402 0 99.7733
      vertex 156.758 0 100.837
      vertex 156.974 0 100.457
    endloop
  endfacet
  facet normal 0 -1 0
    outer loop
      vertex 160.057 0 100.843
      vertex 158.402 0 99.7733
      vertex 159.838 0 100.461
    endloop
  endfacet
  facet normal 0 -1 0
    outer loop
      vertex 157.962 0 99.816
      vertex 156.974 0 100.457
      vertex 157.247 0 100.158
    endloop
  endfacet
  facet normal -0 -1 0
    outer loop
      vertex 158.842 0 99.8163
      vertex 159.838 0 100.461
      vertex 158.402 0 99.7733
    endloop
  endfacet
  facet normal 0 -1 0
    outer loop
      vertex 157.962 0 99.816
      vertex 157.247 0 100.158
      vertex 157.577 0 99.9442
    endloop
  endfacet
  facet normal 0 -1 0
    outer loop
      vertex 159.838 0 100.461
      vertex 158.842 0 99.8163
      vertex 159.561 0 100.16
    endloop
  endfacet
  facet normal 0 -1 0
    outer loop
      vertex 156.974 0 100.457
      vertex 157.962 0 99.816
      vertex 158.402 0 99.7733
    endloop
  endfacet
  facet normal 0 -1 0
    outer loop
      vertex 159.561 0 100.16
      vertex 158.842 0 99.8163
      vertex 159.229 0 99.9452
    endloop
  endfacet
  facet normal 0 -1 0
    outer loop
      vertex 125.678 0 99.5967
      vertex 123.929 0 101.448
      vertex 123.959 0 101.052
    endloop
  endfacet
  facet normal 0 -1 0
    outer loop
      vertex 123.929 0 101.448
      vertex 127.623 0 101.025
      vertex 127.713 0 101.448
    endloop
  endfacet
  facet normal 0 -1 0
    outer loop
      vertex 125.678 0 99.5967
      vertex 123.959 0 101.052
      vertex 124.05 0 100.696
    endloop
  endfacet
  facet normal 0 -1 0
    outer loop
      vertex 123.929 0 101.448
      vertex 127.483 0 100.656
      vertex 127.623 0 101.025
    endloop
  endfacet
  facet normal 0 -1 0
    outer loop
      vertex 125.306 0 99.6285
      vertex 124.05 0 100.696
      vertex 124.201 0 100.381
    endloop
  endfacet
  facet normal 0 -1 0
    outer loop
      vertex 123.929 0 101.448
      vertex 126.082 0 99.6265
      vertex 127.483 0 100.656
    endloop
  endfacet
  facet normal 0 -1 0
    outer loop
      vertex 125.306 0 99.6285
      vertex 124.201 0 100.381
      vertex 124.413 0 100.106
    endloop
  endfacet
  facet normal 0 -1 0
    outer loop
      vertex 127.483 0 100.656
      vertex 126.082 0 99.6265
      vertex 127.293 0 100.338
    endloop
  endfacet
  facet normal 0 -1 0
    outer loop
      vertex 125.306 0 99.6285
      vertex 124.413 0 100.106
      vertex 124.674 0 99.8833
    endloop
  endfacet
  facet normal -0 -1 0
    outer loop
      vertex 126.445 0 99.7159
      vertex 127.293 0 100.338
      vertex 126.082 0 99.6265
    endloop
  endfacet
  facet normal 0 -1 0
    outer loop
      vertex 125.306 0 99.6285
      vertex 124.674 0 99.8833
      vertex 124.971 0 99.7241
    endloop
  endfacet
  facet normal 0 -1 0
    outer loop
      vertex 127.293 0 100.338
      vertex 126.445 0 99.7159
      vertex 127.054 0 100.074
    endloop
  endfacet
  facet normal 0 -1 0
    outer loop
      vertex 124.05 0 100.696
      vertex 125.306 0 99.6285
      vertex 125.678 0 99.5967
    endloop
  endfacet
  facet normal 0 -1 0
    outer loop
      vertex 127.054 0 100.074
      vertex 126.445 0 99.7159
      vertex 126.769 0 99.865
    endloop
  endfacet
  facet normal 0 -1 0
    outer loop
      vertex 123.929 0 101.448
      vertex 125.678 0 99.5967
      vertex 126.082 0 99.6265
    endloop
  endfacet
  facet normal 0 -1 0
    outer loop
      vertex 69.4433 0 99.5967
      vertex 67.6938 0 101.448
      vertex 67.724 0 101.052
    endloop
  endfacet
  facet normal 0 -1 0
    outer loop
      vertex 67.6938 0 101.448
      vertex 71.3877 0 101.025
      vertex 71.4777 0 101.448
    endloop
  endfacet
  facet normal 0 -1 0
    outer loop
      vertex 69.4433 0 99.5967
      vertex 67.724 0 101.052
      vertex 67.8148 0 100.696
    endloop
  endfacet
  facet normal 0 -1 0
    outer loop
      vertex 67.6938 0 101.448
      vertex 71.2478 0 100.656
      vertex 71.3877 0 101.025
    endloop
  endfacet
  facet normal 0 -1 0
    outer loop
      vertex 69.0713 0 99.6285
      vertex 67.8148 0 100.696
      vertex 67.9661 0 100.381
    endloop
  endfacet
  facet normal 0 -1 0
    outer loop
      vertex 67.6938 0 101.448
      vertex 69.8466 0 99.6265
      vertex 71.2478 0 100.656
    endloop
  endfacet
  facet normal 0 -1 0
    outer loop
      vertex 69.0713 0 99.6285
      vertex 67.9661 0 100.381
      vertex 68.1779 0 100.106
    endloop
  endfacet
  facet normal 0 -1 0
    outer loop
      vertex 71.2478 0 100.656
      vertex 69.8466 0 99.6265
      vertex 71.0581 0 100.338
    endloop
  endfacet
  facet normal 0 -1 0
    outer loop
      vertex 69.0713 0 99.6285
      vertex 68.1779 0 100.106
      vertex 68.4386 0 99.8833
    endloop
  endfacet
  facet normal -0 -1 0
    outer loop
      vertex 70.2103 0 99.7159
      vertex 71.0581 0 100.338
      vertex 69.8466 0 99.6265
    endloop
  endfacet
  facet normal 0 -1 0
    outer loop
      vertex 69.0713 0 99.6285
      vertex 68.4386 0 99.8833
      vertex 68.7364 0 99.7241
    endloop
  endfacet
  facet normal 0 -1 0
    outer loop
      vertex 71.0581 0 100.338
      vertex 70.2103 0 99.7159
      vertex 70.8186 0 100.074
    endloop
  endfacet
  facet normal 0 -1 0
    outer loop
      vertex 67.8148 0 100.696
      vertex 69.0713 0 99.6285
      vertex 69.4433 0 99.5967
    endloop
  endfacet
  facet normal 0 -1 0
    outer loop
      vertex 70.8186 0 100.074
      vertex 70.2103 0 99.7159
      vertex 70.5342 0 99.865
    endloop
  endfacet
  facet normal 0 -1 0
    outer loop
      vertex 67.6938 0 101.448
      vertex 69.4433 0 99.5967
      vertex 69.8466 0 99.6265
    endloop
  endfacet
  facet normal 0 -1 0
    outer loop
      vertex 52.2215 0 99.5967
      vertex 50.4719 0 101.448
      vertex 50.5021 0 101.052
    endloop
  endfacet
  facet normal 0 -1 0
    outer loop
      vertex 50.4719 0 101.448
      vertex 54.1658 0 101.025
      vertex 54.2558 0 101.448
    endloop
  endfacet
  facet normal 0 -1 0
    outer loop
      vertex 52.2215 0 99.5967
      vertex 50.5021 0 101.052
      vertex 50.5929 0 100.696
    endloop
  endfacet
  facet normal 0 -1 0
    outer loop
      vertex 50.4719 0 101.448
      vertex 54.0259 0 100.656
      vertex 54.1658 0 101.025
    endloop
  endfacet
  facet normal 0 -1 0
    outer loop
      vertex 51.8494 0 99.6285
      vertex 50.5929 0 100.696
      vertex 50.7442 0 100.381
    endloop
  endfacet
  facet normal 0 -1 0
    outer loop
      vertex 50.4719 0 101.448
      vertex 52.6248 0 99.6265
      vertex 54.0259 0 100.656
    endloop
  endfacet
  facet normal 0 -1 0
    outer loop
      vertex 51.8494 0 99.6285
      vertex 50.7442 0 100.381
      vertex 50.9561 0 100.106
    endloop
  endfacet
  facet normal 0 -1 0
    outer loop
      vertex 54.0259 0 100.656
      vertex 52.6248 0 99.6265
      vertex 53.8362 0 100.338
    endloop
  endfacet
  facet normal 0 -1 0
    outer loop
      vertex 51.8494 0 99.6285
      vertex 50.9561 0 100.106
      vertex 51.2167 0 99.8833
    endloop
  endfacet
  facet normal -0 -1 0
    outer loop
      vertex 52.9884 0 99.7159
      vertex 53.8362 0 100.338
      vertex 52.6248 0 99.6265
    endloop
  endfacet
  facet normal 0 -1 0
    outer loop
      vertex 51.8494 0 99.6285
      vertex 51.2167 0 99.8833
      vertex 51.5145 0 99.7241
    endloop
  endfacet
  facet normal 0 -1 0
    outer loop
      vertex 53.8362 0 100.338
      vertex 52.9884 0 99.7159
      vertex 53.5967 0 100.074
    endloop
  endfacet
  facet normal 0 -1 0
    outer loop
      vertex 50.5929 0 100.696
      vertex 51.8494 0 99.6285
      vertex 52.2215 0 99.5967
    endloop
  endfacet
  facet normal 0 -1 0
    outer loop
      vertex 53.5967 0 100.074
      vertex 52.9884 0 99.7159
      vertex 53.3124 0 99.865
    endloop
  endfacet
  facet normal 0 -1 0
    outer loop
      vertex 50.4719 0 101.448
      vertex 52.2215 0 99.5967
      vertex 52.6248 0 99.6265
    endloop
  endfacet
  facet normal 0 -1 0
    outer loop
      vertex 145.586 0 104.067
      vertex 147.264 0 105.149
      vertex 146.816 0 105.106
    endloop
  endfacet
  facet normal 0 -1 0
    outer loop
      vertex 145.807 0 104.453
      vertex 146.816 0 105.106
      vertex 146.423 0 104.975
    endloop
  endfacet
  facet normal 0 -1 0
    outer loop
      vertex 145.586 0 104.067
      vertex 146.816 0 105.106
      vertex 145.807 0 104.453
    endloop
  endfacet
  facet normal 0 -1 0
    outer loop
      vertex 145.807 0 104.453
      vertex 146.423 0 104.975
      vertex 146.087 0 104.758
    endloop
  endfacet
  facet normal 0 -1 0
    outer loop
      vertex 148.963 0 104.067
      vertex 147.264 0 105.149
      vertex 145.586 0 104.067
    endloop
  endfacet
  facet normal 0 -1 0
    outer loop
      vertex 147.264 0 105.149
      vertex 148.963 0 104.067
      vertex 147.719 0 105.106
    endloop
  endfacet
  facet normal 0 -1 0
    outer loop
      vertex 148.117 0 104.975
      vertex 148.741 0 104.453
      vertex 148.457 0 104.758
    endloop
  endfacet
  facet normal 0 -1 0
    outer loop
      vertex 147.719 0 105.106
      vertex 148.741 0 104.453
      vertex 148.117 0 104.975
    endloop
  endfacet
  facet normal 0 -1 0
    outer loop
      vertex 147.719 0 105.106
      vertex 148.963 0 104.067
      vertex 148.741 0 104.453
    endloop
  endfacet
  facet normal 0 -1 0
    outer loop
      vertex 145.429 0 103.603
      vertex 148.963 0 104.067
      vertex 145.586 0 104.067
    endloop
  endfacet
  facet normal 0 -1 0
    outer loop
      vertex 145.429 0 103.603
      vertex 149.122 0 103.603
      vertex 148.963 0 104.067
    endloop
  endfacet
  facet normal 0 -1 0
    outer loop
      vertex 145.334 0 103.063
      vertex 149.122 0 103.603
      vertex 145.429 0 103.603
    endloop
  endfacet
  facet normal 0 -1 0
    outer loop
      vertex 145.334 0 103.063
      vertex 149.217 0 103.063
      vertex 149.122 0 103.603
    endloop
  endfacet
  facet normal 0 -1 0
    outer loop
      vertex 145.302 0 102.446
      vertex 149.217 0 103.063
      vertex 145.334 0 103.063
    endloop
  endfacet
  facet normal 0 -1 0
    outer loop
      vertex 145.302 0 102.446
      vertex 149.249 0 102.446
      vertex 149.217 0 103.063
    endloop
  endfacet
  facet normal 0 -1 0
    outer loop
      vertex 145.334 0 101.829
      vertex 149.249 0 102.446
      vertex 145.302 0 102.446
    endloop
  endfacet
  facet normal 0 -1 0
    outer loop
      vertex 145.334 0 101.829
      vertex 149.217 0 101.829
      vertex 149.249 0 102.446
    endloop
  endfacet
  facet normal 0 -1 0
    outer loop
      vertex 145.429 0 101.289
      vertex 149.217 0 101.829
      vertex 145.334 0 101.829
    endloop
  endfacet
  facet normal 0 -1 0
    outer loop
      vertex 145.429 0 101.289
      vertex 149.122 0 101.289
      vertex 149.217 0 101.829
    endloop
  endfacet
  facet normal 0 -1 0
    outer loop
      vertex 145.586 0 100.825
      vertex 149.122 0 101.289
      vertex 145.429 0 101.289
    endloop
  endfacet
  facet normal 0 -1 0
    outer loop
      vertex 145.586 0 100.825
      vertex 148.963 0 100.825
      vertex 149.122 0 101.289
    endloop
  endfacet
  facet normal 0 -1 0
    outer loop
      vertex 147.264 0 99.7426
      vertex 145.586 0 100.825
      vertex 145.807 0 100.439
    endloop
  endfacet
  facet normal 0 -1 0
    outer loop
      vertex 145.586 0 100.825
      vertex 147.264 0 99.7426
      vertex 148.963 0 100.825
    endloop
  endfacet
  facet normal 0 -1 0
    outer loop
      vertex 146.816 0 99.7861
      vertex 145.807 0 100.439
      vertex 146.087 0 100.134
    endloop
  endfacet
  facet normal 0 -1 0
    outer loop
      vertex 148.963 0 100.825
      vertex 147.264 0 99.7426
      vertex 148.741 0 100.439
    endloop
  endfacet
  facet normal 0 -1 0
    outer loop
      vertex 146.816 0 99.7861
      vertex 146.087 0 100.134
      vertex 146.423 0 99.9166
    endloop
  endfacet
  facet normal -0 -1 0
    outer loop
      vertex 147.719 0 99.7861
      vertex 148.741 0 100.439
      vertex 147.264 0 99.7426
    endloop
  endfacet
  facet normal 0 -1 0
    outer loop
      vertex 145.807 0 100.439
      vertex 146.816 0 99.7861
      vertex 147.264 0 99.7426
    endloop
  endfacet
  facet normal 0 -1 0
    outer loop
      vertex 148.741 0 100.439
      vertex 147.719 0 99.7861
      vertex 148.457 0 100.134
    endloop
  endfacet
  facet normal 0 -1 0
    outer loop
      vertex 148.457 0 100.134
      vertex 147.719 0 99.7861
      vertex 148.117 0 99.9166
    endloop
  endfacet
  facet normal 0 -1 0
    outer loop
      vertex 135.219 -0.799999 102.06
      vertex 133.95 -0.799999 106.992
      vertex 130.418 -0.799999 106.992
    endloop
  endfacet
  facet normal 0 -1 0
    outer loop
      vertex 133.95 -0.799999 106.992
      vertex 135.219 -0.799999 102.06
      vertex 137.506 -0.799999 103.191
    endloop
  endfacet
  facet normal 0 -1 0
    outer loop
      vertex 137.506 -0.799999 103.191
      vertex 140.419 -0.799999 106.992
      vertex 137.506 -0.799999 106.992
    endloop
  endfacet
  facet normal 0 -1 0
    outer loop
      vertex 137.506 -0.799999 101.222
      vertex 137.506 -0.799999 103.191
      vertex 135.219 -0.799999 102.06
    endloop
  endfacet
  facet normal 0 -1 0
    outer loop
      vertex 137.506 -0.799999 101.222
      vertex 140.419 -0.799999 106.992
      vertex 137.506 -0.799999 103.191
    endloop
  endfacet
  facet normal 0 -1 0
    outer loop
      vertex 140.419 -0.799999 94.3282
      vertex 137.506 -0.799999 101.222
      vertex 137.506 -0.799999 94.3282
    endloop
  endfacet
  facet normal 0 -1 0
    outer loop
      vertex 137.506 -0.799999 101.222
      vertex 140.419 -0.799999 94.3282
      vertex 140.419 -0.799999 106.992
    endloop
  endfacet
  facet normal 0 -1 0
    outer loop
      vertex 134.153 -0.799999 97.8763
      vertex 135.219 -0.799999 102.06
      vertex 130.768 -0.799999 97.8763
    endloop
  endfacet
  facet normal 0 -1 -0
    outer loop
      vertex 135.219 -0.799999 102.06
      vertex 134.153 -0.799999 97.8763
      vertex 137.506 -0.799999 101.222
    endloop
  endfacet
  facet normal 0 -1 0
    outer loop
      vertex 76.3174 -0.799999 106.992
      vertex 79.2469 -0.799999 105.679
      vertex 79.2469 -0.799999 106.992
    endloop
  endfacet
  facet normal 0 -1 -0
    outer loop
      vertex 83.0542 -0.799999 107.147
      vertex 82.314 -0.799999 104.726
      vertex 83.7835 -0.799999 106.896
    endloop
  endfacet
  facet normal 0 -1 0
    outer loop
      vertex 79.5556 -0.799999 106.054
      vertex 80.7271 -0.799999 105.068
      vertex 81.1673 -0.799999 105.111
    endloop
  endfacet
  facet normal 0 -1 0
    outer loop
      vertex 79.5556 -0.799999 106.054
      vertex 80.3424 -0.799999 104.94
      vertex 80.7271 -0.799999 105.068
    endloop
  endfacet
  facet normal 0 -1 0
    outer loop
      vertex 79.3699 -0.799999 103.589
      vertex 79.2469 -0.799999 105.679
      vertex 76.3174 -0.799999 106.992
    endloop
  endfacet
  facet normal 0 -1 0
    outer loop
      vertex 79.2469 -0.799999 105.679
      vertex 80.0131 -0.799999 104.726
      vertex 80.3424 -0.799999 104.94
    endloop
  endfacet
  facet normal 0 -1 0
    outer loop
      vertex 79.2469 -0.799999 105.679
      vertex 79.7392 -0.799999 104.427
      vertex 80.0131 -0.799999 104.726
    endloop
  endfacet
  facet normal 0 -1 0
    outer loop
      vertex 79.2469 -0.799999 105.679
      vertex 79.5238 -0.799999 104.047
      vertex 79.7392 -0.799999 104.427
    endloop
  endfacet
  facet normal 0 -1 0
    outer loop
      vertex 79.2469 -0.799999 105.679
      vertex 79.3699 -0.799999 103.589
      vertex 79.5238 -0.799999 104.047
    endloop
  endfacet
  facet normal 0 -1 0
    outer loop
      vertex 76.3174 -0.799999 106.992
      vertex 79.2776 -0.799999 103.054
      vertex 79.3699 -0.799999 103.589
    endloop
  endfacet
  facet normal 0 -1 0
    outer loop
      vertex 76.3174 -0.799999 106.992
      vertex 79.2469 -0.799999 102.442
      vertex 79.2776 -0.799999 103.054
    endloop
  endfacet
  facet normal 0 -1 0
    outer loop
      vertex 76.3174 -0.799999 106.992
      vertex 79.2776 -0.799999 101.83
      vertex 79.2469 -0.799999 102.442
    endloop
  endfacet
  facet normal 0 -1 0
    outer loop
      vertex 79.2469 -0.799999 99.2127
      vertex 79.2776 -0.799999 101.83
      vertex 76.3174 -0.799999 106.992
    endloop
  endfacet
  facet normal 0 -1 -0
    outer loop
      vertex 79.2776 -0.799999 101.83
      vertex 79.2469 -0.799999 99.2127
      vertex 79.3699 -0.799999 101.295
    endloop
  endfacet
  facet normal 0 -1 0
    outer loop
      vertex 80.2211 -0.799999 98.254
      vertex 80.7271 -0.799999 99.816
      vertex 79.8806 -0.799999 98.5213
    endloop
  endfacet
  facet normal 0 -1 0
    outer loop
      vertex 79.8806 -0.799999 98.5213
      vertex 80.3424 -0.799999 99.9442
      vertex 79.5558 -0.799999 98.8408
    endloop
  endfacet
  facet normal 0 -1 0
    outer loop
      vertex 79.5558 -0.799999 98.8408
      vertex 80.3424 -0.799999 99.9442
      vertex 79.2469 -0.799999 99.2127
    endloop
  endfacet
  facet normal 0 -1 -0
    outer loop
      vertex 80.0131 -0.799999 100.158
      vertex 79.2469 -0.799999 99.2127
      vertex 80.3424 -0.799999 99.9442
    endloop
  endfacet
  facet normal 0 -1 -0
    outer loop
      vertex 79.7392 -0.799999 100.457
      vertex 79.2469 -0.799999 99.2127
      vertex 80.0131 -0.799999 100.158
    endloop
  endfacet
  facet normal 0 -1 -0
    outer loop
      vertex 79.5238 -0.799999 100.837
      vertex 79.2469 -0.799999 99.2127
      vertex 79.7392 -0.799999 100.457
    endloop
  endfacet
  facet normal 0 -1 -0
    outer loop
      vertex 79.3699 -0.799999 101.295
      vertex 79.2469 -0.799999 99.2127
      vertex 79.5238 -0.799999 100.837
    endloop
  endfacet
  facet normal 0 -1 0
    outer loop
      vertex 76.3174 -0.799999 94.3282
      vertex 79.2469 -0.799999 99.2127
      vertex 76.3174 -0.799999 106.992
    endloop
  endfacet
  facet normal 0 -1 -0
    outer loop
      vertex 79.2469 -0.799999 99.2127
      vertex 76.3174 -0.799999 94.3282
      vertex 79.2469 -0.799999 94.3282
    endloop
  endfacet
  facet normal 0 -1 0
    outer loop
      vertex 81.3545 -0.799999 107.137
      vertex 81.604 -0.799999 105.068
      vertex 81.7878 -0.799999 107.207
    endloop
  endfacet
  facet normal 0 -1 0
    outer loop
      vertex 80.9497 -0.799999 107.02
      vertex 81.1673 -0.799999 105.111
      vertex 81.3545 -0.799999 107.137
    endloop
  endfacet
  facet normal 0 -1 0
    outer loop
      vertex 80.5733 -0.799999 106.857
      vertex 81.1673 -0.799999 105.111
      vertex 80.9497 -0.799999 107.02
    endloop
  endfacet
  facet normal 0 -1 0
    outer loop
      vertex 81.1673 -0.799999 105.111
      vertex 80.2188 -0.799999 106.643
      vertex 79.8795 -0.799999 106.376
    endloop
  endfacet
  facet normal 0 -1 0
    outer loop
      vertex 81.1673 -0.799999 105.111
      vertex 80.5733 -0.799999 106.857
      vertex 80.2188 -0.799999 106.643
    endloop
  endfacet
  facet normal 0 -1 0
    outer loop
      vertex 81.1673 -0.799999 105.111
      vertex 79.8795 -0.799999 106.376
      vertex 79.5556 -0.799999 106.054
    endloop
  endfacet
  facet normal 0 -1 0
    outer loop
      vertex 81.9862 -0.799999 104.94
      vertex 82.2496 -0.799999 107.231
      vertex 81.604 -0.799999 105.068
    endloop
  endfacet
  facet normal 0 -1 -0
    outer loop
      vertex 81.7878 -0.799999 107.207
      vertex 81.604 -0.799999 105.068
      vertex 82.2496 -0.799999 107.231
    endloop
  endfacet
  facet normal 0 -1 0
    outer loop
      vertex 81.604 -0.799999 105.068
      vertex 81.3545 -0.799999 107.137
      vertex 81.1673 -0.799999 105.111
    endloop
  endfacet
  facet normal 0 -1 -0
    outer loop
      vertex 82.2496 -0.799999 107.231
      vertex 81.9862 -0.799999 104.94
      vertex 83.0542 -0.799999 107.147
    endloop
  endfacet
  facet normal 0 -1 0
    outer loop
      vertex 80.3424 -0.799999 104.94
      vertex 79.5556 -0.799999 106.054
      vertex 79.2469 -0.799999 105.679
    endloop
  endfacet
  facet normal 0 -1 0
    outer loop
      vertex 82.314 -0.799999 104.726
      vertex 83.0542 -0.799999 107.147
      vertex 81.9862 -0.799999 104.94
    endloop
  endfacet
  facet normal 0 -1 -0
    outer loop
      vertex 83.7835 -0.799999 106.896
      vertex 82.314 -0.799999 104.726
      vertex 84.4376 -0.799999 106.478
    endloop
  endfacet
  facet normal 0 -1 0
    outer loop
      vertex 82.5874 -0.799999 104.427
      vertex 84.4376 -0.799999 106.478
      vertex 82.314 -0.799999 104.726
    endloop
  endfacet
  facet normal 0 -1 -0
    outer loop
      vertex 84.4376 -0.799999 106.478
      vertex 82.5874 -0.799999 104.427
      vertex 85.0163 -0.799999 105.892
    endloop
  endfacet
  facet normal 0 -1 0
    outer loop
      vertex 82.8028 -0.799999 104.047
      vertex 85.0163 -0.799999 105.892
      vertex 82.5874 -0.799999 104.427
    endloop
  endfacet
  facet normal 0 -1 -0
    outer loop
      vertex 85.0163 -0.799999 105.892
      vertex 82.8028 -0.799999 104.047
      vertex 85.4898 -0.799999 105.175
    endloop
  endfacet
  facet normal 0 -1 0
    outer loop
      vertex 82.9566 -0.799999 103.589
      vertex 85.4898 -0.799999 105.175
      vertex 82.8028 -0.799999 104.047
    endloop
  endfacet
  facet normal 0 -1 -0
    outer loop
      vertex 85.4898 -0.799999 105.175
      vertex 82.9566 -0.799999 103.589
      vertex 85.828 -0.799999 104.361
    endloop
  endfacet
  facet normal 0 -1 0
    outer loop
      vertex 82.9566 -0.799999 103.589
      vertex 86.031 -0.799999 103.452
      vertex 85.828 -0.799999 104.361
    endloop
  endfacet
  facet normal 0 -1 0
    outer loop
      vertex 83.0489 -0.799999 103.054
      vertex 86.031 -0.799999 103.452
      vertex 82.9566 -0.799999 103.589
    endloop
  endfacet
  facet normal 0 -1 0
    outer loop
      vertex 83.0489 -0.799999 103.054
      vertex 86.0986 -0.799999 102.446
      vertex 86.031 -0.799999 103.452
    endloop
  endfacet
  facet normal 0 -1 0
    outer loop
      vertex 83.0797 -0.799999 102.442
      vertex 86.0986 -0.799999 102.446
      vertex 83.0489 -0.799999 103.054
    endloop
  endfacet
  facet normal 0 -1 0
    outer loop
      vertex 83.0489 -0.799999 101.83
      vertex 86.0986 -0.799999 102.446
      vertex 83.0797 -0.799999 102.442
    endloop
  endfacet
  facet normal 0 -1 0
    outer loop
      vertex 83.0489 -0.799999 101.83
      vertex 86.031 -0.799999 101.44
      vertex 86.0986 -0.799999 102.446
    endloop
  endfacet
  facet normal 0 -1 0
    outer loop
      vertex 82.9566 -0.799999 101.295
      vertex 86.031 -0.799999 101.44
      vertex 83.0489 -0.799999 101.83
    endloop
  endfacet
  facet normal 0 -1 0
    outer loop
      vertex 85.4898 -0.799999 99.7172
      vertex 82.9566 -0.799999 101.295
      vertex 82.8028 -0.799999 100.837
    endloop
  endfacet
  facet normal 0 -1 0
    outer loop
      vertex 82.9566 -0.799999 101.295
      vertex 85.828 -0.799999 100.531
      vertex 86.031 -0.799999 101.44
    endloop
  endfacet
  facet normal 0 -1 0
    outer loop
      vertex 85.4898 -0.799999 99.7172
      vertex 82.8028 -0.799999 100.837
      vertex 82.5874 -0.799999 100.457
    endloop
  endfacet
  facet normal 0 -1 0
    outer loop
      vertex 85.4898 -0.799999 99.7172
      vertex 82.5874 -0.799999 100.457
      vertex 82.314 -0.799999 100.158
    endloop
  endfacet
  facet normal 0 -1 0
    outer loop
      vertex 85.4898 -0.799999 99.7172
      vertex 82.314 -0.799999 100.158
      vertex 81.9862 -0.799999 99.9442
    endloop
  endfacet
  facet normal 0 -1 0
    outer loop
      vertex 85.4898 -0.799999 99.7172
      vertex 81.9862 -0.799999 99.9442
      vertex 81.604 -0.799999 99.816
    endloop
  endfacet
  facet normal 0 -1 0
    outer loop
      vertex 82.9566 -0.799999 101.295
      vertex 85.4898 -0.799999 99.7172
      vertex 85.828 -0.799999 100.531
    endloop
  endfacet
  facet normal 0 -1 -0
    outer loop
      vertex 80.3424 -0.799999 99.9442
      vertex 79.8806 -0.799999 98.5213
      vertex 80.7271 -0.799999 99.816
    endloop
  endfacet
  facet normal 0 -1 0
    outer loop
      vertex 81.604 -0.799999 99.816
      vertex 85.0163 -0.799999 98.9999
      vertex 85.4898 -0.799999 99.7172
    endloop
  endfacet
  facet normal 0 -1 -0
    outer loop
      vertex 80.7271 -0.799999 99.816
      vertex 80.2211 -0.799999 98.254
      vertex 81.1673 -0.799999 99.7733
    endloop
  endfacet
  facet normal 0 -1 0
    outer loop
      vertex 80.5774 -0.799999 98.0391
      vertex 81.1673 -0.799999 99.7733
      vertex 80.2211 -0.799999 98.254
    endloop
  endfacet
  facet normal 0 -1 0
    outer loop
      vertex 82.2496 -0.799999 97.6613
      vertex 81.604 -0.799999 99.816
      vertex 81.7911 -0.799999 97.6849
    endloop
  endfacet
  facet normal 0 -1 0
    outer loop
      vertex 80.955 -0.799999 97.8738
      vertex 81.1673 -0.799999 99.7733
      vertex 80.5774 -0.799999 98.0391
    endloop
  endfacet
  facet normal 0 -1 0
    outer loop
      vertex 81.3596 -0.799999 97.7558
      vertex 81.1673 -0.799999 99.7733
      vertex 80.955 -0.799999 97.8738
    endloop
  endfacet
  facet normal -0 -1 0
    outer loop
      vertex 83.0542 -0.799999 97.745
      vertex 81.604 -0.799999 99.816
      vertex 82.2496 -0.799999 97.6613
    endloop
  endfacet
  facet normal 0 -1 0
    outer loop
      vertex 81.1673 -0.799999 99.7733
      vertex 81.3596 -0.799999 97.7558
      vertex 81.604 -0.799999 99.816
    endloop
  endfacet
  facet normal 0 -1 -0
    outer loop
      vertex 81.604 -0.799999 99.816
      vertex 81.3596 -0.799999 97.7558
      vertex 81.7911 -0.799999 97.6849
    endloop
  endfacet
  facet normal 0 -1 0
    outer loop
      vertex 81.604 -0.799999 99.816
      vertex 84.4376 -0.799999 98.4143
      vertex 85.0163 -0.799999 98.9999
    endloop
  endfacet
  facet normal 0 -1 0
    outer loop
      vertex 81.604 -0.799999 99.816
      vertex 83.7835 -0.799999 97.996
      vertex 84.4376 -0.799999 98.4143
    endloop
  endfacet
  facet normal 0 -1 0
    outer loop
      vertex 81.604 -0.799999 99.816
      vertex 83.0542 -0.799999 97.745
      vertex 83.7835 -0.799999 97.996
    endloop
  endfacet
  facet normal 0 -1 0
    outer loop
      vertex 109.056 -0.799999 95.2882
      vertex 111.969 -0.799999 97.8763
      vertex 109.056 -0.799999 97.8763
    endloop
  endfacet
  facet normal 0 -1 -0
    outer loop
      vertex 111.969 -0.799999 97.8763
      vertex 109.056 -0.799999 95.2882
      vertex 111.969 -0.799999 95.2882
    endloop
  endfacet
  facet normal 0 -1 0
    outer loop
      vertex 109.056 -0.799999 97.8763
      vertex 109.056 -0.799999 99.9576
      vertex 106.054 -0.799999 99.9576
    endloop
  endfacet
  facet normal 0 -1 0
    outer loop
      vertex 109.056 -0.799999 99.9576
      vertex 109.056 -0.799999 97.8763
      vertex 111.969 -0.799999 99.9576
    endloop
  endfacet
  facet normal 0 -1 0
    outer loop
      vertex 109.056 -0.799999 97.8763
      vertex 106.054 -0.799999 99.9576
      vertex 106.054 -0.799999 97.8763
    endloop
  endfacet
  facet normal 0 -1 0
    outer loop
      vertex 111.969 -0.799999 97.8763
      vertex 111.969 -0.799999 99.9576
      vertex 109.056 -0.799999 97.8763
    endloop
  endfacet
  facet normal 0 -1 0
    outer loop
      vertex 111.969 -0.799999 99.9576
      vertex 111.969 -0.799999 97.8763
      vertex 113.418 -0.799999 99.9576
    endloop
  endfacet
  facet normal 0 -1 -0
    outer loop
      vertex 113.418 -0.799999 99.9576
      vertex 111.969 -0.799999 97.8763
      vertex 113.418 -0.799999 97.8763
    endloop
  endfacet
  facet normal 0 -1 0
    outer loop
      vertex 107.803 -0.799999 104.911
      vertex 108.804 -0.799999 106.992
      vertex 106.306 -0.799999 106.992
    endloop
  endfacet
  facet normal 0 -1 0
    outer loop
      vertex 108.146 -0.799999 104.897
      vertex 108.804 -0.799999 106.992
      vertex 107.803 -0.799999 104.911
    endloop
  endfacet
  facet normal 0 -1 0
    outer loop
      vertex 108.647 -0.799999 104.785
      vertex 108.804 -0.799999 106.992
      vertex 108.428 -0.799999 104.855
    endloop
  endfacet
  facet normal 0 -1 -0
    outer loop
      vertex 108.804 -0.799999 106.992
      vertex 108.647 -0.799999 104.785
      vertex 109.604 -0.799999 106.947
    endloop
  endfacet
  facet normal 0 -1 -0
    outer loop
      vertex 109.604 -0.799999 106.947
      vertex 108.804 -0.799999 104.687
      vertex 110.278 -0.799999 106.812
    endloop
  endfacet
  facet normal 0 -1 0
    outer loop
      vertex 108.914 -0.799999 104.549
      vertex 110.278 -0.799999 106.812
      vertex 108.804 -0.799999 104.687
    endloop
  endfacet
  facet normal 0 -1 0
    outer loop
      vertex 107.803 -0.799999 104.911
      vertex 106.306 -0.799999 106.992
      vertex 106.306 -0.799999 104.911
    endloop
  endfacet
  facet normal 0 -1 0
    outer loop
      vertex 108.428 -0.799999 104.855
      vertex 108.804 -0.799999 106.992
      vertex 108.146 -0.799999 104.897
    endloop
  endfacet
  facet normal 0 -1 0
    outer loop
      vertex 108.804 -0.799999 104.687
      vertex 109.604 -0.799999 106.947
      vertex 108.647 -0.799999 104.785
    endloop
  endfacet
  facet normal 0 -1 -0
    outer loop
      vertex 110.278 -0.799999 106.812
      vertex 108.914 -0.799999 104.549
      vertex 110.826 -0.799999 106.587
    endloop
  endfacet
  facet normal 0 -1 -0
    outer loop
      vertex 110.826 -0.799999 106.587
      vertex 108.914 -0.799999 104.549
      vertex 111.249 -0.799999 106.272
    endloop
  endfacet
  facet normal 0 -1 -0
    outer loop
      vertex 111.249 -0.799999 106.272
      vertex 108.914 -0.799999 104.549
      vertex 111.564 -0.799999 105.85
    endloop
  endfacet
  facet normal 0 -1 -0
    outer loop
      vertex 111.564 -0.799999 105.85
      vertex 108.914 -0.799999 104.549
      vertex 111.789 -0.799999 105.301
    endloop
  endfacet
  facet normal 0 -1 0
    outer loop
      vertex 108.993 -0.799999 104.36
      vertex 111.789 -0.799999 105.301
      vertex 108.914 -0.799999 104.549
    endloop
  endfacet
  facet normal 0 -1 -0
    outer loop
      vertex 111.789 -0.799999 105.301
      vertex 108.993 -0.799999 104.36
      vertex 111.924 -0.799999 104.627
    endloop
  endfacet
  facet normal 0 -1 0
    outer loop
      vertex 109.04 -0.799999 104.12
      vertex 111.924 -0.799999 104.627
      vertex 108.993 -0.799999 104.36
    endloop
  endfacet
  facet normal 0 -1 0
    outer loop
      vertex 111.969 -0.799999 103.828
      vertex 109.04 -0.799999 104.12
      vertex 109.056 -0.799999 103.828
    endloop
  endfacet
  facet normal 0 -1 0
    outer loop
      vertex 109.04 -0.799999 104.12
      vertex 111.969 -0.799999 103.828
      vertex 111.924 -0.799999 104.627
    endloop
  endfacet
  facet normal 0 -1 0
    outer loop
      vertex 109.056 -0.799999 99.9576
      vertex 111.969 -0.799999 103.828
      vertex 109.056 -0.799999 103.828
    endloop
  endfacet
  facet normal 0 -1 -0
    outer loop
      vertex 111.969 -0.799999 103.828
      vertex 109.056 -0.799999 99.9576
      vertex 111.969 -0.799999 99.9576
    endloop
  endfacet
  facet normal 0 -1 0
    outer loop
      vertex 59.5275 -0.799999 103.844
      vertex 62.4569 -0.799999 106.992
      vertex 59.5275 -0.799999 106.992
    endloop
  endfacet
  facet normal 0 -1 -0
    outer loop
      vertex 62.4569 -0.799999 106.992
      vertex 59.5275 -0.799999 103.844
      vertex 62.4569 -0.799999 103.844
    endloop
  endfacet
  facet normal 0 -1 0
    outer loop
      vertex 64.7798 -0.799999 101.387
      vertex 67.6938 -0.799999 101.448
      vertex 64.6992 -0.799999 102.415
    endloop
  endfacet
  facet normal 0 -1 0
    outer loop
      vertex 65.0216 -0.799999 100.468
      vertex 67.6938 -0.799999 101.448
      vertex 64.7798 -0.799999 101.387
    endloop
  endfacet
  facet normal 0 -1 -0
    outer loop
      vertex 67.6938 -0.799999 101.448
      vertex 65.0216 -0.799999 100.468
      vertex 67.724 -0.799999 101.052
    endloop
  endfacet
  facet normal 0 -1 0
    outer loop
      vertex 65.4246 -0.799999 99.6572
      vertex 67.724 -0.799999 101.052
      vertex 65.0216 -0.799999 100.468
    endloop
  endfacet
  facet normal 0 -1 -0
    outer loop
      vertex 67.724 -0.799999 101.052
      vertex 65.4246 -0.799999 99.6572
      vertex 67.8148 -0.799999 100.696
    endloop
  endfacet
  facet normal 0 -1 0
    outer loop
      vertex 65.9889 -0.799999 98.9556
      vertex 67.8148 -0.799999 100.696
      vertex 65.4246 -0.799999 99.6572
    endloop
  endfacet
  facet normal 0 -1 -0
    outer loop
      vertex 67.8148 -0.799999 100.696
      vertex 65.9889 -0.799999 98.9556
      vertex 67.9661 -0.799999 100.381
    endloop
  endfacet
  facet normal 0 -1 0
    outer loop
      vertex 66.6875 -0.799999 98.3894
      vertex 67.9661 -0.799999 100.381
      vertex 65.9889 -0.799999 98.9556
    endloop
  endfacet
  facet normal 0 -1 -0
    outer loop
      vertex 67.9661 -0.799999 100.381
      vertex 66.6875 -0.799999 98.3894
      vertex 68.1779 -0.799999 100.106
    endloop
  endfacet
  facet normal 0 -1 -0
    outer loop
      vertex 68.1779 -0.799999 100.106
      vertex 66.6875 -0.799999 98.3894
      vertex 68.4386 -0.799999 99.8833
    endloop
  endfacet
  facet normal 0 -1 0
    outer loop
      vertex 67.4933 -0.799999 97.9849
      vertex 68.4386 -0.799999 99.8833
      vertex 66.6875 -0.799999 98.3894
    endloop
  endfacet
  facet normal 0 -1 -0
    outer loop
      vertex 68.4386 -0.799999 99.8833
      vertex 67.4933 -0.799999 97.9849
      vertex 68.7364 -0.799999 99.7241
    endloop
  endfacet
  facet normal 0 -1 0
    outer loop
      vertex 67.6938 -0.799999 101.448
      vertex 71.5102 -0.799999 103.245
      vertex 64.6992 -0.799999 103.245
    endloop
  endfacet
  facet normal 0 -1 0
    outer loop
      vertex 67.6938 -0.799999 101.448
      vertex 64.6992 -0.799999 103.245
      vertex 64.6992 -0.799999 102.415
    endloop
  endfacet
  facet normal 0 -1 0
    outer loop
      vertex 71.5102 -0.799999 103.245
      vertex 67.6938 -0.799999 101.448
      vertex 71.4777 -0.799999 101.448
    endloop
  endfacet
  facet normal 0 -1 -0
    outer loop
      vertex 71.5102 -0.799999 103.245
      vertex 71.4777 -0.799999 101.448
      vertex 74.4803 -0.799999 102.446
    endloop
  endfacet
  facet normal 0 -1 0
    outer loop
      vertex 71.4777 -0.799999 101.448
      vertex 74.3962 -0.799999 101.391
      vertex 74.4803 -0.799999 102.446
    endloop
  endfacet
  facet normal 0 -1 0
    outer loop
      vertex 74.1437 -0.799999 100.454
      vertex 71.4777 -0.799999 101.448
      vertex 71.3877 -0.799999 101.025
    endloop
  endfacet
  facet normal 0 -1 0
    outer loop
      vertex 73.7228 -0.799999 99.6371
      vertex 71.3877 -0.799999 101.025
      vertex 71.2478 -0.799999 100.656
    endloop
  endfacet
  facet normal 0 -1 0
    outer loop
      vertex 71.4777 -0.799999 101.448
      vertex 74.1437 -0.799999 100.454
      vertex 74.3962 -0.799999 101.391
    endloop
  endfacet
  facet normal 0 -1 0
    outer loop
      vertex 73.1336 -0.799999 98.9388
      vertex 71.2478 -0.799999 100.656
      vertex 71.0581 -0.799999 100.338
    endloop
  endfacet
  facet normal 0 -1 0
    outer loop
      vertex 72.3969 -0.799999 98.3799
      vertex 71.0581 -0.799999 100.338
      vertex 70.8186 -0.799999 100.074
    endloop
  endfacet
  facet normal 0 -1 0
    outer loop
      vertex 71.5336 -0.799999 97.9807
      vertex 70.8186 -0.799999 100.074
      vertex 70.5342 -0.799999 99.865
    endloop
  endfacet
  facet normal 0 -1 0
    outer loop
      vertex 71.5336 -0.799999 97.9807
      vertex 70.5342 -0.799999 99.865
      vertex 70.2103 -0.799999 99.7159
    endloop
  endfacet
  facet normal 0 -1 0
    outer loop
      vertex 71.3877 -0.799999 101.025
      vertex 73.7228 -0.799999 99.6371
      vertex 74.1437 -0.799999 100.454
    endloop
  endfacet
  facet normal 0 -1 0
    outer loop
      vertex 70.5436 -0.799999 97.7411
      vertex 70.2103 -0.799999 99.7159
      vertex 69.8466 -0.799999 99.6265
    endloop
  endfacet
  facet normal 0 -1 0
    outer loop
      vertex 69.427 -0.799999 97.6613
      vertex 69.8466 -0.799999 99.6265
      vertex 69.4433 -0.799999 99.5967
    endloop
  endfacet
  facet normal 0 -1 0
    outer loop
      vertex 68.4065 -0.799999 97.7422
      vertex 68.7364 -0.799999 99.7241
      vertex 67.4933 -0.799999 97.9849
    endloop
  endfacet
  facet normal 0 -1 -0
    outer loop
      vertex 69.8466 -0.799999 99.6265
      vertex 69.427 -0.799999 97.6613
      vertex 70.5436 -0.799999 97.7411
    endloop
  endfacet
  facet normal 0 -1 -0
    outer loop
      vertex 68.7364 -0.799999 99.7241
      vertex 68.4065 -0.799999 97.7422
      vertex 69.0713 -0.799999 99.6285
    endloop
  endfacet
  facet normal 0 -1 0
    outer loop
      vertex 70.2103 -0.799999 99.7159
      vertex 70.5436 -0.799999 97.7411
      vertex 71.5336 -0.799999 97.9807
    endloop
  endfacet
  facet normal 0 -1 0
    outer loop
      vertex 69.427 -0.799999 97.6613
      vertex 69.0713 -0.799999 99.6285
      vertex 68.4065 -0.799999 97.7422
    endloop
  endfacet
  facet normal 0 -1 0
    outer loop
      vertex 70.8186 -0.799999 100.074
      vertex 71.5336 -0.799999 97.9807
      vertex 72.3969 -0.799999 98.3799
    endloop
  endfacet
  facet normal 0 -1 0
    outer loop
      vertex 69.0713 -0.799999 99.6285
      vertex 69.427 -0.799999 97.6613
      vertex 69.4433 -0.799999 99.5967
    endloop
  endfacet
  facet normal 0 -1 0
    outer loop
      vertex 71.2478 -0.799999 100.656
      vertex 73.1336 -0.799999 98.9388
      vertex 73.7228 -0.799999 99.6371
    endloop
  endfacet
  facet normal 0 -1 0
    outer loop
      vertex 71.0581 -0.799999 100.338
      vertex 72.3969 -0.799999 98.3799
      vertex 73.1336 -0.799999 98.9388
    endloop
  endfacet
  facet normal 0 -1 0
    outer loop
      vertex 68.5332 -0.799999 105.278
      vertex 68.7475 -0.799999 107.218
      vertex 68.2308 -0.799999 107.181
    endloop
  endfacet
  facet normal 0 -1 0
    outer loop
      vertex 68.7475 -0.799999 107.218
      vertex 68.9958 -0.799999 105.295
      vertex 69.2643 -0.799999 107.231
    endloop
  endfacet
  facet normal 0 -1 0
    outer loop
      vertex 68.065 -0.799999 105.227
      vertex 68.2308 -0.799999 107.181
      vertex 67.714 -0.799999 107.118
    endloop
  endfacet
  facet normal 0 -1 0
    outer loop
      vertex 67.5913 -0.799999 105.142
      vertex 67.714 -0.799999 107.118
      vertex 67.1973 -0.799999 107.031
    endloop
  endfacet
  facet normal 0 -1 0
    outer loop
      vertex 67.5913 -0.799999 105.142
      vertex 67.1973 -0.799999 107.031
      vertex 66.6806 -0.799999 106.919
    endloop
  endfacet
  facet normal 0 -1 -0
    outer loop
      vertex 68.7475 -0.799999 107.218
      vertex 68.5332 -0.799999 105.278
      vertex 68.9958 -0.799999 105.295
    endloop
  endfacet
  facet normal 0 -1 0
    outer loop
      vertex 67.112 -0.799999 105.023
      vertex 66.6806 -0.799999 106.919
      vertex 66.1639 -0.799999 106.783
    endloop
  endfacet
  facet normal 0 -1 0
    outer loop
      vertex 66.6265 -0.799999 104.869
      vertex 66.1639 -0.799999 106.783
      vertex 65.6472 -0.799999 106.623
    endloop
  endfacet
  facet normal 0 -1 0
    outer loop
      vertex 69.5339 -0.799999 105.263
      vertex 69.2643 -0.799999 107.231
      vertex 68.9958 -0.799999 105.295
    endloop
  endfacet
  facet normal 0 -1 0
    outer loop
      vertex 66.1344 -0.799999 104.68
      vertex 65.6472 -0.799999 106.623
      vertex 65.1304 -0.799999 106.44
    endloop
  endfacet
  facet normal 0 -1 0
    outer loop
      vertex 70.0089 -0.799999 105.167
      vertex 70.4323 -0.799999 107.152
      vertex 69.5339 -0.799999 105.263
    endloop
  endfacet
  facet normal 0 -1 0
    outer loop
      vertex 70.4208 -0.799999 105.007
      vertex 70.4323 -0.799999 107.152
      vertex 70.0089 -0.799999 105.167
    endloop
  endfacet
  facet normal 0 -1 0
    outer loop
      vertex 69.2643 -0.799999 107.231
      vertex 69.5339 -0.799999 105.263
      vertex 70.4323 -0.799999 107.152
    endloop
  endfacet
  facet normal 0 -1 -0
    outer loop
      vertex 68.2308 -0.799999 107.181
      vertex 68.065 -0.799999 105.227
      vertex 68.5332 -0.799999 105.278
    endloop
  endfacet
  facet normal 0 -1 -0
    outer loop
      vertex 67.714 -0.799999 107.118
      vertex 67.5913 -0.799999 105.142
      vertex 68.065 -0.799999 105.227
    endloop
  endfacet
  facet normal 0 -1 0
    outer loop
      vertex 66.6806 -0.799999 106.919
      vertex 67.112 -0.799999 105.023
      vertex 67.5913 -0.799999 105.142
    endloop
  endfacet
  facet normal 0 -1 0
    outer loop
      vertex 66.1639 -0.799999 106.783
      vertex 66.6265 -0.799999 104.869
      vertex 67.112 -0.799999 105.023
    endloop
  endfacet
  facet normal 0 -1 0
    outer loop
      vertex 65.6472 -0.799999 106.623
      vertex 66.1344 -0.799999 104.68
      vertex 66.6265 -0.799999 104.869
    endloop
  endfacet
  facet normal 0 -1 0
    outer loop
      vertex 65.1304 -0.799999 106.44
      vertex 65.6357 -0.799999 104.456
      vertex 66.1344 -0.799999 104.68
    endloop
  endfacet
  facet normal -0 -1 0
    outer loop
      vertex 65.6357 -0.799999 104.456
      vertex 65.1304 -0.799999 106.44
      vertex 65.1304 -0.799999 104.197
    endloop
  endfacet
  facet normal 0 -1 -0
    outer loop
      vertex 70.4323 -0.799999 107.152
      vertex 70.4208 -0.799999 105.007
      vertex 71.4624 -0.799999 106.916
    endloop
  endfacet
  facet normal 0 -1 0
    outer loop
      vertex 70.7697 -0.799999 104.783
      vertex 71.4624 -0.799999 106.916
      vertex 70.4208 -0.799999 105.007
    endloop
  endfacet
  facet normal 0 -1 -0
    outer loop
      vertex 71.4624 -0.799999 106.916
      vertex 70.7697 -0.799999 104.783
      vertex 72.3547 -0.799999 106.523
    endloop
  endfacet
  facet normal 0 -1 0
    outer loop
      vertex 71.054 -0.799999 104.494
      vertex 72.3547 -0.799999 106.523
      vertex 70.7697 -0.799999 104.783
    endloop
  endfacet
  facet normal 0 -1 -0
    outer loop
      vertex 72.3547 -0.799999 106.523
      vertex 71.054 -0.799999 104.494
      vertex 73.1092 -0.799999 105.973
    endloop
  endfacet
  facet normal 0 -1 0
    outer loop
      vertex 71.2722 -0.799999 104.142
      vertex 73.1092 -0.799999 105.973
      vertex 71.054 -0.799999 104.494
    endloop
  endfacet
  facet normal 0 -1 -0
    outer loop
      vertex 73.1092 -0.799999 105.973
      vertex 71.2722 -0.799999 104.142
      vertex 73.7091 -0.799999 105.282
    endloop
  endfacet
  facet normal 0 -1 0
    outer loop
      vertex 71.4243 -0.799999 103.725
      vertex 73.7091 -0.799999 105.282
      vertex 71.2722 -0.799999 104.142
    endloop
  endfacet
  facet normal 0 -1 -0
    outer loop
      vertex 73.7091 -0.799999 105.282
      vertex 71.4243 -0.799999 103.725
      vertex 74.1376 -0.799999 104.463
    endloop
  endfacet
  facet normal 0 -1 0
    outer loop
      vertex 71.5102 -0.799999 103.245
      vertex 74.1376 -0.799999 104.463
      vertex 71.4243 -0.799999 103.725
    endloop
  endfacet
  facet normal 0 -1 -0
    outer loop
      vertex 74.1376 -0.799999 104.463
      vertex 71.5102 -0.799999 103.245
      vertex 74.3947 -0.799999 103.518
    endloop
  endfacet
  facet normal 0 -1 -0
    outer loop
      vertex 74.3947 -0.799999 103.518
      vertex 71.5102 -0.799999 103.245
      vertex 74.4803 -0.799999 102.446
    endloop
  endfacet
  facet normal 0 -1 0
    outer loop
      vertex 87.8946 -0.799999 106.992
      vertex 90.8322 -0.799999 105.641
      vertex 90.8322 -0.799999 106.992
    endloop
  endfacet
  facet normal 0 -1 -0
    outer loop
      vertex 94.6072 -0.799999 107.179
      vertex 93.8065 -0.799999 104.982
      vertex 95.2152 -0.799999 107.024
    endloop
  endfacet
  facet normal 0 -1 0
    outer loop
      vertex 91.1343 -0.799999 106.028
      vertex 92.3824 -0.799999 105.258
      vertex 92.777 -0.799999 105.295
    endloop
  endfacet
  facet normal 0 -1 0
    outer loop
      vertex 91.1343 -0.799999 106.028
      vertex 92.0202 -0.799999 105.148
      vertex 92.3824 -0.799999 105.258
    endloop
  endfacet
  facet normal 0 -1 0
    outer loop
      vertex 91.1343 -0.799999 106.028
      vertex 91.6907 -0.799999 104.964
      vertex 92.0202 -0.799999 105.148
    endloop
  endfacet
  facet normal 0 -1 0
    outer loop
      vertex 90.9725 -0.799999 104.043
      vertex 90.8322 -0.799999 105.641
      vertex 87.8946 -0.799999 106.992
    endloop
  endfacet
  facet normal 0 -1 0
    outer loop
      vertex 90.8322 -0.799999 105.641
      vertex 91.3937 -0.799999 104.706
      vertex 91.6907 -0.799999 104.964
    endloop
  endfacet
  facet normal 0 -1 0
    outer loop
      vertex 90.8322 -0.799999 105.641
      vertex 91.148 -0.799999 104.393
      vertex 91.3937 -0.799999 104.706
    endloop
  endfacet
  facet normal 0 -1 0
    outer loop
      vertex 90.8322 -0.799999 105.641
      vertex 90.9725 -0.799999 104.043
      vertex 91.148 -0.799999 104.393
    endloop
  endfacet
  facet normal 0 -1 0
    outer loop
      vertex 87.8946 -0.799999 106.992
      vertex 90.8673 -0.799999 103.656
      vertex 90.9725 -0.799999 104.043
    endloop
  endfacet
  facet normal 0 -1 0
    outer loop
      vertex 87.8946 -0.799999 101.799
      vertex 90.8673 -0.799999 103.656
      vertex 87.8946 -0.799999 106.992
    endloop
  endfacet
  facet normal 0 -1 0
    outer loop
      vertex 90.8673 -0.799999 103.656
      vertex 87.8946 -0.799999 101.799
      vertex 90.8322 -0.799999 103.232
    endloop
  endfacet
  facet normal 0 -1 0
    outer loop
      vertex 90.8322 -0.799999 101.163
      vertex 92.3457 -0.799999 102.899
      vertex 90.8322 -0.799999 102.899
    endloop
  endfacet
  facet normal -0 -1 0
    outer loop
      vertex 95.3818 -0.799999 101.584
      vertex 92.3457 -0.799999 102.899
      vertex 94.5948 -0.799999 101.35
    endloop
  endfacet
  facet normal -0 -1 0
    outer loop
      vertex 96.0117 -0.799999 101.912
      vertex 92.3457 -0.799999 102.899
      vertex 95.3818 -0.799999 101.584
    endloop
  endfacet
  facet normal 0 -1 -0
    outer loop
      vertex 90.8322 -0.799999 103.232
      vertex 87.8946 -0.799999 101.799
      vertex 90.8322 -0.799999 102.899
    endloop
  endfacet
  facet normal 0 -1 0
    outer loop
      vertex 90.8322 -0.799999 101.163
      vertex 90.8322 -0.799999 102.899
      vertex 87.8946 -0.799999 101.799
    endloop
  endfacet
  facet normal 0 -1 0
    outer loop
      vertex 92.3457 -0.799999 102.899
      vertex 92.5493 -0.799999 101.163
      vertex 93.6506 -0.799999 101.21
    endloop
  endfacet
  facet normal 0 -1 0
    outer loop
      vertex 92.3457 -0.799999 102.899
      vertex 93.6506 -0.799999 101.21
      vertex 94.5948 -0.799999 101.35
    endloop
  endfacet
  facet normal 0 -1 0
    outer loop
      vertex 92.3457 -0.799999 102.899
      vertex 96.0117 -0.799999 101.912
      vertex 96.8387 -0.799999 102.873
    endloop
  endfacet
  facet normal 0 -1 -0
    outer loop
      vertex 92.3457 -0.799999 102.899
      vertex 90.8322 -0.799999 101.163
      vertex 92.5493 -0.799999 101.163
    endloop
  endfacet
  facet normal 0 -1 0
    outer loop
      vertex 87.963 -0.799999 100.78
      vertex 90.8322 -0.799999 101.163
      vertex 87.8946 -0.799999 101.799
    endloop
  endfacet
  facet normal 0 -1 -0
    outer loop
      vertex 90.8322 -0.799999 101.163
      vertex 87.963 -0.799999 100.78
      vertex 90.8322 -0.799999 100.933
    endloop
  endfacet
  facet normal 0 -1 0
    outer loop
      vertex 88.1682 -0.799999 99.9124
      vertex 90.8322 -0.799999 100.933
      vertex 87.963 -0.799999 100.78
    endloop
  endfacet
  facet normal 0 -1 -0
    outer loop
      vertex 90.8322 -0.799999 100.933
      vertex 88.1682 -0.799999 99.9124
      vertex 90.8663 -0.799999 100.61
    endloop
  endfacet
  facet normal 0 -1 0
    outer loop
      vertex 88.5102 -0.799999 99.1974
      vertex 90.8663 -0.799999 100.61
      vertex 88.1682 -0.799999 99.9124
    endloop
  endfacet
  facet normal 0 -1 -0
    outer loop
      vertex 90.8663 -0.799999 100.61
      vertex 88.5102 -0.799999 99.1974
      vertex 90.9685 -0.799999 100.333
    endloop
  endfacet
  facet normal 0 -1 0
    outer loop
      vertex 88.9891 -0.799999 98.6346
      vertex 90.9685 -0.799999 100.333
      vertex 88.5102 -0.799999 99.1974
    endloop
  endfacet
  facet normal 0 -1 0
    outer loop
      vertex 89.6221 -0.799999 98.2088
      vertex 90.9685 -0.799999 100.333
      vertex 88.9891 -0.799999 98.6346
    endloop
  endfacet
  facet normal 0 -1 -0
    outer loop
      vertex 90.9685 -0.799999 100.333
      vertex 89.6221 -0.799999 98.2088
      vertex 91.1389 -0.799999 100.103
    endloop
  endfacet
  facet normal 0 -1 0
    outer loop
      vertex 90.4264 -0.799999 97.9046
      vertex 91.1389 -0.799999 100.103
      vertex 89.6221 -0.799999 98.2088
    endloop
  endfacet
  facet normal 0 -1 -0
    outer loop
      vertex 91.3775 -0.799999 99.9186
      vertex 90.4264 -0.799999 97.9046
      vertex 91.6882 -0.799999 99.7778
    endloop
  endfacet
  facet normal 0 -1 -0
    outer loop
      vertex 91.1389 -0.799999 100.103
      vertex 90.4264 -0.799999 97.9046
      vertex 91.3775 -0.799999 99.9186
    endloop
  endfacet
  facet normal 0 -1 0
    outer loop
      vertex 92.9622 -0.799999 107.136
      vertex 93.0885 -0.799999 105.276
      vertex 93.4275 -0.799999 107.207
    endloop
  endfacet
  facet normal 0 -1 0
    outer loop
      vertex 92.5365 -0.799999 107.017
      vertex 92.777 -0.799999 105.295
      vertex 92.9622 -0.799999 107.136
    endloop
  endfacet
  facet normal 0 -1 0
    outer loop
      vertex 93.364 -0.799999 105.217
      vertex 93.4275 -0.799999 107.207
      vertex 93.0885 -0.799999 105.276
    endloop
  endfacet
  facet normal 0 -1 0
    outer loop
      vertex 92.1505 -0.799999 106.851
      vertex 92.777 -0.799999 105.295
      vertex 92.5365 -0.799999 107.017
    endloop
  endfacet
  facet normal 0 -1 0
    outer loop
      vertex 91.7934 -0.799999 106.634
      vertex 92.777 -0.799999 105.295
      vertex 92.1505 -0.799999 106.851
    endloop
  endfacet
  facet normal 0 -1 -0
    outer loop
      vertex 93.4275 -0.799999 107.207
      vertex 93.364 -0.799999 105.217
      vertex 93.9325 -0.799999 107.231
    endloop
  endfacet
  facet normal 0 -1 0
    outer loop
      vertex 92.777 -0.799999 105.295
      vertex 91.7934 -0.799999 106.634
      vertex 91.4547 -0.799999 106.359
    endloop
  endfacet
  facet normal 0 -1 0
    outer loop
      vertex 93.6033 -0.799999 105.119
      vertex 93.9325 -0.799999 107.231
      vertex 93.364 -0.799999 105.217
    endloop
  endfacet
  facet normal 0 -1 0
    outer loop
      vertex 92.777 -0.799999 105.295
      vertex 91.4547 -0.799999 106.359
      vertex 91.1343 -0.799999 106.028
    endloop
  endfacet
  facet normal 0 -1 0
    outer loop
      vertex 93.0885 -0.799999 105.276
      vertex 92.9622 -0.799999 107.136
      vertex 92.777 -0.799999 105.295
    endloop
  endfacet
  facet normal 0 -1 -0
    outer loop
      vertex 93.9325 -0.799999 107.231
      vertex 93.6033 -0.799999 105.119
      vertex 94.6072 -0.799999 107.179
    endloop
  endfacet
  facet normal 0 -1 0
    outer loop
      vertex 91.6907 -0.799999 104.964
      vertex 91.1343 -0.799999 106.028
      vertex 90.8322 -0.799999 105.641
    endloop
  endfacet
  facet normal 0 -1 0
    outer loop
      vertex 93.8065 -0.799999 104.982
      vertex 94.6072 -0.799999 107.179
      vertex 93.6033 -0.799999 105.119
    endloop
  endfacet
  facet normal 0 -1 0
    outer loop
      vertex 93.9685 -0.799999 104.811
      vertex 95.2152 -0.799999 107.024
      vertex 93.8065 -0.799999 104.982
    endloop
  endfacet
  facet normal 0 -1 -0
    outer loop
      vertex 95.2152 -0.799999 107.024
      vertex 93.9685 -0.799999 104.811
      vertex 95.7567 -0.799999 106.766
    endloop
  endfacet
  facet normal 0 -1 -0
    outer loop
      vertex 95.7567 -0.799999 106.766
      vertex 93.9685 -0.799999 104.811
      vertex 96.2315 -0.799999 106.405
    endloop
  endfacet
  facet normal 0 -1 0
    outer loop
      vertex 94.0842 -0.799999 104.61
      vertex 96.2315 -0.799999 106.405
      vertex 93.9685 -0.799999 104.811
    endloop
  endfacet
  facet normal 0 -1 -0
    outer loop
      vertex 96.2315 -0.799999 106.405
      vertex 94.0842 -0.799999 104.61
      vertex 96.6177 -0.799999 105.962
    endloop
  endfacet
  facet normal 0 -1 -0
    outer loop
      vertex 96.6177 -0.799999 105.962
      vertex 94.0842 -0.799999 104.61
      vertex 96.8936 -0.799999 105.457
    endloop
  endfacet
  facet normal 0 -1 0
    outer loop
      vertex 94.1536 -0.799999 104.379
      vertex 96.8936 -0.799999 105.457
      vertex 94.0842 -0.799999 104.61
    endloop
  endfacet
  facet normal 0 -1 -0
    outer loop
      vertex 96.8936 -0.799999 105.457
      vertex 94.1536 -0.799999 104.379
      vertex 97.0591 -0.799999 104.89
    endloop
  endfacet
  facet normal 0 -1 0
    outer loop
      vertex 94.1536 -0.799999 104.379
      vertex 97.1143 -0.799999 104.262
      vertex 97.0591 -0.799999 104.89
    endloop
  endfacet
  facet normal 0 -1 0
    outer loop
      vertex 94.1767 -0.799999 104.117
      vertex 97.1143 -0.799999 104.262
      vertex 94.1536 -0.799999 104.379
    endloop
  endfacet
  facet normal 0 -1 0
    outer loop
      vertex 97.0454 -0.799999 103.514
      vertex 94.1767 -0.799999 104.117
      vertex 94.148 -0.799999 103.835
    endloop
  endfacet
  facet normal 0 -1 0
    outer loop
      vertex 96.8387 -0.799999 102.873
      vertex 94.148 -0.799999 103.835
      vertex 94.0618 -0.799999 103.589
    endloop
  endfacet
  facet normal 0 -1 0
    outer loop
      vertex 94.1767 -0.799999 104.117
      vertex 97.0454 -0.799999 103.514
      vertex 97.1143 -0.799999 104.262
    endloop
  endfacet
  facet normal 0 -1 0
    outer loop
      vertex 96.8387 -0.799999 102.873
      vertex 94.0618 -0.799999 103.589
      vertex 93.9181 -0.799999 103.38
    endloop
  endfacet
  facet normal 0 -1 0
    outer loop
      vertex 96.8387 -0.799999 102.873
      vertex 93.9181 -0.799999 103.38
      vertex 93.717 -0.799999 103.208
    endloop
  endfacet
  facet normal 0 -1 0
    outer loop
      vertex 96.8387 -0.799999 102.873
      vertex 93.717 -0.799999 103.208
      vertex 93.4588 -0.799999 103.073
    endloop
  endfacet
  facet normal 0 -1 0
    outer loop
      vertex 96.8387 -0.799999 102.873
      vertex 93.4588 -0.799999 103.073
      vertex 93.1442 -0.799999 102.976
    endloop
  endfacet
  facet normal 0 -1 0
    outer loop
      vertex 96.8387 -0.799999 102.873
      vertex 93.1442 -0.799999 102.976
      vertex 92.7732 -0.799999 102.918
    endloop
  endfacet
  facet normal 0 -1 0
    outer loop
      vertex 94.148 -0.799999 103.835
      vertex 96.8387 -0.799999 102.873
      vertex 97.0454 -0.799999 103.514
    endloop
  endfacet
  facet normal 0 -1 0
    outer loop
      vertex 96.8387 -0.799999 102.873
      vertex 92.7732 -0.799999 102.918
      vertex 92.3457 -0.799999 102.899
    endloop
  endfacet
  facet normal 0 -1 0
    outer loop
      vertex 96.8387 -0.799999 102.873
      vertex 96.0117 -0.799999 101.912
      vertex 96.4941 -0.799999 102.339
    endloop
  endfacet
  facet normal 0 -1 0
    outer loop
      vertex 91.4021 -0.799999 97.7221
      vertex 91.6882 -0.799999 99.7778
      vertex 90.4264 -0.799999 97.9046
    endloop
  endfacet
  facet normal 0 -1 0
    outer loop
      vertex 92.5493 -0.799999 97.6613
      vertex 92.0752 -0.799999 99.6772
      vertex 91.4021 -0.799999 97.7221
    endloop
  endfacet
  facet normal 0 -1 -0
    outer loop
      vertex 91.6882 -0.799999 99.7778
      vertex 91.4021 -0.799999 97.7221
      vertex 92.0752 -0.799999 99.6772
    endloop
  endfacet
  facet normal 0 -1 0
    outer loop
      vertex 92.0752 -0.799999 99.6772
      vertex 92.5493 -0.799999 97.6613
      vertex 92.5385 -0.799999 99.6168
    endloop
  endfacet
  facet normal 0 -1 0
    outer loop
      vertex 92.5385 -0.799999 99.6168
      vertex 92.5493 -0.799999 97.6613
      vertex 93.0781 -0.799999 99.5967
    endloop
  endfacet
  facet normal -0 -1 0
    outer loop
      vertex 93.0212 -0.799999 97.6686
      vertex 93.0781 -0.799999 99.5967
      vertex 92.5493 -0.799999 97.6613
    endloop
  endfacet
  facet normal -0 -1 0
    outer loop
      vertex 93.4932 -0.799999 97.6906
      vertex 93.0781 -0.799999 99.5967
      vertex 93.0212 -0.799999 97.6686
    endloop
  endfacet
  facet normal 0 -1 0
    outer loop
      vertex 95.9639 -0.799999 100.167
      vertex 96.3169 -0.799999 98.1221
      vertex 96.3169 -0.799999 100.342
    endloop
  endfacet
  facet normal 0 -1 0
    outer loop
      vertex 95.5967 -0.799999 100.016
      vertex 96.3169 -0.799999 98.1221
      vertex 95.9639 -0.799999 100.167
    endloop
  endfacet
  facet normal 0 -1 0
    outer loop
      vertex 95.8485 -0.799999 98.0158
      vertex 95.5967 -0.799999 100.016
      vertex 95.2153 -0.799999 99.8877
    endloop
  endfacet
  facet normal 0 -1 0
    outer loop
      vertex 93.0781 -0.799999 99.5967
      vertex 93.4932 -0.799999 97.6906
      vertex 93.5379 -0.799999 99.6083
    endloop
  endfacet
  facet normal 0 -1 0
    outer loop
      vertex 95.5967 -0.799999 100.016
      vertex 95.8485 -0.799999 98.0158
      vertex 96.3169 -0.799999 98.1221
    endloop
  endfacet
  facet normal 0 -1 0
    outer loop
      vertex 95.2153 -0.799999 99.8877
      vertex 95.3791 -0.799999 97.9231
      vertex 95.8485 -0.799999 98.0158
    endloop
  endfacet
  facet normal -0 -1 0
    outer loop
      vertex 93.9652 -0.799999 97.7272
      vertex 93.5379 -0.799999 99.6083
      vertex 93.4932 -0.799999 97.6906
    endloop
  endfacet
  facet normal 0 -1 0
    outer loop
      vertex 94.8197 -0.799999 99.7829
      vertex 95.3791 -0.799999 97.9231
      vertex 95.2153 -0.799999 99.8877
    endloop
  endfacet
  facet normal -0 -1 0
    outer loop
      vertex 95.3791 -0.799999 97.9231
      vertex 94.8197 -0.799999 99.7829
      vertex 94.9087 -0.799999 97.844
    endloop
  endfacet
  facet normal 0 -1 0
    outer loop
      vertex 94.4087 -0.799999 99.7014
      vertex 94.9087 -0.799999 97.844
      vertex 94.8197 -0.799999 99.7829
    endloop
  endfacet
  facet normal 0 -1 0
    outer loop
      vertex 93.5379 -0.799999 99.6083
      vertex 93.9652 -0.799999 97.7272
      vertex 93.9814 -0.799999 99.6432
    endloop
  endfacet
  facet normal -0 -1 0
    outer loop
      vertex 94.9087 -0.799999 97.844
      vertex 94.4087 -0.799999 99.7014
      vertex 94.4372 -0.799999 97.7785
    endloop
  endfacet
  facet normal 0 -1 0
    outer loop
      vertex 93.9814 -0.799999 99.6432
      vertex 94.4372 -0.799999 97.7785
      vertex 94.4087 -0.799999 99.7014
    endloop
  endfacet
  facet normal -0 -1 0
    outer loop
      vertex 94.4372 -0.799999 97.7785
      vertex 93.9814 -0.799999 99.6432
      vertex 93.9652 -0.799999 97.7272
    endloop
  endfacet
  facet normal 0 -1 0
    outer loop
      vertex 47.5579 -0.799999 101.387
      vertex 50.4719 -0.799999 101.448
      vertex 47.4773 -0.799999 102.415
    endloop
  endfacet
  facet normal 0 -1 0
    outer loop
      vertex 47.7997 -0.799999 100.468
      vertex 50.4719 -0.799999 101.448
      vertex 47.5579 -0.799999 101.387
    endloop
  endfacet
  facet normal 0 -1 -0
    outer loop
      vertex 50.4719 -0.799999 101.448
      vertex 47.7997 -0.799999 100.468
      vertex 50.5021 -0.799999 101.052
    endloop
  endfacet
  facet normal 0 -1 0
    outer loop
      vertex 48.2028 -0.799999 99.6572
      vertex 50.5021 -0.799999 101.052
      vertex 47.7997 -0.799999 100.468
    endloop
  endfacet
  facet normal 0 -1 -0
    outer loop
      vertex 50.5021 -0.799999 101.052
      vertex 48.2028 -0.799999 99.6572
      vertex 50.5929 -0.799999 100.696
    endloop
  endfacet
  facet normal 0 -1 0
    outer loop
      vertex 48.767 -0.799999 98.9556
      vertex 50.5929 -0.799999 100.696
      vertex 48.2028 -0.799999 99.6572
    endloop
  endfacet
  facet normal 0 -1 -0
    outer loop
      vertex 50.5929 -0.799999 100.696
      vertex 48.767 -0.799999 98.9556
      vertex 50.7442 -0.799999 100.381
    endloop
  endfacet
  facet normal 0 -1 0
    outer loop
      vertex 49.4656 -0.799999 98.3894
      vertex 50.7442 -0.799999 100.381
      vertex 48.767 -0.799999 98.9556
    endloop
  endfacet
  facet normal 0 -1 -0
    outer loop
      vertex 50.7442 -0.799999 100.381
      vertex 49.4656 -0.799999 98.3894
      vertex 50.9561 -0.799999 100.106
    endloop
  endfacet
  facet normal 0 -1 -0
    outer loop
      vertex 50.9561 -0.799999 100.106
      vertex 49.4656 -0.799999 98.3894
      vertex 51.2167 -0.799999 99.8833
    endloop
  endfacet
  facet normal 0 -1 0
    outer loop
      vertex 50.2715 -0.799999 97.9849
      vertex 51.2167 -0.799999 99.8833
      vertex 49.4656 -0.799999 98.3894
    endloop
  endfacet
  facet normal 0 -1 -0
    outer loop
      vertex 51.2167 -0.799999 99.8833
      vertex 50.2715 -0.799999 97.9849
      vertex 51.5145 -0.799999 99.7241
    endloop
  endfacet
  facet normal 0 -1 0
    outer loop
      vertex 50.4719 -0.799999 101.448
      vertex 54.2884 -0.799999 103.245
      vertex 47.4773 -0.799999 103.245
    endloop
  endfacet
  facet normal 0 -1 0
    outer loop
      vertex 50.4719 -0.799999 101.448
      vertex 47.4773 -0.799999 103.245
      vertex 47.4773 -0.799999 102.415
    endloop
  endfacet
  facet normal 0 -1 0
    outer loop
      vertex 54.2884 -0.799999 103.245
      vertex 50.4719 -0.799999 101.448
      vertex 54.2558 -0.799999 101.448
    endloop
  endfacet
  facet normal 0 -1 -0
    outer loop
      vertex 54.2884 -0.799999 103.245
      vertex 54.2558 -0.799999 101.448
      vertex 57.2585 -0.799999 102.446
    endloop
  endfacet
  facet normal 0 -1 0
    outer loop
      vertex 54.2558 -0.799999 101.448
      vertex 57.1743 -0.799999 101.391
      vertex 57.2585 -0.799999 102.446
    endloop
  endfacet
  facet normal 0 -1 0
    outer loop
      vertex 56.9218 -0.799999 100.454
      vertex 54.2558 -0.799999 101.448
      vertex 54.1658 -0.799999 101.025
    endloop
  endfacet
  facet normal 0 -1 0
    outer loop
      vertex 56.5009 -0.799999 99.6371
      vertex 54.1658 -0.799999 101.025
      vertex 54.0259 -0.799999 100.656
    endloop
  endfacet
  facet normal 0 -1 0
    outer loop
      vertex 54.2558 -0.799999 101.448
      vertex 56.9218 -0.799999 100.454
      vertex 57.1743 -0.799999 101.391
    endloop
  endfacet
  facet normal 0 -1 0
    outer loop
      vertex 55.9117 -0.799999 98.9388
      vertex 54.0259 -0.799999 100.656
      vertex 53.8362 -0.799999 100.338
    endloop
  endfacet
  facet normal 0 -1 0
    outer loop
      vertex 55.175 -0.799999 98.3799
      vertex 53.8362 -0.799999 100.338
      vertex 53.5967 -0.799999 100.074
    endloop
  endfacet
  facet normal 0 -1 0
    outer loop
      vertex 54.3117 -0.799999 97.9807
      vertex 53.5967 -0.799999 100.074
      vertex 53.3124 -0.799999 99.865
    endloop
  endfacet
  facet normal 0 -1 0
    outer loop
      vertex 54.3117 -0.799999 97.9807
      vertex 53.3124 -0.799999 99.865
      vertex 52.9884 -0.799999 99.7159
    endloop
  endfacet
  facet normal 0 -1 0
    outer loop
      vertex 54.1658 -0.799999 101.025
      vertex 56.5009 -0.799999 99.6371
      vertex 56.9218 -0.799999 100.454
    endloop
  endfacet
  facet normal 0 -1 0
    outer loop
      vertex 53.3217 -0.799999 97.7411
      vertex 52.9884 -0.799999 99.7159
      vertex 52.6248 -0.799999 99.6265
    endloop
  endfacet
  facet normal 0 -1 0
    outer loop
      vertex 52.2052 -0.799999 97.6613
      vertex 52.6248 -0.799999 99.6265
      vertex 52.2215 -0.799999 99.5967
    endloop
  endfacet
  facet normal 0 -1 0
    outer loop
      vertex 51.1846 -0.799999 97.7422
      vertex 51.5145 -0.799999 99.7241
      vertex 50.2715 -0.799999 97.9849
    endloop
  endfacet
  facet normal 0 -1 -0
    outer loop
      vertex 52.6248 -0.799999 99.6265
      vertex 52.2052 -0.799999 97.6613
      vertex 53.3217 -0.799999 97.7411
    endloop
  endfacet
  facet normal 0 -1 -0
    outer loop
      vertex 51.5145 -0.799999 99.7241
      vertex 51.1846 -0.799999 97.7422
      vertex 51.8494 -0.799999 99.6285
    endloop
  endfacet
  facet normal 0 -1 0
    outer loop
      vertex 52.9884 -0.799999 99.7159
      vertex 53.3217 -0.799999 97.7411
      vertex 54.3117 -0.799999 97.9807
    endloop
  endfacet
  facet normal 0 -1 0
    outer loop
      vertex 52.2052 -0.799999 97.6613
      vertex 51.8494 -0.799999 99.6285
      vertex 51.1846 -0.799999 97.7422
    endloop
  endfacet
  facet normal 0 -1 0
    outer loop
      vertex 53.5967 -0.799999 100.074
      vertex 54.3117 -0.799999 97.9807
      vertex 55.175 -0.799999 98.3799
    endloop
  endfacet
  facet normal 0 -1 0
    outer loop
      vertex 51.8494 -0.799999 99.6285
      vertex 52.2052 -0.799999 97.6613
      vertex 52.2215 -0.799999 99.5967
    endloop
  endfacet
  facet normal 0 -1 0
    outer loop
      vertex 54.0259 -0.799999 100.656
      vertex 55.9117 -0.799999 98.9388
      vertex 56.5009 -0.799999 99.6371
    endloop
  endfacet
  facet normal 0 -1 0
    outer loop
      vertex 53.8362 -0.799999 100.338
      vertex 55.175 -0.799999 98.3799
      vertex 55.9117 -0.799999 98.9388
    endloop
  endfacet
  facet normal 0 -1 0
    outer loop
      vertex 51.3113 -0.799999 105.278
      vertex 51.5257 -0.799999 107.218
      vertex 51.0089 -0.799999 107.181
    endloop
  endfacet
  facet normal 0 -1 0
    outer loop
      vertex 51.5257 -0.799999 107.218
      vertex 51.7739 -0.799999 105.295
      vertex 52.0424 -0.799999 107.231
    endloop
  endfacet
  facet normal 0 -1 0
    outer loop
      vertex 50.8432 -0.799999 105.227
      vertex 51.0089 -0.799999 107.181
      vertex 50.4922 -0.799999 107.118
    endloop
  endfacet
  facet normal 0 -1 0
    outer loop
      vertex 50.3694 -0.799999 105.142
      vertex 50.4922 -0.799999 107.118
      vertex 49.9754 -0.799999 107.031
    endloop
  endfacet
  facet normal 0 -1 0
    outer loop
      vertex 50.3694 -0.799999 105.142
      vertex 49.9754 -0.799999 107.031
      vertex 49.4587 -0.799999 106.919
    endloop
  endfacet
  facet normal 0 -1 -0
    outer loop
      vertex 51.5257 -0.799999 107.218
      vertex 51.3113 -0.799999 105.278
      vertex 51.7739 -0.799999 105.295
    endloop
  endfacet
  facet normal 0 -1 0
    outer loop
      vertex 49.8901 -0.799999 105.023
      vertex 49.4587 -0.799999 106.919
      vertex 48.942 -0.799999 106.783
    endloop
  endfacet
  facet normal 0 -1 0
    outer loop
      vertex 49.4046 -0.799999 104.869
      vertex 48.942 -0.799999 106.783
      vertex 48.4253 -0.799999 106.623
    endloop
  endfacet
  facet normal 0 -1 0
    outer loop
      vertex 52.312 -0.799999 105.263
      vertex 52.0424 -0.799999 107.231
      vertex 51.7739 -0.799999 105.295
    endloop
  endfacet
  facet normal 0 -1 0
    outer loop
      vertex 48.9126 -0.799999 104.68
      vertex 48.4253 -0.799999 106.623
      vertex 47.9086 -0.799999 106.44
    endloop
  endfacet
  facet normal 0 -1 0
    outer loop
      vertex 52.787 -0.799999 105.167
      vertex 53.2104 -0.799999 107.152
      vertex 52.312 -0.799999 105.263
    endloop
  endfacet
  facet normal 0 -1 0
    outer loop
      vertex 53.199 -0.799999 105.007
      vertex 53.2104 -0.799999 107.152
      vertex 52.787 -0.799999 105.167
    endloop
  endfacet
  facet normal 0 -1 0
    outer loop
      vertex 52.0424 -0.799999 107.231
      vertex 52.312 -0.799999 105.263
      vertex 53.2104 -0.799999 107.152
    endloop
  endfacet
  facet normal 0 -1 -0
    outer loop
      vertex 51.0089 -0.799999 107.181
      vertex 50.8432 -0.799999 105.227
      vertex 51.3113 -0.799999 105.278
    endloop
  endfacet
  facet normal 0 -1 -0
    outer loop
      vertex 50.4922 -0.799999 107.118
      vertex 50.3694 -0.799999 105.142
      vertex 50.8432 -0.799999 105.227
    endloop
  endfacet
  facet normal 0 -1 0
    outer loop
      vertex 49.4587 -0.799999 106.919
      vertex 49.8901 -0.799999 105.023
      vertex 50.3694 -0.799999 105.142
    endloop
  endfacet
  facet normal 0 -1 0
    outer loop
      vertex 48.942 -0.799999 106.783
      vertex 49.4046 -0.799999 104.869
      vertex 49.8901 -0.799999 105.023
    endloop
  endfacet
  facet normal 0 -1 0
    outer loop
      vertex 48.4253 -0.799999 106.623
      vertex 48.9126 -0.799999 104.68
      vertex 49.4046 -0.799999 104.869
    endloop
  endfacet
  facet normal 0 -1 0
    outer loop
      vertex 47.9086 -0.799999 106.44
      vertex 48.4139 -0.799999 104.456
      vertex 48.9126 -0.799999 104.68
    endloop
  endfacet
  facet normal -0 -1 0
    outer loop
      vertex 48.4139 -0.799999 104.456
      vertex 47.9086 -0.799999 106.44
      vertex 47.9086 -0.799999 104.197
    endloop
  endfacet
  facet normal 0 -1 -0
    outer loop
      vertex 53.2104 -0.799999 107.152
      vertex 53.199 -0.799999 105.007
      vertex 54.2405 -0.799999 106.916
    endloop
  endfacet
  facet normal 0 -1 0
    outer loop
      vertex 53.5478 -0.799999 104.783
      vertex 54.2405 -0.799999 106.916
      vertex 53.199 -0.799999 105.007
    endloop
  endfacet
  facet normal 0 -1 -0
    outer loop
      vertex 54.2405 -0.799999 106.916
      vertex 53.5478 -0.799999 104.783
      vertex 55.1328 -0.799999 106.523
    endloop
  endfacet
  facet normal 0 -1 0
    outer loop
      vertex 53.8321 -0.799999 104.494
      vertex 55.1328 -0.799999 106.523
      vertex 53.5478 -0.799999 104.783
    endloop
  endfacet
  facet normal 0 -1 -0
    outer loop
      vertex 55.1328 -0.799999 106.523
      vertex 53.8321 -0.799999 104.494
      vertex 55.8874 -0.799999 105.973
    endloop
  endfacet
  facet normal 0 -1 0
    outer loop
      vertex 54.0503 -0.799999 104.142
      vertex 55.8874 -0.799999 105.973
      vertex 53.8321 -0.799999 104.494
    endloop
  endfacet
  facet normal 0 -1 -0
    outer loop
      vertex 55.8874 -0.799999 105.973
      vertex 54.0503 -0.799999 104.142
      vertex 56.4872 -0.799999 105.282
    endloop
  endfacet
  facet normal 0 -1 0
    outer loop
      vertex 54.2024 -0.799999 103.725
      vertex 56.4872 -0.799999 105.282
      vertex 54.0503 -0.799999 104.142
    endloop
  endfacet
  facet normal 0 -1 -0
    outer loop
      vertex 56.4872 -0.799999 105.282
      vertex 54.2024 -0.799999 103.725
      vertex 56.9157 -0.799999 104.463
    endloop
  endfacet
  facet normal 0 -1 0
    outer loop
      vertex 54.2884 -0.799999 103.245
      vertex 56.9157 -0.799999 104.463
      vertex 54.2024 -0.799999 103.725
    endloop
  endfacet
  facet normal 0 -1 -0
    outer loop
      vertex 56.9157 -0.799999 104.463
      vertex 54.2884 -0.799999 103.245
      vertex 57.1728 -0.799999 103.518
    endloop
  endfacet
  facet normal 0 -1 -0
    outer loop
      vertex 57.1728 -0.799999 103.518
      vertex 54.2884 -0.799999 103.245
      vertex 57.2585 -0.799999 102.446
    endloop
  endfacet
  facet normal 0 -1 0
    outer loop
      vertex 99.454 -0.799999 97.7642
      vertex 99.2088 -0.799999 100.011
      vertex 99.0179 -0.799999 100.017
    endloop
  endfacet
  facet normal 0 -1 0
    outer loop
      vertex 98.9996 -0.799999 97.687
      vertex 99.0179 -0.799999 100.017
      vertex 98.8274 -0.799999 100.033
    endloop
  endfacet
  facet normal 0 -1 0
    outer loop
      vertex 98.509 -0.799999 97.6613
      vertex 98.8274 -0.799999 100.033
      vertex 98.6375 -0.799999 100.06
    endloop
  endfacet
  facet normal 0 -1 0
    outer loop
      vertex 98.2755 -0.799999 97.6681
      vertex 98.6375 -0.799999 100.06
      vertex 98.4481 -0.799999 100.098
    endloop
  endfacet
  facet normal 0 -1 0
    outer loop
      vertex 99.2088 -0.799999 100.011
      vertex 101.253 -0.799999 98.9635
      vertex 101.544 -0.799999 99.3816
    endloop
  endfacet
  facet normal 0 -1 0
    outer loop
      vertex 97.9821 -0.799999 97.6922
      vertex 98.4481 -0.799999 100.098
      vertex 98.2586 -0.799999 100.147
    endloop
  endfacet
  facet normal 0 -1 0
    outer loop
      vertex 97.6953 -0.799999 97.725
      vertex 98.2586 -0.799999 100.147
      vertex 98.0686 -0.799999 100.208
    endloop
  endfacet
  facet normal 0 -1 0
    outer loop
      vertex 97.6953 -0.799999 97.725
      vertex 98.0686 -0.799999 100.208
      vertex 97.8781 -0.799999 100.28
    endloop
  endfacet
  facet normal 0 -1 0
    outer loop
      vertex 99.2088 -0.799999 100.011
      vertex 100.941 -0.799999 98.606
      vertex 101.253 -0.799999 98.9635
    endloop
  endfacet
  facet normal 0 -1 0
    outer loop
      vertex 97.6953 -0.799999 97.725
      vertex 97.8781 -0.799999 100.28
      vertex 97.6871 -0.799999 100.365
    endloop
  endfacet
  facet normal 0 -1 0
    outer loop
      vertex 99.2088 -0.799999 100.011
      vertex 100.608 -0.799999 98.3092
      vertex 100.941 -0.799999 98.606
    endloop
  endfacet
  facet normal 0 -1 0
    outer loop
      vertex 99.2088 -0.799999 100.011
      vertex 100.255 -0.799999 98.073
      vertex 100.608 -0.799999 98.3092
    endloop
  endfacet
  facet normal 0 -1 0
    outer loop
      vertex 99.2088 -0.799999 100.011
      vertex 99.8723 -0.799999 97.8929
      vertex 100.255 -0.799999 98.073
    endloop
  endfacet
  facet normal 0 -1 0
    outer loop
      vertex 99.2088 -0.799999 100.011
      vertex 99.454 -0.799999 97.7642
      vertex 99.8723 -0.799999 97.8929
    endloop
  endfacet
  facet normal 0 -1 0
    outer loop
      vertex 98.2586 -0.799999 100.147
      vertex 97.6953 -0.799999 97.725
      vertex 97.8484 -0.799999 97.7068
    endloop
  endfacet
  facet normal 0 -1 0
    outer loop
      vertex 98.2586 -0.799999 100.147
      vertex 97.8484 -0.799999 97.7068
      vertex 97.9821 -0.799999 97.6922
    endloop
  endfacet
  facet normal 0 -1 0
    outer loop
      vertex 98.4481 -0.799999 100.098
      vertex 97.9821 -0.799999 97.6922
      vertex 98.0965 -0.799999 97.681
    endloop
  endfacet
  facet normal 0 -1 0
    outer loop
      vertex 98.4481 -0.799999 100.098
      vertex 98.0965 -0.799999 97.681
      vertex 98.1916 -0.799999 97.6733
    endloop
  endfacet
  facet normal 0 -1 -0
    outer loop
      vertex 99.0179 -0.799999 100.017
      vertex 98.9996 -0.799999 97.687
      vertex 99.454 -0.799999 97.7642
    endloop
  endfacet
  facet normal 0 -1 0
    outer loop
      vertex 98.4481 -0.799999 100.098
      vertex 98.1916 -0.799999 97.6733
      vertex 98.2755 -0.799999 97.6681
    endloop
  endfacet
  facet normal 0 -1 0
    outer loop
      vertex 98.6375 -0.799999 100.06
      vertex 98.2755 -0.799999 97.6681
      vertex 98.3564 -0.799999 97.6643
    endloop
  endfacet
  facet normal 0 -1 0
    outer loop
      vertex 98.6375 -0.799999 100.06
      vertex 98.3564 -0.799999 97.6643
      vertex 98.4342 -0.799999 97.6621
    endloop
  endfacet
  facet normal 0 -1 0
    outer loop
      vertex 98.6375 -0.799999 100.06
      vertex 98.4342 -0.799999 97.6621
      vertex 98.509 -0.799999 97.6613
    endloop
  endfacet
  facet normal 0 -1 -0
    outer loop
      vertex 98.8274 -0.799999 100.033
      vertex 98.509 -0.799999 97.6613
      vertex 98.9996 -0.799999 97.687
    endloop
  endfacet
  facet normal 0 -1 0
    outer loop
      vertex 101.544 -0.799999 102.796
      vertex 104.458 -0.799999 106.992
      vertex 101.544 -0.799999 106.992
    endloop
  endfacet
  facet normal 0 -1 0
    outer loop
      vertex 104.458 -0.799999 97.8763
      vertex 101.544 -0.799999 102.796
      vertex 101.506 -0.799999 102.163
    endloop
  endfacet
  facet normal 0 -1 0
    outer loop
      vertex 104.458 -0.799999 97.8763
      vertex 101.506 -0.799999 102.163
      vertex 101.393 -0.799999 101.608
    endloop
  endfacet
  facet normal 0 -1 0
    outer loop
      vertex 101.544 -0.799999 99.3816
      vertex 101.393 -0.799999 101.608
      vertex 101.203 -0.799999 101.131
    endloop
  endfacet
  facet normal 0 -1 0
    outer loop
      vertex 101.544 -0.799999 99.3816
      vertex 99.738 -0.799999 100.056
      vertex 99.2088 -0.799999 100.011
    endloop
  endfacet
  facet normal 0 -1 0
    outer loop
      vertex 101.544 -0.799999 99.3816
      vertex 100.203 -0.799999 100.192
      vertex 99.738 -0.799999 100.056
    endloop
  endfacet
  facet normal 0 -1 0
    outer loop
      vertex 101.544 -0.799999 99.3816
      vertex 100.603 -0.799999 100.417
      vertex 100.203 -0.799999 100.192
    endloop
  endfacet
  facet normal 0 -1 0
    outer loop
      vertex 101.544 -0.799999 99.3816
      vertex 100.938 -0.799999 100.732
      vertex 100.603 -0.799999 100.417
    endloop
  endfacet
  facet normal 0 -1 0
    outer loop
      vertex 101.544 -0.799999 99.3816
      vertex 101.203 -0.799999 101.131
      vertex 100.938 -0.799999 100.732
    endloop
  endfacet
  facet normal 0 -1 0
    outer loop
      vertex 101.393 -0.799999 101.608
      vertex 101.544 -0.799999 99.3816
      vertex 104.458 -0.799999 97.8763
    endloop
  endfacet
  facet normal 0 -1 0
    outer loop
      vertex 104.458 -0.799999 97.8763
      vertex 101.544 -0.799999 99.3816
      vertex 101.544 -0.799999 97.8763
    endloop
  endfacet
  facet normal 0 -1 0
    outer loop
      vertex 101.544 -0.799999 102.796
      vertex 104.458 -0.799999 97.8763
      vertex 104.458 -0.799999 106.992
    endloop
  endfacet
  facet normal 0 -1 0
    outer loop
      vertex 121.015 -0.799999 101.387
      vertex 123.929 -0.799999 101.448
      vertex 120.934 -0.799999 102.415
    endloop
  endfacet
  facet normal 0 -1 0
    outer loop
      vertex 121.257 -0.799999 100.468
      vertex 123.929 -0.799999 101.448
      vertex 121.015 -0.799999 101.387
    endloop
  endfacet
  facet normal 0 -1 -0
    outer loop
      vertex 123.929 -0.799999 101.448
      vertex 121.257 -0.799999 100.468
      vertex 123.959 -0.799999 101.052
    endloop
  endfacet
  facet normal 0 -1 0
    outer loop
      vertex 121.66 -0.799999 99.6572
      vertex 123.959 -0.799999 101.052
      vertex 121.257 -0.799999 100.468
    endloop
  endfacet
  facet normal 0 -1 -0
    outer loop
      vertex 123.959 -0.799999 101.052
      vertex 121.66 -0.799999 99.6572
      vertex 124.05 -0.799999 100.696
    endloop
  endfacet
  facet normal 0 -1 0
    outer loop
      vertex 122.224 -0.799999 98.9556
      vertex 124.05 -0.799999 100.696
      vertex 121.66 -0.799999 99.6572
    endloop
  endfacet
  facet normal 0 -1 -0
    outer loop
      vertex 124.05 -0.799999 100.696
      vertex 122.224 -0.799999 98.9556
      vertex 124.201 -0.799999 100.381
    endloop
  endfacet
  facet normal 0 -1 0
    outer loop
      vertex 122.923 -0.799999 98.3894
      vertex 124.201 -0.799999 100.381
      vertex 122.224 -0.799999 98.9556
    endloop
  endfacet
  facet normal 0 -1 -0
    outer loop
      vertex 124.201 -0.799999 100.381
      vertex 122.923 -0.799999 98.3894
      vertex 124.413 -0.799999 100.106
    endloop
  endfacet
  facet normal 0 -1 -0
    outer loop
      vertex 124.413 -0.799999 100.106
      vertex 122.923 -0.799999 98.3894
      vertex 124.674 -0.799999 99.8833
    endloop
  endfacet
  facet normal 0 -1 0
    outer loop
      vertex 123.728 -0.799999 97.9849
      vertex 124.674 -0.799999 99.8833
      vertex 122.923 -0.799999 98.3894
    endloop
  endfacet
  facet normal 0 -1 -0
    outer loop
      vertex 124.674 -0.799999 99.8833
      vertex 123.728 -0.799999 97.9849
      vertex 124.971 -0.799999 99.7241
    endloop
  endfacet
  facet normal 0 -1 0
    outer loop
      vertex 123.929 -0.799999 101.448
      vertex 127.745 -0.799999 103.245
      vertex 120.934 -0.799999 103.245
    endloop
  endfacet
  facet normal 0 -1 0
    outer loop
      vertex 123.929 -0.799999 101.448
      vertex 120.934 -0.799999 103.245
      vertex 120.934 -0.799999 102.415
    endloop
  endfacet
  facet normal 0 -1 0
    outer loop
      vertex 127.745 -0.799999 103.245
      vertex 123.929 -0.799999 101.448
      vertex 127.713 -0.799999 101.448
    endloop
  endfacet
  facet normal 0 -1 -0
    outer loop
      vertex 127.745 -0.799999 103.245
      vertex 127.713 -0.799999 101.448
      vertex 130.715 -0.799999 102.446
    endloop
  endfacet
  facet normal 0 -1 0
    outer loop
      vertex 127.713 -0.799999 101.448
      vertex 130.631 -0.799999 101.391
      vertex 130.715 -0.799999 102.446
    endloop
  endfacet
  facet normal 0 -1 0
    outer loop
      vertex 130.379 -0.799999 100.454
      vertex 127.713 -0.799999 101.448
      vertex 127.623 -0.799999 101.025
    endloop
  endfacet
  facet normal 0 -1 0
    outer loop
      vertex 129.958 -0.799999 99.6371
      vertex 127.623 -0.799999 101.025
      vertex 127.483 -0.799999 100.656
    endloop
  endfacet
  facet normal 0 -1 0
    outer loop
      vertex 127.713 -0.799999 101.448
      vertex 130.379 -0.799999 100.454
      vertex 130.631 -0.799999 101.391
    endloop
  endfacet
  facet normal 0 -1 0
    outer loop
      vertex 129.369 -0.799999 98.9388
      vertex 127.483 -0.799999 100.656
      vertex 127.293 -0.799999 100.338
    endloop
  endfacet
  facet normal 0 -1 0
    outer loop
      vertex 128.632 -0.799999 98.3799
      vertex 127.293 -0.799999 100.338
      vertex 127.054 -0.799999 100.074
    endloop
  endfacet
  facet normal 0 -1 0
    outer loop
      vertex 127.769 -0.799999 97.9807
      vertex 127.054 -0.799999 100.074
      vertex 126.769 -0.799999 99.865
    endloop
  endfacet
  facet normal 0 -1 0
    outer loop
      vertex 127.769 -0.799999 97.9807
      vertex 126.769 -0.799999 99.865
      vertex 126.445 -0.799999 99.7159
    endloop
  endfacet
  facet normal 0 -1 0
    outer loop
      vertex 127.623 -0.799999 101.025
      vertex 129.958 -0.799999 99.6371
      vertex 130.379 -0.799999 100.454
    endloop
  endfacet
  facet normal 0 -1 0
    outer loop
      vertex 126.779 -0.799999 97.7411
      vertex 126.445 -0.799999 99.7159
      vertex 126.082 -0.799999 99.6265
    endloop
  endfacet
  facet normal 0 -1 0
    outer loop
      vertex 125.662 -0.799999 97.6613
      vertex 126.082 -0.799999 99.6265
      vertex 125.678 -0.799999 99.5967
    endloop
  endfacet
  facet normal 0 -1 0
    outer loop
      vertex 124.642 -0.799999 97.7422
      vertex 124.971 -0.799999 99.7241
      vertex 123.728 -0.799999 97.9849
    endloop
  endfacet
  facet normal 0 -1 -0
    outer loop
      vertex 126.082 -0.799999 99.6265
      vertex 125.662 -0.799999 97.6613
      vertex 126.779 -0.799999 97.7411
    endloop
  endfacet
  facet normal 0 -1 -0
    outer loop
      vertex 124.971 -0.799999 99.7241
      vertex 124.642 -0.799999 97.7422
      vertex 125.306 -0.799999 99.6285
    endloop
  endfacet
  facet normal 0 -1 0
    outer loop
      vertex 126.445 -0.799999 99.7159
      vertex 126.779 -0.799999 97.7411
      vertex 127.769 -0.799999 97.9807
    endloop
  endfacet
  facet normal 0 -1 0
    outer loop
      vertex 125.662 -0.799999 97.6613
      vertex 125.306 -0.799999 99.6285
      vertex 124.642 -0.799999 97.7422
    endloop
  endfacet
  facet normal 0 -1 0
    outer loop
      vertex 127.054 -0.799999 100.074
      vertex 127.769 -0.799999 97.9807
      vertex 128.632 -0.799999 98.3799
    endloop
  endfacet
  facet normal 0 -1 0
    outer loop
      vertex 125.306 -0.799999 99.6285
      vertex 125.662 -0.799999 97.6613
      vertex 125.678 -0.799999 99.5967
    endloop
  endfacet
  facet normal 0 -1 0
    outer loop
      vertex 127.483 -0.799999 100.656
      vertex 129.369 -0.799999 98.9388
      vertex 129.958 -0.799999 99.6371
    endloop
  endfacet
  facet normal 0 -1 0
    outer loop
      vertex 127.293 -0.799999 100.338
      vertex 128.632 -0.799999 98.3799
      vertex 129.369 -0.799999 98.9388
    endloop
  endfacet
  facet normal 0 -1 0
    outer loop
      vertex 124.768 -0.799999 105.278
      vertex 124.983 -0.799999 107.218
      vertex 124.466 -0.799999 107.181
    endloop
  endfacet
  facet normal 0 -1 0
    outer loop
      vertex 124.983 -0.799999 107.218
      vertex 125.231 -0.799999 105.295
      vertex 125.499 -0.799999 107.231
    endloop
  endfacet
  facet normal 0 -1 0
    outer loop
      vertex 124.3 -0.799999 105.227
      vertex 124.466 -0.799999 107.181
      vertex 123.949 -0.799999 107.118
    endloop
  endfacet
  facet normal 0 -1 0
    outer loop
      vertex 123.826 -0.799999 105.142
      vertex 123.949 -0.799999 107.118
      vertex 123.432 -0.799999 107.031
    endloop
  endfacet
  facet normal 0 -1 0
    outer loop
      vertex 123.826 -0.799999 105.142
      vertex 123.432 -0.799999 107.031
      vertex 122.916 -0.799999 106.919
    endloop
  endfacet
  facet normal 0 -1 -0
    outer loop
      vertex 124.983 -0.799999 107.218
      vertex 124.768 -0.799999 105.278
      vertex 125.231 -0.799999 105.295
    endloop
  endfacet
  facet normal 0 -1 0
    outer loop
      vertex 123.347 -0.799999 105.023
      vertex 122.916 -0.799999 106.919
      vertex 122.399 -0.799999 106.783
    endloop
  endfacet
  facet normal 0 -1 0
    outer loop
      vertex 122.862 -0.799999 104.869
      vertex 122.399 -0.799999 106.783
      vertex 121.882 -0.799999 106.623
    endloop
  endfacet
  facet normal 0 -1 0
    outer loop
      vertex 125.769 -0.799999 105.263
      vertex 125.499 -0.799999 107.231
      vertex 125.231 -0.799999 105.295
    endloop
  endfacet
  facet normal 0 -1 0
    outer loop
      vertex 122.37 -0.799999 104.68
      vertex 121.882 -0.799999 106.623
      vertex 121.366 -0.799999 106.44
    endloop
  endfacet
  facet normal 0 -1 0
    outer loop
      vertex 126.244 -0.799999 105.167
      vertex 126.667 -0.799999 107.152
      vertex 125.769 -0.799999 105.263
    endloop
  endfacet
  facet normal 0 -1 0
    outer loop
      vertex 126.656 -0.799999 105.007
      vertex 126.667 -0.799999 107.152
      vertex 126.244 -0.799999 105.167
    endloop
  endfacet
  facet normal 0 -1 0
    outer loop
      vertex 125.499 -0.799999 107.231
      vertex 125.769 -0.799999 105.263
      vertex 126.667 -0.799999 107.152
    endloop
  endfacet
  facet normal 0 -1 -0
    outer loop
      vertex 124.466 -0.799999 107.181
      vertex 124.3 -0.799999 105.227
      vertex 124.768 -0.799999 105.278
    endloop
  endfacet
  facet normal 0 -1 -0
    outer loop
      vertex 123.949 -0.799999 107.118
      vertex 123.826 -0.799999 105.142
      vertex 124.3 -0.799999 105.227
    endloop
  endfacet
  facet normal 0 -1 0
    outer loop
      vertex 122.916 -0.799999 106.919
      vertex 123.347 -0.799999 105.023
      vertex 123.826 -0.799999 105.142
    endloop
  endfacet
  facet normal 0 -1 0
    outer loop
      vertex 122.399 -0.799999 106.783
      vertex 122.862 -0.799999 104.869
      vertex 123.347 -0.799999 105.023
    endloop
  endfacet
  facet normal 0 -1 0
    outer loop
      vertex 121.882 -0.799999 106.623
      vertex 122.37 -0.799999 104.68
      vertex 122.862 -0.799999 104.869
    endloop
  endfacet
  facet normal 0 -1 0
    outer loop
      vertex 121.366 -0.799999 106.44
      vertex 121.871 -0.799999 104.456
      vertex 122.37 -0.799999 104.68
    endloop
  endfacet
  facet normal -0 -1 0
    outer loop
      vertex 121.871 -0.799999 104.456
      vertex 121.366 -0.799999 106.44
      vertex 121.366 -0.799999 104.197
    endloop
  endfacet
  facet normal 0 -1 -0
    outer loop
      vertex 126.667 -0.799999 107.152
      vertex 126.656 -0.799999 105.007
      vertex 127.697 -0.799999 106.916
    endloop
  endfacet
  facet normal 0 -1 0
    outer loop
      vertex 127.005 -0.799999 104.783
      vertex 127.697 -0.799999 106.916
      vertex 126.656 -0.799999 105.007
    endloop
  endfacet
  facet normal 0 -1 -0
    outer loop
      vertex 127.697 -0.799999 106.916
      vertex 127.005 -0.799999 104.783
      vertex 128.59 -0.799999 106.523
    endloop
  endfacet
  facet normal 0 -1 0
    outer loop
      vertex 127.289 -0.799999 104.494
      vertex 128.59 -0.799999 106.523
      vertex 127.005 -0.799999 104.783
    endloop
  endfacet
  facet normal 0 -1 -0
    outer loop
      vertex 128.59 -0.799999 106.523
      vertex 127.289 -0.799999 104.494
      vertex 129.344 -0.799999 105.973
    endloop
  endfacet
  facet normal 0 -1 0
    outer loop
      vertex 127.507 -0.799999 104.142
      vertex 129.344 -0.799999 105.973
      vertex 127.289 -0.799999 104.494
    endloop
  endfacet
  facet normal 0 -1 -0
    outer loop
      vertex 129.344 -0.799999 105.973
      vertex 127.507 -0.799999 104.142
      vertex 129.944 -0.799999 105.282
    endloop
  endfacet
  facet normal 0 -1 0
    outer loop
      vertex 127.659 -0.799999 103.725
      vertex 129.944 -0.799999 105.282
      vertex 127.507 -0.799999 104.142
    endloop
  endfacet
  facet normal 0 -1 -0
    outer loop
      vertex 129.944 -0.799999 105.282
      vertex 127.659 -0.799999 103.725
      vertex 130.373 -0.799999 104.463
    endloop
  endfacet
  facet normal 0 -1 0
    outer loop
      vertex 127.745 -0.799999 103.245
      vertex 130.373 -0.799999 104.463
      vertex 127.659 -0.799999 103.725
    endloop
  endfacet
  facet normal 0 -1 -0
    outer loop
      vertex 130.373 -0.799999 104.463
      vertex 127.745 -0.799999 103.245
      vertex 130.63 -0.799999 103.518
    endloop
  endfacet
  facet normal 0 -1 -0
    outer loop
      vertex 130.63 -0.799999 103.518
      vertex 127.745 -0.799999 103.245
      vertex 130.715 -0.799999 102.446
    endloop
  endfacet
  facet normal 0 -1 0
    outer loop
      vertex 114.379 -0.799999 101.01
      vertex 119.49 -0.799999 103.375
      vertex 114.379 -0.799999 103.375
    endloop
  endfacet
  facet normal 0 -1 -0
    outer loop
      vertex 119.49 -0.799999 103.375
      vertex 114.379 -0.799999 101.01
      vertex 119.49 -0.799999 101.01
    endloop
  endfacet
  facet normal 0 -1 0
    outer loop
      vertex 146.816 -0.799999 105.106
      vertex 147.264 -0.799999 107.231
      vertex 146.152 -0.799999 107.151
    endloop
  endfacet
  facet normal 0 -1 0
    outer loop
      vertex 146.423 -0.799999 104.975
      vertex 146.152 -0.799999 107.151
      vertex 145.169 -0.799999 106.913
    endloop
  endfacet
  facet normal 0 -1 -0
    outer loop
      vertex 147.264 -0.799999 107.231
      vertex 146.816 -0.799999 105.106
      vertex 147.264 -0.799999 105.149
    endloop
  endfacet
  facet normal 0 -1 0
    outer loop
      vertex 146.087 -0.799999 104.758
      vertex 145.169 -0.799999 106.913
      vertex 144.315 -0.799999 106.517
    endloop
  endfacet
  facet normal 0 -1 0
    outer loop
      vertex 147.264 -0.799999 107.231
      vertex 147.719 -0.799999 105.106
      vertex 148.379 -0.799999 107.151
    endloop
  endfacet
  facet normal 0 -1 0
    outer loop
      vertex 145.807 -0.799999 104.453
      vertex 144.315 -0.799999 106.517
      vertex 143.59 -0.799999 105.961
    endloop
  endfacet
  facet normal 0 -1 0
    outer loop
      vertex 148.117 -0.799999 104.975
      vertex 148.379 -0.799999 107.151
      vertex 147.719 -0.799999 105.106
    endloop
  endfacet
  facet normal 0 -1 0
    outer loop
      vertex 145.586 -0.799999 104.067
      vertex 143.59 -0.799999 105.961
      vertex 143.011 -0.799999 105.265
    endloop
  endfacet
  facet normal 0 -1 -0
    outer loop
      vertex 148.379 -0.799999 107.151
      vertex 148.117 -0.799999 104.975
      vertex 149.366 -0.799999 106.913
    endloop
  endfacet
  facet normal 0 -1 0
    outer loop
      vertex 148.457 -0.799999 104.758
      vertex 149.366 -0.799999 106.913
      vertex 148.117 -0.799999 104.975
    endloop
  endfacet
  facet normal 0 -1 0
    outer loop
      vertex 147.719 -0.799999 105.106
      vertex 147.264 -0.799999 107.231
      vertex 147.264 -0.799999 105.149
    endloop
  endfacet
  facet normal 0 -1 0
    outer loop
      vertex 146.152 -0.799999 107.151
      vertex 146.423 -0.799999 104.975
      vertex 146.816 -0.799999 105.106
    endloop
  endfacet
  facet normal 0 -1 0
    outer loop
      vertex 145.169 -0.799999 106.913
      vertex 146.087 -0.799999 104.758
      vertex 146.423 -0.799999 104.975
    endloop
  endfacet
  facet normal 0 -1 0
    outer loop
      vertex 144.315 -0.799999 106.517
      vertex 145.807 -0.799999 104.453
      vertex 146.087 -0.799999 104.758
    endloop
  endfacet
  facet normal 0 -1 0
    outer loop
      vertex 145.429 -0.799999 103.603
      vertex 143.011 -0.799999 105.265
      vertex 142.598 -0.799999 104.448
    endloop
  endfacet
  facet normal 0 -1 0
    outer loop
      vertex 143.59 -0.799999 105.961
      vertex 145.586 -0.799999 104.067
      vertex 145.807 -0.799999 104.453
    endloop
  endfacet
  facet normal 0 -1 0
    outer loop
      vertex 143.011 -0.799999 105.265
      vertex 145.429 -0.799999 103.603
      vertex 145.586 -0.799999 104.067
    endloop
  endfacet
  facet normal 0 -1 0
    outer loop
      vertex 142.35 -0.799999 103.508
      vertex 145.429 -0.799999 103.603
      vertex 142.598 -0.799999 104.448
    endloop
  endfacet
  facet normal 0 -1 0
    outer loop
      vertex 142.35 -0.799999 103.508
      vertex 145.334 -0.799999 103.063
      vertex 145.429 -0.799999 103.603
    endloop
  endfacet
  facet normal 0 -1 0
    outer loop
      vertex 142.267 -0.799999 102.446
      vertex 145.334 -0.799999 103.063
      vertex 142.35 -0.799999 103.508
    endloop
  endfacet
  facet normal 0 -1 0
    outer loop
      vertex 142.267 -0.799999 102.446
      vertex 145.302 -0.799999 102.446
      vertex 145.334 -0.799999 103.063
    endloop
  endfacet
  facet normal 0 -1 0
    outer loop
      vertex 142.267 -0.799999 102.446
      vertex 145.334 -0.799999 101.829
      vertex 145.302 -0.799999 102.446
    endloop
  endfacet
  facet normal 0 -1 0
    outer loop
      vertex 142.35 -0.799999 101.384
      vertex 145.334 -0.799999 101.829
      vertex 142.267 -0.799999 102.446
    endloop
  endfacet
  facet normal 0 -1 0
    outer loop
      vertex 142.35 -0.799999 101.384
      vertex 145.429 -0.799999 101.289
      vertex 145.334 -0.799999 101.829
    endloop
  endfacet
  facet normal 0 -1 0
    outer loop
      vertex 142.598 -0.799999 100.444
      vertex 145.429 -0.799999 101.289
      vertex 142.35 -0.799999 101.384
    endloop
  endfacet
  facet normal 0 -1 0
    outer loop
      vertex 143.011 -0.799999 99.6265
      vertex 145.429 -0.799999 101.289
      vertex 142.598 -0.799999 100.444
    endloop
  endfacet
  facet normal 0 -1 -0
    outer loop
      vertex 145.429 -0.799999 101.289
      vertex 143.011 -0.799999 99.6265
      vertex 145.586 -0.799999 100.825
    endloop
  endfacet
  facet normal 0 -1 0
    outer loop
      vertex 143.59 -0.799999 98.9308
      vertex 145.586 -0.799999 100.825
      vertex 143.011 -0.799999 99.6265
    endloop
  endfacet
  facet normal 0 -1 -0
    outer loop
      vertex 145.586 -0.799999 100.825
      vertex 143.59 -0.799999 98.9308
      vertex 145.807 -0.799999 100.439
    endloop
  endfacet
  facet normal 0 -1 0
    outer loop
      vertex 144.315 -0.799999 98.3754
      vertex 145.807 -0.799999 100.439
      vertex 143.59 -0.799999 98.9308
    endloop
  endfacet
  facet normal 0 -1 0
    outer loop
      vertex 145.169 -0.799999 97.9787
      vertex 146.087 -0.799999 100.134
      vertex 144.315 -0.799999 98.3754
    endloop
  endfacet
  facet normal 0 -1 -0
    outer loop
      vertex 145.807 -0.799999 100.439
      vertex 144.315 -0.799999 98.3754
      vertex 146.087 -0.799999 100.134
    endloop
  endfacet
  facet normal 0 -1 -0
    outer loop
      vertex 149.366 -0.799999 106.913
      vertex 148.457 -0.799999 104.758
      vertex 150.224 -0.799999 106.517
    endloop
  endfacet
  facet normal 0 -1 0
    outer loop
      vertex 148.741 -0.799999 104.453
      vertex 150.224 -0.799999 106.517
      vertex 148.457 -0.799999 104.758
    endloop
  endfacet
  facet normal 0 -1 -0
    outer loop
      vertex 150.224 -0.799999 106.517
      vertex 148.741 -0.799999 104.453
      vertex 150.954 -0.799999 105.961
    endloop
  endfacet
  facet normal 0 -1 0
    outer loop
      vertex 148.963 -0.799999 104.067
      vertex 150.954 -0.799999 105.961
      vertex 148.741 -0.799999 104.453
    endloop
  endfacet
  facet normal 0 -1 -0
    outer loop
      vertex 150.954 -0.799999 105.961
      vertex 148.963 -0.799999 104.067
      vertex 151.536 -0.799999 105.265
    endloop
  endfacet
  facet normal 0 -1 0
    outer loop
      vertex 149.122 -0.799999 103.603
      vertex 151.536 -0.799999 105.265
      vertex 148.963 -0.799999 104.067
    endloop
  endfacet
  facet normal 0 -1 -0
    outer loop
      vertex 151.536 -0.799999 105.265
      vertex 149.122 -0.799999 103.603
      vertex 151.952 -0.799999 104.448
    endloop
  endfacet
  facet normal 0 -1 0
    outer loop
      vertex 149.122 -0.799999 103.603
      vertex 152.201 -0.799999 103.508
      vertex 151.952 -0.799999 104.448
    endloop
  endfacet
  facet normal 0 -1 0
    outer loop
      vertex 149.217 -0.799999 103.063
      vertex 152.201 -0.799999 103.508
      vertex 149.122 -0.799999 103.603
    endloop
  endfacet
  facet normal 0 -1 0
    outer loop
      vertex 152.284 -0.799999 102.446
      vertex 149.217 -0.799999 103.063
      vertex 149.249 -0.799999 102.446
    endloop
  endfacet
  facet normal 0 -1 0
    outer loop
      vertex 149.217 -0.799999 103.063
      vertex 152.284 -0.799999 102.446
      vertex 152.201 -0.799999 103.508
    endloop
  endfacet
  facet normal 0 -1 0
    outer loop
      vertex 149.217 -0.799999 101.829
      vertex 152.284 -0.799999 102.446
      vertex 149.249 -0.799999 102.446
    endloop
  endfacet
  facet normal 0 -1 0
    outer loop
      vertex 149.217 -0.799999 101.829
      vertex 152.201 -0.799999 101.384
      vertex 152.284 -0.799999 102.446
    endloop
  endfacet
  facet normal 0 -1 0
    outer loop
      vertex 149.122 -0.799999 101.289
      vertex 152.201 -0.799999 101.384
      vertex 149.217 -0.799999 101.829
    endloop
  endfacet
  facet normal 0 -1 0
    outer loop
      vertex 151.536 -0.799999 99.6265
      vertex 149.122 -0.799999 101.289
      vertex 148.963 -0.799999 100.825
    endloop
  endfacet
  facet normal 0 -1 0
    outer loop
      vertex 149.122 -0.799999 101.289
      vertex 151.952 -0.799999 100.444
      vertex 152.201 -0.799999 101.384
    endloop
  endfacet
  facet normal 0 -1 0
    outer loop
      vertex 150.954 -0.799999 98.9308
      vertex 148.963 -0.799999 100.825
      vertex 148.741 -0.799999 100.439
    endloop
  endfacet
  facet normal 0 -1 0
    outer loop
      vertex 150.224 -0.799999 98.3754
      vertex 148.741 -0.799999 100.439
      vertex 148.457 -0.799999 100.134
    endloop
  endfacet
  facet normal 0 -1 0
    outer loop
      vertex 149.366 -0.799999 97.9787
      vertex 148.457 -0.799999 100.134
      vertex 148.117 -0.799999 99.9166
    endloop
  endfacet
  facet normal 0 -1 0
    outer loop
      vertex 148.379 -0.799999 97.7406
      vertex 148.117 -0.799999 99.9166
      vertex 147.719 -0.799999 99.7861
    endloop
  endfacet
  facet normal 0 -1 0
    outer loop
      vertex 149.122 -0.799999 101.289
      vertex 151.536 -0.799999 99.6265
      vertex 151.952 -0.799999 100.444
    endloop
  endfacet
  facet normal 0 -1 0
    outer loop
      vertex 147.264 -0.799999 97.6613
      vertex 147.719 -0.799999 99.7861
      vertex 147.264 -0.799999 99.7426
    endloop
  endfacet
  facet normal 0 -1 -0
    outer loop
      vertex 146.087 -0.799999 100.134
      vertex 145.169 -0.799999 97.9787
      vertex 146.423 -0.799999 99.9166
    endloop
  endfacet
  facet normal 0 -1 0
    outer loop
      vertex 146.152 -0.799999 97.7406
      vertex 146.423 -0.799999 99.9166
      vertex 145.169 -0.799999 97.9787
    endloop
  endfacet
  facet normal 0 -1 -0
    outer loop
      vertex 147.719 -0.799999 99.7861
      vertex 147.264 -0.799999 97.6613
      vertex 148.379 -0.799999 97.7406
    endloop
  endfacet
  facet normal 0 -1 -0
    outer loop
      vertex 146.423 -0.799999 99.9166
      vertex 146.152 -0.799999 97.7406
      vertex 146.816 -0.799999 99.7861
    endloop
  endfacet
  facet normal 0 -1 0
    outer loop
      vertex 148.117 -0.799999 99.9166
      vertex 148.379 -0.799999 97.7406
      vertex 149.366 -0.799999 97.9787
    endloop
  endfacet
  facet normal 0 -1 0
    outer loop
      vertex 147.264 -0.799999 97.6613
      vertex 146.816 -0.799999 99.7861
      vertex 146.152 -0.799999 97.7406
    endloop
  endfacet
  facet normal 0 -1 0
    outer loop
      vertex 148.457 -0.799999 100.134
      vertex 149.366 -0.799999 97.9787
      vertex 150.224 -0.799999 98.3754
    endloop
  endfacet
  facet normal 0 -1 0
    outer loop
      vertex 146.816 -0.799999 99.7861
      vertex 147.264 -0.799999 97.6613
      vertex 147.264 -0.799999 99.7426
    endloop
  endfacet
  facet normal 0 -1 0
    outer loop
      vertex 148.963 -0.799999 100.825
      vertex 150.954 -0.799999 98.9308
      vertex 151.536 -0.799999 99.6265
    endloop
  endfacet
  facet normal 0 -1 0
    outer loop
      vertex 148.741 -0.799999 100.439
      vertex 150.224 -0.799999 98.3754
      vertex 150.954 -0.799999 98.9308
    endloop
  endfacet
  facet normal 0 -1 0
    outer loop
      vertex 157.577 -0.799999 104.94
      vertex 157.319 -0.799999 107.231
      vertex 156.515 -0.799999 107.147
    endloop
  endfacet
  facet normal -0 -1 0
    outer loop
      vertex 157.962 -0.799999 105.068
      vertex 157.319 -0.799999 107.231
      vertex 157.577 -0.799999 104.94
    endloop
  endfacet
  facet normal 0 -1 0
    outer loop
      vertex 157.319 -0.799999 107.231
      vertex 157.962 -0.799999 105.068
      vertex 157.782 -0.799999 107.207
    endloop
  endfacet
  facet normal 0 -1 0
    outer loop
      vertex 157.247 -0.799999 104.726
      vertex 156.515 -0.799999 107.147
      vertex 155.786 -0.799999 106.896
    endloop
  endfacet
  facet normal 0 -1 0
    outer loop
      vertex 157.782 -0.799999 107.207
      vertex 157.962 -0.799999 105.068
      vertex 158.217 -0.799999 107.136
    endloop
  endfacet
  facet normal 0 -1 0
    outer loop
      vertex 158.217 -0.799999 107.136
      vertex 158.402 -0.799999 105.111
      vertex 158.624 -0.799999 107.018
    endloop
  endfacet
  facet normal 0 -1 0
    outer loop
      vertex 157.247 -0.799999 104.726
      vertex 155.786 -0.799999 106.896
      vertex 155.132 -0.799999 106.478
    endloop
  endfacet
  facet normal 0 -1 -0
    outer loop
      vertex 158.624 -0.799999 107.018
      vertex 158.402 -0.799999 105.111
      vertex 159.004 -0.799999 106.853
    endloop
  endfacet
  facet normal 0 -1 0
    outer loop
      vertex 158.842 -0.799999 105.068
      vertex 159.004 -0.799999 106.853
      vertex 158.402 -0.799999 105.111
    endloop
  endfacet
  facet normal 0 -1 0
    outer loop
      vertex 156.974 -0.799999 104.427
      vertex 155.132 -0.799999 106.478
      vertex 154.553 -0.799999 105.892
    endloop
  endfacet
  facet normal 0 -1 -0
    outer loop
      vertex 159.004 -0.799999 106.853
      vertex 158.842 -0.799999 105.068
      vertex 159.362 -0.799999 106.638
    endloop
  endfacet
  facet normal 0 -1 0
    outer loop
      vertex 156.758 -0.799999 104.047
      vertex 154.553 -0.799999 105.892
      vertex 154.079 -0.799999 105.175
    endloop
  endfacet
  facet normal 0 -1 0
    outer loop
      vertex 160.338 -0.799999 105.679
      vertex 163.252 -0.799999 110.456
      vertex 160.338 -0.799999 110.456
    endloop
  endfacet
  facet normal 0 -1 -0
    outer loop
      vertex 159.362 -0.799999 106.638
      vertex 158.842 -0.799999 105.068
      vertex 159.704 -0.799999 106.371
    endloop
  endfacet
  facet normal 0 -1 -0
    outer loop
      vertex 159.704 -0.799999 106.371
      vertex 159.229 -0.799999 104.939
      vertex 160.029 -0.799999 106.051
    endloop
  endfacet
  facet normal 0 -1 -0
    outer loop
      vertex 160.029 -0.799999 106.051
      vertex 159.229 -0.799999 104.939
      vertex 160.338 -0.799999 105.679
    endloop
  endfacet
  facet normal 0 -1 0
    outer loop
      vertex 159.561 -0.799999 104.724
      vertex 160.338 -0.799999 105.679
      vertex 159.229 -0.799999 104.939
    endloop
  endfacet
  facet normal 0 -1 0
    outer loop
      vertex 159.838 -0.799999 104.423
      vertex 160.338 -0.799999 105.679
      vertex 159.561 -0.799999 104.724
    endloop
  endfacet
  facet normal 0 -1 0
    outer loop
      vertex 160.057 -0.799999 104.042
      vertex 160.338 -0.799999 105.679
      vertex 159.838 -0.799999 104.423
    endloop
  endfacet
  facet normal 0 -1 0
    outer loop
      vertex 160.213 -0.799999 103.584
      vertex 160.338 -0.799999 105.679
      vertex 160.057 -0.799999 104.042
    endloop
  endfacet
  facet normal 0 -1 0
    outer loop
      vertex 160.307 -0.799999 103.051
      vertex 160.338 -0.799999 105.679
      vertex 160.213 -0.799999 103.584
    endloop
  endfacet
  facet normal 0 -1 -0
    outer loop
      vertex 160.338 -0.799999 105.679
      vertex 160.307 -0.799999 103.051
      vertex 163.252 -0.799999 110.456
    endloop
  endfacet
  facet normal 0 -1 0
    outer loop
      vertex 163.252 -0.799999 97.8763
      vertex 160.307 -0.799999 103.051
      vertex 160.338 -0.799999 102.442
    endloop
  endfacet
  facet normal 0 -1 0
    outer loop
      vertex 163.252 -0.799999 97.8763
      vertex 160.338 -0.799999 102.442
      vertex 160.307 -0.799999 101.833
    endloop
  endfacet
  facet normal 0 -1 0
    outer loop
      vertex 163.252 -0.799999 97.8763
      vertex 160.307 -0.799999 101.833
      vertex 160.213 -0.799999 101.3
    endloop
  endfacet
  facet normal 0 -1 0
    outer loop
      vertex 156.515 -0.799999 97.745
      vertex 157.247 -0.799999 100.158
      vertex 155.786 -0.799999 97.996
    endloop
  endfacet
  facet normal 0 -1 0
    outer loop
      vertex 160.029 -0.799999 98.8408
      vertex 158.842 -0.799999 99.8163
      vertex 158.402 -0.799999 99.7733
    endloop
  endfacet
  facet normal 0 -1 0
    outer loop
      vertex 160.029 -0.799999 98.8408
      vertex 159.229 -0.799999 99.9452
      vertex 158.842 -0.799999 99.8163
    endloop
  endfacet
  facet normal 0 -1 0
    outer loop
      vertex 160.338 -0.799999 99.2127
      vertex 159.561 -0.799999 100.16
      vertex 159.229 -0.799999 99.9452
    endloop
  endfacet
  facet normal 0 -1 0
    outer loop
      vertex 160.338 -0.799999 99.2127
      vertex 159.838 -0.799999 100.461
      vertex 159.561 -0.799999 100.16
    endloop
  endfacet
  facet normal 0 -1 0
    outer loop
      vertex 160.338 -0.799999 99.2127
      vertex 160.057 -0.799999 100.843
      vertex 159.838 -0.799999 100.461
    endloop
  endfacet
  facet normal 0 -1 0
    outer loop
      vertex 160.338 -0.799999 99.2127
      vertex 160.213 -0.799999 101.3
      vertex 160.057 -0.799999 100.843
    endloop
  endfacet
  facet normal 0 -1 0
    outer loop
      vertex 163.252 -0.799999 97.8763
      vertex 160.213 -0.799999 101.3
      vertex 160.338 -0.799999 99.2127
    endloop
  endfacet
  facet normal 0 -1 0
    outer loop
      vertex 163.252 -0.799999 97.8763
      vertex 160.338 -0.799999 99.2127
      vertex 160.338 -0.799999 97.8763
    endloop
  endfacet
  facet normal 0 -1 0
    outer loop
      vertex 160.307 -0.799999 103.051
      vertex 163.252 -0.799999 97.8763
      vertex 163.252 -0.799999 110.456
    endloop
  endfacet
  facet normal 0 -1 -0
    outer loop
      vertex 157.247 -0.799999 100.158
      vertex 156.515 -0.799999 97.745
      vertex 157.577 -0.799999 99.9442
    endloop
  endfacet
  facet normal 0 -1 0
    outer loop
      vertex 159.229 -0.799999 99.9452
      vertex 160.029 -0.799999 98.8408
      vertex 160.338 -0.799999 99.2127
    endloop
  endfacet
  facet normal 0 -1 0
    outer loop
      vertex 158.402 -0.799999 99.7733
      vertex 159.704 -0.799999 98.5213
      vertex 160.029 -0.799999 98.8408
    endloop
  endfacet
  facet normal 0 -1 0
    outer loop
      vertex 157.319 -0.799999 97.6613
      vertex 157.577 -0.799999 99.9442
      vertex 156.515 -0.799999 97.745
    endloop
  endfacet
  facet normal 0 -1 0
    outer loop
      vertex 157.962 -0.799999 99.816
      vertex 158.217 -0.799999 97.7558
      vertex 158.402 -0.799999 99.7733
    endloop
  endfacet
  facet normal 0 -1 0
    outer loop
      vertex 158.402 -0.799999 99.7733
      vertex 159.362 -0.799999 98.254
      vertex 159.704 -0.799999 98.5213
    endloop
  endfacet
  facet normal 0 -1 -0
    outer loop
      vertex 157.577 -0.799999 99.9442
      vertex 157.319 -0.799999 97.6613
      vertex 157.962 -0.799999 99.816
    endloop
  endfacet
  facet normal -0 -1 0
    outer loop
      vertex 158.624 -0.799999 97.8738
      vertex 158.402 -0.799999 99.7733
      vertex 158.217 -0.799999 97.7558
    endloop
  endfacet
  facet normal 0 -1 0
    outer loop
      vertex 158.402 -0.799999 99.7733
      vertex 158.624 -0.799999 97.8738
      vertex 159.004 -0.799999 98.0391
    endloop
  endfacet
  facet normal -0 -1 0
    outer loop
      vertex 157.782 -0.799999 97.6849
      vertex 157.962 -0.799999 99.816
      vertex 157.319 -0.799999 97.6613
    endloop
  endfacet
  facet normal 0 -1 0
    outer loop
      vertex 158.402 -0.799999 99.7733
      vertex 159.004 -0.799999 98.0391
      vertex 159.362 -0.799999 98.254
    endloop
  endfacet
  facet normal -0 -1 0
    outer loop
      vertex 158.217 -0.799999 97.7558
      vertex 157.962 -0.799999 99.816
      vertex 157.782 -0.799999 97.6849
    endloop
  endfacet
  facet normal 0 -1 0
    outer loop
      vertex 159.229 -0.799999 104.939
      vertex 159.704 -0.799999 106.371
      vertex 158.842 -0.799999 105.068
    endloop
  endfacet
  facet normal -0 -1 0
    outer loop
      vertex 158.402 -0.799999 105.111
      vertex 158.217 -0.799999 107.136
      vertex 157.962 -0.799999 105.068
    endloop
  endfacet
  facet normal 0 -1 0
    outer loop
      vertex 156.515 -0.799999 107.147
      vertex 157.247 -0.799999 104.726
      vertex 157.577 -0.799999 104.94
    endloop
  endfacet
  facet normal 0 -1 0
    outer loop
      vertex 155.132 -0.799999 106.478
      vertex 156.974 -0.799999 104.427
      vertex 157.247 -0.799999 104.726
    endloop
  endfacet
  facet normal 0 -1 0
    outer loop
      vertex 156.604 -0.799999 103.589
      vertex 154.079 -0.799999 105.175
      vertex 153.741 -0.799999 104.361
    endloop
  endfacet
  facet normal 0 -1 0
    outer loop
      vertex 154.553 -0.799999 105.892
      vertex 156.758 -0.799999 104.047
      vertex 156.974 -0.799999 104.427
    endloop
  endfacet
  facet normal 0 -1 0
    outer loop
      vertex 154.079 -0.799999 105.175
      vertex 156.604 -0.799999 103.589
      vertex 156.758 -0.799999 104.047
    endloop
  endfacet
  facet normal 0 -1 0
    outer loop
      vertex 153.538 -0.799999 103.452
      vertex 156.604 -0.799999 103.589
      vertex 153.741 -0.799999 104.361
    endloop
  endfacet
  facet normal 0 -1 0
    outer loop
      vertex 153.538 -0.799999 103.452
      vertex 156.512 -0.799999 103.054
      vertex 156.604 -0.799999 103.589
    endloop
  endfacet
  facet normal 0 -1 0
    outer loop
      vertex 153.47 -0.799999 102.446
      vertex 156.512 -0.799999 103.054
      vertex 153.538 -0.799999 103.452
    endloop
  endfacet
  facet normal 0 -1 0
    outer loop
      vertex 153.47 -0.799999 102.446
      vertex 156.481 -0.799999 102.442
      vertex 156.512 -0.799999 103.054
    endloop
  endfacet
  facet normal 0 -1 0
    outer loop
      vertex 153.47 -0.799999 102.446
      vertex 156.512 -0.799999 101.83
      vertex 156.481 -0.799999 102.442
    endloop
  endfacet
  facet normal 0 -1 0
    outer loop
      vertex 153.538 -0.799999 101.44
      vertex 156.512 -0.799999 101.83
      vertex 153.47 -0.799999 102.446
    endloop
  endfacet
  facet normal 0 -1 0
    outer loop
      vertex 153.538 -0.799999 101.44
      vertex 156.604 -0.799999 101.295
      vertex 156.512 -0.799999 101.83
    endloop
  endfacet
  facet normal 0 -1 0
    outer loop
      vertex 153.741 -0.799999 100.531
      vertex 156.604 -0.799999 101.295
      vertex 153.538 -0.799999 101.44
    endloop
  endfacet
  facet normal 0 -1 0
    outer loop
      vertex 154.079 -0.799999 99.7172
      vertex 156.604 -0.799999 101.295
      vertex 153.741 -0.799999 100.531
    endloop
  endfacet
  facet normal 0 -1 -0
    outer loop
      vertex 156.604 -0.799999 101.295
      vertex 154.079 -0.799999 99.7172
      vertex 156.758 -0.799999 100.837
    endloop
  endfacet
  facet normal 0 -1 0
    outer loop
      vertex 154.553 -0.799999 98.9999
      vertex 156.758 -0.799999 100.837
      vertex 154.079 -0.799999 99.7172
    endloop
  endfacet
  facet normal 0 -1 -0
    outer loop
      vertex 156.758 -0.799999 100.837
      vertex 154.553 -0.799999 98.9999
      vertex 156.974 -0.799999 100.457
    endloop
  endfacet
  facet normal 0 -1 0
    outer loop
      vertex 155.132 -0.799999 98.4143
      vertex 156.974 -0.799999 100.457
      vertex 154.553 -0.799999 98.9999
    endloop
  endfacet
  facet normal 0 -1 0
    outer loop
      vertex 155.786 -0.799999 97.996
      vertex 157.247 -0.799999 100.158
      vertex 155.132 -0.799999 98.4143
    endloop
  endfacet
  facet normal 0 -1 -0
    outer loop
      vertex 156.974 -0.799999 100.457
      vertex 155.132 -0.799999 98.4143
      vertex 157.247 -0.799999 100.158
    endloop
  endfacet
  facet normal 0 -1 0
    outer loop
      vertex 36.471 -0.799999 106.992
      vertex 39.3842 -0.799999 105.679
      vertex 39.3842 -0.799999 106.992
    endloop
  endfacet
  facet normal 0 -1 0
    outer loop
      vertex 42.138 -0.799999 104.786
      vertex 43.1455 -0.799999 107.17
      vertex 42.0004 -0.799999 104.872
    endloop
  endfacet
  facet normal 0 -1 0
    outer loop
      vertex 39.7186 -0.799999 106.051
      vertex 40.9059 -0.799999 104.983
      vertex 41.3372 -0.799999 105.026
    endloop
  endfacet
  facet normal 0 -1 0
    outer loop
      vertex 39.5144 -0.799999 103.489
      vertex 39.3842 -0.799999 105.679
      vertex 36.471 -0.799999 106.992
    endloop
  endfacet
  facet normal 0 -1 0
    outer loop
      vertex 39.7186 -0.799999 106.051
      vertex 40.5235 -0.799999 104.851
      vertex 40.9059 -0.799999 104.983
    endloop
  endfacet
  facet normal 0 -1 0
    outer loop
      vertex 39.3842 -0.799999 105.679
      vertex 40.1898 -0.799999 104.632
      vertex 40.5235 -0.799999 104.851
    endloop
  endfacet
  facet normal 0 -1 0
    outer loop
      vertex 39.3842 -0.799999 105.679
      vertex 39.905 -0.799999 104.326
      vertex 40.1898 -0.799999 104.632
    endloop
  endfacet
  facet normal 0 -1 0
    outer loop
      vertex 39.3842 -0.799999 105.679
      vertex 39.6772 -0.799999 103.942
      vertex 39.905 -0.799999 104.326
    endloop
  endfacet
  facet normal 0 -1 0
    outer loop
      vertex 39.3842 -0.799999 105.679
      vertex 39.5144 -0.799999 103.489
      vertex 39.6772 -0.799999 103.942
    endloop
  endfacet
  facet normal 0 -1 0
    outer loop
      vertex 36.471 -0.799999 106.992
      vertex 39.4168 -0.799999 102.969
      vertex 39.5144 -0.799999 103.489
    endloop
  endfacet
  facet normal 0 -1 0
    outer loop
      vertex 36.471 -0.799999 106.992
      vertex 39.3842 -0.799999 102.38
      vertex 39.4168 -0.799999 102.969
    endloop
  endfacet
  facet normal 0 -1 0
    outer loop
      vertex 36.471 -0.799999 97.8763
      vertex 39.3842 -0.799999 102.38
      vertex 36.471 -0.799999 106.992
    endloop
  endfacet
  facet normal 0 -1 -0
    outer loop
      vertex 39.3842 -0.799999 102.38
      vertex 36.471 -0.799999 97.8763
      vertex 39.3842 -0.799999 97.8763
    endloop
  endfacet
  facet normal 0 -1 0
    outer loop
      vertex 41.6902 -0.799999 104.988
      vertex 41.5539 -0.799999 107.136
      vertex 41.519 -0.799999 105.017
    endloop
  endfacet
  facet normal 0 -1 0
    outer loop
      vertex 41.1574 -0.799999 107.018
      vertex 41.519 -0.799999 105.017
      vertex 41.5539 -0.799999 107.136
    endloop
  endfacet
  facet normal 0 -1 0
    outer loop
      vertex 41.519 -0.799999 105.017
      vertex 41.1574 -0.799999 107.018
      vertex 41.3372 -0.799999 105.026
    endloop
  endfacet
  facet normal 0 -1 0
    outer loop
      vertex 41.5539 -0.799999 107.136
      vertex 41.6902 -0.799999 104.988
      vertex 41.9691 -0.799999 107.207
    endloop
  endfacet
  facet normal 0 -1 0
    outer loop
      vertex 41.3372 -0.799999 105.026
      vertex 41.1574 -0.799999 107.018
      vertex 40.7798 -0.799999 106.853
    endloop
  endfacet
  facet normal 0 -1 -0
    outer loop
      vertex 42.4032 -0.799999 107.231
      vertex 42.0004 -0.799999 104.872
      vertex 43.1455 -0.799999 107.17
    endloop
  endfacet
  facet normal 0 -1 0
    outer loop
      vertex 41.3372 -0.799999 105.026
      vertex 40.7798 -0.799999 106.853
      vertex 40.4164 -0.799999 106.638
    endloop
  endfacet
  facet normal 0 -1 0
    outer loop
      vertex 41.3372 -0.799999 105.026
      vertex 40.4164 -0.799999 106.638
      vertex 40.0627 -0.799999 106.371
    endloop
  endfacet
  facet normal 0 -1 0
    outer loop
      vertex 41.8506 -0.799999 104.939
      vertex 41.9691 -0.799999 107.207
      vertex 41.6902 -0.799999 104.988
    endloop
  endfacet
  facet normal 0 -1 0
    outer loop
      vertex 41.3372 -0.799999 105.026
      vertex 40.0627 -0.799999 106.371
      vertex 39.7186 -0.799999 106.051
    endloop
  endfacet
  facet normal 0 -1 0
    outer loop
      vertex 42.0004 -0.799999 104.872
      vertex 42.4032 -0.799999 107.231
      vertex 41.8506 -0.799999 104.939
    endloop
  endfacet
  facet normal 0 -1 0
    outer loop
      vertex 40.5235 -0.799999 104.851
      vertex 39.7186 -0.799999 106.051
      vertex 39.3842 -0.799999 105.679
    endloop
  endfacet
  facet normal 0 -1 -0
    outer loop
      vertex 41.9691 -0.799999 107.207
      vertex 41.8506 -0.799999 104.939
      vertex 42.4032 -0.799999 107.231
    endloop
  endfacet
  facet normal 0 -1 0
    outer loop
      vertex 42.2618 -0.799999 104.684
      vertex 43.1455 -0.799999 107.17
      vertex 42.138 -0.799999 104.786
    endloop
  endfacet
  facet normal 0 -1 -0
    outer loop
      vertex 43.1455 -0.799999 107.17
      vertex 42.2618 -0.799999 104.684
      vertex 43.7937 -0.799999 106.988
    endloop
  endfacet
  facet normal 0 -1 0
    outer loop
      vertex 42.3719 -0.799999 104.566
      vertex 43.7937 -0.799999 106.988
      vertex 42.2618 -0.799999 104.684
    endloop
  endfacet
  facet normal 0 -1 -0
    outer loop
      vertex 43.7937 -0.799999 106.988
      vertex 42.3719 -0.799999 104.566
      vertex 44.3478 -0.799999 106.686
    endloop
  endfacet
  facet normal 0 -1 -0
    outer loop
      vertex 44.3478 -0.799999 106.686
      vertex 42.3719 -0.799999 104.566
      vertex 44.8078 -0.799999 106.262
    endloop
  endfacet
  facet normal 0 -1 0
    outer loop
      vertex 42.4683 -0.799999 104.432
      vertex 44.8078 -0.799999 106.262
      vertex 42.3719 -0.799999 104.566
    endloop
  endfacet
  facet normal 0 -1 -0
    outer loop
      vertex 44.8078 -0.799999 106.262
      vertex 42.4683 -0.799999 104.432
      vertex 45.1692 -0.799999 105.723
    endloop
  endfacet
  facet normal 0 -1 0
    outer loop
      vertex 42.5324 -0.799999 104.305
      vertex 45.1692 -0.799999 105.723
      vertex 42.4683 -0.799999 104.432
    endloop
  endfacet
  facet normal 0 -1 -0
    outer loop
      vertex 45.1692 -0.799999 105.723
      vertex 42.5324 -0.799999 104.305
      vertex 45.4273 -0.799999 105.074
    endloop
  endfacet
  facet normal 0 -1 0
    outer loop
      vertex 42.5863 -0.799999 104.146
      vertex 45.4273 -0.799999 105.074
      vertex 42.5324 -0.799999 104.305
    endloop
  endfacet
  facet normal 0 -1 -0
    outer loop
      vertex 45.4273 -0.799999 105.074
      vertex 42.5863 -0.799999 104.146
      vertex 45.5822 -0.799999 104.315
    endloop
  endfacet
  facet normal 0 -1 0
    outer loop
      vertex 42.6301 -0.799999 103.953
      vertex 45.5822 -0.799999 104.315
      vertex 42.5863 -0.799999 104.146
    endloop
  endfacet
  facet normal 0 -1 0
    outer loop
      vertex 42.6637 -0.799999 103.728
      vertex 45.5822 -0.799999 104.315
      vertex 42.6301 -0.799999 103.953
    endloop
  endfacet
  facet normal 0 -1 0
    outer loop
      vertex 45.6338 -0.799999 103.447
      vertex 42.6637 -0.799999 103.728
      vertex 42.6886 -0.799999 103.447
    endloop
  endfacet
  facet normal 0 -1 0
    outer loop
      vertex 42.6637 -0.799999 103.728
      vertex 45.6338 -0.799999 103.447
      vertex 45.5822 -0.799999 104.315
    endloop
  endfacet
  facet normal 0 -1 0
    outer loop
      vertex 42.7063 -0.799999 103.089
      vertex 45.6338 -0.799999 103.447
      vertex 42.6886 -0.799999 103.447
    endloop
  endfacet
  facet normal 0 -1 0
    outer loop
      vertex 42.717 -0.799999 102.655
      vertex 45.6338 -0.799999 103.447
      vertex 42.7063 -0.799999 103.089
    endloop
  endfacet
  facet normal 0 -1 0
    outer loop
      vertex 42.7206 -0.799999 102.144
      vertex 45.6338 -0.799999 103.447
      vertex 42.717 -0.799999 102.655
    endloop
  endfacet
  facet normal 0 -1 0
    outer loop
      vertex 42.7201 -0.799999 101.91
      vertex 45.6338 -0.799999 103.447
      vertex 42.7206 -0.799999 102.144
    endloop
  endfacet
  facet normal 0 -1 0
    outer loop
      vertex 42.7185 -0.799999 101.583
      vertex 45.6338 -0.799999 103.447
      vertex 42.7201 -0.799999 101.91
    endloop
  endfacet
  facet normal 0 -1 0
    outer loop
      vertex 42.716 -0.799999 101.163
      vertex 45.6338 -0.799999 103.447
      vertex 42.7185 -0.799999 101.583
    endloop
  endfacet
  facet normal 0 -1 0
    outer loop
      vertex 42.7124 -0.799999 100.649
      vertex 45.6338 -0.799999 103.447
      vertex 42.716 -0.799999 101.163
    endloop
  endfacet
  facet normal 0 -1 0
    outer loop
      vertex 45.6338 -0.799999 97.8763
      vertex 42.7124 -0.799999 100.649
      vertex 42.7088 -0.799999 100.113
    endloop
  endfacet
  facet normal 0 -1 0
    outer loop
      vertex 45.6338 -0.799999 97.8763
      vertex 42.7088 -0.799999 100.113
      vertex 42.7063 -0.799999 99.6242
    endloop
  endfacet
  facet normal 0 -1 0
    outer loop
      vertex 45.6338 -0.799999 97.8763
      vertex 42.7063 -0.799999 99.6242
      vertex 42.7048 -0.799999 99.1827
    endloop
  endfacet
  facet normal 0 -1 0
    outer loop
      vertex 45.6338 -0.799999 97.8763
      vertex 42.7048 -0.799999 99.1827
      vertex 42.7043 -0.799999 98.7885
    endloop
  endfacet
  facet normal 0 -1 0
    outer loop
      vertex 45.6338 -0.799999 97.8763
      vertex 42.7043 -0.799999 98.7885
      vertex 42.7043 -0.799999 97.8763
    endloop
  endfacet
  facet normal 0 -1 0
    outer loop
      vertex 42.7124 -0.799999 100.649
      vertex 45.6338 -0.799999 97.8763
      vertex 45.6338 -0.799999 103.447
    endloop
  endfacet
  facet normal -0.159483 0 0.987201
    outer loop
      vertex 81.3545 0 107.137
      vertex 81.7878 -0.799999 107.207
      vertex 81.7878 0 107.207
    endloop
  endfacet
  facet normal -0.159483 0 0.987201
    outer loop
      vertex 81.7878 -0.799999 107.207
      vertex 81.3545 0 107.137
      vertex 81.3545 -0.799999 107.137
    endloop
  endfacet
  facet normal -0.277666 0 0.960678
    outer loop
      vertex 80.9497 0 107.02
      vertex 81.3545 -0.799999 107.137
      vertex 81.3545 0 107.137
    endloop
  endfacet
  facet normal -0.277666 0 0.960678
    outer loop
      vertex 81.3545 -0.799999 107.137
      vertex 80.9497 0 107.02
      vertex 80.9497 -0.799999 107.02
    endloop
  endfacet
  facet normal -0.397388 0 0.91765
    outer loop
      vertex 80.5733 0 106.857
      vertex 80.9497 -0.799999 107.02
      vertex 80.9497 0 107.02
    endloop
  endfacet
  facet normal -0.397388 0 0.91765
    outer loop
      vertex 80.9497 -0.799999 107.02
      vertex 80.5733 0 106.857
      vertex 80.5733 -0.799999 106.857
    endloop
  endfacet
  facet normal -0.516802 0 0.856105
    outer loop
      vertex 80.2188 0 106.643
      vertex 80.5733 -0.799999 106.857
      vertex 80.5733 0 106.857
    endloop
  endfacet
  facet normal -0.516802 0 0.856105
    outer loop
      vertex 80.5733 -0.799999 106.857
      vertex 80.2188 0 106.643
      vertex 80.2188 -0.799999 106.643
    endloop
  endfacet
  facet normal -0.618404 0 0.78586
    outer loop
      vertex 79.8795 0 106.376
      vertex 80.2188 -0.799999 106.643
      vertex 80.2188 0 106.643
    endloop
  endfacet
  facet normal -0.618404 0 0.78586
    outer loop
      vertex 80.2188 -0.799999 106.643
      vertex 79.8795 0 106.376
      vertex 79.8795 -0.799999 106.376
    endloop
  endfacet
  facet normal -0.705024 0 0.709184
    outer loop
      vertex 79.5556 0 106.054
      vertex 79.8795 -0.799999 106.376
      vertex 79.8795 0 106.376
    endloop
  endfacet
  facet normal -0.705024 0 0.709184
    outer loop
      vertex 79.8795 -0.799999 106.376
      vertex 79.5556 0 106.054
      vertex 79.5556 -0.799999 106.054
    endloop
  endfacet
  facet normal -0.772055 0 0.635556
    outer loop
      vertex 79.2469 -0.799999 105.679
      vertex 79.5556 0 106.054
      vertex 79.2469 0 105.679
    endloop
  endfacet
  facet normal -0.772055 0 0.635556
    outer loop
      vertex 79.5556 0 106.054
      vertex 79.2469 -0.799999 105.679
      vertex 79.5556 -0.799999 106.054
    endloop
  endfacet
  facet normal 1 -0 0
    outer loop
      vertex 79.2469 -0.799999 106.992
      vertex 79.2469 0 105.679
      vertex 79.2469 0 106.992
    endloop
  endfacet
  facet normal 1 0 0
    outer loop
      vertex 79.2469 0 105.679
      vertex 79.2469 -0.799999 106.992
      vertex 79.2469 -0.799999 105.679
    endloop
  endfacet
  facet normal -0 0 1
    outer loop
      vertex 76.3174 0 106.992
      vertex 79.2469 -0.799999 106.992
      vertex 79.2469 0 106.992
    endloop
  endfacet
  facet normal 0 0 1
    outer loop
      vertex 79.2469 -0.799999 106.992
      vertex 76.3174 0 106.992
      vertex 76.3174 -0.799999 106.992
    endloop
  endfacet
  facet normal -1 0 0
    outer loop
      vertex 76.3174 -0.799999 94.3282
      vertex 76.3174 0 106.992
      vertex 76.3174 0 94.3282
    endloop
  endfacet
  facet normal -1 -0 0
    outer loop
      vertex 76.3174 0 106.992
      vertex 76.3174 -0.799999 94.3282
      vertex 76.3174 -0.799999 106.992
    endloop
  endfacet
  facet normal 0 0 -1
    outer loop
      vertex 76.3174 -0.799999 94.3282
      vertex 79.2469 0 94.3282
      vertex 79.2469 -0.799999 94.3282
    endloop
  endfacet
  facet normal -0 0 -1
    outer loop
      vertex 79.2469 0 94.3282
      vertex 76.3174 -0.799999 94.3282
      vertex 76.3174 0 94.3282
    endloop
  endfacet
  facet normal 1 -0 0
    outer loop
      vertex 79.2469 -0.799999 99.2127
      vertex 79.2469 0 94.3282
      vertex 79.2469 0 99.2127
    endloop
  endfacet
  facet normal 1 0 0
    outer loop
      vertex 79.2469 0 94.3282
      vertex 79.2469 -0.799999 99.2127
      vertex 79.2469 -0.799999 94.3282
    endloop
  endfacet
  facet normal -0.769254 0 -0.638942
    outer loop
      vertex 79.5558 -0.799999 98.8408
      vertex 79.2469 0 99.2127
      vertex 79.5558 0 98.8408
    endloop
  endfacet
  facet normal -0.769254 -0 -0.638942
    outer loop
      vertex 79.2469 0 99.2127
      vertex 79.5558 -0.799999 98.8408
      vertex 79.2469 -0.799999 99.2127
    endloop
  endfacet
  facet normal -0.701266 0 -0.712899
    outer loop
      vertex 79.5558 -0.799999 98.8408
      vertex 79.8806 0 98.5213
      vertex 79.8806 -0.799999 98.5213
    endloop
  endfacet
  facet normal -0.701266 0 -0.712899
    outer loop
      vertex 79.8806 0 98.5213
      vertex 79.5558 -0.799999 98.8408
      vertex 79.5558 0 98.8408
    endloop
  endfacet
  facet normal -0.617485 0 -0.786583
    outer loop
      vertex 79.8806 -0.799999 98.5213
      vertex 80.2211 0 98.254
      vertex 80.2211 -0.799999 98.254
    endloop
  endfacet
  facet normal -0.617485 0 -0.786583
    outer loop
      vertex 80.2211 0 98.254
      vertex 79.8806 -0.799999 98.5213
      vertex 79.8806 0 98.5213
    endloop
  endfacet
  facet normal -0.516474 0 -0.856303
    outer loop
      vertex 80.2211 -0.799999 98.254
      vertex 80.5774 0 98.0391
      vertex 80.5774 -0.799999 98.0391
    endloop
  endfacet
  facet normal -0.516474 0 -0.856303
    outer loop
      vertex 80.5774 0 98.0391
      vertex 80.2211 -0.799999 98.254
      vertex 80.2211 0 98.254
    endloop
  endfacet
  facet normal -0.401022 0 -0.916068
    outer loop
      vertex 80.5774 -0.799999 98.0391
      vertex 80.955 0 97.8738
      vertex 80.955 -0.799999 97.8738
    endloop
  endfacet
  facet normal -0.401022 0 -0.916068
    outer loop
      vertex 80.955 0 97.8738
      vertex 80.5774 -0.799999 98.0391
      vertex 80.5774 0 98.0391
    endloop
  endfacet
  facet normal -0.279982 0 -0.960005
    outer loop
      vertex 80.955 -0.799999 97.8738
      vertex 81.3596 0 97.7558
      vertex 81.3596 -0.799999 97.7558
    endloop
  endfacet
  facet normal -0.279982 0 -0.960005
    outer loop
      vertex 81.3596 0 97.7558
      vertex 80.955 -0.799999 97.8738
      vertex 80.955 0 97.8738
    endloop
  endfacet
  facet normal -0.162136 0 -0.986768
    outer loop
      vertex 81.3596 -0.799999 97.7558
      vertex 81.7911 0 97.6849
      vertex 81.7911 -0.799999 97.6849
    endloop
  endfacet
  facet normal -0.162136 0 -0.986768
    outer loop
      vertex 81.7911 0 97.6849
      vertex 81.3596 -0.799999 97.7558
      vertex 81.3596 0 97.7558
    endloop
  endfacet
  facet normal -0.0514041 0 -0.998678
    outer loop
      vertex 81.7911 -0.799999 97.6849
      vertex 82.2496 0 97.6613
      vertex 82.2496 -0.799999 97.6613
    endloop
  endfacet
  facet normal -0.0514041 0 -0.998678
    outer loop
      vertex 82.2496 0 97.6613
      vertex 81.7911 -0.799999 97.6849
      vertex 81.7911 0 97.6849
    endloop
  endfacet
  facet normal 0.103469 0 -0.994633
    outer loop
      vertex 82.2496 -0.799999 97.6613
      vertex 83.0542 0 97.745
      vertex 83.0542 -0.799999 97.745
    endloop
  endfacet
  facet normal 0.103469 0 -0.994633
    outer loop
      vertex 83.0542 0 97.745
      vertex 82.2496 -0.799999 97.6613
      vertex 82.2496 0 97.6613
    endloop
  endfacet
  facet normal 0.325431 0 -0.945566
    outer loop
      vertex 83.0542 -0.799999 97.745
      vertex 83.7835 0 97.996
      vertex 83.7835 -0.799999 97.996
    endloop
  endfacet
  facet normal 0.325431 0 -0.945566
    outer loop
      vertex 83.7835 0 97.996
      vertex 83.0542 -0.799999 97.745
      vertex 83.0542 0 97.745
    endloop
  endfacet
  facet normal 0.538758 0 -0.842461
    outer loop
      vertex 83.7835 -0.799999 97.996
      vertex 84.4376 0 98.4143
      vertex 84.4376 -0.799999 98.4143
    endloop
  endfacet
  facet normal 0.538758 0 -0.842461
    outer loop
      vertex 84.4376 0 98.4143
      vertex 83.7835 -0.799999 97.996
      vertex 83.7835 0 97.996
    endloop
  endfacet
  facet normal 0.711285 0 -0.702904
    outer loop
      vertex 85.0163 -0.799999 98.9999
      vertex 84.4376 0 98.4143
      vertex 85.0163 0 98.9999
    endloop
  endfacet
  facet normal 0.711285 0 -0.702904
    outer loop
      vertex 84.4376 0 98.4143
      vertex 85.0163 -0.799999 98.9999
      vertex 84.4376 -0.799999 98.4143
    endloop
  endfacet
  facet normal 0.834566 0 -0.550909
    outer loop
      vertex 85.4898 -0.799999 99.7172
      vertex 85.0163 0 98.9999
      vertex 85.4898 0 99.7172
    endloop
  endfacet
  facet normal 0.834566 0 -0.550909
    outer loop
      vertex 85.0163 0 98.9999
      vertex 85.4898 -0.799999 99.7172
      vertex 85.0163 -0.799999 98.9999
    endloop
  endfacet
  facet normal 0.923432 0 -0.383761
    outer loop
      vertex 85.828 -0.799999 100.531
      vertex 85.4898 0 99.7172
      vertex 85.828 0 100.531
    endloop
  endfacet
  facet normal 0.923432 0 -0.383761
    outer loop
      vertex 85.4898 0 99.7172
      vertex 85.828 -0.799999 100.531
      vertex 85.4898 -0.799999 99.7172
    endloop
  endfacet
  facet normal 0.975959 0 -0.217953
    outer loop
      vertex 86.031 -0.799999 101.44
      vertex 85.828 0 100.531
      vertex 86.031 0 101.44
    endloop
  endfacet
  facet normal 0.975959 0 -0.217953
    outer loop
      vertex 85.828 0 100.531
      vertex 86.031 -0.799999 101.44
      vertex 85.828 -0.799999 100.531
    endloop
  endfacet
  facet normal 0.99775 0 -0.0670456
    outer loop
      vertex 86.0986 -0.799999 102.446
      vertex 86.031 0 101.44
      vertex 86.0986 0 102.446
    endloop
  endfacet
  facet normal 0.99775 0 -0.0670456
    outer loop
      vertex 86.031 0 101.44
      vertex 86.0986 -0.799999 102.446
      vertex 86.031 -0.799999 101.44
    endloop
  endfacet
  facet normal 0.99775 -0 0.0670456
    outer loop
      vertex 86.031 -0.799999 103.452
      vertex 86.0986 0 102.446
      vertex 86.031 0 103.452
    endloop
  endfacet
  facet normal 0.99775 0 0.0670456
    outer loop
      vertex 86.0986 0 102.446
      vertex 86.031 -0.799999 103.452
      vertex 86.0986 -0.799999 102.446
    endloop
  endfacet
  facet normal 0.975959 -0 0.217953
    outer loop
      vertex 85.828 -0.799999 104.361
      vertex 86.031 0 103.452
      vertex 85.828 0 104.361
    endloop
  endfacet
  facet normal 0.975959 0 0.217953
    outer loop
      vertex 86.031 0 103.452
      vertex 85.828 -0.799999 104.361
      vertex 86.031 -0.799999 103.452
    endloop
  endfacet
  facet normal 0.923466 -0 0.383681
    outer loop
      vertex 85.4898 -0.799999 105.175
      vertex 85.828 0 104.361
      vertex 85.4898 0 105.175
    endloop
  endfacet
  facet normal 0.923466 0 0.383681
    outer loop
      vertex 85.828 0 104.361
      vertex 85.4898 -0.799999 105.175
      vertex 85.828 -0.799999 104.361
    endloop
  endfacet
  facet normal 0.83446 -0 0.551069
    outer loop
      vertex 85.0163 -0.799999 105.892
      vertex 85.4898 0 105.175
      vertex 85.0163 0 105.892
    endloop
  endfacet
  facet normal 0.83446 0 0.551069
    outer loop
      vertex 85.4898 0 105.175
      vertex 85.0163 -0.799999 105.892
      vertex 85.4898 -0.799999 105.175
    endloop
  endfacet
  facet normal 0.711525 -0 0.702661
    outer loop
      vertex 84.4376 -0.799999 106.478
      vertex 85.0163 0 105.892
      vertex 84.4376 0 106.478
    endloop
  endfacet
  facet normal 0.711525 0 0.702661
    outer loop
      vertex 85.0163 0 105.892
      vertex 84.4376 -0.799999 106.478
      vertex 85.0163 -0.799999 105.892
    endloop
  endfacet
  facet normal 0.538483 0 0.842636
    outer loop
      vertex 83.7835 0 106.896
      vertex 84.4376 -0.799999 106.478
      vertex 84.4376 0 106.478
    endloop
  endfacet
  facet normal 0.538483 0 0.842636
    outer loop
      vertex 84.4376 -0.799999 106.478
      vertex 83.7835 0 106.896
      vertex 83.7835 -0.799999 106.896
    endloop
  endfacet
  facet normal 0.325431 0 0.945566
    outer loop
      vertex 83.0542 0 107.147
      vertex 83.7835 -0.799999 106.896
      vertex 83.7835 0 106.896
    endloop
  endfacet
  facet normal 0.325431 0 0.945566
    outer loop
      vertex 83.7835 -0.799999 106.896
      vertex 83.0542 0 107.147
      vertex 83.0542 -0.799999 107.147
    endloop
  endfacet
  facet normal 0.103835 0 0.994594
    outer loop
      vertex 82.2496 0 107.231
      vertex 83.0542 -0.799999 107.147
      vertex 83.0542 0 107.147
    endloop
  endfacet
  facet normal 0.103835 0 0.994594
    outer loop
      vertex 83.0542 -0.799999 107.147
      vertex 82.2496 0 107.231
      vertex 82.2496 -0.799999 107.231
    endloop
  endfacet
  facet normal -0.0519005 0 0.998652
    outer loop
      vertex 81.7878 0 107.207
      vertex 82.2496 -0.799999 107.231
      vertex 82.2496 0 107.231
    endloop
  endfacet
  facet normal -0.0519005 0 0.998652
    outer loop
      vertex 82.2496 -0.799999 107.231
      vertex 81.7878 0 107.207
      vertex 81.7878 -0.799999 107.207
    endloop
  endfacet
  facet normal -0.317567 0 -0.948236
    outer loop
      vertex 81.604 -0.799999 105.068
      vertex 81.9862 0 104.94
      vertex 81.9862 -0.799999 104.94
    endloop
  endfacet
  facet normal -0.317567 0 -0.948236
    outer loop
      vertex 81.9862 0 104.94
      vertex 81.604 -0.799999 105.068
      vertex 81.604 0 105.068
    endloop
  endfacet
  facet normal -0.546657 0 -0.837356
    outer loop
      vertex 81.9862 -0.799999 104.94
      vertex 82.314 0 104.726
      vertex 82.314 -0.799999 104.726
    endloop
  endfacet
  facet normal -0.546657 0 -0.837356
    outer loop
      vertex 82.314 0 104.726
      vertex 81.9862 -0.799999 104.94
      vertex 81.9862 0 104.94
    endloop
  endfacet
  facet normal -0.737994 0 -0.674808
    outer loop
      vertex 82.5874 -0.799999 104.427
      vertex 82.314 0 104.726
      vertex 82.5874 0 104.427
    endloop
  endfacet
  facet normal -0.737994 -0 -0.674808
    outer loop
      vertex 82.314 0 104.726
      vertex 82.5874 -0.799999 104.427
      vertex 82.314 -0.799999 104.726
    endloop
  endfacet
  facet normal -0.869957 0 -0.493128
    outer loop
      vertex 82.8028 -0.799999 104.047
      vertex 82.5874 0 104.427
      vertex 82.8028 0 104.047
    endloop
  endfacet
  facet normal -0.869957 -0 -0.493128
    outer loop
      vertex 82.5874 0 104.427
      vertex 82.8028 -0.799999 104.047
      vertex 82.5874 -0.799999 104.427
    endloop
  endfacet
  facet normal -0.947977 0 -0.318338
    outer loop
      vertex 82.9566 -0.799999 103.589
      vertex 82.8028 0 104.047
      vertex 82.9566 0 103.589
    endloop
  endfacet
  facet normal -0.947977 -0 -0.318338
    outer loop
      vertex 82.8028 0 104.047
      vertex 82.9566 -0.799999 103.589
      vertex 82.8028 -0.799999 104.047
    endloop
  endfacet
  facet normal -0.985442 0 -0.170012
    outer loop
      vertex 83.0489 -0.799999 103.054
      vertex 82.9566 0 103.589
      vertex 83.0489 0 103.054
    endloop
  endfacet
  facet normal -0.985442 -0 -0.170012
    outer loop
      vertex 82.9566 0 103.589
      vertex 83.0489 -0.799999 103.054
      vertex 82.9566 -0.799999 103.589
    endloop
  endfacet
  facet normal -0.998736 0 -0.0502632
    outer loop
      vertex 83.0797 -0.799999 102.442
      vertex 83.0489 0 103.054
      vertex 83.0797 0 102.442
    endloop
  endfacet
  facet normal -0.998736 -0 -0.0502632
    outer loop
      vertex 83.0489 0 103.054
      vertex 83.0797 -0.799999 102.442
      vertex 83.0489 -0.799999 103.054
    endloop
  endfacet
  facet normal -0.998736 0 0.0502632
    outer loop
      vertex 83.0489 -0.799999 101.83
      vertex 83.0797 0 102.442
      vertex 83.0489 0 101.83
    endloop
  endfacet
  facet normal -0.998736 0 0.0502632
    outer loop
      vertex 83.0797 0 102.442
      vertex 83.0489 -0.799999 101.83
      vertex 83.0797 -0.799999 102.442
    endloop
  endfacet
  facet normal -0.985442 0 0.170012
    outer loop
      vertex 82.9566 -0.799999 101.295
      vertex 83.0489 0 101.83
      vertex 82.9566 0 101.295
    endloop
  endfacet
  facet normal -0.985442 0 0.170012
    outer loop
      vertex 83.0489 0 101.83
      vertex 82.9566 -0.799999 101.295
      vertex 83.0489 -0.799999 101.83
    endloop
  endfacet
  facet normal -0.947977 0 0.318338
    outer loop
      vertex 82.8028 -0.799999 100.837
      vertex 82.9566 0 101.295
      vertex 82.8028 0 100.837
    endloop
  endfacet
  facet normal -0.947977 0 0.318338
    outer loop
      vertex 82.9566 0 101.295
      vertex 82.8028 -0.799999 100.837
      vertex 82.9566 -0.799999 101.295
    endloop
  endfacet
  facet normal -0.869957 0 0.493128
    outer loop
      vertex 82.5874 -0.799999 100.457
      vertex 82.8028 0 100.837
      vertex 82.5874 0 100.457
    endloop
  endfacet
  facet normal -0.869957 0 0.493128
    outer loop
      vertex 82.8028 0 100.837
      vertex 82.5874 -0.799999 100.457
      vertex 82.8028 -0.799999 100.837
    endloop
  endfacet
  facet normal -0.737994 0 0.674808
    outer loop
      vertex 82.314 -0.799999 100.158
      vertex 82.5874 0 100.457
      vertex 82.314 0 100.158
    endloop
  endfacet
  facet normal -0.737994 0 0.674808
    outer loop
      vertex 82.5874 0 100.457
      vertex 82.314 -0.799999 100.158
      vertex 82.5874 -0.799999 100.457
    endloop
  endfacet
  facet normal -0.546299 0 0.83759
    outer loop
      vertex 81.9862 0 99.9442
      vertex 82.314 -0.799999 100.158
      vertex 82.314 0 100.158
    endloop
  endfacet
  facet normal -0.546299 0 0.83759
    outer loop
      vertex 82.314 -0.799999 100.158
      vertex 81.9862 0 99.9442
      vertex 81.9862 -0.799999 99.9442
    endloop
  endfacet
  facet normal -0.318013 0 0.948086
    outer loop
      vertex 81.604 0 99.816
      vertex 81.9862 -0.799999 99.9442
      vertex 81.9862 0 99.9442
    endloop
  endfacet
  facet normal -0.318013 0 0.948086
    outer loop
      vertex 81.9862 -0.799999 99.9442
      vertex 81.604 0 99.816
      vertex 81.604 -0.799999 99.816
    endloop
  endfacet
  facet normal -0.0973147 0 0.995254
    outer loop
      vertex 81.1673 0 99.7733
      vertex 81.604 -0.799999 99.816
      vertex 81.604 0 99.816
    endloop
  endfacet
  facet normal -0.0973147 0 0.995254
    outer loop
      vertex 81.604 -0.799999 99.816
      vertex 81.1673 0 99.7733
      vertex 81.1673 -0.799999 99.7733
    endloop
  endfacet
  facet normal 0.0965482 0 0.995328
    outer loop
      vertex 80.7271 0 99.816
      vertex 81.1673 -0.799999 99.7733
      vertex 81.1673 0 99.7733
    endloop
  endfacet
  facet normal 0.0965482 0 0.995328
    outer loop
      vertex 81.1673 -0.799999 99.7733
      vertex 80.7271 0 99.816
      vertex 80.7271 -0.799999 99.816
    endloop
  endfacet
  facet normal 0.316154 0 0.948708
    outer loop
      vertex 80.3424 0 99.9442
      vertex 80.7271 -0.799999 99.816
      vertex 80.7271 0 99.816
    endloop
  endfacet
  facet normal 0.316154 0 0.948708
    outer loop
      vertex 80.7271 -0.799999 99.816
      vertex 80.3424 0 99.9442
      vertex 80.3424 -0.799999 99.9442
    endloop
  endfacet
  facet normal 0.54455 0 0.838729
    outer loop
      vertex 80.0131 0 100.158
      vertex 80.3424 -0.799999 99.9442
      vertex 80.3424 0 99.9442
    endloop
  endfacet
  facet normal 0.54455 0 0.838729
    outer loop
      vertex 80.3424 -0.799999 99.9442
      vertex 80.0131 0 100.158
      vertex 80.0131 -0.799999 100.158
    endloop
  endfacet
  facet normal 0.737379 -0 0.675479
    outer loop
      vertex 79.7392 -0.799999 100.457
      vertex 80.0131 0 100.158
      vertex 79.7392 0 100.457
    endloop
  endfacet
  facet normal 0.737379 0 0.675479
    outer loop
      vertex 80.0131 0 100.158
      vertex 79.7392 -0.799999 100.457
      vertex 80.0131 -0.799999 100.158
    endloop
  endfacet
  facet normal 0.869957 -0 0.493128
    outer loop
      vertex 79.5238 -0.799999 100.837
      vertex 79.7392 0 100.457
      vertex 79.5238 0 100.837
    endloop
  endfacet
  facet normal 0.869957 0 0.493128
    outer loop
      vertex 79.7392 0 100.457
      vertex 79.5238 -0.799999 100.837
      vertex 79.7392 -0.799999 100.457
    endloop
  endfacet
  facet normal 0.947915 -0 0.318524
    outer loop
      vertex 79.3699 -0.799999 101.295
      vertex 79.5238 0 100.837
      vertex 79.3699 0 101.295
    endloop
  endfacet
  facet normal 0.947915 0 0.318524
    outer loop
      vertex 79.5238 0 100.837
      vertex 79.3699 -0.799999 101.295
      vertex 79.5238 -0.799999 100.837
    endloop
  endfacet
  facet normal 0.985442 -0 0.170012
    outer loop
      vertex 79.2776 -0.799999 101.83
      vertex 79.3699 0 101.295
      vertex 79.2776 0 101.83
    endloop
  endfacet
  facet normal 0.985442 0 0.170012
    outer loop
      vertex 79.3699 0 101.295
      vertex 79.2776 -0.799999 101.83
      vertex 79.3699 -0.799999 101.295
    endloop
  endfacet
  facet normal 0.998744 -0 0.0501004
    outer loop
      vertex 79.2469 -0.799999 102.442
      vertex 79.2776 0 101.83
      vertex 79.2469 0 102.442
    endloop
  endfacet
  facet normal 0.998744 0 0.0501004
    outer loop
      vertex 79.2776 0 101.83
      vertex 79.2469 -0.799999 102.442
      vertex 79.2776 -0.799999 101.83
    endloop
  endfacet
  facet normal 0.998744 0 -0.0501004
    outer loop
      vertex 79.2776 -0.799999 103.054
      vertex 79.2469 0 102.442
      vertex 79.2776 0 103.054
    endloop
  endfacet
  facet normal 0.998744 0 -0.0501004
    outer loop
      vertex 79.2469 0 102.442
      vertex 79.2776 -0.799999 103.054
      vertex 79.2469 -0.799999 102.442
    endloop
  endfacet
  facet normal 0.985442 0 -0.170012
    outer loop
      vertex 79.3699 -0.799999 103.589
      vertex 79.2776 0 103.054
      vertex 79.3699 0 103.589
    endloop
  endfacet
  facet normal 0.985442 0 -0.170012
    outer loop
      vertex 79.2776 0 103.054
      vertex 79.3699 -0.799999 103.589
      vertex 79.2776 -0.799999 103.054
    endloop
  endfacet
  facet normal 0.947915 0 -0.318524
    outer loop
      vertex 79.5238 -0.799999 104.047
      vertex 79.3699 0 103.589
      vertex 79.5238 0 104.047
    endloop
  endfacet
  facet normal 0.947915 0 -0.318524
    outer loop
      vertex 79.3699 0 103.589
      vertex 79.5238 -0.799999 104.047
      vertex 79.3699 -0.799999 103.589
    endloop
  endfacet
  facet normal 0.869957 0 -0.493128
    outer loop
      vertex 79.7392 -0.799999 104.427
      vertex 79.5238 0 104.047
      vertex 79.7392 0 104.427
    endloop
  endfacet
  facet normal 0.869957 0 -0.493128
    outer loop
      vertex 79.5238 0 104.047
      vertex 79.7392 -0.799999 104.427
      vertex 79.5238 -0.799999 104.047
    endloop
  endfacet
  facet normal 0.737379 0 -0.675479
    outer loop
      vertex 80.0131 -0.799999 104.726
      vertex 79.7392 0 104.427
      vertex 80.0131 0 104.726
    endloop
  endfacet
  facet normal 0.737379 0 -0.675479
    outer loop
      vertex 79.7392 0 104.427
      vertex 80.0131 -0.799999 104.726
      vertex 79.7392 -0.799999 104.427
    endloop
  endfacet
  facet normal 0.544908 0 -0.838496
    outer loop
      vertex 80.0131 -0.799999 104.726
      vertex 80.3424 0 104.94
      vertex 80.3424 -0.799999 104.94
    endloop
  endfacet
  facet normal 0.544908 0 -0.838496
    outer loop
      vertex 80.3424 0 104.94
      vertex 80.0131 -0.799999 104.726
      vertex 80.0131 0 104.726
    endloop
  endfacet
  facet normal 0.31571 0 -0.948856
    outer loop
      vertex 80.3424 -0.799999 104.94
      vertex 80.7271 0 105.068
      vertex 80.7271 -0.799999 105.068
    endloop
  endfacet
  facet normal 0.31571 0 -0.948856
    outer loop
      vertex 80.7271 0 105.068
      vertex 80.3424 -0.799999 104.94
      vertex 80.3424 0 104.94
    endloop
  endfacet
  facet normal 0.0972201 0 -0.995263
    outer loop
      vertex 80.7271 -0.799999 105.068
      vertex 81.1673 0 105.111
      vertex 81.1673 -0.799999 105.111
    endloop
  endfacet
  facet normal 0.0972201 0 -0.995263
    outer loop
      vertex 81.1673 0 105.111
      vertex 80.7271 -0.799999 105.068
      vertex 80.7271 0 105.068
    endloop
  endfacet
  facet normal -0.0979919 0 -0.995187
    outer loop
      vertex 81.1673 -0.799999 105.111
      vertex 81.604 0 105.068
      vertex 81.604 -0.799999 105.068
    endloop
  endfacet
  facet normal -0.0979919 0 -0.995187
    outer loop
      vertex 81.604 0 105.068
      vertex 81.1673 -0.799999 105.111
      vertex 81.1673 0 105.111
    endloop
  endfacet
  facet normal 0.73025 -0 0.68318
    outer loop
      vertex 133.95 -0.799999 106.992
      vertex 137.506 0 103.191
      vertex 133.95 0 106.992
    endloop
  endfacet
  facet normal 0.73025 0 0.68318
    outer loop
      vertex 137.506 0 103.191
      vertex 133.95 -0.799999 106.992
      vertex 137.506 -0.799999 103.191
    endloop
  endfacet
  facet normal -0 0 1
    outer loop
      vertex 130.418 0 106.992
      vertex 133.95 -0.799999 106.992
      vertex 133.95 0 106.992
    endloop
  endfacet
  facet normal 0 0 1
    outer loop
      vertex 133.95 -0.799999 106.992
      vertex 130.418 0 106.992
      vertex 130.418 -0.799999 106.992
    endloop
  endfacet
  facet normal -0.716559 0 -0.697526
    outer loop
      vertex 135.219 -0.799999 102.06
      vertex 130.418 0 106.992
      vertex 135.219 0 102.06
    endloop
  endfacet
  facet normal -0.716559 -0 -0.697526
    outer loop
      vertex 130.418 0 106.992
      vertex 135.219 -0.799999 102.06
      vertex 130.418 -0.799999 106.992
    endloop
  endfacet
  facet normal -0.684889 0 0.728647
    outer loop
      vertex 130.768 0 97.8763
      vertex 135.219 -0.799999 102.06
      vertex 135.219 0 102.06
    endloop
  endfacet
  facet normal -0.684889 0 0.728647
    outer loop
      vertex 135.219 -0.799999 102.06
      vertex 130.768 0 97.8763
      vertex 130.768 -0.799999 97.8763
    endloop
  endfacet
  facet normal 0 0 -1
    outer loop
      vertex 130.768 -0.799999 97.8763
      vertex 134.153 0 97.8763
      vertex 134.153 -0.799999 97.8763
    endloop
  endfacet
  facet normal -0 0 -1
    outer loop
      vertex 134.153 0 97.8763
      vertex 130.768 -0.799999 97.8763
      vertex 130.768 0 97.8763
    endloop
  endfacet
  facet normal 0.706336 0 -0.707877
    outer loop
      vertex 134.153 -0.799999 97.8763
      vertex 137.506 0 101.222
      vertex 137.506 -0.799999 101.222
    endloop
  endfacet
  facet normal 0.706336 0 -0.707877
    outer loop
      vertex 137.506 0 101.222
      vertex 134.153 -0.799999 97.8763
      vertex 134.153 0 97.8763
    endloop
  endfacet
  facet normal -1 0 0
    outer loop
      vertex 137.506 -0.799999 94.3282
      vertex 137.506 0 101.222
      vertex 137.506 0 94.3282
    endloop
  endfacet
  facet normal -1 -0 0
    outer loop
      vertex 137.506 0 101.222
      vertex 137.506 -0.799999 94.3282
      vertex 137.506 -0.799999 101.222
    endloop
  endfacet
  facet normal 0 0 -1
    outer loop
      vertex 137.506 -0.799999 94.3282
      vertex 140.419 0 94.3282
      vertex 140.419 -0.799999 94.3282
    endloop
  endfacet
  facet normal -0 0 -1
    outer loop
      vertex 140.419 0 94.3282
      vertex 137.506 -0.799999 94.3282
      vertex 137.506 0 94.3282
    endloop
  endfacet
  facet normal 1 -0 0
    outer loop
      vertex 140.419 -0.799999 106.992
      vertex 140.419 0 94.3282
      vertex 140.419 0 106.992
    endloop
  endfacet
  facet normal 1 0 0
    outer loop
      vertex 140.419 0 94.3282
      vertex 140.419 -0.799999 106.992
      vertex 140.419 -0.799999 94.3282
    endloop
  endfacet
  facet normal -0 0 1
    outer loop
      vertex 137.506 0 106.992
      vertex 140.419 -0.799999 106.992
      vertex 140.419 0 106.992
    endloop
  endfacet
  facet normal 0 0 1
    outer loop
      vertex 140.419 -0.799999 106.992
      vertex 137.506 0 106.992
      vertex 137.506 -0.799999 106.992
    endloop
  endfacet
  facet normal -1 0 0
    outer loop
      vertex 137.506 -0.799999 103.191
      vertex 137.506 0 106.992
      vertex 137.506 0 103.191
    endloop
  endfacet
  facet normal -1 -0 0
    outer loop
      vertex 137.506 0 106.992
      vertex 137.506 -0.799999 103.191
      vertex 137.506 -0.799999 106.992
    endloop
  endfacet
  facet normal 0 0 -1
    outer loop
      vertex 106.306 -0.799999 104.911
      vertex 107.803 0 104.911
      vertex 107.803 -0.799999 104.911
    endloop
  endfacet
  facet normal -0 0 -1
    outer loop
      vertex 107.803 0 104.911
      vertex 106.306 -0.799999 104.911
      vertex 106.306 0 104.911
    endloop
  endfacet
  facet normal -0.0407824 0 -0.999168
    outer loop
      vertex 107.803 -0.799999 104.911
      vertex 108.146 0 104.897
      vertex 108.146 -0.799999 104.897
    endloop
  endfacet
  facet normal -0.0407824 0 -0.999168
    outer loop
      vertex 108.146 0 104.897
      vertex 107.803 -0.799999 104.911
      vertex 107.803 0 104.911
    endloop
  endfacet
  facet normal -0.147311 0 -0.98909
    outer loop
      vertex 108.146 -0.799999 104.897
      vertex 108.428 0 104.855
      vertex 108.428 -0.799999 104.855
    endloop
  endfacet
  facet normal -0.147311 0 -0.98909
    outer loop
      vertex 108.428 0 104.855
      vertex 108.146 -0.799999 104.897
      vertex 108.146 0 104.897
    endloop
  endfacet
  facet normal -0.30446 0 -0.952525
    outer loop
      vertex 108.428 -0.799999 104.855
      vertex 108.647 0 104.785
      vertex 108.647 -0.799999 104.785
    endloop
  endfacet
  facet normal -0.30446 0 -0.952525
    outer loop
      vertex 108.647 0 104.785
      vertex 108.428 -0.799999 104.855
      vertex 108.428 0 104.855
    endloop
  endfacet
  facet normal -0.529513 0 -0.848302
    outer loop
      vertex 108.647 -0.799999 104.785
      vertex 108.804 0 104.687
      vertex 108.804 -0.799999 104.687
    endloop
  endfacet
  facet normal -0.529513 0 -0.848302
    outer loop
      vertex 108.804 0 104.687
      vertex 108.647 -0.799999 104.785
      vertex 108.647 0 104.785
    endloop
  endfacet
  facet normal -0.781973 0 -0.623312
    outer loop
      vertex 108.914 -0.799999 104.549
      vertex 108.804 0 104.687
      vertex 108.914 0 104.549
    endloop
  endfacet
  facet normal -0.781973 -0 -0.623312
    outer loop
      vertex 108.804 0 104.687
      vertex 108.914 -0.799999 104.549
      vertex 108.804 -0.799999 104.687
    endloop
  endfacet
  facet normal -0.922643 0 -0.385655
    outer loop
      vertex 108.993 -0.799999 104.36
      vertex 108.914 0 104.549
      vertex 108.993 0 104.36
    endloop
  endfacet
  facet normal -0.922643 -0 -0.385655
    outer loop
      vertex 108.914 0 104.549
      vertex 108.993 -0.799999 104.36
      vertex 108.914 -0.799999 104.549
    endloop
  endfacet
  facet normal -0.981359 0 -0.192183
    outer loop
      vertex 109.04 -0.799999 104.12
      vertex 108.993 0 104.36
      vertex 109.04 0 104.12
    endloop
  endfacet
  facet normal -0.981359 -0 -0.192183
    outer loop
      vertex 108.993 0 104.36
      vertex 109.04 -0.799999 104.12
      vertex 108.993 -0.799999 104.36
    endloop
  endfacet
  facet normal -0.998502 0 -0.0547124
    outer loop
      vertex 109.056 -0.799999 103.828
      vertex 109.04 0 104.12
      vertex 109.056 0 103.828
    endloop
  endfacet
  facet normal -0.998502 -0 -0.0547124
    outer loop
      vertex 109.04 0 104.12
      vertex 109.056 -0.799999 103.828
      vertex 109.04 -0.799999 104.12
    endloop
  endfacet
  facet normal -1 0 0
    outer loop
      vertex 109.056 -0.799999 99.9576
      vertex 109.056 0 103.828
      vertex 109.056 0 99.9576
    endloop
  endfacet
  facet normal -1 -0 0
    outer loop
      vertex 109.056 0 103.828
      vertex 109.056 -0.799999 99.9576
      vertex 109.056 -0.799999 103.828
    endloop
  endfacet
  facet normal -0 0 1
    outer loop
      vertex 106.054 0 99.9576
      vertex 109.056 -0.799999 99.9576
      vertex 109.056 0 99.9576
    endloop
  endfacet
  facet normal 0 0 1
    outer loop
      vertex 109.056 -0.799999 99.9576
      vertex 106.054 0 99.9576
      vertex 106.054 -0.799999 99.9576
    endloop
  endfacet
  facet normal -1 0 0
    outer loop
      vertex 106.054 -0.799999 97.8763
      vertex 106.054 0 99.9576
      vertex 106.054 0 97.8763
    endloop
  endfacet
  facet normal -1 -0 0
    outer loop
      vertex 106.054 0 99.9576
      vertex 106.054 -0.799999 97.8763
      vertex 106.054 -0.799999 99.9576
    endloop
  endfacet
  facet normal 0 0 -1
    outer loop
      vertex 106.054 -0.799999 97.8763
      vertex 109.056 0 97.8763
      vertex 109.056 -0.799999 97.8763
    endloop
  endfacet
  facet normal -0 0 -1
    outer loop
      vertex 109.056 0 97.8763
      vertex 106.054 -0.799999 97.8763
      vertex 106.054 0 97.8763
    endloop
  endfacet
  facet normal -1 0 0
    outer loop
      vertex 109.056 -0.799999 95.2882
      vertex 109.056 0 97.8763
      vertex 109.056 0 95.2882
    endloop
  endfacet
  facet normal -1 -0 0
    outer loop
      vertex 109.056 0 97.8763
      vertex 109.056 -0.799999 95.2882
      vertex 109.056 -0.799999 97.8763
    endloop
  endfacet
  facet normal 0 0 -1
    outer loop
      vertex 109.056 -0.799999 95.2882
      vertex 111.969 0 95.2882
      vertex 111.969 -0.799999 95.2882
    endloop
  endfacet
  facet normal -0 0 -1
    outer loop
      vertex 111.969 0 95.2882
      vertex 109.056 -0.799999 95.2882
      vertex 109.056 0 95.2882
    endloop
  endfacet
  facet normal 1 -0 0
    outer loop
      vertex 111.969 -0.799999 97.8763
      vertex 111.969 0 95.2882
      vertex 111.969 0 97.8763
    endloop
  endfacet
  facet normal 1 0 0
    outer loop
      vertex 111.969 0 95.2882
      vertex 111.969 -0.799999 97.8763
      vertex 111.969 -0.799999 95.2882
    endloop
  endfacet
  facet normal 0 0 -1
    outer loop
      vertex 111.969 -0.799999 97.8763
      vertex 113.418 0 97.8763
      vertex 113.418 -0.799999 97.8763
    endloop
  endfacet
  facet normal -0 0 -1
    outer loop
      vertex 113.418 0 97.8763
      vertex 111.969 -0.799999 97.8763
      vertex 111.969 0 97.8763
    endloop
  endfacet
  facet normal 1 -0 0
    outer loop
      vertex 113.418 -0.799999 99.9576
      vertex 113.418 0 97.8763
      vertex 113.418 0 99.9576
    endloop
  endfacet
  facet normal 1 0 0
    outer loop
      vertex 113.418 0 97.8763
      vertex 113.418 -0.799999 99.9576
      vertex 113.418 -0.799999 97.8763
    endloop
  endfacet
  facet normal -0 0 1
    outer loop
      vertex 111.969 0 99.9576
      vertex 113.418 -0.799999 99.9576
      vertex 113.418 0 99.9576
    endloop
  endfacet
  facet normal 0 0 1
    outer loop
      vertex 113.418 -0.799999 99.9576
      vertex 111.969 0 99.9576
      vertex 111.969 -0.799999 99.9576
    endloop
  endfacet
  facet normal 1 -0 0
    outer loop
      vertex 111.969 -0.799999 103.828
      vertex 111.969 0 99.9576
      vertex 111.969 0 103.828
    endloop
  endfacet
  facet normal 1 0 0
    outer loop
      vertex 111.969 0 99.9576
      vertex 111.969 -0.799999 103.828
      vertex 111.969 -0.799999 99.9576
    endloop
  endfacet
  facet normal 0.998418 -0 0.0562313
    outer loop
      vertex 111.924 -0.799999 104.627
      vertex 111.969 0 103.828
      vertex 111.924 0 104.627
    endloop
  endfacet
  facet normal 0.998418 0 0.0562313
    outer loop
      vertex 111.969 0 103.828
      vertex 111.924 -0.799999 104.627
      vertex 111.969 -0.799999 103.828
    endloop
  endfacet
  facet normal 0.980525 -0 0.196396
    outer loop
      vertex 111.789 -0.799999 105.301
      vertex 111.924 0 104.627
      vertex 111.789 0 105.301
    endloop
  endfacet
  facet normal 0.980525 0 0.196396
    outer loop
      vertex 111.924 0 104.627
      vertex 111.789 -0.799999 105.301
      vertex 111.924 -0.799999 104.627
    endloop
  endfacet
  facet normal 0.925305 -0 0.379223
    outer loop
      vertex 111.564 -0.799999 105.85
      vertex 111.789 0 105.301
      vertex 111.564 0 105.85
    endloop
  endfacet
  facet normal 0.925305 0 0.379223
    outer loop
      vertex 111.789 0 105.301
      vertex 111.564 -0.799999 105.85
      vertex 111.789 -0.799999 105.301
    endloop
  endfacet
  facet normal 0.801365 -0 0.598175
    outer loop
      vertex 111.249 -0.799999 106.272
      vertex 111.564 0 105.85
      vertex 111.249 0 106.272
    endloop
  endfacet
  facet normal 0.801365 0 0.598175
    outer loop
      vertex 111.564 0 105.85
      vertex 111.249 -0.799999 106.272
      vertex 111.564 -0.799999 105.85
    endloop
  endfacet
  facet normal 0.597266 0 0.802043
    outer loop
      vertex 110.826 0 106.587
      vertex 111.249 -0.799999 106.272
      vertex 111.249 0 106.272
    endloop
  endfacet
  facet normal 0.597266 0 0.802043
    outer loop
      vertex 111.249 -0.799999 106.272
      vertex 110.826 0 106.587
      vertex 110.826 -0.799999 106.587
    endloop
  endfacet
  facet normal 0.379816 0 0.925062
    outer loop
      vertex 110.278 0 106.812
      vertex 110.826 -0.799999 106.587
      vertex 110.826 0 106.587
    endloop
  endfacet
  facet normal 0.379816 0 0.925062
    outer loop
      vertex 110.826 -0.799999 106.587
      vertex 110.278 0 106.812
      vertex 110.278 -0.799999 106.812
    endloop
  endfacet
  facet normal 0.196396 0 0.980525
    outer loop
      vertex 109.604 0 106.947
      vertex 110.278 -0.799999 106.812
      vertex 110.278 0 106.812
    endloop
  endfacet
  facet normal 0.196396 0 0.980525
    outer loop
      vertex 110.278 -0.799999 106.812
      vertex 109.604 0 106.947
      vertex 109.604 -0.799999 106.947
    endloop
  endfacet
  facet normal 0.0561612 0 0.998422
    outer loop
      vertex 108.804 0 106.992
      vertex 109.604 -0.799999 106.947
      vertex 109.604 0 106.947
    endloop
  endfacet
  facet normal 0.0561612 0 0.998422
    outer loop
      vertex 109.604 -0.799999 106.947
      vertex 108.804 0 106.992
      vertex 108.804 -0.799999 106.992
    endloop
  endfacet
  facet normal -0 0 1
    outer loop
      vertex 106.306 0 106.992
      vertex 108.804 -0.799999 106.992
      vertex 108.804 0 106.992
    endloop
  endfacet
  facet normal 0 0 1
    outer loop
      vertex 108.804 -0.799999 106.992
      vertex 106.306 0 106.992
      vertex 106.306 -0.799999 106.992
    endloop
  endfacet
  facet normal -1 0 0
    outer loop
      vertex 106.306 -0.799999 104.911
      vertex 106.306 0 106.992
      vertex 106.306 0 104.911
    endloop
  endfacet
  facet normal -1 -0 0
    outer loop
      vertex 106.306 0 106.992
      vertex 106.306 -0.799999 104.911
      vertex 106.306 -0.799999 106.992
    endloop
  endfacet
  facet normal -0.0714254 0 0.997446
    outer loop
      vertex 68.2308 0 107.181
      vertex 68.7475 -0.799999 107.218
      vertex 68.7475 0 107.218
    endloop
  endfacet
  facet normal -0.0714254 0 0.997446
    outer loop
      vertex 68.7475 -0.799999 107.218
      vertex 68.2308 0 107.181
      vertex 68.2308 -0.799999 107.181
    endloop
  endfacet
  facet normal -0.121008 0 0.992652
    outer loop
      vertex 67.714 0 107.118
      vertex 68.2308 -0.799999 107.181
      vertex 68.2308 0 107.181
    endloop
  endfacet
  facet normal -0.121008 0 0.992652
    outer loop
      vertex 68.2308 -0.799999 107.181
      vertex 67.714 0 107.118
      vertex 67.714 -0.799999 107.118
    endloop
  endfacet
  facet normal -0.166039 0 0.986119
    outer loop
      vertex 67.1973 0 107.031
      vertex 67.714 -0.799999 107.118
      vertex 67.714 0 107.118
    endloop
  endfacet
  facet normal -0.166039 0 0.986119
    outer loop
      vertex 67.714 -0.799999 107.118
      vertex 67.1973 0 107.031
      vertex 67.1973 -0.799999 107.031
    endloop
  endfacet
  facet normal -0.211841 0 0.977304
    outer loop
      vertex 66.6806 0 106.919
      vertex 67.1973 -0.799999 107.031
      vertex 67.1973 0 107.031
    endloop
  endfacet
  facet normal -0.211841 0 0.977304
    outer loop
      vertex 67.1973 -0.799999 107.031
      vertex 66.6806 0 106.919
      vertex 66.6806 -0.799999 106.919
    endloop
  endfacet
  facet normal -0.254539 0 0.967062
    outer loop
      vertex 66.1639 0 106.783
      vertex 66.6806 -0.799999 106.919
      vertex 66.6806 0 106.919
    endloop
  endfacet
  facet normal -0.254539 0 0.967062
    outer loop
      vertex 66.6806 -0.799999 106.919
      vertex 66.1639 0 106.783
      vertex 66.1639 -0.799999 106.783
    endloop
  endfacet
  facet normal -0.2958 0 0.95525
    outer loop
      vertex 65.6472 0 106.623
      vertex 66.1639 -0.799999 106.783
      vertex 66.1639 0 106.783
    endloop
  endfacet
  facet normal -0.2958 0 0.95525
    outer loop
      vertex 66.1639 -0.799999 106.783
      vertex 65.6472 0 106.623
      vertex 65.6472 -0.799999 106.623
    endloop
  endfacet
  facet normal -0.333793 0 0.942646
    outer loop
      vertex 65.1304 0 106.44
      vertex 65.6472 -0.799999 106.623
      vertex 65.6472 0 106.623
    endloop
  endfacet
  facet normal -0.333793 0 0.942646
    outer loop
      vertex 65.6472 -0.799999 106.623
      vertex 65.1304 0 106.44
      vertex 65.1304 -0.799999 106.44
    endloop
  endfacet
  facet normal -1 0 0
    outer loop
      vertex 65.1304 -0.799999 104.197
      vertex 65.1304 0 106.44
      vertex 65.1304 0 104.197
    endloop
  endfacet
  facet normal -1 -0 0
    outer loop
      vertex 65.1304 0 106.44
      vertex 65.1304 -0.799999 104.197
      vertex 65.1304 -0.799999 106.44
    endloop
  endfacet
  facet normal 0.456138 0 -0.889909
    outer loop
      vertex 65.1304 -0.799999 104.197
      vertex 65.6357 0 104.456
      vertex 65.6357 -0.799999 104.456
    endloop
  endfacet
  facet normal 0.456138 0 -0.889909
    outer loop
      vertex 65.6357 0 104.456
      vertex 65.1304 -0.799999 104.197
      vertex 65.1304 0 104.197
    endloop
  endfacet
  facet normal 0.409733 0 -0.912205
    outer loop
      vertex 65.6357 -0.799999 104.456
      vertex 66.1344 0 104.68
      vertex 66.1344 -0.799999 104.68
    endloop
  endfacet
  facet normal 0.409733 0 -0.912205
    outer loop
      vertex 66.1344 0 104.68
      vertex 65.6357 -0.799999 104.456
      vertex 65.6357 0 104.456
    endloop
  endfacet
  facet normal 0.358534 0 -0.933517
    outer loop
      vertex 66.1344 -0.799999 104.68
      vertex 66.6265 0 104.869
      vertex 66.6265 -0.799999 104.869
    endloop
  endfacet
  facet normal 0.358534 0 -0.933517
    outer loop
      vertex 66.6265 0 104.869
      vertex 66.1344 -0.799999 104.68
      vertex 66.1344 0 104.68
    endloop
  endfacet
  facet normal 0.302353 0 -0.953196
    outer loop
      vertex 66.6265 -0.799999 104.869
      vertex 67.112 0 105.023
      vertex 67.112 -0.799999 105.023
    endloop
  endfacet
  facet normal 0.302353 0 -0.953196
    outer loop
      vertex 67.112 0 105.023
      vertex 66.6265 -0.799999 104.869
      vertex 66.6265 0 104.869
    endloop
  endfacet
  facet normal 0.240963 0 -0.970534
    outer loop
      vertex 67.112 -0.799999 105.023
      vertex 67.5913 0 105.142
      vertex 67.5913 -0.799999 105.142
    endloop
  endfacet
  facet normal 0.240963 0 -0.970534
    outer loop
      vertex 67.5913 0 105.142
      vertex 67.112 -0.799999 105.023
      vertex 67.112 0 105.023
    endloop
  endfacet
  facet normal 0.176618 0 -0.98428
    outer loop
      vertex 67.5913 -0.799999 105.142
      vertex 68.065 0 105.227
      vertex 68.065 -0.799999 105.227
    endloop
  endfacet
  facet normal 0.176618 0 -0.98428
    outer loop
      vertex 68.065 0 105.227
      vertex 67.5913 -0.799999 105.142
      vertex 67.5913 0 105.142
    endloop
  endfacet
  facet normal 0.108287 0 -0.99412
    outer loop
      vertex 68.065 -0.799999 105.227
      vertex 68.5332 0 105.278
      vertex 68.5332 -0.799999 105.278
    endloop
  endfacet
  facet normal 0.108287 0 -0.99412
    outer loop
      vertex 68.5332 0 105.278
      vertex 68.065 -0.799999 105.227
      vertex 68.065 0 105.227
    endloop
  endfacet
  facet normal 0.036724 0 -0.999325
    outer loop
      vertex 68.5332 -0.799999 105.278
      vertex 68.9958 0 105.295
      vertex 68.9958 -0.799999 105.295
    endloop
  endfacet
  facet normal 0.036724 0 -0.999325
    outer loop
      vertex 68.9958 0 105.295
      vertex 68.5332 -0.799999 105.278
      vertex 68.5332 0 105.278
    endloop
  endfacet
  facet normal -0.0593636 0 -0.998236
    outer loop
      vertex 68.9958 -0.799999 105.295
      vertex 69.5339 0 105.263
      vertex 69.5339 -0.799999 105.263
    endloop
  endfacet
  facet normal -0.0593636 0 -0.998236
    outer loop
      vertex 69.5339 0 105.263
      vertex 68.9958 -0.799999 105.295
      vertex 68.9958 0 105.295
    endloop
  endfacet
  facet normal -0.1981 0 -0.980182
    outer loop
      vertex 69.5339 -0.799999 105.263
      vertex 70.0089 0 105.167
      vertex 70.0089 -0.799999 105.167
    endloop
  endfacet
  facet normal -0.1981 0 -0.980182
    outer loop
      vertex 70.0089 0 105.167
      vertex 69.5339 -0.799999 105.263
      vertex 69.5339 0 105.263
    endloop
  endfacet
  facet normal -0.362086 0 -0.932145
    outer loop
      vertex 70.0089 -0.799999 105.167
      vertex 70.4208 0 105.007
      vertex 70.4208 -0.799999 105.007
    endloop
  endfacet
  facet normal -0.362086 0 -0.932145
    outer loop
      vertex 70.4208 0 105.007
      vertex 70.0089 -0.799999 105.167
      vertex 70.0089 0 105.167
    endloop
  endfacet
  facet normal -0.540258 0 -0.8415
    outer loop
      vertex 70.4208 -0.799999 105.007
      vertex 70.7697 0 104.783
      vertex 70.7697 -0.799999 104.783
    endloop
  endfacet
  facet normal -0.540258 0 -0.8415
    outer loop
      vertex 70.7697 0 104.783
      vertex 70.4208 -0.799999 105.007
      vertex 70.4208 0 105.007
    endloop
  endfacet
  facet normal -0.71288 0 -0.701286
    outer loop
      vertex 71.054 -0.799999 104.494
      vertex 70.7697 0 104.783
      vertex 71.054 0 104.494
    endloop
  endfacet
  facet normal -0.71288 -0 -0.701286
    outer loop
      vertex 70.7697 0 104.783
      vertex 71.054 -0.799999 104.494
      vertex 70.7697 -0.799999 104.783
    endloop
  endfacet
  facet normal -0.849946 0 -0.52687
    outer loop
      vertex 71.2722 -0.799999 104.142
      vertex 71.054 0 104.494
      vertex 71.2722 0 104.142
    endloop
  endfacet
  facet normal -0.849946 -0 -0.52687
    outer loop
      vertex 71.054 0 104.494
      vertex 71.2722 -0.799999 104.142
      vertex 71.054 -0.799999 104.494
    endloop
  endfacet
  facet normal -0.939458 0 -0.342665
    outer loop
      vertex 71.4243 -0.799999 103.725
      vertex 71.2722 0 104.142
      vertex 71.4243 0 103.725
    endloop
  endfacet
  facet normal -0.939458 -0 -0.342665
    outer loop
      vertex 71.2722 0 104.142
      vertex 71.4243 -0.799999 103.725
      vertex 71.2722 -0.799999 104.142
    endloop
  endfacet
  facet normal -0.984362 0 -0.17616
    outer loop
      vertex 71.5102 -0.799999 103.245
      vertex 71.4243 0 103.725
      vertex 71.5102 0 103.245
    endloop
  endfacet
  facet normal -0.984362 -0 -0.17616
    outer loop
      vertex 71.4243 0 103.725
      vertex 71.5102 -0.799999 103.245
      vertex 71.4243 -0.799999 103.725
    endloop
  endfacet
  facet normal -0 0 1
    outer loop
      vertex 64.6992 0 103.245
      vertex 71.5102 -0.799999 103.245
      vertex 71.5102 0 103.245
    endloop
  endfacet
  facet normal 0 0 1
    outer loop
      vertex 71.5102 -0.799999 103.245
      vertex 64.6992 0 103.245
      vertex 64.6992 -0.799999 103.245
    endloop
  endfacet
  facet normal -1 0 0
    outer loop
      vertex 64.6992 -0.799999 102.415
      vertex 64.6992 0 103.245
      vertex 64.6992 0 102.415
    endloop
  endfacet
  facet normal -1 -0 0
    outer loop
      vertex 64.6992 0 103.245
      vertex 64.6992 -0.799999 102.415
      vertex 64.6992 -0.799999 103.245
    endloop
  endfacet
  facet normal -0.99694 0 -0.0781648
    outer loop
      vertex 64.7798 -0.799999 101.387
      vertex 64.6992 0 102.415
      vertex 64.7798 0 101.387
    endloop
  endfacet
  facet normal -0.99694 -0 -0.0781648
    outer loop
      vertex 64.6992 0 102.415
      vertex 64.7798 -0.799999 101.387
      vertex 64.6992 -0.799999 102.415
    endloop
  endfacet
  facet normal -0.967085 0 -0.254452
    outer loop
      vertex 65.0216 -0.799999 100.468
      vertex 64.7798 0 101.387
      vertex 65.0216 0 100.468
    endloop
  endfacet
  facet normal -0.967085 -0 -0.254452
    outer loop
      vertex 64.7798 0 101.387
      vertex 65.0216 -0.799999 100.468
      vertex 64.7798 -0.799999 101.387
    endloop
  endfacet
  facet normal -0.895485 0 -0.445092
    outer loop
      vertex 65.4246 -0.799999 99.6572
      vertex 65.0216 0 100.468
      vertex 65.4246 0 99.6572
    endloop
  endfacet
  facet normal -0.895485 -0 -0.445092
    outer loop
      vertex 65.0216 0 100.468
      vertex 65.4246 -0.799999 99.6572
      vertex 65.0216 -0.799999 100.468
    endloop
  endfacet
  facet normal -0.77923 0 -0.626738
    outer loop
      vertex 65.9889 -0.799999 98.9556
      vertex 65.4246 0 99.6572
      vertex 65.9889 0 98.9556
    endloop
  endfacet
  facet normal -0.77923 -0 -0.626738
    outer loop
      vertex 65.4246 0 99.6572
      vertex 65.9889 -0.799999 98.9556
      vertex 65.4246 -0.799999 99.6572
    endloop
  endfacet
  facet normal -0.629646 0 -0.776882
    outer loop
      vertex 65.9889 -0.799999 98.9556
      vertex 66.6875 0 98.3894
      vertex 66.6875 -0.799999 98.3894
    endloop
  endfacet
  facet normal -0.629646 0 -0.776882
    outer loop
      vertex 66.6875 0 98.3894
      vertex 65.9889 -0.799999 98.9556
      vertex 65.9889 0 98.9556
    endloop
  endfacet
  facet normal -0.448633 0 -0.893716
    outer loop
      vertex 66.6875 -0.799999 98.3894
      vertex 67.4933 0 97.9849
      vertex 67.4933 -0.799999 97.9849
    endloop
  endfacet
  facet normal -0.448633 0 -0.893716
    outer loop
      vertex 67.4933 0 97.9849
      vertex 66.6875 -0.799999 98.3894
      vertex 66.6875 0 98.3894
    endloop
  endfacet
  facet normal -0.256852 0 -0.966451
    outer loop
      vertex 67.4933 -0.799999 97.9849
      vertex 68.4065 0 97.7422
      vertex 68.4065 -0.799999 97.7422
    endloop
  endfacet
  facet normal -0.256852 0 -0.966451
    outer loop
      vertex 68.4065 0 97.7422
      vertex 67.4933 -0.799999 97.9849
      vertex 67.4933 0 97.9849
    endloop
  endfacet
  facet normal -0.0790269 0 -0.996872
    outer loop
      vertex 68.4065 -0.799999 97.7422
      vertex 69.427 0 97.6613
      vertex 69.427 -0.799999 97.6613
    endloop
  endfacet
  facet normal -0.0790269 0 -0.996872
    outer loop
      vertex 69.427 0 97.6613
      vertex 68.4065 -0.799999 97.7422
      vertex 68.4065 0 97.7422
    endloop
  endfacet
  facet normal 0.0712851 0 -0.997456
    outer loop
      vertex 69.427 -0.799999 97.6613
      vertex 70.5436 0 97.7411
      vertex 70.5436 -0.799999 97.7411
    endloop
  endfacet
  facet normal 0.0712851 0 -0.997456
    outer loop
      vertex 70.5436 0 97.7411
      vertex 69.427 -0.799999 97.6613
      vertex 69.427 0 97.6613
    endloop
  endfacet
  facet normal 0.235229 0 -0.97194
    outer loop
      vertex 70.5436 -0.799999 97.7411
      vertex 71.5336 0 97.9807
      vertex 71.5336 -0.799999 97.9807
    endloop
  endfacet
  facet normal 0.235229 0 -0.97194
    outer loop
      vertex 71.5336 0 97.9807
      vertex 70.5436 -0.799999 97.7411
      vertex 70.5436 0 97.7411
    endloop
  endfacet
  facet normal 0.419711 0 -0.907658
    outer loop
      vertex 71.5336 -0.799999 97.9807
      vertex 72.3969 0 98.3799
      vertex 72.3969 -0.799999 98.3799
    endloop
  endfacet
  facet normal 0.419711 0 -0.907658
    outer loop
      vertex 72.3969 0 98.3799
      vertex 71.5336 -0.799999 97.9807
      vertex 71.5336 0 97.9807
    endloop
  endfacet
  facet normal 0.604403 0 -0.796679
    outer loop
      vertex 72.3969 -0.799999 98.3799
      vertex 73.1336 0 98.9388
      vertex 73.1336 -0.799999 98.9388
    endloop
  endfacet
  facet normal 0.604403 0 -0.796679
    outer loop
      vertex 73.1336 0 98.9388
      vertex 72.3969 -0.799999 98.3799
      vertex 72.3969 0 98.3799
    endloop
  endfacet
  facet normal 0.764286 0 -0.644877
    outer loop
      vertex 73.7228 -0.799999 99.6371
      vertex 73.1336 0 98.9388
      vertex 73.7228 0 99.6371
    endloop
  endfacet
  facet normal 0.764286 0 -0.644877
    outer loop
      vertex 73.1336 0 98.9388
      vertex 73.7228 -0.799999 99.6371
      vertex 73.1336 -0.799999 98.9388
    endloop
  endfacet
  facet normal 0.888942 0 -0.458019
    outer loop
      vertex 74.1437 -0.799999 100.454
      vertex 73.7228 0 99.6371
      vertex 74.1437 0 100.454
    endloop
  endfacet
  facet normal 0.888942 0 -0.458019
    outer loop
      vertex 73.7228 0 99.6371
      vertex 74.1437 -0.799999 100.454
      vertex 73.7228 -0.799999 99.6371
    endloop
  endfacet
  facet normal 0.965556 0 -0.260195
    outer loop
      vertex 74.3962 -0.799999 101.391
      vertex 74.1437 0 100.454
      vertex 74.3962 0 101.391
    endloop
  endfacet
  facet normal 0.965556 0 -0.260195
    outer loop
      vertex 74.1437 0 100.454
      vertex 74.3962 -0.799999 101.391
      vertex 74.1437 -0.799999 100.454
    endloop
  endfacet
  facet normal 0.996838 0 -0.0794636
    outer loop
      vertex 74.4803 -0.799999 102.446
      vertex 74.3962 0 101.391
      vertex 74.4803 0 102.446
    endloop
  endfacet
  facet normal 0.996838 0 -0.0794636
    outer loop
      vertex 74.3962 0 101.391
      vertex 74.4803 -0.799999 102.446
      vertex 74.3962 -0.799999 101.391
    endloop
  endfacet
  facet normal 0.996827 -0 0.0795974
    outer loop
      vertex 74.3947 -0.799999 103.518
      vertex 74.4803 0 102.446
      vertex 74.3947 0 103.518
    endloop
  endfacet
  facet normal 0.996827 0 0.0795974
    outer loop
      vertex 74.4803 0 102.446
      vertex 74.3947 -0.799999 103.518
      vertex 74.4803 -0.799999 102.446
    endloop
  endfacet
  facet normal 0.964926 -0 0.262521
    outer loop
      vertex 74.1376 -0.799999 104.463
      vertex 74.3947 0 103.518
      vertex 74.1376 0 104.463
    endloop
  endfacet
  facet normal 0.964926 0 0.262521
    outer loop
      vertex 74.3947 0 103.518
      vertex 74.1376 -0.799999 104.463
      vertex 74.3947 -0.799999 103.518
    endloop
  endfacet
  facet normal 0.886054 -0 0.463582
    outer loop
      vertex 73.7091 -0.799999 105.282
      vertex 74.1376 0 104.463
      vertex 73.7091 0 105.282
    endloop
  endfacet
  facet normal 0.886054 0 0.463582
    outer loop
      vertex 74.1376 0 104.463
      vertex 73.7091 -0.799999 105.282
      vertex 74.1376 -0.799999 104.463
    endloop
  endfacet
  facet normal 0.75513 -0 0.655575
    outer loop
      vertex 73.1092 -0.799999 105.973
      vertex 73.7091 0 105.282
      vertex 73.1092 0 105.973
    endloop
  endfacet
  facet normal 0.75513 0 0.655575
    outer loop
      vertex 73.7091 0 105.282
      vertex 73.1092 -0.799999 105.973
      vertex 73.7091 -0.799999 105.282
    endloop
  endfacet
  facet normal 0.589063 0 0.808087
    outer loop
      vertex 72.3547 0 106.523
      vertex 73.1092 -0.799999 105.973
      vertex 73.1092 0 105.973
    endloop
  endfacet
  facet normal 0.589063 0 0.808087
    outer loop
      vertex 73.1092 -0.799999 105.973
      vertex 72.3547 0 106.523
      vertex 72.3547 -0.799999 106.523
    endloop
  endfacet
  facet normal 0.403072 0 0.915168
    outer loop
      vertex 71.4624 0 106.916
      vertex 72.3547 -0.799999 106.523
      vertex 72.3547 0 106.523
    endloop
  endfacet
  facet normal 0.403072 0 0.915168
    outer loop
      vertex 72.3547 -0.799999 106.523
      vertex 71.4624 0 106.916
      vertex 71.4624 -0.799999 106.916
    endloop
  endfacet
  facet normal 0.223318 0 0.974746
    outer loop
      vertex 70.4323 0 107.152
      vertex 71.4624 -0.799999 106.916
      vertex 71.4624 0 106.916
    endloop
  endfacet
  facet normal 0.223318 0 0.974746
    outer loop
      vertex 71.4624 -0.799999 106.916
      vertex 70.4323 0 107.152
      vertex 70.4323 -0.799999 107.152
    endloop
  endfacet
  facet normal 0.0674828 0 0.99772
    outer loop
      vertex 69.2643 0 107.231
      vertex 70.4323 -0.799999 107.152
      vertex 70.4323 0 107.152
    endloop
  endfacet
  facet normal 0.0674828 0 0.99772
    outer loop
      vertex 70.4323 -0.799999 107.152
      vertex 69.2643 0 107.231
      vertex 69.2643 -0.799999 107.231
    endloop
  endfacet
  facet normal -0.0251468 0 0.999684
    outer loop
      vertex 68.7475 0 107.218
      vertex 69.2643 -0.799999 107.231
      vertex 69.2643 0 107.231
    endloop
  endfacet
  facet normal -0.0251468 0 0.999684
    outer loop
      vertex 69.2643 -0.799999 107.231
      vertex 68.7475 0 107.218
      vertex 68.7475 -0.799999 107.218
    endloop
  endfacet
  facet normal -0.978106 0 0.208108
    outer loop
      vertex 71.3877 -0.799999 101.025
      vertex 71.4777 0 101.448
      vertex 71.3877 0 101.025
    endloop
  endfacet
  facet normal -0.978106 0 0.208108
    outer loop
      vertex 71.4777 0 101.448
      vertex 71.3877 -0.799999 101.025
      vertex 71.4777 -0.799999 101.448
    endloop
  endfacet
  facet normal -0.935053 0 0.354509
    outer loop
      vertex 71.2478 -0.799999 100.656
      vertex 71.3877 0 101.025
      vertex 71.2478 0 100.656
    endloop
  endfacet
  facet normal -0.935053 0 0.354509
    outer loop
      vertex 71.3877 0 101.025
      vertex 71.2478 -0.799999 100.656
      vertex 71.3877 -0.799999 101.025
    endloop
  endfacet
  facet normal -0.858801 0 0.51231
    outer loop
      vertex 71.0581 -0.799999 100.338
      vertex 71.2478 0 100.656
      vertex 71.0581 0 100.338
    endloop
  endfacet
  facet normal -0.858801 0 0.51231
    outer loop
      vertex 71.2478 0 100.656
      vertex 71.0581 -0.799999 100.338
      vertex 71.2478 -0.799999 100.656
    endloop
  endfacet
  facet normal -0.740638 0 0.671904
    outer loop
      vertex 70.8186 -0.799999 100.074
      vertex 71.0581 0 100.338
      vertex 70.8186 0 100.074
    endloop
  endfacet
  facet normal -0.740638 0 0.671904
    outer loop
      vertex 71.0581 0 100.338
      vertex 70.8186 -0.799999 100.074
      vertex 71.0581 -0.799999 100.338
    endloop
  endfacet
  facet normal -0.592174 0 0.80581
    outer loop
      vertex 70.5342 0 99.865
      vertex 70.8186 -0.799999 100.074
      vertex 70.8186 0 100.074
    endloop
  endfacet
  facet normal -0.592174 0 0.80581
    outer loop
      vertex 70.8186 -0.799999 100.074
      vertex 70.5342 0 99.865
      vertex 70.5342 -0.799999 99.865
    endloop
  endfacet
  facet normal -0.418151 0 0.908378
    outer loop
      vertex 70.2103 0 99.7159
      vertex 70.5342 -0.799999 99.865
      vertex 70.5342 0 99.865
    endloop
  endfacet
  facet normal -0.418151 0 0.908378
    outer loop
      vertex 70.5342 -0.799999 99.865
      vertex 70.2103 0 99.7159
      vertex 70.2103 -0.799999 99.7159
    endloop
  endfacet
  facet normal -0.238701 0 0.971093
    outer loop
      vertex 69.8466 0 99.6265
      vertex 70.2103 -0.799999 99.7159
      vertex 70.2103 0 99.7159
    endloop
  endfacet
  facet normal -0.238701 0 0.971093
    outer loop
      vertex 70.2103 -0.799999 99.7159
      vertex 69.8466 0 99.6265
      vertex 69.8466 -0.799999 99.6265
    endloop
  endfacet
  facet normal -0.0736895 0 0.997281
    outer loop
      vertex 69.4433 0 99.5967
      vertex 69.8466 -0.799999 99.6265
      vertex 69.8466 0 99.6265
    endloop
  endfacet
  facet normal -0.0736895 0 0.997281
    outer loop
      vertex 69.8466 -0.799999 99.6265
      vertex 69.4433 0 99.5967
      vertex 69.4433 -0.799999 99.5967
    endloop
  endfacet
  facet normal 0.0851732 0 0.996366
    outer loop
      vertex 69.0713 0 99.6285
      vertex 69.4433 -0.799999 99.5967
      vertex 69.4433 0 99.5967
    endloop
  endfacet
  facet normal 0.0851732 0 0.996366
    outer loop
      vertex 69.4433 -0.799999 99.5967
      vertex 69.0713 0 99.6285
      vertex 69.0713 -0.799999 99.6285
    endloop
  endfacet
  facet normal 0.274494 0 0.961589
    outer loop
      vertex 68.7364 0 99.7241
      vertex 69.0713 -0.799999 99.6285
      vertex 69.0713 0 99.6285
    endloop
  endfacet
  facet normal 0.274494 0 0.961589
    outer loop
      vertex 69.0713 -0.799999 99.6285
      vertex 68.7364 0 99.7241
      vertex 68.7364 -0.799999 99.7241
    endloop
  endfacet
  facet normal 0.471449 0 0.881893
    outer loop
      vertex 68.4386 0 99.8833
      vertex 68.7364 -0.799999 99.7241
      vertex 68.7364 0 99.7241
    endloop
  endfacet
  facet normal 0.471449 0 0.881893
    outer loop
      vertex 68.7364 -0.799999 99.7241
      vertex 68.4386 0 99.8833
      vertex 68.4386 -0.799999 99.8833
    endloop
  endfacet
  facet normal 0.649517 0 0.760347
    outer loop
      vertex 68.1779 0 100.106
      vertex 68.4386 -0.799999 99.8833
      vertex 68.4386 0 99.8833
    endloop
  endfacet
  facet normal 0.649517 0 0.760347
    outer loop
      vertex 68.4386 -0.799999 99.8833
      vertex 68.1779 0 100.106
      vertex 68.1779 -0.799999 100.106
    endloop
  endfacet
  facet normal 0.79226 -0 0.610184
    outer loop
      vertex 67.9661 -0.799999 100.381
      vertex 68.1779 0 100.106
      vertex 67.9661 0 100.381
    endloop
  endfacet
  facet normal 0.79226 0 0.610184
    outer loop
      vertex 68.1779 0 100.106
      vertex 67.9661 -0.799999 100.381
      vertex 68.1779 -0.799999 100.106
    endloop
  endfacet
  facet normal 0.901411 -0 0.432964
    outer loop
      vertex 67.8148 -0.799999 100.696
      vertex 67.9661 0 100.381
      vertex 67.8148 0 100.696
    endloop
  endfacet
  facet normal 0.901411 0 0.432964
    outer loop
      vertex 67.9661 0 100.381
      vertex 67.8148 -0.799999 100.696
      vertex 67.9661 -0.799999 100.381
    endloop
  endfacet
  facet normal 0.968979 -0 0.247144
    outer loop
      vertex 67.724 -0.799999 101.052
      vertex 67.8148 0 100.696
      vertex 67.724 0 101.052
    endloop
  endfacet
  facet normal 0.968979 0 0.247144
    outer loop
      vertex 67.8148 0 100.696
      vertex 67.724 -0.799999 101.052
      vertex 67.8148 -0.799999 100.696
    endloop
  endfacet
  facet normal 0.997105 -0 0.0760418
    outer loop
      vertex 67.6938 -0.799999 101.448
      vertex 67.724 0 101.052
      vertex 67.6938 0 101.448
    endloop
  endfacet
  facet normal 0.997105 0 0.0760418
    outer loop
      vertex 67.724 0 101.052
      vertex 67.6938 -0.799999 101.448
      vertex 67.724 -0.799999 101.052
    endloop
  endfacet
  facet normal 0 0 -1
    outer loop
      vertex 67.6938 -0.799999 101.448
      vertex 71.4777 0 101.448
      vertex 71.4777 -0.799999 101.448
    endloop
  endfacet
  facet normal -0 0 -1
    outer loop
      vertex 71.4777 0 101.448
      vertex 67.6938 -0.799999 101.448
      vertex 67.6938 0 101.448
    endloop
  endfacet
  facet normal -0.150844 0 0.988558
    outer loop
      vertex 92.9622 0 107.136
      vertex 93.4275 -0.799999 107.207
      vertex 93.4275 0 107.207
    endloop
  endfacet
  facet normal -0.150844 0 0.988558
    outer loop
      vertex 93.4275 -0.799999 107.207
      vertex 92.9622 0 107.136
      vertex 92.9622 -0.799999 107.136
    endloop
  endfacet
  facet normal -0.269219 0 0.963079
    outer loop
      vertex 92.5365 0 107.017
      vertex 92.9622 -0.799999 107.136
      vertex 92.9622 0 107.136
    endloop
  endfacet
  facet normal -0.269219 0 0.963079
    outer loop
      vertex 92.9622 -0.799999 107.136
      vertex 92.5365 0 107.017
      vertex 92.5365 -0.799999 107.017
    endloop
  endfacet
  facet normal -0.395068 0 0.918652
    outer loop
      vertex 92.1505 0 106.851
      vertex 92.5365 -0.799999 107.017
      vertex 92.5365 0 107.017
    endloop
  endfacet
  facet normal -0.395068 0 0.918652
    outer loop
      vertex 92.5365 -0.799999 107.017
      vertex 92.1505 0 106.851
      vertex 92.1505 -0.799999 106.851
    endloop
  endfacet
  facet normal -0.519309 0 0.854586
    outer loop
      vertex 91.7934 0 106.634
      vertex 92.1505 -0.799999 106.851
      vertex 92.1505 0 106.851
    endloop
  endfacet
  facet normal -0.519309 0 0.854586
    outer loop
      vertex 92.1505 -0.799999 106.851
      vertex 91.7934 0 106.634
      vertex 91.7934 -0.799999 106.634
    endloop
  endfacet
  facet normal -0.630325 0 0.776331
    outer loop
      vertex 91.4547 0 106.359
      vertex 91.7934 -0.799999 106.634
      vertex 91.7934 0 106.634
    endloop
  endfacet
  facet normal -0.630325 0 0.776331
    outer loop
      vertex 91.7934 -0.799999 106.634
      vertex 91.4547 0 106.359
      vertex 91.4547 -0.799999 106.359
    endloop
  endfacet
  facet normal -0.718518 0 0.695508
    outer loop
      vertex 91.1343 -0.799999 106.028
      vertex 91.4547 0 106.359
      vertex 91.1343 0 106.028
    endloop
  endfacet
  facet normal -0.718518 0 0.695508
    outer loop
      vertex 91.4547 0 106.359
      vertex 91.1343 -0.799999 106.028
      vertex 91.4547 -0.799999 106.359
    endloop
  endfacet
  facet normal -0.788265 0 0.615336
    outer loop
      vertex 90.8322 -0.799999 105.641
      vertex 91.1343 0 106.028
      vertex 90.8322 0 105.641
    endloop
  endfacet
  facet normal -0.788265 0 0.615336
    outer loop
      vertex 91.1343 0 106.028
      vertex 90.8322 -0.799999 105.641
      vertex 91.1343 -0.799999 106.028
    endloop
  endfacet
  facet normal 1 -0 0
    outer loop
      vertex 90.8322 -0.799999 106.992
      vertex 90.8322 0 105.641
      vertex 90.8322 0 106.992
    endloop
  endfacet
  facet normal 1 0 0
    outer loop
      vertex 90.8322 0 105.641
      vertex 90.8322 -0.799999 106.992
      vertex 90.8322 -0.799999 105.641
    endloop
  endfacet
  facet normal -0 0 1
    outer loop
      vertex 87.8946 0 106.992
      vertex 90.8322 -0.799999 106.992
      vertex 90.8322 0 106.992
    endloop
  endfacet
  facet normal 0 0 1
    outer loop
      vertex 90.8322 -0.799999 106.992
      vertex 87.8946 0 106.992
      vertex 87.8946 -0.799999 106.992
    endloop
  endfacet
  facet normal -1 0 0
    outer loop
      vertex 87.8946 -0.799999 101.799
      vertex 87.8946 0 106.992
      vertex 87.8946 0 101.799
    endloop
  endfacet
  facet normal -1 -0 0
    outer loop
      vertex 87.8946 0 106.992
      vertex 87.8946 -0.799999 101.799
      vertex 87.8946 -0.799999 106.992
    endloop
  endfacet
  facet normal -0.997755 0 -0.0669739
    outer loop
      vertex 87.963 -0.799999 100.78
      vertex 87.8946 0 101.799
      vertex 87.963 0 100.78
    endloop
  endfacet
  facet normal -0.997755 -0 -0.0669739
    outer loop
      vertex 87.8946 0 101.799
      vertex 87.963 -0.799999 100.78
      vertex 87.8946 -0.799999 101.799
    endloop
  endfacet
  facet normal -0.973152 0 -0.230165
    outer loop
      vertex 88.1682 -0.799999 99.9124
      vertex 87.963 0 100.78
      vertex 88.1682 0 99.9124
    endloop
  endfacet
  facet normal -0.973152 -0 -0.230165
    outer loop
      vertex 87.963 0 100.78
      vertex 88.1682 -0.799999 99.9124
      vertex 87.963 -0.799999 100.78
    endloop
  endfacet
  facet normal -0.902113 0 -0.4315
    outer loop
      vertex 88.5102 -0.799999 99.1974
      vertex 88.1682 0 99.9124
      vertex 88.5102 0 99.1974
    endloop
  endfacet
  facet normal -0.902113 -0 -0.4315
    outer loop
      vertex 88.1682 0 99.9124
      vertex 88.5102 -0.799999 99.1974
      vertex 88.1682 -0.799999 99.9124
    endloop
  endfacet
  facet normal -0.761592 0 -0.648057
    outer loop
      vertex 88.9891 -0.799999 98.6346
      vertex 88.5102 0 99.1974
      vertex 88.9891 0 98.6346
    endloop
  endfacet
  facet normal -0.761592 -0 -0.648057
    outer loop
      vertex 88.5102 0 99.1974
      vertex 88.9891 -0.799999 98.6346
      vertex 88.5102 -0.799999 99.1974
    endloop
  endfacet
  facet normal -0.558144 0 -0.829744
    outer loop
      vertex 88.9891 -0.799999 98.6346
      vertex 89.6221 0 98.2088
      vertex 89.6221 -0.799999 98.2088
    endloop
  endfacet
  facet normal -0.558144 0 -0.829744
    outer loop
      vertex 89.6221 0 98.2088
      vertex 88.9891 -0.799999 98.6346
      vertex 88.9891 0 98.6346
    endloop
  endfacet
  facet normal -0.35376 0 -0.935336
    outer loop
      vertex 89.6221 -0.799999 98.2088
      vertex 90.4264 0 97.9046
      vertex 90.4264 -0.799999 97.9046
    endloop
  endfacet
  facet normal -0.35376 0 -0.935336
    outer loop
      vertex 90.4264 0 97.9046
      vertex 89.6221 -0.799999 98.2088
      vertex 89.6221 0 98.2088
    endloop
  endfacet
  facet normal -0.183857 0 -0.982953
    outer loop
      vertex 90.4264 -0.799999 97.9046
      vertex 91.4021 0 97.7221
      vertex 91.4021 -0.799999 97.7221
    endloop
  endfacet
  facet normal -0.183857 0 -0.982953
    outer loop
      vertex 91.4021 0 97.7221
      vertex 90.4264 -0.799999 97.9046
      vertex 90.4264 0 97.9046
    endloop
  endfacet
  facet normal -0.0529243 0 -0.998599
    outer loop
      vertex 91.4021 -0.799999 97.7221
      vertex 92.5493 0 97.6613
      vertex 92.5493 -0.799999 97.6613
    endloop
  endfacet
  facet normal -0.0529243 0 -0.998599
    outer loop
      vertex 92.5493 0 97.6613
      vertex 91.4021 -0.799999 97.7221
      vertex 91.4021 0 97.7221
    endloop
  endfacet
  facet normal 0.0154675 0 -0.99988
    outer loop
      vertex 92.5493 -0.799999 97.6613
      vertex 93.0212 0 97.6686
      vertex 93.0212 -0.799999 97.6686
    endloop
  endfacet
  facet normal 0.0154675 0 -0.99988
    outer loop
      vertex 93.0212 0 97.6686
      vertex 92.5493 -0.799999 97.6613
      vertex 92.5493 0 97.6613
    endloop
  endfacet
  facet normal 0.0465596 0 -0.998916
    outer loop
      vertex 93.0212 -0.799999 97.6686
      vertex 93.4932 0 97.6906
      vertex 93.4932 -0.799999 97.6906
    endloop
  endfacet
  facet normal 0.0465596 0 -0.998916
    outer loop
      vertex 93.4932 0 97.6906
      vertex 93.0212 -0.799999 97.6686
      vertex 93.0212 0 97.6686
    endloop
  endfacet
  facet normal 0.0773103 0 -0.997007
    outer loop
      vertex 93.4932 -0.799999 97.6906
      vertex 93.9652 0 97.7272
      vertex 93.9652 -0.799999 97.7272
    endloop
  endfacet
  facet normal 0.0773103 0 -0.997007
    outer loop
      vertex 93.9652 0 97.7272
      vertex 93.4932 -0.799999 97.6906
      vertex 93.4932 0 97.6906
    endloop
  endfacet
  facet normal 0.10805 0 -0.994145
    outer loop
      vertex 93.9652 -0.799999 97.7272
      vertex 94.4372 0 97.7785
      vertex 94.4372 -0.799999 97.7785
    endloop
  endfacet
  facet normal 0.10805 0 -0.994145
    outer loop
      vertex 94.4372 0 97.7785
      vertex 93.9652 -0.799999 97.7272
      vertex 93.9652 0 97.7272
    endloop
  endfacet
  facet normal 0.137597 0 -0.990488
    outer loop
      vertex 94.4372 -0.799999 97.7785
      vertex 94.9087 0 97.844
      vertex 94.9087 -0.799999 97.844
    endloop
  endfacet
  facet normal 0.137597 0 -0.990488
    outer loop
      vertex 94.9087 0 97.844
      vertex 94.4372 -0.799999 97.7785
      vertex 94.4372 0 97.7785
    endloop
  endfacet
  facet normal 0.165827 0 -0.986155
    outer loop
      vertex 94.9087 -0.799999 97.844
      vertex 95.3791 0 97.9231
      vertex 95.3791 -0.799999 97.9231
    endloop
  endfacet
  facet normal 0.165827 0 -0.986155
    outer loop
      vertex 95.3791 0 97.9231
      vertex 94.9087 -0.799999 97.844
      vertex 94.9087 0 97.844
    endloop
  endfacet
  facet normal 0.193744 0 -0.981052
    outer loop
      vertex 95.3791 -0.799999 97.9231
      vertex 95.8485 0 98.0158
      vertex 95.8485 -0.799999 98.0158
    endloop
  endfacet
  facet normal 0.193744 0 -0.981052
    outer loop
      vertex 95.8485 0 98.0158
      vertex 95.3791 -0.799999 97.9231
      vertex 95.3791 0 97.9231
    endloop
  endfacet
  facet normal 0.221315 0 -0.975202
    outer loop
      vertex 95.8485 -0.799999 98.0158
      vertex 96.3169 0 98.1221
      vertex 96.3169 -0.799999 98.1221
    endloop
  endfacet
  facet normal 0.221315 0 -0.975202
    outer loop
      vertex 96.3169 0 98.1221
      vertex 95.8485 -0.799999 98.0158
      vertex 95.8485 0 98.0158
    endloop
  endfacet
  facet normal 1 -0 0
    outer loop
      vertex 96.3169 -0.799999 100.342
      vertex 96.3169 0 98.1221
      vertex 96.3169 0 100.342
    endloop
  endfacet
  facet normal 1 0 0
    outer loop
      vertex 96.3169 0 98.1221
      vertex 96.3169 -0.799999 100.342
      vertex 96.3169 -0.799999 98.1221
    endloop
  endfacet
  facet normal -0.444165 0 0.895945
    outer loop
      vertex 95.9639 0 100.167
      vertex 96.3169 -0.799999 100.342
      vertex 96.3169 0 100.342
    endloop
  endfacet
  facet normal -0.444165 0 0.895945
    outer loop
      vertex 96.3169 -0.799999 100.342
      vertex 95.9639 0 100.167
      vertex 95.9639 -0.799999 100.167
    endloop
  endfacet
  facet normal -0.380319 0 0.924855
    outer loop
      vertex 95.5967 0 100.016
      vertex 95.9639 -0.799999 100.167
      vertex 95.9639 0 100.167
    endloop
  endfacet
  facet normal -0.380319 0 0.924855
    outer loop
      vertex 95.9639 -0.799999 100.167
      vertex 95.5967 0 100.016
      vertex 95.5967 -0.799999 100.016
    endloop
  endfacet
  facet normal -0.318836 0 0.94781
    outer loop
      vertex 95.2153 0 99.8877
      vertex 95.5967 -0.799999 100.016
      vertex 95.5967 0 100.016
    endloop
  endfacet
  facet normal -0.318836 0 0.94781
    outer loop
      vertex 95.5967 -0.799999 100.016
      vertex 95.2153 0 99.8877
      vertex 95.2153 -0.799999 99.8877
    endloop
  endfacet
  facet normal -0.256081 0 0.966655
    outer loop
      vertex 94.8197 0 99.7829
      vertex 95.2153 -0.799999 99.8877
      vertex 95.2153 0 99.8877
    endloop
  endfacet
  facet normal -0.256081 0 0.966655
    outer loop
      vertex 95.2153 -0.799999 99.8877
      vertex 94.8197 0 99.7829
      vertex 94.8197 -0.799999 99.7829
    endloop
  endfacet
  facet normal -0.194509 0 0.980901
    outer loop
      vertex 94.4087 0 99.7014
      vertex 94.8197 -0.799999 99.7829
      vertex 94.8197 0 99.7829
    endloop
  endfacet
  facet normal -0.194509 0 0.980901
    outer loop
      vertex 94.8197 -0.799999 99.7829
      vertex 94.4087 0 99.7014
      vertex 94.4087 -0.799999 99.7014
    endloop
  endfacet
  facet normal -0.134958 0 0.990851
    outer loop
      vertex 93.9814 0 99.6432
      vertex 94.4087 -0.799999 99.7014
      vertex 94.4087 0 99.7014
    endloop
  endfacet
  facet normal -0.134958 0 0.990851
    outer loop
      vertex 94.4087 -0.799999 99.7014
      vertex 93.9814 0 99.6432
      vertex 93.9814 -0.799999 99.6432
    endloop
  endfacet
  facet normal -0.0784497 0 0.996918
    outer loop
      vertex 93.5379 0 99.6083
      vertex 93.9814 -0.799999 99.6432
      vertex 93.9814 0 99.6432
    endloop
  endfacet
  facet normal -0.0784497 0 0.996918
    outer loop
      vertex 93.9814 -0.799999 99.6432
      vertex 93.5379 0 99.6083
      vertex 93.5379 -0.799999 99.6083
    endloop
  endfacet
  facet normal -0.0252203 0 0.999682
    outer loop
      vertex 93.0781 0 99.5967
      vertex 93.5379 -0.799999 99.6083
      vertex 93.5379 0 99.6083
    endloop
  endfacet
  facet normal -0.0252203 0 0.999682
    outer loop
      vertex 93.5379 -0.799999 99.6083
      vertex 93.0781 0 99.5967
      vertex 93.0781 -0.799999 99.5967
    endloop
  endfacet
  facet normal 0.037224 0 0.999307
    outer loop
      vertex 92.5385 0 99.6168
      vertex 93.0781 -0.799999 99.5967
      vertex 93.0781 0 99.5967
    endloop
  endfacet
  facet normal 0.037224 0 0.999307
    outer loop
      vertex 93.0781 -0.799999 99.5967
      vertex 92.5385 0 99.6168
      vertex 92.5385 -0.799999 99.6168
    endloop
  endfacet
  facet normal 0.129275 0 0.991609
    outer loop
      vertex 92.0752 0 99.6772
      vertex 92.5385 -0.799999 99.6168
      vertex 92.5385 0 99.6168
    endloop
  endfacet
  facet normal 0.129275 0 0.991609
    outer loop
      vertex 92.5385 -0.799999 99.6168
      vertex 92.0752 0 99.6772
      vertex 92.0752 -0.799999 99.6772
    endloop
  endfacet
  facet normal 0.251587 0 0.967835
    outer loop
      vertex 91.6882 0 99.7778
      vertex 92.0752 -0.799999 99.6772
      vertex 92.0752 0 99.6772
    endloop
  endfacet
  facet normal 0.251587 0 0.967835
    outer loop
      vertex 92.0752 -0.799999 99.6772
      vertex 91.6882 0 99.7778
      vertex 91.6882 -0.799999 99.7778
    endloop
  endfacet
  facet normal 0.412765 0 0.910838
    outer loop
      vertex 91.3775 0 99.9186
      vertex 91.6882 -0.799999 99.7778
      vertex 91.6882 0 99.7778
    endloop
  endfacet
  facet normal 0.412765 0 0.910838
    outer loop
      vertex 91.6882 -0.799999 99.7778
      vertex 91.3775 0 99.9186
      vertex 91.3775 -0.799999 99.9186
    endloop
  endfacet
  facet normal 0.611504 0 0.791241
    outer loop
      vertex 91.1389 0 100.103
      vertex 91.3775 -0.799999 99.9186
      vertex 91.3775 0 99.9186
    endloop
  endfacet
  facet normal 0.611504 0 0.791241
    outer loop
      vertex 91.3775 -0.799999 99.9186
      vertex 91.1389 0 100.103
      vertex 91.1389 -0.799999 100.103
    endloop
  endfacet
  facet normal 0.803508 -0 0.595294
    outer loop
      vertex 90.9685 -0.799999 100.333
      vertex 91.1389 0 100.103
      vertex 90.9685 0 100.333
    endloop
  endfacet
  facet normal 0.803508 0 0.595294
    outer loop
      vertex 91.1389 0 100.103
      vertex 90.9685 -0.799999 100.333
      vertex 91.1389 -0.799999 100.103
    endloop
  endfacet
  facet normal 0.938181 -0 0.346145
    outer loop
      vertex 90.8663 -0.799999 100.61
      vertex 90.9685 0 100.333
      vertex 90.8663 0 100.61
    endloop
  endfacet
  facet normal 0.938181 0 0.346145
    outer loop
      vertex 90.9685 0 100.333
      vertex 90.8663 -0.799999 100.61
      vertex 90.9685 -0.799999 100.333
    endloop
  endfacet
  facet normal 0.994473 -0 0.104989
    outer loop
      vertex 90.8322 -0.799999 100.933
      vertex 90.8663 0 100.61
      vertex 90.8322 0 100.933
    endloop
  endfacet
  facet normal 0.994473 0 0.104989
    outer loop
      vertex 90.8663 0 100.61
      vertex 90.8322 -0.799999 100.933
      vertex 90.8663 -0.799999 100.61
    endloop
  endfacet
  facet normal 1 -0 0
    outer loop
      vertex 90.8322 -0.799999 101.163
      vertex 90.8322 0 100.933
      vertex 90.8322 0 101.163
    endloop
  endfacet
  facet normal 1 0 0
    outer loop
      vertex 90.8322 0 100.933
      vertex 90.8322 -0.799999 101.163
      vertex 90.8322 -0.799999 100.933
    endloop
  endfacet
  facet normal 0 0 -1
    outer loop
      vertex 90.8322 -0.799999 101.163
      vertex 92.5493 0 101.163
      vertex 92.5493 -0.799999 101.163
    endloop
  endfacet
  facet normal -0 0 -1
    outer loop
      vertex 92.5493 0 101.163
      vertex 90.8322 -0.799999 101.163
      vertex 90.8322 0 101.163
    endloop
  endfacet
  facet normal 0.042638 0 -0.999091
    outer loop
      vertex 92.5493 -0.799999 101.163
      vertex 93.6506 0 101.21
      vertex 93.6506 -0.799999 101.21
    endloop
  endfacet
  facet normal 0.042638 0 -0.999091
    outer loop
      vertex 93.6506 0 101.21
      vertex 92.5493 -0.799999 101.163
      vertex 92.5493 0 101.163
    endloop
  endfacet
  facet normal 0.14667 0 -0.989185
    outer loop
      vertex 93.6506 -0.799999 101.21
      vertex 94.5948 0 101.35
      vertex 94.5948 -0.799999 101.35
    endloop
  endfacet
  facet normal 0.14667 0 -0.989185
    outer loop
      vertex 94.5948 0 101.35
      vertex 93.6506 -0.799999 101.21
      vertex 93.6506 0 101.21
    endloop
  endfacet
  facet normal 0.285001 0 -0.958527
    outer loop
      vertex 94.5948 -0.799999 101.35
      vertex 95.3818 0 101.584
      vertex 95.3818 -0.799999 101.584
    endloop
  endfacet
  facet normal 0.285001 0 -0.958527
    outer loop
      vertex 95.3818 0 101.584
      vertex 94.5948 -0.799999 101.35
      vertex 94.5948 0 101.35
    endloop
  endfacet
  facet normal 0.461854 0 -0.886956
    outer loop
      vertex 95.3818 -0.799999 101.584
      vertex 96.0117 0 101.912
      vertex 96.0117 -0.799999 101.912
    endloop
  endfacet
  facet normal 0.461854 0 -0.886956
    outer loop
      vertex 96.0117 0 101.912
      vertex 95.3818 -0.799999 101.584
      vertex 95.3818 0 101.584
    endloop
  endfacet
  facet normal 0.662802 0 -0.748795
    outer loop
      vertex 96.0117 -0.799999 101.912
      vertex 96.4941 0 102.339
      vertex 96.4941 -0.799999 102.339
    endloop
  endfacet
  facet normal 0.662802 0 -0.748795
    outer loop
      vertex 96.4941 0 102.339
      vertex 96.0117 -0.799999 101.912
      vertex 96.0117 0 101.912
    endloop
  endfacet
  facet normal 0.840237 0 -0.54222
    outer loop
      vertex 96.8387 -0.799999 102.873
      vertex 96.4941 0 102.339
      vertex 96.8387 0 102.873
    endloop
  endfacet
  facet normal 0.840237 0 -0.54222
    outer loop
      vertex 96.4941 0 102.339
      vertex 96.8387 -0.799999 102.873
      vertex 96.4941 -0.799999 102.339
    endloop
  endfacet
  facet normal 0.951741 0 -0.306903
    outer loop
      vertex 97.0454 -0.799999 103.514
      vertex 96.8387 0 102.873
      vertex 97.0454 0 103.514
    endloop
  endfacet
  facet normal 0.951741 0 -0.306903
    outer loop
      vertex 96.8387 0 102.873
      vertex 97.0454 -0.799999 103.514
      vertex 96.8387 -0.799999 102.873
    endloop
  endfacet
  facet normal 0.995784 0 -0.091724
    outer loop
      vertex 97.1143 -0.799999 104.262
      vertex 97.0454 0 103.514
      vertex 97.1143 0 104.262
    endloop
  endfacet
  facet normal 0.995784 0 -0.091724
    outer loop
      vertex 97.0454 0 103.514
      vertex 97.1143 -0.799999 104.262
      vertex 97.0454 -0.799999 103.514
    endloop
  endfacet
  facet normal 0.996159 -0 0.0875605
    outer loop
      vertex 97.0591 -0.799999 104.89
      vertex 97.1143 0 104.262
      vertex 97.0591 0 104.89
    endloop
  endfacet
  facet normal 0.996159 0 0.0875605
    outer loop
      vertex 97.1143 0 104.262
      vertex 97.0591 -0.799999 104.89
      vertex 97.1143 -0.799999 104.262
    endloop
  endfacet
  facet normal 0.959943 -0 0.280195
    outer loop
      vertex 96.8936 -0.799999 105.457
      vertex 97.0591 0 104.89
      vertex 96.8936 0 105.457
    endloop
  endfacet
  facet normal 0.959943 0 0.280195
    outer loop
      vertex 97.0591 0 104.89
      vertex 96.8936 -0.799999 105.457
      vertex 97.0591 -0.799999 104.89
    endloop
  endfacet
  facet normal 0.87757 -0 0.479449
    outer loop
      vertex 96.6177 -0.799999 105.962
      vertex 96.8936 0 105.457
      vertex 96.6177 0 105.962
    endloop
  endfacet
  facet normal 0.87757 0 0.479449
    outer loop
      vertex 96.8936 0 105.457
      vertex 96.6177 -0.799999 105.962
      vertex 96.8936 -0.799999 105.457
    endloop
  endfacet
  facet normal 0.753777 -0 0.65713
    outer loop
      vertex 96.2315 -0.799999 106.405
      vertex 96.6177 0 105.962
      vertex 96.2315 0 106.405
    endloop
  endfacet
  facet normal 0.753777 0 0.65713
    outer loop
      vertex 96.6177 0 105.962
      vertex 96.2315 -0.799999 106.405
      vertex 96.6177 -0.799999 105.962
    endloop
  endfacet
  facet normal 0.605245 0 0.796039
    outer loop
      vertex 95.7567 0 106.766
      vertex 96.2315 -0.799999 106.405
      vertex 96.2315 0 106.405
    endloop
  endfacet
  facet normal 0.605245 0 0.796039
    outer loop
      vertex 96.2315 -0.799999 106.405
      vertex 95.7567 0 106.766
      vertex 95.7567 -0.799999 106.766
    endloop
  endfacet
  facet normal 0.430128 0 0.902768
    outer loop
      vertex 95.2152 0 107.024
      vertex 95.7567 -0.799999 106.766
      vertex 95.7567 0 106.766
    endloop
  endfacet
  facet normal 0.430128 0 0.902768
    outer loop
      vertex 95.7567 -0.799999 106.766
      vertex 95.2152 0 107.024
      vertex 95.2152 -0.799999 107.024
    endloop
  endfacet
  facet normal 0.247033 0 0.969007
    outer loop
      vertex 94.6072 0 107.179
      vertex 95.2152 -0.799999 107.024
      vertex 95.2152 0 107.024
    endloop
  endfacet
  facet normal 0.247033 0 0.969007
    outer loop
      vertex 95.2152 -0.799999 107.024
      vertex 94.6072 0 107.179
      vertex 94.6072 -0.799999 107.179
    endloop
  endfacet
  facet normal 0.0768434 0 0.997043
    outer loop
      vertex 93.9325 0 107.231
      vertex 94.6072 -0.799999 107.179
      vertex 94.6072 0 107.179
    endloop
  endfacet
  facet normal 0.0768434 0 0.997043
    outer loop
      vertex 94.6072 -0.799999 107.179
      vertex 93.9325 0 107.231
      vertex 93.9325 -0.799999 107.231
    endloop
  endfacet
  facet normal -0.0474712 0 0.998873
    outer loop
      vertex 93.4275 0 107.207
      vertex 93.9325 -0.799999 107.231
      vertex 93.9325 0 107.231
    endloop
  endfacet
  facet normal -0.0474712 0 0.998873
    outer loop
      vertex 93.9325 -0.799999 107.231
      vertex 93.4275 0 107.207
      vertex 93.4275 -0.799999 107.207
    endloop
  endfacet
  facet normal -0.209408 0 -0.977828
    outer loop
      vertex 93.0885 -0.799999 105.276
      vertex 93.364 0 105.217
      vertex 93.364 -0.799999 105.217
    endloop
  endfacet
  facet normal -0.209408 0 -0.977828
    outer loop
      vertex 93.364 0 105.217
      vertex 93.0885 -0.799999 105.276
      vertex 93.0885 0 105.276
    endloop
  endfacet
  facet normal -0.378979 0 -0.925405
    outer loop
      vertex 93.364 -0.799999 105.217
      vertex 93.6033 0 105.119
      vertex 93.6033 -0.799999 105.119
    endloop
  endfacet
  facet normal -0.378979 0 -0.925405
    outer loop
      vertex 93.6033 0 105.119
      vertex 93.364 -0.799999 105.217
      vertex 93.364 0 105.217
    endloop
  endfacet
  facet normal -0.559024 0 -0.829151
    outer loop
      vertex 93.6033 -0.799999 105.119
      vertex 93.8065 0 104.982
      vertex 93.8065 -0.799999 104.982
    endloop
  endfacet
  facet normal -0.559024 0 -0.829151
    outer loop
      vertex 93.8065 0 104.982
      vertex 93.6033 -0.799999 105.119
      vertex 93.6033 0 105.119
    endloop
  endfacet
  facet normal -0.725953 0 -0.687745
    outer loop
      vertex 93.9685 -0.799999 104.811
      vertex 93.8065 0 104.982
      vertex 93.9685 0 104.811
    endloop
  endfacet
  facet normal -0.725953 -0 -0.687745
    outer loop
      vertex 93.8065 0 104.982
      vertex 93.9685 -0.799999 104.811
      vertex 93.8065 -0.799999 104.982
    endloop
  endfacet
  facet normal -0.866673 0 -0.498876
    outer loop
      vertex 94.0842 -0.799999 104.61
      vertex 93.9685 0 104.811
      vertex 94.0842 0 104.61
    endloop
  endfacet
  facet normal -0.866673 -0 -0.498876
    outer loop
      vertex 93.9685 0 104.811
      vertex 94.0842 -0.799999 104.61
      vertex 93.9685 -0.799999 104.811
    endloop
  endfacet
  facet normal -0.957712 0 -0.287728
    outer loop
      vertex 94.1536 -0.799999 104.379
      vertex 94.0842 0 104.61
      vertex 94.1536 0 104.379
    endloop
  endfacet
  facet normal -0.957712 -0 -0.287728
    outer loop
      vertex 94.0842 0 104.61
      vertex 94.1536 -0.799999 104.379
      vertex 94.0842 -0.799999 104.61
    endloop
  endfacet
  facet normal -0.996136 0 -0.0878272
    outer loop
      vertex 94.1767 -0.799999 104.117
      vertex 94.1536 0 104.379
      vertex 94.1767 0 104.117
    endloop
  endfacet
  facet normal -0.996136 -0 -0.0878272
    outer loop
      vertex 94.1536 0 104.379
      vertex 94.1767 -0.799999 104.117
      vertex 94.1536 -0.799999 104.379
    endloop
  endfacet
  facet normal -0.994861 0 0.10125
    outer loop
      vertex 94.148 -0.799999 103.835
      vertex 94.1767 0 104.117
      vertex 94.148 0 103.835
    endloop
  endfacet
  facet normal -0.994861 0 0.10125
    outer loop
      vertex 94.1767 0 104.117
      vertex 94.148 -0.799999 103.835
      vertex 94.1767 -0.799999 104.117
    endloop
  endfacet
  facet normal -0.943739 0 0.330692
    outer loop
      vertex 94.0618 -0.799999 103.589
      vertex 94.148 0 103.835
      vertex 94.0618 0 103.589
    endloop
  endfacet
  facet normal -0.943739 0 0.330692
    outer loop
      vertex 94.148 0 103.835
      vertex 94.0618 -0.799999 103.589
      vertex 94.148 -0.799999 103.835
    endloop
  endfacet
  facet normal -0.824019 0 0.566562
    outer loop
      vertex 93.9181 -0.799999 103.38
      vertex 94.0618 0 103.589
      vertex 93.9181 0 103.38
    endloop
  endfacet
  facet normal -0.824019 0 0.566562
    outer loop
      vertex 94.0618 0 103.589
      vertex 93.9181 -0.799999 103.38
      vertex 94.0618 -0.799999 103.589
    endloop
  endfacet
  facet normal -0.649982 0 0.75995
    outer loop
      vertex 93.717 0 103.208
      vertex 93.9181 -0.799999 103.38
      vertex 93.9181 0 103.38
    endloop
  endfacet
  facet normal -0.649982 0 0.75995
    outer loop
      vertex 93.9181 -0.799999 103.38
      vertex 93.717 0 103.208
      vertex 93.717 -0.799999 103.208
    endloop
  endfacet
  facet normal -0.46334 0 0.886181
    outer loop
      vertex 93.4588 0 103.073
      vertex 93.717 -0.799999 103.208
      vertex 93.717 0 103.208
    endloop
  endfacet
  facet normal -0.46334 0 0.886181
    outer loop
      vertex 93.717 -0.799999 103.208
      vertex 93.4588 0 103.073
      vertex 93.4588 -0.799999 103.073
    endloop
  endfacet
  facet normal -0.294641 0 0.955608
    outer loop
      vertex 93.1442 0 102.976
      vertex 93.4588 -0.799999 103.073
      vertex 93.4588 0 103.073
    endloop
  endfacet
  facet normal -0.294641 0 0.955608
    outer loop
      vertex 93.4588 -0.799999 103.073
      vertex 93.1442 0 102.976
      vertex 93.1442 -0.799999 102.976
    endloop
  endfacet
  facet normal -0.154458 0 0.987999
    outer loop
      vertex 92.7732 0 102.918
      vertex 93.1442 -0.799999 102.976
      vertex 93.1442 0 102.976
    endloop
  endfacet
  facet normal -0.154458 0 0.987999
    outer loop
      vertex 93.1442 -0.799999 102.976
      vertex 92.7732 0 102.918
      vertex 92.7732 -0.799999 102.918
    endloop
  endfacet
  facet normal -0.0444006 0 0.999014
    outer loop
      vertex 92.3457 0 102.899
      vertex 92.7732 -0.799999 102.918
      vertex 92.7732 0 102.918
    endloop
  endfacet
  facet normal -0.0444006 0 0.999014
    outer loop
      vertex 92.7732 -0.799999 102.918
      vertex 92.3457 0 102.899
      vertex 92.3457 -0.799999 102.899
    endloop
  endfacet
  facet normal -0 0 1
    outer loop
      vertex 90.8322 0 102.899
      vertex 92.3457 -0.799999 102.899
      vertex 92.3457 0 102.899
    endloop
  endfacet
  facet normal 0 0 1
    outer loop
      vertex 92.3457 -0.799999 102.899
      vertex 90.8322 0 102.899
      vertex 90.8322 -0.799999 102.899
    endloop
  endfacet
  facet normal 1 -0 0
    outer loop
      vertex 90.8322 -0.799999 103.232
      vertex 90.8322 0 102.899
      vertex 90.8322 0 103.232
    endloop
  endfacet
  facet normal 1 0 0
    outer loop
      vertex 90.8322 0 102.899
      vertex 90.8322 -0.799999 103.232
      vertex 90.8322 -0.799999 102.899
    endloop
  endfacet
  facet normal 0.996591 0 -0.0825008
    outer loop
      vertex 90.8673 -0.799999 103.656
      vertex 90.8322 0 103.232
      vertex 90.8673 0 103.656
    endloop
  endfacet
  facet normal 0.996591 0 -0.0825008
    outer loop
      vertex 90.8322 0 103.232
      vertex 90.8673 -0.799999 103.656
      vertex 90.8322 -0.799999 103.232
    endloop
  endfacet
  facet normal 0.964982 0 -0.262316
    outer loop
      vertex 90.9725 -0.799999 104.043
      vertex 90.8673 0 103.656
      vertex 90.9725 0 104.043
    endloop
  endfacet
  facet normal 0.964982 0 -0.262316
    outer loop
      vertex 90.8673 0 103.656
      vertex 90.9725 -0.799999 104.043
      vertex 90.8673 -0.799999 103.656
    endloop
  endfacet
  facet normal 0.893916 0 -0.448235
    outer loop
      vertex 91.148 -0.799999 104.393
      vertex 90.9725 0 104.043
      vertex 91.148 0 104.393
    endloop
  endfacet
  facet normal 0.893916 0 -0.448235
    outer loop
      vertex 90.9725 0 104.043
      vertex 91.148 -0.799999 104.393
      vertex 90.9725 -0.799999 104.043
    endloop
  endfacet
  facet normal 0.786597 0 -0.617466
    outer loop
      vertex 91.3937 -0.799999 104.706
      vertex 91.148 0 104.393
      vertex 91.3937 0 104.706
    endloop
  endfacet
  facet normal 0.786597 0 -0.617466
    outer loop
      vertex 91.148 0 104.393
      vertex 91.3937 -0.799999 104.706
      vertex 91.148 -0.799999 104.393
    endloop
  endfacet
  facet normal 0.655801 0 -0.754934
    outer loop
      vertex 91.3937 -0.799999 104.706
      vertex 91.6907 0 104.964
      vertex 91.6907 -0.799999 104.964
    endloop
  endfacet
  facet normal 0.655801 0 -0.754934
    outer loop
      vertex 91.6907 0 104.964
      vertex 91.3937 -0.799999 104.706
      vertex 91.3937 0 104.706
    endloop
  endfacet
  facet normal 0.487554 0 -0.873093
    outer loop
      vertex 91.6907 -0.799999 104.964
      vertex 92.0202 0 105.148
      vertex 92.0202 -0.799999 105.148
    endloop
  endfacet
  facet normal 0.487554 0 -0.873093
    outer loop
      vertex 92.0202 0 105.148
      vertex 91.6907 -0.799999 104.964
      vertex 91.6907 0 104.964
    endloop
  endfacet
  facet normal 0.290594 0 -0.956846
    outer loop
      vertex 92.0202 -0.799999 105.148
      vertex 92.3824 0 105.258
      vertex 92.3824 -0.799999 105.258
    endloop
  endfacet
  facet normal 0.290594 0 -0.956846
    outer loop
      vertex 92.3824 0 105.258
      vertex 92.0202 -0.799999 105.148
      vertex 92.0202 0 105.148
    endloop
  endfacet
  facet normal 0.0933563 0 -0.995633
    outer loop
      vertex 92.3824 -0.799999 105.258
      vertex 92.777 0 105.295
      vertex 92.777 -0.799999 105.295
    endloop
  endfacet
  facet normal 0.0933563 0 -0.995633
    outer loop
      vertex 92.777 0 105.295
      vertex 92.3824 -0.799999 105.258
      vertex 92.3824 0 105.258
    endloop
  endfacet
  facet normal -0.060882 0 -0.998145
    outer loop
      vertex 92.777 -0.799999 105.295
      vertex 93.0885 0 105.276
      vertex 93.0885 -0.799999 105.276
    endloop
  endfacet
  facet normal -0.060882 0 -0.998145
    outer loop
      vertex 93.0885 0 105.276
      vertex 92.777 -0.799999 105.295
      vertex 92.777 0 105.295
    endloop
  endfacet
  facet normal -0.0714116 0 0.997447
    outer loop
      vertex 51.0089 0 107.181
      vertex 51.5257 -0.799999 107.218
      vertex 51.5257 0 107.218
    endloop
  endfacet
  facet normal -0.0714116 0 0.997447
    outer loop
      vertex 51.5257 -0.799999 107.218
      vertex 51.0089 0 107.181
      vertex 51.0089 -0.799999 107.181
    endloop
  endfacet
  facet normal -0.121031 0 0.992649
    outer loop
      vertex 50.4922 0 107.118
      vertex 51.0089 -0.799999 107.181
      vertex 51.0089 0 107.181
    endloop
  endfacet
  facet normal -0.121031 0 0.992649
    outer loop
      vertex 51.0089 -0.799999 107.181
      vertex 50.4922 0 107.118
      vertex 50.4922 -0.799999 107.118
    endloop
  endfacet
  facet normal -0.166008 0 0.986124
    outer loop
      vertex 49.9754 0 107.031
      vertex 50.4922 -0.799999 107.118
      vertex 50.4922 0 107.118
    endloop
  endfacet
  facet normal -0.166008 0 0.986124
    outer loop
      vertex 50.4922 -0.799999 107.118
      vertex 49.9754 0 107.031
      vertex 49.9754 -0.799999 107.031
    endloop
  endfacet
  facet normal -0.211841 0 0.977304
    outer loop
      vertex 49.4587 0 106.919
      vertex 49.9754 -0.799999 107.031
      vertex 49.9754 0 107.031
    endloop
  endfacet
  facet normal -0.211841 0 0.977304
    outer loop
      vertex 49.9754 -0.799999 107.031
      vertex 49.4587 0 106.919
      vertex 49.4587 -0.799999 106.919
    endloop
  endfacet
  facet normal -0.254539 0 0.967062
    outer loop
      vertex 48.942 0 106.783
      vertex 49.4587 -0.799999 106.919
      vertex 49.4587 0 106.919
    endloop
  endfacet
  facet normal -0.254539 0 0.967062
    outer loop
      vertex 49.4587 -0.799999 106.919
      vertex 48.942 0 106.783
      vertex 48.942 -0.799999 106.783
    endloop
  endfacet
  facet normal -0.2958 0 0.95525
    outer loop
      vertex 48.4253 0 106.623
      vertex 48.942 -0.799999 106.783
      vertex 48.942 0 106.783
    endloop
  endfacet
  facet normal -0.2958 0 0.95525
    outer loop
      vertex 48.942 -0.799999 106.783
      vertex 48.4253 0 106.623
      vertex 48.4253 -0.799999 106.623
    endloop
  endfacet
  facet normal -0.333851 0 0.942626
    outer loop
      vertex 47.9086 0 106.44
      vertex 48.4253 -0.799999 106.623
      vertex 48.4253 0 106.623
    endloop
  endfacet
  facet normal -0.333851 0 0.942626
    outer loop
      vertex 48.4253 -0.799999 106.623
      vertex 47.9086 0 106.44
      vertex 47.9086 -0.799999 106.44
    endloop
  endfacet
  facet normal -1 0 0
    outer loop
      vertex 47.9086 -0.799999 104.197
      vertex 47.9086 0 106.44
      vertex 47.9086 0 104.197
    endloop
  endfacet
  facet normal -1 -0 0
    outer loop
      vertex 47.9086 0 106.44
      vertex 47.9086 -0.799999 104.197
      vertex 47.9086 -0.799999 106.44
    endloop
  endfacet
  facet normal 0.456138 0 -0.889909
    outer loop
      vertex 47.9086 -0.799999 104.197
      vertex 48.4139 0 104.456
      vertex 48.4139 -0.799999 104.456
    endloop
  endfacet
  facet normal 0.456138 0 -0.889909
    outer loop
      vertex 48.4139 0 104.456
      vertex 47.9086 -0.799999 104.197
      vertex 47.9086 0 104.197
    endloop
  endfacet
  facet normal 0.409733 0 -0.912205
    outer loop
      vertex 48.4139 -0.799999 104.456
      vertex 48.9126 0 104.68
      vertex 48.9126 -0.799999 104.68
    endloop
  endfacet
  facet normal 0.409733 0 -0.912205
    outer loop
      vertex 48.9126 0 104.68
      vertex 48.4139 -0.799999 104.456
      vertex 48.4139 0 104.456
    endloop
  endfacet
  facet normal 0.358598 0 -0.933492
    outer loop
      vertex 48.9126 -0.799999 104.68
      vertex 49.4046 0 104.869
      vertex 49.4046 -0.799999 104.869
    endloop
  endfacet
  facet normal 0.358598 0 -0.933492
    outer loop
      vertex 49.4046 0 104.869
      vertex 48.9126 -0.799999 104.68
      vertex 48.9126 0 104.68
    endloop
  endfacet
  facet normal 0.302353 0 -0.953196
    outer loop
      vertex 49.4046 -0.799999 104.869
      vertex 49.8901 0 105.023
      vertex 49.8901 -0.799999 105.023
    endloop
  endfacet
  facet normal 0.302353 0 -0.953196
    outer loop
      vertex 49.8901 0 105.023
      vertex 49.4046 -0.799999 104.869
      vertex 49.4046 0 104.869
    endloop
  endfacet
  facet normal 0.240963 0 -0.970534
    outer loop
      vertex 49.8901 -0.799999 105.023
      vertex 50.3694 0 105.142
      vertex 50.3694 -0.799999 105.142
    endloop
  endfacet
  facet normal 0.240963 0 -0.970534
    outer loop
      vertex 50.3694 0 105.142
      vertex 49.8901 -0.799999 105.023
      vertex 49.8901 0 105.023
    endloop
  endfacet
  facet normal 0.176581 0 -0.984286
    outer loop
      vertex 50.3694 -0.799999 105.142
      vertex 50.8432 0 105.227
      vertex 50.8432 -0.799999 105.227
    endloop
  endfacet
  facet normal 0.176581 0 -0.984286
    outer loop
      vertex 50.8432 0 105.227
      vertex 50.3694 -0.799999 105.142
      vertex 50.3694 0 105.142
    endloop
  endfacet
  facet normal 0.10831 0 -0.994117
    outer loop
      vertex 50.8432 -0.799999 105.227
      vertex 51.3113 0 105.278
      vertex 51.3113 -0.799999 105.278
    endloop
  endfacet
  facet normal 0.10831 0 -0.994117
    outer loop
      vertex 51.3113 0 105.278
      vertex 50.8432 -0.799999 105.227
      vertex 50.8432 0 105.227
    endloop
  endfacet
  facet normal 0.036724 0 -0.999325
    outer loop
      vertex 51.3113 -0.799999 105.278
      vertex 51.7739 0 105.295
      vertex 51.7739 -0.799999 105.295
    endloop
  endfacet
  facet normal 0.036724 0 -0.999325
    outer loop
      vertex 51.7739 0 105.295
      vertex 51.3113 -0.799999 105.278
      vertex 51.3113 0 105.278
    endloop
  endfacet
  facet normal -0.0593636 0 -0.998236
    outer loop
      vertex 51.7739 -0.799999 105.295
      vertex 52.312 0 105.263
      vertex 52.312 -0.799999 105.263
    endloop
  endfacet
  facet normal -0.0593636 0 -0.998236
    outer loop
      vertex 52.312 0 105.263
      vertex 51.7739 -0.799999 105.295
      vertex 51.7739 0 105.295
    endloop
  endfacet
  facet normal -0.1981 0 -0.980182
    outer loop
      vertex 52.312 -0.799999 105.263
      vertex 52.787 0 105.167
      vertex 52.787 -0.799999 105.167
    endloop
  endfacet
  facet normal -0.1981 0 -0.980182
    outer loop
      vertex 52.787 0 105.167
      vertex 52.312 -0.799999 105.263
      vertex 52.312 0 105.263
    endloop
  endfacet
  facet normal -0.362009 0 -0.932174
    outer loop
      vertex 52.787 -0.799999 105.167
      vertex 53.199 0 105.007
      vertex 53.199 -0.799999 105.007
    endloop
  endfacet
  facet normal -0.362009 0 -0.932174
    outer loop
      vertex 53.199 0 105.007
      vertex 52.787 -0.799999 105.167
      vertex 52.787 0 105.167
    endloop
  endfacet
  facet normal -0.540367 0 -0.841429
    outer loop
      vertex 53.199 -0.799999 105.007
      vertex 53.5478 0 104.783
      vertex 53.5478 -0.799999 104.783
    endloop
  endfacet
  facet normal -0.540367 0 -0.841429
    outer loop
      vertex 53.5478 0 104.783
      vertex 53.199 -0.799999 105.007
      vertex 53.199 0 105.007
    endloop
  endfacet
  facet normal -0.71288 0 -0.701286
    outer loop
      vertex 53.8321 -0.799999 104.494
      vertex 53.5478 0 104.783
      vertex 53.8321 0 104.494
    endloop
  endfacet
  facet normal -0.71288 -0 -0.701286
    outer loop
      vertex 53.5478 0 104.783
      vertex 53.8321 -0.799999 104.494
      vertex 53.5478 -0.799999 104.783
    endloop
  endfacet
  facet normal -0.849946 0 -0.52687
    outer loop
      vertex 54.0503 -0.799999 104.142
      vertex 53.8321 0 104.494
      vertex 54.0503 0 104.142
    endloop
  endfacet
  facet normal -0.849946 -0 -0.52687
    outer loop
      vertex 53.8321 0 104.494
      vertex 54.0503 -0.799999 104.142
      vertex 53.8321 -0.799999 104.494
    endloop
  endfacet
  facet normal -0.939458 0 -0.342665
    outer loop
      vertex 54.2024 -0.799999 103.725
      vertex 54.0503 0 104.142
      vertex 54.2024 0 103.725
    endloop
  endfacet
  facet normal -0.939458 -0 -0.342665
    outer loop
      vertex 54.0503 0 104.142
      vertex 54.2024 -0.799999 103.725
      vertex 54.0503 -0.799999 104.142
    endloop
  endfacet
  facet normal -0.984326 0 -0.176358
    outer loop
      vertex 54.2884 -0.799999 103.245
      vertex 54.2024 0 103.725
      vertex 54.2884 0 103.245
    endloop
  endfacet
  facet normal -0.984326 -0 -0.176358
    outer loop
      vertex 54.2024 0 103.725
      vertex 54.2884 -0.799999 103.245
      vertex 54.2024 -0.799999 103.725
    endloop
  endfacet
  facet normal -0 0 1
    outer loop
      vertex 47.4773 0 103.245
      vertex 54.2884 -0.799999 103.245
      vertex 54.2884 0 103.245
    endloop
  endfacet
  facet normal 0 0 1
    outer loop
      vertex 54.2884 -0.799999 103.245
      vertex 47.4773 0 103.245
      vertex 47.4773 -0.799999 103.245
    endloop
  endfacet
  facet normal -1 0 0
    outer loop
      vertex 47.4773 -0.799999 102.415
      vertex 47.4773 0 103.245
      vertex 47.4773 0 102.415
    endloop
  endfacet
  facet normal -1 -0 0
    outer loop
      vertex 47.4773 0 103.245
      vertex 47.4773 -0.799999 102.415
      vertex 47.4773 -0.799999 103.245
    endloop
  endfacet
  facet normal -0.99694 0 -0.0781648
    outer loop
      vertex 47.5579 -0.799999 101.387
      vertex 47.4773 0 102.415
      vertex 47.5579 0 101.387
    endloop
  endfacet
  facet normal -0.99694 -0 -0.0781648
    outer loop
      vertex 47.4773 0 102.415
      vertex 47.5579 -0.799999 101.387
      vertex 47.4773 -0.799999 102.415
    endloop
  endfacet
  facet normal -0.967085 0 -0.254452
    outer loop
      vertex 47.7997 -0.799999 100.468
      vertex 47.5579 0 101.387
      vertex 47.7997 0 100.468
    endloop
  endfacet
  facet normal -0.967085 -0 -0.254452
    outer loop
      vertex 47.5579 0 101.387
      vertex 47.7997 -0.799999 100.468
      vertex 47.5579 -0.799999 101.387
    endloop
  endfacet
  facet normal -0.895441 0 -0.44518
    outer loop
      vertex 48.2028 -0.799999 99.6572
      vertex 47.7997 0 100.468
      vertex 48.2028 0 99.6572
    endloop
  endfacet
  facet normal -0.895441 -0 -0.44518
    outer loop
      vertex 47.7997 0 100.468
      vertex 48.2028 -0.799999 99.6572
      vertex 47.7997 -0.799999 100.468
    endloop
  endfacet
  facet normal -0.779284 0 -0.626671
    outer loop
      vertex 48.767 -0.799999 98.9556
      vertex 48.2028 0 99.6572
      vertex 48.767 0 98.9556
    endloop
  endfacet
  facet normal -0.779284 -0 -0.626671
    outer loop
      vertex 48.2028 0 99.6572
      vertex 48.767 -0.799999 98.9556
      vertex 48.2028 -0.799999 99.6572
    endloop
  endfacet
  facet normal -0.629646 0 -0.776882
    outer loop
      vertex 48.767 -0.799999 98.9556
      vertex 49.4656 0 98.3894
      vertex 49.4656 -0.799999 98.3894
    endloop
  endfacet
  facet normal -0.629646 0 -0.776882
    outer loop
      vertex 49.4656 0 98.3894
      vertex 48.767 -0.799999 98.9556
      vertex 48.767 0 98.9556
    endloop
  endfacet
  facet normal -0.448588 0 -0.893739
    outer loop
      vertex 49.4656 -0.799999 98.3894
      vertex 50.2715 0 97.9849
      vertex 50.2715 -0.799999 97.9849
    endloop
  endfacet
  facet normal -0.448588 0 -0.893739
    outer loop
      vertex 50.2715 0 97.9849
      vertex 49.4656 -0.799999 98.3894
      vertex 49.4656 0 98.3894
    endloop
  endfacet
  facet normal -0.256879 0 -0.966444
    outer loop
      vertex 50.2715 -0.799999 97.9849
      vertex 51.1846 0 97.7422
      vertex 51.1846 -0.799999 97.7422
    endloop
  endfacet
  facet normal -0.256879 0 -0.966444
    outer loop
      vertex 51.1846 0 97.7422
      vertex 50.2715 -0.799999 97.9849
      vertex 50.2715 0 97.9849
    endloop
  endfacet
  facet normal -0.0790192 0 -0.996873
    outer loop
      vertex 51.1846 -0.799999 97.7422
      vertex 52.2052 0 97.6613
      vertex 52.2052 -0.799999 97.6613
    endloop
  endfacet
  facet normal -0.0790192 0 -0.996873
    outer loop
      vertex 52.2052 0 97.6613
      vertex 51.1846 -0.799999 97.7422
      vertex 51.1846 0 97.7422
    endloop
  endfacet
  facet normal 0.0712915 0 -0.997456
    outer loop
      vertex 52.2052 -0.799999 97.6613
      vertex 53.3217 0 97.7411
      vertex 53.3217 -0.799999 97.7411
    endloop
  endfacet
  facet normal 0.0712915 0 -0.997456
    outer loop
      vertex 53.3217 0 97.7411
      vertex 52.2052 -0.799999 97.6613
      vertex 52.2052 0 97.6613
    endloop
  endfacet
  facet normal 0.235229 0 -0.97194
    outer loop
      vertex 53.3217 -0.799999 97.7411
      vertex 54.3117 0 97.9807
      vertex 54.3117 -0.799999 97.9807
    endloop
  endfacet
  facet normal 0.235229 0 -0.97194
    outer loop
      vertex 54.3117 0 97.9807
      vertex 53.3217 -0.799999 97.7411
      vertex 53.3217 0 97.7411
    endloop
  endfacet
  facet normal 0.419711 0 -0.907658
    outer loop
      vertex 54.3117 -0.799999 97.9807
      vertex 55.175 0 98.3799
      vertex 55.175 -0.799999 98.3799
    endloop
  endfacet
  facet normal 0.419711 0 -0.907658
    outer loop
      vertex 55.175 0 98.3799
      vertex 54.3117 -0.799999 97.9807
      vertex 54.3117 0 97.9807
    endloop
  endfacet
  facet normal 0.604403 0 -0.796679
    outer loop
      vertex 55.175 -0.799999 98.3799
      vertex 55.9117 0 98.9388
      vertex 55.9117 -0.799999 98.9388
    endloop
  endfacet
  facet normal 0.604403 0 -0.796679
    outer loop
      vertex 55.9117 0 98.9388
      vertex 55.175 -0.799999 98.3799
      vertex 55.175 0 98.3799
    endloop
  endfacet
  facet normal 0.764286 0 -0.644877
    outer loop
      vertex 56.5009 -0.799999 99.6371
      vertex 55.9117 0 98.9388
      vertex 56.5009 0 99.6371
    endloop
  endfacet
  facet normal 0.764286 0 -0.644877
    outer loop
      vertex 55.9117 0 98.9388
      vertex 56.5009 -0.799999 99.6371
      vertex 55.9117 -0.799999 98.9388
    endloop
  endfacet
  facet normal 0.888942 0 -0.458019
    outer loop
      vertex 56.9218 -0.799999 100.454
      vertex 56.5009 0 99.6371
      vertex 56.9218 0 100.454
    endloop
  endfacet
  facet normal 0.888942 0 -0.458019
    outer loop
      vertex 56.5009 0 99.6371
      vertex 56.9218 -0.799999 100.454
      vertex 56.5009 -0.799999 99.6371
    endloop
  endfacet
  facet normal 0.965556 0 -0.260195
    outer loop
      vertex 57.1743 -0.799999 101.391
      vertex 56.9218 0 100.454
      vertex 57.1743 0 101.391
    endloop
  endfacet
  facet normal 0.965556 0 -0.260195
    outer loop
      vertex 56.9218 0 100.454
      vertex 57.1743 -0.799999 101.391
      vertex 56.9218 -0.799999 100.454
    endloop
  endfacet
  facet normal 0.99683 0 -0.0795575
    outer loop
      vertex 57.2585 -0.799999 102.446
      vertex 57.1743 0 101.391
      vertex 57.2585 0 102.446
    endloop
  endfacet
  facet normal 0.99683 0 -0.0795575
    outer loop
      vertex 57.1743 0 101.391
      vertex 57.2585 -0.799999 102.446
      vertex 57.1743 -0.799999 101.391
    endloop
  endfacet
  facet normal 0.99682 -0 0.0796898
    outer loop
      vertex 57.1728 -0.799999 103.518
      vertex 57.2585 0 102.446
      vertex 57.1728 0 103.518
    endloop
  endfacet
  facet normal 0.99682 0 0.0796898
    outer loop
      vertex 57.2585 0 102.446
      vertex 57.1728 -0.799999 103.518
      vertex 57.2585 -0.799999 102.446
    endloop
  endfacet
  facet normal 0.964926 -0 0.262521
    outer loop
      vertex 56.9157 -0.799999 104.463
      vertex 57.1728 0 103.518
      vertex 56.9157 0 104.463
    endloop
  endfacet
  facet normal 0.964926 0 0.262521
    outer loop
      vertex 57.1728 0 103.518
      vertex 56.9157 -0.799999 104.463
      vertex 57.1728 -0.799999 103.518
    endloop
  endfacet
  facet normal 0.886054 -0 0.463582
    outer loop
      vertex 56.4872 -0.799999 105.282
      vertex 56.9157 0 104.463
      vertex 56.4872 0 105.282
    endloop
  endfacet
  facet normal 0.886054 0 0.463582
    outer loop
      vertex 56.9157 0 104.463
      vertex 56.4872 -0.799999 105.282
      vertex 56.9157 -0.799999 104.463
    endloop
  endfacet
  facet normal 0.755184 -0 0.655513
    outer loop
      vertex 55.8874 -0.799999 105.973
      vertex 56.4872 0 105.282
      vertex 55.8874 0 105.973
    endloop
  endfacet
  facet normal 0.755184 0 0.655513
    outer loop
      vertex 56.4872 0 105.282
      vertex 55.8874 -0.799999 105.973
      vertex 56.4872 -0.799999 105.282
    endloop
  endfacet
  facet normal 0.589012 0 0.808124
    outer loop
      vertex 55.1328 0 106.523
      vertex 55.8874 -0.799999 105.973
      vertex 55.8874 0 105.973
    endloop
  endfacet
  facet normal 0.589012 0 0.808124
    outer loop
      vertex 55.8874 -0.799999 105.973
      vertex 55.1328 0 106.523
      vertex 55.1328 -0.799999 106.523
    endloop
  endfacet
  facet normal 0.403072 0 0.915168
    outer loop
      vertex 54.2405 0 106.916
      vertex 55.1328 -0.799999 106.523
      vertex 55.1328 0 106.523
    endloop
  endfacet
  facet normal 0.403072 0 0.915168
    outer loop
      vertex 55.1328 -0.799999 106.523
      vertex 54.2405 0 106.916
      vertex 54.2405 -0.799999 106.916
    endloop
  endfacet
  facet normal 0.223318 0 0.974746
    outer loop
      vertex 53.2104 0 107.152
      vertex 54.2405 -0.799999 106.916
      vertex 54.2405 0 106.916
    endloop
  endfacet
  facet normal 0.223318 0 0.974746
    outer loop
      vertex 54.2405 -0.799999 106.916
      vertex 53.2104 0 107.152
      vertex 53.2104 -0.799999 107.152
    endloop
  endfacet
  facet normal 0.0674828 0 0.99772
    outer loop
      vertex 52.0424 0 107.231
      vertex 53.2104 -0.799999 107.152
      vertex 53.2104 0 107.152
    endloop
  endfacet
  facet normal 0.0674828 0 0.99772
    outer loop
      vertex 53.2104 -0.799999 107.152
      vertex 52.0424 0 107.231
      vertex 52.0424 -0.799999 107.231
    endloop
  endfacet
  facet normal -0.0251517 0 0.999684
    outer loop
      vertex 51.5257 0 107.218
      vertex 52.0424 -0.799999 107.231
      vertex 52.0424 0 107.231
    endloop
  endfacet
  facet normal -0.0251517 0 0.999684
    outer loop
      vertex 52.0424 -0.799999 107.231
      vertex 51.5257 0 107.218
      vertex 51.5257 -0.799999 107.218
    endloop
  endfacet
  facet normal -0.978106 0 0.208108
    outer loop
      vertex 54.1658 -0.799999 101.025
      vertex 54.2558 0 101.448
      vertex 54.1658 0 101.025
    endloop
  endfacet
  facet normal -0.978106 0 0.208108
    outer loop
      vertex 54.2558 0 101.448
      vertex 54.1658 -0.799999 101.025
      vertex 54.2558 -0.799999 101.448
    endloop
  endfacet
  facet normal -0.935053 0 0.354509
    outer loop
      vertex 54.0259 -0.799999 100.656
      vertex 54.1658 0 101.025
      vertex 54.0259 0 100.656
    endloop
  endfacet
  facet normal -0.935053 0 0.354509
    outer loop
      vertex 54.1658 0 101.025
      vertex 54.0259 -0.799999 100.656
      vertex 54.1658 -0.799999 101.025
    endloop
  endfacet
  facet normal -0.858801 0 0.51231
    outer loop
      vertex 53.8362 -0.799999 100.338
      vertex 54.0259 0 100.656
      vertex 53.8362 0 100.338
    endloop
  endfacet
  facet normal -0.858801 0 0.51231
    outer loop
      vertex 54.0259 0 100.656
      vertex 53.8362 -0.799999 100.338
      vertex 54.0259 -0.799999 100.656
    endloop
  endfacet
  facet normal -0.740638 0 0.671904
    outer loop
      vertex 53.5967 -0.799999 100.074
      vertex 53.8362 0 100.338
      vertex 53.5967 0 100.074
    endloop
  endfacet
  facet normal -0.740638 0 0.671904
    outer loop
      vertex 53.8362 0 100.338
      vertex 53.5967 -0.799999 100.074
      vertex 53.8362 -0.799999 100.338
    endloop
  endfacet
  facet normal -0.592309 0 0.805711
    outer loop
      vertex 53.3124 0 99.865
      vertex 53.5967 -0.799999 100.074
      vertex 53.5967 0 100.074
    endloop
  endfacet
  facet normal -0.592309 0 0.805711
    outer loop
      vertex 53.5967 -0.799999 100.074
      vertex 53.3124 0 99.865
      vertex 53.3124 -0.799999 99.865
    endloop
  endfacet
  facet normal -0.418044 0 0.908427
    outer loop
      vertex 52.9884 0 99.7159
      vertex 53.3124 -0.799999 99.865
      vertex 53.3124 0 99.865
    endloop
  endfacet
  facet normal -0.418044 0 0.908427
    outer loop
      vertex 53.3124 -0.799999 99.865
      vertex 52.9884 0 99.7159
      vertex 52.9884 -0.799999 99.7159
    endloop
  endfacet
  facet normal -0.238763 0 0.971078
    outer loop
      vertex 52.6248 0 99.6265
      vertex 52.9884 -0.799999 99.7159
      vertex 52.9884 0 99.7159
    endloop
  endfacet
  facet normal -0.238763 0 0.971078
    outer loop
      vertex 52.9884 -0.799999 99.7159
      vertex 52.6248 0 99.6265
      vertex 52.6248 -0.799999 99.6265
    endloop
  endfacet
  facet normal -0.0736895 0 0.997281
    outer loop
      vertex 52.2215 0 99.5967
      vertex 52.6248 -0.799999 99.6265
      vertex 52.6248 0 99.6265
    endloop
  endfacet
  facet normal -0.0736895 0 0.997281
    outer loop
      vertex 52.6248 -0.799999 99.6265
      vertex 52.2215 0 99.5967
      vertex 52.2215 -0.799999 99.5967
    endloop
  endfacet
  facet normal 0.0851505 0 0.996368
    outer loop
      vertex 51.8494 0 99.6285
      vertex 52.2215 -0.799999 99.5967
      vertex 52.2215 0 99.5967
    endloop
  endfacet
  facet normal 0.0851505 0 0.996368
    outer loop
      vertex 52.2215 -0.799999 99.5967
      vertex 51.8494 0 99.6285
      vertex 51.8494 -0.799999 99.6285
    endloop
  endfacet
  facet normal 0.274494 0 0.961589
    outer loop
      vertex 51.5145 0 99.7241
      vertex 51.8494 -0.799999 99.6285
      vertex 51.8494 0 99.6285
    endloop
  endfacet
  facet normal 0.274494 0 0.961589
    outer loop
      vertex 51.8494 -0.799999 99.6285
      vertex 51.5145 0 99.7241
      vertex 51.5145 -0.799999 99.7241
    endloop
  endfacet
  facet normal 0.471449 0 0.881893
    outer loop
      vertex 51.2167 0 99.8833
      vertex 51.5145 -0.799999 99.7241
      vertex 51.5145 0 99.7241
    endloop
  endfacet
  facet normal 0.471449 0 0.881893
    outer loop
      vertex 51.5145 -0.799999 99.7241
      vertex 51.2167 0 99.8833
      vertex 51.2167 -0.799999 99.8833
    endloop
  endfacet
  facet normal 0.649662 0 0.760224
    outer loop
      vertex 50.9561 0 100.106
      vertex 51.2167 -0.799999 99.8833
      vertex 51.2167 0 99.8833
    endloop
  endfacet
  facet normal 0.649662 0 0.760224
    outer loop
      vertex 51.2167 -0.799999 99.8833
      vertex 50.9561 0 100.106
      vertex 50.9561 -0.799999 100.106
    endloop
  endfacet
  facet normal 0.79212 -0 0.610365
    outer loop
      vertex 50.7442 -0.799999 100.381
      vertex 50.9561 0 100.106
      vertex 50.7442 0 100.381
    endloop
  endfacet
  facet normal 0.79212 0 0.610365
    outer loop
      vertex 50.9561 0 100.106
      vertex 50.7442 -0.799999 100.381
      vertex 50.9561 -0.799999 100.106
    endloop
  endfacet
  facet normal 0.901411 -0 0.432964
    outer loop
      vertex 50.5929 -0.799999 100.696
      vertex 50.7442 0 100.381
      vertex 50.5929 0 100.696
    endloop
  endfacet
  facet normal 0.901411 0 0.432964
    outer loop
      vertex 50.7442 0 100.381
      vertex 50.5929 -0.799999 100.696
      vertex 50.7442 -0.799999 100.381
    endloop
  endfacet
  facet normal 0.968979 -0 0.247144
    outer loop
      vertex 50.5021 -0.799999 101.052
      vertex 50.5929 0 100.696
      vertex 50.5021 0 101.052
    endloop
  endfacet
  facet normal 0.968979 0 0.247144
    outer loop
      vertex 50.5929 0 100.696
      vertex 50.5021 -0.799999 101.052
      vertex 50.5929 -0.799999 100.696
    endloop
  endfacet
  facet normal 0.997105 -0 0.0760418
    outer loop
      vertex 50.4719 -0.799999 101.448
      vertex 50.5021 0 101.052
      vertex 50.4719 0 101.448
    endloop
  endfacet
  facet normal 0.997105 0 0.0760418
    outer loop
      vertex 50.5021 0 101.052
      vertex 50.4719 -0.799999 101.448
      vertex 50.5021 -0.799999 101.052
    endloop
  endfacet
  facet normal 0 0 -1
    outer loop
      vertex 50.4719 -0.799999 101.448
      vertex 54.2558 0 101.448
      vertex 54.2558 -0.799999 101.448
    endloop
  endfacet
  facet normal -0 0 -1
    outer loop
      vertex 54.2558 0 101.448
      vertex 50.4719 -0.799999 101.448
      vertex 50.4719 0 101.448
    endloop
  endfacet
  facet normal -0.998203 0 0.0599237
    outer loop
      vertex 101.506 -0.799999 102.163
      vertex 101.544 0 102.796
      vertex 101.506 0 102.163
    endloop
  endfacet
  facet normal -0.998203 0 0.0599237
    outer loop
      vertex 101.544 0 102.796
      vertex 101.506 -0.799999 102.163
      vertex 101.544 -0.799999 102.796
    endloop
  endfacet
  facet normal -0.979896 0 0.19951
    outer loop
      vertex 101.393 -0.799999 101.608
      vertex 101.506 0 102.163
      vertex 101.393 0 101.608
    endloop
  endfacet
  facet normal -0.979896 0 0.19951
    outer loop
      vertex 101.506 0 102.163
      vertex 101.393 -0.799999 101.608
      vertex 101.506 -0.799999 102.163
    endloop
  endfacet
  facet normal -0.929013 0 0.370047
    outer loop
      vertex 101.203 -0.799999 101.131
      vertex 101.393 0 101.608
      vertex 101.203 0 101.131
    endloop
  endfacet
  facet normal -0.929013 0 0.370047
    outer loop
      vertex 101.393 0 101.608
      vertex 101.203 -0.799999 101.131
      vertex 101.393 -0.799999 101.608
    endloop
  endfacet
  facet normal -0.833013 0 0.553254
    outer loop
      vertex 100.938 -0.799999 100.732
      vertex 101.203 0 101.131
      vertex 100.938 0 100.732
    endloop
  endfacet
  facet normal -0.833013 0 0.553254
    outer loop
      vertex 101.203 0 101.131
      vertex 100.938 -0.799999 100.732
      vertex 101.203 -0.799999 101.131
    endloop
  endfacet
  facet normal -0.685025 0 0.728519
    outer loop
      vertex 100.603 0 100.417
      vertex 100.938 -0.799999 100.732
      vertex 100.938 0 100.732
    endloop
  endfacet
  facet normal -0.685025 0 0.728519
    outer loop
      vertex 100.938 -0.799999 100.732
      vertex 100.603 0 100.417
      vertex 100.603 -0.799999 100.417
    endloop
  endfacet
  facet normal -0.490261 0 0.871576
    outer loop
      vertex 100.203 0 100.192
      vertex 100.603 -0.799999 100.417
      vertex 100.603 0 100.417
    endloop
  endfacet
  facet normal -0.490261 0 0.871576
    outer loop
      vertex 100.603 -0.799999 100.417
      vertex 100.203 0 100.192
      vertex 100.203 -0.799999 100.192
    endloop
  endfacet
  facet normal -0.280713 0 0.959792
    outer loop
      vertex 99.738 0 100.056
      vertex 100.203 -0.799999 100.192
      vertex 100.203 0 100.192
    endloop
  endfacet
  facet normal -0.280713 0 0.959792
    outer loop
      vertex 100.203 -0.799999 100.192
      vertex 99.738 0 100.056
      vertex 99.738 -0.799999 100.056
    endloop
  endfacet
  facet normal -0.0847282 0 0.996404
    outer loop
      vertex 99.2088 0 100.011
      vertex 99.738 -0.799999 100.056
      vertex 99.738 0 100.056
    endloop
  endfacet
  facet normal -0.0847282 0 0.996404
    outer loop
      vertex 99.738 -0.799999 100.056
      vertex 99.2088 0 100.011
      vertex 99.2088 -0.799999 100.011
    endloop
  endfacet
  facet normal 0.0314146 0 0.999506
    outer loop
      vertex 99.0179 0 100.017
      vertex 99.2088 -0.799999 100.011
      vertex 99.2088 0 100.011
    endloop
  endfacet
  facet normal 0.0314146 0 0.999506
    outer loop
      vertex 99.2088 -0.799999 100.011
      vertex 99.0179 0 100.017
      vertex 99.0179 -0.799999 100.017
    endloop
  endfacet
  facet normal 0.0836948 0 0.996491
    outer loop
      vertex 98.8274 0 100.033
      vertex 99.0179 -0.799999 100.017
      vertex 99.0179 0 100.017
    endloop
  endfacet
  facet normal 0.0836948 0 0.996491
    outer loop
      vertex 99.0179 -0.799999 100.017
      vertex 98.8274 0 100.033
      vertex 98.8274 -0.799999 100.033
    endloop
  endfacet
  facet normal 0.140764 0 0.990043
    outer loop
      vertex 98.6375 0 100.06
      vertex 98.8274 -0.799999 100.033
      vertex 98.8274 0 100.033
    endloop
  endfacet
  facet normal 0.140764 0 0.990043
    outer loop
      vertex 98.8274 -0.799999 100.033
      vertex 98.6375 0 100.06
      vertex 98.6375 -0.799999 100.06
    endloop
  endfacet
  facet normal 0.196713 0 0.980461
    outer loop
      vertex 98.4481 0 100.098
      vertex 98.6375 -0.799999 100.06
      vertex 98.6375 0 100.06
    endloop
  endfacet
  facet normal 0.196713 0 0.980461
    outer loop
      vertex 98.6375 -0.799999 100.06
      vertex 98.4481 0 100.098
      vertex 98.4481 -0.799999 100.098
    endloop
  endfacet
  facet normal 0.250342 0 0.968158
    outer loop
      vertex 98.2586 0 100.147
      vertex 98.4481 -0.799999 100.098
      vertex 98.4481 0 100.098
    endloop
  endfacet
  facet normal 0.250342 0 0.968158
    outer loop
      vertex 98.4481 -0.799999 100.098
      vertex 98.2586 0 100.147
      vertex 98.2586 -0.799999 100.147
    endloop
  endfacet
  facet normal 0.305685 0 0.952133
    outer loop
      vertex 98.0686 0 100.208
      vertex 98.2586 -0.799999 100.147
      vertex 98.2586 0 100.147
    endloop
  endfacet
  facet normal 0.305685 0 0.952133
    outer loop
      vertex 98.2586 -0.799999 100.147
      vertex 98.0686 0 100.208
      vertex 98.0686 -0.799999 100.208
    endloop
  endfacet
  facet normal 0.353544 0 0.935418
    outer loop
      vertex 97.8781 0 100.28
      vertex 98.0686 -0.799999 100.208
      vertex 98.0686 0 100.208
    endloop
  endfacet
  facet normal 0.353544 0 0.935418
    outer loop
      vertex 98.0686 -0.799999 100.208
      vertex 97.8781 0 100.28
      vertex 97.8781 -0.799999 100.28
    endloop
  endfacet
  facet normal 0.406582 0 0.913614
    outer loop
      vertex 97.6871 0 100.365
      vertex 97.8781 -0.799999 100.28
      vertex 97.8781 0 100.28
    endloop
  endfacet
  facet normal 0.406582 0 0.913614
    outer loop
      vertex 97.8781 -0.799999 100.28
      vertex 97.6871 0 100.365
      vertex 97.6871 -0.799999 100.365
    endloop
  endfacet
  facet normal -0.999995 0 -0.00310605
    outer loop
      vertex 97.6953 -0.799999 97.725
      vertex 97.6871 0 100.365
      vertex 97.6953 0 97.725
    endloop
  endfacet
  facet normal -0.999995 -0 -0.00310605
    outer loop
      vertex 97.6871 0 100.365
      vertex 97.6953 -0.799999 97.725
      vertex 97.6871 -0.799999 100.365
    endloop
  endfacet
  facet normal -0.118045 0 -0.993008
    outer loop
      vertex 97.6953 -0.799999 97.725
      vertex 97.8484 0 97.7068
      vertex 97.8484 -0.799999 97.7068
    endloop
  endfacet
  facet normal -0.118045 0 -0.993008
    outer loop
      vertex 97.8484 0 97.7068
      vertex 97.6953 -0.799999 97.725
      vertex 97.6953 0 97.725
    endloop
  endfacet
  facet normal -0.108554 0 -0.994091
    outer loop
      vertex 97.8484 -0.799999 97.7068
      vertex 97.9821 0 97.6922
      vertex 97.9821 -0.799999 97.6922
    endloop
  endfacet
  facet normal -0.108554 0 -0.994091
    outer loop
      vertex 97.9821 0 97.6922
      vertex 97.8484 -0.799999 97.7068
      vertex 97.8484 0 97.7068
    endloop
  endfacet
  facet normal -0.0974363 0 -0.995242
    outer loop
      vertex 97.9821 -0.799999 97.6922
      vertex 98.0965 0 97.681
      vertex 98.0965 -0.799999 97.681
    endloop
  endfacet
  facet normal -0.0974363 0 -0.995242
    outer loop
      vertex 98.0965 0 97.681
      vertex 97.9821 -0.799999 97.6922
      vertex 97.9821 0 97.6922
    endloop
  endfacet
  facet normal -0.0807033 0 -0.996738
    outer loop
      vertex 98.0965 -0.799999 97.681
      vertex 98.1916 0 97.6733
      vertex 98.1916 -0.799999 97.6733
    endloop
  endfacet
  facet normal -0.0807033 0 -0.996738
    outer loop
      vertex 98.1916 0 97.6733
      vertex 98.0965 -0.799999 97.681
      vertex 98.0965 0 97.681
    endloop
  endfacet
  facet normal -0.0618598 0 -0.998085
    outer loop
      vertex 98.1916 -0.799999 97.6733
      vertex 98.2755 0 97.6681
      vertex 98.2755 -0.799999 97.6681
    endloop
  endfacet
  facet normal -0.0618598 0 -0.998085
    outer loop
      vertex 98.2755 0 97.6681
      vertex 98.1916 -0.799999 97.6733
      vertex 98.1916 0 97.6733
    endloop
  endfacet
  facet normal -0.0469198 0 -0.998899
    outer loop
      vertex 98.2755 -0.799999 97.6681
      vertex 98.3564 0 97.6643
      vertex 98.3564 -0.799999 97.6643
    endloop
  endfacet
  facet normal -0.0469198 0 -0.998899
    outer loop
      vertex 98.3564 0 97.6643
      vertex 98.2755 -0.799999 97.6681
      vertex 98.2755 0 97.6681
    endloop
  endfacet
  facet normal -0.0282663 0 -0.9996
    outer loop
      vertex 98.3564 -0.799999 97.6643
      vertex 98.4342 0 97.6621
      vertex 98.4342 -0.799999 97.6621
    endloop
  endfacet
  facet normal -0.0282663 0 -0.9996
    outer loop
      vertex 98.4342 0 97.6621
      vertex 98.3564 -0.799999 97.6643
      vertex 98.3564 0 97.6643
    endloop
  endfacet
  facet normal -0.0106946 0 -0.999943
    outer loop
      vertex 98.4342 -0.799999 97.6621
      vertex 98.509 0 97.6613
      vertex 98.509 -0.799999 97.6613
    endloop
  endfacet
  facet normal -0.0106946 0 -0.999943
    outer loop
      vertex 98.509 0 97.6613
      vertex 98.4342 -0.799999 97.6621
      vertex 98.4342 0 97.6621
    endloop
  endfacet
  facet normal 0.0523131 0 -0.998631
    outer loop
      vertex 98.509 -0.799999 97.6613
      vertex 98.9996 0 97.687
      vertex 98.9996 -0.799999 97.687
    endloop
  endfacet
  facet normal 0.0523131 0 -0.998631
    outer loop
      vertex 98.9996 0 97.687
      vertex 98.509 -0.799999 97.6613
      vertex 98.509 0 97.6613
    endloop
  endfacet
  facet normal 0.167494 0 -0.985873
    outer loop
      vertex 98.9996 -0.799999 97.687
      vertex 99.454 0 97.7642
      vertex 99.454 -0.799999 97.7642
    endloop
  endfacet
  facet normal 0.167494 0 -0.985873
    outer loop
      vertex 99.454 0 97.7642
      vertex 98.9996 -0.799999 97.687
      vertex 98.9996 0 97.687
    endloop
  endfacet
  facet normal 0.29407 0 -0.955784
    outer loop
      vertex 99.454 -0.799999 97.7642
      vertex 99.8723 0 97.8929
      vertex 99.8723 -0.799999 97.8929
    endloop
  endfacet
  facet normal 0.29407 0 -0.955784
    outer loop
      vertex 99.8723 0 97.8929
      vertex 99.454 -0.799999 97.7642
      vertex 99.454 0 97.7642
    endloop
  endfacet
  facet normal 0.425808 0 -0.904813
    outer loop
      vertex 99.8723 -0.799999 97.8929
      vertex 100.255 0 98.073
      vertex 100.255 -0.799999 98.073
    endloop
  endfacet
  facet normal 0.425808 0 -0.904813
    outer loop
      vertex 100.255 0 98.073
      vertex 99.8723 -0.799999 97.8929
      vertex 99.8723 0 97.8929
    endloop
  endfacet
  facet normal 0.556112 0 -0.831107
    outer loop
      vertex 100.255 -0.799999 98.073
      vertex 100.608 0 98.3092
      vertex 100.608 -0.799999 98.3092
    endloop
  endfacet
  facet normal 0.556112 0 -0.831107
    outer loop
      vertex 100.608 0 98.3092
      vertex 100.255 -0.799999 98.073
      vertex 100.255 0 98.073
    endloop
  endfacet
  facet normal 0.665365 0 -0.746518
    outer loop
      vertex 100.608 -0.799999 98.3092
      vertex 100.941 0 98.606
      vertex 100.941 -0.799999 98.606
    endloop
  endfacet
  facet normal 0.665365 0 -0.746518
    outer loop
      vertex 100.941 0 98.606
      vertex 100.608 -0.799999 98.3092
      vertex 100.608 0 98.3092
    endloop
  endfacet
  facet normal 0.753425 0 -0.657534
    outer loop
      vertex 101.253 -0.799999 98.9635
      vertex 100.941 0 98.606
      vertex 101.253 0 98.9635
    endloop
  endfacet
  facet normal 0.753425 0 -0.657534
    outer loop
      vertex 100.941 0 98.606
      vertex 101.253 -0.799999 98.9635
      vertex 100.941 -0.799999 98.606
    endloop
  endfacet
  facet normal 0.820769 0 -0.57126
    outer loop
      vertex 101.544 -0.799999 99.3816
      vertex 101.253 0 98.9635
      vertex 101.544 0 99.3816
    endloop
  endfacet
  facet normal 0.820769 0 -0.57126
    outer loop
      vertex 101.253 0 98.9635
      vertex 101.544 -0.799999 99.3816
      vertex 101.253 -0.799999 98.9635
    endloop
  endfacet
  facet normal -1 0 0
    outer loop
      vertex 101.544 -0.799999 97.8763
      vertex 101.544 0 99.3816
      vertex 101.544 0 97.8763
    endloop
  endfacet
  facet normal -1 -0 0
    outer loop
      vertex 101.544 0 99.3816
      vertex 101.544 -0.799999 97.8763
      vertex 101.544 -0.799999 99.3816
    endloop
  endfacet
  facet normal 0 0 -1
    outer loop
      vertex 101.544 -0.799999 97.8763
      vertex 104.458 0 97.8763
      vertex 104.458 -0.799999 97.8763
    endloop
  endfacet
  facet normal -0 0 -1
    outer loop
      vertex 104.458 0 97.8763
      vertex 101.544 -0.799999 97.8763
      vertex 101.544 0 97.8763
    endloop
  endfacet
  facet normal 1 -0 0
    outer loop
      vertex 104.458 -0.799999 106.992
      vertex 104.458 0 97.8763
      vertex 104.458 0 106.992
    endloop
  endfacet
  facet normal 1 0 0
    outer loop
      vertex 104.458 0 97.8763
      vertex 104.458 -0.799999 106.992
      vertex 104.458 -0.799999 97.8763
    endloop
  endfacet
  facet normal -0 0 1
    outer loop
      vertex 101.544 0 106.992
      vertex 104.458 -0.799999 106.992
      vertex 104.458 0 106.992
    endloop
  endfacet
  facet normal 0 0 1
    outer loop
      vertex 104.458 -0.799999 106.992
      vertex 101.544 0 106.992
      vertex 101.544 -0.799999 106.992
    endloop
  endfacet
  facet normal -1 0 0
    outer loop
      vertex 101.544 -0.799999 102.796
      vertex 101.544 0 106.992
      vertex 101.544 0 102.796
    endloop
  endfacet
  facet normal -1 -0 0
    outer loop
      vertex 101.544 0 106.992
      vertex 101.544 -0.799999 102.796
      vertex 101.544 -0.799999 106.992
    endloop
  endfacet
  facet normal -0.0713842 0 0.997449
    outer loop
      vertex 124.466 0 107.181
      vertex 124.983 -0.799999 107.218
      vertex 124.983 0 107.218
    endloop
  endfacet
  facet normal -0.0713842 0 0.997449
    outer loop
      vertex 124.983 -0.799999 107.218
      vertex 124.466 0 107.181
      vertex 124.466 -0.799999 107.181
    endloop
  endfacet
  facet normal -0.120962 0 0.992657
    outer loop
      vertex 123.949 0 107.118
      vertex 124.466 -0.799999 107.181
      vertex 124.466 0 107.181
    endloop
  endfacet
  facet normal -0.120962 0 0.992657
    outer loop
      vertex 124.466 -0.799999 107.181
      vertex 123.949 0 107.118
      vertex 123.949 -0.799999 107.118
    endloop
  endfacet
  facet normal -0.165945 0 0.986135
    outer loop
      vertex 123.432 0 107.031
      vertex 123.949 -0.799999 107.118
      vertex 123.949 0 107.118
    endloop
  endfacet
  facet normal -0.165945 0 0.986135
    outer loop
      vertex 123.949 -0.799999 107.118
      vertex 123.432 0 107.031
      vertex 123.432 -0.799999 107.031
    endloop
  endfacet
  facet normal -0.212115 0 0.977245
    outer loop
      vertex 122.916 0 106.919
      vertex 123.432 -0.799999 107.031
      vertex 123.432 0 107.031
    endloop
  endfacet
  facet normal -0.212115 0 0.977245
    outer loop
      vertex 123.432 -0.799999 107.031
      vertex 122.916 0 106.919
      vertex 122.916 -0.799999 106.919
    endloop
  endfacet
  facet normal -0.254401 0 0.967099
    outer loop
      vertex 122.399 0 106.783
      vertex 122.916 -0.799999 106.919
      vertex 122.916 0 106.919
    endloop
  endfacet
  facet normal -0.254401 0 0.967099
    outer loop
      vertex 122.916 -0.799999 106.919
      vertex 122.399 0 106.783
      vertex 122.399 -0.799999 106.783
    endloop
  endfacet
  facet normal -0.295644 0 0.955298
    outer loop
      vertex 121.882 0 106.623
      vertex 122.399 -0.799999 106.783
      vertex 122.399 0 106.783
    endloop
  endfacet
  facet normal -0.295644 0 0.955298
    outer loop
      vertex 122.399 -0.799999 106.783
      vertex 121.882 0 106.623
      vertex 121.882 -0.799999 106.623
    endloop
  endfacet
  facet normal -0.334253 0 0.942483
    outer loop
      vertex 121.366 0 106.44
      vertex 121.882 -0.799999 106.623
      vertex 121.882 0 106.623
    endloop
  endfacet
  facet normal -0.334253 0 0.942483
    outer loop
      vertex 121.882 -0.799999 106.623
      vertex 121.366 0 106.44
      vertex 121.366 -0.799999 106.44
    endloop
  endfacet
  facet normal -1 0 0
    outer loop
      vertex 121.366 -0.799999 104.197
      vertex 121.366 0 106.44
      vertex 121.366 0 104.197
    endloop
  endfacet
  facet normal -1 -0 0
    outer loop
      vertex 121.366 0 106.44
      vertex 121.366 -0.799999 104.197
      vertex 121.366 -0.799999 106.44
    endloop
  endfacet
  facet normal 0.456352 0 -0.889799
    outer loop
      vertex 121.366 -0.799999 104.197
      vertex 121.871 0 104.456
      vertex 121.871 -0.799999 104.456
    endloop
  endfacet
  facet normal 0.456352 0 -0.889799
    outer loop
      vertex 121.871 0 104.456
      vertex 121.366 -0.799999 104.197
      vertex 121.366 0 104.197
    endloop
  endfacet
  facet normal 0.409528 0 -0.912297
    outer loop
      vertex 121.871 -0.799999 104.456
      vertex 122.37 0 104.68
      vertex 122.37 -0.799999 104.68
    endloop
  endfacet
  facet normal 0.409528 0 -0.912297
    outer loop
      vertex 122.37 0 104.68
      vertex 121.871 -0.799999 104.456
      vertex 121.871 0 104.456
    endloop
  endfacet
  facet normal 0.358598 0 -0.933492
    outer loop
      vertex 122.37 -0.799999 104.68
      vertex 122.862 0 104.869
      vertex 122.862 -0.799999 104.869
    endloop
  endfacet
  facet normal 0.358598 0 -0.933492
    outer loop
      vertex 122.862 0 104.869
      vertex 122.37 -0.799999 104.68
      vertex 122.37 0 104.68
    endloop
  endfacet
  facet normal 0.302636 0 -0.953106
    outer loop
      vertex 122.862 -0.799999 104.869
      vertex 123.347 0 105.023
      vertex 123.347 -0.799999 105.023
    endloop
  endfacet
  facet normal 0.302636 0 -0.953106
    outer loop
      vertex 123.347 0 105.023
      vertex 122.862 -0.799999 104.869
      vertex 122.862 0 104.869
    endloop
  endfacet
  facet normal 0.241105 0 -0.970499
    outer loop
      vertex 123.347 -0.799999 105.023
      vertex 123.826 0 105.142
      vertex 123.826 -0.799999 105.142
    endloop
  endfacet
  facet normal 0.241105 0 -0.970499
    outer loop
      vertex 123.826 0 105.142
      vertex 123.347 -0.799999 105.023
      vertex 123.347 0 105.023
    endloop
  endfacet
  facet normal 0.176509 0 -0.984299
    outer loop
      vertex 123.826 -0.799999 105.142
      vertex 124.3 0 105.227
      vertex 124.3 -0.799999 105.227
    endloop
  endfacet
  facet normal 0.176509 0 -0.984299
    outer loop
      vertex 124.3 0 105.227
      vertex 123.826 -0.799999 105.142
      vertex 123.826 0 105.142
    endloop
  endfacet
  facet normal 0.108333 0 -0.994115
    outer loop
      vertex 124.3 -0.799999 105.227
      vertex 124.768 0 105.278
      vertex 124.768 -0.799999 105.278
    endloop
  endfacet
  facet normal 0.108333 0 -0.994115
    outer loop
      vertex 124.768 0 105.278
      vertex 124.3 -0.799999 105.227
      vertex 124.3 0 105.227
    endloop
  endfacet
  facet normal 0.0366923 0 -0.999327
    outer loop
      vertex 124.768 -0.799999 105.278
      vertex 125.231 0 105.295
      vertex 125.231 -0.799999 105.295
    endloop
  endfacet
  facet normal 0.0366923 0 -0.999327
    outer loop
      vertex 125.231 0 105.295
      vertex 124.768 -0.799999 105.278
      vertex 124.768 0 105.278
    endloop
  endfacet
  facet normal -0.0593746 0 -0.998236
    outer loop
      vertex 125.231 -0.799999 105.295
      vertex 125.769 0 105.263
      vertex 125.769 -0.799999 105.263
    endloop
  endfacet
  facet normal -0.0593746 0 -0.998236
    outer loop
      vertex 125.769 0 105.263
      vertex 125.231 -0.799999 105.295
      vertex 125.231 0 105.295
    endloop
  endfacet
  facet normal -0.1981 0 -0.980182
    outer loop
      vertex 125.769 -0.799999 105.263
      vertex 126.244 0 105.167
      vertex 126.244 -0.799999 105.167
    endloop
  endfacet
  facet normal -0.1981 0 -0.980182
    outer loop
      vertex 126.244 0 105.167
      vertex 125.769 -0.799999 105.263
      vertex 125.769 0 105.263
    endloop
  endfacet
  facet normal -0.362009 0 -0.932174
    outer loop
      vertex 126.244 -0.799999 105.167
      vertex 126.656 0 105.007
      vertex 126.656 -0.799999 105.007
    endloop
  endfacet
  facet normal -0.362009 0 -0.932174
    outer loop
      vertex 126.656 0 105.007
      vertex 126.244 -0.799999 105.167
      vertex 126.244 0 105.167
    endloop
  endfacet
  facet normal -0.540148 0 -0.84157
    outer loop
      vertex 126.656 -0.799999 105.007
      vertex 127.005 0 104.783
      vertex 127.005 -0.799999 104.783
    endloop
  endfacet
  facet normal -0.540148 0 -0.84157
    outer loop
      vertex 127.005 0 104.783
      vertex 126.656 -0.799999 105.007
      vertex 126.656 0 105.007
    endloop
  endfacet
  facet normal -0.71325 0 -0.70091
    outer loop
      vertex 127.289 -0.799999 104.494
      vertex 127.005 0 104.783
      vertex 127.289 0 104.494
    endloop
  endfacet
  facet normal -0.71325 -0 -0.70091
    outer loop
      vertex 127.005 0 104.783
      vertex 127.289 -0.799999 104.494
      vertex 127.005 -0.799999 104.783
    endloop
  endfacet
  facet normal -0.850162 0 -0.526521
    outer loop
      vertex 127.507 -0.799999 104.142
      vertex 127.289 0 104.494
      vertex 127.507 0 104.142
    endloop
  endfacet
  facet normal -0.850162 -0 -0.526521
    outer loop
      vertex 127.289 0 104.494
      vertex 127.507 -0.799999 104.142
      vertex 127.289 -0.799999 104.494
    endloop
  endfacet
  facet normal -0.93953 0 -0.342467
    outer loop
      vertex 127.659 -0.799999 103.725
      vertex 127.507 0 104.142
      vertex 127.659 0 103.725
    endloop
  endfacet
  facet normal -0.93953 -0 -0.342467
    outer loop
      vertex 127.507 0 104.142
      vertex 127.659 -0.799999 103.725
      vertex 127.507 -0.799999 104.142
    endloop
  endfacet
  facet normal -0.984326 0 -0.176358
    outer loop
      vertex 127.745 -0.799999 103.245
      vertex 127.659 0 103.725
      vertex 127.745 0 103.245
    endloop
  endfacet
  facet normal -0.984326 -0 -0.176358
    outer loop
      vertex 127.659 0 103.725
      vertex 127.745 -0.799999 103.245
      vertex 127.659 -0.799999 103.725
    endloop
  endfacet
  facet normal -0 0 1
    outer loop
      vertex 120.934 0 103.245
      vertex 127.745 -0.799999 103.245
      vertex 127.745 0 103.245
    endloop
  endfacet
  facet normal 0 0 1
    outer loop
      vertex 127.745 -0.799999 103.245
      vertex 120.934 0 103.245
      vertex 120.934 -0.799999 103.245
    endloop
  endfacet
  facet normal -1 0 0
    outer loop
      vertex 120.934 -0.799999 102.415
      vertex 120.934 0 103.245
      vertex 120.934 0 102.415
    endloop
  endfacet
  facet normal -1 -0 0
    outer loop
      vertex 120.934 0 103.245
      vertex 120.934 -0.799999 102.415
      vertex 120.934 -0.799999 103.245
    endloop
  endfacet
  facet normal -0.99691 0 -0.0785503
    outer loop
      vertex 121.015 -0.799999 101.387
      vertex 120.934 0 102.415
      vertex 121.015 0 101.387
    endloop
  endfacet
  facet normal -0.99691 -0 -0.0785503
    outer loop
      vertex 120.934 0 102.415
      vertex 121.015 -0.799999 101.387
      vertex 120.934 -0.799999 102.415
    endloop
  endfacet
  facet normal -0.967034 0 -0.254649
    outer loop
      vertex 121.257 -0.799999 100.468
      vertex 121.015 0 101.387
      vertex 121.257 0 100.468
    endloop
  endfacet
  facet normal -0.967034 -0 -0.254649
    outer loop
      vertex 121.015 0 101.387
      vertex 121.257 -0.799999 100.468
      vertex 121.015 -0.799999 101.387
    endloop
  endfacet
  facet normal -0.895485 0 -0.445092
    outer loop
      vertex 121.66 -0.799999 99.6572
      vertex 121.257 0 100.468
      vertex 121.66 0 99.6572
    endloop
  endfacet
  facet normal -0.895485 -0 -0.445092
    outer loop
      vertex 121.257 0 100.468
      vertex 121.66 -0.799999 99.6572
      vertex 121.257 -0.799999 100.468
    endloop
  endfacet
  facet normal -0.779393 0 -0.626536
    outer loop
      vertex 122.224 -0.799999 98.9556
      vertex 121.66 0 99.6572
      vertex 122.224 0 98.9556
    endloop
  endfacet
  facet normal -0.779393 -0 -0.626536
    outer loop
      vertex 121.66 0 99.6572
      vertex 122.224 -0.799999 98.9556
      vertex 121.66 -0.799999 99.6572
    endloop
  endfacet
  facet normal -0.629428 0 -0.777058
    outer loop
      vertex 122.224 -0.799999 98.9556
      vertex 122.923 0 98.3894
      vertex 122.923 -0.799999 98.3894
    endloop
  endfacet
  facet normal -0.629428 0 -0.777058
    outer loop
      vertex 122.923 0 98.3894
      vertex 122.224 -0.799999 98.9556
      vertex 122.224 0 98.9556
    endloop
  endfacet
  facet normal -0.448989 0 -0.893537
    outer loop
      vertex 122.923 -0.799999 98.3894
      vertex 123.728 0 97.9849
      vertex 123.728 -0.799999 97.9849
    endloop
  endfacet
  facet normal -0.448989 0 -0.893537
    outer loop
      vertex 123.728 0 97.9849
      vertex 122.923 -0.799999 98.3894
      vertex 122.923 0 98.3894
    endloop
  endfacet
  facet normal -0.256642 0 -0.966506
    outer loop
      vertex 123.728 -0.799999 97.9849
      vertex 124.642 0 97.7422
      vertex 124.642 -0.799999 97.7422
    endloop
  endfacet
  facet normal -0.256642 0 -0.966506
    outer loop
      vertex 124.642 0 97.7422
      vertex 123.728 -0.799999 97.9849
      vertex 123.728 0 97.9849
    endloop
  endfacet
  facet normal -0.0790654 0 -0.996869
    outer loop
      vertex 124.642 -0.799999 97.7422
      vertex 125.662 0 97.6613
      vertex 125.662 -0.799999 97.6613
    endloop
  endfacet
  facet normal -0.0790654 0 -0.996869
    outer loop
      vertex 125.662 0 97.6613
      vertex 124.642 -0.799999 97.7422
      vertex 124.642 0 97.7422
    endloop
  endfacet
  facet normal 0.0712597 0 -0.997458
    outer loop
      vertex 125.662 -0.799999 97.6613
      vertex 126.779 0 97.7411
      vertex 126.779 -0.799999 97.7411
    endloop
  endfacet
  facet normal 0.0712597 0 -0.997458
    outer loop
      vertex 126.779 0 97.7411
      vertex 125.662 -0.799999 97.6613
      vertex 125.662 0 97.6613
    endloop
  endfacet
  facet normal 0.235229 0 -0.97194
    outer loop
      vertex 126.779 -0.799999 97.7411
      vertex 127.769 0 97.9807
      vertex 127.769 -0.799999 97.9807
    endloop
  endfacet
  facet normal 0.235229 0 -0.97194
    outer loop
      vertex 127.769 0 97.9807
      vertex 126.779 -0.799999 97.7411
      vertex 126.779 0 97.7411
    endloop
  endfacet
  facet normal 0.419832 0 -0.907602
    outer loop
      vertex 127.769 -0.799999 97.9807
      vertex 128.632 0 98.3799
      vertex 128.632 -0.799999 98.3799
    endloop
  endfacet
  facet normal 0.419832 0 -0.907602
    outer loop
      vertex 128.632 0 98.3799
      vertex 127.769 -0.799999 97.9807
      vertex 127.769 0 97.9807
    endloop
  endfacet
  facet normal 0.604247 0 -0.796797
    outer loop
      vertex 128.632 -0.799999 98.3799
      vertex 129.369 0 98.9388
      vertex 129.369 -0.799999 98.9388
    endloop
  endfacet
  facet normal 0.604247 0 -0.796797
    outer loop
      vertex 129.369 0 98.9388
      vertex 128.632 -0.799999 98.3799
      vertex 128.632 0 98.3799
    endloop
  endfacet
  facet normal 0.764394 0 -0.644749
    outer loop
      vertex 129.958 -0.799999 99.6371
      vertex 129.369 0 98.9388
      vertex 129.958 0 99.6371
    endloop
  endfacet
  facet normal 0.764394 0 -0.644749
    outer loop
      vertex 129.369 0 98.9388
      vertex 129.958 -0.799999 99.6371
      vertex 129.369 -0.799999 98.9388
    endloop
  endfacet
  facet normal 0.888898 0 -0.458105
    outer loop
      vertex 130.379 -0.799999 100.454
      vertex 129.958 0 99.6371
      vertex 130.379 0 100.454
    endloop
  endfacet
  facet normal 0.888898 0 -0.458105
    outer loop
      vertex 129.958 0 99.6371
      vertex 130.379 -0.799999 100.454
      vertex 129.958 -0.799999 99.6371
    endloop
  endfacet
  facet normal 0.965685 0 -0.259715
    outer loop
      vertex 130.631 -0.799999 101.391
      vertex 130.379 0 100.454
      vertex 130.631 0 101.391
    endloop
  endfacet
  facet normal 0.965685 0 -0.259715
    outer loop
      vertex 130.379 0 100.454
      vertex 130.631 -0.799999 101.391
      vertex 130.379 -0.799999 100.454
    endloop
  endfacet
  facet normal 0.996845 0 -0.0793697
    outer loop
      vertex 130.715 -0.799999 102.446
      vertex 130.631 0 101.391
      vertex 130.715 0 102.446
    endloop
  endfacet
  facet normal 0.996845 0 -0.0793697
    outer loop
      vertex 130.631 0 101.391
      vertex 130.715 -0.799999 102.446
      vertex 130.631 -0.799999 101.391
    endloop
  endfacet
  facet normal 0.996871 -0 0.079043
    outer loop
      vertex 130.63 -0.799999 103.518
      vertex 130.715 0 102.446
      vertex 130.63 0 103.518
    endloop
  endfacet
  facet normal 0.996871 0 0.079043
    outer loop
      vertex 130.715 0 102.446
      vertex 130.63 -0.799999 103.518
      vertex 130.715 -0.799999 102.446
    endloop
  endfacet
  facet normal 0.964952 -0 0.262426
    outer loop
      vertex 130.373 -0.799999 104.463
      vertex 130.63 0 103.518
      vertex 130.373 0 104.463
    endloop
  endfacet
  facet normal 0.964952 0 0.262426
    outer loop
      vertex 130.63 0 103.518
      vertex 130.373 -0.799999 104.463
      vertex 130.63 -0.799999 103.518
    endloop
  endfacet
  facet normal 0.885832 -0 0.464007
    outer loop
      vertex 129.944 -0.799999 105.282
      vertex 130.373 0 104.463
      vertex 129.944 0 105.282
    endloop
  endfacet
  facet normal 0.885832 0 0.464007
    outer loop
      vertex 130.373 0 104.463
      vertex 129.944 -0.799999 105.282
      vertex 130.373 -0.799999 104.463
    endloop
  endfacet
  facet normal 0.755076 -0 0.655637
    outer loop
      vertex 129.344 -0.799999 105.973
      vertex 129.944 0 105.282
      vertex 129.344 0 105.973
    endloop
  endfacet
  facet normal 0.755076 0 0.655637
    outer loop
      vertex 129.944 0 105.282
      vertex 129.344 -0.799999 105.973
      vertex 129.944 -0.799999 105.282
    endloop
  endfacet
  facet normal 0.589318 0 0.807901
    outer loop
      vertex 128.59 0 106.523
      vertex 129.344 -0.799999 105.973
      vertex 129.344 0 105.973
    endloop
  endfacet
  facet normal 0.589318 0 0.807901
    outer loop
      vertex 129.344 -0.799999 105.973
      vertex 128.59 0 106.523
      vertex 128.59 -0.799999 106.523
    endloop
  endfacet
  facet normal 0.402807 0 0.915285
    outer loop
      vertex 127.697 0 106.916
      vertex 128.59 -0.799999 106.523
      vertex 128.59 0 106.523
    endloop
  endfacet
  facet normal 0.402807 0 0.915285
    outer loop
      vertex 128.59 -0.799999 106.523
      vertex 127.697 0 106.916
      vertex 127.697 -0.799999 106.916
    endloop
  endfacet
  facet normal 0.223339 0 0.974741
    outer loop
      vertex 126.667 0 107.152
      vertex 127.697 -0.799999 106.916
      vertex 127.697 0 106.916
    endloop
  endfacet
  facet normal 0.223339 0 0.974741
    outer loop
      vertex 127.697 -0.799999 106.916
      vertex 126.667 0 107.152
      vertex 126.667 -0.799999 107.152
    endloop
  endfacet
  facet normal 0.0674828 0 0.99772
    outer loop
      vertex 125.499 0 107.231
      vertex 126.667 -0.799999 107.152
      vertex 126.667 0 107.152
    endloop
  endfacet
  facet normal 0.0674828 0 0.99772
    outer loop
      vertex 126.667 -0.799999 107.152
      vertex 125.499 0 107.231
      vertex 125.499 -0.799999 107.231
    endloop
  endfacet
  facet normal -0.0251858 0 0.999683
    outer loop
      vertex 124.983 0 107.218
      vertex 125.499 -0.799999 107.231
      vertex 125.499 0 107.231
    endloop
  endfacet
  facet normal -0.0251858 0 0.999683
    outer loop
      vertex 125.499 -0.799999 107.231
      vertex 124.983 0 107.218
      vertex 124.983 -0.799999 107.218
    endloop
  endfacet
  facet normal -0.978106 0 0.208108
    outer loop
      vertex 127.623 -0.799999 101.025
      vertex 127.713 0 101.448
      vertex 127.623 0 101.025
    endloop
  endfacet
  facet normal -0.978106 0 0.208108
    outer loop
      vertex 127.713 0 101.448
      vertex 127.623 -0.799999 101.025
      vertex 127.713 -0.799999 101.448
    endloop
  endfacet
  facet normal -0.934969 0 0.354731
    outer loop
      vertex 127.483 -0.799999 100.656
      vertex 127.623 0 101.025
      vertex 127.483 0 100.656
    endloop
  endfacet
  facet normal -0.934969 0 0.354731
    outer loop
      vertex 127.623 0 101.025
      vertex 127.483 -0.799999 100.656
      vertex 127.623 -0.799999 101.025
    endloop
  endfacet
  facet normal -0.858444 0 0.512907
    outer loop
      vertex 127.293 -0.799999 100.338
      vertex 127.483 0 100.656
      vertex 127.293 0 100.338
    endloop
  endfacet
  facet normal -0.858444 0 0.512907
    outer loop
      vertex 127.483 0 100.656
      vertex 127.293 -0.799999 100.338
      vertex 127.483 -0.799999 100.656
    endloop
  endfacet
  facet normal -0.741336 0 0.671134
    outer loop
      vertex 127.054 -0.799999 100.074
      vertex 127.293 0 100.338
      vertex 127.054 0 100.074
    endloop
  endfacet
  facet normal -0.741336 0 0.671134
    outer loop
      vertex 127.293 0 100.338
      vertex 127.054 -0.799999 100.074
      vertex 127.293 -0.799999 100.338
    endloop
  endfacet
  facet normal -0.591364 0 0.806405
    outer loop
      vertex 126.769 0 99.865
      vertex 127.054 -0.799999 100.074
      vertex 127.054 0 100.074
    endloop
  endfacet
  facet normal -0.591364 0 0.806405
    outer loop
      vertex 127.054 -0.799999 100.074
      vertex 126.769 0 99.865
      vertex 126.769 -0.799999 99.865
    endloop
  endfacet
  facet normal -0.418044 0 0.908427
    outer loop
      vertex 126.445 0 99.7159
      vertex 126.769 -0.799999 99.865
      vertex 126.769 0 99.865
    endloop
  endfacet
  facet normal -0.418044 0 0.908427
    outer loop
      vertex 126.769 -0.799999 99.865
      vertex 126.445 0 99.7159
      vertex 126.445 -0.799999 99.7159
    endloop
  endfacet
  facet normal -0.239135 0 0.970986
    outer loop
      vertex 126.082 0 99.6265
      vertex 126.445 -0.799999 99.7159
      vertex 126.445 0 99.7159
    endloop
  endfacet
  facet normal -0.239135 0 0.970986
    outer loop
      vertex 126.445 -0.799999 99.7159
      vertex 126.082 0 99.6265
      vertex 126.082 -0.799999 99.6265
    endloop
  endfacet
  facet normal -0.0735625 0 0.997291
    outer loop
      vertex 125.678 0 99.5967
      vertex 126.082 -0.799999 99.6265
      vertex 126.082 0 99.6265
    endloop
  endfacet
  facet normal -0.0735625 0 0.997291
    outer loop
      vertex 126.082 -0.799999 99.6265
      vertex 125.678 0 99.5967
      vertex 125.678 -0.799999 99.5967
    endloop
  endfacet
  facet normal 0.0851732 0 0.996366
    outer loop
      vertex 125.306 0 99.6285
      vertex 125.678 -0.799999 99.5967
      vertex 125.678 0 99.5967
    endloop
  endfacet
  facet normal 0.0851732 0 0.996366
    outer loop
      vertex 125.678 -0.799999 99.5967
      vertex 125.306 0 99.6285
      vertex 125.306 -0.799999 99.6285
    endloop
  endfacet
  facet normal 0.274418 0 0.961611
    outer loop
      vertex 124.971 0 99.7241
      vertex 125.306 -0.799999 99.6285
      vertex 125.306 0 99.6285
    endloop
  endfacet
  facet normal 0.274418 0 0.961611
    outer loop
      vertex 125.306 -0.799999 99.6285
      vertex 124.971 0 99.7241
      vertex 124.971 -0.799999 99.7241
    endloop
  endfacet
  facet normal 0.472436 0 0.881365
    outer loop
      vertex 124.674 0 99.8833
      vertex 124.971 -0.799999 99.7241
      vertex 124.971 0 99.7241
    endloop
  endfacet
  facet normal 0.472436 0 0.881365
    outer loop
      vertex 124.971 -0.799999 99.7241
      vertex 124.674 0 99.8833
      vertex 124.674 -0.799999 99.8833
    endloop
  endfacet
  facet normal 0.649086 0 0.760715
    outer loop
      vertex 124.413 0 100.106
      vertex 124.674 -0.799999 99.8833
      vertex 124.674 0 99.8833
    endloop
  endfacet
  facet normal 0.649086 0 0.760715
    outer loop
      vertex 124.674 -0.799999 99.8833
      vertex 124.413 0 100.106
      vertex 124.413 -0.799999 100.106
    endloop
  endfacet
  facet normal 0.791981 -0 0.610545
    outer loop
      vertex 124.201 -0.799999 100.381
      vertex 124.413 0 100.106
      vertex 124.201 0 100.381
    endloop
  endfacet
  facet normal 0.791981 0 0.610545
    outer loop
      vertex 124.413 0 100.106
      vertex 124.201 -0.799999 100.381
      vertex 124.413 -0.799999 100.106
    endloop
  endfacet
  facet normal 0.901746 -0 0.432266
    outer loop
      vertex 124.05 -0.799999 100.696
      vertex 124.201 0 100.381
      vertex 124.05 0 100.696
    endloop
  endfacet
  facet normal 0.901746 0 0.432266
    outer loop
      vertex 124.201 0 100.381
      vertex 124.05 -0.799999 100.696
      vertex 124.201 -0.799999 100.381
    endloop
  endfacet
  facet normal 0.968848 -0 0.247655
    outer loop
      vertex 123.959 -0.799999 101.052
      vertex 124.05 0 100.696
      vertex 123.959 0 101.052
    endloop
  endfacet
  facet normal 0.968848 0 0.247655
    outer loop
      vertex 124.05 0 100.696
      vertex 123.959 -0.799999 101.052
      vertex 124.05 -0.799999 100.696
    endloop
  endfacet
  facet normal 0.997143 -0 0.0755411
    outer loop
      vertex 123.929 -0.799999 101.448
      vertex 123.959 0 101.052
      vertex 123.929 0 101.448
    endloop
  endfacet
  facet normal 0.997143 0 0.0755411
    outer loop
      vertex 123.959 0 101.052
      vertex 123.929 -0.799999 101.448
      vertex 123.959 -0.799999 101.052
    endloop
  endfacet
  facet normal 0 0 -1
    outer loop
      vertex 123.929 -0.799999 101.448
      vertex 127.713 0 101.448
      vertex 127.713 -0.799999 101.448
    endloop
  endfacet
  facet normal -0 0 -1
    outer loop
      vertex 127.713 0 101.448
      vertex 123.929 -0.799999 101.448
      vertex 123.929 0 101.448
    endloop
  endfacet
  facet normal 0.769237 -0 0.638963
    outer loop
      vertex 160.029 -0.799999 106.051
      vertex 160.338 0 105.679
      vertex 160.029 0 106.051
    endloop
  endfacet
  facet normal 0.769237 0 0.638963
    outer loop
      vertex 160.338 0 105.679
      vertex 160.029 -0.799999 106.051
      vertex 160.338 -0.799999 105.679
    endloop
  endfacet
  facet normal 0.701604 0 0.712567
    outer loop
      vertex 159.704 0 106.371
      vertex 160.029 -0.799999 106.051
      vertex 160.029 0 106.051
    endloop
  endfacet
  facet normal 0.701604 0 0.712567
    outer loop
      vertex 160.029 -0.799999 106.051
      vertex 159.704 0 106.371
      vertex 159.704 -0.799999 106.371
    endloop
  endfacet
  facet normal 0.615376 0 0.788234
    outer loop
      vertex 159.362 0 106.638
      vertex 159.704 -0.799999 106.371
      vertex 159.704 0 106.371
    endloop
  endfacet
  facet normal 0.615376 0 0.788234
    outer loop
      vertex 159.704 -0.799999 106.371
      vertex 159.362 0 106.638
      vertex 159.362 -0.799999 106.638
    endloop
  endfacet
  facet normal 0.514848 0 0.857282
    outer loop
      vertex 159.004 0 106.853
      vertex 159.362 -0.799999 106.638
      vertex 159.362 0 106.638
    endloop
  endfacet
  facet normal 0.514848 0 0.857282
    outer loop
      vertex 159.362 -0.799999 106.638
      vertex 159.004 0 106.853
      vertex 159.004 -0.799999 106.853
    endloop
  endfacet
  facet normal 0.398285 0 0.917262
    outer loop
      vertex 158.624 0 107.018
      vertex 159.004 -0.799999 106.853
      vertex 159.004 0 106.853
    endloop
  endfacet
  facet normal 0.398285 0 0.917262
    outer loop
      vertex 159.004 -0.799999 106.853
      vertex 158.624 0 107.018
      vertex 158.624 -0.799999 107.018
    endloop
  endfacet
  facet normal 0.278459 0 0.960448
    outer loop
      vertex 158.217 0 107.136
      vertex 158.624 -0.799999 107.018
      vertex 158.624 0 107.018
    endloop
  endfacet
  facet normal 0.278459 0 0.960448
    outer loop
      vertex 158.624 -0.799999 107.018
      vertex 158.217 0 107.136
      vertex 158.217 -0.799999 107.136
    endloop
  endfacet
  facet normal 0.161087 0 0.98694
    outer loop
      vertex 157.782 0 107.207
      vertex 158.217 -0.799999 107.136
      vertex 158.217 0 107.136
    endloop
  endfacet
  facet normal 0.161087 0 0.98694
    outer loop
      vertex 158.217 -0.799999 107.136
      vertex 157.782 0 107.207
      vertex 157.782 -0.799999 107.207
    endloop
  endfacet
  facet normal 0.0517664 0 0.998659
    outer loop
      vertex 157.319 0 107.231
      vertex 157.782 -0.799999 107.207
      vertex 157.782 0 107.207
    endloop
  endfacet
  facet normal 0.0517664 0 0.998659
    outer loop
      vertex 157.782 -0.799999 107.207
      vertex 157.319 0 107.231
      vertex 157.319 -0.799999 107.231
    endloop
  endfacet
  facet normal -0.103912 0 0.994586
    outer loop
      vertex 156.515 0 107.147
      vertex 157.319 -0.799999 107.231
      vertex 157.319 0 107.231
    endloop
  endfacet
  facet normal -0.103912 0 0.994586
    outer loop
      vertex 157.319 -0.799999 107.231
      vertex 156.515 0 107.147
      vertex 156.515 -0.799999 107.147
    endloop
  endfacet
  facet normal -0.325551 0 0.945524
    outer loop
      vertex 155.786 0 106.896
      vertex 156.515 -0.799999 107.147
      vertex 156.515 0 107.147
    endloop
  endfacet
  facet normal -0.325551 0 0.945524
    outer loop
      vertex 156.515 -0.799999 107.147
      vertex 155.786 0 106.896
      vertex 155.786 -0.799999 106.896
    endloop
  endfacet
  facet normal -0.538542 0 0.842599
    outer loop
      vertex 155.132 0 106.478
      vertex 155.786 -0.799999 106.896
      vertex 155.786 0 106.896
    endloop
  endfacet
  facet normal -0.538542 0 0.842599
    outer loop
      vertex 155.786 -0.799999 106.896
      vertex 155.132 0 106.478
      vertex 155.132 -0.799999 106.478
    endloop
  endfacet
  facet normal -0.711343 0 0.702845
    outer loop
      vertex 154.553 -0.799999 105.892
      vertex 155.132 0 106.478
      vertex 154.553 0 105.892
    endloop
  endfacet
  facet normal -0.711343 0 0.702845
    outer loop
      vertex 155.132 0 106.478
      vertex 154.553 -0.799999 105.892
      vertex 155.132 -0.799999 106.478
    endloop
  endfacet
  facet normal -0.834192 0 0.551474
    outer loop
      vertex 154.079 -0.799999 105.175
      vertex 154.553 0 105.892
      vertex 154.079 0 105.175
    endloop
  endfacet
  facet normal -0.834192 0 0.551474
    outer loop
      vertex 154.553 0 105.892
      vertex 154.079 -0.799999 105.175
      vertex 154.553 -0.799999 105.892
    endloop
  endfacet
  facet normal -0.923546 0 0.383487
    outer loop
      vertex 153.741 -0.799999 104.361
      vertex 154.079 0 105.175
      vertex 153.741 0 104.361
    endloop
  endfacet
  facet normal -0.923546 0 0.383487
    outer loop
      vertex 154.079 0 105.175
      vertex 153.741 -0.799999 104.361
      vertex 154.079 -0.799999 105.175
    endloop
  endfacet
  facet normal -0.975959 0 0.217953
    outer loop
      vertex 153.538 -0.799999 103.452
      vertex 153.741 0 104.361
      vertex 153.538 0 103.452
    endloop
  endfacet
  facet normal -0.975959 0 0.217953
    outer loop
      vertex 153.741 0 104.361
      vertex 153.538 -0.799999 103.452
      vertex 153.741 -0.799999 104.361
    endloop
  endfacet
  facet normal -0.997723 0 0.0674405
    outer loop
      vertex 153.47 -0.799999 102.446
      vertex 153.538 0 103.452
      vertex 153.47 0 102.446
    endloop
  endfacet
  facet normal -0.997723 0 0.0674405
    outer loop
      vertex 153.538 0 103.452
      vertex 153.47 -0.799999 102.446
      vertex 153.538 -0.799999 103.452
    endloop
  endfacet
  facet normal -0.997723 0 -0.0674405
    outer loop
      vertex 153.538 -0.799999 101.44
      vertex 153.47 0 102.446
      vertex 153.538 0 101.44
    endloop
  endfacet
  facet normal -0.997723 -0 -0.0674405
    outer loop
      vertex 153.47 0 102.446
      vertex 153.538 -0.799999 101.44
      vertex 153.47 -0.799999 102.446
    endloop
  endfacet
  facet normal -0.975959 0 -0.217953
    outer loop
      vertex 153.741 -0.799999 100.531
      vertex 153.538 0 101.44
      vertex 153.741 0 100.531
    endloop
  endfacet
  facet normal -0.975959 -0 -0.217953
    outer loop
      vertex 153.538 0 101.44
      vertex 153.741 -0.799999 100.531
      vertex 153.538 -0.799999 101.44
    endloop
  endfacet
  facet normal -0.923513 0 -0.383568
    outer loop
      vertex 154.079 -0.799999 99.7172
      vertex 153.741 0 100.531
      vertex 154.079 0 99.7172
    endloop
  endfacet
  facet normal -0.923513 -0 -0.383568
    outer loop
      vertex 153.741 0 100.531
      vertex 154.079 -0.799999 99.7172
      vertex 153.741 -0.799999 100.531
    endloop
  endfacet
  facet normal -0.834298 0 -0.551314
    outer loop
      vertex 154.553 -0.799999 98.9999
      vertex 154.079 0 99.7172
      vertex 154.553 0 98.9999
    endloop
  endfacet
  facet normal -0.834298 -0 -0.551314
    outer loop
      vertex 154.079 0 99.7172
      vertex 154.553 -0.799999 98.9999
      vertex 154.079 -0.799999 99.7172
    endloop
  endfacet
  facet normal -0.711103 0 -0.703088
    outer loop
      vertex 155.132 -0.799999 98.4143
      vertex 154.553 0 98.9999
      vertex 155.132 0 98.4143
    endloop
  endfacet
  facet normal -0.711103 -0 -0.703088
    outer loop
      vertex 154.553 0 98.9999
      vertex 155.132 -0.799999 98.4143
      vertex 154.553 -0.799999 98.9999
    endloop
  endfacet
  facet normal -0.538816 0 -0.842423
    outer loop
      vertex 155.132 -0.799999 98.4143
      vertex 155.786 0 97.996
      vertex 155.786 -0.799999 97.996
    endloop
  endfacet
  facet normal -0.538816 0 -0.842423
    outer loop
      vertex 155.786 0 97.996
      vertex 155.132 -0.799999 98.4143
      vertex 155.132 0 98.4143
    endloop
  endfacet
  facet normal -0.325551 0 -0.945524
    outer loop
      vertex 155.786 -0.799999 97.996
      vertex 156.515 0 97.745
      vertex 156.515 -0.799999 97.745
    endloop
  endfacet
  facet normal -0.325551 0 -0.945524
    outer loop
      vertex 156.515 0 97.745
      vertex 155.786 -0.799999 97.996
      vertex 155.786 0 97.996
    endloop
  endfacet
  facet normal -0.103545 0 -0.994625
    outer loop
      vertex 156.515 -0.799999 97.745
      vertex 157.319 0 97.6613
      vertex 157.319 -0.799999 97.6613
    endloop
  endfacet
  facet normal -0.103545 0 -0.994625
    outer loop
      vertex 157.319 0 97.6613
      vertex 156.515 -0.799999 97.745
      vertex 156.515 0 97.745
    endloop
  endfacet
  facet normal 0.0509058 0 -0.998703
    outer loop
      vertex 157.319 -0.799999 97.6613
      vertex 157.782 0 97.6849
      vertex 157.782 -0.799999 97.6849
    endloop
  endfacet
  facet normal 0.0509058 0 -0.998703
    outer loop
      vertex 157.782 0 97.6849
      vertex 157.319 -0.799999 97.6613
      vertex 157.319 0 97.6613
    endloop
  endfacet
  facet normal 0.160866 0 -0.986976
    outer loop
      vertex 157.782 -0.799999 97.6849
      vertex 158.217 0 97.7558
      vertex 158.217 -0.799999 97.7558
    endloop
  endfacet
  facet normal 0.160866 0 -0.986976
    outer loop
      vertex 158.217 0 97.7558
      vertex 157.782 -0.799999 97.6849
      vertex 157.782 0 97.6849
    endloop
  endfacet
  facet normal 0.278459 0 -0.960448
    outer loop
      vertex 158.217 -0.799999 97.7558
      vertex 158.624 0 97.8738
      vertex 158.624 -0.799999 97.8738
    endloop
  endfacet
  facet normal 0.278459 0 -0.960448
    outer loop
      vertex 158.624 0 97.8738
      vertex 158.217 -0.799999 97.7558
      vertex 158.217 0 97.7558
    endloop
  endfacet
  facet normal 0.398894 0 -0.916997
    outer loop
      vertex 158.624 -0.799999 97.8738
      vertex 159.004 0 98.0391
      vertex 159.004 -0.799999 98.0391
    endloop
  endfacet
  facet normal 0.398894 0 -0.916997
    outer loop
      vertex 159.004 0 98.0391
      vertex 158.624 -0.799999 97.8738
      vertex 158.624 0 97.8738
    endloop
  endfacet
  facet normal 0.514672 0 -0.857387
    outer loop
      vertex 159.004 -0.799999 98.0391
      vertex 159.362 0 98.254
      vertex 159.362 -0.799999 98.254
    endloop
  endfacet
  facet normal 0.514672 0 -0.857387
    outer loop
      vertex 159.362 0 98.254
      vertex 159.004 -0.799999 98.0391
      vertex 159.004 0 98.0391
    endloop
  endfacet
  facet normal 0.615805 0 -0.787899
    outer loop
      vertex 159.362 -0.799999 98.254
      vertex 159.704 0 98.5213
      vertex 159.704 -0.799999 98.5213
    endloop
  endfacet
  facet normal 0.615805 0 -0.787899
    outer loop
      vertex 159.704 0 98.5213
      vertex 159.362 -0.799999 98.254
      vertex 159.362 0 98.254
    endloop
  endfacet
  facet normal 0.701047 0 -0.713115
    outer loop
      vertex 159.704 -0.799999 98.5213
      vertex 160.029 0 98.8408
      vertex 160.029 -0.799999 98.8408
    endloop
  endfacet
  facet normal 0.701047 0 -0.713115
    outer loop
      vertex 160.029 0 98.8408
      vertex 159.704 -0.799999 98.5213
      vertex 159.704 0 98.5213
    endloop
  endfacet
  facet normal 0.769153 0 -0.639065
    outer loop
      vertex 160.338 -0.799999 99.2127
      vertex 160.029 0 98.8408
      vertex 160.338 0 99.2127
    endloop
  endfacet
  facet normal 0.769153 0 -0.639065
    outer loop
      vertex 160.029 0 98.8408
      vertex 160.338 -0.799999 99.2127
      vertex 160.029 -0.799999 98.8408
    endloop
  endfacet
  facet normal -1 0 0
    outer loop
      vertex 160.338 -0.799999 97.8763
      vertex 160.338 0 99.2127
      vertex 160.338 0 97.8763
    endloop
  endfacet
  facet normal -1 -0 0
    outer loop
      vertex 160.338 0 99.2127
      vertex 160.338 -0.799999 97.8763
      vertex 160.338 -0.799999 99.2127
    endloop
  endfacet
  facet normal 0 0 -1
    outer loop
      vertex 160.338 -0.799999 97.8763
      vertex 163.252 0 97.8763
      vertex 163.252 -0.799999 97.8763
    endloop
  endfacet
  facet normal -0 0 -1
    outer loop
      vertex 163.252 0 97.8763
      vertex 160.338 -0.799999 97.8763
      vertex 160.338 0 97.8763
    endloop
  endfacet
  facet normal 1 -0 0
    outer loop
      vertex 163.252 -0.799999 110.456
      vertex 163.252 0 97.8763
      vertex 163.252 0 110.456
    endloop
  endfacet
  facet normal 1 0 0
    outer loop
      vertex 163.252 0 97.8763
      vertex 163.252 -0.799999 110.456
      vertex 163.252 -0.799999 97.8763
    endloop
  endfacet
  facet normal -0 0 1
    outer loop
      vertex 160.338 0 110.456
      vertex 163.252 -0.799999 110.456
      vertex 163.252 0 110.456
    endloop
  endfacet
  facet normal 0 0 1
    outer loop
      vertex 163.252 -0.799999 110.456
      vertex 160.338 0 110.456
      vertex 160.338 -0.799999 110.456
    endloop
  endfacet
  facet normal -1 0 0
    outer loop
      vertex 160.338 -0.799999 105.679
      vertex 160.338 0 110.456
      vertex 160.338 0 105.679
    endloop
  endfacet
  facet normal -1 -0 0
    outer loop
      vertex 160.338 0 110.456
      vertex 160.338 -0.799999 105.679
      vertex 160.338 -0.799999 110.456
    endloop
  endfacet
  facet normal -0.316228 0 -0.948683
    outer loop
      vertex 158.842 -0.799999 105.068
      vertex 159.229 0 104.939
      vertex 159.229 -0.799999 104.939
    endloop
  endfacet
  facet normal -0.316228 0 -0.948683
    outer loop
      vertex 159.229 0 104.939
      vertex 158.842 -0.799999 105.068
      vertex 158.842 0 105.068
    endloop
  endfacet
  facet normal -0.543566 0 -0.839367
    outer loop
      vertex 159.229 -0.799999 104.939
      vertex 159.561 0 104.724
      vertex 159.561 -0.799999 104.724
    endloop
  endfacet
  facet normal -0.543566 0 -0.839367
    outer loop
      vertex 159.561 0 104.724
      vertex 159.229 -0.799999 104.939
      vertex 159.229 0 104.939
    endloop
  endfacet
  facet normal -0.735834 0 -0.677162
    outer loop
      vertex 159.838 -0.799999 104.423
      vertex 159.561 0 104.724
      vertex 159.838 0 104.423
    endloop
  endfacet
  facet normal -0.735834 -0 -0.677162
    outer loop
      vertex 159.561 0 104.724
      vertex 159.838 -0.799999 104.423
      vertex 159.561 -0.799999 104.724
    endloop
  endfacet
  facet normal -0.86698 0 -0.498343
    outer loop
      vertex 160.057 -0.799999 104.042
      vertex 159.838 0 104.423
      vertex 160.057 0 104.042
    endloop
  endfacet
  facet normal -0.86698 -0 -0.498343
    outer loop
      vertex 159.838 0 104.423
      vertex 160.057 -0.799999 104.042
      vertex 159.838 -0.799999 104.423
    endloop
  endfacet
  facet normal -0.946596 0 -0.322421
    outer loop
      vertex 160.213 -0.799999 103.584
      vertex 160.057 0 104.042
      vertex 160.213 0 103.584
    endloop
  endfacet
  facet normal -0.946596 -0 -0.322421
    outer loop
      vertex 160.057 0 104.042
      vertex 160.213 -0.799999 103.584
      vertex 160.057 -0.799999 104.042
    endloop
  endfacet
  facet normal -0.984802 0 -0.17368
    outer loop
      vertex 160.307 -0.799999 103.051
      vertex 160.213 0 103.584
      vertex 160.307 0 103.051
    endloop
  endfacet
  facet normal -0.984802 -0 -0.17368
    outer loop
      vertex 160.213 0 103.584
      vertex 160.307 -0.799999 103.051
      vertex 160.213 -0.799999 103.584
    endloop
  endfacet
  facet normal -0.998707 0 -0.0508373
    outer loop
      vertex 160.338 -0.799999 102.442
      vertex 160.307 0 103.051
      vertex 160.338 0 102.442
    endloop
  endfacet
  facet normal -0.998707 -0 -0.0508373
    outer loop
      vertex 160.307 0 103.051
      vertex 160.338 -0.799999 102.442
      vertex 160.307 -0.799999 103.051
    endloop
  endfacet
  facet normal -0.998707 0 0.0508373
    outer loop
      vertex 160.307 -0.799999 101.833
      vertex 160.338 0 102.442
      vertex 160.307 0 101.833
    endloop
  endfacet
  facet normal -0.998707 0 0.0508373
    outer loop
      vertex 160.338 0 102.442
      vertex 160.307 -0.799999 101.833
      vertex 160.338 -0.799999 102.442
    endloop
  endfacet
  facet normal -0.984802 0 0.17368
    outer loop
      vertex 160.213 -0.799999 101.3
      vertex 160.307 0 101.833
      vertex 160.213 0 101.3
    endloop
  endfacet
  facet normal -0.984802 0 0.17368
    outer loop
      vertex 160.307 0 101.833
      vertex 160.213 -0.799999 101.3
      vertex 160.307 -0.799999 101.833
    endloop
  endfacet
  facet normal -0.946381 0 0.323053
    outer loop
      vertex 160.057 -0.799999 100.843
      vertex 160.213 0 101.3
      vertex 160.057 0 100.843
    endloop
  endfacet
  facet normal -0.946381 0 0.323053
    outer loop
      vertex 160.213 0 101.3
      vertex 160.057 -0.799999 100.843
      vertex 160.213 -0.799999 101.3
    endloop
  endfacet
  facet normal -0.867543 0 0.497361
    outer loop
      vertex 159.838 -0.799999 100.461
      vertex 160.057 0 100.843
      vertex 159.838 0 100.461
    endloop
  endfacet
  facet normal -0.867543 0 0.497361
    outer loop
      vertex 160.057 0 100.843
      vertex 159.838 -0.799999 100.461
      vertex 160.057 -0.799999 100.843
    endloop
  endfacet
  facet normal -0.735834 0 0.677162
    outer loop
      vertex 159.561 -0.799999 100.16
      vertex 159.838 0 100.461
      vertex 159.561 0 100.16
    endloop
  endfacet
  facet normal -0.735834 0 0.677162
    outer loop
      vertex 159.838 0 100.461
      vertex 159.561 -0.799999 100.16
      vertex 159.838 -0.799999 100.461
    endloop
  endfacet
  facet normal -0.543209 0 0.839597
    outer loop
      vertex 159.229 0 99.9452
      vertex 159.561 -0.799999 100.16
      vertex 159.561 0 100.16
    endloop
  endfacet
  facet normal -0.543209 0 0.839597
    outer loop
      vertex 159.561 -0.799999 100.16
      vertex 159.229 0 99.9452
      vertex 159.229 -0.799999 99.9452
    endloop
  endfacet
  facet normal -0.316007 0 0.948757
    outer loop
      vertex 158.842 0 99.8163
      vertex 159.229 -0.799999 99.9452
      vertex 159.229 0 99.9452
    endloop
  endfacet
  facet normal -0.316007 0 0.948757
    outer loop
      vertex 159.229 -0.799999 99.9452
      vertex 158.842 0 99.8163
      vertex 158.842 -0.799999 99.8163
    endloop
  endfacet
  facet normal -0.0972639 0 0.995259
    outer loop
      vertex 158.402 0 99.7733
      vertex 158.842 -0.799999 99.8163
      vertex 158.842 0 99.8163
    endloop
  endfacet
  facet normal -0.0972639 0 0.995259
    outer loop
      vertex 158.842 -0.799999 99.8163
      vertex 158.402 0 99.7733
      vertex 158.402 -0.799999 99.7733
    endloop
  endfacet
  facet normal 0.0965917 0 0.995324
    outer loop
      vertex 157.962 0 99.816
      vertex 158.402 -0.799999 99.7733
      vertex 158.402 0 99.7733
    endloop
  endfacet
  facet normal 0.0965917 0 0.995324
    outer loop
      vertex 158.402 -0.799999 99.7733
      vertex 157.962 0 99.816
      vertex 157.962 -0.799999 99.816
    endloop
  endfacet
  facet normal 0.315932 0 0.948782
    outer loop
      vertex 157.577 0 99.9442
      vertex 157.962 -0.799999 99.816
      vertex 157.962 0 99.816
    endloop
  endfacet
  facet normal 0.315932 0 0.948782
    outer loop
      vertex 157.962 -0.799999 99.816
      vertex 157.577 0 99.9442
      vertex 157.577 -0.799999 99.9442
    endloop
  endfacet
  facet normal 0.543736 0 0.839256
    outer loop
      vertex 157.247 0 100.158
      vertex 157.577 -0.799999 99.9442
      vertex 157.577 0 99.9442
    endloop
  endfacet
  facet normal 0.543736 0 0.839256
    outer loop
      vertex 157.577 -0.799999 99.9442
      vertex 157.247 0 100.158
      vertex 157.247 -0.799999 100.158
    endloop
  endfacet
  facet normal 0.738485 -0 0.674269
    outer loop
      vertex 156.974 -0.799999 100.457
      vertex 157.247 0 100.158
      vertex 156.974 0 100.457
    endloop
  endfacet
  facet normal 0.738485 0 0.674269
    outer loop
      vertex 157.247 0 100.158
      vertex 156.974 -0.799999 100.457
      vertex 157.247 -0.799999 100.158
    endloop
  endfacet
  facet normal 0.869367 -0 0.494167
    outer loop
      vertex 156.758 -0.799999 100.837
      vertex 156.974 0 100.457
      vertex 156.758 0 100.837
    endloop
  endfacet
  facet normal 0.869367 0 0.494167
    outer loop
      vertex 156.974 0 100.457
      vertex 156.758 -0.799999 100.837
      vertex 156.974 -0.799999 100.457
    endloop
  endfacet
  facet normal 0.947852 -0 0.31871
    outer loop
      vertex 156.604 -0.799999 101.295
      vertex 156.758 0 100.837
      vertex 156.604 0 101.295
    endloop
  endfacet
  facet normal 0.947852 0 0.31871
    outer loop
      vertex 156.758 0 100.837
      vertex 156.604 -0.799999 101.295
      vertex 156.758 -0.799999 100.837
    endloop
  endfacet
  facet normal 0.985534 -0 0.169475
    outer loop
      vertex 156.512 -0.799999 101.83
      vertex 156.604 0 101.295
      vertex 156.512 0 101.83
    endloop
  endfacet
  facet normal 0.985534 0 0.169475
    outer loop
      vertex 156.604 0 101.295
      vertex 156.512 -0.799999 101.83
      vertex 156.604 -0.799999 101.295
    endloop
  endfacet
  facet normal 0.99872 -0 0.0505887
    outer loop
      vertex 156.481 -0.799999 102.442
      vertex 156.512 0 101.83
      vertex 156.481 0 102.442
    endloop
  endfacet
  facet normal 0.99872 0 0.0505887
    outer loop
      vertex 156.512 0 101.83
      vertex 156.481 -0.799999 102.442
      vertex 156.512 -0.799999 101.83
    endloop
  endfacet
  facet normal 0.99872 0 -0.0505887
    outer loop
      vertex 156.512 -0.799999 103.054
      vertex 156.481 0 102.442
      vertex 156.512 0 103.054
    endloop
  endfacet
  facet normal 0.99872 0 -0.0505887
    outer loop
      vertex 156.481 0 102.442
      vertex 156.512 -0.799999 103.054
      vertex 156.481 -0.799999 102.442
    endloop
  endfacet
  facet normal 0.985534 0 -0.169475
    outer loop
      vertex 156.604 -0.799999 103.589
      vertex 156.512 0 103.054
      vertex 156.604 0 103.589
    endloop
  endfacet
  facet normal 0.985534 0 -0.169475
    outer loop
      vertex 156.512 0 103.054
      vertex 156.604 -0.799999 103.589
      vertex 156.512 -0.799999 103.054
    endloop
  endfacet
  facet normal 0.947852 0 -0.31871
    outer loop
      vertex 156.758 -0.799999 104.047
      vertex 156.604 0 103.589
      vertex 156.758 0 104.047
    endloop
  endfacet
  facet normal 0.947852 0 -0.31871
    outer loop
      vertex 156.604 0 103.589
      vertex 156.758 -0.799999 104.047
      vertex 156.604 -0.799999 103.589
    endloop
  endfacet
  facet normal 0.869367 0 -0.494167
    outer loop
      vertex 156.974 -0.799999 104.427
      vertex 156.758 0 104.047
      vertex 156.974 0 104.427
    endloop
  endfacet
  facet normal 0.869367 0 -0.494167
    outer loop
      vertex 156.758 0 104.047
      vertex 156.974 -0.799999 104.427
      vertex 156.758 -0.799999 104.047
    endloop
  endfacet
  facet normal 0.738485 0 -0.674269
    outer loop
      vertex 157.247 -0.799999 104.726
      vertex 156.974 0 104.427
      vertex 157.247 0 104.726
    endloop
  endfacet
  facet normal 0.738485 0 -0.674269
    outer loop
      vertex 156.974 0 104.427
      vertex 157.247 -0.799999 104.726
      vertex 156.974 -0.799999 104.427
    endloop
  endfacet
  facet normal 0.544094 0 -0.839024
    outer loop
      vertex 157.247 -0.799999 104.726
      vertex 157.577 0 104.94
      vertex 157.577 -0.799999 104.94
    endloop
  endfacet
  facet normal 0.544094 0 -0.839024
    outer loop
      vertex 157.577 0 104.94
      vertex 157.247 -0.799999 104.726
      vertex 157.247 0 104.726
    endloop
  endfacet
  facet normal 0.315488 0 -0.948929
    outer loop
      vertex 157.577 -0.799999 104.94
      vertex 157.962 0 105.068
      vertex 157.962 -0.799999 105.068
    endloop
  endfacet
  facet normal 0.315488 0 -0.948929
    outer loop
      vertex 157.962 0 105.068
      vertex 157.577 -0.799999 104.94
      vertex 157.577 0 104.94
    endloop
  endfacet
  facet normal 0.0972639 0 -0.995259
    outer loop
      vertex 157.962 -0.799999 105.068
      vertex 158.402 0 105.111
      vertex 158.402 -0.799999 105.111
    endloop
  endfacet
  facet normal 0.0972639 0 -0.995259
    outer loop
      vertex 158.402 0 105.111
      vertex 157.962 -0.799999 105.068
      vertex 157.962 0 105.068
    endloop
  endfacet
  facet normal -0.0972639 0 -0.995259
    outer loop
      vertex 158.402 -0.799999 105.111
      vertex 158.842 0 105.068
      vertex 158.842 -0.799999 105.068
    endloop
  endfacet
  facet normal -0.0972639 0 -0.995259
    outer loop
      vertex 158.842 0 105.068
      vertex 158.402 -0.799999 105.111
      vertex 158.402 0 105.111
    endloop
  endfacet
  facet normal -0.235317 0 0.971919
    outer loop
      vertex 145.169 0 106.913
      vertex 146.152 -0.799999 107.151
      vertex 146.152 0 107.151
    endloop
  endfacet
  facet normal -0.235317 0 0.971919
    outer loop
      vertex 146.152 -0.799999 107.151
      vertex 145.169 0 106.913
      vertex 145.169 -0.799999 106.913
    endloop
  endfacet
  facet normal -0.420674 0 0.907212
    outer loop
      vertex 144.315 0 106.517
      vertex 145.169 -0.799999 106.913
      vertex 145.169 0 106.913
    endloop
  endfacet
  facet normal -0.420674 0 0.907212
    outer loop
      vertex 145.169 -0.799999 106.913
      vertex 144.315 0 106.517
      vertex 144.315 -0.799999 106.517
    endloop
  endfacet
  facet normal -0.608546 0 0.793518
    outer loop
      vertex 143.59 0 105.961
      vertex 144.315 -0.799999 106.517
      vertex 144.315 0 106.517
    endloop
  endfacet
  facet normal -0.608546 0 0.793518
    outer loop
      vertex 144.315 -0.799999 106.517
      vertex 143.59 0 105.961
      vertex 143.59 -0.799999 105.961
    endloop
  endfacet
  facet normal -0.768764 0 0.639532
    outer loop
      vertex 143.011 -0.799999 105.265
      vertex 143.59 0 105.961
      vertex 143.011 0 105.265
    endloop
  endfacet
  facet normal -0.768764 0 0.639532
    outer loop
      vertex 143.59 0 105.961
      vertex 143.011 -0.799999 105.265
      vertex 143.59 -0.799999 105.961
    endloop
  endfacet
  facet normal -0.892452 0 0.451142
    outer loop
      vertex 142.598 -0.799999 104.448
      vertex 143.011 0 105.265
      vertex 142.598 0 104.448
    endloop
  endfacet
  facet normal -0.892452 0 0.451142
    outer loop
      vertex 143.011 0 105.265
      vertex 142.598 -0.799999 104.448
      vertex 143.011 -0.799999 105.265
    endloop
  endfacet
  facet normal -0.966914 0 0.255101
    outer loop
      vertex 142.35 -0.799999 103.508
      vertex 142.598 0 104.448
      vertex 142.35 0 103.508
    endloop
  endfacet
  facet normal -0.966914 0 0.255101
    outer loop
      vertex 142.598 0 104.448
      vertex 142.35 -0.799999 103.508
      vertex 142.598 -0.799999 104.448
    endloop
  endfacet
  facet normal -0.99696 0 0.0779168
    outer loop
      vertex 142.267 -0.799999 102.446
      vertex 142.35 0 103.508
      vertex 142.267 0 102.446
    endloop
  endfacet
  facet normal -0.99696 0 0.0779168
    outer loop
      vertex 142.35 0 103.508
      vertex 142.267 -0.799999 102.446
      vertex 142.35 -0.799999 103.508
    endloop
  endfacet
  facet normal -0.99696 0 -0.0779168
    outer loop
      vertex 142.35 -0.799999 101.384
      vertex 142.267 0 102.446
      vertex 142.35 0 101.384
    endloop
  endfacet
  facet normal -0.99696 -0 -0.0779168
    outer loop
      vertex 142.267 0 102.446
      vertex 142.35 -0.799999 101.384
      vertex 142.267 -0.799999 102.446
    endloop
  endfacet
  facet normal -0.966914 0 -0.255101
    outer loop
      vertex 142.598 -0.799999 100.444
      vertex 142.35 0 101.384
      vertex 142.598 0 100.444
    endloop
  endfacet
  facet normal -0.966914 -0 -0.255101
    outer loop
      vertex 142.35 0 101.384
      vertex 142.598 -0.799999 100.444
      vertex 142.35 -0.799999 101.384
    endloop
  endfacet
  facet normal -0.892563 0 -0.450922
    outer loop
      vertex 143.011 -0.799999 99.6265
      vertex 142.598 0 100.444
      vertex 143.011 0 99.6265
    endloop
  endfacet
  facet normal -0.892563 -0 -0.450922
    outer loop
      vertex 142.598 0 100.444
      vertex 143.011 -0.799999 99.6265
      vertex 142.598 -0.799999 100.444
    endloop
  endfacet
  facet normal -0.768629 0 -0.639695
    outer loop
      vertex 143.59 -0.799999 98.9308
      vertex 143.011 0 99.6265
      vertex 143.59 0 98.9308
    endloop
  endfacet
  facet normal -0.768629 -0 -0.639695
    outer loop
      vertex 143.011 0 99.6265
      vertex 143.59 -0.799999 98.9308
      vertex 143.011 -0.799999 99.6265
    endloop
  endfacet
  facet normal -0.608133 0 -0.793835
    outer loop
      vertex 143.59 -0.799999 98.9308
      vertex 144.315 0 98.3754
      vertex 144.315 -0.799999 98.3754
    endloop
  endfacet
  facet normal -0.608133 0 -0.793835
    outer loop
      vertex 144.315 0 98.3754
      vertex 143.59 -0.799999 98.9308
      vertex 143.59 0 98.9308
    endloop
  endfacet
  facet normal -0.421286 0 -0.906928
    outer loop
      vertex 144.315 -0.799999 98.3754
      vertex 145.169 0 97.9787
      vertex 145.169 -0.799999 97.9787
    endloop
  endfacet
  facet normal -0.421286 0 -0.906928
    outer loop
      vertex 145.169 0 97.9787
      vertex 144.315 -0.799999 98.3754
      vertex 144.315 0 98.3754
    endloop
  endfacet
  facet normal -0.23541 0 -0.971896
    outer loop
      vertex 145.169 -0.799999 97.9787
      vertex 146.152 0 97.7406
      vertex 146.152 -0.799999 97.7406
    endloop
  endfacet
  facet normal -0.23541 0 -0.971896
    outer loop
      vertex 146.152 0 97.7406
      vertex 145.169 -0.799999 97.9787
      vertex 145.169 0 97.9787
    endloop
  endfacet
  facet normal -0.0711323 0 -0.997467
    outer loop
      vertex 146.152 -0.799999 97.7406
      vertex 147.264 0 97.6613
      vertex 147.264 -0.799999 97.6613
    endloop
  endfacet
  facet normal -0.0711323 0 -0.997467
    outer loop
      vertex 147.264 0 97.6613
      vertex 146.152 -0.799999 97.7406
      vertex 146.152 0 97.7406
    endloop
  endfacet
  facet normal 0.0709419 0 -0.99748
    outer loop
      vertex 147.264 -0.799999 97.6613
      vertex 148.379 0 97.7406
      vertex 148.379 -0.799999 97.7406
    endloop
  endfacet
  facet normal 0.0709419 0 -0.99748
    outer loop
      vertex 148.379 0 97.7406
      vertex 147.264 -0.799999 97.6613
      vertex 147.264 0 97.6613
    endloop
  endfacet
  facet normal 0.234509 0 -0.972114
    outer loop
      vertex 148.379 -0.799999 97.7406
      vertex 149.366 0 97.9787
      vertex 149.366 -0.799999 97.9787
    endloop
  endfacet
  facet normal 0.234509 0 -0.972114
    outer loop
      vertex 149.366 0 97.9787
      vertex 148.379 -0.799999 97.7406
      vertex 148.379 0 97.7406
    endloop
  endfacet
  facet normal 0.419669 0 -0.907677
    outer loop
      vertex 149.366 -0.799999 97.9787
      vertex 150.224 0 98.3754
      vertex 150.224 -0.799999 98.3754
    endloop
  endfacet
  facet normal 0.419669 0 -0.907677
    outer loop
      vertex 150.224 0 98.3754
      vertex 149.366 -0.799999 97.9787
      vertex 149.366 0 97.9787
    endloop
  endfacet
  facet normal 0.605498 0 -0.795847
    outer loop
      vertex 150.224 -0.799999 98.3754
      vertex 150.954 0 98.9308
      vertex 150.954 -0.799999 98.9308
    endloop
  endfacet
  facet normal 0.605498 0 -0.795847
    outer loop
      vertex 150.954 0 98.9308
      vertex 150.224 -0.799999 98.3754
      vertex 150.224 0 98.3754
    endloop
  endfacet
  facet normal 0.767 0 -0.641647
    outer loop
      vertex 151.536 -0.799999 99.6265
      vertex 150.954 0 98.9308
      vertex 151.536 0 99.6265
    endloop
  endfacet
  facet normal 0.767 0 -0.641647
    outer loop
      vertex 150.954 0 98.9308
      vertex 151.536 -0.799999 99.6265
      vertex 150.954 -0.799999 98.9308
    endloop
  endfacet
  facet normal 0.891243 0 -0.453526
    outer loop
      vertex 151.952 -0.799999 100.444
      vertex 151.536 0 99.6265
      vertex 151.952 0 100.444
    endloop
  endfacet
  facet normal 0.891243 0 -0.453526
    outer loop
      vertex 151.536 0 99.6265
      vertex 151.952 -0.799999 100.444
      vertex 151.536 -0.799999 99.6265
    endloop
  endfacet
  facet normal 0.96666 0 -0.256062
    outer loop
      vertex 152.201 -0.799999 101.384
      vertex 151.952 0 100.444
      vertex 152.201 0 101.384
    endloop
  endfacet
  facet normal 0.96666 0 -0.256062
    outer loop
      vertex 151.952 0 100.444
      vertex 152.201 -0.799999 101.384
      vertex 151.952 -0.799999 100.444
    endloop
  endfacet
  facet normal 0.99696 0 -0.0779168
    outer loop
      vertex 152.284 -0.799999 102.446
      vertex 152.201 0 101.384
      vertex 152.284 0 102.446
    endloop
  endfacet
  facet normal 0.99696 0 -0.0779168
    outer loop
      vertex 152.201 0 101.384
      vertex 152.284 -0.799999 102.446
      vertex 152.201 -0.799999 101.384
    endloop
  endfacet
  facet normal 0.99696 -0 0.0779168
    outer loop
      vertex 152.201 -0.799999 103.508
      vertex 152.284 0 102.446
      vertex 152.201 0 103.508
    endloop
  endfacet
  facet normal 0.99696 0 0.0779168
    outer loop
      vertex 152.284 0 102.446
      vertex 152.201 -0.799999 103.508
      vertex 152.284 -0.799999 102.446
    endloop
  endfacet
  facet normal 0.96666 -0 0.256062
    outer loop
      vertex 151.952 -0.799999 104.448
      vertex 152.201 0 103.508
      vertex 151.952 0 104.448
    endloop
  endfacet
  facet normal 0.96666 0 0.256062
    outer loop
      vertex 152.201 0 103.508
      vertex 151.952 -0.799999 104.448
      vertex 152.201 -0.799999 103.508
    endloop
  endfacet
  facet normal 0.891131 -0 0.453746
    outer loop
      vertex 151.536 -0.799999 105.265
      vertex 151.952 0 104.448
      vertex 151.536 0 105.265
    endloop
  endfacet
  facet normal 0.891131 0 0.453746
    outer loop
      vertex 151.952 0 104.448
      vertex 151.536 -0.799999 105.265
      vertex 151.952 -0.799999 104.448
    endloop
  endfacet
  facet normal 0.767136 -0 0.641484
    outer loop
      vertex 150.954 -0.799999 105.961
      vertex 151.536 0 105.265
      vertex 150.954 0 105.961
    endloop
  endfacet
  facet normal 0.767136 0 0.641484
    outer loop
      vertex 151.536 0 105.265
      vertex 150.954 -0.799999 105.961
      vertex 151.536 -0.799999 105.265
    endloop
  endfacet
  facet normal 0.605912 0 0.795532
    outer loop
      vertex 150.224 0 106.517
      vertex 150.954 -0.799999 105.961
      vertex 150.954 0 105.961
    endloop
  endfacet
  facet normal 0.605912 0 0.795532
    outer loop
      vertex 150.954 -0.799999 105.961
      vertex 150.224 0 106.517
      vertex 150.224 -0.799999 106.517
    endloop
  endfacet
  facet normal 0.419058 0 0.907959
    outer loop
      vertex 149.366 0 106.913
      vertex 150.224 -0.799999 106.517
      vertex 150.224 0 106.517
    endloop
  endfacet
  facet normal 0.419058 0 0.907959
    outer loop
      vertex 150.224 -0.799999 106.517
      vertex 149.366 0 106.913
      vertex 149.366 -0.799999 106.913
    endloop
  endfacet
  facet normal 0.234416 0 0.972136
    outer loop
      vertex 148.379 0 107.151
      vertex 149.366 -0.799999 106.913
      vertex 149.366 0 106.913
    endloop
  endfacet
  facet normal 0.234416 0 0.972136
    outer loop
      vertex 149.366 -0.799999 106.913
      vertex 148.379 0 107.151
      vertex 148.379 -0.799999 107.151
    endloop
  endfacet
  facet normal 0.0715649 0 0.997436
    outer loop
      vertex 147.264 0 107.231
      vertex 148.379 -0.799999 107.151
      vertex 148.379 0 107.151
    endloop
  endfacet
  facet normal 0.0715649 0 0.997436
    outer loop
      vertex 148.379 -0.799999 107.151
      vertex 147.264 0 107.231
      vertex 147.264 -0.799999 107.231
    endloop
  endfacet
  facet normal -0.071757 0 0.997422
    outer loop
      vertex 146.152 0 107.151
      vertex 147.264 -0.799999 107.231
      vertex 147.264 0 107.231
    endloop
  endfacet
  facet normal -0.071757 0 0.997422
    outer loop
      vertex 147.264 -0.799999 107.231
      vertex 146.152 0 107.151
      vertex 146.152 -0.799999 107.151
    endloop
  endfacet
  facet normal -0.312646 0 -0.94987
    outer loop
      vertex 147.719 -0.799999 105.106
      vertex 148.117 0 104.975
      vertex 148.117 -0.799999 104.975
    endloop
  endfacet
  facet normal -0.312646 0 -0.94987
    outer loop
      vertex 148.117 0 104.975
      vertex 147.719 -0.799999 105.106
      vertex 147.719 0 105.106
    endloop
  endfacet
  facet normal -0.537998 0 -0.842946
    outer loop
      vertex 148.117 -0.799999 104.975
      vertex 148.457 0 104.758
      vertex 148.457 -0.799999 104.758
    endloop
  endfacet
  facet normal -0.537998 0 -0.842946
    outer loop
      vertex 148.457 0 104.758
      vertex 148.117 -0.799999 104.975
      vertex 148.117 0 104.975
    endloop
  endfacet
  facet normal -0.731853 0 -0.681463
    outer loop
      vertex 148.741 -0.799999 104.453
      vertex 148.457 0 104.758
      vertex 148.741 0 104.453
    endloop
  endfacet
  facet normal -0.731853 -0 -0.681463
    outer loop
      vertex 148.457 0 104.758
      vertex 148.741 -0.799999 104.453
      vertex 148.457 -0.799999 104.758
    endloop
  endfacet
  facet normal -0.866858 0 -0.498556
    outer loop
      vertex 148.963 -0.799999 104.067
      vertex 148.741 0 104.453
      vertex 148.963 0 104.067
    endloop
  endfacet
  facet normal -0.866858 -0 -0.498556
    outer loop
      vertex 148.741 0 104.453
      vertex 148.963 -0.799999 104.067
      vertex 148.741 -0.799999 104.453
    endloop
  endfacet
  facet normal -0.946 0 -0.324168
    outer loop
      vertex 149.122 -0.799999 103.603
      vertex 148.963 0 104.067
      vertex 149.122 0 103.603
    endloop
  endfacet
  facet normal -0.946 -0 -0.324168
    outer loop
      vertex 148.963 0 104.067
      vertex 149.122 -0.799999 103.603
      vertex 148.963 -0.799999 104.067
    endloop
  endfacet
  facet normal -0.984875 0 -0.173265
    outer loop
      vertex 149.217 -0.799999 103.063
      vertex 149.122 0 103.603
      vertex 149.217 0 103.063
    endloop
  endfacet
  facet normal -0.984875 -0 -0.173265
    outer loop
      vertex 149.122 0 103.603
      vertex 149.217 -0.799999 103.063
      vertex 149.122 -0.799999 103.603
    endloop
  endfacet
  facet normal -0.998658 0 -0.0517942
    outer loop
      vertex 149.249 -0.799999 102.446
      vertex 149.217 0 103.063
      vertex 149.249 0 102.446
    endloop
  endfacet
  facet normal -0.998658 -0 -0.0517942
    outer loop
      vertex 149.217 0 103.063
      vertex 149.249 -0.799999 102.446
      vertex 149.217 -0.799999 103.063
    endloop
  endfacet
  facet normal -0.998658 0 0.0517942
    outer loop
      vertex 149.217 -0.799999 101.829
      vertex 149.249 0 102.446
      vertex 149.217 0 101.829
    endloop
  endfacet
  facet normal -0.998658 0 0.0517942
    outer loop
      vertex 149.249 0 102.446
      vertex 149.217 -0.799999 101.829
      vertex 149.249 -0.799999 102.446
    endloop
  endfacet
  facet normal -0.984875 0 0.173265
    outer loop
      vertex 149.122 -0.799999 101.289
      vertex 149.217 0 101.829
      vertex 149.122 0 101.289
    endloop
  endfacet
  facet normal -0.984875 0 0.173265
    outer loop
      vertex 149.217 0 101.829
      vertex 149.122 -0.799999 101.289
      vertex 149.217 -0.799999 101.829
    endloop
  endfacet
  facet normal -0.946 0 0.324168
    outer loop
      vertex 148.963 -0.799999 100.825
      vertex 149.122 0 101.289
      vertex 148.963 0 100.825
    endloop
  endfacet
  facet normal -0.946 0 0.324168
    outer loop
      vertex 149.122 0 101.289
      vertex 148.963 -0.799999 100.825
      vertex 149.122 -0.799999 101.289
    endloop
  endfacet
  facet normal -0.866858 0 0.498556
    outer loop
      vertex 148.741 -0.799999 100.439
      vertex 148.963 0 100.825
      vertex 148.741 0 100.439
    endloop
  endfacet
  facet normal -0.866858 0 0.498556
    outer loop
      vertex 148.963 0 100.825
      vertex 148.741 -0.799999 100.439
      vertex 148.963 -0.799999 100.825
    endloop
  endfacet
  facet normal -0.731853 0 0.681463
    outer loop
      vertex 148.457 -0.799999 100.134
      vertex 148.741 0 100.439
      vertex 148.457 0 100.134
    endloop
  endfacet
  facet normal -0.731853 0 0.681463
    outer loop
      vertex 148.741 0 100.439
      vertex 148.457 -0.799999 100.134
      vertex 148.741 -0.799999 100.439
    endloop
  endfacet
  facet normal -0.538702 0 0.842496
    outer loop
      vertex 148.117 0 99.9166
      vertex 148.457 -0.799999 100.134
      vertex 148.457 0 100.134
    endloop
  endfacet
  facet normal -0.538702 0 0.842496
    outer loop
      vertex 148.457 -0.799999 100.134
      vertex 148.117 0 99.9166
      vertex 148.117 -0.799999 99.9166
    endloop
  endfacet
  facet normal -0.311568 0 0.950224
    outer loop
      vertex 147.719 0 99.7861
      vertex 148.117 -0.799999 99.9166
      vertex 148.117 0 99.9166
    endloop
  endfacet
  facet normal -0.311568 0 0.950224
    outer loop
      vertex 148.117 -0.799999 99.9166
      vertex 147.719 0 99.7861
      vertex 147.719 -0.799999 99.7861
    endloop
  endfacet
  facet normal -0.0951704 0 0.995461
    outer loop
      vertex 147.264 0 99.7426
      vertex 147.719 -0.799999 99.7861
      vertex 147.719 0 99.7861
    endloop
  endfacet
  facet normal -0.0951704 0 0.995461
    outer loop
      vertex 147.719 -0.799999 99.7861
      vertex 147.264 0 99.7426
      vertex 147.264 -0.799999 99.7426
    endloop
  endfacet
  facet normal 0.0966437 0 0.995319
    outer loop
      vertex 146.816 0 99.7861
      vertex 147.264 -0.799999 99.7426
      vertex 147.264 0 99.7426
    endloop
  endfacet
  facet normal 0.0966437 0 0.995319
    outer loop
      vertex 147.264 -0.799999 99.7426
      vertex 146.816 0 99.7861
      vertex 146.816 -0.799999 99.7861
    endloop
  endfacet
  facet normal 0.315141 0 0.949045
    outer loop
      vertex 146.423 0 99.9166
      vertex 146.816 -0.799999 99.7861
      vertex 146.816 0 99.7861
    endloop
  endfacet
  facet normal 0.315141 0 0.949045
    outer loop
      vertex 146.816 -0.799999 99.7861
      vertex 146.423 0 99.9166
      vertex 146.423 -0.799999 99.9166
    endloop
  endfacet
  facet normal 0.543231 0 0.839584
    outer loop
      vertex 146.087 0 100.134
      vertex 146.423 -0.799999 99.9166
      vertex 146.423 0 99.9166
    endloop
  endfacet
  facet normal 0.543231 0 0.839584
    outer loop
      vertex 146.423 -0.799999 99.9166
      vertex 146.087 0 100.134
      vertex 146.087 -0.799999 100.134
    endloop
  endfacet
  facet normal 0.736653 -0 0.676271
    outer loop
      vertex 145.807 -0.799999 100.439
      vertex 146.087 0 100.134
      vertex 145.807 0 100.439
    endloop
  endfacet
  facet normal 0.736653 0 0.676271
    outer loop
      vertex 146.087 0 100.134
      vertex 145.807 -0.799999 100.439
      vertex 146.087 -0.799999 100.134
    endloop
  endfacet
  facet normal 0.867828 -0 0.496865
    outer loop
      vertex 145.586 -0.799999 100.825
      vertex 145.807 0 100.439
      vertex 145.586 0 100.825
    endloop
  endfacet
  facet normal 0.867828 0 0.496865
    outer loop
      vertex 145.807 0 100.439
      vertex 145.586 -0.799999 100.825
      vertex 145.807 -0.799999 100.439
    endloop
  endfacet
  facet normal 0.947245 -0 0.320512
    outer loop
      vertex 145.429 -0.799999 101.289
      vertex 145.586 0 100.825
      vertex 145.429 0 101.289
    endloop
  endfacet
  facet normal 0.947245 0 0.320512
    outer loop
      vertex 145.586 0 100.825
      vertex 145.429 -0.799999 101.289
      vertex 145.586 -0.799999 100.825
    endloop
  endfacet
  facet normal 0.984875 -0 0.173265
    outer loop
      vertex 145.334 -0.799999 101.829
      vertex 145.429 0 101.289
      vertex 145.334 0 101.829
    endloop
  endfacet
  facet normal 0.984875 0 0.173265
    outer loop
      vertex 145.429 0 101.289
      vertex 145.334 -0.799999 101.829
      vertex 145.429 -0.799999 101.289
    endloop
  endfacet
  facet normal 0.998658 -0 0.0517942
    outer loop
      vertex 145.302 -0.799999 102.446
      vertex 145.334 0 101.829
      vertex 145.302 0 102.446
    endloop
  endfacet
  facet normal 0.998658 0 0.0517942
    outer loop
      vertex 145.334 0 101.829
      vertex 145.302 -0.799999 102.446
      vertex 145.334 -0.799999 101.829
    endloop
  endfacet
  facet normal 0.998658 0 -0.0517942
    outer loop
      vertex 145.334 -0.799999 103.063
      vertex 145.302 0 102.446
      vertex 145.334 0 103.063
    endloop
  endfacet
  facet normal 0.998658 0 -0.0517942
    outer loop
      vertex 145.302 0 102.446
      vertex 145.334 -0.799999 103.063
      vertex 145.302 -0.799999 102.446
    endloop
  endfacet
  facet normal 0.984875 0 -0.173265
    outer loop
      vertex 145.429 -0.799999 103.603
      vertex 145.334 0 103.063
      vertex 145.429 0 103.603
    endloop
  endfacet
  facet normal 0.984875 0 -0.173265
    outer loop
      vertex 145.334 0 103.063
      vertex 145.429 -0.799999 103.603
      vertex 145.334 -0.799999 103.063
    endloop
  endfacet
  facet normal 0.947245 0 -0.320512
    outer loop
      vertex 145.586 -0.799999 104.067
      vertex 145.429 0 103.603
      vertex 145.586 0 104.067
    endloop
  endfacet
  facet normal 0.947245 0 -0.320512
    outer loop
      vertex 145.429 0 103.603
      vertex 145.586 -0.799999 104.067
      vertex 145.429 -0.799999 103.603
    endloop
  endfacet
  facet normal 0.867828 0 -0.496865
    outer loop
      vertex 145.807 -0.799999 104.453
      vertex 145.586 0 104.067
      vertex 145.807 0 104.453
    endloop
  endfacet
  facet normal 0.867828 0 -0.496865
    outer loop
      vertex 145.586 0 104.067
      vertex 145.807 -0.799999 104.453
      vertex 145.586 -0.799999 104.067
    endloop
  endfacet
  facet normal 0.736653 0 -0.676271
    outer loop
      vertex 146.087 -0.799999 104.758
      vertex 145.807 0 104.453
      vertex 146.087 0 104.758
    endloop
  endfacet
  facet normal 0.736653 0 -0.676271
    outer loop
      vertex 145.807 0 104.453
      vertex 146.087 -0.799999 104.758
      vertex 145.807 -0.799999 104.453
    endloop
  endfacet
  facet normal 0.542525 0 -0.840039
    outer loop
      vertex 146.087 -0.799999 104.758
      vertex 146.423 0 104.975
      vertex 146.423 -0.799999 104.975
    endloop
  endfacet
  facet normal 0.542525 0 -0.840039
    outer loop
      vertex 146.423 0 104.975
      vertex 146.087 -0.799999 104.758
      vertex 146.087 0 104.758
    endloop
  endfacet
  facet normal 0.316228 0 -0.948683
    outer loop
      vertex 146.423 -0.799999 104.975
      vertex 146.816 0 105.106
      vertex 146.816 -0.799999 105.106
    endloop
  endfacet
  facet normal 0.316228 0 -0.948683
    outer loop
      vertex 146.816 0 105.106
      vertex 146.423 -0.799999 104.975
      vertex 146.423 0 104.975
    endloop
  endfacet
  facet normal 0.0955431 0 -0.995425
    outer loop
      vertex 146.816 -0.799999 105.106
      vertex 147.264 0 105.149
      vertex 147.264 -0.799999 105.149
    endloop
  endfacet
  facet normal 0.0955431 0 -0.995425
    outer loop
      vertex 147.264 0 105.149
      vertex 146.816 -0.799999 105.106
      vertex 146.816 0 105.106
    endloop
  endfacet
  facet normal -0.0940863 0 -0.995564
    outer loop
      vertex 147.264 -0.799999 105.149
      vertex 147.719 0 105.106
      vertex 147.719 -0.799999 105.106
    endloop
  endfacet
  facet normal -0.0940863 0 -0.995564
    outer loop
      vertex 147.719 0 105.106
      vertex 147.264 -0.799999 105.149
      vertex 147.264 0 105.149
    endloop
  endfacet
  facet normal -0.168555 0 0.985692
    outer loop
      vertex 41.5539 0 107.136
      vertex 41.9691 -0.799999 107.207
      vertex 41.9691 0 107.207
    endloop
  endfacet
  facet normal -0.168555 0 0.985692
    outer loop
      vertex 41.9691 -0.799999 107.207
      vertex 41.5539 0 107.136
      vertex 41.5539 -0.799999 107.136
    endloop
  endfacet
  facet normal -0.28524 0 0.958456
    outer loop
      vertex 41.1574 0 107.018
      vertex 41.5539 -0.799999 107.136
      vertex 41.5539 0 107.136
    endloop
  endfacet
  facet normal -0.28524 0 0.958456
    outer loop
      vertex 41.5539 -0.799999 107.136
      vertex 41.1574 0 107.018
      vertex 41.1574 -0.799999 107.018
    endloop
  endfacet
  facet normal -0.400411 0 0.916335
    outer loop
      vertex 40.7798 0 106.853
      vertex 41.1574 -0.799999 107.018
      vertex 41.1574 0 107.018
    endloop
  endfacet
  facet normal -0.400411 0 0.916335
    outer loop
      vertex 41.1574 -0.799999 107.018
      vertex 40.7798 0 106.853
      vertex 40.7798 -0.799999 106.853
    endloop
  endfacet
  facet normal -0.509192 0 0.860653
    outer loop
      vertex 40.4164 0 106.638
      vertex 40.7798 -0.799999 106.853
      vertex 40.7798 0 106.853
    endloop
  endfacet
  facet normal -0.509192 0 0.860653
    outer loop
      vertex 40.7798 -0.799999 106.853
      vertex 40.4164 0 106.638
      vertex 40.4164 -0.799999 106.638
    endloop
  endfacet
  facet normal -0.602488 0 0.798128
    outer loop
      vertex 40.0627 0 106.371
      vertex 40.4164 -0.799999 106.638
      vertex 40.4164 0 106.638
    endloop
  endfacet
  facet normal -0.602488 0 0.798128
    outer loop
      vertex 40.4164 -0.799999 106.638
      vertex 40.0627 0 106.371
      vertex 40.0627 -0.799999 106.371
    endloop
  endfacet
  facet normal -0.680998 0 0.732285
    outer loop
      vertex 39.7186 0 106.051
      vertex 40.0627 -0.799999 106.371
      vertex 40.0627 0 106.371
    endloop
  endfacet
  facet normal -0.680998 0 0.732285
    outer loop
      vertex 40.0627 -0.799999 106.371
      vertex 39.7186 0 106.051
      vertex 39.7186 -0.799999 106.051
    endloop
  endfacet
  facet normal -0.743692 0 0.668523
    outer loop
      vertex 39.3842 -0.799999 105.679
      vertex 39.7186 0 106.051
      vertex 39.3842 0 105.679
    endloop
  endfacet
  facet normal -0.743692 0 0.668523
    outer loop
      vertex 39.7186 0 106.051
      vertex 39.3842 -0.799999 105.679
      vertex 39.7186 -0.799999 106.051
    endloop
  endfacet
  facet normal 1 -0 0
    outer loop
      vertex 39.3842 -0.799999 106.992
      vertex 39.3842 0 105.679
      vertex 39.3842 0 106.992
    endloop
  endfacet
  facet normal 1 0 0
    outer loop
      vertex 39.3842 0 105.679
      vertex 39.3842 -0.799999 106.992
      vertex 39.3842 -0.799999 105.679
    endloop
  endfacet
  facet normal -0 0 1
    outer loop
      vertex 36.471 0 106.992
      vertex 39.3842 -0.799999 106.992
      vertex 39.3842 0 106.992
    endloop
  endfacet
  facet normal 0 0 1
    outer loop
      vertex 39.3842 -0.799999 106.992
      vertex 36.471 0 106.992
      vertex 36.471 -0.799999 106.992
    endloop
  endfacet
  facet normal -1 0 0
    outer loop
      vertex 36.471 -0.799999 97.8763
      vertex 36.471 0 106.992
      vertex 36.471 0 97.8763
    endloop
  endfacet
  facet normal -1 -0 0
    outer loop
      vertex 36.471 0 106.992
      vertex 36.471 -0.799999 97.8763
      vertex 36.471 -0.799999 106.992
    endloop
  endfacet
  facet normal 0 0 -1
    outer loop
      vertex 36.471 -0.799999 97.8763
      vertex 39.3842 0 97.8763
      vertex 39.3842 -0.799999 97.8763
    endloop
  endfacet
  facet normal -0 0 -1
    outer loop
      vertex 39.3842 0 97.8763
      vertex 36.471 -0.799999 97.8763
      vertex 36.471 0 97.8763
    endloop
  endfacet
  facet normal 1 -0 0
    outer loop
      vertex 39.3842 -0.799999 102.38
      vertex 39.3842 0 97.8763
      vertex 39.3842 0 102.38
    endloop
  endfacet
  facet normal 1 0 0
    outer loop
      vertex 39.3842 0 97.8763
      vertex 39.3842 -0.799999 102.38
      vertex 39.3842 -0.799999 97.8763
    endloop
  endfacet
  facet normal 0.998472 0 -0.0552635
    outer loop
      vertex 39.4168 -0.799999 102.969
      vertex 39.3842 0 102.38
      vertex 39.4168 0 102.969
    endloop
  endfacet
  facet normal 0.998472 0 -0.0552635
    outer loop
      vertex 39.3842 0 102.38
      vertex 39.4168 -0.799999 102.969
      vertex 39.3842 -0.799999 102.38
    endloop
  endfacet
  facet normal 0.982838 0 -0.184471
    outer loop
      vertex 39.5144 -0.799999 103.489
      vertex 39.4168 0 102.969
      vertex 39.5144 0 103.489
    endloop
  endfacet
  facet normal 0.982838 0 -0.184471
    outer loop
      vertex 39.4168 0 102.969
      vertex 39.5144 -0.799999 103.489
      vertex 39.4168 -0.799999 102.969
    endloop
  endfacet
  facet normal 0.941073 0 -0.338204
    outer loop
      vertex 39.6772 -0.799999 103.942
      vertex 39.5144 0 103.489
      vertex 39.6772 0 103.942
    endloop
  endfacet
  facet normal 0.941073 0 -0.338204
    outer loop
      vertex 39.5144 0 103.489
      vertex 39.6772 -0.799999 103.942
      vertex 39.5144 -0.799999 103.489
    endloop
  endfacet
  facet normal 0.860051 0 -0.510208
    outer loop
      vertex 39.905 -0.799999 104.326
      vertex 39.6772 0 103.942
      vertex 39.905 0 104.326
    endloop
  endfacet
  facet normal 0.860051 0 -0.510208
    outer loop
      vertex 39.6772 0 103.942
      vertex 39.905 -0.799999 104.326
      vertex 39.6772 -0.799999 103.942
    endloop
  endfacet
  facet normal 0.732009 0 -0.681295
    outer loop
      vertex 40.1898 -0.799999 104.632
      vertex 39.905 0 104.326
      vertex 40.1898 0 104.632
    endloop
  endfacet
  facet normal 0.732009 0 -0.681295
    outer loop
      vertex 39.905 0 104.326
      vertex 40.1898 -0.799999 104.632
      vertex 39.905 -0.799999 104.326
    endloop
  endfacet
  facet normal 0.548673 0 -0.836037
    outer loop
      vertex 40.1898 -0.799999 104.632
      vertex 40.5235 0 104.851
      vertex 40.5235 -0.799999 104.851
    endloop
  endfacet
  facet normal 0.548673 0 -0.836037
    outer loop
      vertex 40.5235 0 104.851
      vertex 40.1898 -0.799999 104.632
      vertex 40.1898 0 104.632
    endloop
  endfacet
  facet normal 0.326295 0 -0.945268
    outer loop
      vertex 40.5235 -0.799999 104.851
      vertex 40.9059 0 104.983
      vertex 40.9059 -0.799999 104.983
    endloop
  endfacet
  facet normal 0.326295 0 -0.945268
    outer loop
      vertex 40.9059 0 104.983
      vertex 40.5235 -0.799999 104.851
      vertex 40.5235 0 104.851
    endloop
  endfacet
  facet normal 0.0992068 0 -0.995067
    outer loop
      vertex 40.9059 -0.799999 104.983
      vertex 41.3372 0 105.026
      vertex 41.3372 -0.799999 105.026
    endloop
  endfacet
  facet normal 0.0992068 0 -0.995067
    outer loop
      vertex 41.3372 0 105.026
      vertex 40.9059 -0.799999 104.983
      vertex 40.9059 0 104.983
    endloop
  endfacet
  facet normal -0.0494444 0 -0.998777
    outer loop
      vertex 41.3372 -0.799999 105.026
      vertex 41.519 0 105.017
      vertex 41.519 -0.799999 105.017
    endloop
  endfacet
  facet normal -0.0494444 0 -0.998777
    outer loop
      vertex 41.519 0 105.017
      vertex 41.3372 -0.799999 105.026
      vertex 41.3372 0 105.026
    endloop
  endfacet
  facet normal -0.167013 0 -0.985955
    outer loop
      vertex 41.519 -0.799999 105.017
      vertex 41.6902 0 104.988
      vertex 41.6902 -0.799999 104.988
    endloop
  endfacet
  facet normal -0.167013 0 -0.985955
    outer loop
      vertex 41.6902 0 104.988
      vertex 41.519 -0.799999 105.017
      vertex 41.519 0 105.017
    endloop
  endfacet
  facet normal -0.292158 0 -0.95637
    outer loop
      vertex 41.6902 -0.799999 104.988
      vertex 41.8506 0 104.939
      vertex 41.8506 -0.799999 104.939
    endloop
  endfacet
  facet normal -0.292158 0 -0.95637
    outer loop
      vertex 41.8506 0 104.939
      vertex 41.6902 -0.799999 104.988
      vertex 41.6902 0 104.988
    endloop
  endfacet
  facet normal -0.408286 0 -0.912854
    outer loop
      vertex 41.8506 -0.799999 104.939
      vertex 42.0004 0 104.872
      vertex 42.0004 -0.799999 104.872
    endloop
  endfacet
  facet normal -0.408286 0 -0.912854
    outer loop
      vertex 42.0004 0 104.872
      vertex 41.8506 -0.799999 104.939
      vertex 41.8506 0 104.939
    endloop
  endfacet
  facet normal -0.529999 0 -0.847998
    outer loop
      vertex 42.0004 -0.799999 104.872
      vertex 42.138 0 104.786
      vertex 42.138 -0.799999 104.786
    endloop
  endfacet
  facet normal -0.529999 0 -0.847998
    outer loop
      vertex 42.138 0 104.786
      vertex 42.0004 -0.799999 104.872
      vertex 42.0004 0 104.872
    endloop
  endfacet
  facet normal -0.635882 0 -0.771786
    outer loop
      vertex 42.138 -0.799999 104.786
      vertex 42.2618 0 104.684
      vertex 42.2618 -0.799999 104.684
    endloop
  endfacet
  facet normal -0.635882 0 -0.771786
    outer loop
      vertex 42.2618 0 104.684
      vertex 42.138 -0.799999 104.786
      vertex 42.138 0 104.786
    endloop
  endfacet
  facet normal -0.731158 0 -0.682208
    outer loop
      vertex 42.3719 -0.799999 104.566
      vertex 42.2618 0 104.684
      vertex 42.3719 0 104.566
    endloop
  endfacet
  facet normal -0.731158 -0 -0.682208
    outer loop
      vertex 42.2618 0 104.684
      vertex 42.3719 -0.799999 104.566
      vertex 42.2618 -0.799999 104.684
    endloop
  endfacet
  facet normal -0.811764 0 -0.583986
    outer loop
      vertex 42.4683 -0.799999 104.432
      vertex 42.3719 0 104.566
      vertex 42.4683 0 104.432
    endloop
  endfacet
  facet normal -0.811764 -0 -0.583986
    outer loop
      vertex 42.3719 0 104.566
      vertex 42.4683 -0.799999 104.432
      vertex 42.3719 -0.799999 104.566
    endloop
  endfacet
  facet normal -0.892734 0 -0.450585
    outer loop
      vertex 42.5324 -0.799999 104.305
      vertex 42.4683 0 104.432
      vertex 42.5324 0 104.305
    endloop
  endfacet
  facet normal -0.892734 -0 -0.450585
    outer loop
      vertex 42.4683 0 104.432
      vertex 42.5324 -0.799999 104.305
      vertex 42.4683 -0.799999 104.432
    endloop
  endfacet
  facet normal -0.947063 0 -0.321048
    outer loop
      vertex 42.5863 -0.799999 104.146
      vertex 42.5324 0 104.305
      vertex 42.5863 0 104.146
    endloop
  endfacet
  facet normal -0.947063 -0 -0.321048
    outer loop
      vertex 42.5324 0 104.305
      vertex 42.5863 -0.799999 104.146
      vertex 42.5324 -0.799999 104.305
    endloop
  endfacet
  facet normal -0.975202 0 -0.221315
    outer loop
      vertex 42.6301 -0.799999 103.953
      vertex 42.5863 0 104.146
      vertex 42.6301 0 103.953
    endloop
  endfacet
  facet normal -0.975202 -0 -0.221315
    outer loop
      vertex 42.5863 0 104.146
      vertex 42.6301 -0.799999 103.953
      vertex 42.5863 -0.799999 104.146
    endloop
  endfacet
  facet normal -0.989033 0 -0.147696
    outer loop
      vertex 42.6637 -0.799999 103.728
      vertex 42.6301 0 103.953
      vertex 42.6637 0 103.728
    endloop
  endfacet
  facet normal -0.989033 -0 -0.147696
    outer loop
      vertex 42.6301 0 103.953
      vertex 42.6637 -0.799999 103.728
      vertex 42.6301 -0.799999 103.953
    endloop
  endfacet
  facet normal -0.996097 0 -0.0882662
    outer loop
      vertex 42.6886 -0.799999 103.447
      vertex 42.6637 0 103.728
      vertex 42.6886 0 103.447
    endloop
  endfacet
  facet normal -0.996097 -0 -0.0882662
    outer loop
      vertex 42.6637 0 103.728
      vertex 42.6886 -0.799999 103.447
      vertex 42.6637 -0.799999 103.728
    endloop
  endfacet
  facet normal -0.99878 0 -0.049381
    outer loop
      vertex 42.7063 -0.799999 103.089
      vertex 42.6886 0 103.447
      vertex 42.7063 0 103.089
    endloop
  endfacet
  facet normal -0.99878 -0 -0.049381
    outer loop
      vertex 42.6886 0 103.447
      vertex 42.7063 -0.799999 103.089
      vertex 42.6886 -0.799999 103.447
    endloop
  endfacet
  facet normal -0.999696 0 -0.0246469
    outer loop
      vertex 42.717 -0.799999 102.655
      vertex 42.7063 0 103.089
      vertex 42.717 0 102.655
    endloop
  endfacet
  facet normal -0.999696 -0 -0.0246469
    outer loop
      vertex 42.7063 0 103.089
      vertex 42.717 -0.799999 102.655
      vertex 42.7063 -0.799999 103.089
    endloop
  endfacet
  facet normal -0.999975 0 -0.00704483
    outer loop
      vertex 42.7206 -0.799999 102.144
      vertex 42.717 0 102.655
      vertex 42.7206 0 102.144
    endloop
  endfacet
  facet normal -0.999975 -0 -0.00704483
    outer loop
      vertex 42.717 0 102.655
      vertex 42.7206 -0.799999 102.144
      vertex 42.717 -0.799999 102.655
    endloop
  endfacet
  facet normal -0.999998 0 0.00213675
    outer loop
      vertex 42.7201 -0.799999 101.91
      vertex 42.7206 0 102.144
      vertex 42.7201 0 101.91
    endloop
  endfacet
  facet normal -0.999998 0 0.00213675
    outer loop
      vertex 42.7206 0 102.144
      vertex 42.7201 -0.799999 101.91
      vertex 42.7206 -0.799999 102.144
    endloop
  endfacet
  facet normal -0.999988 0 0.00489291
    outer loop
      vertex 42.7185 -0.799999 101.583
      vertex 42.7201 0 101.91
      vertex 42.7185 0 101.583
    endloop
  endfacet
  facet normal -0.999988 0 0.00489291
    outer loop
      vertex 42.7201 0 101.91
      vertex 42.7185 -0.799999 101.583
      vertex 42.7201 -0.799999 101.91
    endloop
  endfacet
  facet normal -0.999982 0 0.00595228
    outer loop
      vertex 42.716 -0.799999 101.163
      vertex 42.7185 0 101.583
      vertex 42.716 0 101.163
    endloop
  endfacet
  facet normal -0.999982 0 0.00595228
    outer loop
      vertex 42.7185 0 101.583
      vertex 42.716 -0.799999 101.163
      vertex 42.7185 -0.799999 101.583
    endloop
  endfacet
  facet normal -0.999975 0 0.00700372
    outer loop
      vertex 42.7124 -0.799999 100.649
      vertex 42.716 0 101.163
      vertex 42.7124 0 100.649
    endloop
  endfacet
  facet normal -0.999975 0 0.00700372
    outer loop
      vertex 42.716 0 101.163
      vertex 42.7124 -0.799999 100.649
      vertex 42.716 -0.799999 101.163
    endloop
  endfacet
  facet normal -0.999977 0 0.00671627
    outer loop
      vertex 42.7088 -0.799999 100.113
      vertex 42.7124 0 100.649
      vertex 42.7088 0 100.113
    endloop
  endfacet
  facet normal -0.999977 0 0.00671627
    outer loop
      vertex 42.7124 0 100.649
      vertex 42.7088 -0.799999 100.113
      vertex 42.7124 -0.799999 100.649
    endloop
  endfacet
  facet normal -0.999987 0 0.0051145
    outer loop
      vertex 42.7063 -0.799999 99.6242
      vertex 42.7088 0 100.113
      vertex 42.7063 0 99.6242
    endloop
  endfacet
  facet normal -0.999987 0 0.0051145
    outer loop
      vertex 42.7088 0 100.113
      vertex 42.7063 -0.799999 99.6242
      vertex 42.7088 -0.799999 100.113
    endloop
  endfacet
  facet normal -0.999994 0 0.00339749
    outer loop
      vertex 42.7048 -0.799999 99.1827
      vertex 42.7063 0 99.6242
      vertex 42.7048 0 99.1827
    endloop
  endfacet
  facet normal -0.999994 0 0.00339749
    outer loop
      vertex 42.7063 0 99.6242
      vertex 42.7048 -0.799999 99.1827
      vertex 42.7063 -0.799999 99.6242
    endloop
  endfacet
  facet normal -0.999999 0 0.00126839
    outer loop
      vertex 42.7043 -0.799999 98.7885
      vertex 42.7048 0 99.1827
      vertex 42.7043 0 98.7885
    endloop
  endfacet
  facet normal -0.999999 0 0.00126839
    outer loop
      vertex 42.7048 0 99.1827
      vertex 42.7043 -0.799999 98.7885
      vertex 42.7048 -0.799999 99.1827
    endloop
  endfacet
  facet normal -1 0 0
    outer loop
      vertex 42.7043 -0.799999 97.8763
      vertex 42.7043 0 98.7885
      vertex 42.7043 0 97.8763
    endloop
  endfacet
  facet normal -1 -0 0
    outer loop
      vertex 42.7043 0 98.7885
      vertex 42.7043 -0.799999 97.8763
      vertex 42.7043 -0.799999 98.7885
    endloop
  endfacet
  facet normal 0 0 -1
    outer loop
      vertex 42.7043 -0.799999 97.8763
      vertex 45.6338 0 97.8763
      vertex 45.6338 -0.799999 97.8763
    endloop
  endfacet
  facet normal -0 0 -1
    outer loop
      vertex 45.6338 0 97.8763
      vertex 42.7043 -0.799999 97.8763
      vertex 42.7043 0 97.8763
    endloop
  endfacet
  facet normal 1 -0 0
    outer loop
      vertex 45.6338 -0.799999 103.447
      vertex 45.6338 0 97.8763
      vertex 45.6338 0 103.447
    endloop
  endfacet
  facet normal 1 0 0
    outer loop
      vertex 45.6338 0 97.8763
      vertex 45.6338 -0.799999 103.447
      vertex 45.6338 -0.799999 97.8763
    endloop
  endfacet
  facet normal 0.998238 -0 0.0593422
    outer loop
      vertex 45.5822 -0.799999 104.315
      vertex 45.6338 0 103.447
      vertex 45.5822 0 104.315
    endloop
  endfacet
  facet normal 0.998238 0 0.0593422
    outer loop
      vertex 45.6338 0 103.447
      vertex 45.5822 -0.799999 104.315
      vertex 45.6338 -0.799999 103.447
    endloop
  endfacet
  facet normal 0.979804 -0 0.199963
    outer loop
      vertex 45.4273 -0.799999 105.074
      vertex 45.5822 0 104.315
      vertex 45.4273 0 105.074
    endloop
  endfacet
  facet normal 0.979804 0 0.199963
    outer loop
      vertex 45.5822 0 104.315
      vertex 45.4273 -0.799999 105.074
      vertex 45.5822 -0.799999 104.315
    endloop
  endfacet
  facet normal 0.929215 -0 0.369539
    outer loop
      vertex 45.1692 -0.799999 105.723
      vertex 45.4273 0 105.074
      vertex 45.1692 0 105.723
    endloop
  endfacet
  facet normal 0.929215 0 0.369539
    outer loop
      vertex 45.4273 0 105.074
      vertex 45.1692 -0.799999 105.723
      vertex 45.4273 -0.799999 105.074
    endloop
  endfacet
  facet normal 0.830578 -0 0.556903
    outer loop
      vertex 44.8078 -0.799999 106.262
      vertex 45.1692 0 105.723
      vertex 44.8078 0 106.262
    endloop
  endfacet
  facet normal 0.830578 0 0.556903
    outer loop
      vertex 45.1692 0 105.723
      vertex 44.8078 -0.799999 106.262
      vertex 45.1692 -0.799999 105.723
    endloop
  endfacet
  facet normal 0.677749 0 0.735294
    outer loop
      vertex 44.3478 0 106.686
      vertex 44.8078 -0.799999 106.262
      vertex 44.8078 0 106.262
    endloop
  endfacet
  facet normal 0.677749 0 0.735294
    outer loop
      vertex 44.8078 -0.799999 106.262
      vertex 44.3478 0 106.686
      vertex 44.3478 -0.799999 106.686
    endloop
  endfacet
  facet normal 0.478563 0 0.878053
    outer loop
      vertex 43.7937 0 106.988
      vertex 44.3478 -0.799999 106.686
      vertex 44.3478 0 106.686
    endloop
  endfacet
  facet normal 0.478563 0 0.878053
    outer loop
      vertex 44.3478 -0.799999 106.686
      vertex 43.7937 0 106.988
      vertex 43.7937 -0.799999 106.988
    endloop
  endfacet
  facet normal 0.270324 0 0.962769
    outer loop
      vertex 43.1455 0 107.17
      vertex 43.7937 -0.799999 106.988
      vertex 43.7937 0 106.988
    endloop
  endfacet
  facet normal 0.270324 0 0.962769
    outer loop
      vertex 43.7937 -0.799999 106.988
      vertex 43.1455 0 107.17
      vertex 43.1455 -0.799999 107.17
    endloop
  endfacet
  facet normal 0.0819009 0 0.99664
    outer loop
      vertex 42.4032 0 107.231
      vertex 43.1455 -0.799999 107.17
      vertex 43.1455 0 107.17
    endloop
  endfacet
  facet normal 0.0819009 0 0.99664
    outer loop
      vertex 43.1455 -0.799999 107.17
      vertex 42.4032 0 107.231
      vertex 42.4032 -0.799999 107.231
    endloop
  endfacet
  facet normal -0.0552025 0 0.998475
    outer loop
      vertex 41.9691 0 107.207
      vertex 42.4032 -0.799999 107.231
      vertex 42.4032 0 107.231
    endloop
  endfacet
  facet normal -0.0552025 0 0.998475
    outer loop
      vertex 42.4032 -0.799999 107.231
      vertex 41.9691 0 107.207
      vertex 41.9691 -0.799999 107.207
    endloop
  endfacet
  facet normal 0 0 -1
    outer loop
      vertex 114.379 -0.799999 101.01
      vertex 119.49 0 101.01
      vertex 119.49 -0.799999 101.01
    endloop
  endfacet
  facet normal -0 0 -1
    outer loop
      vertex 119.49 0 101.01
      vertex 114.379 -0.799999 101.01
      vertex 114.379 0 101.01
    endloop
  endfacet
  facet normal 1 -0 0
    outer loop
      vertex 119.49 -0.799999 103.375
      vertex 119.49 0 101.01
      vertex 119.49 0 103.375
    endloop
  endfacet
  facet normal 1 0 0
    outer loop
      vertex 119.49 0 101.01
      vertex 119.49 -0.799999 103.375
      vertex 119.49 -0.799999 101.01
    endloop
  endfacet
  facet normal -0 0 1
    outer loop
      vertex 114.379 0 103.375
      vertex 119.49 -0.799999 103.375
      vertex 119.49 0 103.375
    endloop
  endfacet
  facet normal 0 0 1
    outer loop
      vertex 119.49 -0.799999 103.375
      vertex 114.379 0 103.375
      vertex 114.379 -0.799999 103.375
    endloop
  endfacet
  facet normal -1 0 0
    outer loop
      vertex 114.379 -0.799999 101.01
      vertex 114.379 0 103.375
      vertex 114.379 0 101.01
    endloop
  endfacet
  facet normal -1 -0 0
    outer loop
      vertex 114.379 0 103.375
      vertex 114.379 -0.799999 101.01
      vertex 114.379 -0.799999 103.375
    endloop
  endfacet
  facet normal 0 0 -1
    outer loop
      vertex 59.5275 -0.799999 103.844
      vertex 62.4569 0 103.844
      vertex 62.4569 -0.799999 103.844
    endloop
  endfacet
  facet normal -0 0 -1
    outer loop
      vertex 62.4569 0 103.844
      vertex 59.5275 -0.799999 103.844
      vertex 59.5275 0 103.844
    endloop
  endfacet
  facet normal 1 -0 0
    outer loop
      vertex 62.4569 -0.799999 106.992
      vertex 62.4569 0 103.844
      vertex 62.4569 0 106.992
    endloop
  endfacet
  facet normal 1 0 0
    outer loop
      vertex 62.4569 0 103.844
      vertex 62.4569 -0.799999 106.992
      vertex 62.4569 -0.799999 103.844
    endloop
  endfacet
  facet normal -0 0 1
    outer loop
      vertex 59.5275 0 106.992
      vertex 62.4569 -0.799999 106.992
      vertex 62.4569 0 106.992
    endloop
  endfacet
  facet normal 0 0 1
    outer loop
      vertex 62.4569 -0.799999 106.992
      vertex 59.5275 0 106.992
      vertex 59.5275 -0.799999 106.992
    endloop
  endfacet
  facet normal -1 0 0
    outer loop
      vertex 59.5275 -0.799999 103.844
      vertex 59.5275 0 106.992
      vertex 59.5275 0 103.844
    endloop
  endfacet
  facet normal -1 -0 0
    outer loop
      vertex 59.5275 0 106.992
      vertex 59.5275 -0.799999 103.844
      vertex 59.5275 -0.799999 106.992
    endloop
  endfacet
  facet normal -1 0 0
    outer loop
      vertex 100.6 191.4 0
      vertex 100.6 193 0.6
      vertex 100.6 193 0
    endloop
  endfacet
  facet normal -1 -0 0
    outer loop
      vertex 100.6 193 0.6
      vertex 100.6 191.4 0
      vertex 100.6 191.4 0.6
    endloop
  endfacet
  facet normal 0 0 -1
    outer loop
      vertex 99.4 191.4 0.6
      vertex 100.6 193 0.6
      vertex 100.6 191.4 0.6
    endloop
  endfacet
  facet normal -0 0 -1
    outer loop
      vertex 100.6 193 0.6
      vertex 99.4 191.4 0.6
      vertex 99.4 193 0.6
    endloop
  endfacet
  facet normal 1 -0 0
    outer loop
      vertex 99.4 191.4 0.6
      vertex 99.4 193 0
      vertex 99.4 193 0.6
    endloop
  endfacet
  facet normal 1 0 0
    outer loop
      vertex 99.4 193 0
      vertex 99.4 191.4 0.6
      vertex 99.4 191.4 0
    endloop
  endfacet
  facet normal 0 1 -0
    outer loop
      vertex 100.6 191.4 0
      vertex 99.4 191.4 0.6
      vertex 100.6 191.4 0.6
    endloop
  endfacet
  facet normal 0 1 0
    outer loop
      vertex 99.4 191.4 0.6
      vertex 100.6 191.4 0
      vertex 99.4 191.4 0
    endloop
  endfacet
  facet normal -1 0 0
    outer loop
      vertex 100.6 9.53674e-07 0
      vertex 100.6 1.6 0.6
      vertex 100.6 1.6 0
    endloop
  endfacet
  facet normal -1 -0 0
    outer loop
      vertex 100.6 1.6 0.6
      vertex 100.6 9.53674e-07 0
      vertex 100.6 9.53674e-07 0.6
    endloop
  endfacet
  facet normal 0 0 -1
    outer loop
      vertex 99.4 9.53674e-07 0.6
      vertex 100.6 1.6 0.6
      vertex 100.6 9.53674e-07 0.6
    endloop
  endfacet
  facet normal -0 0 -1
    outer loop
      vertex 100.6 1.6 0.6
      vertex 99.4 9.53674e-07 0.6
      vertex 99.4 1.6 0.6
    endloop
  endfacet
  facet normal 1 -0 0
    outer loop
      vertex 99.4 9.53674e-07 0.6
      vertex 99.4 1.6 0
      vertex 99.4 1.6 0.6
    endloop
  endfacet
  facet normal 1 0 0
    outer loop
      vertex 99.4 1.6 0
      vertex 99.4 9.53674e-07 0.6
      vertex 99.4 9.53674e-07 0
    endloop
  endfacet
  facet normal 0 1 -0
    outer loop
      vertex 100.6 9.53674e-07 0
      vertex 99.4 9.53674e-07 0.6
      vertex 100.6 9.53674e-07 0.6
    endloop
  endfacet
  facet normal 0 1 0
    outer loop
      vertex 99.4 9.53674e-07 0.6
      vertex 100.6 9.53674e-07 0
      vertex 99.4 9.53674e-07 0
    endloop
  endfacet
  facet normal 0 -1 0
    outer loop
      vertex 99.4 1.6 0
      vertex 100.6 1.6 0.6
      vertex 99.4 1.6 0.6
    endloop
  endfacet
  facet normal 0 -1 -0
    outer loop
      vertex 100.6 1.6 0.6
      vertex 99.4 1.6 0
      vertex 100.6 1.6 0
    endloop
  endfacet
  facet normal 1 0 0
    outer loop
      vertex 200 6 200
      vertex 200 0 200
      vertex 200 6 19
    endloop
  endfacet
  facet normal 1 0 0
    outer loop
      vertex 200 187 19
      vertex 200 193 200
      vertex 200 187 200
    endloop
  endfacet
  facet normal 1 0 0
    outer loop
      vertex 200 193 200
      vertex 200 187 19
      vertex 200 193 0
    endloop
  endfacet
  facet normal 1 -0 0
    outer loop
      vertex 200 173 5
      vertex 200 193 0
      vertex 200 187 19
    endloop
  endfacet
  facet normal 1 -0 0
    outer loop
      vertex 200 20 5
      vertex 200 193 0
      vertex 200 173 5
    endloop
  endfacet
  facet normal 1 0 0
    outer loop
      vertex 200 20 5
      vertex 200 0 0
      vertex 200 193 0
    endloop
  endfacet
  facet normal 1 0 0
    outer loop
      vertex 200 6 19
      vertex 200 0 0
      vertex 200 20 5
    endloop
  endfacet
  facet normal 1 0 0
    outer loop
      vertex 200 0 0
      vertex 200 6 19
      vertex 200 0 200
    endloop
  endfacet
  facet normal 0 0 -1
    outer loop
      vertex 135 122.5 0
      vertex 99.4 191.4 0
      vertex 100.6 191.4 0
    endloop
  endfacet
  facet normal 0 0 -1
    outer loop
      vertex 0 122.5 0
      vertex 99.4 191.4 0
      vertex 135 122.5 0
    endloop
  endfacet
  facet normal 0 0 -1
    outer loop
      vertex 0 193 0
      vertex 99.4 191.4 0
      vertex 0 122.5 0
    endloop
  endfacet
  facet normal 0 0 -1
    outer loop
      vertex 99.4 191.4 0
      vertex 0 193 0
      vertex 99.4 193 0
    endloop
  endfacet
  facet normal 0 0 -1
    outer loop
      vertex 200 0 0
      vertex 161 96.5 0
      vertex 200 193 0
    endloop
  endfacet
  facet normal 0 0 -1
    outer loop
      vertex 200 0 0
      vertex 160.875 93.9516 0
      vertex 161 96.5 0
    endloop
  endfacet
  facet normal 0 0 -1
    outer loop
      vertex 200 0 0
      vertex 160.5 91.4277 0
      vertex 160.875 93.9516 0
    endloop
  endfacet
  facet normal 0 0 -1
    outer loop
      vertex 200 0 0
      vertex 159.88 88.9526 0
      vertex 160.5 91.4277 0
    endloop
  endfacet
  facet normal 0 0 -1
    outer loop
      vertex 200 0 0
      vertex 159.021 86.5502 0
      vertex 159.88 88.9526 0
    endloop
  endfacet
  facet normal 0 0 -1
    outer loop
      vertex 200 0 0
      vertex 157.93 84.2437 0
      vertex 159.021 86.5502 0
    endloop
  endfacet
  facet normal 0 0 -1
    outer loop
      vertex 200 0 0
      vertex 156.618 82.0552 0
      vertex 157.93 84.2437 0
    endloop
  endfacet
  facet normal 0 0 -1
    outer loop
      vertex 200 0 0
      vertex 155.098 80.0058 0
      vertex 156.618 82.0552 0
    endloop
  endfacet
  facet normal 0 0 -1
    outer loop
      vertex 200 0 0
      vertex 153.385 78.1152 0
      vertex 155.098 80.0058 0
    endloop
  endfacet
  facet normal 0 0 -1
    outer loop
      vertex 200 0 0
      vertex 151.494 76.4017 0
      vertex 153.385 78.1152 0
    endloop
  endfacet
  facet normal 0 0 -1
    outer loop
      vertex 200 0 0
      vertex 149.445 74.8818 0
      vertex 151.494 76.4017 0
    endloop
  endfacet
  facet normal 0 0 -1
    outer loop
      vertex 200 0 0
      vertex 147.256 73.57 0
      vertex 149.445 74.8818 0
    endloop
  endfacet
  facet normal 0 0 -1
    outer loop
      vertex 200 0 0
      vertex 144.95 72.4791 0
      vertex 147.256 73.57 0
    endloop
  endfacet
  facet normal 0 0 -1
    outer loop
      vertex 200 0 0
      vertex 142.547 71.6196 0
      vertex 144.95 72.4791 0
    endloop
  endfacet
  facet normal 0 0 -1
    outer loop
      vertex 200 0 0
      vertex 140.072 70.9996 0
      vertex 142.547 71.6196 0
    endloop
  endfacet
  facet normal 0 0 -1
    outer loop
      vertex 100.6 1.6 0
      vertex 140.072 70.9996 0
      vertex 200 0 0
    endloop
  endfacet
  facet normal 0 0 -1
    outer loop
      vertex 140.072 70.9996 0
      vertex 100.6 1.6 0
      vertex 137.548 70.6252 0
    endloop
  endfacet
  facet normal 0 0 -1
    outer loop
      vertex 100.6 1.6 0
      vertex 200 0 0
      vertex 100.6 9.53674e-07 0
    endloop
  endfacet
  facet normal 0 0 -1
    outer loop
      vertex 200 0 0
      vertex 99.4 9.53674e-07 0
      vertex 100.6 9.53674e-07 0
    endloop
  endfacet
  facet normal -0 0 -1
    outer loop
      vertex 99.4 9.53674e-07 0
      vertex 0 0 0
      vertex 99.4 1.6 0
    endloop
  endfacet
  facet normal 0 0 -1
    outer loop
      vertex 0 0 0
      vertex 99.4 9.53674e-07 0
      vertex 200 0 0
    endloop
  endfacet
  facet normal 0 0 -1
    outer loop
      vertex 160.875 99.0484 0
      vertex 200 193 0
      vertex 161 96.5 0
    endloop
  endfacet
  facet normal 0 0 -1
    outer loop
      vertex 160.5 101.572 0
      vertex 200 193 0
      vertex 160.875 99.0484 0
    endloop
  endfacet
  facet normal 0 0 -1
    outer loop
      vertex 159.88 104.047 0
      vertex 200 193 0
      vertex 160.5 101.572 0
    endloop
  endfacet
  facet normal 0 0 -1
    outer loop
      vertex 159.021 106.45 0
      vertex 200 193 0
      vertex 159.88 104.047 0
    endloop
  endfacet
  facet normal 0 0 -1
    outer loop
      vertex 157.93 108.756 0
      vertex 200 193 0
      vertex 159.021 106.45 0
    endloop
  endfacet
  facet normal 0 0 -1
    outer loop
      vertex 156.618 110.945 0
      vertex 200 193 0
      vertex 157.93 108.756 0
    endloop
  endfacet
  facet normal 0 0 -1
    outer loop
      vertex 155.098 112.994 0
      vertex 200 193 0
      vertex 156.618 110.945 0
    endloop
  endfacet
  facet normal 0 0 -1
    outer loop
      vertex 153.385 114.885 0
      vertex 200 193 0
      vertex 155.098 112.994 0
    endloop
  endfacet
  facet normal 0 0 -1
    outer loop
      vertex 151.494 116.598 0
      vertex 200 193 0
      vertex 153.385 114.885 0
    endloop
  endfacet
  facet normal 0 0 -1
    outer loop
      vertex 149.445 118.118 0
      vertex 200 193 0
      vertex 151.494 116.598 0
    endloop
  endfacet
  facet normal 0 0 -1
    outer loop
      vertex 147.256 119.43 0
      vertex 200 193 0
      vertex 149.445 118.118 0
    endloop
  endfacet
  facet normal 0 0 -1
    outer loop
      vertex 144.95 120.521 0
      vertex 200 193 0
      vertex 147.256 119.43 0
    endloop
  endfacet
  facet normal 0 0 -1
    outer loop
      vertex 142.547 121.38 0
      vertex 200 193 0
      vertex 144.95 120.521 0
    endloop
  endfacet
  facet normal 0 0 -1
    outer loop
      vertex 140.072 122 0
      vertex 200 193 0
      vertex 142.547 121.38 0
    endloop
  endfacet
  facet normal 0 0 -1
    outer loop
      vertex 100.6 191.4 0
      vertex 140.072 122 0
      vertex 137.548 122.375 0
    endloop
  endfacet
  facet normal 0 0 -1
    outer loop
      vertex 100.6 191.4 0
      vertex 137.548 122.375 0
      vertex 135 122.5 0
    endloop
  endfacet
  facet normal 0 0 -1
    outer loop
      vertex 140.072 122 0
      vertex 100.6 191.4 0
      vertex 200 193 0
    endloop
  endfacet
  facet normal -0 0 -1
    outer loop
      vertex 200 193 0
      vertex 100.6 191.4 0
      vertex 100.6 193 0
    endloop
  endfacet
  facet normal 0 0 -1
    outer loop
      vertex 137.548 70.6252 0
      vertex 100.6 1.6 0
      vertex 135 70.5 0
    endloop
  endfacet
  facet normal 0 0 -1
    outer loop
      vertex 99.4 1.6 0
      vertex 135 70.5 0
      vertex 100.6 1.6 0
    endloop
  endfacet
  facet normal 0 0 -1
    outer loop
      vertex 0 70.5 0
      vertex 99.4 1.6 0
      vertex 0 0 0
    endloop
  endfacet
  facet normal 0 0 -1
    outer loop
      vertex 99.4 1.6 0
      vertex 0 70.5 0
      vertex 135 70.5 0
    endloop
  endfacet
  facet normal 0 0 1
    outer loop
      vertex 200 173 5
      vertex 161 96.5 5
      vertex 200 20 5
    endloop
  endfacet
  facet normal 0 0 1
    outer loop
      vertex 200 173 5
      vertex 160.875 99.0484 5
      vertex 161 96.5 5
    endloop
  endfacet
  facet normal 0 0 1
    outer loop
      vertex 200 173 5
      vertex 160.5 101.572 5
      vertex 160.875 99.0484 5
    endloop
  endfacet
  facet normal 0 0 1
    outer loop
      vertex 200 173 5
      vertex 159.88 104.047 5
      vertex 160.5 101.572 5
    endloop
  endfacet
  facet normal 0 0 1
    outer loop
      vertex 200 173 5
      vertex 159.021 106.45 5
      vertex 159.88 104.047 5
    endloop
  endfacet
  facet normal 0 0 1
    outer loop
      vertex 200 173 5
      vertex 157.93 108.756 5
      vertex 159.021 106.45 5
    endloop
  endfacet
  facet normal 0 0 1
    outer loop
      vertex 200 173 5
      vertex 156.618 110.945 5
      vertex 157.93 108.756 5
    endloop
  endfacet
  facet normal 0 0 1
    outer loop
      vertex 200 173 5
      vertex 155.098 112.994 5
      vertex 156.618 110.945 5
    endloop
  endfacet
  facet normal 0 0 1
    outer loop
      vertex 200 173 5
      vertex 153.385 114.885 5
      vertex 155.098 112.994 5
    endloop
  endfacet
  facet normal 0 0 1
    outer loop
      vertex 200 173 5
      vertex 151.494 116.598 5
      vertex 153.385 114.885 5
    endloop
  endfacet
  facet normal 0 0 1
    outer loop
      vertex 200 173 5
      vertex 149.445 118.118 5
      vertex 151.494 116.598 5
    endloop
  endfacet
  facet normal 0 0 1
    outer loop
      vertex 200 173 5
      vertex 147.256 119.43 5
      vertex 149.445 118.118 5
    endloop
  endfacet
  facet normal 0 0 1
    outer loop
      vertex 200 173 5
      vertex 144.95 120.521 5
      vertex 147.256 119.43 5
    endloop
  endfacet
  facet normal 0 0 1
    outer loop
      vertex 200 173 5
      vertex 142.547 121.38 5
      vertex 144.95 120.521 5
    endloop
  endfacet
  facet normal 0 0 1
    outer loop
      vertex 200 173 5
      vertex 140.072 122 5
      vertex 142.547 121.38 5
    endloop
  endfacet
  facet normal 0 0 1
    outer loop
      vertex 200 173 5
      vertex 137.548 122.375 5
      vertex 140.072 122 5
    endloop
  endfacet
  facet normal 0 0 1
    outer loop
      vertex 200 173 5
      vertex 135 122.5 5
      vertex 137.548 122.375 5
    endloop
  endfacet
  facet normal -0 0 1
    outer loop
      vertex 0 173 5
      vertex 135 122.5 5
      vertex 200 173 5
    endloop
  endfacet
  facet normal 0 0 1
    outer loop
      vertex 135 122.5 5
      vertex 0 173 5
      vertex 0 122.5 5
    endloop
  endfacet
  facet normal -0 0 1
    outer loop
      vertex 160.875 93.9516 5
      vertex 200 20 5
      vertex 161 96.5 5
    endloop
  endfacet
  facet normal -0 0 1
    outer loop
      vertex 160.5 91.4277 5
      vertex 200 20 5
      vertex 160.875 93.9516 5
    endloop
  endfacet
  facet normal -0 0 1
    outer loop
      vertex 159.88 88.9526 5
      vertex 200 20 5
      vertex 160.5 91.4277 5
    endloop
  endfacet
  facet normal -0 0 1
    outer loop
      vertex 159.021 86.5502 5
      vertex 200 20 5
      vertex 159.88 88.9526 5
    endloop
  endfacet
  facet normal -0 0 1
    outer loop
      vertex 157.93 84.2437 5
      vertex 200 20 5
      vertex 159.021 86.5502 5
    endloop
  endfacet
  facet normal -0 0 1
    outer loop
      vertex 156.618 82.0552 5
      vertex 200 20 5
      vertex 157.93 84.2437 5
    endloop
  endfacet
  facet normal -0 0 1
    outer loop
      vertex 155.098 80.0058 5
      vertex 200 20 5
      vertex 156.618 82.0552 5
    endloop
  endfacet
  facet normal -0 0 1
    outer loop
      vertex 153.385 78.1152 5
      vertex 200 20 5
      vertex 155.098 80.0058 5
    endloop
  endfacet
  facet normal -0 0 1
    outer loop
      vertex 151.494 76.4017 5
      vertex 200 20 5
      vertex 153.385 78.1152 5
    endloop
  endfacet
  facet normal -0 0 1
    outer loop
      vertex 149.445 74.8818 5
      vertex 200 20 5
      vertex 151.494 76.4017 5
    endloop
  endfacet
  facet normal -0 0 1
    outer loop
      vertex 147.256 73.57 5
      vertex 200 20 5
      vertex 149.445 74.8818 5
    endloop
  endfacet
  facet normal -0 0 1
    outer loop
      vertex 144.95 72.4791 5
      vertex 200 20 5
      vertex 147.256 73.57 5
    endloop
  endfacet
  facet normal -0 0 1
    outer loop
      vertex 142.547 71.6196 5
      vertex 200 20 5
      vertex 144.95 72.4791 5
    endloop
  endfacet
  facet normal -0 0 1
    outer loop
      vertex 140.072 70.9996 5
      vertex 200 20 5
      vertex 142.547 71.6196 5
    endloop
  endfacet
  facet normal -0 0 1
    outer loop
      vertex 137.548 70.6252 5
      vertex 200 20 5
      vertex 140.072 70.9996 5
    endloop
  endfacet
  facet normal -0 0 1
    outer loop
      vertex 135 70.5 5
      vertex 200 20 5
      vertex 137.548 70.6252 5
    endloop
  endfacet
  facet normal 0 0 1
    outer loop
      vertex 0 20 5
      vertex 135 70.5 5
      vertex 0 70.5 5
    endloop
  endfacet
  facet normal 0 0 1
    outer loop
      vertex 135 70.5 5
      vertex 0 20 5
      vertex 200 20 5
    endloop
  endfacet
  facet normal -1 0 0
    outer loop
      vertex 0 193 0
      vertex 0 187 19
      vertex 0 193 200
    endloop
  endfacet
  facet normal -1 0 0
    outer loop
      vertex 0 193 0
      vertex 0 173 5
      vertex 0 187 19
    endloop
  endfacet
  facet normal -1 0 0
    outer loop
      vertex 0 122.5 0
      vertex 0 173 5
      vertex 0 193 0
    endloop
  endfacet
  facet normal -1 -0 0
    outer loop
      vertex 0 173 5
      vertex 0 122.5 0
      vertex 0 122.5 5
    endloop
  endfacet
  facet normal -1 -0 0
    outer loop
      vertex 0 193 200
      vertex 0 187 19
      vertex 0 187 200
    endloop
  endfacet
  facet normal -1 0 0
    outer loop
      vertex 0 70.5 0
      vertex 0 20 5
      vertex 0 70.5 5
    endloop
  endfacet
  facet normal -1 0 0
    outer loop
      vertex 0 0 0
      vertex 0 20 5
      vertex 0 70.5 0
    endloop
  endfacet
  facet normal -1 0 0
    outer loop
      vertex 0 0 0
      vertex 0 6 19
      vertex 0 20 5
    endloop
  endfacet
  facet normal -1 0 0
    outer loop
      vertex 0 0 200
      vertex 0 6 19
      vertex 0 0 0
    endloop
  endfacet
  facet normal -1 0 0
    outer loop
      vertex 0 6 19
      vertex 0 0 200
      vertex 0 6 200
    endloop
  endfacet
  facet normal 0 1 -0
    outer loop
      vertex 135 70.5 0
      vertex 0 70.5 5
      vertex 135 70.5 5
    endloop
  endfacet
  facet normal 0 1 0
    outer loop
      vertex 0 70.5 5
      vertex 135 70.5 0
      vertex 0 70.5 0
    endloop
  endfacet
  facet normal 0 -1 0
    outer loop
      vertex 0 122.5 0
      vertex 135 122.5 5
      vertex 0 122.5 5
    endloop
  endfacet
  facet normal 0 -1 -0
    outer loop
      vertex 135 122.5 5
      vertex 0 122.5 0
      vertex 135 122.5 0
    endloop
  endfacet
  facet normal -0.989142 0.146966 0
    outer loop
      vertex 160.5 91.4277 0
      vertex 160.875 93.9516 5
      vertex 160.875 93.9516 0
    endloop
  endfacet
  facet normal -0.989142 0.146966 0
    outer loop
      vertex 160.875 93.9516 5
      vertex 160.5 91.4277 0
      vertex 160.5 91.4277 5
    endloop
  endfacet
  facet normal -0.998799 0.0489915 0
    outer loop
      vertex 160.875 93.9516 0
      vertex 161 96.5 5
      vertex 161 96.5 0
    endloop
  endfacet
  facet normal -0.998799 0.0489915 0
    outer loop
      vertex 161 96.5 5
      vertex 160.875 93.9516 0
      vertex 160.875 93.9516 5
    endloop
  endfacet
  facet normal -0.970029 0.242987 0
    outer loop
      vertex 159.88 88.9526 0
      vertex 160.5 91.4277 5
      vertex 160.5 91.4277 0
    endloop
  endfacet
  facet normal -0.970029 0.242987 0
    outer loop
      vertex 160.5 91.4277 5
      vertex 159.88 88.9526 0
      vertex 159.88 88.9526 5
    endloop
  endfacet
  facet normal -0.336783 0.941582 0
    outer loop
      vertex 144.95 72.4791 0
      vertex 142.547 71.6196 5
      vertex 144.95 72.4791 5
    endloop
  endfacet
  facet normal -0.336783 0.941582 0
    outer loop
      vertex 142.547 71.6196 5
      vertex 144.95 72.4791 0
      vertex 142.547 71.6196 0
    endloop
  endfacet
  facet normal -0.242997 -0.970027 0
    outer loop
      vertex 140.072 122 0
      vertex 142.547 121.38 5
      vertex 140.072 122 5
    endloop
  endfacet
  facet normal -0.242997 -0.970027 -0
    outer loop
      vertex 142.547 121.38 5
      vertex 140.072 122 0
      vertex 142.547 121.38 0
    endloop
  endfacet
  facet normal -0.514092 -0.857735 0
    outer loop
      vertex 147.256 119.43 0
      vertex 149.445 118.118 5
      vertex 147.256 119.43 5
    endloop
  endfacet
  facet normal -0.514092 -0.857735 -0
    outer loop
      vertex 149.445 118.118 5
      vertex 147.256 119.43 0
      vertex 149.445 118.118 0
    endloop
  endfacet
  facet normal -0.80314 -0.59579 0
    outer loop
      vertex 156.618 110.945 0
      vertex 155.098 112.994 5
      vertex 155.098 112.994 0
    endloop
  endfacet
  facet normal -0.80314 -0.59579 0
    outer loop
      vertex 155.098 112.994 5
      vertex 156.618 110.945 0
      vertex 156.618 110.945 5
    endloop
  endfacet
  facet normal -0.14673 0.989177 0
    outer loop
      vertex 140.072 70.9996 0
      vertex 137.548 70.6252 5
      vertex 140.072 70.9996 5
    endloop
  endfacet
  facet normal -0.14673 0.989177 0
    outer loop
      vertex 137.548 70.6252 5
      vertex 140.072 70.9996 0
      vertex 137.548 70.6252 0
    endloop
  endfacet
  facet normal -0.989139 -0.146983 0
    outer loop
      vertex 160.875 99.0484 0
      vertex 160.5 101.572 5
      vertex 160.5 101.572 0
    endloop
  endfacet
  facet normal -0.989139 -0.146983 0
    outer loop
      vertex 160.5 101.572 5
      vertex 160.875 99.0484 0
      vertex 160.875 99.0484 5
    endloop
  endfacet
  facet normal -0.427633 0.903952 0
    outer loop
      vertex 147.256 73.57 0
      vertex 144.95 72.4791 5
      vertex 147.256 73.57 5
    endloop
  endfacet
  facet normal -0.427633 0.903952 0
    outer loop
      vertex 144.95 72.4791 5
      vertex 147.256 73.57 0
      vertex 144.95 72.4791 0
    endloop
  endfacet
  facet normal -0.970027 -0.242997 0
    outer loop
      vertex 160.5 101.572 0
      vertex 159.88 104.047 5
      vertex 159.88 104.047 0
    endloop
  endfacet
  facet normal -0.970027 -0.242997 0
    outer loop
      vertex 159.88 104.047 5
      vertex 160.5 101.572 0
      vertex 160.5 101.572 5
    endloop
  endfacet
  facet normal -0.336609 -0.941644 0
    outer loop
      vertex 142.547 121.38 0
      vertex 144.95 120.521 5
      vertex 142.547 121.38 5
    endloop
  endfacet
  facet normal -0.336609 -0.941644 -0
    outer loop
      vertex 144.95 120.521 5
      vertex 142.547 121.38 0
      vertex 144.95 120.521 0
    endloop
  endfacet
  facet normal -0.803196 0.595715 0
    outer loop
      vertex 155.098 80.0058 0
      vertex 156.618 82.0552 5
      vertex 156.618 82.0552 0
    endloop
  endfacet
  facet normal -0.803196 0.595715 0
    outer loop
      vertex 156.618 82.0552 5
      vertex 155.098 80.0058 0
      vertex 155.098 80.0058 5
    endloop
  endfacet
  facet normal -0.998799 -0.0489915 0
    outer loop
      vertex 161 96.5 0
      vertex 160.875 99.0484 5
      vertex 160.875 99.0484 0
    endloop
  endfacet
  facet normal -0.998799 -0.0489915 0
    outer loop
      vertex 160.875 99.0484 5
      vertex 161 96.5 0
      vertex 161 96.5 5
    endloop
  endfacet
  facet normal -0.903937 -0.427665 0
    outer loop
      vertex 159.021 106.45 0
      vertex 157.93 108.756 5
      vertex 157.93 108.756 0
    endloop
  endfacet
  facet normal -0.903937 -0.427665 0
    outer loop
      vertex 157.93 108.756 5
      vertex 159.021 106.45 0
      vertex 159.021 106.45 5
    endloop
  endfacet
  facet normal -0.595765 0.803159 0
    outer loop
      vertex 151.494 76.4017 0
      vertex 149.445 74.8818 5
      vertex 151.494 76.4017 5
    endloop
  endfacet
  facet normal -0.595765 0.803159 0
    outer loop
      vertex 149.445 74.8818 5
      vertex 151.494 76.4017 0
      vertex 149.445 74.8818 0
    endloop
  endfacet
  facet normal -0.514035 0.857769 0
    outer loop
      vertex 149.445 74.8818 0
      vertex 147.256 73.57 5
      vertex 149.445 74.8818 5
    endloop
  endfacet
  facet normal -0.514035 0.857769 0
    outer loop
      vertex 147.256 73.57 5
      vertex 149.445 74.8818 0
      vertex 147.256 73.57 0
    endloop
  endfacet
  facet normal -0.146961 -0.989142 0
    outer loop
      vertex 137.548 122.375 0
      vertex 140.072 122 5
      vertex 137.548 122.375 5
    endloop
  endfacet
  facet normal -0.146961 -0.989142 -0
    outer loop
      vertex 140.072 122 5
      vertex 137.548 122.375 0
      vertex 140.072 122 0
    endloop
  endfacet
  facet normal -0.941618 0.336684 0
    outer loop
      vertex 159.021 86.5502 0
      vertex 159.88 88.9526 5
      vertex 159.88 88.9526 0
    endloop
  endfacet
  facet normal -0.941618 0.336684 0
    outer loop
      vertex 159.88 88.9526 5
      vertex 159.021 86.5502 0
      vertex 159.021 86.5502 5
    endloop
  endfacet
  facet normal -0.857735 -0.514092 0
    outer loop
      vertex 157.93 108.756 0
      vertex 156.618 110.945 5
      vertex 156.618 110.945 0
    endloop
  endfacet
  facet normal -0.857735 -0.514092 0
    outer loop
      vertex 156.618 110.945 5
      vertex 157.93 108.756 0
      vertex 157.93 108.756 5
    endloop
  endfacet
  facet normal -0.941644 -0.336609 0
    outer loop
      vertex 159.88 104.047 0
      vertex 159.021 106.45 5
      vertex 159.021 106.45 0
    endloop
  endfacet
  facet normal -0.941644 -0.336609 0
    outer loop
      vertex 159.021 106.45 5
      vertex 159.88 104.047 0
      vertex 159.88 104.047 5
    endloop
  endfacet
  facet normal -0.741056 0.671443 0
    outer loop
      vertex 153.385 78.1152 0
      vertex 155.098 80.0058 5
      vertex 155.098 80.0058 0
    endloop
  endfacet
  facet normal -0.741056 0.671443 0
    outer loop
      vertex 155.098 80.0058 5
      vertex 153.385 78.1152 0
      vertex 153.385 78.1152 5
    endloop
  endfacet
  facet normal -0.0490774 0.998795 0
    outer loop
      vertex 137.548 70.6252 0
      vertex 135 70.5 5
      vertex 137.548 70.6252 5
    endloop
  endfacet
  facet normal -0.0490774 0.998795 0
    outer loop
      vertex 135 70.5 5
      vertex 137.548 70.6252 0
      vertex 135 70.5 0
    endloop
  endfacet
  facet normal -0.903973 0.427589 0
    outer loop
      vertex 157.93 84.2437 0
      vertex 159.021 86.5502 5
      vertex 159.021 86.5502 0
    endloop
  endfacet
  facet normal -0.903973 0.427589 0
    outer loop
      vertex 159.021 86.5502 5
      vertex 157.93 84.2437 0
      vertex 157.93 84.2437 5
    endloop
  endfacet
  facet normal -0.671365 -0.741127 0
    outer loop
      vertex 151.494 116.598 0
      vertex 153.385 114.885 5
      vertex 151.494 116.598 5
    endloop
  endfacet
  facet normal -0.671365 -0.741127 -0
    outer loop
      vertex 153.385 114.885 5
      vertex 151.494 116.598 0
      vertex 153.385 114.885 0
    endloop
  endfacet
  facet normal -0.857683 0.514179 0
    outer loop
      vertex 156.618 82.0552 0
      vertex 157.93 84.2437 5
      vertex 157.93 84.2437 0
    endloop
  endfacet
  facet normal -0.857683 0.514179 0
    outer loop
      vertex 157.93 84.2437 5
      vertex 156.618 82.0552 0
      vertex 156.618 82.0552 5
    endloop
  endfacet
  facet normal -0.671472 0.74103 0
    outer loop
      vertex 153.385 78.1152 0
      vertex 151.494 76.4017 5
      vertex 153.385 78.1152 5
    endloop
  endfacet
  facet normal -0.671472 0.74103 0
    outer loop
      vertex 151.494 76.4017 5
      vertex 153.385 78.1152 0
      vertex 151.494 76.4017 0
    endloop
  endfacet
  facet normal -0.242997 0.970027 0
    outer loop
      vertex 142.547 71.6196 0
      vertex 140.072 70.9996 5
      vertex 142.547 71.6196 5
    endloop
  endfacet
  facet normal -0.242997 0.970027 0
    outer loop
      vertex 140.072 70.9996 5
      vertex 142.547 71.6196 0
      vertex 140.072 70.9996 0
    endloop
  endfacet
  facet normal -0.427665 -0.903937 0
    outer loop
      vertex 144.95 120.521 0
      vertex 147.256 119.43 5
      vertex 144.95 120.521 5
    endloop
  endfacet
  facet normal -0.427665 -0.903937 -0
    outer loop
      vertex 147.256 119.43 5
      vertex 144.95 120.521 0
      vertex 147.256 119.43 0
    endloop
  endfacet
  facet normal -0.0489992 -0.998799 0
    outer loop
      vertex 135 122.5 0
      vertex 137.548 122.375 5
      vertex 135 122.5 5
    endloop
  endfacet
  facet normal -0.0489992 -0.998799 -0
    outer loop
      vertex 137.548 122.375 5
      vertex 135 122.5 0
      vertex 137.548 122.375 0
    endloop
  endfacet
  facet normal -0.59579 -0.80314 0
    outer loop
      vertex 149.445 118.118 0
      vertex 151.494 116.598 5
      vertex 149.445 118.118 5
    endloop
  endfacet
  facet normal -0.59579 -0.80314 -0
    outer loop
      vertex 151.494 116.598 5
      vertex 149.445 118.118 0
      vertex 151.494 116.598 0
    endloop
  endfacet
  facet normal -0.741127 -0.671365 0
    outer loop
      vertex 155.098 112.994 0
      vertex 153.385 114.885 5
      vertex 153.385 114.885 0
    endloop
  endfacet
  facet normal -0.741127 -0.671365 0
    outer loop
      vertex 153.385 114.885 5
      vertex 155.098 112.994 0
      vertex 155.098 112.994 5
    endloop
  endfacet
  facet normal -0 0 1
    outer loop
      vertex 0 193 200
      vertex 200 187 200
      vertex 200 193 200
    endloop
  endfacet
  facet normal 0 0 1
    outer loop
      vertex 200 187 200
      vertex 0 193 200
      vertex 0 187 200
    endloop
  endfacet
  facet normal 0 -1 0
    outer loop
      vertex 0 187 19
      vertex 200 187 200
      vertex 0 187 200
    endloop
  endfacet
  facet normal 0 -1 -0
    outer loop
      vertex 200 187 200
      vertex 0 187 19
      vertex 200 187 19
    endloop
  endfacet
  facet normal -0 0 1
    outer loop
      vertex 0 6 200
      vertex 200 0 200
      vertex 200 6 200
    endloop
  endfacet
  facet normal 0 0 1
    outer loop
      vertex 200 0 200
      vertex 0 6 200
      vertex 0 0 200
    endloop
  endfacet
  facet normal 0 1 -0
    outer loop
      vertex 200 6 19
      vertex 0 6 200
      vertex 200 6 200
    endloop
  endfacet
  facet normal 0 1 0
    outer loop
      vertex 0 6 200
      vertex 200 6 19
      vertex 0 6 19
    endloop
  endfacet
  facet normal 0 -0.707107 0.707107
    outer loop
      vertex 0 173 5
      vertex 200 187 19
      vertex 0 187 19
    endloop
  endfacet
  facet normal 0 -0.707107 0.707107
    outer loop
      vertex 200 187 19
      vertex 0 173 5
      vertex 200 173 5
    endloop
  endfacet
  facet normal 0 0.707107 0.707107
    outer loop
      vertex 200 20 5
      vertex 0 6 19
      vertex 200 6 19
    endloop
  endfacet
  facet normal 0 0.707107 0.707107
    outer loop
      vertex 0 6 19
      vertex 200 20 5
      vertex 0 20 5
    endloop
  endfacet
endsolid PokeTrade_poke-trade.eu_poketrade-stojan-200mm_CC-BY-NC-SA-4.0
