solid PokeTrade_poke-trade.eu_poketrade-stojan-150mm_CC-BY-NC-SA-4.0
  facet normal 0 1 0
    outer loop
      vertex 39.9708 172 73.8408
      vertex 39.6616 172 72.8763
      vertex 39.6616 172 74.2127
    endloop
  endfacet
  facet normal 0 1 0
    outer loop
      vertex 40.2963 172 73.5213
      vertex 39.6616 172 72.8763
      vertex 39.9708 172 73.8408
    endloop
  endfacet
  facet normal 0 1 0
    outer loop
      vertex 40.6381 172 73.254
      vertex 39.6616 172 72.8763
      vertex 40.2963 172 73.5213
    endloop
  endfacet
  facet normal 0 1 0
    outer loop
      vertex 40.9961 172 73.0391
      vertex 39.6616 172 72.8763
      vertex 40.6381 172 73.254
    endloop
  endfacet
  facet normal 0 1 0
    outer loop
      vertex 41.7834 172 72.7558
      vertex 39.6616 172 72.8763
      vertex 41.376 172 72.8738
    endloop
  endfacet
  facet normal 0 1 0
    outer loop
      vertex 41.376 172 72.8738
      vertex 39.6616 172 72.8763
      vertex 40.9961 172 73.0391
    endloop
  endfacet
  facet normal 0 1 -0
    outer loop
      vertex 88.0306 172 70.2882
      vertex 86.5821 172 72.8763
      vertex 88.0306 172 72.8763
    endloop
  endfacet
  facet normal 0 1 0
    outer loop
      vertex 86.5821 172 72.8763
      vertex 88.0306 172 70.2882
      vertex 75.3584 172 72.7422
    endloop
  endfacet
  facet normal 0 1 0
    outer loop
      vertex 75.3584 172 72.7422
      vertex 88.0306 172 70.2882
      vertex 74.3379 172 72.6613
    endloop
  endfacet
  facet normal 0 1 0
    outer loop
      vertex 98.7469 172 73.9635
      vertex 98.4557 172 72.8763
      vertex 98.4557 172 74.3816
    endloop
  endfacet
  facet normal 0 1 0
    outer loop
      vertex 99.0589 172 73.606
      vertex 98.4557 172 72.8763
      vertex 98.7469 172 73.9635
    endloop
  endfacet
  facet normal 0 1 0
    outer loop
      vertex 99.3918 172 73.3092
      vertex 98.4557 172 72.8763
      vertex 99.0589 172 73.606
    endloop
  endfacet
  facet normal 0 1 0
    outer loop
      vertex 99.7455 172 73.073
      vertex 98.4557 172 72.8763
      vertex 99.3918 172 73.3092
    endloop
  endfacet
  facet normal 0 1 0
    outer loop
      vertex 100.128 172 72.8929
      vertex 98.4557 172 72.8763
      vertex 99.7455 172 73.073
    endloop
  endfacet
  facet normal 0 1 0
    outer loop
      vertex 90.9437 172 70.2882
      vertex 95.5425 172 72.8763
      vertex 98.4557 172 72.8763
    endloop
  endfacet
  facet normal 0 1 0
    outer loop
      vertex 95.5425 172 72.8763
      vertex 90.9437 172 70.2882
      vertex 93.9465 172 72.8763
    endloop
  endfacet
  facet normal 0 1 0
    outer loop
      vertex 100.546 172 72.7642
      vertex 98.4557 172 72.8763
      vertex 100.128 172 72.8929
    endloop
  endfacet
  facet normal 0 1 0
    outer loop
      vertex 101 172 72.687
      vertex 98.4557 172 72.8763
      vertex 100.546 172 72.7642
    endloop
  endfacet
  facet normal 0 1 0
    outer loop
      vertex 98.4557 172 72.8763
      vertex 101 172 72.687
      vertex 90.9437 172 70.2882
    endloop
  endfacet
  facet normal 0 1 0
    outer loop
      vertex 90.9437 172 70.2882
      vertex 101 172 72.687
      vertex 101.491 172 72.6613
    endloop
  endfacet
  facet normal 0 1 0
    outer loop
      vertex 93.9465 172 72.8763
      vertex 90.9437 172 70.2882
      vertex 90.9437 172 72.8763
    endloop
  endfacet
  facet normal 0 1 -0
    outer loop
      vertex 109.168 172 75.9333
      vertex 107.451 172 76.1634
      vertex 109.168 172 76.1634
    endloop
  endfacet
  facet normal 0 1 -0
    outer loop
      vertex 109.134 172 75.6101
      vertex 107.451 172 76.1634
      vertex 109.168 172 75.9333
    endloop
  endfacet
  facet normal -0 1 0
    outer loop
      vertex 102.313 172 75.3647
      vertex 107.451 172 76.1634
      vertex 103.683 172 75.3416
    endloop
  endfacet
  facet normal 0 1 -0
    outer loop
      vertex 109.032 172 75.3333
      vertex 107.451 172 76.1634
      vertex 109.134 172 75.6101
    endloop
  endfacet
  facet normal 0 1 0
    outer loop
      vertex 107.451 172 76.1634
      vertex 102.313 172 75.3647
      vertex 98.7967 172 76.1313
    endloop
  endfacet
  facet normal 0 1 -0
    outer loop
      vertex 101.931 172 75.2076
      vertex 98.7967 172 76.1313
      vertex 102.122 172 75.2802
    endloop
  endfacet
  facet normal 0 1 -0
    outer loop
      vertex 102.122 172 75.2802
      vertex 98.7967 172 76.1313
      vertex 102.313 172 75.3647
    endloop
  endfacet
  facet normal 0 1 -0
    outer loop
      vertex 108.861 172 75.1028
      vertex 107.451 172 76.1634
      vertex 109.032 172 75.3333
    endloop
  endfacet
  facet normal 0 1 0
    outer loop
      vertex 107.451 172 76.1634
      vertex 104.036 172 75.167
      vertex 103.683 172 75.3416
    endloop
  endfacet
  facet normal 0 1 0
    outer loop
      vertex 107.451 172 76.1634
      vertex 108.861 172 75.1028
      vertex 108.623 172 74.9186
    endloop
  endfacet
  facet normal 0 1 0
    outer loop
      vertex 107.451 172 76.1634
      vertex 104.403 172 75.0157
      vertex 104.036 172 75.167
    endloop
  endfacet
  facet normal 0 1 0
    outer loop
      vertex 107.451 172 76.1634
      vertex 108.623 172 74.9186
      vertex 108.312 172 74.7778
    endloop
  endfacet
  facet normal 0 1 0
    outer loop
      vertex 107.451 172 76.1634
      vertex 104.785 172 74.8877
      vertex 104.403 172 75.0157
    endloop
  endfacet
  facet normal 0 1 0
    outer loop
      vertex 107.451 172 76.1634
      vertex 105.18 172 74.7829
      vertex 104.785 172 74.8877
    endloop
  endfacet
  facet normal 0 1 0
    outer loop
      vertex 107.451 172 76.1634
      vertex 108.312 172 74.7778
      vertex 107.925 172 74.6772
    endloop
  endfacet
  facet normal 0 1 0
    outer loop
      vertex 107.451 172 76.1634
      vertex 105.591 172 74.7014
      vertex 105.18 172 74.7829
    endloop
  endfacet
  facet normal 0 1 0
    outer loop
      vertex 107.451 172 76.1634
      vertex 107.925 172 74.6772
      vertex 107.462 172 74.6168
    endloop
  endfacet
  facet normal 0 1 0
    outer loop
      vertex 107.451 172 76.1634
      vertex 106.019 172 74.6432
      vertex 105.591 172 74.7014
    endloop
  endfacet
  facet normal 0 1 0
    outer loop
      vertex 107.451 172 76.1634
      vertex 107.462 172 74.6168
      vertex 106.922 172 74.5967
    endloop
  endfacet
  facet normal 0 1 0
    outer loop
      vertex 107.451 172 76.1634
      vertex 106.462 172 74.6083
      vertex 106.019 172 74.6432
    endloop
  endfacet
  facet normal 0 1 0
    outer loop
      vertex 107.451 172 76.1634
      vertex 106.922 172 74.5967
      vertex 106.462 172 74.6083
    endloop
  endfacet
  facet normal 0 1 0
    outer loop
      vertex 80.5105 172 78.3752
      vertex 79.0658 172 77.4152
      vertex 79.0658 172 78.2447
    endloop
  endfacet
  facet normal 0 1 -0
    outer loop
      vertex 80.5105 172 76.0098
      vertex 79.0658 172 77.4152
      vertex 80.5105 172 78.3752
    endloop
  endfacet
  facet normal 0 1 0
    outer loop
      vertex 79.0658 172 77.4152
      vertex 80.5105 172 76.0098
      vertex 78.9851 172 76.387
    endloop
  endfacet
  facet normal 0 1 0
    outer loop
      vertex 78.9851 172 76.387
      vertex 80.5105 172 76.0098
      vertex 78.7433 172 75.4677
    endloop
  endfacet
  facet normal 0 1 0
    outer loop
      vertex 140.473 172 78.8437
      vertex 142.826 172 76.3907
      vertex 137.543 172 78.8437
    endloop
  endfacet
  facet normal 0 1 0
    outer loop
      vertex 137.543 172 78.8437
      vertex 135.301 172 77.4152
      vertex 135.301 172 78.2447
    endloop
  endfacet
  facet normal 0 1 0
    outer loop
      vertex 135.22 172 76.387
      vertex 137.543 172 78.8437
      vertex 142.826 172 76.3907
    endloop
  endfacet
  facet normal 0 1 0
    outer loop
      vertex 137.543 172 78.8437
      vertex 135.22 172 76.387
      vertex 135.301 172 77.4152
    endloop
  endfacet
  facet normal 0 1 0
    outer loop
      vertex 142.826 172 76.3907
      vertex 134.978 172 75.4677
      vertex 135.22 172 76.387
    endloop
  endfacet
  facet normal 0 1 0
    outer loop
      vertex 143.078 172 75.4544
      vertex 134.978 172 75.4677
      vertex 142.826 172 76.3907
    endloop
  endfacet
  facet normal 0 1 0
    outer loop
      vertex 143.078 172 75.4544
      vertex 134.575 172 74.6572
      vertex 134.978 172 75.4677
    endloop
  endfacet
  facet normal 0 1 0
    outer loop
      vertex 143.499 172 74.6371
      vertex 134.575 172 74.6572
      vertex 143.078 172 75.4544
    endloop
  endfacet
  facet normal 0 1 0
    outer loop
      vertex 143.499 172 74.6371
      vertex 134.011 172 73.9556
      vertex 134.575 172 74.6572
    endloop
  endfacet
  facet normal 0 1 0
    outer loop
      vertex 144.088 172 73.9388
      vertex 134.011 172 73.9556
      vertex 143.499 172 74.6371
    endloop
  endfacet
  facet normal 0 1 0
    outer loop
      vertex 144.088 172 73.9388
      vertex 133.313 172 73.3894
      vertex 134.011 172 73.9556
    endloop
  endfacet
  facet normal 0 1 0
    outer loop
      vertex 144.825 172 73.3799
      vertex 133.313 172 73.3894
      vertex 144.088 172 73.9388
    endloop
  endfacet
  facet normal 0 1 0
    outer loop
      vertex 144.825 172 73.3799
      vertex 132.507 172 72.9849
      vertex 133.313 172 73.3894
    endloop
  endfacet
  facet normal 0 1 0
    outer loop
      vertex 145.688 172 72.9807
      vertex 132.507 172 72.9849
      vertex 144.825 172 73.3799
    endloop
  endfacet
  facet normal 0 1 0
    outer loop
      vertex 145.688 172 72.9807
      vertex 131.593 172 72.7422
      vertex 132.507 172 72.9849
    endloop
  endfacet
  facet normal 0 1 0
    outer loop
      vertex 146.678 172 72.7411
      vertex 131.593 172 72.7422
      vertex 145.688 172 72.9807
    endloop
  endfacet
  facet normal 0 1 0
    outer loop
      vertex 100.6 172 0.6
      vertex 146.678 172 72.7411
      vertex 147.795 172 72.6613
    endloop
  endfacet
  facet normal 0 1 0
    outer loop
      vertex 146.678 172 72.7411
      vertex 123.683 172 69.3282
      vertex 131.593 172 72.7422
    endloop
  endfacet
  facet normal 0 1 0
    outer loop
      vertex 154.366 172 78.4466
      vertex 152.523 172 77.4152
      vertex 152.523 172 78.2447
    endloop
  endfacet
  facet normal 0 1 0
    outer loop
      vertex 154.366 172 78.4466
      vertex 152.442 172 76.387
      vertex 152.523 172 77.4152
    endloop
  endfacet
  facet normal 0 1 -0
    outer loop
      vertex 154.366 172 72.8763
      vertex 152.442 172 76.387
      vertex 154.366 172 78.4466
    endloop
  endfacet
  facet normal 0 1 0
    outer loop
      vertex 152.442 172 76.387
      vertex 154.366 172 72.8763
      vertex 152.2 172 75.4677
    endloop
  endfacet
  facet normal 0 1 0
    outer loop
      vertex 152.2 172 75.4677
      vertex 154.366 172 72.8763
      vertex 151.797 172 74.6572
    endloop
  endfacet
  facet normal 0 1 0
    outer loop
      vertex 154.366 172 72.8763
      vertex 151.233 172 73.9556
      vertex 151.797 172 74.6572
    endloop
  endfacet
  facet normal 0 1 0
    outer loop
      vertex 154.366 172 72.8763
      vertex 150.534 172 73.3894
      vertex 151.233 172 73.9556
    endloop
  endfacet
  facet normal 0 1 0
    outer loop
      vertex 154.366 172 72.8763
      vertex 149.729 172 72.9849
      vertex 150.534 172 73.3894
    endloop
  endfacet
  facet normal 0 1 0
    outer loop
      vertex 149.729 172 72.9849
      vertex 154.366 172 72.8763
      vertex 148.815 172 72.7422
    endloop
  endfacet
  facet normal 0 1 0
    outer loop
      vertex 66.0502 172 81.9925
      vertex 62.4942 172 78.1914
      vertex 62.4942 172 81.9925
    endloop
  endfacet
  facet normal 0 1 0
    outer loop
      vertex 95.5425 172 81.9925
      vertex 93.6942 172 79.9112
      vertex 93.6942 172 81.9925
    endloop
  endfacet
  facet normal 0 1 0
    outer loop
      vertex 90.9437 172 78.8276
      vertex 92.197 172 79.9112
      vertex 93.6942 172 79.9112
    endloop
  endfacet
  facet normal 0 1 0
    outer loop
      vertex 92.197 172 79.9112
      vertex 90.9437 172 78.8276
      vertex 91.8537 172 79.8972
    endloop
  endfacet
  facet normal -0 1 0
    outer loop
      vertex 90.9595 172 79.1197
      vertex 91.8537 172 79.8972
      vertex 90.9437 172 78.8276
    endloop
  endfacet
  facet normal 0 1 0
    outer loop
      vertex 91.8537 172 79.8972
      vertex 90.9595 172 79.1197
      vertex 91.5724 172 79.8552
    endloop
  endfacet
  facet normal -0 1 0
    outer loop
      vertex 91.0068 172 79.3603
      vertex 91.5724 172 79.8552
      vertex 90.9595 172 79.1197
    endloop
  endfacet
  facet normal -0 1 0
    outer loop
      vertex 91.0856 172 79.5494
      vertex 91.3532 172 79.7852
      vertex 91.0068 172 79.3603
    endloop
  endfacet
  facet normal 0 1 0
    outer loop
      vertex 91.3532 172 79.7852
      vertex 91.0856 172 79.5494
      vertex 91.196 172 79.6872
    endloop
  endfacet
  facet normal 0 1 0
    outer loop
      vertex 91.5724 172 79.8552
      vertex 91.0068 172 79.3603
      vertex 91.3532 172 79.7852
    endloop
  endfacet
  facet normal 0 1 0
    outer loop
      vertex 93.6942 172 79.9112
      vertex 93.9465 172 74.9576
      vertex 90.9437 172 78.8276
    endloop
  endfacet
  facet normal 0 1 0
    outer loop
      vertex 95.5425 172 81.9925
      vertex 93.9465 172 74.9576
      vertex 93.6942 172 79.9112
    endloop
  endfacet
  facet normal 0 1 -0
    outer loop
      vertex 95.5425 172 72.8763
      vertex 93.9465 172 74.9576
      vertex 95.5425 172 81.9925
    endloop
  endfacet
  facet normal 0 1 0
    outer loop
      vertex 93.9465 172 74.9576
      vertex 95.5425 172 72.8763
      vertex 93.9465 172 72.8763
    endloop
  endfacet
  facet normal 0 1 -0
    outer loop
      vertex 104.243 172 81.7662
      vertex 98.4557 172 81.9925
      vertex 104.785 172 82.0242
    endloop
  endfacet
  facet normal 0 1 -0
    outer loop
      vertex 103.769 172 81.4051
      vertex 98.4557 172 81.9925
      vertex 104.243 172 81.7662
    endloop
  endfacet
  facet normal 0 1 -0
    outer loop
      vertex 103.382 172 80.9616
      vertex 98.4557 172 81.9925
      vertex 103.769 172 81.4051
    endloop
  endfacet
  facet normal 0 1 -0
    outer loop
      vertex 103.106 172 80.4566
      vertex 98.4557 172 81.9925
      vertex 103.382 172 80.9616
    endloop
  endfacet
  facet normal 0 1 -0
    outer loop
      vertex 102.941 172 79.8901
      vertex 98.4557 172 81.9925
      vertex 103.106 172 80.4566
    endloop
  endfacet
  facet normal 0 1 0
    outer loop
      vertex 98.4557 172 77.7962
      vertex 102.941 172 79.8901
      vertex 102.886 172 79.262
    endloop
  endfacet
  facet normal 0 1 0
    outer loop
      vertex 98.4557 172 77.7962
      vertex 102.886 172 79.262
      vertex 102.955 172 78.5143
    endloop
  endfacet
  facet normal 0 1 0
    outer loop
      vertex 98.4936 172 77.1634
      vertex 102.955 172 78.5143
      vertex 103.161 172 77.8734
    endloop
  endfacet
  facet normal 0 1 0
    outer loop
      vertex 102.941 172 79.8901
      vertex 98.4557 172 77.7962
      vertex 98.4557 172 81.9925
    endloop
  endfacet
  facet normal 0 1 0
    outer loop
      vertex 98.7967 172 76.1313
      vertex 103.161 172 77.8734
      vertex 103.506 172 77.3392
    endloop
  endfacet
  facet normal 0 1 0
    outer loop
      vertex 102.955 172 78.5143
      vertex 98.4936 172 77.1634
      vertex 98.4557 172 77.7962
    endloop
  endfacet
  facet normal 0 1 0
    outer loop
      vertex 98.7967 172 76.1313
      vertex 103.506 172 77.3392
      vertex 103.988 172 76.9117
    endloop
  endfacet
  facet normal 0 1 0
    outer loop
      vertex 103.161 172 77.8734
      vertex 98.6073 172 76.6084
      vertex 98.4936 172 77.1634
    endloop
  endfacet
  facet normal 0 1 0
    outer loop
      vertex 98.7967 172 76.1313
      vertex 103.988 172 76.9117
      vertex 104.618 172 76.5843
    endloop
  endfacet
  facet normal 0 1 0
    outer loop
      vertex 98.7967 172 76.1313
      vertex 104.618 172 76.5843
      vertex 105.405 172 76.3505
    endloop
  endfacet
  facet normal 0 1 0
    outer loop
      vertex 98.7967 172 76.1313
      vertex 105.405 172 76.3505
      vertex 106.349 172 76.2102
    endloop
  endfacet
  facet normal 0 1 0
    outer loop
      vertex 103.161 172 77.8734
      vertex 98.7967 172 76.1313
      vertex 98.6073 172 76.6084
    endloop
  endfacet
  facet normal 0 1 0
    outer loop
      vertex 98.7967 172 76.1313
      vertex 106.349 172 76.2102
      vertex 107.451 172 76.1634
    endloop
  endfacet
  facet normal 0 1 -0
    outer loop
      vertex 50.6339 172 81.9132
      vertex 39.6616 172 85.4562
      vertex 51.6208 172 82.1512
    endloop
  endfacet
  facet normal 0 1 0
    outer loop
      vertex 39.6616 172 85.4562
      vertex 43.4851 172 82.1469
      vertex 42.6805 172 82.2306
    endloop
  endfacet
  facet normal 0 1 -0
    outer loop
      vertex 44.2144 172 81.896
      vertex 39.6616 172 85.4562
      vertex 50.6339 172 81.9132
    endloop
  endfacet
  facet normal 0 1 0
    outer loop
      vertex 39.6616 172 85.4562
      vertex 44.2144 172 81.896
      vertex 43.4851 172 82.1469
    endloop
  endfacet
  facet normal 0 1 -0
    outer loop
      vertex 49.7757 172 81.5166
      vertex 44.2144 172 81.896
      vertex 50.6339 172 81.9132
    endloop
  endfacet
  facet normal 0 1 0
    outer loop
      vertex 49.7757 172 81.5166
      vertex 44.8685 172 81.4777
      vertex 44.2144 172 81.896
    endloop
  endfacet
  facet normal 0 1 -0
    outer loop
      vertex 49.046 172 80.9612
      vertex 44.8685 172 81.4777
      vertex 49.7757 172 81.5166
    endloop
  endfacet
  facet normal 0 1 0
    outer loop
      vertex 49.046 172 80.9612
      vertex 45.4473 172 80.8921
      vertex 44.8685 172 81.4777
    endloop
  endfacet
  facet normal 0 1 -0
    outer loop
      vertex 48.464 172 80.2655
      vertex 45.4473 172 80.8921
      vertex 49.046 172 80.9612
    endloop
  endfacet
  facet normal 0 1 0
    outer loop
      vertex 48.464 172 80.2655
      vertex 45.9208 172 80.1747
      vertex 45.4473 172 80.8921
    endloop
  endfacet
  facet normal 0 1 -0
    outer loop
      vertex 48.0482 172 79.4476
      vertex 45.9208 172 80.1747
      vertex 48.464 172 80.2655
    endloop
  endfacet
  facet normal 0 1 0
    outer loop
      vertex 48.0482 172 79.4476
      vertex 46.259 172 79.3613
      vertex 45.9208 172 80.1747
    endloop
  endfacet
  facet normal 0 1 -0
    outer loop
      vertex 47.7988 172 78.5078
      vertex 46.259 172 79.3613
      vertex 48.0482 172 79.4476
    endloop
  endfacet
  facet normal 0 1 0
    outer loop
      vertex 47.7988 172 78.5078
      vertex 46.4619 172 78.4516
      vertex 46.259 172 79.3613
    endloop
  endfacet
  facet normal 0 1 -0
    outer loop
      vertex 47.7156 172 77.446
      vertex 46.4619 172 78.4516
      vertex 47.7988 172 78.5078
    endloop
  endfacet
  facet normal 0 1 0
    outer loop
      vertex 47.7156 172 77.446
      vertex 46.5295 172 77.446
      vertex 46.4619 172 78.4516
    endloop
  endfacet
  facet normal 0 1 0
    outer loop
      vertex 47.7156 172 77.446
      vertex 46.4619 172 76.4402
      vertex 46.5295 172 77.446
    endloop
  endfacet
  facet normal 0 1 0
    outer loop
      vertex 47.7988 172 76.3841
      vertex 46.4619 172 76.4402
      vertex 47.7156 172 77.446
    endloop
  endfacet
  facet normal 0 1 0
    outer loop
      vertex 47.7988 172 76.3841
      vertex 46.259 172 75.5307
      vertex 46.4619 172 76.4402
    endloop
  endfacet
  facet normal 0 1 0
    outer loop
      vertex 48.0482 172 75.4443
      vertex 46.259 172 75.5307
      vertex 47.7988 172 76.3841
    endloop
  endfacet
  facet normal 0 1 0
    outer loop
      vertex 48.0482 172 75.4443
      vertex 45.9208 172 74.7172
      vertex 46.259 172 75.5307
    endloop
  endfacet
  facet normal 0 1 0
    outer loop
      vertex 48.464 172 74.6265
      vertex 45.9208 172 74.7172
      vertex 48.0482 172 75.4443
    endloop
  endfacet
  facet normal 0 1 0
    outer loop
      vertex 48.464 172 74.6265
      vertex 45.4473 172 73.9999
      vertex 45.9208 172 74.7172
    endloop
  endfacet
  facet normal 0 1 0
    outer loop
      vertex 49.046 172 73.9308
      vertex 45.4473 172 73.9999
      vertex 48.464 172 74.6265
    endloop
  endfacet
  facet normal 0 1 0
    outer loop
      vertex 49.046 172 73.9308
      vertex 44.8685 172 73.4143
      vertex 45.4473 172 73.9999
    endloop
  endfacet
  facet normal 0 1 0
    outer loop
      vertex 49.7757 172 73.3754
      vertex 44.8685 172 73.4143
      vertex 49.046 172 73.9308
    endloop
  endfacet
  facet normal 0 1 0
    outer loop
      vertex 49.7757 172 73.3754
      vertex 44.2144 172 72.996
      vertex 44.8685 172 73.4143
    endloop
  endfacet
  facet normal 0 1 0
    outer loop
      vertex 50.6339 172 72.9787
      vertex 44.2144 172 72.996
      vertex 49.7757 172 73.3754
    endloop
  endfacet
  facet normal 0 1 0
    outer loop
      vertex 50.6339 172 72.9787
      vertex 43.4851 172 72.745
      vertex 44.2144 172 72.996
    endloop
  endfacet
  facet normal 0 1 0
    outer loop
      vertex 51.6208 172 72.7406
      vertex 43.4851 172 72.745
      vertex 50.6339 172 72.9787
    endloop
  endfacet
  facet normal 0 1 0
    outer loop
      vertex 59.5809 172 69.3282
      vertex 51.6208 172 72.7406
      vertex 52.7364 172 72.6613
    endloop
  endfacet
  facet normal 0 1 0
    outer loop
      vertex 51.6208 172 72.7406
      vertex 59.5809 172 69.3282
      vertex 43.4851 172 72.745
    endloop
  endfacet
  facet normal 0 1 -0
    outer loop
      vertex 69.5818 172 81.9925
      vertex 0 172 150
      vertex 73.3326 172 82.152
    endloop
  endfacet
  facet normal 0 1 -0
    outer loop
      vertex 62.4942 172 81.9925
      vertex 0 172 150
      vertex 66.0502 172 81.9925
    endloop
  endfacet
  facet normal 0 1 0
    outer loop
      vertex 0 172 150
      vertex 69.5818 172 81.9925
      vertex 66.0502 172 81.9925
    endloop
  endfacet
  facet normal 0 1 -0
    outer loop
      vertex 72.3025 172 81.9163
      vertex 69.5818 172 81.9925
      vertex 73.3326 172 82.152
    endloop
  endfacet
  facet normal 0 1 -0
    outer loop
      vertex 71.4102 172 81.5234
      vertex 69.5818 172 81.9925
      vertex 72.3025 172 81.9163
    endloop
  endfacet
  facet normal 0 1 -0
    outer loop
      vertex 70.6557 172 80.9734
      vertex 69.5818 172 81.9925
      vertex 71.4102 172 81.5234
    endloop
  endfacet
  facet normal 0 1 -0
    outer loop
      vertex 70.0558 172 80.2815
      vertex 69.5818 172 81.9925
      vertex 70.6557 172 80.9734
    endloop
  endfacet
  facet normal 0 1 -0
    outer loop
      vertex 69.6273 172 79.463
      vertex 69.5818 172 81.9925
      vertex 70.0558 172 80.2815
    endloop
  endfacet
  facet normal 0 1 0
    outer loop
      vertex 64.7808 172 77.06
      vertex 69.6273 172 79.463
      vertex 69.3702 172 78.5178
    endloop
  endfacet
  facet normal 0 1 0
    outer loop
      vertex 64.7808 172 77.06
      vertex 69.3702 172 78.5178
      vertex 69.2845 172 77.446
    endloop
  endfacet
  facet normal 0 1 0
    outer loop
      vertex 69.6273 172 79.463
      vertex 64.7808 172 77.06
      vertex 69.5818 172 81.9925
    endloop
  endfacet
  facet normal 0 1 0
    outer loop
      vertex 69.3687 172 76.3907
      vertex 64.7808 172 77.06
      vertex 69.2845 172 77.446
    endloop
  endfacet
  facet normal 0 1 0
    outer loop
      vertex 69.6212 172 75.4544
      vertex 64.7808 172 77.06
      vertex 69.3687 172 76.3907
    endloop
  endfacet
  facet normal 0 1 0
    outer loop
      vertex 69.2319 172 72.8763
      vertex 69.6212 172 75.4544
      vertex 70.0421 172 74.6371
    endloop
  endfacet
  facet normal 0 1 0
    outer loop
      vertex 69.2319 172 72.8763
      vertex 70.0421 172 74.6371
      vertex 70.6313 172 73.9388
    endloop
  endfacet
  facet normal 0 1 0
    outer loop
      vertex 69.2319 172 72.8763
      vertex 70.6313 172 73.9388
      vertex 71.368 172 73.3799
    endloop
  endfacet
  facet normal 0 1 0
    outer loop
      vertex 69.6212 172 75.4544
      vertex 69.2319 172 72.8763
      vertex 64.7808 172 77.06
    endloop
  endfacet
  facet normal 0 1 0
    outer loop
      vertex 72.2313 172 72.9807
      vertex 69.2319 172 72.8763
      vertex 71.368 172 73.3799
    endloop
  endfacet
  facet normal 0 1 0
    outer loop
      vertex 62.4942 172 69.3282
      vertex 69.2319 172 72.8763
      vertex 73.2213 172 72.7411
    endloop
  endfacet
  facet normal 0 1 0
    outer loop
      vertex 73.2213 172 72.7411
      vertex 69.2319 172 72.8763
      vertex 72.2313 172 72.9807
    endloop
  endfacet
  facet normal 0 1 0
    outer loop
      vertex 0 172 150
      vertex 75.0174 172 82.2181
      vertex 74.5006 172 82.2306
    endloop
  endfacet
  facet normal 0 1 -0
    outer loop
      vertex 91.1961 172 81.9925
      vertex 0 172 150
      vertex 93.6942 172 81.9925
    endloop
  endfacet
  facet normal 0 1 0
    outer loop
      vertex 98.4557 172 81.9925
      vertex 106.068 172 82.2306
      vertex 105.393 172 82.179
    endloop
  endfacet
  facet normal 0 1 -0
    outer loop
      vertex 90.3963 172 81.9475
      vertex 0 172 150
      vertex 91.1961 172 81.9925
    endloop
  endfacet
  facet normal 0 1 0
    outer loop
      vertex 0 172 150
      vertex 75.5341 172 82.1806
      vertex 75.0174 172 82.2181
    endloop
  endfacet
  facet normal 0 1 0
    outer loop
      vertex 98.4557 172 81.9925
      vertex 105.393 172 82.179
      vertex 104.785 172 82.0242
    endloop
  endfacet
  facet normal 0 1 0
    outer loop
      vertex 0 172 150
      vertex 98.4557 172 81.9925
      vertex 95.5425 172 81.9925
    endloop
  endfacet
  facet normal 0 1 0
    outer loop
      vertex 0 172 150
      vertex 95.5425 172 81.9925
      vertex 93.6942 172 81.9925
    endloop
  endfacet
  facet normal 0 1 0
    outer loop
      vertex 0 172 150
      vertex 90.3963 172 81.9475
      vertex 75.5341 172 82.1806
    endloop
  endfacet
  facet normal 0 1 0
    outer loop
      vertex 75.5341 172 82.1806
      vertex 90.3963 172 81.9475
      vertex 76.0509 172 82.1182
    endloop
  endfacet
  facet normal 0 1 0
    outer loop
      vertex 76.0509 172 82.1182
      vertex 90.3963 172 81.9475
      vertex 76.5676 172 82.0308
    endloop
  endfacet
  facet normal 0 1 0
    outer loop
      vertex 90.3963 172 81.9475
      vertex 77.0843 172 81.9189
      vertex 76.5676 172 82.0308
    endloop
  endfacet
  facet normal 0 1 -0
    outer loop
      vertex 89.7222 172 81.8125
      vertex 77.0843 172 81.9189
      vertex 90.3963 172 81.9475
    endloop
  endfacet
  facet normal 0 1 0
    outer loop
      vertex 89.7222 172 81.8125
      vertex 77.601 172 81.7831
      vertex 77.0843 172 81.9189
    endloop
  endfacet
  facet normal 0 1 0
    outer loop
      vertex 89.7222 172 81.8125
      vertex 78.1178 172 81.6233
      vertex 77.601 172 81.7831
    endloop
  endfacet
  facet normal 0 1 0
    outer loop
      vertex 78.6345 172 81.4395
      vertex 89.7222 172 81.8125
      vertex 89.1737 172 81.5875
    endloop
  endfacet
  facet normal 0 1 0
    outer loop
      vertex 89.7222 172 81.8125
      vertex 78.6345 172 81.4395
      vertex 78.1178 172 81.6233
    endloop
  endfacet
  facet normal 0 1 -0
    outer loop
      vertex 88.7507 172 81.2725
      vertex 78.6345 172 81.4395
      vertex 89.1737 172 81.5875
    endloop
  endfacet
  facet normal 0 1 -0
    outer loop
      vertex 88.4357 172 80.8496
      vertex 78.6345 172 81.4395
      vertex 88.7507 172 81.2725
    endloop
  endfacet
  facet normal 0 1 0
    outer loop
      vertex 85.6208 172 78.3752
      vertex 88.4357 172 80.8496
      vertex 88.2106 172 80.3012
    endloop
  endfacet
  facet normal 0 1 0
    outer loop
      vertex 85.6208 172 78.3752
      vertex 88.2106 172 80.3012
      vertex 88.0756 172 79.6272
    endloop
  endfacet
  facet normal 0 1 0
    outer loop
      vertex 88.4357 172 80.8496
      vertex 85.6208 172 78.3752
      vertex 78.6345 172 81.4395
    endloop
  endfacet
  facet normal 0 1 0
    outer loop
      vertex 85.6208 172 78.3752
      vertex 88.0756 172 79.6272
      vertex 88.0306 172 78.8276
    endloop
  endfacet
  facet normal 0 1 0
    outer loop
      vertex 78.6345 172 81.4395
      vertex 85.6208 172 78.3752
      vertex 80.5105 172 78.3752
    endloop
  endfacet
  facet normal 0 1 -0
    outer loop
      vertex 79.0658 172 78.2447
      vertex 78.6345 172 79.197
      vertex 80.5105 172 78.3752
    endloop
  endfacet
  facet normal 0 1 0
    outer loop
      vertex 78.6345 172 81.4395
      vertex 80.5105 172 78.3752
      vertex 78.6345 172 79.197
    endloop
  endfacet
  facet normal 0 1 0
    outer loop
      vertex 88.0306 172 78.8276
      vertex 85.6208 172 76.0098
      vertex 85.6208 172 78.3752
    endloop
  endfacet
  facet normal 0 1 0
    outer loop
      vertex 86.5821 172 72.8763
      vertex 80.5105 172 76.0098
      vertex 85.6208 172 76.0098
    endloop
  endfacet
  facet normal 0 1 -0
    outer loop
      vertex 88.0306 172 74.9576
      vertex 85.6208 172 76.0098
      vertex 88.0306 172 78.8276
    endloop
  endfacet
  facet normal 0 1 -0
    outer loop
      vertex 86.5821 172 74.9576
      vertex 85.6208 172 76.0098
      vertex 88.0306 172 74.9576
    endloop
  endfacet
  facet normal 0 1 -0
    outer loop
      vertex 86.5821 172 72.8763
      vertex 85.6208 172 76.0098
      vertex 86.5821 172 74.9576
    endloop
  endfacet
  facet normal -0 1 0
    outer loop
      vertex 78.3403 172 74.6572
      vertex 80.5105 172 76.0098
      vertex 86.5821 172 72.8763
    endloop
  endfacet
  facet normal 0 1 0
    outer loop
      vertex 80.5105 172 76.0098
      vertex 78.3403 172 74.6572
      vertex 78.7433 172 75.4677
    endloop
  endfacet
  facet normal 0 1 0
    outer loop
      vertex 78.3403 172 74.6572
      vertex 86.5821 172 72.8763
      vertex 77.776 172 73.9556
    endloop
  endfacet
  facet normal 0 1 0
    outer loop
      vertex 77.776 172 73.9556
      vertex 86.5821 172 72.8763
      vertex 77.0774 172 73.3894
    endloop
  endfacet
  facet normal 0 1 0
    outer loop
      vertex 77.0774 172 73.3894
      vertex 86.5821 172 72.8763
      vertex 76.2716 172 72.9849
    endloop
  endfacet
  facet normal 0 1 0
    outer loop
      vertex 76.2716 172 72.9849
      vertex 86.5821 172 72.8763
      vertex 75.3584 172 72.7422
    endloop
  endfacet
  facet normal 0 1 0
    outer loop
      vertex 200 172 150
      vertex 106.572 172 82.2069
      vertex 106.068 172 82.2306
    endloop
  endfacet
  facet normal 0 1 0
    outer loop
      vertex 112.105 172 81.9925
      vertex 117.75 172 82.2306
      vertex 116.946 172 82.1469
    endloop
  endfacet
  facet normal 0 1 0
    outer loop
      vertex 117.75 172 82.2306
      vertex 112.105 172 81.9925
      vertex 106.572 172 82.2069
    endloop
  endfacet
  facet normal 0 1 -0
    outer loop
      vertex 109.168 172 81.9925
      vertex 106.572 172 82.2069
      vertex 112.105 172 81.9925
    endloop
  endfacet
  facet normal 0 1 0
    outer loop
      vertex 106.572 172 82.2069
      vertex 109.168 172 81.9925
      vertex 107.038 172 82.1358
    endloop
  endfacet
  facet normal 0 1 -0
    outer loop
      vertex 116.216 172 81.896
      vertex 112.105 172 81.9925
      vertex 116.946 172 82.1469
    endloop
  endfacet
  facet normal 0 1 -0
    outer loop
      vertex 115.562 172 81.4777
      vertex 112.105 172 81.9925
      vertex 116.216 172 81.896
    endloop
  endfacet
  facet normal 0 1 -0
    outer loop
      vertex 114.984 172 80.8921
      vertex 112.105 172 81.9925
      vertex 115.562 172 81.4777
    endloop
  endfacet
  facet normal 0 1 -0
    outer loop
      vertex 114.51 172 80.1747
      vertex 112.105 172 81.9925
      vertex 114.984 172 80.8921
    endloop
  endfacet
  facet normal 0 1 -0
    outer loop
      vertex 114.172 172 79.3613
      vertex 112.105 172 81.9925
      vertex 114.51 172 80.1747
    endloop
  endfacet
  facet normal 0 1 -0
    outer loop
      vertex 113.969 172 78.4516
      vertex 112.105 172 81.9925
      vertex 114.172 172 79.3613
    endloop
  endfacet
  facet normal 0 1 0
    outer loop
      vertex 112.105 172 76.799
      vertex 113.969 172 78.4516
      vertex 113.901 172 77.446
    endloop
  endfacet
  facet normal 0 1 0
    outer loop
      vertex 113.969 172 78.4516
      vertex 112.105 172 76.799
      vertex 112.105 172 81.9925
    endloop
  endfacet
  facet normal 0 1 0
    outer loop
      vertex 113.969 172 76.4402
      vertex 112.105 172 76.799
      vertex 113.901 172 77.446
    endloop
  endfacet
  facet normal 0 1 0
    outer loop
      vertex 113.969 172 76.4402
      vertex 112.037 172 75.7796
      vertex 112.105 172 76.799
    endloop
  endfacet
  facet normal 0 1 0
    outer loop
      vertex 114.172 172 75.5307
      vertex 112.037 172 75.7796
      vertex 113.969 172 76.4402
    endloop
  endfacet
  facet normal 0 1 0
    outer loop
      vertex 114.172 172 75.5307
      vertex 111.832 172 74.9124
      vertex 112.037 172 75.7796
    endloop
  endfacet
  facet normal 0 1 0
    outer loop
      vertex 114.51 172 74.7172
      vertex 111.832 172 74.9124
      vertex 114.172 172 75.5307
    endloop
  endfacet
  facet normal 0 1 0
    outer loop
      vertex 114.51 172 74.7172
      vertex 111.49 172 74.1974
      vertex 111.832 172 74.9124
    endloop
  endfacet
  facet normal 0 1 0
    outer loop
      vertex 114.984 172 73.9999
      vertex 111.49 172 74.1974
      vertex 114.51 172 74.7172
    endloop
  endfacet
  facet normal 0 1 0
    outer loop
      vertex 114.984 172 73.9999
      vertex 111.011 172 73.6346
      vertex 111.49 172 74.1974
    endloop
  endfacet
  facet normal 0 1 0
    outer loop
      vertex 115.562 172 73.4143
      vertex 111.011 172 73.6346
      vertex 114.984 172 73.9999
    endloop
  endfacet
  facet normal 0 1 0
    outer loop
      vertex 115.562 172 73.4143
      vertex 110.378 172 73.2088
      vertex 111.011 172 73.6346
    endloop
  endfacet
  facet normal 0 1 0
    outer loop
      vertex 116.216 172 72.996
      vertex 110.378 172 73.2088
      vertex 115.562 172 73.4143
    endloop
  endfacet
  facet normal 0 1 0
    outer loop
      vertex 116.216 172 72.996
      vertex 109.574 172 72.9046
      vertex 110.378 172 73.2088
    endloop
  endfacet
  facet normal 0 1 0
    outer loop
      vertex 120.753 172 69.3282
      vertex 116.216 172 72.996
      vertex 116.946 172 72.745
    endloop
  endfacet
  facet normal 0 1 0
    outer loop
      vertex 116.216 172 72.996
      vertex 120.753 172 69.3282
      vertex 109.574 172 72.9046
    endloop
  endfacet
  facet normal 0 1 0
    outer loop
      vertex 120.753 172 69.3282
      vertex 116.946 172 72.745
      vertex 117.75 172 72.6613
    endloop
  endfacet
  facet normal 0 1 0
    outer loop
      vertex 109.574 172 72.9046
      vertex 120.753 172 69.3282
      vertex 108.598 172 72.7221
    endloop
  endfacet
  facet normal 0 1 0
    outer loop
      vertex 200 172 150
      vertex 118.212 172 82.2072
      vertex 117.75 172 82.2306
    endloop
  endfacet
  facet normal 0 1 0
    outer loop
      vertex 200 172 150
      vertex 129.568 172 82.152
      vertex 118.212 172 82.2072
    endloop
  endfacet
  facet normal 0 1 -0
    outer loop
      vertex 123.683 172 81.9925
      vertex 118.212 172 82.2072
      vertex 129.568 172 82.152
    endloop
  endfacet
  facet normal 0 1 -0
    outer loop
      vertex 120.753 172 81.9925
      vertex 118.212 172 82.2072
      vertex 123.683 172 81.9925
    endloop
  endfacet
  facet normal 0 1 0
    outer loop
      vertex 118.212 172 82.2072
      vertex 120.753 172 81.9925
      vertex 118.645 172 82.1372
    endloop
  endfacet
  facet normal 0 1 -0
    outer loop
      vertex 128.538 172 81.9163
      vertex 123.683 172 81.9925
      vertex 129.568 172 82.152
    endloop
  endfacet
  facet normal 0 1 -0
    outer loop
      vertex 127.645 172 81.5234
      vertex 123.683 172 81.9925
      vertex 128.538 172 81.9163
    endloop
  endfacet
  facet normal 0 1 -0
    outer loop
      vertex 126.891 172 80.9734
      vertex 123.683 172 81.9925
      vertex 127.645 172 81.5234
    endloop
  endfacet
  facet normal 0 1 -0
    outer loop
      vertex 126.291 172 80.2815
      vertex 123.683 172 81.9925
      vertex 126.891 172 80.9734
    endloop
  endfacet
  facet normal 0 1 -0
    outer loop
      vertex 125.862 172 79.463
      vertex 123.683 172 81.9925
      vertex 126.291 172 80.2815
    endloop
  endfacet
  facet normal 0 1 -0
    outer loop
      vertex 125.605 172 78.5178
      vertex 123.683 172 81.9925
      vertex 125.862 172 79.463
    endloop
  endfacet
  facet normal 0 1 -0
    outer loop
      vertex 125.52 172 77.446
      vertex 123.683 172 81.9925
      vertex 125.605 172 78.5178
    endloop
  endfacet
  facet normal 0 1 0
    outer loop
      vertex 125.604 172 76.3907
      vertex 123.683 172 81.9925
      vertex 125.52 172 77.446
    endloop
  endfacet
  facet normal 0 1 0
    outer loop
      vertex 123.683 172 69.3282
      vertex 125.604 172 76.3907
      vertex 125.856 172 75.4544
    endloop
  endfacet
  facet normal 0 1 0
    outer loop
      vertex 125.604 172 76.3907
      vertex 123.683 172 69.3282
      vertex 123.683 172 81.9925
    endloop
  endfacet
  facet normal 0 1 0
    outer loop
      vertex 126.277 172 74.6371
      vertex 123.683 172 69.3282
      vertex 125.856 172 75.4544
    endloop
  endfacet
  facet normal 0 1 0
    outer loop
      vertex 126.866 172 73.9388
      vertex 123.683 172 69.3282
      vertex 126.277 172 74.6371
    endloop
  endfacet
  facet normal 0 1 0
    outer loop
      vertex 127.603 172 73.3799
      vertex 123.683 172 69.3282
      vertex 126.866 172 73.9388
    endloop
  endfacet
  facet normal 0 1 0
    outer loop
      vertex 128.466 172 72.9807
      vertex 123.683 172 69.3282
      vertex 127.603 172 73.3799
    endloop
  endfacet
  facet normal 0 1 0
    outer loop
      vertex 129.456 172 72.7411
      vertex 123.683 172 69.3282
      vertex 128.466 172 72.9807
    endloop
  endfacet
  facet normal 0 1 0
    outer loop
      vertex 123.683 172 69.3282
      vertex 129.456 172 72.7411
      vertex 130.573 172 72.6613
    endloop
  endfacet
  facet normal 0 1 0
    outer loop
      vertex 200 172 150
      vertex 131.252 172 82.2181
      vertex 130.736 172 82.2306
    endloop
  endfacet
  facet normal 0 1 0
    outer loop
      vertex 137.543 172 81.9925
      vertex 200 172 150
      vertex 140.473 172 81.9925
    endloop
  endfacet
  facet normal 0 1 0
    outer loop
      vertex 200 172 150
      vertex 146.79 172 82.152
      vertex 140.473 172 81.9925
    endloop
  endfacet
  facet normal 0 1 0
    outer loop
      vertex 200 172 150
      vertex 137.543 172 81.9925
      vertex 131.252 172 82.2181
    endloop
  endfacet
  facet normal 0 1 0
    outer loop
      vertex 131.252 172 82.2181
      vertex 137.543 172 81.9925
      vertex 131.769 172 82.1806
    endloop
  endfacet
  facet normal 0 1 0
    outer loop
      vertex 131.769 172 82.1806
      vertex 137.543 172 81.9925
      vertex 132.286 172 82.1182
    endloop
  endfacet
  facet normal 0 1 -0
    outer loop
      vertex 145.759 172 81.9163
      vertex 140.473 172 81.9925
      vertex 146.79 172 82.152
    endloop
  endfacet
  facet normal 0 1 -0
    outer loop
      vertex 144.867 172 81.5234
      vertex 140.473 172 81.9925
      vertex 145.759 172 81.9163
    endloop
  endfacet
  facet normal 0 1 -0
    outer loop
      vertex 144.113 172 80.9734
      vertex 140.473 172 81.9925
      vertex 144.867 172 81.5234
    endloop
  endfacet
  facet normal 0 1 -0
    outer loop
      vertex 143.513 172 80.2815
      vertex 140.473 172 81.9925
      vertex 144.113 172 80.9734
    endloop
  endfacet
  facet normal 0 1 -0
    outer loop
      vertex 143.084 172 79.463
      vertex 140.473 172 81.9925
      vertex 143.513 172 80.2815
    endloop
  endfacet
  facet normal 0 1 0
    outer loop
      vertex 143.084 172 79.463
      vertex 140.473 172 78.8437
      vertex 140.473 172 81.9925
    endloop
  endfacet
  facet normal 0 1 0
    outer loop
      vertex 142.826 172 76.3907
      vertex 140.473 172 78.8437
      vertex 142.742 172 77.446
    endloop
  endfacet
  facet normal 0 1 -0
    outer loop
      vertex 142.827 172 78.5178
      vertex 140.473 172 78.8437
      vertex 143.084 172 79.463
    endloop
  endfacet
  facet normal 0 1 -0
    outer loop
      vertex 142.742 172 77.446
      vertex 140.473 172 78.8437
      vertex 142.827 172 78.5178
    endloop
  endfacet
  facet normal 0 1 0
    outer loop
      vertex 137.543 172 78.8437
      vertex 135.301 172 78.2447
      vertex 128.576 172 78.7253
    endloop
  endfacet
  facet normal 0 1 0
    outer loop
      vertex 128.576 172 78.7253
      vertex 135.301 172 78.2447
      vertex 128.49 172 78.2447
    endloop
  endfacet
  facet normal 0 1 0
    outer loop
      vertex 200 172 150
      vertex 148.474 172 82.2181
      vertex 147.958 172 82.2306
    endloop
  endfacet
  facet normal 0 1 0
    outer loop
      vertex 200 172 150
      vertex 148.991 172 82.1806
      vertex 148.474 172 82.2181
    endloop
  endfacet
  facet normal 0 1 -0
    outer loop
      vertex 156.855 172 82.1701
      vertex 148.991 172 82.1806
      vertex 157.597 172 82.2306
    endloop
  endfacet
  facet normal 0 1 0
    outer loop
      vertex 156.855 172 82.1701
      vertex 149.508 172 82.1182
      vertex 148.991 172 82.1806
    endloop
  endfacet
  facet normal 0 1 0
    outer loop
      vertex 156.855 172 82.1701
      vertex 150.025 172 82.0308
      vertex 149.508 172 82.1182
    endloop
  endfacet
  facet normal 0 1 0
    outer loop
      vertex 150.541 172 81.9189
      vertex 156.855 172 82.1701
      vertex 156.206 172 81.9885
    endloop
  endfacet
  facet normal 0 1 0
    outer loop
      vertex 156.855 172 82.1701
      vertex 150.541 172 81.9189
      vertex 150.025 172 82.0308
    endloop
  endfacet
  facet normal 0 1 0
    outer loop
      vertex 156.206 172 81.9885
      vertex 151.058 172 81.7831
      vertex 150.541 172 81.9189
    endloop
  endfacet
  facet normal 0 1 0
    outer loop
      vertex 152.091 172 81.4395
      vertex 156.206 172 81.9885
      vertex 155.652 172 81.6859
    endloop
  endfacet
  facet normal 0 1 0
    outer loop
      vertex 156.206 172 81.9885
      vertex 151.575 172 81.6233
      vertex 151.058 172 81.7831
    endloop
  endfacet
  facet normal 0 1 0
    outer loop
      vertex 156.206 172 81.9885
      vertex 152.091 172 81.4395
      vertex 151.575 172 81.6233
    endloop
  endfacet
  facet normal 0 1 -0
    outer loop
      vertex 155.192 172 81.2623
      vertex 152.091 172 81.4395
      vertex 155.652 172 81.6859
    endloop
  endfacet
  facet normal 0 1 -0
    outer loop
      vertex 154.831 172 80.7232
      vertex 152.091 172 81.4395
      vertex 155.192 172 81.2623
    endloop
  endfacet
  facet normal 0 1 -0
    outer loop
      vertex 154.573 172 80.0742
      vertex 152.091 172 81.4395
      vertex 154.831 172 80.7232
    endloop
  endfacet
  facet normal 0 1 0
    outer loop
      vertex 152.091 172 79.197
      vertex 154.573 172 80.0742
      vertex 154.418 172 79.3153
    endloop
  endfacet
  facet normal 0 1 0
    outer loop
      vertex 154.573 172 80.0742
      vertex 152.091 172 79.197
      vertex 152.091 172 81.4395
    endloop
  endfacet
  facet normal 0 1 0
    outer loop
      vertex 147.213 172 80.1671
      vertex 145.798 172 78.7253
      vertex 145.95 172 79.1418
    endloop
  endfacet
  facet normal 0 1 -0
    outer loop
      vertex 152.523 172 78.2447
      vertex 152.091 172 79.197
      vertex 154.418 172 79.3153
    endloop
  endfacet
  facet normal 0 1 0
    outer loop
      vertex 152.523 172 78.2447
      vertex 154.418 172 79.3153
      vertex 154.366 172 78.4466
    endloop
  endfacet
  facet normal 0 1 0
    outer loop
      vertex 151.586 172 79.456
      vertex 152.523 172 78.2447
      vertex 145.712 172 78.2447
    endloop
  endfacet
  facet normal 0 1 0
    outer loop
      vertex 151.586 172 79.456
      vertex 145.712 172 78.2447
      vertex 145.798 172 78.7253
    endloop
  endfacet
  facet normal 0 1 -0
    outer loop
      vertex 106.068 172 82.2306
      vertex 0 172 150
      vertex 200 172 150
    endloop
  endfacet
  facet normal 0 1 0
    outer loop
      vertex 148.991 172 82.1806
      vertex 200 172 150
      vertex 157.597 172 82.2306
    endloop
  endfacet
  facet normal 0 1 0
    outer loop
      vertex 200 172 150
      vertex 158.031 172 82.207
      vertex 157.597 172 82.2306
    endloop
  endfacet
  facet normal 0 1 -0
    outer loop
      vertex 163.529 172 81.9925
      vertex 158.031 172 82.207
      vertex 200 172 150
    endloop
  endfacet
  facet normal 0 1 0
    outer loop
      vertex 158.031 172 82.207
      vertex 160.616 172 81.9925
      vertex 158.446 172 82.1362
    endloop
  endfacet
  facet normal 0 1 0
    outer loop
      vertex 158.031 172 82.207
      vertex 163.529 172 81.9925
      vertex 160.616 172 81.9925
    endloop
  endfacet
  facet normal 0 1 0
    outer loop
      vertex 200 172 150
      vertex 163.529 172 72.8763
      vertex 163.529 172 81.9925
    endloop
  endfacet
  facet normal 0 1 0
    outer loop
      vertex 200 172 0
      vertex 160.616 172 72.8763
      vertex 163.529 172 72.8763
    endloop
  endfacet
  facet normal 0 1 0
    outer loop
      vertex 160.616 172 72.8763
      vertex 200 172 0
      vertex 157.296 172 72.8763
    endloop
  endfacet
  facet normal 0 1 0
    outer loop
      vertex 157.296 172 72.8763
      vertex 200 172 0
      vertex 154.366 172 72.8763
    endloop
  endfacet
  facet normal 0 1 0
    outer loop
      vertex 154.366 172 72.8763
      vertex 200 172 0
      vertex 148.815 172 72.7422
    endloop
  endfacet
  facet normal 0 1 0
    outer loop
      vertex 131.593 172 72.7422
      vertex 123.683 172 69.3282
      vertex 130.573 172 72.6613
    endloop
  endfacet
  facet normal 0 1 0
    outer loop
      vertex 148.815 172 72.7422
      vertex 200 172 0
      vertex 147.795 172 72.6613
    endloop
  endfacet
  facet normal 0 1 0
    outer loop
      vertex 100.6 172 0.6
      vertex 120.753 172 69.3282
      vertex 123.683 172 69.3282
    endloop
  endfacet
  facet normal 0 1 0
    outer loop
      vertex 120.753 172 69.3282
      vertex 99.4 172 0.6
      vertex 62.4942 172 69.3282
    endloop
  endfacet
  facet normal 0 1 0
    outer loop
      vertex 120.753 172 69.3282
      vertex 100.6 172 0.6
      vertex 99.4 172 0.6
    endloop
  endfacet
  facet normal 0 1 0
    outer loop
      vertex 146.678 172 72.7411
      vertex 100.6 172 0.6
      vertex 123.683 172 69.3282
    endloop
  endfacet
  facet normal 0 1 -0
    outer loop
      vertex 200 172 0
      vertex 163.529 172 72.8763
      vertex 200 172 150
    endloop
  endfacet
  facet normal 0 1 0
    outer loop
      vertex 147.795 172 72.6613
      vertex 200 172 0
      vertex 100.6 172 0.6
    endloop
  endfacet
  facet normal 0 1 0
    outer loop
      vertex 100.6 172 0.6
      vertex 200 172 0
      vertex 100.6 172 0
    endloop
  endfacet
  facet normal 0 1 -0
    outer loop
      vertex 36.7483 172 85.4562
      vertex 0 172 150
      vertex 39.6616 172 85.4562
    endloop
  endfacet
  facet normal 0 1 -0
    outer loop
      vertex 36.7483 172 72.8763
      vertex 0 172 150
      vertex 36.7483 172 85.4562
    endloop
  endfacet
  facet normal 0 1 0
    outer loop
      vertex 42.2182 172 72.6849
      vertex 39.6616 172 72.8763
      vertex 41.7834 172 72.7558
    endloop
  endfacet
  facet normal 0 1 0
    outer loop
      vertex 39.6616 172 72.8763
      vertex 42.2182 172 72.6849
      vertex 36.7483 172 72.8763
    endloop
  endfacet
  facet normal 0 1 0
    outer loop
      vertex 0 172 0
      vertex 42.2182 172 72.6849
      vertex 42.6805 172 72.6613
    endloop
  endfacet
  facet normal 0 1 0
    outer loop
      vertex 0 172 0
      vertex 42.6805 172 72.6613
      vertex 59.5809 172 69.3282
    endloop
  endfacet
  facet normal 0 1 0
    outer loop
      vertex 62.4942 172 69.3282
      vertex 99.4 172 0.6
      vertex 59.5809 172 69.3282
    endloop
  endfacet
  facet normal 0 1 0
    outer loop
      vertex 0 172 0
      vertex 59.5809 172 69.3282
      vertex 99.4 172 0.6
    endloop
  endfacet
  facet normal 0 1 0
    outer loop
      vertex 0 172 0
      vertex 99.4 172 0.6
      vertex 99.4 172 0
    endloop
  endfacet
  facet normal 0 1 0
    outer loop
      vertex 36.7483 172 72.8763
      vertex 0 172 0
      vertex 0 172 150
    endloop
  endfacet
  facet normal 0 1 0
    outer loop
      vertex 42.2182 172 72.6849
      vertex 0 172 0
      vertex 36.7483 172 72.8763
    endloop
  endfacet
  facet normal 0 1 0
    outer loop
      vertex 146.79 172 82.152
      vertex 200 172 150
      vertex 147.958 172 82.2306
    endloop
  endfacet
  facet normal 0 1 0
    outer loop
      vertex 129.568 172 82.152
      vertex 200 172 150
      vertex 130.736 172 82.2306
    endloop
  endfacet
  facet normal 0 1 0
    outer loop
      vertex 106.572 172 82.2069
      vertex 200 172 150
      vertex 117.75 172 82.2306
    endloop
  endfacet
  facet normal 0 1 -0
    outer loop
      vertex 98.4557 172 81.9925
      vertex 0 172 150
      vertex 106.068 172 82.2306
    endloop
  endfacet
  facet normal 0 1 -0
    outer loop
      vertex 73.3326 172 82.152
      vertex 0 172 150
      vertex 74.5006 172 82.2306
    endloop
  endfacet
  facet normal 0 1 0
    outer loop
      vertex 0 172 150
      vertex 52.7364 172 82.2306
      vertex 39.6616 172 85.4562
    endloop
  endfacet
  facet normal 0 1 -0
    outer loop
      vertex 51.6208 172 82.1512
      vertex 39.6616 172 85.4562
      vertex 52.7364 172 82.2306
    endloop
  endfacet
  facet normal 0 1 -0
    outer loop
      vertex 42.2182 172 82.207
      vertex 39.6616 172 85.4562
      vertex 42.6805 172 82.2306
    endloop
  endfacet
  facet normal 0 1 -0
    outer loop
      vertex 41.7834 172 82.1362
      vertex 39.6616 172 85.4562
      vertex 42.2182 172 82.207
    endloop
  endfacet
  facet normal 0 1 -0
    outer loop
      vertex 41.376 172 82.0181
      vertex 39.6616 172 85.4562
      vertex 41.7834 172 82.1362
    endloop
  endfacet
  facet normal 0 1 -0
    outer loop
      vertex 40.9961 172 81.8529
      vertex 39.6616 172 85.4562
      vertex 41.376 172 82.0181
    endloop
  endfacet
  facet normal 0 1 -0
    outer loop
      vertex 40.6381 172 81.6379
      vertex 39.6616 172 85.4562
      vertex 40.9961 172 81.8529
    endloop
  endfacet
  facet normal 0 1 -0
    outer loop
      vertex 40.2963 172 81.3706
      vertex 39.6616 172 85.4562
      vertex 40.6381 172 81.6379
    endloop
  endfacet
  facet normal 0 1 -0
    outer loop
      vertex 39.9708 172 81.0511
      vertex 39.6616 172 85.4562
      vertex 40.2963 172 81.3706
    endloop
  endfacet
  facet normal 0 1 0
    outer loop
      vertex 39.6616 172 85.4562
      vertex 39.9708 172 81.0511
      vertex 39.6616 172 80.6792
    endloop
  endfacet
  facet normal 0 1 0
    outer loop
      vertex 158.446 172 82.1362
      vertex 160.616 172 81.9925
      vertex 158.843 172 82.0181
    endloop
  endfacet
  facet normal 0 1 0
    outer loop
      vertex 160.616 172 81.9925
      vertex 159.22 172 81.8529
      vertex 158.843 172 82.0181
    endloop
  endfacet
  facet normal 0 1 0
    outer loop
      vertex 160.616 172 81.9925
      vertex 159.584 172 81.6379
      vertex 159.22 172 81.8529
    endloop
  endfacet
  facet normal 0 1 0
    outer loop
      vertex 160.616 172 81.9925
      vertex 159.937 172 81.3706
      vertex 159.584 172 81.6379
    endloop
  endfacet
  facet normal 0 1 0
    outer loop
      vertex 160.616 172 81.9925
      vertex 160.281 172 81.0511
      vertex 159.937 172 81.3706
    endloop
  endfacet
  facet normal -0 1 0
    outer loop
      vertex 160.281 172 81.0511
      vertex 160.616 172 81.9925
      vertex 160.616 172 80.6792
    endloop
  endfacet
  facet normal 0 1 0
    outer loop
      vertex 132.286 172 82.1182
      vertex 137.543 172 81.9925
      vertex 132.803 172 82.0308
    endloop
  endfacet
  facet normal 0 1 0
    outer loop
      vertex 137.543 172 81.9925
      vertex 133.319 172 81.9189
      vertex 132.803 172 82.0308
    endloop
  endfacet
  facet normal 0 1 0
    outer loop
      vertex 137.543 172 81.9925
      vertex 133.836 172 81.7831
      vertex 133.319 172 81.9189
    endloop
  endfacet
  facet normal 0 1 0
    outer loop
      vertex 137.543 172 81.9925
      vertex 134.353 172 81.6233
      vertex 133.836 172 81.7831
    endloop
  endfacet
  facet normal 0 1 0
    outer loop
      vertex 137.543 172 81.9925
      vertex 134.87 172 81.4395
      vertex 134.353 172 81.6233
    endloop
  endfacet
  facet normal 0 1 -0
    outer loop
      vertex 137.543 172 78.8437
      vertex 134.87 172 81.4395
      vertex 137.543 172 81.9925
    endloop
  endfacet
  facet normal 0 1 0
    outer loop
      vertex 134.87 172 81.4395
      vertex 137.543 172 78.8437
      vertex 134.87 172 79.197
    endloop
  endfacet
  facet normal 0 1 0
    outer loop
      vertex 128.576 172 78.7253
      vertex 134.87 172 79.197
      vertex 137.543 172 78.8437
    endloop
  endfacet
  facet normal 0 1 0
    outer loop
      vertex 134.87 172 79.197
      vertex 128.576 172 78.7253
      vertex 128.728 172 79.1418
    endloop
  endfacet
  facet normal 0 1 0
    outer loop
      vertex 118.645 172 82.1372
      vertex 120.753 172 81.9925
      vertex 119.05 172 82.0204
    endloop
  endfacet
  facet normal 0 1 0
    outer loop
      vertex 120.753 172 81.9925
      vertex 119.427 172 81.857
      vertex 119.05 172 82.0204
    endloop
  endfacet
  facet normal 0 1 0
    outer loop
      vertex 120.753 172 81.9925
      vertex 119.781 172 81.6433
      vertex 119.427 172 81.857
    endloop
  endfacet
  facet normal 0 1 0
    outer loop
      vertex 120.753 172 81.9925
      vertex 120.12 172 81.3757
      vertex 119.781 172 81.6433
    endloop
  endfacet
  facet normal 0 1 0
    outer loop
      vertex 120.753 172 81.9925
      vertex 120.444 172 81.0544
      vertex 120.12 172 81.3757
    endloop
  endfacet
  facet normal -0 1 0
    outer loop
      vertex 120.444 172 81.0544
      vertex 120.753 172 81.9925
      vertex 120.753 172 80.6792
    endloop
  endfacet
  facet normal 0 1 0
    outer loop
      vertex 107.038 172 82.1358
      vertex 109.168 172 81.9925
      vertex 107.463 172 82.0173
    endloop
  endfacet
  facet normal 0 1 0
    outer loop
      vertex 109.168 172 81.9925
      vertex 107.85 172 81.8515
      vertex 107.463 172 82.0173
    endloop
  endfacet
  facet normal 0 1 0
    outer loop
      vertex 109.168 172 81.9925
      vertex 108.207 172 81.6337
      vertex 107.85 172 81.8515
    endloop
  endfacet
  facet normal 0 1 0
    outer loop
      vertex 109.168 172 81.9925
      vertex 108.545 172 81.3593
      vertex 108.207 172 81.6337
    endloop
  endfacet
  facet normal 0 1 0
    outer loop
      vertex 109.168 172 81.9925
      vertex 108.866 172 81.0283
      vertex 108.545 172 81.3593
    endloop
  endfacet
  facet normal -0 1 0
    outer loop
      vertex 108.866 172 81.0283
      vertex 109.168 172 81.9925
      vertex 109.168 172 80.6408
    endloop
  endfacet
  facet normal 0 1 -0
    outer loop
      vertex 59.5809 172 81.9925
      vertex 0 172 150
      vertex 62.4942 172 81.9925
    endloop
  endfacet
  facet normal -0 1 -0
    outer loop
      vertex 53.8479 172 82.1512
      vertex 0 172 150
      vertex 59.5809 172 81.9925
    endloop
  endfacet
  facet normal 0 1 0
    outer loop
      vertex 0 172 150
      vertex 53.8479 172 82.1512
      vertex 52.7364 172 82.2306
    endloop
  endfacet
  facet normal 0 1 0
    outer loop
      vertex 59.5809 172 81.9925
      vertex 54.8308 172 81.9132
      vertex 53.8479 172 82.1512
    endloop
  endfacet
  facet normal 0 1 0
    outer loop
      vertex 59.5809 172 81.9925
      vertex 55.685 172 81.5166
      vertex 54.8308 172 81.9132
    endloop
  endfacet
  facet normal 0 1 0
    outer loop
      vertex 59.5809 172 81.9925
      vertex 56.4104 172 80.9612
      vertex 55.685 172 81.5166
    endloop
  endfacet
  facet normal 0 1 0
    outer loop
      vertex 59.5809 172 81.9925
      vertex 56.989 172 80.2655
      vertex 56.4104 172 80.9612
    endloop
  endfacet
  facet normal 0 1 0
    outer loop
      vertex 59.5809 172 81.9925
      vertex 57.4022 172 79.4476
      vertex 56.989 172 80.2655
    endloop
  endfacet
  facet normal 0 1 0
    outer loop
      vertex 59.5809 172 81.9925
      vertex 57.6502 172 78.5078
      vertex 57.4022 172 79.4476
    endloop
  endfacet
  facet normal 0 1 0
    outer loop
      vertex 59.5809 172 81.9925
      vertex 57.7328 172 77.446
      vertex 57.6502 172 78.5078
    endloop
  endfacet
  facet normal 0 1 0
    outer loop
      vertex 59.5809 172 81.9925
      vertex 57.6502 172 76.3841
      vertex 57.7328 172 77.446
    endloop
  endfacet
  facet normal 0 1 -0
    outer loop
      vertex 59.5809 172 69.3282
      vertex 57.6502 172 76.3841
      vertex 59.5809 172 81.9925
    endloop
  endfacet
  facet normal 0 1 0
    outer loop
      vertex 43.4851 172 72.745
      vertex 59.5809 172 69.3282
      vertex 42.6805 172 72.6613
    endloop
  endfacet
  facet normal 0 1 0
    outer loop
      vertex 53.8479 172 72.7406
      vertex 59.5809 172 69.3282
      vertex 52.7364 172 72.6613
    endloop
  endfacet
  facet normal 0 1 0
    outer loop
      vertex 54.8308 172 72.9787
      vertex 59.5809 172 69.3282
      vertex 53.8479 172 72.7406
    endloop
  endfacet
  facet normal 0 1 0
    outer loop
      vertex 55.685 172 73.3754
      vertex 59.5809 172 69.3282
      vertex 54.8308 172 72.9787
    endloop
  endfacet
  facet normal 0 1 0
    outer loop
      vertex 56.4104 172 73.9308
      vertex 59.5809 172 69.3282
      vertex 55.685 172 73.3754
    endloop
  endfacet
  facet normal 0 1 0
    outer loop
      vertex 56.989 172 74.6265
      vertex 59.5809 172 69.3282
      vertex 56.4104 172 73.9308
    endloop
  endfacet
  facet normal 0 1 0
    outer loop
      vertex 57.4022 172 75.4443
      vertex 59.5809 172 69.3282
      vertex 56.989 172 74.6265
    endloop
  endfacet
  facet normal 0 1 0
    outer loop
      vertex 57.6502 172 76.3841
      vertex 59.5809 172 69.3282
      vertex 57.4022 172 75.4443
    endloop
  endfacet
  facet normal 0 1 0
    outer loop
      vertex 145.798 172 78.7253
      vertex 148.226 172 80.2952
      vertex 148.689 172 80.2782
    endloop
  endfacet
  facet normal 0 1 0
    outer loop
      vertex 145.798 172 78.7253
      vertex 148.689 172 80.2782
      vertex 149.157 172 80.2271
    endloop
  endfacet
  facet normal 0 1 0
    outer loop
      vertex 145.798 172 78.7253
      vertex 147.688 172 80.2632
      vertex 148.226 172 80.2952
    endloop
  endfacet
  facet normal 0 1 0
    outer loop
      vertex 145.798 172 78.7253
      vertex 149.157 172 80.2271
      vertex 149.631 172 80.1419
    endloop
  endfacet
  facet normal 0 1 0
    outer loop
      vertex 145.798 172 78.7253
      vertex 149.631 172 80.1419
      vertex 150.11 172 80.0227
    endloop
  endfacet
  facet normal 0 1 0
    outer loop
      vertex 145.798 172 78.7253
      vertex 147.213 172 80.1671
      vertex 147.688 172 80.2632
    endloop
  endfacet
  facet normal 0 1 0
    outer loop
      vertex 145.798 172 78.7253
      vertex 150.11 172 80.0227
      vertex 150.595 172 79.8689
    endloop
  endfacet
  facet normal 0 1 0
    outer loop
      vertex 147.213 172 80.1671
      vertex 145.95 172 79.1418
      vertex 146.801 172 80.0069
    endloop
  endfacet
  facet normal 0 1 0
    outer loop
      vertex 145.798 172 78.7253
      vertex 150.595 172 79.8689
      vertex 151.087 172 79.68
    endloop
  endfacet
  facet normal 0 1 0
    outer loop
      vertex 146.801 172 80.0069
      vertex 145.95 172 79.1418
      vertex 146.452 172 79.7826
    endloop
  endfacet
  facet normal 0 1 0
    outer loop
      vertex 145.798 172 78.7253
      vertex 151.087 172 79.68
      vertex 151.586 172 79.456
    endloop
  endfacet
  facet normal 0 1 0
    outer loop
      vertex 152.523 172 78.2447
      vertex 151.586 172 79.456
      vertex 152.091 172 79.197
    endloop
  endfacet
  facet normal 0 1 0
    outer loop
      vertex 146.452 172 79.7826
      vertex 145.95 172 79.1418
      vertex 146.168 172 79.4942
    endloop
  endfacet
  facet normal 0 1 0
    outer loop
      vertex 128.728 172 79.1418
      vertex 131.004 172 80.2952
      vertex 131.467 172 80.2782
    endloop
  endfacet
  facet normal 0 1 0
    outer loop
      vertex 128.728 172 79.1418
      vertex 131.467 172 80.2782
      vertex 131.935 172 80.2271
    endloop
  endfacet
  facet normal 0 1 0
    outer loop
      vertex 131.004 172 80.2952
      vertex 128.728 172 79.1418
      vertex 130.466 172 80.2632
    endloop
  endfacet
  facet normal 0 1 0
    outer loop
      vertex 128.728 172 79.1418
      vertex 131.935 172 80.2271
      vertex 132.409 172 80.1419
    endloop
  endfacet
  facet normal 0 1 0
    outer loop
      vertex 128.728 172 79.1418
      vertex 132.409 172 80.1419
      vertex 132.888 172 80.0227
    endloop
  endfacet
  facet normal 0 1 0
    outer loop
      vertex 130.466 172 80.2632
      vertex 128.728 172 79.1418
      vertex 129.991 172 80.1671
    endloop
  endfacet
  facet normal 0 1 0
    outer loop
      vertex 128.728 172 79.1418
      vertex 132.888 172 80.0227
      vertex 133.373 172 79.8689
    endloop
  endfacet
  facet normal 0 1 0
    outer loop
      vertex 129.991 172 80.1671
      vertex 128.728 172 79.1418
      vertex 129.579 172 80.0069
    endloop
  endfacet
  facet normal 0 1 0
    outer loop
      vertex 128.728 172 79.1418
      vertex 133.373 172 79.8689
      vertex 133.866 172 79.68
    endloop
  endfacet
  facet normal 0 1 0
    outer loop
      vertex 129.579 172 80.0069
      vertex 128.728 172 79.1418
      vertex 129.23 172 79.7826
    endloop
  endfacet
  facet normal 0 1 0
    outer loop
      vertex 128.728 172 79.1418
      vertex 133.866 172 79.68
      vertex 134.364 172 79.456
    endloop
  endfacet
  facet normal 0 1 0
    outer loop
      vertex 128.728 172 79.1418
      vertex 134.364 172 79.456
      vertex 134.87 172 79.197
    endloop
  endfacet
  facet normal 0 1 0
    outer loop
      vertex 129.23 172 79.7826
      vertex 128.728 172 79.1418
      vertex 128.946 172 79.4942
    endloop
  endfacet
  facet normal 0 1 0
    outer loop
      vertex 72.4927 172 79.1418
      vertex 74.7691 172 80.2952
      vertex 75.2317 172 80.2782
    endloop
  endfacet
  facet normal 0 1 0
    outer loop
      vertex 72.4927 172 79.1418
      vertex 75.2317 172 80.2782
      vertex 75.6999 172 80.2271
    endloop
  endfacet
  facet normal 0 1 0
    outer loop
      vertex 74.7691 172 80.2952
      vertex 72.4927 172 79.1418
      vertex 74.231 172 80.2632
    endloop
  endfacet
  facet normal 0 1 0
    outer loop
      vertex 72.4927 172 79.1418
      vertex 75.6999 172 80.2271
      vertex 76.1736 172 80.1419
    endloop
  endfacet
  facet normal 0 1 0
    outer loop
      vertex 72.4927 172 79.1418
      vertex 76.1736 172 80.1419
      vertex 76.6529 172 80.0227
    endloop
  endfacet
  facet normal 0 1 0
    outer loop
      vertex 74.231 172 80.2632
      vertex 72.4927 172 79.1418
      vertex 73.756 172 80.1671
    endloop
  endfacet
  facet normal 0 1 0
    outer loop
      vertex 72.4927 172 79.1418
      vertex 76.6529 172 80.0227
      vertex 77.1384 172 79.8689
    endloop
  endfacet
  facet normal 0 1 0
    outer loop
      vertex 73.756 172 80.1671
      vertex 72.4927 172 79.1418
      vertex 73.3441 172 80.0069
    endloop
  endfacet
  facet normal 0 1 0
    outer loop
      vertex 72.4927 172 79.1418
      vertex 77.1384 172 79.8689
      vertex 77.6305 172 79.68
    endloop
  endfacet
  facet normal 0 1 0
    outer loop
      vertex 73.3441 172 80.0069
      vertex 72.4927 172 79.1418
      vertex 72.9952 172 79.7826
    endloop
  endfacet
  facet normal 0 1 0
    outer loop
      vertex 72.4927 172 79.1418
      vertex 77.6305 172 79.68
      vertex 78.1292 172 79.456
    endloop
  endfacet
  facet normal 0 1 0
    outer loop
      vertex 72.4927 172 79.1418
      vertex 78.1292 172 79.456
      vertex 78.6345 172 79.197
    endloop
  endfacet
  facet normal 0 1 0
    outer loop
      vertex 72.9952 172 79.7826
      vertex 72.4927 172 79.1418
      vertex 72.7109 172 79.4942
    endloop
  endfacet
  facet normal 0 1 0
    outer loop
      vertex 72.2547 172 78.2447
      vertex 78.6345 172 79.197
      vertex 79.0658 172 78.2447
    endloop
  endfacet
  facet normal 0 1 0
    outer loop
      vertex 78.6345 172 79.197
      vertex 72.2547 172 78.2447
      vertex 72.4927 172 79.1418
    endloop
  endfacet
  facet normal 0 1 0
    outer loop
      vertex 72.4927 172 79.1418
      vertex 72.2547 172 78.2447
      vertex 72.3406 172 78.7253
    endloop
  endfacet
  facet normal 0 1 -0
    outer loop
      vertex 101.741 172 75.1467
      vertex 98.7967 172 76.1313
      vertex 101.931 172 75.2076
    endloop
  endfacet
  facet normal 0 1 -0
    outer loop
      vertex 101.552 172 75.0977
      vertex 98.7967 172 76.1313
      vertex 101.741 172 75.1467
    endloop
  endfacet
  facet normal 0 1 -0
    outer loop
      vertex 101.363 172 75.0599
      vertex 98.7967 172 76.1313
      vertex 101.552 172 75.0977
    endloop
  endfacet
  facet normal 0 1 -0
    outer loop
      vertex 101.173 172 75.033
      vertex 98.7967 172 76.1313
      vertex 101.363 172 75.0599
    endloop
  endfacet
  facet normal 0 1 -0
    outer loop
      vertex 100.982 172 75.0168
      vertex 98.7967 172 76.1313
      vertex 101.173 172 75.033
    endloop
  endfacet
  facet normal 0 1 -0
    outer loop
      vertex 100.791 172 75.0114
      vertex 98.7967 172 76.1313
      vertex 100.982 172 75.0168
    endloop
  endfacet
  facet normal -0 1 -0
    outer loop
      vertex 100.262 172 75.0564
      vertex 98.7967 172 76.1313
      vertex 100.791 172 75.0114
    endloop
  endfacet
  facet normal 0 1 0
    outer loop
      vertex 98.7967 172 76.1313
      vertex 100.262 172 75.0564
      vertex 99.062 172 75.7321
    endloop
  endfacet
  facet normal -0 1 -0
    outer loop
      vertex 99.7974 172 75.1916
      vertex 99.062 172 75.7321
      vertex 100.262 172 75.0564
    endloop
  endfacet
  facet normal 0 1 0
    outer loop
      vertex 99.062 172 75.7321
      vertex 99.7974 172 75.1916
      vertex 99.3974 172 75.4168
    endloop
  endfacet
  facet normal 0 1 -0
    outer loop
      vertex 103.683 172 73.1221
      vertex 102.313 172 75.3647
      vertex 103.683 172 75.3416
    endloop
  endfacet
  facet normal 0 1 0
    outer loop
      vertex 103.683 172 73.1221
      vertex 102.305 172 72.725
      vertex 102.313 172 75.3647
    endloop
  endfacet
  facet normal 0 1 0
    outer loop
      vertex 104.151 172 73.0158
      vertex 102.305 172 72.725
      vertex 103.683 172 73.1221
    endloop
  endfacet
  facet normal 0 1 0
    outer loop
      vertex 104.621 172 72.9231
      vertex 102.305 172 72.725
      vertex 104.151 172 73.0158
    endloop
  endfacet
  facet normal 0 1 0
    outer loop
      vertex 105.091 172 72.844
      vertex 102.305 172 72.725
      vertex 104.621 172 72.9231
    endloop
  endfacet
  facet normal 0 1 0
    outer loop
      vertex 105.563 172 72.7785
      vertex 102.305 172 72.725
      vertex 105.091 172 72.844
    endloop
  endfacet
  facet normal 0 1 0
    outer loop
      vertex 106.035 172 72.7272
      vertex 102.305 172 72.725
      vertex 105.563 172 72.7785
    endloop
  endfacet
  facet normal 0 1 0
    outer loop
      vertex 106.035 172 72.7272
      vertex 102.152 172 72.7068
      vertex 102.305 172 72.725
    endloop
  endfacet
  facet normal 0 1 0
    outer loop
      vertex 106.035 172 72.7272
      vertex 102.018 172 72.6922
      vertex 102.152 172 72.7068
    endloop
  endfacet
  facet normal 0 1 0
    outer loop
      vertex 106.507 172 72.6906
      vertex 102.018 172 72.6922
      vertex 106.035 172 72.7272
    endloop
  endfacet
  facet normal 0 1 0
    outer loop
      vertex 106.507 172 72.6906
      vertex 101.903 172 72.681
      vertex 102.018 172 72.6922
    endloop
  endfacet
  facet normal 0 1 0
    outer loop
      vertex 106.507 172 72.6906
      vertex 101.808 172 72.6733
      vertex 101.903 172 72.681
    endloop
  endfacet
  facet normal 0 1 0
    outer loop
      vertex 90.9437 172 70.2882
      vertex 106.507 172 72.6906
      vertex 106.979 172 72.6686
    endloop
  endfacet
  facet normal 0 1 0
    outer loop
      vertex 106.507 172 72.6906
      vertex 101.724 172 72.6681
      vertex 101.808 172 72.6733
    endloop
  endfacet
  facet normal 0 1 0
    outer loop
      vertex 106.507 172 72.6906
      vertex 90.9437 172 70.2882
      vertex 101.724 172 72.6681
    endloop
  endfacet
  facet normal 0 1 0
    outer loop
      vertex 101.724 172 72.6681
      vertex 90.9437 172 70.2882
      vertex 101.644 172 72.6643
    endloop
  endfacet
  facet normal 0 1 0
    outer loop
      vertex 120.753 172 69.3282
      vertex 106.979 172 72.6686
      vertex 107.451 172 72.6613
    endloop
  endfacet
  facet normal -0 1 0
    outer loop
      vertex 90.9437 172 70.2882
      vertex 106.979 172 72.6686
      vertex 120.753 172 69.3282
    endloop
  endfacet
  facet normal 0 1 0
    outer loop
      vertex 90.9437 172 78.8276
      vertex 93.9465 172 74.9576
      vertex 90.9437 172 74.9576
    endloop
  endfacet
  facet normal 0 1 0
    outer loop
      vertex 157.37 172 78.9533
      vertex 158.481 172 80.0167
      vertex 158.663 172 80.0264
    endloop
  endfacet
  facet normal 0 1 0
    outer loop
      vertex 157.37 172 78.9533
      vertex 158.663 172 80.0264
      vertex 159.094 172 79.9826
    endloop
  endfacet
  facet normal 0 1 0
    outer loop
      vertex 158.481 172 80.0167
      vertex 157.37 172 78.9533
      vertex 158.31 172 79.9877
    endloop
  endfacet
  facet normal -0 1 0
    outer loop
      vertex 157.414 172 79.1459
      vertex 158.31 172 79.9877
      vertex 157.37 172 78.9533
    endloop
  endfacet
  facet normal 0 1 0
    outer loop
      vertex 157.336 172 78.7275
      vertex 159.094 172 79.9826
      vertex 159.477 172 79.8513
    endloop
  endfacet
  facet normal 0 1 0
    outer loop
      vertex 158.31 172 79.9877
      vertex 157.414 172 79.1459
      vertex 158.149 172 79.9394
    endloop
  endfacet
  facet normal 0 1 0
    outer loop
      vertex 158.149 172 79.9394
      vertex 157.414 172 79.1459
      vertex 158 172 79.8717
    endloop
  endfacet
  facet normal 0 1 0
    outer loop
      vertex 157.336 172 78.7275
      vertex 159.477 172 79.8513
      vertex 159.81 172 79.6325
    endloop
  endfacet
  facet normal 0 1 0
    outer loop
      vertex 158 172 79.8717
      vertex 157.414 172 79.1459
      vertex 157.862 172 79.7862
    endloop
  endfacet
  facet normal 0 1 0
    outer loop
      vertex 157.738 172 79.6844
      vertex 157.414 172 79.1459
      vertex 157.628 172 79.5663
    endloop
  endfacet
  facet normal 0 1 0
    outer loop
      vertex 157.336 172 78.7275
      vertex 159.81 172 79.6325
      vertex 160.095 172 79.3261
    endloop
  endfacet
  facet normal 0 1 0
    outer loop
      vertex 157.628 172 79.5663
      vertex 157.414 172 79.1459
      vertex 157.532 172 79.4319
    endloop
  endfacet
  facet normal 0 1 0
    outer loop
      vertex 157.532 172 79.4319
      vertex 157.414 172 79.1459
      vertex 157.468 172 79.3055
    endloop
  endfacet
  facet normal 0 1 0
    outer loop
      vertex 157.862 172 79.7862
      vertex 157.414 172 79.1459
      vertex 157.738 172 79.6844
    endloop
  endfacet
  facet normal 0 1 0
    outer loop
      vertex 157.311 172 78.4468
      vertex 160.095 172 79.3261
      vertex 160.323 172 78.9418
    endloop
  endfacet
  facet normal 0 1 0
    outer loop
      vertex 159.094 172 79.9826
      vertex 157.336 172 78.7275
      vertex 157.37 172 78.9533
    endloop
  endfacet
  facet normal 0 1 0
    outer loop
      vertex 157.311 172 78.4468
      vertex 160.323 172 78.9418
      vertex 160.486 172 78.4893
    endloop
  endfacet
  facet normal 0 1 0
    outer loop
      vertex 160.095 172 79.3261
      vertex 157.311 172 78.4468
      vertex 157.336 172 78.7275
    endloop
  endfacet
  facet normal 0 1 0
    outer loop
      vertex 160.486 172 78.4893
      vertex 157.294 172 78.0893
      vertex 157.311 172 78.4468
    endloop
  endfacet
  facet normal 0 1 0
    outer loop
      vertex 160.583 172 77.9686
      vertex 157.294 172 78.0893
      vertex 160.486 172 78.4893
    endloop
  endfacet
  facet normal 0 1 0
    outer loop
      vertex 160.583 172 77.9686
      vertex 157.283 172 77.6549
      vertex 157.294 172 78.0893
    endloop
  endfacet
  facet normal 0 1 0
    outer loop
      vertex 160.616 172 77.3797
      vertex 157.283 172 77.6549
      vertex 160.583 172 77.9686
    endloop
  endfacet
  facet normal 0 1 0
    outer loop
      vertex 160.616 172 77.3797
      vertex 157.279 172 77.1437
      vertex 157.283 172 77.6549
    endloop
  endfacet
  facet normal 0 1 0
    outer loop
      vertex 160.616 172 77.3797
      vertex 157.28 172 76.9098
      vertex 157.279 172 77.1437
    endloop
  endfacet
  facet normal 0 1 0
    outer loop
      vertex 160.616 172 77.3797
      vertex 157.281 172 76.5828
      vertex 157.28 172 76.9098
    endloop
  endfacet
  facet normal 0 1 0
    outer loop
      vertex 160.616 172 77.3797
      vertex 157.284 172 76.1626
      vertex 157.281 172 76.5828
    endloop
  endfacet
  facet normal 0 1 0
    outer loop
      vertex 160.616 172 77.3797
      vertex 157.288 172 75.6493
      vertex 157.284 172 76.1626
    endloop
  endfacet
  facet normal 0 1 0
    outer loop
      vertex 160.616 172 77.3797
      vertex 157.291 172 75.1131
      vertex 157.288 172 75.6493
    endloop
  endfacet
  facet normal 0 1 -0
    outer loop
      vertex 160.616 172 72.8763
      vertex 157.291 172 75.1131
      vertex 160.616 172 77.3797
    endloop
  endfacet
  facet normal 0 1 0
    outer loop
      vertex 157.291 172 75.1131
      vertex 160.616 172 72.8763
      vertex 157.294 172 74.6242
    endloop
  endfacet
  facet normal 0 1 0
    outer loop
      vertex 157.294 172 74.6242
      vertex 160.616 172 72.8763
      vertex 157.295 172 74.1827
    endloop
  endfacet
  facet normal 0 1 0
    outer loop
      vertex 157.295 172 74.1827
      vertex 160.616 172 72.8763
      vertex 157.296 172 73.7885
    endloop
  endfacet
  facet normal 0 1 0
    outer loop
      vertex 157.296 172 73.7885
      vertex 160.616 172 72.8763
      vertex 157.296 172 72.8763
    endloop
  endfacet
  facet normal 0 1 0
    outer loop
      vertex 62.4942 172 69.3282
      vertex 73.2213 172 72.7411
      vertex 74.3379 172 72.6613
    endloop
  endfacet
  facet normal 0 1 0
    outer loop
      vertex 62.4942 172 69.3282
      vertex 74.3379 172 72.6613
      vertex 88.0306 172 70.2882
    endloop
  endfacet
  facet normal 0 1 0
    outer loop
      vertex 65.8467 172 72.8763
      vertex 62.4942 172 69.3282
      vertex 62.4942 172 76.2217
    endloop
  endfacet
  facet normal 0 1 0
    outer loop
      vertex 69.2319 172 72.8763
      vertex 62.4942 172 69.3282
      vertex 65.8467 172 72.8763
    endloop
  endfacet
  facet normal 0 1 0
    outer loop
      vertex 62.4942 172 69.3282
      vertex 88.0306 172 70.2882
      vertex 120.753 172 69.3282
    endloop
  endfacet
  facet normal 0 1 0
    outer loop
      vertex 108.598 172 72.7221
      vertex 120.753 172 69.3282
      vertex 107.451 172 72.6613
    endloop
  endfacet
  facet normal 0 1 0
    outer loop
      vertex 101.644 172 72.6643
      vertex 90.9437 172 70.2882
      vertex 101.566 172 72.6621
    endloop
  endfacet
  facet normal 0 1 0
    outer loop
      vertex 120.753 172 69.3282
      vertex 117.75 172 72.6613
      vertex 118.209 172 72.6849
    endloop
  endfacet
  facet normal 0 1 0
    outer loop
      vertex 90.9437 172 70.2882
      vertex 120.753 172 69.3282
      vertex 88.0306 172 70.2882
    endloop
  endfacet
  facet normal 0 1 0
    outer loop
      vertex 101.566 172 72.6621
      vertex 90.9437 172 70.2882
      vertex 101.491 172 72.6613
    endloop
  endfacet
  facet normal 0 1 0
    outer loop
      vertex 118.64 172 72.7558
      vertex 120.753 172 69.3282
      vertex 118.209 172 72.6849
    endloop
  endfacet
  facet normal 0 1 0
    outer loop
      vertex 119.045 172 72.8738
      vertex 120.753 172 69.3282
      vertex 118.64 172 72.7558
    endloop
  endfacet
  facet normal 0 1 0
    outer loop
      vertex 119.423 172 73.0391
      vertex 120.753 172 69.3282
      vertex 119.045 172 72.8738
    endloop
  endfacet
  facet normal 0 1 0
    outer loop
      vertex 119.779 172 73.254
      vertex 120.753 172 69.3282
      vertex 119.423 172 73.0391
    endloop
  endfacet
  facet normal 0 1 0
    outer loop
      vertex 120.119 172 73.5213
      vertex 120.753 172 69.3282
      vertex 119.779 172 73.254
    endloop
  endfacet
  facet normal 0 1 0
    outer loop
      vertex 120.444 172 73.8408
      vertex 120.753 172 69.3282
      vertex 120.119 172 73.5213
    endloop
  endfacet
  facet normal 0 1 -0
    outer loop
      vertex 120.753 172 69.3282
      vertex 120.444 172 73.8408
      vertex 120.753 172 74.2127
    endloop
  endfacet
  facet normal 0 1 0
    outer loop
      vertex 120.476 172 79.0471
      vertex 118.833 172 80.1109
      vertex 119.273 172 80.0682
    endloop
  endfacet
  facet normal 0 1 0
    outer loop
      vertex 120.261 172 79.4275
      vertex 119.273 172 80.0682
      vertex 119.658 172 79.94
    endloop
  endfacet
  facet normal 0 1 0
    outer loop
      vertex 120.476 172 79.0471
      vertex 119.273 172 80.0682
      vertex 120.261 172 79.4275
    endloop
  endfacet
  facet normal 0 1 0
    outer loop
      vertex 120.261 172 79.4275
      vertex 119.658 172 79.94
      vertex 119.987 172 79.7265
    endloop
  endfacet
  facet normal 0 1 0
    outer loop
      vertex 117.197 172 79.0471
      vertex 118.833 172 80.1109
      vertex 120.476 172 79.0471
    endloop
  endfacet
  facet normal 0 1 0
    outer loop
      vertex 118.396 172 80.0682
      vertex 117.413 172 79.4275
      vertex 118.014 172 79.94
    endloop
  endfacet
  facet normal 0 1 0
    outer loop
      vertex 118.014 172 79.94
      vertex 117.413 172 79.4275
      vertex 117.686 172 79.7265
    endloop
  endfacet
  facet normal 0 1 0
    outer loop
      vertex 118.833 172 80.1109
      vertex 117.197 172 79.0471
      vertex 118.396 172 80.0682
    endloop
  endfacet
  facet normal 0 1 0
    outer loop
      vertex 118.396 172 80.0682
      vertex 117.197 172 79.0471
      vertex 117.413 172 79.4275
    endloop
  endfacet
  facet normal 0 1 0
    outer loop
      vertex 120.63 172 78.5894
      vertex 117.197 172 79.0471
      vertex 120.476 172 79.0471
    endloop
  endfacet
  facet normal 0 1 0
    outer loop
      vertex 120.63 172 78.5894
      vertex 117.043 172 78.5894
      vertex 117.197 172 79.0471
    endloop
  endfacet
  facet normal 0 1 0
    outer loop
      vertex 120.722 172 78.0544
      vertex 117.043 172 78.5894
      vertex 120.63 172 78.5894
    endloop
  endfacet
  facet normal 0 1 0
    outer loop
      vertex 120.722 172 78.0544
      vertex 116.951 172 78.0544
      vertex 117.043 172 78.5894
    endloop
  endfacet
  facet normal 0 1 0
    outer loop
      vertex 120.753 172 77.4421
      vertex 116.951 172 78.0544
      vertex 120.722 172 78.0544
    endloop
  endfacet
  facet normal 0 1 0
    outer loop
      vertex 120.753 172 77.4421
      vertex 116.92 172 77.4421
      vertex 116.951 172 78.0544
    endloop
  endfacet
  facet normal 0 1 -0
    outer loop
      vertex 120.722 172 76.8298
      vertex 116.92 172 77.4421
      vertex 120.753 172 77.4421
    endloop
  endfacet
  facet normal 0 1 0
    outer loop
      vertex 120.722 172 76.8298
      vertex 116.951 172 76.8298
      vertex 116.92 172 77.4421
    endloop
  endfacet
  facet normal 0 1 -0
    outer loop
      vertex 120.63 172 76.2948
      vertex 116.951 172 76.8298
      vertex 120.722 172 76.8298
    endloop
  endfacet
  facet normal 0 1 0
    outer loop
      vertex 120.63 172 76.2948
      vertex 117.043 172 76.2948
      vertex 116.951 172 76.8298
    endloop
  endfacet
  facet normal 0 1 -0
    outer loop
      vertex 120.476 172 75.8372
      vertex 117.043 172 76.2948
      vertex 120.63 172 76.2948
    endloop
  endfacet
  facet normal 0 1 0
    outer loop
      vertex 120.476 172 75.8372
      vertex 117.197 172 75.8372
      vertex 117.043 172 76.2948
    endloop
  endfacet
  facet normal 0 1 0
    outer loop
      vertex 118.833 172 74.7733
      vertex 120.476 172 75.8372
      vertex 120.261 172 75.4568
    endloop
  endfacet
  facet normal 0 1 0
    outer loop
      vertex 120.476 172 75.8372
      vertex 118.833 172 74.7733
      vertex 117.197 172 75.8372
    endloop
  endfacet
  facet normal 0 1 0
    outer loop
      vertex 119.273 172 74.816
      vertex 120.261 172 75.4568
      vertex 119.987 172 75.1578
    endloop
  endfacet
  facet normal 0 1 0
    outer loop
      vertex 117.197 172 75.8372
      vertex 118.833 172 74.7733
      vertex 117.413 172 75.4568
    endloop
  endfacet
  facet normal 0 1 0
    outer loop
      vertex 119.273 172 74.816
      vertex 119.987 172 75.1578
      vertex 119.658 172 74.9442
    endloop
  endfacet
  facet normal -0 1 -0
    outer loop
      vertex 118.396 172 74.816
      vertex 117.413 172 75.4568
      vertex 118.833 172 74.7733
    endloop
  endfacet
  facet normal 0 1 0
    outer loop
      vertex 120.261 172 75.4568
      vertex 119.273 172 74.816
      vertex 118.833 172 74.7733
    endloop
  endfacet
  facet normal 0 1 0
    outer loop
      vertex 117.413 172 75.4568
      vertex 118.396 172 74.816
      vertex 117.686 172 75.1578
    endloop
  endfacet
  facet normal 0 1 0
    outer loop
      vertex 117.686 172 75.1578
      vertex 118.396 172 74.816
      vertex 118.014 172 74.9442
    endloop
  endfacet
  facet normal 0 1 -0
    outer loop
      vertex 107.227 172 77.9183
      vertex 107.223 172 80.2952
      vertex 107.618 172 80.2584
    endloop
  endfacet
  facet normal -0 1 0
    outer loop
      vertex 106.856 172 77.9762
      vertex 107.223 172 80.2952
      vertex 107.227 172 77.9183
    endloop
  endfacet
  facet normal 0 1 0
    outer loop
      vertex 107.227 172 77.9183
      vertex 107.618 172 80.2584
      vertex 107.98 172 80.148
    endloop
  endfacet
  facet normal 0 1 0
    outer loop
      vertex 107.223 172 80.2952
      vertex 106.856 172 77.9762
      vertex 106.911 172 80.2757
    endloop
  endfacet
  facet normal 0 1 0
    outer loop
      vertex 106.911 172 80.2757
      vertex 106.541 172 78.0727
      vertex 106.636 172 80.217
    endloop
  endfacet
  facet normal 0 1 0
    outer loop
      vertex 107.654 172 77.899
      vertex 107.98 172 80.148
      vertex 108.309 172 79.964
    endloop
  endfacet
  facet normal -0 1 0
    outer loop
      vertex 105.823 172 79.1174
      vertex 106.636 172 80.217
      vertex 106.541 172 78.0727
    endloop
  endfacet
  facet normal 0 1 0
    outer loop
      vertex 107.654 172 77.899
      vertex 108.309 172 79.964
      vertex 108.606 172 79.7064
    endloop
  endfacet
  facet normal -0 1 0
    outer loop
      vertex 106.541 172 78.0727
      vertex 106.911 172 80.2757
      vertex 106.856 172 77.9762
    endloop
  endfacet
  facet normal 0 1 0
    outer loop
      vertex 107.654 172 77.899
      vertex 108.606 172 79.7064
      vertex 108.852 172 79.3934
    endloop
  endfacet
  facet normal 0 1 0
    outer loop
      vertex 106.636 172 80.217
      vertex 105.823 172 79.1174
      vertex 106.397 172 80.1193
    endloop
  endfacet
  facet normal -0 1 0
    outer loop
      vertex 105.846 172 79.3786
      vertex 106.397 172 80.1193
      vertex 105.823 172 79.1174
    endloop
  endfacet
  facet normal 0 1 0
    outer loop
      vertex 107.654 172 77.899
      vertex 108.852 172 79.3934
      vertex 109.027 172 79.0433
    endloop
  endfacet
  facet normal 0 1 0
    outer loop
      vertex 106.193 172 79.9825
      vertex 105.846 172 79.3786
      vertex 106.032 172 79.8112
    endloop
  endfacet
  facet normal 0 1 0
    outer loop
      vertex 107.654 172 77.899
      vertex 109.027 172 79.0433
      vertex 109.133 172 78.6562
    endloop
  endfacet
  facet normal 0 1 0
    outer loop
      vertex 107.98 172 80.148
      vertex 107.654 172 77.899
      vertex 107.227 172 77.9183
    endloop
  endfacet
  facet normal 0 1 0
    outer loop
      vertex 106.397 172 80.1193
      vertex 105.846 172 79.3786
      vertex 106.193 172 79.9825
    endloop
  endfacet
  facet normal 0 1 0
    outer loop
      vertex 107.654 172 77.899
      vertex 109.133 172 78.6562
      vertex 109.168 172 78.2321
    endloop
  endfacet
  facet normal 0 1 0
    outer loop
      vertex 106.032 172 79.8112
      vertex 105.846 172 79.3786
      vertex 105.916 172 79.6099
    endloop
  endfacet
  facet normal -0 1 -0
    outer loop
      vertex 106.283 172 78.2077
      vertex 105.823 172 79.1174
      vertex 106.541 172 78.0727
    endloop
  endfacet
  facet normal 0 1 0
    outer loop
      vertex 105.823 172 79.1174
      vertex 106.283 172 78.2077
      vertex 105.852 172 78.8351
    endloop
  endfacet
  facet normal 0 1 0
    outer loop
      vertex 105.938 172 78.5894
      vertex 106.283 172 78.2077
      vertex 106.082 172 78.3803
    endloop
  endfacet
  facet normal 0 1 0
    outer loop
      vertex 107.654 172 77.899
      vertex 109.168 172 78.2321
      vertex 109.168 172 77.899
    endloop
  endfacet
  facet normal 0 1 0
    outer loop
      vertex 105.852 172 78.8351
      vertex 106.283 172 78.2077
      vertex 105.938 172 78.5894
    endloop
  endfacet
  facet normal 0 1 0
    outer loop
      vertex 43.2418 172 79.0471
      vertex 41.5983 172 80.1109
      vertex 42.0385 172 80.0682
    endloop
  endfacet
  facet normal 0 1 0
    outer loop
      vertex 43.0264 172 79.4275
      vertex 42.0385 172 80.0682
      vertex 42.4232 172 79.94
    endloop
  endfacet
  facet normal 0 1 0
    outer loop
      vertex 43.2418 172 79.0471
      vertex 42.0385 172 80.0682
      vertex 43.0264 172 79.4275
    endloop
  endfacet
  facet normal 0 1 0
    outer loop
      vertex 43.0264 172 79.4275
      vertex 42.4232 172 79.94
      vertex 42.7525 172 79.7265
    endloop
  endfacet
  facet normal 0 1 0
    outer loop
      vertex 39.9431 172 79.0417
      vertex 41.5983 172 80.1109
      vertex 43.2418 172 79.0471
    endloop
  endfacet
  facet normal 0 1 0
    outer loop
      vertex 41.1576 172 80.0679
      vertex 40.162 172 79.4234
      vertex 40.7713 172 79.939
    endloop
  endfacet
  facet normal 0 1 0
    outer loop
      vertex 40.7713 172 79.939
      vertex 40.162 172 79.4234
      vertex 40.4394 172 79.7242
    endloop
  endfacet
  facet normal 0 1 0
    outer loop
      vertex 41.5983 172 80.1109
      vertex 39.9431 172 79.0417
      vertex 41.1576 172 80.0679
    endloop
  endfacet
  facet normal 0 1 0
    outer loop
      vertex 41.1576 172 80.0679
      vertex 39.9431 172 79.0417
      vertex 40.162 172 79.4234
    endloop
  endfacet
  facet normal 0 1 0
    outer loop
      vertex 43.3956 172 78.5894
      vertex 39.9431 172 79.0417
      vertex 43.2418 172 79.0471
    endloop
  endfacet
  facet normal 0 1 0
    outer loop
      vertex 43.3956 172 78.5894
      vertex 39.7867 172 78.5843
      vertex 39.9431 172 79.0417
    endloop
  endfacet
  facet normal 0 1 0
    outer loop
      vertex 43.488 172 78.0544
      vertex 39.7867 172 78.5843
      vertex 43.3956 172 78.5894
    endloop
  endfacet
  facet normal 0 1 0
    outer loop
      vertex 43.488 172 78.0544
      vertex 39.6929 172 78.0511
      vertex 39.7867 172 78.5843
    endloop
  endfacet
  facet normal 0 1 0
    outer loop
      vertex 43.5187 172 77.4421
      vertex 39.6929 172 78.0511
      vertex 43.488 172 78.0544
    endloop
  endfacet
  facet normal 0 1 0
    outer loop
      vertex 43.5187 172 77.4421
      vertex 39.6616 172 77.4421
      vertex 39.6929 172 78.0511
    endloop
  endfacet
  facet normal 0 1 0
    outer loop
      vertex 43.5187 172 77.4421
      vertex 39.6929 172 76.8331
      vertex 39.6616 172 77.4421
    endloop
  endfacet
  facet normal 0 1 -0
    outer loop
      vertex 43.488 172 76.8298
      vertex 39.6929 172 76.8331
      vertex 43.5187 172 77.4421
    endloop
  endfacet
  facet normal 0 1 0
    outer loop
      vertex 43.488 172 76.8298
      vertex 39.7867 172 76.2999
      vertex 39.6929 172 76.8331
    endloop
  endfacet
  facet normal 0 1 -0
    outer loop
      vertex 43.3956 172 76.2948
      vertex 39.7867 172 76.2999
      vertex 43.488 172 76.8298
    endloop
  endfacet
  facet normal 0 1 0
    outer loop
      vertex 43.3956 172 76.2948
      vertex 39.9431 172 75.8425
      vertex 39.7867 172 76.2999
    endloop
  endfacet
  facet normal 0 1 -0
    outer loop
      vertex 43.2418 172 75.8372
      vertex 39.9431 172 75.8425
      vertex 43.3956 172 76.2948
    endloop
  endfacet
  facet normal 0 1 -0
    outer loop
      vertex 41.5983 172 74.7733
      vertex 39.9431 172 75.8425
      vertex 43.2418 172 75.8372
    endloop
  endfacet
  facet normal 0 1 0
    outer loop
      vertex 41.5983 172 74.7733
      vertex 43.2418 172 75.8372
      vertex 43.0264 172 75.4568
    endloop
  endfacet
  facet normal 0 1 0
    outer loop
      vertex 39.9431 172 75.8425
      vertex 41.5983 172 74.7733
      vertex 40.162 172 75.4609
    endloop
  endfacet
  facet normal 0 1 0
    outer loop
      vertex 42.0385 172 74.816
      vertex 43.0264 172 75.4568
      vertex 42.7525 172 75.1578
    endloop
  endfacet
  facet normal -0 1 -0
    outer loop
      vertex 41.1576 172 74.8163
      vertex 40.162 172 75.4609
      vertex 41.5983 172 74.7733
    endloop
  endfacet
  facet normal 0 1 0
    outer loop
      vertex 42.0385 172 74.816
      vertex 42.7525 172 75.1578
      vertex 42.4232 172 74.9442
    endloop
  endfacet
  facet normal 0 1 0
    outer loop
      vertex 40.162 172 75.4609
      vertex 41.1576 172 74.8163
      vertex 40.4394 172 75.1601
    endloop
  endfacet
  facet normal 0 1 0
    outer loop
      vertex 43.0264 172 75.4568
      vertex 42.0385 172 74.816
      vertex 41.5983 172 74.7733
    endloop
  endfacet
  facet normal 0 1 0
    outer loop
      vertex 40.4394 172 75.1601
      vertex 41.1576 172 74.8163
      vertex 40.7713 172 74.9452
    endloop
  endfacet
  facet normal 0 1 0
    outer loop
      vertex 74.3215 172 74.5967
      vertex 76.0712 172 76.4475
      vertex 76.0409 172 76.0518
    endloop
  endfacet
  facet normal 0 1 0
    outer loop
      vertex 76.0712 172 76.4475
      vertex 72.3772 172 76.0253
      vertex 72.2872 172 76.4475
    endloop
  endfacet
  facet normal 0 1 0
    outer loop
      vertex 74.3215 172 74.5967
      vertex 76.0409 172 76.0518
      vertex 75.9501 172 75.6964
    endloop
  endfacet
  facet normal 0 1 0
    outer loop
      vertex 76.0712 172 76.4475
      vertex 72.5171 172 75.6556
      vertex 72.3772 172 76.0253
    endloop
  endfacet
  facet normal 0 1 0
    outer loop
      vertex 74.6936 172 74.6285
      vertex 75.9501 172 75.6964
      vertex 75.7988 172 75.3812
    endloop
  endfacet
  facet normal 0 1 0
    outer loop
      vertex 76.0712 172 76.4475
      vertex 73.9183 172 74.6265
      vertex 72.5171 172 75.6556
    endloop
  endfacet
  facet normal 0 1 0
    outer loop
      vertex 74.6936 172 74.6285
      vertex 75.7988 172 75.3812
      vertex 75.5869 172 75.1063
    endloop
  endfacet
  facet normal 0 1 0
    outer loop
      vertex 72.5171 172 75.6556
      vertex 73.9183 172 74.6265
      vertex 72.7068 172 75.3384
    endloop
  endfacet
  facet normal 0 1 0
    outer loop
      vertex 74.6936 172 74.6285
      vertex 75.5869 172 75.1063
      vertex 75.3263 172 74.8833
    endloop
  endfacet
  facet normal -0 1 -0
    outer loop
      vertex 73.5546 172 74.7159
      vertex 72.7068 172 75.3384
      vertex 73.9183 172 74.6265
    endloop
  endfacet
  facet normal 0 1 0
    outer loop
      vertex 74.6936 172 74.6285
      vertex 75.3263 172 74.8833
      vertex 75.0285 172 74.7241
    endloop
  endfacet
  facet normal 0 1 0
    outer loop
      vertex 72.7068 172 75.3384
      vertex 73.5546 172 74.7159
      vertex 72.9464 172 75.0737
    endloop
  endfacet
  facet normal 0 1 0
    outer loop
      vertex 75.9501 172 75.6964
      vertex 74.6936 172 74.6285
      vertex 74.3215 172 74.5967
    endloop
  endfacet
  facet normal 0 1 0
    outer loop
      vertex 72.9464 172 75.0737
      vertex 73.5546 172 74.7159
      vertex 73.2307 172 74.865
    endloop
  endfacet
  facet normal 0 1 0
    outer loop
      vertex 76.0712 172 76.4475
      vertex 74.3215 172 74.5967
      vertex 73.9183 172 74.6265
    endloop
  endfacet
  facet normal 0 1 0
    outer loop
      vertex 130.557 172 74.5967
      vertex 132.306 172 76.4475
      vertex 132.276 172 76.0518
    endloop
  endfacet
  facet normal 0 1 0
    outer loop
      vertex 132.306 172 76.4475
      vertex 128.612 172 76.0253
      vertex 128.522 172 76.4475
    endloop
  endfacet
  facet normal 0 1 0
    outer loop
      vertex 130.557 172 74.5967
      vertex 132.276 172 76.0518
      vertex 132.185 172 75.6964
    endloop
  endfacet
  facet normal 0 1 0
    outer loop
      vertex 132.306 172 76.4475
      vertex 128.752 172 75.6556
      vertex 128.612 172 76.0253
    endloop
  endfacet
  facet normal 0 1 0
    outer loop
      vertex 130.929 172 74.6285
      vertex 132.185 172 75.6964
      vertex 132.034 172 75.3812
    endloop
  endfacet
  facet normal 0 1 0
    outer loop
      vertex 132.306 172 76.4475
      vertex 130.153 172 74.6265
      vertex 128.752 172 75.6556
    endloop
  endfacet
  facet normal 0 1 0
    outer loop
      vertex 130.929 172 74.6285
      vertex 132.034 172 75.3812
      vertex 131.822 172 75.1063
    endloop
  endfacet
  facet normal 0 1 0
    outer loop
      vertex 128.752 172 75.6556
      vertex 130.153 172 74.6265
      vertex 128.942 172 75.3384
    endloop
  endfacet
  facet normal 0 1 0
    outer loop
      vertex 130.929 172 74.6285
      vertex 131.822 172 75.1063
      vertex 131.561 172 74.8833
    endloop
  endfacet
  facet normal -0 1 -0
    outer loop
      vertex 129.79 172 74.7159
      vertex 128.942 172 75.3384
      vertex 130.153 172 74.6265
    endloop
  endfacet
  facet normal 0 1 0
    outer loop
      vertex 130.929 172 74.6285
      vertex 131.561 172 74.8833
      vertex 131.264 172 74.7241
    endloop
  endfacet
  facet normal 0 1 0
    outer loop
      vertex 128.942 172 75.3384
      vertex 129.79 172 74.7159
      vertex 129.181 172 75.0737
    endloop
  endfacet
  facet normal 0 1 0
    outer loop
      vertex 132.185 172 75.6964
      vertex 130.929 172 74.6285
      vertex 130.557 172 74.5967
    endloop
  endfacet
  facet normal 0 1 0
    outer loop
      vertex 129.181 172 75.0737
      vertex 129.79 172 74.7159
      vertex 129.466 172 74.865
    endloop
  endfacet
  facet normal 0 1 0
    outer loop
      vertex 132.306 172 76.4475
      vertex 130.557 172 74.5967
      vertex 130.153 172 74.6265
    endloop
  endfacet
  facet normal 0 1 0
    outer loop
      vertex 147.779 172 74.5967
      vertex 149.528 172 76.4475
      vertex 149.498 172 76.0518
    endloop
  endfacet
  facet normal 0 1 0
    outer loop
      vertex 149.528 172 76.4475
      vertex 145.834 172 76.0253
      vertex 145.744 172 76.4475
    endloop
  endfacet
  facet normal 0 1 0
    outer loop
      vertex 147.779 172 74.5967
      vertex 149.498 172 76.0518
      vertex 149.407 172 75.6964
    endloop
  endfacet
  facet normal 0 1 0
    outer loop
      vertex 149.528 172 76.4475
      vertex 145.974 172 75.6556
      vertex 145.834 172 76.0253
    endloop
  endfacet
  facet normal 0 1 0
    outer loop
      vertex 148.151 172 74.6285
      vertex 149.407 172 75.6964
      vertex 149.256 172 75.3812
    endloop
  endfacet
  facet normal 0 1 0
    outer loop
      vertex 149.528 172 76.4475
      vertex 147.375 172 74.6265
      vertex 145.974 172 75.6556
    endloop
  endfacet
  facet normal 0 1 0
    outer loop
      vertex 148.151 172 74.6285
      vertex 149.256 172 75.3812
      vertex 149.044 172 75.1063
    endloop
  endfacet
  facet normal 0 1 0
    outer loop
      vertex 145.974 172 75.6556
      vertex 147.375 172 74.6265
      vertex 146.164 172 75.3384
    endloop
  endfacet
  facet normal 0 1 0
    outer loop
      vertex 148.151 172 74.6285
      vertex 149.044 172 75.1063
      vertex 148.783 172 74.8833
    endloop
  endfacet
  facet normal -0 1 -0
    outer loop
      vertex 147.012 172 74.7159
      vertex 146.164 172 75.3384
      vertex 147.375 172 74.6265
    endloop
  endfacet
  facet normal 0 1 0
    outer loop
      vertex 148.151 172 74.6285
      vertex 148.783 172 74.8833
      vertex 148.485 172 74.7241
    endloop
  endfacet
  facet normal 0 1 0
    outer loop
      vertex 146.164 172 75.3384
      vertex 147.012 172 74.7159
      vertex 146.403 172 75.0737
    endloop
  endfacet
  facet normal 0 1 0
    outer loop
      vertex 149.407 172 75.6964
      vertex 148.151 172 74.6285
      vertex 147.779 172 74.5967
    endloop
  endfacet
  facet normal 0 1 0
    outer loop
      vertex 146.403 172 75.0737
      vertex 147.012 172 74.7159
      vertex 146.688 172 74.865
    endloop
  endfacet
  facet normal 0 1 0
    outer loop
      vertex 149.528 172 76.4475
      vertex 147.779 172 74.5967
      vertex 147.375 172 74.6265
    endloop
  endfacet
  facet normal 0 1 0
    outer loop
      vertex 54.4137 172 79.0666
      vertex 52.7364 172 80.1493
      vertex 53.1845 172 80.1058
    endloop
  endfacet
  facet normal 0 1 0
    outer loop
      vertex 54.193 172 79.4532
      vertex 53.1845 172 80.1058
      vertex 53.5766 172 79.9753
    endloop
  endfacet
  facet normal 0 1 0
    outer loop
      vertex 54.4137 172 79.0666
      vertex 53.1845 172 80.1058
      vertex 54.193 172 79.4532
    endloop
  endfacet
  facet normal 0 1 0
    outer loop
      vertex 54.193 172 79.4532
      vertex 53.5766 172 79.9753
      vertex 53.9128 172 79.7577
    endloop
  endfacet
  facet normal 0 1 0
    outer loop
      vertex 51.0369 172 79.0666
      vertex 52.7364 172 80.1493
      vertex 54.4137 172 79.0666
    endloop
  endfacet
  facet normal 0 1 0
    outer loop
      vertex 52.7364 172 80.1493
      vertex 51.0369 172 79.0666
      vertex 52.281 172 80.1058
    endloop
  endfacet
  facet normal 0 1 0
    outer loop
      vertex 51.883 172 79.9753
      vertex 51.2594 172 79.4532
      vertex 51.5425 172 79.7577
    endloop
  endfacet
  facet normal 0 1 0
    outer loop
      vertex 52.281 172 80.1058
      vertex 51.2594 172 79.4532
      vertex 51.883 172 79.9753
    endloop
  endfacet
  facet normal 0 1 0
    outer loop
      vertex 52.281 172 80.1058
      vertex 51.0369 172 79.0666
      vertex 51.2594 172 79.4532
    endloop
  endfacet
  facet normal 0 1 0
    outer loop
      vertex 54.5714 172 78.6032
      vertex 51.0369 172 79.0666
      vertex 54.4137 172 79.0666
    endloop
  endfacet
  facet normal 0 1 0
    outer loop
      vertex 54.5714 172 78.6032
      vertex 50.878 172 78.6032
      vertex 51.0369 172 79.0666
    endloop
  endfacet
  facet normal 0 1 0
    outer loop
      vertex 54.666 172 78.063
      vertex 50.878 172 78.6032
      vertex 54.5714 172 78.6032
    endloop
  endfacet
  facet normal 0 1 0
    outer loop
      vertex 54.666 172 78.063
      vertex 50.7827 172 78.063
      vertex 50.878 172 78.6032
    endloop
  endfacet
  facet normal 0 1 0
    outer loop
      vertex 54.6976 172 77.446
      vertex 50.7827 172 78.063
      vertex 54.666 172 78.063
    endloop
  endfacet
  facet normal 0 1 0
    outer loop
      vertex 54.6976 172 77.446
      vertex 50.7509 172 77.446
      vertex 50.7827 172 78.063
    endloop
  endfacet
  facet normal 0 1 -0
    outer loop
      vertex 54.666 172 76.8289
      vertex 50.7509 172 77.446
      vertex 54.6976 172 77.446
    endloop
  endfacet
  facet normal 0 1 0
    outer loop
      vertex 54.666 172 76.8289
      vertex 50.7827 172 76.8289
      vertex 50.7509 172 77.446
    endloop
  endfacet
  facet normal 0 1 -0
    outer loop
      vertex 54.5714 172 76.2887
      vertex 50.7827 172 76.8289
      vertex 54.666 172 76.8289
    endloop
  endfacet
  facet normal 0 1 0
    outer loop
      vertex 54.5714 172 76.2887
      vertex 50.878 172 76.2887
      vertex 50.7827 172 76.8289
    endloop
  endfacet
  facet normal 0 1 -0
    outer loop
      vertex 54.4137 172 75.8253
      vertex 50.878 172 76.2887
      vertex 54.5714 172 76.2887
    endloop
  endfacet
  facet normal 0 1 0
    outer loop
      vertex 54.4137 172 75.8253
      vertex 51.0369 172 75.8253
      vertex 50.878 172 76.2887
    endloop
  endfacet
  facet normal 0 1 0
    outer loop
      vertex 52.7364 172 74.7426
      vertex 54.4137 172 75.8253
      vertex 54.193 172 75.4388
    endloop
  endfacet
  facet normal 0 1 0
    outer loop
      vertex 54.4137 172 75.8253
      vertex 52.7364 172 74.7426
      vertex 51.0369 172 75.8253
    endloop
  endfacet
  facet normal 0 1 0
    outer loop
      vertex 53.1845 172 74.7861
      vertex 54.193 172 75.4388
      vertex 53.9128 172 75.1342
    endloop
  endfacet
  facet normal 0 1 0
    outer loop
      vertex 51.0369 172 75.8253
      vertex 52.7364 172 74.7426
      vertex 51.2594 172 75.4388
    endloop
  endfacet
  facet normal 0 1 0
    outer loop
      vertex 53.1845 172 74.7861
      vertex 53.9128 172 75.1342
      vertex 53.5766 172 74.9166
    endloop
  endfacet
  facet normal -0 1 -0
    outer loop
      vertex 52.281 172 74.7861
      vertex 51.2594 172 75.4388
      vertex 52.7364 172 74.7426
    endloop
  endfacet
  facet normal 0 1 0
    outer loop
      vertex 54.193 172 75.4388
      vertex 53.1845 172 74.7861
      vertex 52.7364 172 74.7426
    endloop
  endfacet
  facet normal 0 1 0
    outer loop
      vertex 51.2594 172 75.4388
      vertex 52.281 172 74.7861
      vertex 51.5425 172 75.1342
    endloop
  endfacet
  facet normal 0 1 0
    outer loop
      vertex 51.5425 172 75.1342
      vertex 52.281 172 74.7861
      vertex 51.883 172 74.9166
    endloop
  endfacet
  facet normal 0 1 0
    outer loop
      vertex 123.683 172.8 81.9925
      vertex 120.753 172.8 80.6792
      vertex 120.753 172.8 81.9925
    endloop
  endfacet
  facet normal 0 1 0
    outer loop
      vertex 116.946 172.8 82.1469
      vertex 117.686 172.8 79.7265
      vertex 116.216 172.8 81.896
    endloop
  endfacet
  facet normal 0 1 0
    outer loop
      vertex 120.444 172.8 81.0544
      vertex 119.273 172.8 80.0682
      vertex 118.833 172.8 80.1109
    endloop
  endfacet
  facet normal 0 1 0
    outer loop
      vertex 120.444 172.8 81.0544
      vertex 119.658 172.8 79.94
      vertex 119.273 172.8 80.0682
    endloop
  endfacet
  facet normal 0 1 0
    outer loop
      vertex 120.63 172.8 78.5894
      vertex 120.753 172.8 80.6792
      vertex 123.683 172.8 81.9925
    endloop
  endfacet
  facet normal 0 1 0
    outer loop
      vertex 120.753 172.8 80.6792
      vertex 119.987 172.8 79.7265
      vertex 119.658 172.8 79.94
    endloop
  endfacet
  facet normal 0 1 0
    outer loop
      vertex 120.753 172.8 80.6792
      vertex 120.261 172.8 79.4275
      vertex 119.987 172.8 79.7265
    endloop
  endfacet
  facet normal 0 1 0
    outer loop
      vertex 120.753 172.8 80.6792
      vertex 120.476 172.8 79.0471
      vertex 120.261 172.8 79.4275
    endloop
  endfacet
  facet normal 0 1 0
    outer loop
      vertex 120.753 172.8 80.6792
      vertex 120.63 172.8 78.5894
      vertex 120.476 172.8 79.0471
    endloop
  endfacet
  facet normal 0 1 0
    outer loop
      vertex 123.683 172.8 81.9925
      vertex 120.722 172.8 78.0544
      vertex 120.63 172.8 78.5894
    endloop
  endfacet
  facet normal 0 1 0
    outer loop
      vertex 123.683 172.8 81.9925
      vertex 120.753 172.8 77.4421
      vertex 120.722 172.8 78.0544
    endloop
  endfacet
  facet normal 0 1 0
    outer loop
      vertex 123.683 172.8 81.9925
      vertex 120.722 172.8 76.8298
      vertex 120.753 172.8 77.4421
    endloop
  endfacet
  facet normal 0 1 -0
    outer loop
      vertex 120.753 172.8 74.2127
      vertex 120.722 172.8 76.8298
      vertex 123.683 172.8 81.9925
    endloop
  endfacet
  facet normal 0 1 0
    outer loop
      vertex 120.722 172.8 76.8298
      vertex 120.753 172.8 74.2127
      vertex 120.63 172.8 76.2948
    endloop
  endfacet
  facet normal 0 1 -0
    outer loop
      vertex 119.779 172.8 73.254
      vertex 119.273 172.8 74.816
      vertex 120.119 172.8 73.5213
    endloop
  endfacet
  facet normal 0 1 -0
    outer loop
      vertex 120.119 172.8 73.5213
      vertex 119.658 172.8 74.9442
      vertex 120.444 172.8 73.8408
    endloop
  endfacet
  facet normal 0 1 -0
    outer loop
      vertex 120.444 172.8 73.8408
      vertex 119.658 172.8 74.9442
      vertex 120.753 172.8 74.2127
    endloop
  endfacet
  facet normal 0 1 0
    outer loop
      vertex 119.987 172.8 75.1578
      vertex 120.753 172.8 74.2127
      vertex 119.658 172.8 74.9442
    endloop
  endfacet
  facet normal 0 1 0
    outer loop
      vertex 120.261 172.8 75.4568
      vertex 120.753 172.8 74.2127
      vertex 119.987 172.8 75.1578
    endloop
  endfacet
  facet normal 0 1 0
    outer loop
      vertex 120.476 172.8 75.8372
      vertex 120.753 172.8 74.2127
      vertex 120.261 172.8 75.4568
    endloop
  endfacet
  facet normal 0 1 0
    outer loop
      vertex 120.63 172.8 76.2948
      vertex 120.753 172.8 74.2127
      vertex 120.476 172.8 75.8372
    endloop
  endfacet
  facet normal 0 1 -0
    outer loop
      vertex 123.683 172.8 69.3282
      vertex 120.753 172.8 74.2127
      vertex 123.683 172.8 81.9925
    endloop
  endfacet
  facet normal 0 1 0
    outer loop
      vertex 120.753 172.8 74.2127
      vertex 123.683 172.8 69.3282
      vertex 120.753 172.8 69.3282
    endloop
  endfacet
  facet normal 0 1 0
    outer loop
      vertex 118.645 172.8 82.1372
      vertex 118.396 172.8 80.0682
      vertex 118.212 172.8 82.2072
    endloop
  endfacet
  facet normal 0 1 0
    outer loop
      vertex 119.05 172.8 82.0204
      vertex 118.833 172.8 80.1109
      vertex 118.645 172.8 82.1372
    endloop
  endfacet
  facet normal 0 1 0
    outer loop
      vertex 119.427 172.8 81.857
      vertex 118.833 172.8 80.1109
      vertex 119.05 172.8 82.0204
    endloop
  endfacet
  facet normal 0 1 0
    outer loop
      vertex 118.833 172.8 80.1109
      vertex 119.781 172.8 81.6433
      vertex 120.12 172.8 81.3757
    endloop
  endfacet
  facet normal 0 1 0
    outer loop
      vertex 118.833 172.8 80.1109
      vertex 119.427 172.8 81.857
      vertex 119.781 172.8 81.6433
    endloop
  endfacet
  facet normal 0 1 0
    outer loop
      vertex 118.833 172.8 80.1109
      vertex 120.12 172.8 81.3757
      vertex 120.444 172.8 81.0544
    endloop
  endfacet
  facet normal 0 1 -0
    outer loop
      vertex 118.014 172.8 79.94
      vertex 117.75 172.8 82.2306
      vertex 118.396 172.8 80.0682
    endloop
  endfacet
  facet normal 0 1 0
    outer loop
      vertex 118.212 172.8 82.2072
      vertex 118.396 172.8 80.0682
      vertex 117.75 172.8 82.2306
    endloop
  endfacet
  facet normal 0 1 0
    outer loop
      vertex 118.396 172.8 80.0682
      vertex 118.645 172.8 82.1372
      vertex 118.833 172.8 80.1109
    endloop
  endfacet
  facet normal 0 1 0
    outer loop
      vertex 117.75 172.8 82.2306
      vertex 118.014 172.8 79.94
      vertex 116.946 172.8 82.1469
    endloop
  endfacet
  facet normal 0 1 0
    outer loop
      vertex 119.658 172.8 79.94
      vertex 120.444 172.8 81.0544
      vertex 120.753 172.8 80.6792
    endloop
  endfacet
  facet normal 0 1 -0
    outer loop
      vertex 117.686 172.8 79.7265
      vertex 116.946 172.8 82.1469
      vertex 118.014 172.8 79.94
    endloop
  endfacet
  facet normal 0 1 0
    outer loop
      vertex 116.216 172.8 81.896
      vertex 117.686 172.8 79.7265
      vertex 115.562 172.8 81.4777
    endloop
  endfacet
  facet normal 0 1 -0
    outer loop
      vertex 117.413 172.8 79.4275
      vertex 115.562 172.8 81.4777
      vertex 117.686 172.8 79.7265
    endloop
  endfacet
  facet normal 0 1 0
    outer loop
      vertex 115.562 172.8 81.4777
      vertex 117.413 172.8 79.4275
      vertex 114.984 172.8 80.8921
    endloop
  endfacet
  facet normal 0 1 -0
    outer loop
      vertex 117.197 172.8 79.0471
      vertex 114.984 172.8 80.8921
      vertex 117.413 172.8 79.4275
    endloop
  endfacet
  facet normal 0 1 0
    outer loop
      vertex 114.984 172.8 80.8921
      vertex 117.197 172.8 79.0471
      vertex 114.51 172.8 80.1747
    endloop
  endfacet
  facet normal 0 1 -0
    outer loop
      vertex 117.043 172.8 78.5894
      vertex 114.51 172.8 80.1747
      vertex 117.197 172.8 79.0471
    endloop
  endfacet
  facet normal 0 1 0
    outer loop
      vertex 114.51 172.8 80.1747
      vertex 117.043 172.8 78.5894
      vertex 114.172 172.8 79.3613
    endloop
  endfacet
  facet normal 0 1 0
    outer loop
      vertex 117.043 172.8 78.5894
      vertex 113.969 172.8 78.4516
      vertex 114.172 172.8 79.3613
    endloop
  endfacet
  facet normal 0 1 -0
    outer loop
      vertex 116.951 172.8 78.0544
      vertex 113.969 172.8 78.4516
      vertex 117.043 172.8 78.5894
    endloop
  endfacet
  facet normal 0 1 0
    outer loop
      vertex 116.951 172.8 78.0544
      vertex 113.901 172.8 77.446
      vertex 113.969 172.8 78.4516
    endloop
  endfacet
  facet normal 0 1 -0
    outer loop
      vertex 116.92 172.8 77.4421
      vertex 113.901 172.8 77.446
      vertex 116.951 172.8 78.0544
    endloop
  endfacet
  facet normal 0 1 0
    outer loop
      vertex 116.951 172.8 76.8298
      vertex 113.901 172.8 77.446
      vertex 116.92 172.8 77.4421
    endloop
  endfacet
  facet normal 0 1 0
    outer loop
      vertex 116.951 172.8 76.8298
      vertex 113.969 172.8 76.4402
      vertex 113.901 172.8 77.446
    endloop
  endfacet
  facet normal 0 1 0
    outer loop
      vertex 117.043 172.8 76.2948
      vertex 113.969 172.8 76.4402
      vertex 116.951 172.8 76.8298
    endloop
  endfacet
  facet normal 0 1 0
    outer loop
      vertex 114.51 172.8 74.7172
      vertex 117.043 172.8 76.2948
      vertex 117.197 172.8 75.8372
    endloop
  endfacet
  facet normal 0 1 0
    outer loop
      vertex 117.043 172.8 76.2948
      vertex 114.172 172.8 75.5307
      vertex 113.969 172.8 76.4402
    endloop
  endfacet
  facet normal 0 1 0
    outer loop
      vertex 114.51 172.8 74.7172
      vertex 117.197 172.8 75.8372
      vertex 117.413 172.8 75.4568
    endloop
  endfacet
  facet normal 0 1 0
    outer loop
      vertex 114.51 172.8 74.7172
      vertex 117.413 172.8 75.4568
      vertex 117.686 172.8 75.1578
    endloop
  endfacet
  facet normal 0 1 0
    outer loop
      vertex 114.51 172.8 74.7172
      vertex 117.686 172.8 75.1578
      vertex 118.014 172.8 74.9442
    endloop
  endfacet
  facet normal 0 1 0
    outer loop
      vertex 114.51 172.8 74.7172
      vertex 118.014 172.8 74.9442
      vertex 118.396 172.8 74.816
    endloop
  endfacet
  facet normal 0 1 0
    outer loop
      vertex 117.043 172.8 76.2948
      vertex 114.51 172.8 74.7172
      vertex 114.172 172.8 75.5307
    endloop
  endfacet
  facet normal 0 1 0
    outer loop
      vertex 119.658 172.8 74.9442
      vertex 120.119 172.8 73.5213
      vertex 119.273 172.8 74.816
    endloop
  endfacet
  facet normal 0 1 0
    outer loop
      vertex 118.396 172.8 74.816
      vertex 114.984 172.8 73.9999
      vertex 114.51 172.8 74.7172
    endloop
  endfacet
  facet normal 0 1 0
    outer loop
      vertex 119.273 172.8 74.816
      vertex 119.779 172.8 73.254
      vertex 118.833 172.8 74.7733
    endloop
  endfacet
  facet normal 0 1 -0
    outer loop
      vertex 119.423 172.8 73.0391
      vertex 118.833 172.8 74.7733
      vertex 119.779 172.8 73.254
    endloop
  endfacet
  facet normal 0 1 0
    outer loop
      vertex 117.75 172.8 72.6613
      vertex 118.396 172.8 74.816
      vertex 118.209 172.8 72.6849
    endloop
  endfacet
  facet normal 0 1 -0
    outer loop
      vertex 119.045 172.8 72.8738
      vertex 118.833 172.8 74.7733
      vertex 119.423 172.8 73.0391
    endloop
  endfacet
  facet normal 0 1 0
    outer loop
      vertex 118.64 172.8 72.7558
      vertex 118.833 172.8 74.7733
      vertex 119.045 172.8 72.8738
    endloop
  endfacet
  facet normal -0 1 0
    outer loop
      vertex 116.946 172.8 72.745
      vertex 118.396 172.8 74.816
      vertex 117.75 172.8 72.6613
    endloop
  endfacet
  facet normal 0 1 0
    outer loop
      vertex 118.833 172.8 74.7733
      vertex 118.64 172.8 72.7558
      vertex 118.396 172.8 74.816
    endloop
  endfacet
  facet normal 0 1 0
    outer loop
      vertex 118.396 172.8 74.816
      vertex 118.64 172.8 72.7558
      vertex 118.209 172.8 72.6849
    endloop
  endfacet
  facet normal 0 1 0
    outer loop
      vertex 118.396 172.8 74.816
      vertex 115.562 172.8 73.4143
      vertex 114.984 172.8 73.9999
    endloop
  endfacet
  facet normal 0 1 0
    outer loop
      vertex 118.396 172.8 74.816
      vertex 116.216 172.8 72.996
      vertex 115.562 172.8 73.4143
    endloop
  endfacet
  facet normal 0 1 0
    outer loop
      vertex 118.396 172.8 74.816
      vertex 116.946 172.8 72.745
      vertex 116.216 172.8 72.996
    endloop
  endfacet
  facet normal 0 1 0
    outer loop
      vertex 64.7808 172.8 77.06
      vertex 66.0502 172.8 81.9925
      vertex 69.5818 172.8 81.9925
    endloop
  endfacet
  facet normal 0 1 0
    outer loop
      vertex 66.0502 172.8 81.9925
      vertex 64.7808 172.8 77.06
      vertex 62.4942 172.8 78.1914
    endloop
  endfacet
  facet normal 0 1 -0
    outer loop
      vertex 62.4942 172.8 78.1914
      vertex 59.5809 172.8 81.9925
      vertex 62.4942 172.8 81.9925
    endloop
  endfacet
  facet normal 0 1 0
    outer loop
      vertex 62.4942 172.8 76.2217
      vertex 62.4942 172.8 78.1914
      vertex 64.7808 172.8 77.06
    endloop
  endfacet
  facet normal 0 1 -0
    outer loop
      vertex 62.4942 172.8 76.2217
      vertex 59.5809 172.8 81.9925
      vertex 62.4942 172.8 78.1914
    endloop
  endfacet
  facet normal 0 1 0
    outer loop
      vertex 59.5809 172.8 69.3282
      vertex 62.4942 172.8 76.2217
      vertex 62.4942 172.8 69.3282
    endloop
  endfacet
  facet normal 0 1 0
    outer loop
      vertex 62.4942 172.8 76.2217
      vertex 59.5809 172.8 69.3282
      vertex 59.5809 172.8 81.9925
    endloop
  endfacet
  facet normal 0 1 -0
    outer loop
      vertex 65.8467 172.8 72.8763
      vertex 64.7808 172.8 77.06
      vertex 69.2319 172.8 72.8763
    endloop
  endfacet
  facet normal 0 1 0
    outer loop
      vertex 64.7808 172.8 77.06
      vertex 65.8467 172.8 72.8763
      vertex 62.4942 172.8 76.2217
    endloop
  endfacet
  facet normal 0 1 -0
    outer loop
      vertex 90.9437 172.8 70.2882
      vertex 88.0306 172.8 72.8763
      vertex 90.9437 172.8 72.8763
    endloop
  endfacet
  facet normal 0 1 0
    outer loop
      vertex 88.0306 172.8 72.8763
      vertex 90.9437 172.8 70.2882
      vertex 88.0306 172.8 70.2882
    endloop
  endfacet
  facet normal 0 1 0
    outer loop
      vertex 90.9437 172.8 72.8763
      vertex 90.9437 172.8 74.9576
      vertex 93.9465 172.8 74.9576
    endloop
  endfacet
  facet normal 0 1 0
    outer loop
      vertex 90.9437 172.8 74.9576
      vertex 90.9437 172.8 72.8763
      vertex 88.0306 172.8 74.9576
    endloop
  endfacet
  facet normal 0 1 0
    outer loop
      vertex 90.9437 172.8 72.8763
      vertex 93.9465 172.8 74.9576
      vertex 93.9465 172.8 72.8763
    endloop
  endfacet
  facet normal 0 1 0
    outer loop
      vertex 88.0306 172.8 72.8763
      vertex 88.0306 172.8 74.9576
      vertex 90.9437 172.8 72.8763
    endloop
  endfacet
  facet normal 0 1 0
    outer loop
      vertex 88.0306 172.8 74.9576
      vertex 88.0306 172.8 72.8763
      vertex 86.5821 172.8 74.9576
    endloop
  endfacet
  facet normal 0 1 0
    outer loop
      vertex 86.5821 172.8 74.9576
      vertex 88.0306 172.8 72.8763
      vertex 86.5821 172.8 72.8763
    endloop
  endfacet
  facet normal 0 1 -0
    outer loop
      vertex 92.197 172.8 79.9112
      vertex 91.1961 172.8 81.9925
      vertex 93.6942 172.8 81.9925
    endloop
  endfacet
  facet normal 0 1 -0
    outer loop
      vertex 91.8537 172.8 79.8972
      vertex 91.1961 172.8 81.9925
      vertex 92.197 172.8 79.9112
    endloop
  endfacet
  facet normal 0 1 -0
    outer loop
      vertex 91.3532 172.8 79.7852
      vertex 91.1961 172.8 81.9925
      vertex 91.5724 172.8 79.8552
    endloop
  endfacet
  facet normal 0 1 0
    outer loop
      vertex 91.1961 172.8 81.9925
      vertex 91.3532 172.8 79.7852
      vertex 90.3963 172.8 81.9475
    endloop
  endfacet
  facet normal 0 1 0
    outer loop
      vertex 90.3963 172.8 81.9475
      vertex 91.196 172.8 79.6872
      vertex 89.7222 172.8 81.8125
    endloop
  endfacet
  facet normal 0 1 -0
    outer loop
      vertex 91.0856 172.8 79.5494
      vertex 89.7222 172.8 81.8125
      vertex 91.196 172.8 79.6872
    endloop
  endfacet
  facet normal 0 1 0
    outer loop
      vertex 92.197 172.8 79.9112
      vertex 93.6942 172.8 81.9925
      vertex 93.6942 172.8 79.9112
    endloop
  endfacet
  facet normal 0 1 -0
    outer loop
      vertex 91.5724 172.8 79.8552
      vertex 91.1961 172.8 81.9925
      vertex 91.8537 172.8 79.8972
    endloop
  endfacet
  facet normal 0 1 -0
    outer loop
      vertex 91.196 172.8 79.6872
      vertex 90.3963 172.8 81.9475
      vertex 91.3532 172.8 79.7852
    endloop
  endfacet
  facet normal 0 1 0
    outer loop
      vertex 89.7222 172.8 81.8125
      vertex 91.0856 172.8 79.5494
      vertex 89.1737 172.8 81.5875
    endloop
  endfacet
  facet normal 0 1 0
    outer loop
      vertex 89.1737 172.8 81.5875
      vertex 91.0856 172.8 79.5494
      vertex 88.7507 172.8 81.2725
    endloop
  endfacet
  facet normal 0 1 0
    outer loop
      vertex 88.7507 172.8 81.2725
      vertex 91.0856 172.8 79.5494
      vertex 88.4357 172.8 80.8496
    endloop
  endfacet
  facet normal 0 1 0
    outer loop
      vertex 88.4357 172.8 80.8496
      vertex 91.0856 172.8 79.5494
      vertex 88.2106 172.8 80.3012
    endloop
  endfacet
  facet normal 0 1 -0
    outer loop
      vertex 91.0068 172.8 79.3603
      vertex 88.2106 172.8 80.3012
      vertex 91.0856 172.8 79.5494
    endloop
  endfacet
  facet normal 0 1 0
    outer loop
      vertex 88.2106 172.8 80.3012
      vertex 91.0068 172.8 79.3603
      vertex 88.0756 172.8 79.6272
    endloop
  endfacet
  facet normal 0 1 -0
    outer loop
      vertex 90.9595 172.8 79.1197
      vertex 88.0756 172.8 79.6272
      vertex 91.0068 172.8 79.3603
    endloop
  endfacet
  facet normal 0 1 0
    outer loop
      vertex 88.0306 172.8 78.8276
      vertex 90.9595 172.8 79.1197
      vertex 90.9437 172.8 78.8276
    endloop
  endfacet
  facet normal 0 1 0
    outer loop
      vertex 90.9595 172.8 79.1197
      vertex 88.0306 172.8 78.8276
      vertex 88.0756 172.8 79.6272
    endloop
  endfacet
  facet normal 0 1 -0
    outer loop
      vertex 90.9437 172.8 74.9576
      vertex 88.0306 172.8 78.8276
      vertex 90.9437 172.8 78.8276
    endloop
  endfacet
  facet normal 0 1 0
    outer loop
      vertex 88.0306 172.8 78.8276
      vertex 90.9437 172.8 74.9576
      vertex 88.0306 172.8 74.9576
    endloop
  endfacet
  facet normal 0 1 -0
    outer loop
      vertex 135.22 172.8 76.387
      vertex 132.306 172.8 76.4475
      vertex 135.301 172.8 77.4152
    endloop
  endfacet
  facet normal 0 1 -0
    outer loop
      vertex 134.978 172.8 75.4677
      vertex 132.306 172.8 76.4475
      vertex 135.22 172.8 76.387
    endloop
  endfacet
  facet normal 0 1 0
    outer loop
      vertex 132.306 172.8 76.4475
      vertex 134.978 172.8 75.4677
      vertex 132.276 172.8 76.0518
    endloop
  endfacet
  facet normal 0 1 -0
    outer loop
      vertex 134.575 172.8 74.6572
      vertex 132.276 172.8 76.0518
      vertex 134.978 172.8 75.4677
    endloop
  endfacet
  facet normal 0 1 0
    outer loop
      vertex 132.276 172.8 76.0518
      vertex 134.575 172.8 74.6572
      vertex 132.185 172.8 75.6964
    endloop
  endfacet
  facet normal 0 1 -0
    outer loop
      vertex 134.011 172.8 73.9556
      vertex 132.185 172.8 75.6964
      vertex 134.575 172.8 74.6572
    endloop
  endfacet
  facet normal 0 1 0
    outer loop
      vertex 132.185 172.8 75.6964
      vertex 134.011 172.8 73.9556
      vertex 132.034 172.8 75.3812
    endloop
  endfacet
  facet normal 0 1 -0
    outer loop
      vertex 133.313 172.8 73.3894
      vertex 132.034 172.8 75.3812
      vertex 134.011 172.8 73.9556
    endloop
  endfacet
  facet normal 0 1 0
    outer loop
      vertex 132.034 172.8 75.3812
      vertex 133.313 172.8 73.3894
      vertex 131.822 172.8 75.1063
    endloop
  endfacet
  facet normal 0 1 0
    outer loop
      vertex 131.822 172.8 75.1063
      vertex 133.313 172.8 73.3894
      vertex 131.561 172.8 74.8833
    endloop
  endfacet
  facet normal 0 1 -0
    outer loop
      vertex 132.507 172.8 72.9849
      vertex 131.561 172.8 74.8833
      vertex 133.313 172.8 73.3894
    endloop
  endfacet
  facet normal 0 1 0
    outer loop
      vertex 131.561 172.8 74.8833
      vertex 132.507 172.8 72.9849
      vertex 131.264 172.8 74.7241
    endloop
  endfacet
  facet normal 0 1 -0
    outer loop
      vertex 132.306 172.8 76.4475
      vertex 128.49 172.8 78.2447
      vertex 135.301 172.8 78.2447
    endloop
  endfacet
  facet normal 0 1 0
    outer loop
      vertex 132.306 172.8 76.4475
      vertex 135.301 172.8 78.2447
      vertex 135.301 172.8 77.4152
    endloop
  endfacet
  facet normal 0 1 0
    outer loop
      vertex 128.49 172.8 78.2447
      vertex 132.306 172.8 76.4475
      vertex 128.522 172.8 76.4475
    endloop
  endfacet
  facet normal 0 1 0
    outer loop
      vertex 128.49 172.8 78.2447
      vertex 128.522 172.8 76.4475
      vertex 125.52 172.8 77.446
    endloop
  endfacet
  facet normal 0 1 0
    outer loop
      vertex 128.522 172.8 76.4475
      vertex 125.604 172.8 76.3907
      vertex 125.52 172.8 77.446
    endloop
  endfacet
  facet normal 0 1 0
    outer loop
      vertex 125.856 172.8 75.4544
      vertex 128.522 172.8 76.4475
      vertex 128.612 172.8 76.0253
    endloop
  endfacet
  facet normal 0 1 0
    outer loop
      vertex 126.277 172.8 74.6371
      vertex 128.612 172.8 76.0253
      vertex 128.752 172.8 75.6556
    endloop
  endfacet
  facet normal 0 1 0
    outer loop
      vertex 128.522 172.8 76.4475
      vertex 125.856 172.8 75.4544
      vertex 125.604 172.8 76.3907
    endloop
  endfacet
  facet normal 0 1 0
    outer loop
      vertex 126.866 172.8 73.9388
      vertex 128.752 172.8 75.6556
      vertex 128.942 172.8 75.3384
    endloop
  endfacet
  facet normal 0 1 0
    outer loop
      vertex 127.603 172.8 73.3799
      vertex 128.942 172.8 75.3384
      vertex 129.181 172.8 75.0737
    endloop
  endfacet
  facet normal 0 1 0
    outer loop
      vertex 128.466 172.8 72.9807
      vertex 129.181 172.8 75.0737
      vertex 129.466 172.8 74.865
    endloop
  endfacet
  facet normal 0 1 0
    outer loop
      vertex 128.466 172.8 72.9807
      vertex 129.466 172.8 74.865
      vertex 129.79 172.8 74.7159
    endloop
  endfacet
  facet normal 0 1 0
    outer loop
      vertex 128.612 172.8 76.0253
      vertex 126.277 172.8 74.6371
      vertex 125.856 172.8 75.4544
    endloop
  endfacet
  facet normal 0 1 0
    outer loop
      vertex 129.456 172.8 72.7411
      vertex 129.79 172.8 74.7159
      vertex 130.153 172.8 74.6265
    endloop
  endfacet
  facet normal 0 1 0
    outer loop
      vertex 130.573 172.8 72.6613
      vertex 130.153 172.8 74.6265
      vertex 130.557 172.8 74.5967
    endloop
  endfacet
  facet normal 0 1 -0
    outer loop
      vertex 131.593 172.8 72.7422
      vertex 131.264 172.8 74.7241
      vertex 132.507 172.8 72.9849
    endloop
  endfacet
  facet normal 0 1 0
    outer loop
      vertex 130.153 172.8 74.6265
      vertex 130.573 172.8 72.6613
      vertex 129.456 172.8 72.7411
    endloop
  endfacet
  facet normal 0 1 0
    outer loop
      vertex 131.264 172.8 74.7241
      vertex 131.593 172.8 72.7422
      vertex 130.929 172.8 74.6285
    endloop
  endfacet
  facet normal 0 1 0
    outer loop
      vertex 129.79 172.8 74.7159
      vertex 129.456 172.8 72.7411
      vertex 128.466 172.8 72.9807
    endloop
  endfacet
  facet normal 0 1 0
    outer loop
      vertex 130.573 172.8 72.6613
      vertex 130.929 172.8 74.6285
      vertex 131.593 172.8 72.7422
    endloop
  endfacet
  facet normal 0 1 0
    outer loop
      vertex 129.181 172.8 75.0737
      vertex 128.466 172.8 72.9807
      vertex 127.603 172.8 73.3799
    endloop
  endfacet
  facet normal 0 1 0
    outer loop
      vertex 130.929 172.8 74.6285
      vertex 130.573 172.8 72.6613
      vertex 130.557 172.8 74.5967
    endloop
  endfacet
  facet normal 0 1 0
    outer loop
      vertex 128.752 172.8 75.6556
      vertex 126.866 172.8 73.9388
      vertex 126.277 172.8 74.6371
    endloop
  endfacet
  facet normal 0 1 0
    outer loop
      vertex 128.942 172.8 75.3384
      vertex 127.603 172.8 73.3799
      vertex 126.866 172.8 73.9388
    endloop
  endfacet
  facet normal 0 1 -0
    outer loop
      vertex 131.467 172.8 80.2782
      vertex 131.252 172.8 82.2181
      vertex 131.769 172.8 82.1806
    endloop
  endfacet
  facet normal 0 1 0
    outer loop
      vertex 131.252 172.8 82.2181
      vertex 131.004 172.8 80.2952
      vertex 130.736 172.8 82.2306
    endloop
  endfacet
  facet normal 0 1 -0
    outer loop
      vertex 131.935 172.8 80.2271
      vertex 131.769 172.8 82.1806
      vertex 132.286 172.8 82.1182
    endloop
  endfacet
  facet normal 0 1 -0
    outer loop
      vertex 132.409 172.8 80.1419
      vertex 132.286 172.8 82.1182
      vertex 132.803 172.8 82.0308
    endloop
  endfacet
  facet normal 0 1 0
    outer loop
      vertex 132.409 172.8 80.1419
      vertex 132.803 172.8 82.0308
      vertex 133.319 172.8 81.9189
    endloop
  endfacet
  facet normal 0 1 0
    outer loop
      vertex 131.252 172.8 82.2181
      vertex 131.467 172.8 80.2782
      vertex 131.004 172.8 80.2952
    endloop
  endfacet
  facet normal 0 1 0
    outer loop
      vertex 132.888 172.8 80.0227
      vertex 133.319 172.8 81.9189
      vertex 133.836 172.8 81.7831
    endloop
  endfacet
  facet normal 0 1 0
    outer loop
      vertex 133.373 172.8 79.8689
      vertex 133.836 172.8 81.7831
      vertex 134.353 172.8 81.6233
    endloop
  endfacet
  facet normal 0 1 0
    outer loop
      vertex 130.466 172.8 80.2632
      vertex 130.736 172.8 82.2306
      vertex 131.004 172.8 80.2952
    endloop
  endfacet
  facet normal 0 1 0
    outer loop
      vertex 133.866 172.8 79.68
      vertex 134.353 172.8 81.6233
      vertex 134.87 172.8 81.4395
    endloop
  endfacet
  facet normal 0 1 -0
    outer loop
      vertex 129.991 172.8 80.1671
      vertex 129.568 172.8 82.152
      vertex 130.466 172.8 80.2632
    endloop
  endfacet
  facet normal 0 1 -0
    outer loop
      vertex 129.579 172.8 80.0069
      vertex 129.568 172.8 82.152
      vertex 129.991 172.8 80.1671
    endloop
  endfacet
  facet normal 0 1 0
    outer loop
      vertex 130.736 172.8 82.2306
      vertex 130.466 172.8 80.2632
      vertex 129.568 172.8 82.152
    endloop
  endfacet
  facet normal 0 1 0
    outer loop
      vertex 131.769 172.8 82.1806
      vertex 131.935 172.8 80.2271
      vertex 131.467 172.8 80.2782
    endloop
  endfacet
  facet normal 0 1 0
    outer loop
      vertex 132.286 172.8 82.1182
      vertex 132.409 172.8 80.1419
      vertex 131.935 172.8 80.2271
    endloop
  endfacet
  facet normal 0 1 0
    outer loop
      vertex 133.319 172.8 81.9189
      vertex 132.888 172.8 80.0227
      vertex 132.409 172.8 80.1419
    endloop
  endfacet
  facet normal 0 1 0
    outer loop
      vertex 133.836 172.8 81.7831
      vertex 133.373 172.8 79.8689
      vertex 132.888 172.8 80.0227
    endloop
  endfacet
  facet normal 0 1 0
    outer loop
      vertex 134.353 172.8 81.6233
      vertex 133.866 172.8 79.68
      vertex 133.373 172.8 79.8689
    endloop
  endfacet
  facet normal 0 1 0
    outer loop
      vertex 134.87 172.8 81.4395
      vertex 134.364 172.8 79.456
      vertex 133.866 172.8 79.68
    endloop
  endfacet
  facet normal -0 1 0
    outer loop
      vertex 134.364 172.8 79.456
      vertex 134.87 172.8 81.4395
      vertex 134.87 172.8 79.197
    endloop
  endfacet
  facet normal 0 1 0
    outer loop
      vertex 129.568 172.8 82.152
      vertex 129.579 172.8 80.0069
      vertex 128.538 172.8 81.9163
    endloop
  endfacet
  facet normal 0 1 -0
    outer loop
      vertex 129.23 172.8 79.7826
      vertex 128.538 172.8 81.9163
      vertex 129.579 172.8 80.0069
    endloop
  endfacet
  facet normal 0 1 0
    outer loop
      vertex 128.538 172.8 81.9163
      vertex 129.23 172.8 79.7826
      vertex 127.645 172.8 81.5234
    endloop
  endfacet
  facet normal 0 1 -0
    outer loop
      vertex 128.946 172.8 79.4942
      vertex 127.645 172.8 81.5234
      vertex 129.23 172.8 79.7826
    endloop
  endfacet
  facet normal 0 1 0
    outer loop
      vertex 127.645 172.8 81.5234
      vertex 128.946 172.8 79.4942
      vertex 126.891 172.8 80.9734
    endloop
  endfacet
  facet normal 0 1 -0
    outer loop
      vertex 128.728 172.8 79.1418
      vertex 126.891 172.8 80.9734
      vertex 128.946 172.8 79.4942
    endloop
  endfacet
  facet normal 0 1 0
    outer loop
      vertex 126.891 172.8 80.9734
      vertex 128.728 172.8 79.1418
      vertex 126.291 172.8 80.2815
    endloop
  endfacet
  facet normal 0 1 -0
    outer loop
      vertex 128.576 172.8 78.7253
      vertex 126.291 172.8 80.2815
      vertex 128.728 172.8 79.1418
    endloop
  endfacet
  facet normal 0 1 0
    outer loop
      vertex 126.291 172.8 80.2815
      vertex 128.576 172.8 78.7253
      vertex 125.862 172.8 79.463
    endloop
  endfacet
  facet normal 0 1 -0
    outer loop
      vertex 128.49 172.8 78.2447
      vertex 125.862 172.8 79.463
      vertex 128.576 172.8 78.7253
    endloop
  endfacet
  facet normal 0 1 0
    outer loop
      vertex 125.862 172.8 79.463
      vertex 128.49 172.8 78.2447
      vertex 125.605 172.8 78.5178
    endloop
  endfacet
  facet normal 0 1 0
    outer loop
      vertex 125.605 172.8 78.5178
      vertex 128.49 172.8 78.2447
      vertex 125.52 172.8 77.446
    endloop
  endfacet
  facet normal 0 1 0
    outer loop
      vertex 112.105 172.8 81.9925
      vertex 109.168 172.8 80.6408
      vertex 109.168 172.8 81.9925
    endloop
  endfacet
  facet normal 0 1 0
    outer loop
      vertex 105.393 172.8 82.179
      vertex 106.193 172.8 79.9825
      vertex 104.785 172.8 82.0242
    endloop
  endfacet
  facet normal 0 1 0
    outer loop
      vertex 108.866 172.8 81.0283
      vertex 107.618 172.8 80.2584
      vertex 107.223 172.8 80.2952
    endloop
  endfacet
  facet normal 0 1 0
    outer loop
      vertex 108.866 172.8 81.0283
      vertex 107.98 172.8 80.148
      vertex 107.618 172.8 80.2584
    endloop
  endfacet
  facet normal 0 1 0
    outer loop
      vertex 108.866 172.8 81.0283
      vertex 108.309 172.8 79.964
      vertex 107.98 172.8 80.148
    endloop
  endfacet
  facet normal 0 1 0
    outer loop
      vertex 109.027 172.8 79.0433
      vertex 109.168 172.8 80.6408
      vertex 112.105 172.8 81.9925
    endloop
  endfacet
  facet normal 0 1 0
    outer loop
      vertex 109.168 172.8 80.6408
      vertex 108.606 172.8 79.7064
      vertex 108.309 172.8 79.964
    endloop
  endfacet
  facet normal 0 1 0
    outer loop
      vertex 109.168 172.8 80.6408
      vertex 108.852 172.8 79.3934
      vertex 108.606 172.8 79.7064
    endloop
  endfacet
  facet normal 0 1 0
    outer loop
      vertex 109.168 172.8 80.6408
      vertex 109.027 172.8 79.0433
      vertex 108.852 172.8 79.3934
    endloop
  endfacet
  facet normal 0 1 0
    outer loop
      vertex 112.105 172.8 81.9925
      vertex 109.133 172.8 78.6562
      vertex 109.027 172.8 79.0433
    endloop
  endfacet
  facet normal 0 1 -0
    outer loop
      vertex 112.105 172.8 76.799
      vertex 109.133 172.8 78.6562
      vertex 112.105 172.8 81.9925
    endloop
  endfacet
  facet normal 0 1 0
    outer loop
      vertex 109.133 172.8 78.6562
      vertex 112.105 172.8 76.799
      vertex 109.168 172.8 78.2321
    endloop
  endfacet
  facet normal 0 1 -0
    outer loop
      vertex 109.168 172.8 76.1634
      vertex 107.654 172.8 77.899
      vertex 109.168 172.8 77.899
    endloop
  endfacet
  facet normal -0 1 0
    outer loop
      vertex 104.618 172.8 76.5843
      vertex 107.654 172.8 77.899
      vertex 105.405 172.8 76.3505
    endloop
  endfacet
  facet normal -0 1 0
    outer loop
      vertex 103.988 172.8 76.9117
      vertex 107.654 172.8 77.899
      vertex 104.618 172.8 76.5843
    endloop
  endfacet
  facet normal 0 1 0
    outer loop
      vertex 109.168 172.8 78.2321
      vertex 112.105 172.8 76.799
      vertex 109.168 172.8 77.899
    endloop
  endfacet
  facet normal 0 1 0
    outer loop
      vertex 109.168 172.8 76.1634
      vertex 109.168 172.8 77.899
      vertex 112.105 172.8 76.799
    endloop
  endfacet
  facet normal 0 1 0
    outer loop
      vertex 107.654 172.8 77.899
      vertex 107.451 172.8 76.1634
      vertex 106.349 172.8 76.2102
    endloop
  endfacet
  facet normal 0 1 0
    outer loop
      vertex 107.654 172.8 77.899
      vertex 106.349 172.8 76.2102
      vertex 105.405 172.8 76.3505
    endloop
  endfacet
  facet normal 0 1 0
    outer loop
      vertex 107.654 172.8 77.899
      vertex 103.988 172.8 76.9117
      vertex 103.161 172.8 77.8734
    endloop
  endfacet
  facet normal 0 1 0
    outer loop
      vertex 107.654 172.8 77.899
      vertex 109.168 172.8 76.1634
      vertex 107.451 172.8 76.1634
    endloop
  endfacet
  facet normal 0 1 -0
    outer loop
      vertex 112.037 172.8 75.7796
      vertex 109.168 172.8 76.1634
      vertex 112.105 172.8 76.799
    endloop
  endfacet
  facet normal 0 1 0
    outer loop
      vertex 109.168 172.8 76.1634
      vertex 112.037 172.8 75.7796
      vertex 109.168 172.8 75.9333
    endloop
  endfacet
  facet normal 0 1 -0
    outer loop
      vertex 111.832 172.8 74.9124
      vertex 109.168 172.8 75.9333
      vertex 112.037 172.8 75.7796
    endloop
  endfacet
  facet normal 0 1 0
    outer loop
      vertex 109.168 172.8 75.9333
      vertex 111.832 172.8 74.9124
      vertex 109.134 172.8 75.6101
    endloop
  endfacet
  facet normal 0 1 -0
    outer loop
      vertex 111.49 172.8 74.1974
      vertex 109.134 172.8 75.6101
      vertex 111.832 172.8 74.9124
    endloop
  endfacet
  facet normal 0 1 0
    outer loop
      vertex 109.134 172.8 75.6101
      vertex 111.49 172.8 74.1974
      vertex 109.032 172.8 75.3333
    endloop
  endfacet
  facet normal 0 1 -0
    outer loop
      vertex 111.011 172.8 73.6346
      vertex 109.032 172.8 75.3333
      vertex 111.49 172.8 74.1974
    endloop
  endfacet
  facet normal 0 1 -0
    outer loop
      vertex 110.378 172.8 73.2088
      vertex 109.032 172.8 75.3333
      vertex 111.011 172.8 73.6346
    endloop
  endfacet
  facet normal 0 1 0
    outer loop
      vertex 109.032 172.8 75.3333
      vertex 110.378 172.8 73.2088
      vertex 108.861 172.8 75.1028
    endloop
  endfacet
  facet normal 0 1 -0
    outer loop
      vertex 109.574 172.8 72.9046
      vertex 108.861 172.8 75.1028
      vertex 110.378 172.8 73.2088
    endloop
  endfacet
  facet normal 0 1 0
    outer loop
      vertex 108.623 172.8 74.9186
      vertex 109.574 172.8 72.9046
      vertex 108.312 172.8 74.7778
    endloop
  endfacet
  facet normal 0 1 0
    outer loop
      vertex 108.861 172.8 75.1028
      vertex 109.574 172.8 72.9046
      vertex 108.623 172.8 74.9186
    endloop
  endfacet
  facet normal 0 1 0
    outer loop
      vertex 107.038 172.8 82.1358
      vertex 106.911 172.8 80.2757
      vertex 106.572 172.8 82.2069
    endloop
  endfacet
  facet normal 0 1 0
    outer loop
      vertex 107.463 172.8 82.0173
      vertex 107.223 172.8 80.2952
      vertex 107.038 172.8 82.1358
    endloop
  endfacet
  facet normal 0 1 -0
    outer loop
      vertex 106.636 172.8 80.217
      vertex 106.572 172.8 82.2069
      vertex 106.911 172.8 80.2757
    endloop
  endfacet
  facet normal 0 1 0
    outer loop
      vertex 107.85 172.8 81.8515
      vertex 107.223 172.8 80.2952
      vertex 107.463 172.8 82.0173
    endloop
  endfacet
  facet normal 0 1 0
    outer loop
      vertex 108.207 172.8 81.6337
      vertex 107.223 172.8 80.2952
      vertex 107.85 172.8 81.8515
    endloop
  endfacet
  facet normal 0 1 0
    outer loop
      vertex 106.572 172.8 82.2069
      vertex 106.636 172.8 80.217
      vertex 106.068 172.8 82.2306
    endloop
  endfacet
  facet normal 0 1 0
    outer loop
      vertex 107.223 172.8 80.2952
      vertex 108.207 172.8 81.6337
      vertex 108.545 172.8 81.3593
    endloop
  endfacet
  facet normal 0 1 -0
    outer loop
      vertex 106.397 172.8 80.1193
      vertex 106.068 172.8 82.2306
      vertex 106.636 172.8 80.217
    endloop
  endfacet
  facet normal 0 1 0
    outer loop
      vertex 107.223 172.8 80.2952
      vertex 108.545 172.8 81.3593
      vertex 108.866 172.8 81.0283
    endloop
  endfacet
  facet normal 0 1 0
    outer loop
      vertex 106.911 172.8 80.2757
      vertex 107.038 172.8 82.1358
      vertex 107.223 172.8 80.2952
    endloop
  endfacet
  facet normal 0 1 0
    outer loop
      vertex 106.068 172.8 82.2306
      vertex 106.397 172.8 80.1193
      vertex 105.393 172.8 82.179
    endloop
  endfacet
  facet normal 0 1 0
    outer loop
      vertex 108.309 172.8 79.964
      vertex 108.866 172.8 81.0283
      vertex 109.168 172.8 80.6408
    endloop
  endfacet
  facet normal 0 1 -0
    outer loop
      vertex 106.193 172.8 79.9825
      vertex 105.393 172.8 82.179
      vertex 106.397 172.8 80.1193
    endloop
  endfacet
  facet normal 0 1 -0
    outer loop
      vertex 106.032 172.8 79.8112
      vertex 104.785 172.8 82.0242
      vertex 106.193 172.8 79.9825
    endloop
  endfacet
  facet normal 0 1 0
    outer loop
      vertex 104.785 172.8 82.0242
      vertex 106.032 172.8 79.8112
      vertex 104.243 172.8 81.7662
    endloop
  endfacet
  facet normal 0 1 0
    outer loop
      vertex 104.243 172.8 81.7662
      vertex 106.032 172.8 79.8112
      vertex 103.769 172.8 81.4051
    endloop
  endfacet
  facet normal 0 1 -0
    outer loop
      vertex 105.916 172.8 79.6099
      vertex 103.769 172.8 81.4051
      vertex 106.032 172.8 79.8112
    endloop
  endfacet
  facet normal 0 1 0
    outer loop
      vertex 103.769 172.8 81.4051
      vertex 105.916 172.8 79.6099
      vertex 103.382 172.8 80.9616
    endloop
  endfacet
  facet normal 0 1 0
    outer loop
      vertex 103.382 172.8 80.9616
      vertex 105.916 172.8 79.6099
      vertex 103.106 172.8 80.4566
    endloop
  endfacet
  facet normal 0 1 -0
    outer loop
      vertex 105.846 172.8 79.3786
      vertex 103.106 172.8 80.4566
      vertex 105.916 172.8 79.6099
    endloop
  endfacet
  facet normal 0 1 0
    outer loop
      vertex 103.106 172.8 80.4566
      vertex 105.846 172.8 79.3786
      vertex 102.941 172.8 79.8901
    endloop
  endfacet
  facet normal 0 1 0
    outer loop
      vertex 105.846 172.8 79.3786
      vertex 102.886 172.8 79.262
      vertex 102.941 172.8 79.8901
    endloop
  endfacet
  facet normal 0 1 -0
    outer loop
      vertex 105.823 172.8 79.1174
      vertex 102.886 172.8 79.262
      vertex 105.846 172.8 79.3786
    endloop
  endfacet
  facet normal 0 1 0
    outer loop
      vertex 102.955 172.8 78.5143
      vertex 105.823 172.8 79.1174
      vertex 105.852 172.8 78.8351
    endloop
  endfacet
  facet normal 0 1 0
    outer loop
      vertex 103.161 172.8 77.8734
      vertex 105.852 172.8 78.8351
      vertex 105.938 172.8 78.5894
    endloop
  endfacet
  facet normal 0 1 0
    outer loop
      vertex 105.823 172.8 79.1174
      vertex 102.955 172.8 78.5143
      vertex 102.886 172.8 79.262
    endloop
  endfacet
  facet normal 0 1 0
    outer loop
      vertex 103.161 172.8 77.8734
      vertex 105.938 172.8 78.5894
      vertex 106.082 172.8 78.3803
    endloop
  endfacet
  facet normal 0 1 0
    outer loop
      vertex 103.161 172.8 77.8734
      vertex 106.082 172.8 78.3803
      vertex 106.283 172.8 78.2077
    endloop
  endfacet
  facet normal 0 1 0
    outer loop
      vertex 103.161 172.8 77.8734
      vertex 106.283 172.8 78.2077
      vertex 106.541 172.8 78.0727
    endloop
  endfacet
  facet normal 0 1 0
    outer loop
      vertex 103.161 172.8 77.8734
      vertex 106.541 172.8 78.0727
      vertex 106.856 172.8 77.9762
    endloop
  endfacet
  facet normal 0 1 0
    outer loop
      vertex 103.161 172.8 77.8734
      vertex 106.856 172.8 77.9762
      vertex 107.227 172.8 77.9183
    endloop
  endfacet
  facet normal 0 1 0
    outer loop
      vertex 105.852 172.8 78.8351
      vertex 103.161 172.8 77.8734
      vertex 102.955 172.8 78.5143
    endloop
  endfacet
  facet normal 0 1 0
    outer loop
      vertex 103.161 172.8 77.8734
      vertex 107.227 172.8 77.9183
      vertex 107.654 172.8 77.899
    endloop
  endfacet
  facet normal 0 1 0
    outer loop
      vertex 103.161 172.8 77.8734
      vertex 103.988 172.8 76.9117
      vertex 103.506 172.8 77.3392
    endloop
  endfacet
  facet normal 0 1 -0
    outer loop
      vertex 108.598 172.8 72.7221
      vertex 108.312 172.8 74.7778
      vertex 109.574 172.8 72.9046
    endloop
  endfacet
  facet normal 0 1 0
    outer loop
      vertex 107.451 172.8 72.6613
      vertex 107.925 172.8 74.6772
      vertex 108.598 172.8 72.7221
    endloop
  endfacet
  facet normal 0 1 0
    outer loop
      vertex 108.312 172.8 74.7778
      vertex 108.598 172.8 72.7221
      vertex 107.925 172.8 74.6772
    endloop
  endfacet
  facet normal 0 1 0
    outer loop
      vertex 107.925 172.8 74.6772
      vertex 107.451 172.8 72.6613
      vertex 107.462 172.8 74.6168
    endloop
  endfacet
  facet normal 0 1 0
    outer loop
      vertex 107.462 172.8 74.6168
      vertex 107.451 172.8 72.6613
      vertex 106.922 172.8 74.5967
    endloop
  endfacet
  facet normal -0 1 -0
    outer loop
      vertex 106.979 172.8 72.6686
      vertex 106.922 172.8 74.5967
      vertex 107.451 172.8 72.6613
    endloop
  endfacet
  facet normal -0 1 0
    outer loop
      vertex 106.507 172.8 72.6906
      vertex 106.922 172.8 74.5967
      vertex 106.979 172.8 72.6686
    endloop
  endfacet
  facet normal 0 1 0
    outer loop
      vertex 104.036 172.8 75.167
      vertex 103.683 172.8 73.1221
      vertex 103.683 172.8 75.3416
    endloop
  endfacet
  facet normal 0 1 0
    outer loop
      vertex 104.403 172.8 75.0157
      vertex 103.683 172.8 73.1221
      vertex 104.036 172.8 75.167
    endloop
  endfacet
  facet normal 0 1 0
    outer loop
      vertex 104.151 172.8 73.0158
      vertex 104.403 172.8 75.0157
      vertex 104.785 172.8 74.8877
    endloop
  endfacet
  facet normal 0 1 0
    outer loop
      vertex 106.922 172.8 74.5967
      vertex 106.507 172.8 72.6906
      vertex 106.462 172.8 74.6083
    endloop
  endfacet
  facet normal 0 1 0
    outer loop
      vertex 104.403 172.8 75.0157
      vertex 104.151 172.8 73.0158
      vertex 103.683 172.8 73.1221
    endloop
  endfacet
  facet normal 0 1 0
    outer loop
      vertex 104.785 172.8 74.8877
      vertex 104.621 172.8 72.9231
      vertex 104.151 172.8 73.0158
    endloop
  endfacet
  facet normal -0 1 0
    outer loop
      vertex 106.035 172.8 72.7272
      vertex 106.462 172.8 74.6083
      vertex 106.507 172.8 72.6906
    endloop
  endfacet
  facet normal 0 1 0
    outer loop
      vertex 105.18 172.8 74.7829
      vertex 104.621 172.8 72.9231
      vertex 104.785 172.8 74.8877
    endloop
  endfacet
  facet normal -0 1 0
    outer loop
      vertex 104.621 172.8 72.9231
      vertex 105.18 172.8 74.7829
      vertex 105.091 172.8 72.844
    endloop
  endfacet
  facet normal 0 1 0
    outer loop
      vertex 105.591 172.8 74.7014
      vertex 105.091 172.8 72.844
      vertex 105.18 172.8 74.7829
    endloop
  endfacet
  facet normal 0 1 0
    outer loop
      vertex 106.462 172.8 74.6083
      vertex 106.035 172.8 72.7272
      vertex 106.019 172.8 74.6432
    endloop
  endfacet
  facet normal -0 1 0
    outer loop
      vertex 105.091 172.8 72.844
      vertex 105.591 172.8 74.7014
      vertex 105.563 172.8 72.7785
    endloop
  endfacet
  facet normal 0 1 0
    outer loop
      vertex 106.019 172.8 74.6432
      vertex 105.563 172.8 72.7785
      vertex 105.591 172.8 74.7014
    endloop
  endfacet
  facet normal -0 1 0
    outer loop
      vertex 105.563 172.8 72.7785
      vertex 106.019 172.8 74.6432
      vertex 106.035 172.8 72.7272
    endloop
  endfacet
  facet normal 0 1 -0
    outer loop
      vertex 152.442 172.8 76.387
      vertex 149.528 172.8 76.4475
      vertex 152.523 172.8 77.4152
    endloop
  endfacet
  facet normal 0 1 -0
    outer loop
      vertex 152.2 172.8 75.4677
      vertex 149.528 172.8 76.4475
      vertex 152.442 172.8 76.387
    endloop
  endfacet
  facet normal 0 1 0
    outer loop
      vertex 149.528 172.8 76.4475
      vertex 152.2 172.8 75.4677
      vertex 149.498 172.8 76.0518
    endloop
  endfacet
  facet normal 0 1 -0
    outer loop
      vertex 151.797 172.8 74.6572
      vertex 149.498 172.8 76.0518
      vertex 152.2 172.8 75.4677
    endloop
  endfacet
  facet normal 0 1 0
    outer loop
      vertex 149.498 172.8 76.0518
      vertex 151.797 172.8 74.6572
      vertex 149.407 172.8 75.6964
    endloop
  endfacet
  facet normal 0 1 -0
    outer loop
      vertex 151.233 172.8 73.9556
      vertex 149.407 172.8 75.6964
      vertex 151.797 172.8 74.6572
    endloop
  endfacet
  facet normal 0 1 0
    outer loop
      vertex 149.407 172.8 75.6964
      vertex 151.233 172.8 73.9556
      vertex 149.256 172.8 75.3812
    endloop
  endfacet
  facet normal 0 1 -0
    outer loop
      vertex 150.534 172.8 73.3894
      vertex 149.256 172.8 75.3812
      vertex 151.233 172.8 73.9556
    endloop
  endfacet
  facet normal 0 1 0
    outer loop
      vertex 149.256 172.8 75.3812
      vertex 150.534 172.8 73.3894
      vertex 149.044 172.8 75.1063
    endloop
  endfacet
  facet normal 0 1 0
    outer loop
      vertex 149.044 172.8 75.1063
      vertex 150.534 172.8 73.3894
      vertex 148.783 172.8 74.8833
    endloop
  endfacet
  facet normal 0 1 -0
    outer loop
      vertex 149.729 172.8 72.9849
      vertex 148.783 172.8 74.8833
      vertex 150.534 172.8 73.3894
    endloop
  endfacet
  facet normal 0 1 0
    outer loop
      vertex 148.783 172.8 74.8833
      vertex 149.729 172.8 72.9849
      vertex 148.485 172.8 74.7241
    endloop
  endfacet
  facet normal 0 1 -0
    outer loop
      vertex 149.528 172.8 76.4475
      vertex 145.712 172.8 78.2447
      vertex 152.523 172.8 78.2447
    endloop
  endfacet
  facet normal 0 1 0
    outer loop
      vertex 149.528 172.8 76.4475
      vertex 152.523 172.8 78.2447
      vertex 152.523 172.8 77.4152
    endloop
  endfacet
  facet normal 0 1 0
    outer loop
      vertex 145.712 172.8 78.2447
      vertex 149.528 172.8 76.4475
      vertex 145.744 172.8 76.4475
    endloop
  endfacet
  facet normal 0 1 0
    outer loop
      vertex 145.712 172.8 78.2447
      vertex 145.744 172.8 76.4475
      vertex 142.742 172.8 77.446
    endloop
  endfacet
  facet normal 0 1 0
    outer loop
      vertex 145.744 172.8 76.4475
      vertex 142.826 172.8 76.3907
      vertex 142.742 172.8 77.446
    endloop
  endfacet
  facet normal 0 1 0
    outer loop
      vertex 143.078 172.8 75.4544
      vertex 145.744 172.8 76.4475
      vertex 145.834 172.8 76.0253
    endloop
  endfacet
  facet normal 0 1 0
    outer loop
      vertex 143.499 172.8 74.6371
      vertex 145.834 172.8 76.0253
      vertex 145.974 172.8 75.6556
    endloop
  endfacet
  facet normal 0 1 0
    outer loop
      vertex 145.744 172.8 76.4475
      vertex 143.078 172.8 75.4544
      vertex 142.826 172.8 76.3907
    endloop
  endfacet
  facet normal 0 1 0
    outer loop
      vertex 144.088 172.8 73.9388
      vertex 145.974 172.8 75.6556
      vertex 146.164 172.8 75.3384
    endloop
  endfacet
  facet normal 0 1 0
    outer loop
      vertex 144.825 172.8 73.3799
      vertex 146.164 172.8 75.3384
      vertex 146.403 172.8 75.0737
    endloop
  endfacet
  facet normal 0 1 0
    outer loop
      vertex 145.688 172.8 72.9807
      vertex 146.403 172.8 75.0737
      vertex 146.688 172.8 74.865
    endloop
  endfacet
  facet normal 0 1 0
    outer loop
      vertex 145.688 172.8 72.9807
      vertex 146.688 172.8 74.865
      vertex 147.012 172.8 74.7159
    endloop
  endfacet
  facet normal 0 1 0
    outer loop
      vertex 145.834 172.8 76.0253
      vertex 143.499 172.8 74.6371
      vertex 143.078 172.8 75.4544
    endloop
  endfacet
  facet normal 0 1 0
    outer loop
      vertex 146.678 172.8 72.7411
      vertex 147.012 172.8 74.7159
      vertex 147.375 172.8 74.6265
    endloop
  endfacet
  facet normal 0 1 0
    outer loop
      vertex 147.795 172.8 72.6613
      vertex 147.375 172.8 74.6265
      vertex 147.779 172.8 74.5967
    endloop
  endfacet
  facet normal 0 1 -0
    outer loop
      vertex 148.815 172.8 72.7422
      vertex 148.485 172.8 74.7241
      vertex 149.729 172.8 72.9849
    endloop
  endfacet
  facet normal 0 1 0
    outer loop
      vertex 147.375 172.8 74.6265
      vertex 147.795 172.8 72.6613
      vertex 146.678 172.8 72.7411
    endloop
  endfacet
  facet normal 0 1 0
    outer loop
      vertex 148.485 172.8 74.7241
      vertex 148.815 172.8 72.7422
      vertex 148.151 172.8 74.6285
    endloop
  endfacet
  facet normal 0 1 0
    outer loop
      vertex 147.012 172.8 74.7159
      vertex 146.678 172.8 72.7411
      vertex 145.688 172.8 72.9807
    endloop
  endfacet
  facet normal 0 1 0
    outer loop
      vertex 147.795 172.8 72.6613
      vertex 148.151 172.8 74.6285
      vertex 148.815 172.8 72.7422
    endloop
  endfacet
  facet normal 0 1 0
    outer loop
      vertex 146.403 172.8 75.0737
      vertex 145.688 172.8 72.9807
      vertex 144.825 172.8 73.3799
    endloop
  endfacet
  facet normal 0 1 0
    outer loop
      vertex 148.151 172.8 74.6285
      vertex 147.795 172.8 72.6613
      vertex 147.779 172.8 74.5967
    endloop
  endfacet
  facet normal 0 1 0
    outer loop
      vertex 145.974 172.8 75.6556
      vertex 144.088 172.8 73.9388
      vertex 143.499 172.8 74.6371
    endloop
  endfacet
  facet normal 0 1 0
    outer loop
      vertex 146.164 172.8 75.3384
      vertex 144.825 172.8 73.3799
      vertex 144.088 172.8 73.9388
    endloop
  endfacet
  facet normal 0 1 -0
    outer loop
      vertex 148.689 172.8 80.2782
      vertex 148.474 172.8 82.2181
      vertex 148.991 172.8 82.1806
    endloop
  endfacet
  facet normal 0 1 0
    outer loop
      vertex 148.474 172.8 82.2181
      vertex 148.226 172.8 80.2952
      vertex 147.958 172.8 82.2306
    endloop
  endfacet
  facet normal 0 1 -0
    outer loop
      vertex 149.157 172.8 80.2271
      vertex 148.991 172.8 82.1806
      vertex 149.508 172.8 82.1182
    endloop
  endfacet
  facet normal 0 1 -0
    outer loop
      vertex 149.631 172.8 80.1419
      vertex 149.508 172.8 82.1182
      vertex 150.025 172.8 82.0308
    endloop
  endfacet
  facet normal 0 1 0
    outer loop
      vertex 149.631 172.8 80.1419
      vertex 150.025 172.8 82.0308
      vertex 150.541 172.8 81.9189
    endloop
  endfacet
  facet normal 0 1 0
    outer loop
      vertex 148.474 172.8 82.2181
      vertex 148.689 172.8 80.2782
      vertex 148.226 172.8 80.2952
    endloop
  endfacet
  facet normal 0 1 0
    outer loop
      vertex 150.11 172.8 80.0227
      vertex 150.541 172.8 81.9189
      vertex 151.058 172.8 81.7831
    endloop
  endfacet
  facet normal 0 1 0
    outer loop
      vertex 150.595 172.8 79.8689
      vertex 151.058 172.8 81.7831
      vertex 151.575 172.8 81.6233
    endloop
  endfacet
  facet normal 0 1 0
    outer loop
      vertex 147.688 172.8 80.2632
      vertex 147.958 172.8 82.2306
      vertex 148.226 172.8 80.2952
    endloop
  endfacet
  facet normal 0 1 0
    outer loop
      vertex 151.087 172.8 79.68
      vertex 151.575 172.8 81.6233
      vertex 152.091 172.8 81.4395
    endloop
  endfacet
  facet normal 0 1 -0
    outer loop
      vertex 147.213 172.8 80.1671
      vertex 146.79 172.8 82.152
      vertex 147.688 172.8 80.2632
    endloop
  endfacet
  facet normal 0 1 -0
    outer loop
      vertex 146.801 172.8 80.0069
      vertex 146.79 172.8 82.152
      vertex 147.213 172.8 80.1671
    endloop
  endfacet
  facet normal 0 1 0
    outer loop
      vertex 147.958 172.8 82.2306
      vertex 147.688 172.8 80.2632
      vertex 146.79 172.8 82.152
    endloop
  endfacet
  facet normal 0 1 0
    outer loop
      vertex 148.991 172.8 82.1806
      vertex 149.157 172.8 80.2271
      vertex 148.689 172.8 80.2782
    endloop
  endfacet
  facet normal 0 1 0
    outer loop
      vertex 149.508 172.8 82.1182
      vertex 149.631 172.8 80.1419
      vertex 149.157 172.8 80.2271
    endloop
  endfacet
  facet normal 0 1 0
    outer loop
      vertex 150.541 172.8 81.9189
      vertex 150.11 172.8 80.0227
      vertex 149.631 172.8 80.1419
    endloop
  endfacet
  facet normal 0 1 0
    outer loop
      vertex 151.058 172.8 81.7831
      vertex 150.595 172.8 79.8689
      vertex 150.11 172.8 80.0227
    endloop
  endfacet
  facet normal 0 1 0
    outer loop
      vertex 151.575 172.8 81.6233
      vertex 151.087 172.8 79.68
      vertex 150.595 172.8 79.8689
    endloop
  endfacet
  facet normal 0 1 0
    outer loop
      vertex 152.091 172.8 81.4395
      vertex 151.586 172.8 79.456
      vertex 151.087 172.8 79.68
    endloop
  endfacet
  facet normal -0 1 0
    outer loop
      vertex 151.586 172.8 79.456
      vertex 152.091 172.8 81.4395
      vertex 152.091 172.8 79.197
    endloop
  endfacet
  facet normal 0 1 0
    outer loop
      vertex 146.79 172.8 82.152
      vertex 146.801 172.8 80.0069
      vertex 145.759 172.8 81.9163
    endloop
  endfacet
  facet normal 0 1 -0
    outer loop
      vertex 146.452 172.8 79.7826
      vertex 145.759 172.8 81.9163
      vertex 146.801 172.8 80.0069
    endloop
  endfacet
  facet normal 0 1 0
    outer loop
      vertex 145.759 172.8 81.9163
      vertex 146.452 172.8 79.7826
      vertex 144.867 172.8 81.5234
    endloop
  endfacet
  facet normal 0 1 -0
    outer loop
      vertex 146.168 172.8 79.4942
      vertex 144.867 172.8 81.5234
      vertex 146.452 172.8 79.7826
    endloop
  endfacet
  facet normal 0 1 0
    outer loop
      vertex 144.867 172.8 81.5234
      vertex 146.168 172.8 79.4942
      vertex 144.113 172.8 80.9734
    endloop
  endfacet
  facet normal 0 1 -0
    outer loop
      vertex 145.95 172.8 79.1418
      vertex 144.113 172.8 80.9734
      vertex 146.168 172.8 79.4942
    endloop
  endfacet
  facet normal 0 1 0
    outer loop
      vertex 144.113 172.8 80.9734
      vertex 145.95 172.8 79.1418
      vertex 143.513 172.8 80.2815
    endloop
  endfacet
  facet normal 0 1 -0
    outer loop
      vertex 145.798 172.8 78.7253
      vertex 143.513 172.8 80.2815
      vertex 145.95 172.8 79.1418
    endloop
  endfacet
  facet normal 0 1 0
    outer loop
      vertex 143.513 172.8 80.2815
      vertex 145.798 172.8 78.7253
      vertex 143.084 172.8 79.463
    endloop
  endfacet
  facet normal 0 1 -0
    outer loop
      vertex 145.712 172.8 78.2447
      vertex 143.084 172.8 79.463
      vertex 145.798 172.8 78.7253
    endloop
  endfacet
  facet normal 0 1 0
    outer loop
      vertex 143.084 172.8 79.463
      vertex 145.712 172.8 78.2447
      vertex 142.827 172.8 78.5178
    endloop
  endfacet
  facet normal 0 1 0
    outer loop
      vertex 142.827 172.8 78.5178
      vertex 145.712 172.8 78.2447
      vertex 142.742 172.8 77.446
    endloop
  endfacet
  facet normal 0 1 0
    outer loop
      vertex 100.546 172.8 72.7642
      vertex 100.791 172.8 75.0114
      vertex 100.982 172.8 75.0168
    endloop
  endfacet
  facet normal 0 1 -0
    outer loop
      vertex 101 172.8 72.687
      vertex 100.982 172.8 75.0168
      vertex 101.173 172.8 75.033
    endloop
  endfacet
  facet normal 0 1 0
    outer loop
      vertex 101.491 172.8 72.6613
      vertex 101.173 172.8 75.033
      vertex 101.363 172.8 75.0599
    endloop
  endfacet
  facet normal 0 1 0
    outer loop
      vertex 101.724 172.8 72.6681
      vertex 101.363 172.8 75.0599
      vertex 101.552 172.8 75.0977
    endloop
  endfacet
  facet normal 0 1 0
    outer loop
      vertex 100.791 172.8 75.0114
      vertex 98.7469 172.8 73.9635
      vertex 98.4557 172.8 74.3816
    endloop
  endfacet
  facet normal 0 1 0
    outer loop
      vertex 102.018 172.8 72.6922
      vertex 101.552 172.8 75.0977
      vertex 101.741 172.8 75.1467
    endloop
  endfacet
  facet normal 0 1 0
    outer loop
      vertex 102.305 172.8 72.725
      vertex 101.741 172.8 75.1467
      vertex 101.931 172.8 75.2076
    endloop
  endfacet
  facet normal 0 1 0
    outer loop
      vertex 102.305 172.8 72.725
      vertex 101.931 172.8 75.2076
      vertex 102.122 172.8 75.2802
    endloop
  endfacet
  facet normal 0 1 0
    outer loop
      vertex 100.791 172.8 75.0114
      vertex 99.0589 172.8 73.606
      vertex 98.7469 172.8 73.9635
    endloop
  endfacet
  facet normal 0 1 -0
    outer loop
      vertex 102.305 172.8 72.725
      vertex 102.122 172.8 75.2802
      vertex 102.313 172.8 75.3647
    endloop
  endfacet
  facet normal 0 1 0
    outer loop
      vertex 100.791 172.8 75.0114
      vertex 99.3918 172.8 73.3092
      vertex 99.0589 172.8 73.606
    endloop
  endfacet
  facet normal 0 1 0
    outer loop
      vertex 100.791 172.8 75.0114
      vertex 99.7455 172.8 73.073
      vertex 99.3918 172.8 73.3092
    endloop
  endfacet
  facet normal 0 1 0
    outer loop
      vertex 100.791 172.8 75.0114
      vertex 100.128 172.8 72.8929
      vertex 99.7455 172.8 73.073
    endloop
  endfacet
  facet normal 0 1 0
    outer loop
      vertex 100.791 172.8 75.0114
      vertex 100.546 172.8 72.7642
      vertex 100.128 172.8 72.8929
    endloop
  endfacet
  facet normal 0 1 0
    outer loop
      vertex 101.741 172.8 75.1467
      vertex 102.305 172.8 72.725
      vertex 102.152 172.8 72.7068
    endloop
  endfacet
  facet normal 0 1 0
    outer loop
      vertex 101.741 172.8 75.1467
      vertex 102.152 172.8 72.7068
      vertex 102.018 172.8 72.6922
    endloop
  endfacet
  facet normal 0 1 0
    outer loop
      vertex 101.552 172.8 75.0977
      vertex 102.018 172.8 72.6922
      vertex 101.903 172.8 72.681
    endloop
  endfacet
  facet normal 0 1 0
    outer loop
      vertex 101.552 172.8 75.0977
      vertex 101.903 172.8 72.681
      vertex 101.808 172.8 72.6733
    endloop
  endfacet
  facet normal 0 1 0
    outer loop
      vertex 100.982 172.8 75.0168
      vertex 101 172.8 72.687
      vertex 100.546 172.8 72.7642
    endloop
  endfacet
  facet normal 0 1 0
    outer loop
      vertex 101.552 172.8 75.0977
      vertex 101.808 172.8 72.6733
      vertex 101.724 172.8 72.6681
    endloop
  endfacet
  facet normal 0 1 0
    outer loop
      vertex 101.363 172.8 75.0599
      vertex 101.724 172.8 72.6681
      vertex 101.644 172.8 72.6643
    endloop
  endfacet
  facet normal 0 1 0
    outer loop
      vertex 101.363 172.8 75.0599
      vertex 101.644 172.8 72.6643
      vertex 101.566 172.8 72.6621
    endloop
  endfacet
  facet normal 0 1 0
    outer loop
      vertex 101.363 172.8 75.0599
      vertex 101.566 172.8 72.6621
      vertex 101.491 172.8 72.6613
    endloop
  endfacet
  facet normal 0 1 0
    outer loop
      vertex 101.173 172.8 75.033
      vertex 101.491 172.8 72.6613
      vertex 101 172.8 72.687
    endloop
  endfacet
  facet normal 0 1 -0
    outer loop
      vertex 98.4557 172.8 77.7962
      vertex 95.5425 172.8 81.9925
      vertex 98.4557 172.8 81.9925
    endloop
  endfacet
  facet normal 0 1 0
    outer loop
      vertex 95.5425 172.8 72.8763
      vertex 98.4557 172.8 77.7962
      vertex 98.4936 172.8 77.1634
    endloop
  endfacet
  facet normal 0 1 0
    outer loop
      vertex 95.5425 172.8 72.8763
      vertex 98.4936 172.8 77.1634
      vertex 98.6073 172.8 76.6084
    endloop
  endfacet
  facet normal 0 1 0
    outer loop
      vertex 98.4557 172.8 74.3816
      vertex 98.6073 172.8 76.6084
      vertex 98.7967 172.8 76.1313
    endloop
  endfacet
  facet normal 0 1 0
    outer loop
      vertex 98.4557 172.8 74.3816
      vertex 100.262 172.8 75.0564
      vertex 100.791 172.8 75.0114
    endloop
  endfacet
  facet normal 0 1 0
    outer loop
      vertex 98.4557 172.8 74.3816
      vertex 99.7974 172.8 75.1916
      vertex 100.262 172.8 75.0564
    endloop
  endfacet
  facet normal 0 1 0
    outer loop
      vertex 98.4557 172.8 74.3816
      vertex 99.3974 172.8 75.4168
      vertex 99.7974 172.8 75.1916
    endloop
  endfacet
  facet normal 0 1 0
    outer loop
      vertex 98.4557 172.8 74.3816
      vertex 99.062 172.8 75.7321
      vertex 99.3974 172.8 75.4168
    endloop
  endfacet
  facet normal 0 1 0
    outer loop
      vertex 98.4557 172.8 74.3816
      vertex 98.7967 172.8 76.1313
      vertex 99.062 172.8 75.7321
    endloop
  endfacet
  facet normal 0 1 0
    outer loop
      vertex 98.6073 172.8 76.6084
      vertex 98.4557 172.8 74.3816
      vertex 95.5425 172.8 72.8763
    endloop
  endfacet
  facet normal 0 1 0
    outer loop
      vertex 95.5425 172.8 72.8763
      vertex 98.4557 172.8 74.3816
      vertex 98.4557 172.8 72.8763
    endloop
  endfacet
  facet normal 0 1 0
    outer loop
      vertex 98.4557 172.8 77.7962
      vertex 95.5425 172.8 72.8763
      vertex 95.5425 172.8 81.9925
    endloop
  endfacet
  facet normal 0 1 -0
    outer loop
      vertex 78.9851 172.8 76.387
      vertex 76.0712 172.8 76.4475
      vertex 79.0658 172.8 77.4152
    endloop
  endfacet
  facet normal 0 1 -0
    outer loop
      vertex 78.7433 172.8 75.4677
      vertex 76.0712 172.8 76.4475
      vertex 78.9851 172.8 76.387
    endloop
  endfacet
  facet normal 0 1 0
    outer loop
      vertex 76.0712 172.8 76.4475
      vertex 78.7433 172.8 75.4677
      vertex 76.0409 172.8 76.0518
    endloop
  endfacet
  facet normal 0 1 -0
    outer loop
      vertex 78.3403 172.8 74.6572
      vertex 76.0409 172.8 76.0518
      vertex 78.7433 172.8 75.4677
    endloop
  endfacet
  facet normal 0 1 0
    outer loop
      vertex 76.0409 172.8 76.0518
      vertex 78.3403 172.8 74.6572
      vertex 75.9501 172.8 75.6964
    endloop
  endfacet
  facet normal 0 1 -0
    outer loop
      vertex 77.776 172.8 73.9556
      vertex 75.9501 172.8 75.6964
      vertex 78.3403 172.8 74.6572
    endloop
  endfacet
  facet normal 0 1 0
    outer loop
      vertex 75.9501 172.8 75.6964
      vertex 77.776 172.8 73.9556
      vertex 75.7988 172.8 75.3812
    endloop
  endfacet
  facet normal 0 1 -0
    outer loop
      vertex 77.0774 172.8 73.3894
      vertex 75.7988 172.8 75.3812
      vertex 77.776 172.8 73.9556
    endloop
  endfacet
  facet normal 0 1 0
    outer loop
      vertex 75.7988 172.8 75.3812
      vertex 77.0774 172.8 73.3894
      vertex 75.5869 172.8 75.1063
    endloop
  endfacet
  facet normal 0 1 0
    outer loop
      vertex 75.5869 172.8 75.1063
      vertex 77.0774 172.8 73.3894
      vertex 75.3263 172.8 74.8833
    endloop
  endfacet
  facet normal 0 1 -0
    outer loop
      vertex 76.2716 172.8 72.9849
      vertex 75.3263 172.8 74.8833
      vertex 77.0774 172.8 73.3894
    endloop
  endfacet
  facet normal 0 1 0
    outer loop
      vertex 75.3263 172.8 74.8833
      vertex 76.2716 172.8 72.9849
      vertex 75.0285 172.8 74.7241
    endloop
  endfacet
  facet normal 0 1 -0
    outer loop
      vertex 76.0712 172.8 76.4475
      vertex 72.2547 172.8 78.2447
      vertex 79.0658 172.8 78.2447
    endloop
  endfacet
  facet normal 0 1 0
    outer loop
      vertex 76.0712 172.8 76.4475
      vertex 79.0658 172.8 78.2447
      vertex 79.0658 172.8 77.4152
    endloop
  endfacet
  facet normal 0 1 0
    outer loop
      vertex 72.2547 172.8 78.2447
      vertex 76.0712 172.8 76.4475
      vertex 72.2872 172.8 76.4475
    endloop
  endfacet
  facet normal 0 1 0
    outer loop
      vertex 72.2547 172.8 78.2447
      vertex 72.2872 172.8 76.4475
      vertex 69.2845 172.8 77.446
    endloop
  endfacet
  facet normal 0 1 0
    outer loop
      vertex 72.2872 172.8 76.4475
      vertex 69.3687 172.8 76.3907
      vertex 69.2845 172.8 77.446
    endloop
  endfacet
  facet normal 0 1 0
    outer loop
      vertex 69.6212 172.8 75.4544
      vertex 72.2872 172.8 76.4475
      vertex 72.3772 172.8 76.0253
    endloop
  endfacet
  facet normal 0 1 0
    outer loop
      vertex 70.0421 172.8 74.6371
      vertex 72.3772 172.8 76.0253
      vertex 72.5171 172.8 75.6556
    endloop
  endfacet
  facet normal 0 1 0
    outer loop
      vertex 72.2872 172.8 76.4475
      vertex 69.6212 172.8 75.4544
      vertex 69.3687 172.8 76.3907
    endloop
  endfacet
  facet normal 0 1 0
    outer loop
      vertex 70.6313 172.8 73.9388
      vertex 72.5171 172.8 75.6556
      vertex 72.7068 172.8 75.3384
    endloop
  endfacet
  facet normal 0 1 0
    outer loop
      vertex 71.368 172.8 73.3799
      vertex 72.7068 172.8 75.3384
      vertex 72.9464 172.8 75.0737
    endloop
  endfacet
  facet normal 0 1 0
    outer loop
      vertex 72.2313 172.8 72.9807
      vertex 72.9464 172.8 75.0737
      vertex 73.2307 172.8 74.865
    endloop
  endfacet
  facet normal 0 1 0
    outer loop
      vertex 72.2313 172.8 72.9807
      vertex 73.2307 172.8 74.865
      vertex 73.5546 172.8 74.7159
    endloop
  endfacet
  facet normal 0 1 0
    outer loop
      vertex 72.3772 172.8 76.0253
      vertex 70.0421 172.8 74.6371
      vertex 69.6212 172.8 75.4544
    endloop
  endfacet
  facet normal 0 1 0
    outer loop
      vertex 73.2213 172.8 72.7411
      vertex 73.5546 172.8 74.7159
      vertex 73.9183 172.8 74.6265
    endloop
  endfacet
  facet normal 0 1 0
    outer loop
      vertex 74.3379 172.8 72.6613
      vertex 73.9183 172.8 74.6265
      vertex 74.3215 172.8 74.5967
    endloop
  endfacet
  facet normal 0 1 -0
    outer loop
      vertex 75.3584 172.8 72.7422
      vertex 75.0285 172.8 74.7241
      vertex 76.2716 172.8 72.9849
    endloop
  endfacet
  facet normal 0 1 0
    outer loop
      vertex 73.9183 172.8 74.6265
      vertex 74.3379 172.8 72.6613
      vertex 73.2213 172.8 72.7411
    endloop
  endfacet
  facet normal 0 1 0
    outer loop
      vertex 75.0285 172.8 74.7241
      vertex 75.3584 172.8 72.7422
      vertex 74.6936 172.8 74.6285
    endloop
  endfacet
  facet normal 0 1 0
    outer loop
      vertex 73.5546 172.8 74.7159
      vertex 73.2213 172.8 72.7411
      vertex 72.2313 172.8 72.9807
    endloop
  endfacet
  facet normal 0 1 0
    outer loop
      vertex 74.3379 172.8 72.6613
      vertex 74.6936 172.8 74.6285
      vertex 75.3584 172.8 72.7422
    endloop
  endfacet
  facet normal 0 1 0
    outer loop
      vertex 72.9464 172.8 75.0737
      vertex 72.2313 172.8 72.9807
      vertex 71.368 172.8 73.3799
    endloop
  endfacet
  facet normal 0 1 0
    outer loop
      vertex 74.6936 172.8 74.6285
      vertex 74.3379 172.8 72.6613
      vertex 74.3215 172.8 74.5967
    endloop
  endfacet
  facet normal 0 1 0
    outer loop
      vertex 72.5171 172.8 75.6556
      vertex 70.6313 172.8 73.9388
      vertex 70.0421 172.8 74.6371
    endloop
  endfacet
  facet normal 0 1 0
    outer loop
      vertex 72.7068 172.8 75.3384
      vertex 71.368 172.8 73.3799
      vertex 70.6313 172.8 73.9388
    endloop
  endfacet
  facet normal 0 1 -0
    outer loop
      vertex 75.2317 172.8 80.2782
      vertex 75.0174 172.8 82.2181
      vertex 75.5341 172.8 82.1806
    endloop
  endfacet
  facet normal 0 1 0
    outer loop
      vertex 75.0174 172.8 82.2181
      vertex 74.7691 172.8 80.2952
      vertex 74.5006 172.8 82.2306
    endloop
  endfacet
  facet normal 0 1 -0
    outer loop
      vertex 75.6999 172.8 80.2271
      vertex 75.5341 172.8 82.1806
      vertex 76.0509 172.8 82.1182
    endloop
  endfacet
  facet normal 0 1 -0
    outer loop
      vertex 76.1736 172.8 80.1419
      vertex 76.0509 172.8 82.1182
      vertex 76.5676 172.8 82.0308
    endloop
  endfacet
  facet normal 0 1 0
    outer loop
      vertex 76.1736 172.8 80.1419
      vertex 76.5676 172.8 82.0308
      vertex 77.0843 172.8 81.9189
    endloop
  endfacet
  facet normal 0 1 0
    outer loop
      vertex 75.0174 172.8 82.2181
      vertex 75.2317 172.8 80.2782
      vertex 74.7691 172.8 80.2952
    endloop
  endfacet
  facet normal 0 1 0
    outer loop
      vertex 76.6529 172.8 80.0227
      vertex 77.0843 172.8 81.9189
      vertex 77.601 172.8 81.7831
    endloop
  endfacet
  facet normal 0 1 0
    outer loop
      vertex 77.1384 172.8 79.8689
      vertex 77.601 172.8 81.7831
      vertex 78.1178 172.8 81.6233
    endloop
  endfacet
  facet normal 0 1 0
    outer loop
      vertex 74.231 172.8 80.2632
      vertex 74.5006 172.8 82.2306
      vertex 74.7691 172.8 80.2952
    endloop
  endfacet
  facet normal 0 1 0
    outer loop
      vertex 77.6305 172.8 79.68
      vertex 78.1178 172.8 81.6233
      vertex 78.6345 172.8 81.4395
    endloop
  endfacet
  facet normal 0 1 -0
    outer loop
      vertex 73.756 172.8 80.1671
      vertex 73.3326 172.8 82.152
      vertex 74.231 172.8 80.2632
    endloop
  endfacet
  facet normal 0 1 -0
    outer loop
      vertex 73.3441 172.8 80.0069
      vertex 73.3326 172.8 82.152
      vertex 73.756 172.8 80.1671
    endloop
  endfacet
  facet normal 0 1 0
    outer loop
      vertex 74.5006 172.8 82.2306
      vertex 74.231 172.8 80.2632
      vertex 73.3326 172.8 82.152
    endloop
  endfacet
  facet normal 0 1 0
    outer loop
      vertex 75.5341 172.8 82.1806
      vertex 75.6999 172.8 80.2271
      vertex 75.2317 172.8 80.2782
    endloop
  endfacet
  facet normal 0 1 0
    outer loop
      vertex 76.0509 172.8 82.1182
      vertex 76.1736 172.8 80.1419
      vertex 75.6999 172.8 80.2271
    endloop
  endfacet
  facet normal 0 1 0
    outer loop
      vertex 77.0843 172.8 81.9189
      vertex 76.6529 172.8 80.0227
      vertex 76.1736 172.8 80.1419
    endloop
  endfacet
  facet normal 0 1 0
    outer loop
      vertex 77.601 172.8 81.7831
      vertex 77.1384 172.8 79.8689
      vertex 76.6529 172.8 80.0227
    endloop
  endfacet
  facet normal 0 1 0
    outer loop
      vertex 78.1178 172.8 81.6233
      vertex 77.6305 172.8 79.68
      vertex 77.1384 172.8 79.8689
    endloop
  endfacet
  facet normal 0 1 0
    outer loop
      vertex 78.6345 172.8 81.4395
      vertex 78.1292 172.8 79.456
      vertex 77.6305 172.8 79.68
    endloop
  endfacet
  facet normal -0 1 0
    outer loop
      vertex 78.1292 172.8 79.456
      vertex 78.6345 172.8 81.4395
      vertex 78.6345 172.8 79.197
    endloop
  endfacet
  facet normal 0 1 0
    outer loop
      vertex 73.3326 172.8 82.152
      vertex 73.3441 172.8 80.0069
      vertex 72.3025 172.8 81.9163
    endloop
  endfacet
  facet normal 0 1 -0
    outer loop
      vertex 72.9952 172.8 79.7826
      vertex 72.3025 172.8 81.9163
      vertex 73.3441 172.8 80.0069
    endloop
  endfacet
  facet normal 0 1 0
    outer loop
      vertex 72.3025 172.8 81.9163
      vertex 72.9952 172.8 79.7826
      vertex 71.4102 172.8 81.5234
    endloop
  endfacet
  facet normal 0 1 -0
    outer loop
      vertex 72.7109 172.8 79.4942
      vertex 71.4102 172.8 81.5234
      vertex 72.9952 172.8 79.7826
    endloop
  endfacet
  facet normal 0 1 0
    outer loop
      vertex 71.4102 172.8 81.5234
      vertex 72.7109 172.8 79.4942
      vertex 70.6557 172.8 80.9734
    endloop
  endfacet
  facet normal 0 1 -0
    outer loop
      vertex 72.4927 172.8 79.1418
      vertex 70.6557 172.8 80.9734
      vertex 72.7109 172.8 79.4942
    endloop
  endfacet
  facet normal 0 1 0
    outer loop
      vertex 70.6557 172.8 80.9734
      vertex 72.4927 172.8 79.1418
      vertex 70.0558 172.8 80.2815
    endloop
  endfacet
  facet normal 0 1 -0
    outer loop
      vertex 72.3406 172.8 78.7253
      vertex 70.0558 172.8 80.2815
      vertex 72.4927 172.8 79.1418
    endloop
  endfacet
  facet normal 0 1 0
    outer loop
      vertex 70.0558 172.8 80.2815
      vertex 72.3406 172.8 78.7253
      vertex 69.6273 172.8 79.463
    endloop
  endfacet
  facet normal 0 1 -0
    outer loop
      vertex 72.2547 172.8 78.2447
      vertex 69.6273 172.8 79.463
      vertex 72.3406 172.8 78.7253
    endloop
  endfacet
  facet normal 0 1 0
    outer loop
      vertex 69.6273 172.8 79.463
      vertex 72.2547 172.8 78.2447
      vertex 69.3702 172.8 78.5178
    endloop
  endfacet
  facet normal 0 1 0
    outer loop
      vertex 69.3702 172.8 78.5178
      vertex 72.2547 172.8 78.2447
      vertex 69.2845 172.8 77.446
    endloop
  endfacet
  facet normal 0 1 0
    outer loop
      vertex 42.4232 172.8 79.94
      vertex 42.6805 172.8 82.2306
      vertex 43.4851 172.8 82.1469
    endloop
  endfacet
  facet normal -0 1 0
    outer loop
      vertex 42.0385 172.8 80.0682
      vertex 42.6805 172.8 82.2306
      vertex 42.4232 172.8 79.94
    endloop
  endfacet
  facet normal 0 1 0
    outer loop
      vertex 42.6805 172.8 82.2306
      vertex 42.0385 172.8 80.0682
      vertex 42.2182 172.8 82.207
    endloop
  endfacet
  facet normal 0 1 0
    outer loop
      vertex 42.7525 172.8 79.7265
      vertex 43.4851 172.8 82.1469
      vertex 44.2144 172.8 81.896
    endloop
  endfacet
  facet normal 0 1 0
    outer loop
      vertex 42.2182 172.8 82.207
      vertex 42.0385 172.8 80.0682
      vertex 41.7834 172.8 82.1362
    endloop
  endfacet
  facet normal 0 1 0
    outer loop
      vertex 41.7834 172.8 82.1362
      vertex 41.5983 172.8 80.1109
      vertex 41.376 172.8 82.0181
    endloop
  endfacet
  facet normal 0 1 0
    outer loop
      vertex 42.7525 172.8 79.7265
      vertex 44.2144 172.8 81.896
      vertex 44.8685 172.8 81.4777
    endloop
  endfacet
  facet normal 0 1 0
    outer loop
      vertex 41.376 172.8 82.0181
      vertex 41.5983 172.8 80.1109
      vertex 40.9961 172.8 81.8529
    endloop
  endfacet
  facet normal 0 1 -0
    outer loop
      vertex 41.1576 172.8 80.0679
      vertex 40.9961 172.8 81.8529
      vertex 41.5983 172.8 80.1109
    endloop
  endfacet
  facet normal 0 1 0
    outer loop
      vertex 43.0264 172.8 79.4275
      vertex 44.8685 172.8 81.4777
      vertex 45.4473 172.8 80.8921
    endloop
  endfacet
  facet normal 0 1 0
    outer loop
      vertex 40.9961 172.8 81.8529
      vertex 41.1576 172.8 80.0679
      vertex 40.6381 172.8 81.6379
    endloop
  endfacet
  facet normal 0 1 0
    outer loop
      vertex 43.2418 172.8 79.0471
      vertex 45.4473 172.8 80.8921
      vertex 45.9208 172.8 80.1747
    endloop
  endfacet
  facet normal 0 1 -0
    outer loop
      vertex 39.6616 172.8 80.6792
      vertex 36.7483 172.8 85.4562
      vertex 39.6616 172.8 85.4562
    endloop
  endfacet
  facet normal 0 1 0
    outer loop
      vertex 40.6381 172.8 81.6379
      vertex 41.1576 172.8 80.0679
      vertex 40.2963 172.8 81.3706
    endloop
  endfacet
  facet normal 0 1 0
    outer loop
      vertex 40.2963 172.8 81.3706
      vertex 40.7713 172.8 79.939
      vertex 39.9708 172.8 81.0511
    endloop
  endfacet
  facet normal 0 1 0
    outer loop
      vertex 39.9708 172.8 81.0511
      vertex 40.7713 172.8 79.939
      vertex 39.6616 172.8 80.6792
    endloop
  endfacet
  facet normal 0 1 -0
    outer loop
      vertex 40.4394 172.8 79.7242
      vertex 39.6616 172.8 80.6792
      vertex 40.7713 172.8 79.939
    endloop
  endfacet
  facet normal 0 1 -0
    outer loop
      vertex 40.162 172.8 79.4234
      vertex 39.6616 172.8 80.6792
      vertex 40.4394 172.8 79.7242
    endloop
  endfacet
  facet normal 0 1 -0
    outer loop
      vertex 39.9431 172.8 79.0417
      vertex 39.6616 172.8 80.6792
      vertex 40.162 172.8 79.4234
    endloop
  endfacet
  facet normal 0 1 -0
    outer loop
      vertex 39.7867 172.8 78.5843
      vertex 39.6616 172.8 80.6792
      vertex 39.9431 172.8 79.0417
    endloop
  endfacet
  facet normal 0 1 -0
    outer loop
      vertex 39.6929 172.8 78.0511
      vertex 39.6616 172.8 80.6792
      vertex 39.7867 172.8 78.5843
    endloop
  endfacet
  facet normal 0 1 0
    outer loop
      vertex 39.6616 172.8 80.6792
      vertex 39.6929 172.8 78.0511
      vertex 36.7483 172.8 85.4562
    endloop
  endfacet
  facet normal 0 1 0
    outer loop
      vertex 36.7483 172.8 72.8763
      vertex 39.6929 172.8 78.0511
      vertex 39.6616 172.8 77.4421
    endloop
  endfacet
  facet normal 0 1 0
    outer loop
      vertex 36.7483 172.8 72.8763
      vertex 39.6616 172.8 77.4421
      vertex 39.6929 172.8 76.8331
    endloop
  endfacet
  facet normal 0 1 0
    outer loop
      vertex 36.7483 172.8 72.8763
      vertex 39.6929 172.8 76.8331
      vertex 39.7867 172.8 76.2999
    endloop
  endfacet
  facet normal 0 1 -0
    outer loop
      vertex 43.4851 172.8 72.745
      vertex 42.7525 172.8 75.1578
      vertex 44.2144 172.8 72.996
    endloop
  endfacet
  facet normal 0 1 0
    outer loop
      vertex 39.9708 172.8 73.8408
      vertex 41.1576 172.8 74.8163
      vertex 41.5983 172.8 74.7733
    endloop
  endfacet
  facet normal 0 1 0
    outer loop
      vertex 39.9708 172.8 73.8408
      vertex 40.7713 172.8 74.9452
      vertex 41.1576 172.8 74.8163
    endloop
  endfacet
  facet normal 0 1 0
    outer loop
      vertex 39.6616 172.8 74.2127
      vertex 40.4394 172.8 75.1601
      vertex 40.7713 172.8 74.9452
    endloop
  endfacet
  facet normal 0 1 0
    outer loop
      vertex 39.6616 172.8 74.2127
      vertex 40.162 172.8 75.4609
      vertex 40.4394 172.8 75.1601
    endloop
  endfacet
  facet normal 0 1 0
    outer loop
      vertex 39.6616 172.8 74.2127
      vertex 39.9431 172.8 75.8425
      vertex 40.162 172.8 75.4609
    endloop
  endfacet
  facet normal 0 1 0
    outer loop
      vertex 39.6616 172.8 74.2127
      vertex 39.7867 172.8 76.2999
      vertex 39.9431 172.8 75.8425
    endloop
  endfacet
  facet normal 0 1 0
    outer loop
      vertex 36.7483 172.8 72.8763
      vertex 39.7867 172.8 76.2999
      vertex 39.6616 172.8 74.2127
    endloop
  endfacet
  facet normal 0 1 0
    outer loop
      vertex 36.7483 172.8 72.8763
      vertex 39.6616 172.8 74.2127
      vertex 39.6616 172.8 72.8763
    endloop
  endfacet
  facet normal 0 1 0
    outer loop
      vertex 39.6929 172.8 78.0511
      vertex 36.7483 172.8 72.8763
      vertex 36.7483 172.8 85.4562
    endloop
  endfacet
  facet normal 0 1 0
    outer loop
      vertex 42.7525 172.8 75.1578
      vertex 43.4851 172.8 72.745
      vertex 42.4232 172.8 74.9442
    endloop
  endfacet
  facet normal 0 1 0
    outer loop
      vertex 40.7713 172.8 74.9452
      vertex 39.9708 172.8 73.8408
      vertex 39.6616 172.8 74.2127
    endloop
  endfacet
  facet normal 0 1 0
    outer loop
      vertex 41.5983 172.8 74.7733
      vertex 40.2963 172.8 73.5213
      vertex 39.9708 172.8 73.8408
    endloop
  endfacet
  facet normal 0 1 -0
    outer loop
      vertex 42.6805 172.8 72.6613
      vertex 42.4232 172.8 74.9442
      vertex 43.4851 172.8 72.745
    endloop
  endfacet
  facet normal 0 1 0
    outer loop
      vertex 42.0385 172.8 74.816
      vertex 41.7834 172.8 72.7558
      vertex 41.5983 172.8 74.7733
    endloop
  endfacet
  facet normal 0 1 0
    outer loop
      vertex 41.5983 172.8 74.7733
      vertex 40.6381 172.8 73.254
      vertex 40.2963 172.8 73.5213
    endloop
  endfacet
  facet normal 0 1 0
    outer loop
      vertex 42.4232 172.8 74.9442
      vertex 42.6805 172.8 72.6613
      vertex 42.0385 172.8 74.816
    endloop
  endfacet
  facet normal -0 1 0
    outer loop
      vertex 41.376 172.8 72.8738
      vertex 41.5983 172.8 74.7733
      vertex 41.7834 172.8 72.7558
    endloop
  endfacet
  facet normal 0 1 0
    outer loop
      vertex 41.5983 172.8 74.7733
      vertex 41.376 172.8 72.8738
      vertex 40.9961 172.8 73.0391
    endloop
  endfacet
  facet normal -0 1 -0
    outer loop
      vertex 42.2182 172.8 72.6849
      vertex 42.0385 172.8 74.816
      vertex 42.6805 172.8 72.6613
    endloop
  endfacet
  facet normal 0 1 0
    outer loop
      vertex 41.5983 172.8 74.7733
      vertex 40.9961 172.8 73.0391
      vertex 40.6381 172.8 73.254
    endloop
  endfacet
  facet normal -0 1 0
    outer loop
      vertex 41.7834 172.8 72.7558
      vertex 42.0385 172.8 74.816
      vertex 42.2182 172.8 72.6849
    endloop
  endfacet
  facet normal 0 1 -0
    outer loop
      vertex 40.7713 172.8 79.939
      vertex 40.2963 172.8 81.3706
      vertex 41.1576 172.8 80.0679
    endloop
  endfacet
  facet normal -0 1 0
    outer loop
      vertex 41.5983 172.8 80.1109
      vertex 41.7834 172.8 82.1362
      vertex 42.0385 172.8 80.0682
    endloop
  endfacet
  facet normal 0 1 0
    outer loop
      vertex 43.4851 172.8 82.1469
      vertex 42.7525 172.8 79.7265
      vertex 42.4232 172.8 79.94
    endloop
  endfacet
  facet normal 0 1 0
    outer loop
      vertex 44.8685 172.8 81.4777
      vertex 43.0264 172.8 79.4275
      vertex 42.7525 172.8 79.7265
    endloop
  endfacet
  facet normal 0 1 0
    outer loop
      vertex 43.3956 172.8 78.5894
      vertex 45.9208 172.8 80.1747
      vertex 46.259 172.8 79.3613
    endloop
  endfacet
  facet normal 0 1 0
    outer loop
      vertex 45.4473 172.8 80.8921
      vertex 43.2418 172.8 79.0471
      vertex 43.0264 172.8 79.4275
    endloop
  endfacet
  facet normal 0 1 0
    outer loop
      vertex 45.9208 172.8 80.1747
      vertex 43.3956 172.8 78.5894
      vertex 43.2418 172.8 79.0471
    endloop
  endfacet
  facet normal 0 1 0
    outer loop
      vertex 46.4619 172.8 78.4516
      vertex 43.3956 172.8 78.5894
      vertex 46.259 172.8 79.3613
    endloop
  endfacet
  facet normal 0 1 0
    outer loop
      vertex 46.4619 172.8 78.4516
      vertex 43.488 172.8 78.0544
      vertex 43.3956 172.8 78.5894
    endloop
  endfacet
  facet normal 0 1 0
    outer loop
      vertex 46.5295 172.8 77.446
      vertex 43.488 172.8 78.0544
      vertex 46.4619 172.8 78.4516
    endloop
  endfacet
  facet normal 0 1 0
    outer loop
      vertex 46.5295 172.8 77.446
      vertex 43.5187 172.8 77.4421
      vertex 43.488 172.8 78.0544
    endloop
  endfacet
  facet normal 0 1 0
    outer loop
      vertex 46.5295 172.8 77.446
      vertex 43.488 172.8 76.8298
      vertex 43.5187 172.8 77.4421
    endloop
  endfacet
  facet normal 0 1 -0
    outer loop
      vertex 46.4619 172.8 76.4402
      vertex 43.488 172.8 76.8298
      vertex 46.5295 172.8 77.446
    endloop
  endfacet
  facet normal 0 1 0
    outer loop
      vertex 46.4619 172.8 76.4402
      vertex 43.3956 172.8 76.2948
      vertex 43.488 172.8 76.8298
    endloop
  endfacet
  facet normal 0 1 -0
    outer loop
      vertex 46.259 172.8 75.5307
      vertex 43.3956 172.8 76.2948
      vertex 46.4619 172.8 76.4402
    endloop
  endfacet
  facet normal 0 1 -0
    outer loop
      vertex 45.9208 172.8 74.7172
      vertex 43.3956 172.8 76.2948
      vertex 46.259 172.8 75.5307
    endloop
  endfacet
  facet normal 0 1 0
    outer loop
      vertex 43.3956 172.8 76.2948
      vertex 45.9208 172.8 74.7172
      vertex 43.2418 172.8 75.8372
    endloop
  endfacet
  facet normal 0 1 -0
    outer loop
      vertex 45.4473 172.8 73.9999
      vertex 43.2418 172.8 75.8372
      vertex 45.9208 172.8 74.7172
    endloop
  endfacet
  facet normal 0 1 0
    outer loop
      vertex 43.2418 172.8 75.8372
      vertex 45.4473 172.8 73.9999
      vertex 43.0264 172.8 75.4568
    endloop
  endfacet
  facet normal 0 1 -0
    outer loop
      vertex 44.8685 172.8 73.4143
      vertex 43.0264 172.8 75.4568
      vertex 45.4473 172.8 73.9999
    endloop
  endfacet
  facet normal 0 1 -0
    outer loop
      vertex 44.2144 172.8 72.996
      vertex 42.7525 172.8 75.1578
      vertex 44.8685 172.8 73.4143
    endloop
  endfacet
  facet normal 0 1 0
    outer loop
      vertex 43.0264 172.8 75.4568
      vertex 44.8685 172.8 73.4143
      vertex 42.7525 172.8 75.1578
    endloop
  endfacet
  facet normal 0 1 -0
    outer loop
      vertex 53.1845 172.8 80.1058
      vertex 52.7364 172.8 82.2306
      vertex 53.8479 172.8 82.1512
    endloop
  endfacet
  facet normal 0 1 0
    outer loop
      vertex 53.5766 172.8 79.9753
      vertex 53.8479 172.8 82.1512
      vertex 54.8308 172.8 81.9132
    endloop
  endfacet
  facet normal 0 1 0
    outer loop
      vertex 52.7364 172.8 82.2306
      vertex 53.1845 172.8 80.1058
      vertex 52.7364 172.8 80.1493
    endloop
  endfacet
  facet normal 0 1 0
    outer loop
      vertex 53.9128 172.8 79.7577
      vertex 54.8308 172.8 81.9132
      vertex 55.685 172.8 81.5166
    endloop
  endfacet
  facet normal 0 1 0
    outer loop
      vertex 52.7364 172.8 82.2306
      vertex 52.281 172.8 80.1058
      vertex 51.6208 172.8 82.1512
    endloop
  endfacet
  facet normal 0 1 0
    outer loop
      vertex 54.193 172.8 79.4532
      vertex 55.685 172.8 81.5166
      vertex 56.4104 172.8 80.9612
    endloop
  endfacet
  facet normal 0 1 -0
    outer loop
      vertex 51.883 172.8 79.9753
      vertex 51.6208 172.8 82.1512
      vertex 52.281 172.8 80.1058
    endloop
  endfacet
  facet normal 0 1 0
    outer loop
      vertex 54.4137 172.8 79.0666
      vertex 56.4104 172.8 80.9612
      vertex 56.989 172.8 80.2655
    endloop
  endfacet
  facet normal 0 1 0
    outer loop
      vertex 51.6208 172.8 82.1512
      vertex 51.883 172.8 79.9753
      vertex 50.6339 172.8 81.9132
    endloop
  endfacet
  facet normal 0 1 -0
    outer loop
      vertex 51.5425 172.8 79.7577
      vertex 50.6339 172.8 81.9132
      vertex 51.883 172.8 79.9753
    endloop
  endfacet
  facet normal 0 1 0
    outer loop
      vertex 52.281 172.8 80.1058
      vertex 52.7364 172.8 82.2306
      vertex 52.7364 172.8 80.1493
    endloop
  endfacet
  facet normal 0 1 0
    outer loop
      vertex 53.8479 172.8 82.1512
      vertex 53.5766 172.8 79.9753
      vertex 53.1845 172.8 80.1058
    endloop
  endfacet
  facet normal 0 1 0
    outer loop
      vertex 54.8308 172.8 81.9132
      vertex 53.9128 172.8 79.7577
      vertex 53.5766 172.8 79.9753
    endloop
  endfacet
  facet normal 0 1 0
    outer loop
      vertex 55.685 172.8 81.5166
      vertex 54.193 172.8 79.4532
      vertex 53.9128 172.8 79.7577
    endloop
  endfacet
  facet normal 0 1 0
    outer loop
      vertex 54.5714 172.8 78.6032
      vertex 56.989 172.8 80.2655
      vertex 57.4022 172.8 79.4476
    endloop
  endfacet
  facet normal 0 1 0
    outer loop
      vertex 56.4104 172.8 80.9612
      vertex 54.4137 172.8 79.0666
      vertex 54.193 172.8 79.4532
    endloop
  endfacet
  facet normal 0 1 0
    outer loop
      vertex 56.989 172.8 80.2655
      vertex 54.5714 172.8 78.6032
      vertex 54.4137 172.8 79.0666
    endloop
  endfacet
  facet normal 0 1 0
    outer loop
      vertex 57.6502 172.8 78.5078
      vertex 54.5714 172.8 78.6032
      vertex 57.4022 172.8 79.4476
    endloop
  endfacet
  facet normal 0 1 0
    outer loop
      vertex 57.6502 172.8 78.5078
      vertex 54.666 172.8 78.063
      vertex 54.5714 172.8 78.6032
    endloop
  endfacet
  facet normal 0 1 0
    outer loop
      vertex 57.7328 172.8 77.446
      vertex 54.666 172.8 78.063
      vertex 57.6502 172.8 78.5078
    endloop
  endfacet
  facet normal 0 1 0
    outer loop
      vertex 57.7328 172.8 77.446
      vertex 54.6976 172.8 77.446
      vertex 54.666 172.8 78.063
    endloop
  endfacet
  facet normal 0 1 0
    outer loop
      vertex 57.7328 172.8 77.446
      vertex 54.666 172.8 76.8289
      vertex 54.6976 172.8 77.446
    endloop
  endfacet
  facet normal 0 1 -0
    outer loop
      vertex 57.6502 172.8 76.3841
      vertex 54.666 172.8 76.8289
      vertex 57.7328 172.8 77.446
    endloop
  endfacet
  facet normal 0 1 0
    outer loop
      vertex 57.6502 172.8 76.3841
      vertex 54.5714 172.8 76.2887
      vertex 54.666 172.8 76.8289
    endloop
  endfacet
  facet normal 0 1 -0
    outer loop
      vertex 57.4022 172.8 75.4443
      vertex 54.5714 172.8 76.2887
      vertex 57.6502 172.8 76.3841
    endloop
  endfacet
  facet normal 0 1 -0
    outer loop
      vertex 56.989 172.8 74.6265
      vertex 54.5714 172.8 76.2887
      vertex 57.4022 172.8 75.4443
    endloop
  endfacet
  facet normal 0 1 0
    outer loop
      vertex 54.5714 172.8 76.2887
      vertex 56.989 172.8 74.6265
      vertex 54.4137 172.8 75.8253
    endloop
  endfacet
  facet normal 0 1 -0
    outer loop
      vertex 56.4104 172.8 73.9308
      vertex 54.4137 172.8 75.8253
      vertex 56.989 172.8 74.6265
    endloop
  endfacet
  facet normal 0 1 0
    outer loop
      vertex 54.4137 172.8 75.8253
      vertex 56.4104 172.8 73.9308
      vertex 54.193 172.8 75.4388
    endloop
  endfacet
  facet normal 0 1 -0
    outer loop
      vertex 55.685 172.8 73.3754
      vertex 54.193 172.8 75.4388
      vertex 56.4104 172.8 73.9308
    endloop
  endfacet
  facet normal 0 1 -0
    outer loop
      vertex 54.8308 172.8 72.9787
      vertex 53.9128 172.8 75.1342
      vertex 55.685 172.8 73.3754
    endloop
  endfacet
  facet normal 0 1 0
    outer loop
      vertex 54.193 172.8 75.4388
      vertex 55.685 172.8 73.3754
      vertex 53.9128 172.8 75.1342
    endloop
  endfacet
  facet normal 0 1 0
    outer loop
      vertex 50.6339 172.8 81.9132
      vertex 51.5425 172.8 79.7577
      vertex 49.7757 172.8 81.5166
    endloop
  endfacet
  facet normal 0 1 -0
    outer loop
      vertex 51.2594 172.8 79.4532
      vertex 49.7757 172.8 81.5166
      vertex 51.5425 172.8 79.7577
    endloop
  endfacet
  facet normal 0 1 0
    outer loop
      vertex 49.7757 172.8 81.5166
      vertex 51.2594 172.8 79.4532
      vertex 49.046 172.8 80.9612
    endloop
  endfacet
  facet normal 0 1 -0
    outer loop
      vertex 51.0369 172.8 79.0666
      vertex 49.046 172.8 80.9612
      vertex 51.2594 172.8 79.4532
    endloop
  endfacet
  facet normal 0 1 0
    outer loop
      vertex 49.046 172.8 80.9612
      vertex 51.0369 172.8 79.0666
      vertex 48.464 172.8 80.2655
    endloop
  endfacet
  facet normal 0 1 -0
    outer loop
      vertex 50.878 172.8 78.6032
      vertex 48.464 172.8 80.2655
      vertex 51.0369 172.8 79.0666
    endloop
  endfacet
  facet normal 0 1 0
    outer loop
      vertex 48.464 172.8 80.2655
      vertex 50.878 172.8 78.6032
      vertex 48.0482 172.8 79.4476
    endloop
  endfacet
  facet normal 0 1 0
    outer loop
      vertex 50.878 172.8 78.6032
      vertex 47.7988 172.8 78.5078
      vertex 48.0482 172.8 79.4476
    endloop
  endfacet
  facet normal 0 1 -0
    outer loop
      vertex 50.7827 172.8 78.063
      vertex 47.7988 172.8 78.5078
      vertex 50.878 172.8 78.6032
    endloop
  endfacet
  facet normal 0 1 0
    outer loop
      vertex 47.7156 172.8 77.446
      vertex 50.7827 172.8 78.063
      vertex 50.7509 172.8 77.446
    endloop
  endfacet
  facet normal 0 1 0
    outer loop
      vertex 50.7827 172.8 78.063
      vertex 47.7156 172.8 77.446
      vertex 47.7988 172.8 78.5078
    endloop
  endfacet
  facet normal 0 1 0
    outer loop
      vertex 50.7827 172.8 76.8289
      vertex 47.7156 172.8 77.446
      vertex 50.7509 172.8 77.446
    endloop
  endfacet
  facet normal 0 1 0
    outer loop
      vertex 50.7827 172.8 76.8289
      vertex 47.7988 172.8 76.3841
      vertex 47.7156 172.8 77.446
    endloop
  endfacet
  facet normal 0 1 0
    outer loop
      vertex 50.878 172.8 76.2887
      vertex 47.7988 172.8 76.3841
      vertex 50.7827 172.8 76.8289
    endloop
  endfacet
  facet normal 0 1 0
    outer loop
      vertex 48.464 172.8 74.6265
      vertex 50.878 172.8 76.2887
      vertex 51.0369 172.8 75.8253
    endloop
  endfacet
  facet normal 0 1 0
    outer loop
      vertex 50.878 172.8 76.2887
      vertex 48.0482 172.8 75.4443
      vertex 47.7988 172.8 76.3841
    endloop
  endfacet
  facet normal 0 1 0
    outer loop
      vertex 49.046 172.8 73.9308
      vertex 51.0369 172.8 75.8253
      vertex 51.2594 172.8 75.4388
    endloop
  endfacet
  facet normal 0 1 0
    outer loop
      vertex 49.7757 172.8 73.3754
      vertex 51.2594 172.8 75.4388
      vertex 51.5425 172.8 75.1342
    endloop
  endfacet
  facet normal 0 1 0
    outer loop
      vertex 50.6339 172.8 72.9787
      vertex 51.5425 172.8 75.1342
      vertex 51.883 172.8 74.9166
    endloop
  endfacet
  facet normal 0 1 0
    outer loop
      vertex 51.6208 172.8 72.7406
      vertex 51.883 172.8 74.9166
      vertex 52.281 172.8 74.7861
    endloop
  endfacet
  facet normal 0 1 0
    outer loop
      vertex 50.878 172.8 76.2887
      vertex 48.464 172.8 74.6265
      vertex 48.0482 172.8 75.4443
    endloop
  endfacet
  facet normal 0 1 -0
    outer loop
      vertex 52.7364 172.8 72.6613
      vertex 52.281 172.8 74.7861
      vertex 52.7364 172.8 74.7426
    endloop
  endfacet
  facet normal 0 1 0
    outer loop
      vertex 53.9128 172.8 75.1342
      vertex 54.8308 172.8 72.9787
      vertex 53.5766 172.8 74.9166
    endloop
  endfacet
  facet normal 0 1 -0
    outer loop
      vertex 53.8479 172.8 72.7406
      vertex 53.5766 172.8 74.9166
      vertex 54.8308 172.8 72.9787
    endloop
  endfacet
  facet normal 0 1 0
    outer loop
      vertex 52.281 172.8 74.7861
      vertex 52.7364 172.8 72.6613
      vertex 51.6208 172.8 72.7406
    endloop
  endfacet
  facet normal 0 1 0
    outer loop
      vertex 53.5766 172.8 74.9166
      vertex 53.8479 172.8 72.7406
      vertex 53.1845 172.8 74.7861
    endloop
  endfacet
  facet normal 0 1 0
    outer loop
      vertex 51.883 172.8 74.9166
      vertex 51.6208 172.8 72.7406
      vertex 50.6339 172.8 72.9787
    endloop
  endfacet
  facet normal 0 1 0
    outer loop
      vertex 52.7364 172.8 72.6613
      vertex 53.1845 172.8 74.7861
      vertex 53.8479 172.8 72.7406
    endloop
  endfacet
  facet normal 0 1 0
    outer loop
      vertex 51.5425 172.8 75.1342
      vertex 50.6339 172.8 72.9787
      vertex 49.7757 172.8 73.3754
    endloop
  endfacet
  facet normal 0 1 0
    outer loop
      vertex 53.1845 172.8 74.7861
      vertex 52.7364 172.8 72.6613
      vertex 52.7364 172.8 74.7426
    endloop
  endfacet
  facet normal 0 1 0
    outer loop
      vertex 51.0369 172.8 75.8253
      vertex 49.046 172.8 73.9308
      vertex 48.464 172.8 74.6265
    endloop
  endfacet
  facet normal 0 1 0
    outer loop
      vertex 51.2594 172.8 75.4388
      vertex 49.7757 172.8 73.3754
      vertex 49.046 172.8 73.9308
    endloop
  endfacet
  facet normal 0 1 0
    outer loop
      vertex 163.529 172.8 81.9925
      vertex 160.616 172.8 80.6792
      vertex 160.616 172.8 81.9925
    endloop
  endfacet
  facet normal 0 1 -0
    outer loop
      vertex 157.862 172.8 79.7862
      vertex 156.855 172.8 82.1701
      vertex 158 172.8 79.8717
    endloop
  endfacet
  facet normal 0 1 0
    outer loop
      vertex 160.281 172.8 81.0511
      vertex 159.094 172.8 79.9826
      vertex 158.663 172.8 80.0264
    endloop
  endfacet
  facet normal 0 1 0
    outer loop
      vertex 160.486 172.8 78.4893
      vertex 160.616 172.8 80.6792
      vertex 163.529 172.8 81.9925
    endloop
  endfacet
  facet normal 0 1 0
    outer loop
      vertex 160.281 172.8 81.0511
      vertex 159.477 172.8 79.8513
      vertex 159.094 172.8 79.9826
    endloop
  endfacet
  facet normal 0 1 0
    outer loop
      vertex 160.616 172.8 80.6792
      vertex 159.81 172.8 79.6325
      vertex 159.477 172.8 79.8513
    endloop
  endfacet
  facet normal 0 1 0
    outer loop
      vertex 160.616 172.8 80.6792
      vertex 160.095 172.8 79.3261
      vertex 159.81 172.8 79.6325
    endloop
  endfacet
  facet normal 0 1 0
    outer loop
      vertex 160.616 172.8 80.6792
      vertex 160.323 172.8 78.9418
      vertex 160.095 172.8 79.3261
    endloop
  endfacet
  facet normal 0 1 0
    outer loop
      vertex 160.616 172.8 80.6792
      vertex 160.486 172.8 78.4893
      vertex 160.323 172.8 78.9418
    endloop
  endfacet
  facet normal 0 1 0
    outer loop
      vertex 163.529 172.8 81.9925
      vertex 160.583 172.8 77.9686
      vertex 160.486 172.8 78.4893
    endloop
  endfacet
  facet normal 0 1 0
    outer loop
      vertex 163.529 172.8 81.9925
      vertex 160.616 172.8 77.3797
      vertex 160.583 172.8 77.9686
    endloop
  endfacet
  facet normal 0 1 -0
    outer loop
      vertex 163.529 172.8 72.8763
      vertex 160.616 172.8 77.3797
      vertex 163.529 172.8 81.9925
    endloop
  endfacet
  facet normal 0 1 0
    outer loop
      vertex 160.616 172.8 77.3797
      vertex 163.529 172.8 72.8763
      vertex 160.616 172.8 72.8763
    endloop
  endfacet
  facet normal 0 1 0
    outer loop
      vertex 158.31 172.8 79.9877
      vertex 158.446 172.8 82.1362
      vertex 158.481 172.8 80.0167
    endloop
  endfacet
  facet normal 0 1 0
    outer loop
      vertex 158.843 172.8 82.0181
      vertex 158.481 172.8 80.0167
      vertex 158.446 172.8 82.1362
    endloop
  endfacet
  facet normal 0 1 0
    outer loop
      vertex 158.481 172.8 80.0167
      vertex 158.843 172.8 82.0181
      vertex 158.663 172.8 80.0264
    endloop
  endfacet
  facet normal 0 1 0
    outer loop
      vertex 158.446 172.8 82.1362
      vertex 158.31 172.8 79.9877
      vertex 158.031 172.8 82.207
    endloop
  endfacet
  facet normal 0 1 0
    outer loop
      vertex 158.663 172.8 80.0264
      vertex 158.843 172.8 82.0181
      vertex 159.22 172.8 81.8529
    endloop
  endfacet
  facet normal 0 1 0
    outer loop
      vertex 157.597 172.8 82.2306
      vertex 158 172.8 79.8717
      vertex 156.855 172.8 82.1701
    endloop
  endfacet
  facet normal 0 1 0
    outer loop
      vertex 158.663 172.8 80.0264
      vertex 159.22 172.8 81.8529
      vertex 159.584 172.8 81.6379
    endloop
  endfacet
  facet normal 0 1 0
    outer loop
      vertex 158.663 172.8 80.0264
      vertex 159.584 172.8 81.6379
      vertex 159.937 172.8 81.3706
    endloop
  endfacet
  facet normal 0 1 -0
    outer loop
      vertex 158.149 172.8 79.9394
      vertex 158.031 172.8 82.207
      vertex 158.31 172.8 79.9877
    endloop
  endfacet
  facet normal 0 1 0
    outer loop
      vertex 158.663 172.8 80.0264
      vertex 159.937 172.8 81.3706
      vertex 160.281 172.8 81.0511
    endloop
  endfacet
  facet normal 0 1 -0
    outer loop
      vertex 158 172.8 79.8717
      vertex 157.597 172.8 82.2306
      vertex 158.149 172.8 79.9394
    endloop
  endfacet
  facet normal 0 1 0
    outer loop
      vertex 159.477 172.8 79.8513
      vertex 160.281 172.8 81.0511
      vertex 160.616 172.8 80.6792
    endloop
  endfacet
  facet normal 0 1 0
    outer loop
      vertex 158.031 172.8 82.207
      vertex 158.149 172.8 79.9394
      vertex 157.597 172.8 82.2306
    endloop
  endfacet
  facet normal 0 1 -0
    outer loop
      vertex 157.738 172.8 79.6844
      vertex 156.855 172.8 82.1701
      vertex 157.862 172.8 79.7862
    endloop
  endfacet
  facet normal 0 1 0
    outer loop
      vertex 156.855 172.8 82.1701
      vertex 157.738 172.8 79.6844
      vertex 156.206 172.8 81.9885
    endloop
  endfacet
  facet normal 0 1 -0
    outer loop
      vertex 157.628 172.8 79.5663
      vertex 156.206 172.8 81.9885
      vertex 157.738 172.8 79.6844
    endloop
  endfacet
  facet normal 0 1 0
    outer loop
      vertex 156.206 172.8 81.9885
      vertex 157.628 172.8 79.5663
      vertex 155.652 172.8 81.6859
    endloop
  endfacet
  facet normal 0 1 0
    outer loop
      vertex 155.652 172.8 81.6859
      vertex 157.628 172.8 79.5663
      vertex 155.192 172.8 81.2623
    endloop
  endfacet
  facet normal 0 1 -0
    outer loop
      vertex 157.532 172.8 79.4319
      vertex 155.192 172.8 81.2623
      vertex 157.628 172.8 79.5663
    endloop
  endfacet
  facet normal 0 1 0
    outer loop
      vertex 155.192 172.8 81.2623
      vertex 157.532 172.8 79.4319
      vertex 154.831 172.8 80.7232
    endloop
  endfacet
  facet normal 0 1 -0
    outer loop
      vertex 157.468 172.8 79.3055
      vertex 154.831 172.8 80.7232
      vertex 157.532 172.8 79.4319
    endloop
  endfacet
  facet normal 0 1 0
    outer loop
      vertex 154.831 172.8 80.7232
      vertex 157.468 172.8 79.3055
      vertex 154.573 172.8 80.0742
    endloop
  endfacet
  facet normal 0 1 -0
    outer loop
      vertex 157.414 172.8 79.1459
      vertex 154.573 172.8 80.0742
      vertex 157.468 172.8 79.3055
    endloop
  endfacet
  facet normal 0 1 0
    outer loop
      vertex 154.573 172.8 80.0742
      vertex 157.414 172.8 79.1459
      vertex 154.418 172.8 79.3153
    endloop
  endfacet
  facet normal 0 1 -0
    outer loop
      vertex 157.37 172.8 78.9533
      vertex 154.418 172.8 79.3153
      vertex 157.414 172.8 79.1459
    endloop
  endfacet
  facet normal 0 1 -0
    outer loop
      vertex 157.336 172.8 78.7275
      vertex 154.418 172.8 79.3153
      vertex 157.37 172.8 78.9533
    endloop
  endfacet
  facet normal 0 1 0
    outer loop
      vertex 154.366 172.8 78.4466
      vertex 157.336 172.8 78.7275
      vertex 157.311 172.8 78.4468
    endloop
  endfacet
  facet normal 0 1 0
    outer loop
      vertex 157.336 172.8 78.7275
      vertex 154.366 172.8 78.4466
      vertex 154.418 172.8 79.3153
    endloop
  endfacet
  facet normal 0 1 -0
    outer loop
      vertex 157.294 172.8 78.0893
      vertex 154.366 172.8 78.4466
      vertex 157.311 172.8 78.4468
    endloop
  endfacet
  facet normal 0 1 -0
    outer loop
      vertex 157.283 172.8 77.6549
      vertex 154.366 172.8 78.4466
      vertex 157.294 172.8 78.0893
    endloop
  endfacet
  facet normal 0 1 -0
    outer loop
      vertex 157.279 172.8 77.1437
      vertex 154.366 172.8 78.4466
      vertex 157.283 172.8 77.6549
    endloop
  endfacet
  facet normal 0 1 0
    outer loop
      vertex 157.28 172.8 76.9098
      vertex 154.366 172.8 78.4466
      vertex 157.279 172.8 77.1437
    endloop
  endfacet
  facet normal 0 1 0
    outer loop
      vertex 157.281 172.8 76.5828
      vertex 154.366 172.8 78.4466
      vertex 157.28 172.8 76.9098
    endloop
  endfacet
  facet normal 0 1 0
    outer loop
      vertex 157.284 172.8 76.1626
      vertex 154.366 172.8 78.4466
      vertex 157.281 172.8 76.5828
    endloop
  endfacet
  facet normal 0 1 0
    outer loop
      vertex 157.288 172.8 75.6493
      vertex 154.366 172.8 78.4466
      vertex 157.284 172.8 76.1626
    endloop
  endfacet
  facet normal 0 1 0
    outer loop
      vertex 154.366 172.8 72.8763
      vertex 157.288 172.8 75.6493
      vertex 157.291 172.8 75.1131
    endloop
  endfacet
  facet normal 0 1 0
    outer loop
      vertex 154.366 172.8 72.8763
      vertex 157.291 172.8 75.1131
      vertex 157.294 172.8 74.6242
    endloop
  endfacet
  facet normal 0 1 0
    outer loop
      vertex 154.366 172.8 72.8763
      vertex 157.294 172.8 74.6242
      vertex 157.295 172.8 74.1827
    endloop
  endfacet
  facet normal 0 1 0
    outer loop
      vertex 154.366 172.8 72.8763
      vertex 157.295 172.8 74.1827
      vertex 157.296 172.8 73.7885
    endloop
  endfacet
  facet normal 0 1 0
    outer loop
      vertex 154.366 172.8 72.8763
      vertex 157.296 172.8 73.7885
      vertex 157.296 172.8 72.8763
    endloop
  endfacet
  facet normal 0 1 0
    outer loop
      vertex 157.288 172.8 75.6493
      vertex 154.366 172.8 72.8763
      vertex 154.366 172.8 78.4466
    endloop
  endfacet
  facet normal 0 1 -0
    outer loop
      vertex 85.6208 172.8 76.0098
      vertex 80.5105 172.8 78.3752
      vertex 85.6208 172.8 78.3752
    endloop
  endfacet
  facet normal 0 1 0
    outer loop
      vertex 80.5105 172.8 78.3752
      vertex 85.6208 172.8 76.0098
      vertex 80.5105 172.8 76.0098
    endloop
  endfacet
  facet normal 0 1 -0
    outer loop
      vertex 140.473 172.8 78.8437
      vertex 137.543 172.8 81.9925
      vertex 140.473 172.8 81.9925
    endloop
  endfacet
  facet normal 0 1 0
    outer loop
      vertex 137.543 172.8 81.9925
      vertex 140.473 172.8 78.8437
      vertex 137.543 172.8 78.8437
    endloop
  endfacet
  facet normal 0.159591 0 0.987183
    outer loop
      vertex 118.212 172.8 82.2072
      vertex 118.645 172 82.1372
      vertex 118.645 172.8 82.1372
    endloop
  endfacet
  facet normal 0.159591 0 0.987183
    outer loop
      vertex 118.645 172 82.1372
      vertex 118.212 172.8 82.2072
      vertex 118.212 172 82.2072
    endloop
  endfacet
  facet normal 0.277102 0 0.960841
    outer loop
      vertex 118.645 172.8 82.1372
      vertex 119.05 172 82.0204
      vertex 119.05 172.8 82.0204
    endloop
  endfacet
  facet normal 0.277102 0 0.960841
    outer loop
      vertex 119.05 172 82.0204
      vertex 118.645 172.8 82.1372
      vertex 118.645 172 82.1372
    endloop
  endfacet
  facet normal 0.397676 0 0.917526
    outer loop
      vertex 119.05 172.8 82.0204
      vertex 119.427 172 81.857
      vertex 119.427 172.8 81.857
    endloop
  endfacet
  facet normal 0.397676 0 0.917526
    outer loop
      vertex 119.427 172 81.857
      vertex 119.05 172.8 82.0204
      vertex 119.05 172 82.0204
    endloop
  endfacet
  facet normal 0.516806 0 0.856103
    outer loop
      vertex 119.427 172.8 81.857
      vertex 119.781 172 81.6433
      vertex 119.781 172.8 81.6433
    endloop
  endfacet
  facet normal 0.516806 0 0.856103
    outer loop
      vertex 119.781 172 81.6433
      vertex 119.427 172.8 81.857
      vertex 119.427 172 81.857
    endloop
  endfacet
  facet normal 0.619599 0 0.784918
    outer loop
      vertex 119.781 172.8 81.6433
      vertex 120.12 172 81.3757
      vertex 120.12 172.8 81.3757
    endloop
  endfacet
  facet normal 0.619599 0 0.784918
    outer loop
      vertex 120.12 172 81.3757
      vertex 119.781 172.8 81.6433
      vertex 119.781 172 81.6433
    endloop
  endfacet
  facet normal 0.704142 0 0.710059
    outer loop
      vertex 120.12 172.8 81.3757
      vertex 120.444 172 81.0544
      vertex 120.444 172.8 81.0544
    endloop
  endfacet
  facet normal 0.704142 0 0.710059
    outer loop
      vertex 120.444 172 81.0544
      vertex 120.12 172.8 81.3757
      vertex 120.12 172 81.3757
    endloop
  endfacet
  facet normal 0.771918 -0 0.635722
    outer loop
      vertex 120.444 172 81.0544
      vertex 120.753 172.8 80.6792
      vertex 120.444 172.8 81.0544
    endloop
  endfacet
  facet normal 0.771918 0 0.635722
    outer loop
      vertex 120.753 172.8 80.6792
      vertex 120.444 172 81.0544
      vertex 120.753 172 80.6792
    endloop
  endfacet
  facet normal -1 0 0
    outer loop
      vertex 120.753 172 80.6792
      vertex 120.753 172.8 81.9925
      vertex 120.753 172.8 80.6792
    endloop
  endfacet
  facet normal -1 -0 0
    outer loop
      vertex 120.753 172.8 81.9925
      vertex 120.753 172 80.6792
      vertex 120.753 172 81.9925
    endloop
  endfacet
  facet normal -0 0 1
    outer loop
      vertex 120.753 172.8 81.9925
      vertex 123.683 172 81.9925
      vertex 123.683 172.8 81.9925
    endloop
  endfacet
  facet normal 0 0 1
    outer loop
      vertex 123.683 172 81.9925
      vertex 120.753 172.8 81.9925
      vertex 120.753 172 81.9925
    endloop
  endfacet
  facet normal 1 -0 0
    outer loop
      vertex 123.683 172 81.9925
      vertex 123.683 172.8 69.3282
      vertex 123.683 172.8 81.9925
    endloop
  endfacet
  facet normal 1 0 0
    outer loop
      vertex 123.683 172.8 69.3282
      vertex 123.683 172 81.9925
      vertex 123.683 172 69.3282
    endloop
  endfacet
  facet normal 0 0 -1
    outer loop
      vertex 120.753 172 69.3282
      vertex 123.683 172.8 69.3282
      vertex 123.683 172 69.3282
    endloop
  endfacet
  facet normal -0 0 -1
    outer loop
      vertex 123.683 172.8 69.3282
      vertex 120.753 172 69.3282
      vertex 120.753 172.8 69.3282
    endloop
  endfacet
  facet normal -1 0 0
    outer loop
      vertex 120.753 172 69.3282
      vertex 120.753 172.8 74.2127
      vertex 120.753 172.8 69.3282
    endloop
  endfacet
  facet normal -1 -0 0
    outer loop
      vertex 120.753 172.8 74.2127
      vertex 120.753 172 69.3282
      vertex 120.753 172 74.2127
    endloop
  endfacet
  facet normal 0.769153 0 -0.639065
    outer loop
      vertex 120.753 172 74.2127
      vertex 120.444 172.8 73.8408
      vertex 120.753 172.8 74.2127
    endloop
  endfacet
  facet normal 0.769153 0 -0.639065
    outer loop
      vertex 120.444 172.8 73.8408
      vertex 120.753 172 74.2127
      vertex 120.444 172 73.8408
    endloop
  endfacet
  facet normal 0.701047 0 -0.713115
    outer loop
      vertex 120.119 172 73.5213
      vertex 120.444 172.8 73.8408
      vertex 120.444 172 73.8408
    endloop
  endfacet
  facet normal 0.701047 0 -0.713115
    outer loop
      vertex 120.444 172.8 73.8408
      vertex 120.119 172 73.5213
      vertex 120.119 172.8 73.5213
    endloop
  endfacet
  facet normal 0.618046 0 -0.786142
    outer loop
      vertex 119.779 172 73.254
      vertex 120.119 172.8 73.5213
      vertex 120.119 172 73.5213
    endloop
  endfacet
  facet normal 0.618046 0 -0.786142
    outer loop
      vertex 120.119 172.8 73.5213
      vertex 119.779 172 73.254
      vertex 119.779 172.8 73.254
    endloop
  endfacet
  facet normal 0.516793 0 -0.856111
    outer loop
      vertex 119.423 172 73.0391
      vertex 119.779 172.8 73.254
      vertex 119.779 172 73.254
    endloop
  endfacet
  facet normal 0.516793 0 -0.856111
    outer loop
      vertex 119.779 172.8 73.254
      vertex 119.423 172 73.0391
      vertex 119.423 172.8 73.0391
    endloop
  endfacet
  facet normal 0.400666 0 -0.916224
    outer loop
      vertex 119.045 172 72.8738
      vertex 119.423 172.8 73.0391
      vertex 119.423 172 73.0391
    endloop
  endfacet
  facet normal 0.400666 0 -0.916224
    outer loop
      vertex 119.423 172.8 73.0391
      vertex 119.045 172 72.8738
      vertex 119.045 172.8 72.8738
    endloop
  endfacet
  facet normal 0.279727 0 -0.96008
    outer loop
      vertex 118.64 172 72.7558
      vertex 119.045 172.8 72.8738
      vertex 119.045 172 72.8738
    endloop
  endfacet
  facet normal 0.279727 0 -0.96008
    outer loop
      vertex 119.045 172.8 72.8738
      vertex 118.64 172 72.7558
      vertex 118.64 172.8 72.7558
    endloop
  endfacet
  facet normal 0.16232 0 -0.986738
    outer loop
      vertex 118.209 172 72.6849
      vertex 118.64 172.8 72.7558
      vertex 118.64 172 72.7558
    endloop
  endfacet
  facet normal 0.16232 0 -0.986738
    outer loop
      vertex 118.64 172.8 72.7558
      vertex 118.209 172 72.6849
      vertex 118.209 172.8 72.6849
    endloop
  endfacet
  facet normal 0.0513483 0 -0.998681
    outer loop
      vertex 117.75 172 72.6613
      vertex 118.209 172.8 72.6849
      vertex 118.209 172 72.6849
    endloop
  endfacet
  facet normal 0.0513483 0 -0.998681
    outer loop
      vertex 118.209 172.8 72.6849
      vertex 117.75 172 72.6613
      vertex 117.75 172.8 72.6613
    endloop
  endfacet
  facet normal -0.103545 0 -0.994625
    outer loop
      vertex 116.946 172 72.745
      vertex 117.75 172.8 72.6613
      vertex 117.75 172 72.6613
    endloop
  endfacet
  facet normal -0.103545 0 -0.994625
    outer loop
      vertex 117.75 172.8 72.6613
      vertex 116.946 172 72.745
      vertex 116.946 172.8 72.745
    endloop
  endfacet
  facet normal -0.325152 0 -0.945662
    outer loop
      vertex 116.216 172 72.996
      vertex 116.946 172.8 72.745
      vertex 116.946 172 72.745
    endloop
  endfacet
  facet normal -0.325152 0 -0.945662
    outer loop
      vertex 116.946 172.8 72.745
      vertex 116.216 172 72.996
      vertex 116.216 172.8 72.996
    endloop
  endfacet
  facet normal -0.538816 0 -0.842423
    outer loop
      vertex 115.562 172 73.4143
      vertex 116.216 172.8 72.996
      vertex 116.216 172 72.996
    endloop
  endfacet
  facet normal -0.538816 0 -0.842423
    outer loop
      vertex 116.216 172.8 72.996
      vertex 115.562 172 73.4143
      vertex 115.562 172.8 73.4143
    endloop
  endfacet
  facet normal -0.71171 0 -0.702473
    outer loop
      vertex 115.562 172 73.4143
      vertex 114.984 172.8 73.9999
      vertex 115.562 172.8 73.4143
    endloop
  endfacet
  facet normal -0.71171 -0 -0.702473
    outer loop
      vertex 114.984 172.8 73.9999
      vertex 115.562 172 73.4143
      vertex 114.984 172 73.9999
    endloop
  endfacet
  facet normal -0.834298 0 -0.551314
    outer loop
      vertex 114.984 172 73.9999
      vertex 114.51 172.8 74.7172
      vertex 114.984 172.8 73.9999
    endloop
  endfacet
  facet normal -0.834298 -0 -0.551314
    outer loop
      vertex 114.51 172.8 74.7172
      vertex 114.984 172 73.9999
      vertex 114.51 172 74.7172
    endloop
  endfacet
  facet normal -0.923463 0 -0.383688
    outer loop
      vertex 114.51 172 74.7172
      vertex 114.172 172.8 75.5307
      vertex 114.51 172.8 74.7172
    endloop
  endfacet
  facet normal -0.923463 -0 -0.383688
    outer loop
      vertex 114.172 172.8 75.5307
      vertex 114.51 172 74.7172
      vertex 114.172 172 75.5307
    endloop
  endfacet
  facet normal -0.975985 0 -0.217839
    outer loop
      vertex 114.172 172 75.5307
      vertex 113.969 172.8 76.4402
      vertex 114.172 172.8 75.5307
    endloop
  endfacet
  facet normal -0.975985 -0 -0.217839
    outer loop
      vertex 113.969 172.8 76.4402
      vertex 114.172 172 75.5307
      vertex 113.969 172 76.4402
    endloop
  endfacet
  facet normal -0.997722 0 -0.0674539
    outer loop
      vertex 113.969 172 76.4402
      vertex 113.901 172.8 77.446
      vertex 113.969 172.8 76.4402
    endloop
  endfacet
  facet normal -0.997722 -0 -0.0674539
    outer loop
      vertex 113.901 172.8 77.446
      vertex 113.969 172 76.4402
      vertex 113.901 172 77.446
    endloop
  endfacet
  facet normal -0.997721 0 0.0674672
    outer loop
      vertex 113.901 172 77.446
      vertex 113.969 172.8 78.4516
      vertex 113.901 172.8 77.446
    endloop
  endfacet
  facet normal -0.997721 0 0.0674672
    outer loop
      vertex 113.969 172.8 78.4516
      vertex 113.901 172 77.446
      vertex 113.969 172 78.4516
    endloop
  endfacet
  facet normal -0.975995 0 0.217794
    outer loop
      vertex 113.969 172 78.4516
      vertex 114.172 172.8 79.3613
      vertex 113.969 172.8 78.4516
    endloop
  endfacet
  facet normal -0.975995 0 0.217794
    outer loop
      vertex 114.172 172.8 79.3613
      vertex 113.969 172 78.4516
      vertex 114.172 172 79.3613
    endloop
  endfacet
  facet normal -0.923446 0 0.383728
    outer loop
      vertex 114.172 172 79.3613
      vertex 114.51 172.8 80.1747
      vertex 114.172 172.8 79.3613
    endloop
  endfacet
  facet normal -0.923446 0 0.383728
    outer loop
      vertex 114.51 172.8 80.1747
      vertex 114.172 172 79.3613
      vertex 114.51 172 80.1747
    endloop
  endfacet
  facet normal -0.834333 0 0.55126
    outer loop
      vertex 114.51 172 80.1747
      vertex 114.984 172.8 80.8921
      vertex 114.51 172.8 80.1747
    endloop
  endfacet
  facet normal -0.834333 0 0.55126
    outer loop
      vertex 114.984 172.8 80.8921
      vertex 114.51 172 80.1747
      vertex 114.984 172 80.8921
    endloop
  endfacet
  facet normal -0.71171 0 0.702473
    outer loop
      vertex 114.984 172 80.8921
      vertex 115.562 172.8 81.4777
      vertex 114.984 172.8 80.8921
    endloop
  endfacet
  facet normal -0.71171 0 0.702473
    outer loop
      vertex 115.562 172.8 81.4777
      vertex 114.984 172 80.8921
      vertex 115.562 172 81.4777
    endloop
  endfacet
  facet normal -0.538816 0 0.842423
    outer loop
      vertex 115.562 172.8 81.4777
      vertex 116.216 172 81.896
      vertex 116.216 172.8 81.896
    endloop
  endfacet
  facet normal -0.538816 0 0.842423
    outer loop
      vertex 116.216 172 81.896
      vertex 115.562 172.8 81.4777
      vertex 115.562 172 81.4777
    endloop
  endfacet
  facet normal -0.325036 0 0.945702
    outer loop
      vertex 116.216 172.8 81.896
      vertex 116.946 172 82.1469
      vertex 116.946 172.8 82.1469
    endloop
  endfacet
  facet normal -0.325036 0 0.945702
    outer loop
      vertex 116.946 172 82.1469
      vertex 116.216 172.8 81.896
      vertex 116.216 172 81.896
    endloop
  endfacet
  facet normal -0.103545 0 0.994625
    outer loop
      vertex 116.946 172.8 82.1469
      vertex 117.75 172 82.2306
      vertex 117.75 172.8 82.2306
    endloop
  endfacet
  facet normal -0.103545 0 0.994625
    outer loop
      vertex 117.75 172 82.2306
      vertex 116.946 172.8 82.1469
      vertex 116.946 172 82.1469
    endloop
  endfacet
  facet normal 0.0505845 0 0.99872
    outer loop
      vertex 117.75 172.8 82.2306
      vertex 118.212 172 82.2072
      vertex 118.212 172.8 82.2072
    endloop
  endfacet
  facet normal 0.0505845 0 0.99872
    outer loop
      vertex 118.212 172 82.2072
      vertex 117.75 172.8 82.2306
      vertex 117.75 172 82.2306
    endloop
  endfacet
  facet normal 0.318163 0 -0.948036
    outer loop
      vertex 118.014 172 79.94
      vertex 118.396 172.8 80.0682
      vertex 118.396 172 80.0682
    endloop
  endfacet
  facet normal 0.318163 0 -0.948036
    outer loop
      vertex 118.396 172.8 80.0682
      vertex 118.014 172 79.94
      vertex 118.014 172.8 79.94
    endloop
  endfacet
  facet normal 0.545527 0 -0.838093
    outer loop
      vertex 117.686 172 79.7265
      vertex 118.014 172.8 79.94
      vertex 118.014 172 79.94
    endloop
  endfacet
  facet normal 0.545527 0 -0.838093
    outer loop
      vertex 118.014 172.8 79.94
      vertex 117.686 172 79.7265
      vertex 117.686 172.8 79.7265
    endloop
  endfacet
  facet normal 0.738485 0 -0.674269
    outer loop
      vertex 117.686 172 79.7265
      vertex 117.413 172.8 79.4275
      vertex 117.686 172.8 79.7265
    endloop
  endfacet
  facet normal 0.738485 0 -0.674269
    outer loop
      vertex 117.413 172.8 79.4275
      vertex 117.686 172 79.7265
      vertex 117.413 172 79.4275
    endloop
  endfacet
  facet normal 0.86959 0 -0.493774
    outer loop
      vertex 117.413 172 79.4275
      vertex 117.197 172.8 79.0471
      vertex 117.413 172.8 79.4275
    endloop
  endfacet
  facet normal 0.86959 0 -0.493774
    outer loop
      vertex 117.197 172.8 79.0471
      vertex 117.413 172 79.4275
      vertex 117.197 172 79.0471
    endloop
  endfacet
  facet normal 0.947789 0 -0.318898
    outer loop
      vertex 117.197 172 79.0471
      vertex 117.043 172.8 78.5894
      vertex 117.197 172.8 79.0471
    endloop
  endfacet
  facet normal 0.947789 0 -0.318898
    outer loop
      vertex 117.043 172.8 78.5894
      vertex 117.197 172 79.0471
      vertex 117.043 172 78.5894
    endloop
  endfacet
  facet normal 0.985534 0 -0.169475
    outer loop
      vertex 117.043 172 78.5894
      vertex 116.951 172.8 78.0544
      vertex 117.043 172.8 78.5894
    endloop
  endfacet
  facet normal 0.985534 0 -0.169475
    outer loop
      vertex 116.951 172.8 78.0544
      vertex 117.043 172 78.5894
      vertex 116.951 172 78.0544
    endloop
  endfacet
  facet normal 0.998721 0 -0.050564
    outer loop
      vertex 116.951 172 78.0544
      vertex 116.92 172.8 77.4421
      vertex 116.951 172.8 78.0544
    endloop
  endfacet
  facet normal 0.998721 0 -0.050564
    outer loop
      vertex 116.92 172.8 77.4421
      vertex 116.951 172 78.0544
      vertex 116.92 172 77.4421
    endloop
  endfacet
  facet normal 0.998721 -0 0.050564
    outer loop
      vertex 116.92 172 77.4421
      vertex 116.951 172.8 76.8298
      vertex 116.92 172.8 77.4421
    endloop
  endfacet
  facet normal 0.998721 0 0.050564
    outer loop
      vertex 116.951 172.8 76.8298
      vertex 116.92 172 77.4421
      vertex 116.951 172 76.8298
    endloop
  endfacet
  facet normal 0.985534 -0 0.169475
    outer loop
      vertex 116.951 172 76.8298
      vertex 117.043 172.8 76.2948
      vertex 116.951 172.8 76.8298
    endloop
  endfacet
  facet normal 0.985534 0 0.169475
    outer loop
      vertex 117.043 172.8 76.2948
      vertex 116.951 172 76.8298
      vertex 117.043 172 76.2948
    endloop
  endfacet
  facet normal 0.947768 -0 0.31896
    outer loop
      vertex 117.043 172 76.2948
      vertex 117.197 172.8 75.8372
      vertex 117.043 172.8 76.2948
    endloop
  endfacet
  facet normal 0.947768 0 0.31896
    outer loop
      vertex 117.197 172.8 75.8372
      vertex 117.043 172 76.2948
      vertex 117.197 172 75.8372
    endloop
  endfacet
  facet normal 0.86959 -0 0.493774
    outer loop
      vertex 117.197 172 75.8372
      vertex 117.413 172.8 75.4568
      vertex 117.197 172.8 75.8372
    endloop
  endfacet
  facet normal 0.86959 0 0.493774
    outer loop
      vertex 117.413 172.8 75.4568
      vertex 117.197 172 75.8372
      vertex 117.413 172 75.4568
    endloop
  endfacet
  facet normal 0.738485 -0 0.674269
    outer loop
      vertex 117.413 172 75.4568
      vertex 117.686 172.8 75.1578
      vertex 117.413 172.8 75.4568
    endloop
  endfacet
  facet normal 0.738485 0 0.674269
    outer loop
      vertex 117.686 172.8 75.1578
      vertex 117.413 172 75.4568
      vertex 117.686 172 75.1578
    endloop
  endfacet
  facet normal 0.545707 0 0.837976
    outer loop
      vertex 117.686 172.8 75.1578
      vertex 118.014 172 74.9442
      vertex 118.014 172.8 74.9442
    endloop
  endfacet
  facet normal 0.545707 0 0.837976
    outer loop
      vertex 118.014 172 74.9442
      vertex 117.686 172.8 75.1578
      vertex 117.686 172 75.1578
    endloop
  endfacet
  facet normal 0.318163 0 0.948036
    outer loop
      vertex 118.014 172.8 74.9442
      vertex 118.396 172 74.816
      vertex 118.396 172.8 74.816
    endloop
  endfacet
  facet normal 0.318163 0 0.948036
    outer loop
      vertex 118.396 172 74.816
      vertex 118.014 172.8 74.9442
      vertex 118.014 172 74.9442
    endloop
  endfacet
  facet normal 0.0972485 0 0.99526
    outer loop
      vertex 118.396 172.8 74.816
      vertex 118.833 172 74.7733
      vertex 118.833 172.8 74.7733
    endloop
  endfacet
  facet normal 0.0972485 0 0.99526
    outer loop
      vertex 118.833 172 74.7733
      vertex 118.396 172.8 74.816
      vertex 118.396 172 74.816
    endloop
  endfacet
  facet normal -0.0965917 0 0.995324
    outer loop
      vertex 118.833 172.8 74.7733
      vertex 119.273 172 74.816
      vertex 119.273 172.8 74.816
    endloop
  endfacet
  facet normal -0.0965917 0 0.995324
    outer loop
      vertex 119.273 172 74.816
      vertex 118.833 172.8 74.7733
      vertex 118.833 172 74.7733
    endloop
  endfacet
  facet normal -0.315932 0 0.948782
    outer loop
      vertex 119.273 172.8 74.816
      vertex 119.658 172 74.9442
      vertex 119.658 172.8 74.9442
    endloop
  endfacet
  facet normal -0.315932 0 0.948782
    outer loop
      vertex 119.658 172 74.9442
      vertex 119.273 172.8 74.816
      vertex 119.273 172 74.816
    endloop
  endfacet
  facet normal -0.54454 0 0.838735
    outer loop
      vertex 119.658 172.8 74.9442
      vertex 119.987 172 75.1578
      vertex 119.987 172.8 75.1578
    endloop
  endfacet
  facet normal -0.54454 0 0.838735
    outer loop
      vertex 119.987 172 75.1578
      vertex 119.658 172.8 74.9442
      vertex 119.658 172 74.9442
    endloop
  endfacet
  facet normal -0.737256 0 0.675613
    outer loop
      vertex 119.987 172 75.1578
      vertex 120.261 172.8 75.4568
      vertex 119.987 172.8 75.1578
    endloop
  endfacet
  facet normal -0.737256 0 0.675613
    outer loop
      vertex 120.261 172.8 75.4568
      vertex 119.987 172 75.1578
      vertex 120.261 172 75.4568
    endloop
  endfacet
  facet normal -0.870571 0 0.492042
    outer loop
      vertex 120.261 172 75.4568
      vertex 120.476 172.8 75.8372
      vertex 120.261 172.8 75.4568
    endloop
  endfacet
  facet normal -0.870571 0 0.492042
    outer loop
      vertex 120.476 172.8 75.8372
      vertex 120.261 172 75.4568
      vertex 120.476 172 75.8372
    endloop
  endfacet
  facet normal -0.947768 0 0.31896
    outer loop
      vertex 120.476 172 75.8372
      vertex 120.63 172.8 76.2948
      vertex 120.476 172.8 75.8372
    endloop
  endfacet
  facet normal -0.947768 0 0.31896
    outer loop
      vertex 120.63 172.8 76.2948
      vertex 120.476 172 75.8372
      vertex 120.63 172 76.2948
    endloop
  endfacet
  facet normal -0.985534 0 0.169475
    outer loop
      vertex 120.63 172 76.2948
      vertex 120.722 172.8 76.8298
      vertex 120.63 172.8 76.2948
    endloop
  endfacet
  facet normal -0.985534 0 0.169475
    outer loop
      vertex 120.722 172.8 76.8298
      vertex 120.63 172 76.2948
      vertex 120.722 172 76.8298
    endloop
  endfacet
  facet normal -0.998721 0 0.050564
    outer loop
      vertex 120.722 172 76.8298
      vertex 120.753 172.8 77.4421
      vertex 120.722 172.8 76.8298
    endloop
  endfacet
  facet normal -0.998721 0 0.050564
    outer loop
      vertex 120.753 172.8 77.4421
      vertex 120.722 172 76.8298
      vertex 120.753 172 77.4421
    endloop
  endfacet
  facet normal -0.998721 0 -0.050564
    outer loop
      vertex 120.753 172 77.4421
      vertex 120.722 172.8 78.0544
      vertex 120.753 172.8 77.4421
    endloop
  endfacet
  facet normal -0.998721 -0 -0.050564
    outer loop
      vertex 120.722 172.8 78.0544
      vertex 120.753 172 77.4421
      vertex 120.722 172 78.0544
    endloop
  endfacet
  facet normal -0.985534 0 -0.169475
    outer loop
      vertex 120.722 172 78.0544
      vertex 120.63 172.8 78.5894
      vertex 120.722 172.8 78.0544
    endloop
  endfacet
  facet normal -0.985534 -0 -0.169475
    outer loop
      vertex 120.63 172.8 78.5894
      vertex 120.722 172 78.0544
      vertex 120.63 172 78.5894
    endloop
  endfacet
  facet normal -0.947789 0 -0.318898
    outer loop
      vertex 120.63 172 78.5894
      vertex 120.476 172.8 79.0471
      vertex 120.63 172.8 78.5894
    endloop
  endfacet
  facet normal -0.947789 -0 -0.318898
    outer loop
      vertex 120.476 172.8 79.0471
      vertex 120.63 172 78.5894
      vertex 120.476 172 79.0471
    endloop
  endfacet
  facet normal -0.870571 0 -0.492042
    outer loop
      vertex 120.476 172 79.0471
      vertex 120.261 172.8 79.4275
      vertex 120.476 172.8 79.0471
    endloop
  endfacet
  facet normal -0.870571 -0 -0.492042
    outer loop
      vertex 120.261 172.8 79.4275
      vertex 120.476 172 79.0471
      vertex 120.261 172 79.4275
    endloop
  endfacet
  facet normal -0.737256 0 -0.675613
    outer loop
      vertex 120.261 172 79.4275
      vertex 119.987 172.8 79.7265
      vertex 120.261 172.8 79.4275
    endloop
  endfacet
  facet normal -0.737256 -0 -0.675613
    outer loop
      vertex 119.987 172.8 79.7265
      vertex 120.261 172 79.4275
      vertex 119.987 172 79.7265
    endloop
  endfacet
  facet normal -0.544361 0 -0.838851
    outer loop
      vertex 119.658 172 79.94
      vertex 119.987 172.8 79.7265
      vertex 119.987 172 79.7265
    endloop
  endfacet
  facet normal -0.544361 0 -0.838851
    outer loop
      vertex 119.987 172.8 79.7265
      vertex 119.658 172 79.94
      vertex 119.658 172.8 79.94
    endloop
  endfacet
  facet normal -0.315932 0 -0.948782
    outer loop
      vertex 119.273 172 80.0682
      vertex 119.658 172.8 79.94
      vertex 119.658 172 79.94
    endloop
  endfacet
  facet normal -0.315932 0 -0.948782
    outer loop
      vertex 119.658 172.8 79.94
      vertex 119.273 172 80.0682
      vertex 119.273 172.8 80.0682
    endloop
  endfacet
  facet normal -0.0965917 0 -0.995324
    outer loop
      vertex 118.833 172 80.1109
      vertex 119.273 172.8 80.0682
      vertex 119.273 172 80.0682
    endloop
  endfacet
  facet normal -0.0965917 0 -0.995324
    outer loop
      vertex 119.273 172.8 80.0682
      vertex 118.833 172 80.1109
      vertex 118.833 172.8 80.1109
    endloop
  endfacet
  facet normal 0.0972485 0 -0.99526
    outer loop
      vertex 118.396 172 80.0682
      vertex 118.833 172.8 80.1109
      vertex 118.833 172 80.1109
    endloop
  endfacet
  facet normal 0.0972485 0 -0.99526
    outer loop
      vertex 118.833 172.8 80.1109
      vertex 118.396 172 80.0682
      vertex 118.396 172.8 80.0682
    endloop
  endfacet
  facet normal -0.730259 0 0.683171
    outer loop
      vertex 62.4942 172 78.1914
      vertex 66.0502 172.8 81.9925
      vertex 62.4942 172.8 78.1914
    endloop
  endfacet
  facet normal -0.730259 0 0.683171
    outer loop
      vertex 66.0502 172.8 81.9925
      vertex 62.4942 172 78.1914
      vertex 66.0502 172 81.9925
    endloop
  endfacet
  facet normal -0 0 1
    outer loop
      vertex 66.0502 172.8 81.9925
      vertex 69.5818 172 81.9925
      vertex 69.5818 172.8 81.9925
    endloop
  endfacet
  facet normal 0 0 1
    outer loop
      vertex 69.5818 172 81.9925
      vertex 66.0502 172.8 81.9925
      vertex 66.0502 172 81.9925
    endloop
  endfacet
  facet normal 0.716594 0 -0.69749
    outer loop
      vertex 69.5818 172 81.9925
      vertex 64.7808 172.8 77.06
      vertex 69.5818 172.8 81.9925
    endloop
  endfacet
  facet normal 0.716594 0 -0.69749
    outer loop
      vertex 64.7808 172.8 77.06
      vertex 69.5818 172 81.9925
      vertex 64.7808 172 77.06
    endloop
  endfacet
  facet normal 0.684881 0 0.728655
    outer loop
      vertex 64.7808 172.8 77.06
      vertex 69.2319 172 72.8763
      vertex 69.2319 172.8 72.8763
    endloop
  endfacet
  facet normal 0.684881 0 0.728655
    outer loop
      vertex 69.2319 172 72.8763
      vertex 64.7808 172.8 77.06
      vertex 64.7808 172 77.06
    endloop
  endfacet
  facet normal 0 0 -1
    outer loop
      vertex 65.8467 172 72.8763
      vertex 69.2319 172.8 72.8763
      vertex 69.2319 172 72.8763
    endloop
  endfacet
  facet normal -0 0 -1
    outer loop
      vertex 69.2319 172.8 72.8763
      vertex 65.8467 172 72.8763
      vertex 65.8467 172.8 72.8763
    endloop
  endfacet
  facet normal -0.706357 0 -0.707856
    outer loop
      vertex 62.4942 172 76.2217
      vertex 65.8467 172.8 72.8763
      vertex 65.8467 172 72.8763
    endloop
  endfacet
  facet normal -0.706357 0 -0.707856
    outer loop
      vertex 65.8467 172.8 72.8763
      vertex 62.4942 172 76.2217
      vertex 62.4942 172.8 76.2217
    endloop
  endfacet
  facet normal 1 -0 0
    outer loop
      vertex 62.4942 172 76.2217
      vertex 62.4942 172.8 69.3282
      vertex 62.4942 172.8 76.2217
    endloop
  endfacet
  facet normal 1 0 0
    outer loop
      vertex 62.4942 172.8 69.3282
      vertex 62.4942 172 76.2217
      vertex 62.4942 172 69.3282
    endloop
  endfacet
  facet normal 0 0 -1
    outer loop
      vertex 59.5809 172 69.3282
      vertex 62.4942 172.8 69.3282
      vertex 62.4942 172 69.3282
    endloop
  endfacet
  facet normal -0 0 -1
    outer loop
      vertex 62.4942 172.8 69.3282
      vertex 59.5809 172 69.3282
      vertex 59.5809 172.8 69.3282
    endloop
  endfacet
  facet normal -1 0 0
    outer loop
      vertex 59.5809 172 69.3282
      vertex 59.5809 172.8 81.9925
      vertex 59.5809 172.8 69.3282
    endloop
  endfacet
  facet normal -1 -0 0
    outer loop
      vertex 59.5809 172.8 81.9925
      vertex 59.5809 172 69.3282
      vertex 59.5809 172 81.9925
    endloop
  endfacet
  facet normal -0 0 1
    outer loop
      vertex 59.5809 172.8 81.9925
      vertex 62.4942 172 81.9925
      vertex 62.4942 172.8 81.9925
    endloop
  endfacet
  facet normal 0 0 1
    outer loop
      vertex 62.4942 172 81.9925
      vertex 59.5809 172.8 81.9925
      vertex 59.5809 172 81.9925
    endloop
  endfacet
  facet normal 1 -0 0
    outer loop
      vertex 62.4942 172 81.9925
      vertex 62.4942 172.8 78.1914
      vertex 62.4942 172.8 81.9925
    endloop
  endfacet
  facet normal 1 0 0
    outer loop
      vertex 62.4942 172.8 78.1914
      vertex 62.4942 172 81.9925
      vertex 62.4942 172 78.1914
    endloop
  endfacet
  facet normal 0 0 -1
    outer loop
      vertex 92.197 172 79.9112
      vertex 93.6942 172.8 79.9112
      vertex 93.6942 172 79.9112
    endloop
  endfacet
  facet normal -0 0 -1
    outer loop
      vertex 93.6942 172.8 79.9112
      vertex 92.197 172 79.9112
      vertex 92.197 172.8 79.9112
    endloop
  endfacet
  facet normal 0.0407468 0 -0.99917
    outer loop
      vertex 91.8537 172 79.8972
      vertex 92.197 172.8 79.9112
      vertex 92.197 172 79.9112
    endloop
  endfacet
  facet normal 0.0407468 0 -0.99917
    outer loop
      vertex 92.197 172.8 79.9112
      vertex 91.8537 172 79.8972
      vertex 91.8537 172.8 79.8972
    endloop
  endfacet
  facet normal 0.14767 0 -0.989037
    outer loop
      vertex 91.5724 172 79.8552
      vertex 91.8537 172.8 79.8972
      vertex 91.8537 172 79.8972
    endloop
  endfacet
  facet normal 0.14767 0 -0.989037
    outer loop
      vertex 91.8537 172.8 79.8972
      vertex 91.5724 172 79.8552
      vertex 91.5724 172.8 79.8552
    endloop
  endfacet
  facet normal 0.304208 0 -0.952606
    outer loop
      vertex 91.3532 172 79.7852
      vertex 91.5724 172.8 79.8552
      vertex 91.5724 172 79.8552
    endloop
  endfacet
  facet normal 0.304208 0 -0.952606
    outer loop
      vertex 91.5724 172.8 79.8552
      vertex 91.3532 172 79.7852
      vertex 91.3532 172.8 79.7852
    endloop
  endfacet
  facet normal 0.529028 0 -0.848604
    outer loop
      vertex 91.196 172 79.6872
      vertex 91.3532 172.8 79.7852
      vertex 91.3532 172 79.7852
    endloop
  endfacet
  facet normal 0.529028 0 -0.848604
    outer loop
      vertex 91.3532 172.8 79.7852
      vertex 91.196 172 79.6872
      vertex 91.196 172.8 79.6872
    endloop
  endfacet
  facet normal 0.780427 0 -0.625247
    outer loop
      vertex 91.196 172 79.6872
      vertex 91.0856 172.8 79.5494
      vertex 91.196 172.8 79.6872
    endloop
  endfacet
  facet normal 0.780427 0 -0.625247
    outer loop
      vertex 91.0856 172.8 79.5494
      vertex 91.196 172 79.6872
      vertex 91.0856 172 79.5494
    endloop
  endfacet
  facet normal 0.923062 0 -0.38465
    outer loop
      vertex 91.0856 172 79.5494
      vertex 91.0068 172.8 79.3603
      vertex 91.0856 172.8 79.5494
    endloop
  endfacet
  facet normal 0.923062 0 -0.38465
    outer loop
      vertex 91.0068 172.8 79.3603
      vertex 91.0856 172 79.5494
      vertex 91.0068 172 79.3603
    endloop
  endfacet
  facet normal 0.981219 0 -0.1929
    outer loop
      vertex 91.0068 172 79.3603
      vertex 90.9595 172.8 79.1197
      vertex 91.0068 172.8 79.3603
    endloop
  endfacet
  facet normal 0.981219 0 -0.1929
    outer loop
      vertex 90.9595 172.8 79.1197
      vertex 91.0068 172 79.3603
      vertex 90.9595 172 79.1197
    endloop
  endfacet
  facet normal 0.99854 0 -0.0540121
    outer loop
      vertex 90.9595 172 79.1197
      vertex 90.9437 172.8 78.8276
      vertex 90.9595 172.8 79.1197
    endloop
  endfacet
  facet normal 0.99854 0 -0.0540121
    outer loop
      vertex 90.9437 172.8 78.8276
      vertex 90.9595 172 79.1197
      vertex 90.9437 172 78.8276
    endloop
  endfacet
  facet normal 1 -0 0
    outer loop
      vertex 90.9437 172 78.8276
      vertex 90.9437 172.8 74.9576
      vertex 90.9437 172.8 78.8276
    endloop
  endfacet
  facet normal 1 0 0
    outer loop
      vertex 90.9437 172.8 74.9576
      vertex 90.9437 172 78.8276
      vertex 90.9437 172 74.9576
    endloop
  endfacet
  facet normal -0 0 1
    outer loop
      vertex 90.9437 172.8 74.9576
      vertex 93.9465 172 74.9576
      vertex 93.9465 172.8 74.9576
    endloop
  endfacet
  facet normal 0 0 1
    outer loop
      vertex 93.9465 172 74.9576
      vertex 90.9437 172.8 74.9576
      vertex 90.9437 172 74.9576
    endloop
  endfacet
  facet normal 1 -0 0
    outer loop
      vertex 93.9465 172 74.9576
      vertex 93.9465 172.8 72.8763
      vertex 93.9465 172.8 74.9576
    endloop
  endfacet
  facet normal 1 0 0
    outer loop
      vertex 93.9465 172.8 72.8763
      vertex 93.9465 172 74.9576
      vertex 93.9465 172 72.8763
    endloop
  endfacet
  facet normal 0 0 -1
    outer loop
      vertex 90.9437 172 72.8763
      vertex 93.9465 172.8 72.8763
      vertex 93.9465 172 72.8763
    endloop
  endfacet
  facet normal -0 0 -1
    outer loop
      vertex 93.9465 172.8 72.8763
      vertex 90.9437 172 72.8763
      vertex 90.9437 172.8 72.8763
    endloop
  endfacet
  facet normal 1 -0 0
    outer loop
      vertex 90.9437 172 72.8763
      vertex 90.9437 172.8 70.2882
      vertex 90.9437 172.8 72.8763
    endloop
  endfacet
  facet normal 1 0 0
    outer loop
      vertex 90.9437 172.8 70.2882
      vertex 90.9437 172 72.8763
      vertex 90.9437 172 70.2882
    endloop
  endfacet
  facet normal 0 0 -1
    outer loop
      vertex 88.0306 172 70.2882
      vertex 90.9437 172.8 70.2882
      vertex 90.9437 172 70.2882
    endloop
  endfacet
  facet normal -0 0 -1
    outer loop
      vertex 90.9437 172.8 70.2882
      vertex 88.0306 172 70.2882
      vertex 88.0306 172.8 70.2882
    endloop
  endfacet
  facet normal -1 0 0
    outer loop
      vertex 88.0306 172 70.2882
      vertex 88.0306 172.8 72.8763
      vertex 88.0306 172.8 70.2882
    endloop
  endfacet
  facet normal -1 -0 0
    outer loop
      vertex 88.0306 172.8 72.8763
      vertex 88.0306 172 70.2882
      vertex 88.0306 172 72.8763
    endloop
  endfacet
  facet normal 0 0 -1
    outer loop
      vertex 86.5821 172 72.8763
      vertex 88.0306 172.8 72.8763
      vertex 88.0306 172 72.8763
    endloop
  endfacet
  facet normal -0 0 -1
    outer loop
      vertex 88.0306 172.8 72.8763
      vertex 86.5821 172 72.8763
      vertex 86.5821 172.8 72.8763
    endloop
  endfacet
  facet normal -1 0 0
    outer loop
      vertex 86.5821 172 72.8763
      vertex 86.5821 172.8 74.9576
      vertex 86.5821 172.8 72.8763
    endloop
  endfacet
  facet normal -1 -0 0
    outer loop
      vertex 86.5821 172.8 74.9576
      vertex 86.5821 172 72.8763
      vertex 86.5821 172 74.9576
    endloop
  endfacet
  facet normal -0 0 1
    outer loop
      vertex 86.5821 172.8 74.9576
      vertex 88.0306 172 74.9576
      vertex 88.0306 172.8 74.9576
    endloop
  endfacet
  facet normal 0 0 1
    outer loop
      vertex 88.0306 172 74.9576
      vertex 86.5821 172.8 74.9576
      vertex 86.5821 172 74.9576
    endloop
  endfacet
  facet normal -1 0 0
    outer loop
      vertex 88.0306 172 74.9576
      vertex 88.0306 172.8 78.8276
      vertex 88.0306 172.8 74.9576
    endloop
  endfacet
  facet normal -1 -0 0
    outer loop
      vertex 88.0306 172.8 78.8276
      vertex 88.0306 172 74.9576
      vertex 88.0306 172 78.8276
    endloop
  endfacet
  facet normal -0.99842 0 0.0561892
    outer loop
      vertex 88.0306 172 78.8276
      vertex 88.0756 172.8 79.6272
      vertex 88.0306 172.8 78.8276
    endloop
  endfacet
  facet normal -0.99842 0 0.0561892
    outer loop
      vertex 88.0756 172.8 79.6272
      vertex 88.0306 172 78.8276
      vertex 88.0756 172 79.6272
    endloop
  endfacet
  facet normal -0.980525 0 0.196396
    outer loop
      vertex 88.0756 172 79.6272
      vertex 88.2106 172.8 80.3012
      vertex 88.0756 172.8 79.6272
    endloop
  endfacet
  facet normal -0.980525 0 0.196396
    outer loop
      vertex 88.2106 172.8 80.3012
      vertex 88.0756 172 79.6272
      vertex 88.2106 172 80.3012
    endloop
  endfacet
  facet normal -0.9251 0 0.379723
    outer loop
      vertex 88.2106 172 80.3012
      vertex 88.4357 172.8 80.8496
      vertex 88.2106 172.8 80.3012
    endloop
  endfacet
  facet normal -0.9251 0 0.379723
    outer loop
      vertex 88.4357 172.8 80.8496
      vertex 88.2106 172 80.3012
      vertex 88.4357 172 80.8496
    endloop
  endfacet
  facet normal -0.801975 0 0.597357
    outer loop
      vertex 88.4357 172 80.8496
      vertex 88.7507 172.8 81.2725
      vertex 88.4357 172.8 80.8496
    endloop
  endfacet
  facet normal -0.801975 0 0.597357
    outer loop
      vertex 88.7507 172.8 81.2725
      vertex 88.4357 172 80.8496
      vertex 88.7507 172 81.2725
    endloop
  endfacet
  facet normal -0.597266 0 0.802043
    outer loop
      vertex 88.7507 172.8 81.2725
      vertex 89.1737 172 81.5875
      vertex 89.1737 172.8 81.5875
    endloop
  endfacet
  facet normal -0.597266 0 0.802043
    outer loop
      vertex 89.1737 172 81.5875
      vertex 88.7507 172.8 81.2725
      vertex 88.7507 172 81.2725
    endloop
  endfacet
  facet normal -0.379519 0 0.925184
    outer loop
      vertex 89.1737 172.8 81.5875
      vertex 89.7222 172 81.8125
      vertex 89.7222 172.8 81.8125
    endloop
  endfacet
  facet normal -0.379519 0 0.925184
    outer loop
      vertex 89.7222 172 81.8125
      vertex 89.1737 172.8 81.5875
      vertex 89.1737 172 81.5875
    endloop
  endfacet
  facet normal -0.196368 0 0.98053
    outer loop
      vertex 89.7222 172.8 81.8125
      vertex 90.3963 172 81.9475
      vertex 90.3963 172.8 81.9475
    endloop
  endfacet
  facet normal -0.196368 0 0.98053
    outer loop
      vertex 90.3963 172 81.9475
      vertex 89.7222 172.8 81.8125
      vertex 89.7222 172 81.8125
    endloop
  endfacet
  facet normal -0.0561752 0 0.998421
    outer loop
      vertex 90.3963 172.8 81.9475
      vertex 91.1961 172 81.9925
      vertex 91.1961 172.8 81.9925
    endloop
  endfacet
  facet normal -0.0561752 0 0.998421
    outer loop
      vertex 91.1961 172 81.9925
      vertex 90.3963 172.8 81.9475
      vertex 90.3963 172 81.9475
    endloop
  endfacet
  facet normal -0 0 1
    outer loop
      vertex 91.1961 172.8 81.9925
      vertex 93.6942 172 81.9925
      vertex 93.6942 172.8 81.9925
    endloop
  endfacet
  facet normal 0 0 1
    outer loop
      vertex 93.6942 172 81.9925
      vertex 91.1961 172.8 81.9925
      vertex 91.1961 172 81.9925
    endloop
  endfacet
  facet normal 1 -0 0
    outer loop
      vertex 93.6942 172 81.9925
      vertex 93.6942 172.8 79.9112
      vertex 93.6942 172.8 81.9925
    endloop
  endfacet
  facet normal 1 0 0
    outer loop
      vertex 93.6942 172.8 79.9112
      vertex 93.6942 172 81.9925
      vertex 93.6942 172 79.9112
    endloop
  endfacet
  facet normal 0.0723438 0 0.99738
    outer loop
      vertex 131.252 172.8 82.2181
      vertex 131.769 172 82.1806
      vertex 131.769 172.8 82.1806
    endloop
  endfacet
  facet normal 0.0723438 0 0.99738
    outer loop
      vertex 131.769 172 82.1806
      vertex 131.252 172.8 82.2181
      vertex 131.252 172 82.2181
    endloop
  endfacet
  facet normal 0.119827 0 0.992795
    outer loop
      vertex 131.769 172.8 82.1806
      vertex 132.286 172 82.1182
      vertex 132.286 172.8 82.1182
    endloop
  endfacet
  facet normal 0.119827 0 0.992795
    outer loop
      vertex 132.286 172 82.1182
      vertex 131.769 172.8 82.1806
      vertex 131.769 172 82.1806
    endloop
  endfacet
  facet normal 0.166687 0 0.98601
    outer loop
      vertex 132.286 172.8 82.1182
      vertex 132.803 172 82.0308
      vertex 132.803 172.8 82.0308
    endloop
  endfacet
  facet normal 0.166687 0 0.98601
    outer loop
      vertex 132.803 172 82.0308
      vertex 132.286 172.8 82.1182
      vertex 132.286 172 82.1182
    endloop
  endfacet
  facet normal 0.211934 0 0.977284
    outer loop
      vertex 132.803 172.8 82.0308
      vertex 133.319 172 81.9189
      vertex 133.319 172.8 81.9189
    endloop
  endfacet
  facet normal 0.211934 0 0.977284
    outer loop
      vertex 133.319 172 81.9189
      vertex 132.803 172.8 82.0308
      vertex 132.803 172 82.0308
    endloop
  endfacet
  facet normal 0.254051 0 0.967191
    outer loop
      vertex 133.319 172.8 81.9189
      vertex 133.836 172 81.7831
      vertex 133.836 172.8 81.7831
    endloop
  endfacet
  facet normal 0.254051 0 0.967191
    outer loop
      vertex 133.836 172 81.7831
      vertex 133.319 172.8 81.9189
      vertex 133.319 172 81.9189
    endloop
  endfacet
  facet normal 0.295306 0 0.955403
    outer loop
      vertex 133.836 172.8 81.7831
      vertex 134.353 172 81.6233
      vertex 134.353 172.8 81.6233
    endloop
  endfacet
  facet normal 0.295306 0 0.955403
    outer loop
      vertex 134.353 172 81.6233
      vertex 133.836 172.8 81.7831
      vertex 133.836 172 81.7831
    endloop
  endfacet
  facet normal 0.334974 0 0.942227
    outer loop
      vertex 134.353 172.8 81.6233
      vertex 134.87 172 81.4395
      vertex 134.87 172.8 81.4395
    endloop
  endfacet
  facet normal 0.334974 0 0.942227
    outer loop
      vertex 134.87 172 81.4395
      vertex 134.353 172.8 81.6233
      vertex 134.353 172 81.6233
    endloop
  endfacet
  facet normal 1 -0 0
    outer loop
      vertex 134.87 172 81.4395
      vertex 134.87 172.8 79.197
      vertex 134.87 172.8 81.4395
    endloop
  endfacet
  facet normal 1 0 0
    outer loop
      vertex 134.87 172.8 79.197
      vertex 134.87 172 81.4395
      vertex 134.87 172 79.197
    endloop
  endfacet
  facet normal -0.455638 0 -0.890165
    outer loop
      vertex 134.364 172 79.456
      vertex 134.87 172.8 79.197
      vertex 134.87 172 79.197
    endloop
  endfacet
  facet normal -0.455638 0 -0.890165
    outer loop
      vertex 134.87 172.8 79.197
      vertex 134.364 172 79.456
      vertex 134.364 172.8 79.456
    endloop
  endfacet
  facet normal -0.410212 0 -0.91199
    outer loop
      vertex 133.866 172 79.68
      vertex 134.364 172.8 79.456
      vertex 134.364 172 79.456
    endloop
  endfacet
  facet normal -0.410212 0 -0.91199
    outer loop
      vertex 134.364 172.8 79.456
      vertex 133.866 172 79.68
      vertex 133.866 172.8 79.68
    endloop
  endfacet
  facet normal -0.357798 0 -0.933799
    outer loop
      vertex 133.373 172 79.8689
      vertex 133.866 172.8 79.68
      vertex 133.866 172 79.68
    endloop
  endfacet
  facet normal -0.357798 0 -0.933799
    outer loop
      vertex 133.866 172.8 79.68
      vertex 133.373 172 79.8689
      vertex 133.373 172.8 79.8689
    endloop
  endfacet
  facet normal -0.302279 0 -0.95322
    outer loop
      vertex 132.888 172 80.0227
      vertex 133.373 172.8 79.8689
      vertex 133.373 172 79.8689
    endloop
  endfacet
  facet normal -0.302279 0 -0.95322
    outer loop
      vertex 133.373 172.8 79.8689
      vertex 132.888 172 80.0227
      vertex 132.888 172.8 80.0227
    endloop
  endfacet
  facet normal -0.241487 0 -0.970404
    outer loop
      vertex 132.409 172 80.1419
      vertex 132.888 172.8 80.0227
      vertex 132.888 172 80.0227
    endloop
  endfacet
  facet normal -0.241487 0 -0.970404
    outer loop
      vertex 132.888 172.8 80.0227
      vertex 132.409 172 80.1419
      vertex 132.409 172.8 80.1419
    endloop
  endfacet
  facet normal -0.176912 0 -0.984227
    outer loop
      vertex 131.935 172 80.2271
      vertex 132.409 172.8 80.1419
      vertex 132.409 172 80.1419
    endloop
  endfacet
  facet normal -0.176912 0 -0.984227
    outer loop
      vertex 132.409 172.8 80.1419
      vertex 131.935 172 80.2271
      vertex 131.935 172.8 80.2271
    endloop
  endfacet
  facet normal -0.108543 0 -0.994092
    outer loop
      vertex 131.467 172 80.2782
      vertex 131.935 172.8 80.2271
      vertex 131.935 172 80.2271
    endloop
  endfacet
  facet normal -0.108543 0 -0.994092
    outer loop
      vertex 131.935 172.8 80.2271
      vertex 131.467 172 80.2782
      vertex 131.467 172.8 80.2782
    endloop
  endfacet
  facet normal -0.0366923 0 -0.999327
    outer loop
      vertex 131.004 172 80.2952
      vertex 131.467 172.8 80.2782
      vertex 131.467 172 80.2782
    endloop
  endfacet
  facet normal -0.0366923 0 -0.999327
    outer loop
      vertex 131.467 172.8 80.2782
      vertex 131.004 172 80.2952
      vertex 131.004 172.8 80.2952
    endloop
  endfacet
  facet normal 0.0593746 0 -0.998236
    outer loop
      vertex 130.466 172 80.2632
      vertex 131.004 172.8 80.2952
      vertex 131.004 172 80.2952
    endloop
  endfacet
  facet normal 0.0593746 0 -0.998236
    outer loop
      vertex 131.004 172.8 80.2952
      vertex 130.466 172 80.2632
      vertex 130.466 172.8 80.2632
    endloop
  endfacet
  facet normal 0.198298 0 -0.980142
    outer loop
      vertex 129.991 172 80.1671
      vertex 130.466 172.8 80.2632
      vertex 130.466 172 80.2632
    endloop
  endfacet
  facet normal 0.198298 0 -0.980142
    outer loop
      vertex 130.466 172.8 80.2632
      vertex 129.991 172 80.1671
      vertex 129.991 172.8 80.1671
    endloop
  endfacet
  facet normal 0.362403 0 -0.932022
    outer loop
      vertex 129.579 172 80.0069
      vertex 129.991 172.8 80.1671
      vertex 129.991 172 80.1671
    endloop
  endfacet
  facet normal 0.362403 0 -0.932022
    outer loop
      vertex 129.991 172.8 80.1671
      vertex 129.579 172 80.0069
      vertex 129.579 172.8 80.0069
    endloop
  endfacet
  facet normal 0.54066 0 -0.841241
    outer loop
      vertex 129.23 172 79.7826
      vertex 129.579 172.8 80.0069
      vertex 129.579 172 80.0069
    endloop
  endfacet
  facet normal 0.54066 0 -0.841241
    outer loop
      vertex 129.579 172.8 80.0069
      vertex 129.23 172 79.7826
      vertex 129.23 172.8 79.7826
    endloop
  endfacet
  facet normal 0.712521 0 -0.701651
    outer loop
      vertex 129.23 172 79.7826
      vertex 128.946 172.8 79.4942
      vertex 129.23 172.8 79.7826
    endloop
  endfacet
  facet normal 0.712521 0 -0.701651
    outer loop
      vertex 128.946 172.8 79.4942
      vertex 129.23 172 79.7826
      vertex 128.946 172 79.4942
    endloop
  endfacet
  facet normal 0.85043 0 -0.526089
    outer loop
      vertex 128.946 172 79.4942
      vertex 128.728 172.8 79.1418
      vertex 128.946 172.8 79.4942
    endloop
  endfacet
  facet normal 0.85043 0 -0.526089
    outer loop
      vertex 128.728 172.8 79.1418
      vertex 128.946 172 79.4942
      vertex 128.728 172 79.1418
    endloop
  endfacet
  facet normal 0.939398 0 -0.342829
    outer loop
      vertex 128.728 172 79.1418
      vertex 128.576 172.8 78.7253
      vertex 128.728 172.8 79.1418
    endloop
  endfacet
  facet normal 0.939398 0 -0.342829
    outer loop
      vertex 128.576 172.8 78.7253
      vertex 128.728 172 79.1418
      vertex 128.576 172 78.7253
    endloop
  endfacet
  facet normal 0.984364 0 -0.176145
    outer loop
      vertex 128.576 172 78.7253
      vertex 128.49 172.8 78.2447
      vertex 128.576 172.8 78.7253
    endloop
  endfacet
  facet normal 0.984364 0 -0.176145
    outer loop
      vertex 128.49 172.8 78.2447
      vertex 128.576 172 78.7253
      vertex 128.49 172 78.2447
    endloop
  endfacet
  facet normal -0 0 1
    outer loop
      vertex 128.49 172.8 78.2447
      vertex 135.301 172 78.2447
      vertex 135.301 172.8 78.2447
    endloop
  endfacet
  facet normal 0 0 1
    outer loop
      vertex 135.301 172 78.2447
      vertex 128.49 172.8 78.2447
      vertex 128.49 172 78.2447
    endloop
  endfacet
  facet normal 1 -0 0
    outer loop
      vertex 135.301 172 78.2447
      vertex 135.301 172.8 77.4152
      vertex 135.301 172.8 78.2447
    endloop
  endfacet
  facet normal 1 0 0
    outer loop
      vertex 135.301 172.8 77.4152
      vertex 135.301 172 78.2447
      vertex 135.301 172 77.4152
    endloop
  endfacet
  facet normal 0.996911 0 -0.0785351
    outer loop
      vertex 135.301 172 77.4152
      vertex 135.22 172.8 76.387
      vertex 135.301 172.8 77.4152
    endloop
  endfacet
  facet normal 0.996911 0 -0.0785351
    outer loop
      vertex 135.22 172.8 76.387
      vertex 135.301 172 77.4152
      vertex 135.22 172 76.387
    endloop
  endfacet
  facet normal 0.967054 0 -0.254571
    outer loop
      vertex 135.22 172 76.387
      vertex 134.978 172.8 75.4677
      vertex 135.22 172.8 76.387
    endloop
  endfacet
  facet normal 0.967054 0 -0.254571
    outer loop
      vertex 134.978 172.8 75.4677
      vertex 135.22 172 76.387
      vertex 134.978 172 75.4677
    endloop
  endfacet
  facet normal 0.895419 0 -0.445224
    outer loop
      vertex 134.978 172 75.4677
      vertex 134.575 172.8 74.6572
      vertex 134.978 172.8 75.4677
    endloop
  endfacet
  facet normal 0.895419 0 -0.445224
    outer loop
      vertex 134.575 172.8 74.6572
      vertex 134.978 172 75.4677
      vertex 134.575 172 74.6572
    endloop
  endfacet
  facet normal 0.779393 0 -0.626536
    outer loop
      vertex 134.575 172 74.6572
      vertex 134.011 172.8 73.9556
      vertex 134.575 172.8 74.6572
    endloop
  endfacet
  facet normal 0.779393 0 -0.626536
    outer loop
      vertex 134.011 172.8 73.9556
      vertex 134.575 172 74.6572
      vertex 134.011 172 73.9556
    endloop
  endfacet
  facet normal 0.629972 0 -0.776617
    outer loop
      vertex 133.313 172 73.3894
      vertex 134.011 172.8 73.9556
      vertex 134.011 172 73.9556
    endloop
  endfacet
  facet normal 0.629972 0 -0.776617
    outer loop
      vertex 134.011 172.8 73.9556
      vertex 133.313 172 73.3894
      vertex 133.313 172.8 73.3894
    endloop
  endfacet
  facet normal 0.448544 0 -0.893761
    outer loop
      vertex 132.507 172 72.9849
      vertex 133.313 172.8 73.3894
      vertex 133.313 172 73.3894
    endloop
  endfacet
  facet normal 0.448544 0 -0.893761
    outer loop
      vertex 133.313 172.8 73.3894
      vertex 132.507 172 72.9849
      vertex 132.507 172.8 72.9849
    endloop
  endfacet
  facet normal 0.256642 0 -0.966506
    outer loop
      vertex 131.593 172 72.7422
      vertex 132.507 172.8 72.9849
      vertex 132.507 172 72.9849
    endloop
  endfacet
  facet normal 0.256642 0 -0.966506
    outer loop
      vertex 132.507 172.8 72.9849
      vertex 131.593 172 72.7422
      vertex 131.593 172.8 72.7422
    endloop
  endfacet
  facet normal 0.0790654 0 -0.996869
    outer loop
      vertex 130.573 172 72.6613
      vertex 131.593 172.8 72.7422
      vertex 131.593 172 72.7422
    endloop
  endfacet
  facet normal 0.0790654 0 -0.996869
    outer loop
      vertex 131.593 172.8 72.7422
      vertex 130.573 172 72.6613
      vertex 130.573 172.8 72.6613
    endloop
  endfacet
  facet normal -0.0712597 0 -0.997458
    outer loop
      vertex 129.456 172 72.7411
      vertex 130.573 172.8 72.6613
      vertex 130.573 172 72.6613
    endloop
  endfacet
  facet normal -0.0712597 0 -0.997458
    outer loop
      vertex 130.573 172.8 72.6613
      vertex 129.456 172 72.7411
      vertex 129.456 172.8 72.7411
    endloop
  endfacet
  facet normal -0.235229 0 -0.97194
    outer loop
      vertex 128.466 172 72.9807
      vertex 129.456 172.8 72.7411
      vertex 129.456 172 72.7411
    endloop
  endfacet
  facet normal -0.235229 0 -0.97194
    outer loop
      vertex 129.456 172.8 72.7411
      vertex 128.466 172 72.9807
      vertex 128.466 172.8 72.9807
    endloop
  endfacet
  facet normal -0.419832 0 -0.907602
    outer loop
      vertex 127.603 172 73.3799
      vertex 128.466 172.8 72.9807
      vertex 128.466 172 72.9807
    endloop
  endfacet
  facet normal -0.419832 0 -0.907602
    outer loop
      vertex 128.466 172.8 72.9807
      vertex 127.603 172 73.3799
      vertex 127.603 172.8 73.3799
    endloop
  endfacet
  facet normal -0.604247 0 -0.796797
    outer loop
      vertex 126.866 172 73.9388
      vertex 127.603 172.8 73.3799
      vertex 127.603 172 73.3799
    endloop
  endfacet
  facet normal -0.604247 0 -0.796797
    outer loop
      vertex 127.603 172.8 73.3799
      vertex 126.866 172 73.9388
      vertex 126.866 172.8 73.9388
    endloop
  endfacet
  facet normal -0.764394 0 -0.644749
    outer loop
      vertex 126.866 172 73.9388
      vertex 126.277 172.8 74.6371
      vertex 126.866 172.8 73.9388
    endloop
  endfacet
  facet normal -0.764394 -0 -0.644749
    outer loop
      vertex 126.277 172.8 74.6371
      vertex 126.866 172 73.9388
      vertex 126.277 172 74.6371
    endloop
  endfacet
  facet normal -0.888989 0 -0.457928
    outer loop
      vertex 126.277 172 74.6371
      vertex 125.856 172.8 75.4544
      vertex 126.277 172.8 74.6371
    endloop
  endfacet
  facet normal -0.888989 -0 -0.457928
    outer loop
      vertex 125.856 172.8 75.4544
      vertex 126.277 172 74.6371
      vertex 125.856 172 75.4544
    endloop
  endfacet
  facet normal -0.965637 0 -0.259896
    outer loop
      vertex 125.856 172 75.4544
      vertex 125.604 172.8 76.3907
      vertex 125.856 172.8 75.4544
    endloop
  endfacet
  facet normal -0.965637 -0 -0.259896
    outer loop
      vertex 125.604 172.8 76.3907
      vertex 125.856 172 75.4544
      vertex 125.604 172 76.3907
    endloop
  endfacet
  facet normal -0.996847 0 -0.0793472
    outer loop
      vertex 125.604 172 76.3907
      vertex 125.52 172.8 77.446
      vertex 125.604 172.8 76.3907
    endloop
  endfacet
  facet normal -0.996847 -0 -0.0793472
    outer loop
      vertex 125.52 172.8 77.446
      vertex 125.604 172 76.3907
      vertex 125.52 172 77.446
    endloop
  endfacet
  facet normal -0.99687 0 0.0790576
    outer loop
      vertex 125.52 172 77.446
      vertex 125.605 172.8 78.5178
      vertex 125.52 172.8 77.446
    endloop
  endfacet
  facet normal -0.99687 0 0.0790576
    outer loop
      vertex 125.605 172.8 78.5178
      vertex 125.52 172 77.446
      vertex 125.605 172 78.5178
    endloop
  endfacet
  facet normal -0.964966 0 0.262374
    outer loop
      vertex 125.605 172 78.5178
      vertex 125.862 172.8 79.463
      vertex 125.605 172.8 78.5178
    endloop
  endfacet
  facet normal -0.964966 0 0.262374
    outer loop
      vertex 125.862 172.8 79.463
      vertex 125.605 172 78.5178
      vertex 125.862 172 79.463
    endloop
  endfacet
  facet normal -0.885715 0 0.464229
    outer loop
      vertex 125.862 172 79.463
      vertex 126.291 172.8 80.2815
      vertex 125.862 172.8 79.463
    endloop
  endfacet
  facet normal -0.885715 0 0.464229
    outer loop
      vertex 126.291 172.8 80.2815
      vertex 125.862 172 79.463
      vertex 126.291 172 80.2815
    endloop
  endfacet
  facet normal -0.755498 0 0.655151
    outer loop
      vertex 126.291 172 80.2815
      vertex 126.891 172.8 80.9734
      vertex 126.291 172.8 80.2815
    endloop
  endfacet
  facet normal -0.755498 0 0.655151
    outer loop
      vertex 126.891 172.8 80.9734
      vertex 126.291 172 80.2815
      vertex 126.891 172 80.9734
    endloop
  endfacet
  facet normal -0.589318 0 0.807901
    outer loop
      vertex 126.891 172.8 80.9734
      vertex 127.645 172 81.5234
      vertex 127.645 172.8 81.5234
    endloop
  endfacet
  facet normal -0.589318 0 0.807901
    outer loop
      vertex 127.645 172 81.5234
      vertex 126.891 172.8 80.9734
      vertex 126.891 172 80.9734
    endloop
  endfacet
  facet normal -0.402721 0 0.915323
    outer loop
      vertex 127.645 172.8 81.5234
      vertex 128.538 172 81.9163
      vertex 128.538 172.8 81.9163
    endloop
  endfacet
  facet normal -0.402721 0 0.915323
    outer loop
      vertex 128.538 172 81.9163
      vertex 127.645 172.8 81.5234
      vertex 127.645 172 81.5234
    endloop
  endfacet
  facet normal -0.223069 0 0.974803
    outer loop
      vertex 128.538 172.8 81.9163
      vertex 129.568 172 82.152
      vertex 129.568 172.8 82.152
    endloop
  endfacet
  facet normal -0.223069 0 0.974803
    outer loop
      vertex 129.568 172 82.152
      vertex 128.538 172.8 81.9163
      vertex 128.538 172 81.9163
    endloop
  endfacet
  facet normal -0.0671427 0 0.997743
    outer loop
      vertex 129.568 172.8 82.152
      vertex 130.736 172 82.2306
      vertex 130.736 172.8 82.2306
    endloop
  endfacet
  facet normal -0.0671427 0 0.997743
    outer loop
      vertex 130.736 172 82.2306
      vertex 129.568 172.8 82.152
      vertex 129.568 172 82.152
    endloop
  endfacet
  facet normal 0.0242177 0 0.999707
    outer loop
      vertex 130.736 172.8 82.2306
      vertex 131.252 172 82.2181
      vertex 131.252 172.8 82.2181
    endloop
  endfacet
  facet normal 0.0242177 0 0.999707
    outer loop
      vertex 131.252 172 82.2181
      vertex 130.736 172.8 82.2306
      vertex 130.736 172 82.2306
    endloop
  endfacet
  facet normal 0.978026 -0 0.208485
    outer loop
      vertex 128.522 172 76.4475
      vertex 128.612 172.8 76.0253
      vertex 128.522 172.8 76.4475
    endloop
  endfacet
  facet normal 0.978026 0 0.208485
    outer loop
      vertex 128.612 172.8 76.0253
      vertex 128.522 172 76.4475
      vertex 128.612 172 76.0253
    endloop
  endfacet
  facet normal 0.935191 -0 0.354143
    outer loop
      vertex 128.612 172 76.0253
      vertex 128.752 172.8 75.6556
      vertex 128.612 172.8 76.0253
    endloop
  endfacet
  facet normal 0.935191 0 0.354143
    outer loop
      vertex 128.752 172.8 75.6556
      vertex 128.612 172 76.0253
      vertex 128.752 172 75.6556
    endloop
  endfacet
  facet normal 0.857875 -0 0.513859
    outer loop
      vertex 128.752 172 75.6556
      vertex 128.942 172.8 75.3384
      vertex 128.752 172.8 75.6556
    endloop
  endfacet
  facet normal 0.857875 0 0.513859
    outer loop
      vertex 128.942 172.8 75.3384
      vertex 128.752 172 75.6556
      vertex 128.942 172 75.3384
    endloop
  endfacet
  facet normal 0.74222 -0 0.670157
    outer loop
      vertex 128.942 172 75.3384
      vertex 129.181 172.8 75.0737
      vertex 128.942 172.8 75.3384
    endloop
  endfacet
  facet normal 0.74222 0 0.670157
    outer loop
      vertex 129.181 172.8 75.0737
      vertex 128.942 172 75.3384
      vertex 129.181 172 75.0737
    endloop
  endfacet
  facet normal 0.590811 0 0.80681
    outer loop
      vertex 129.181 172.8 75.0737
      vertex 129.466 172 74.865
      vertex 129.466 172.8 74.865
    endloop
  endfacet
  facet normal 0.590811 0 0.80681
    outer loop
      vertex 129.466 172 74.865
      vertex 129.181 172.8 75.0737
      vertex 129.181 172 75.0737
    endloop
  endfacet
  facet normal 0.418044 0 0.908427
    outer loop
      vertex 129.466 172.8 74.865
      vertex 129.79 172 74.7159
      vertex 129.79 172.8 74.7159
    endloop
  endfacet
  facet normal 0.418044 0 0.908427
    outer loop
      vertex 129.79 172 74.7159
      vertex 129.466 172.8 74.865
      vertex 129.466 172 74.865
    endloop
  endfacet
  facet normal 0.239135 0 0.970986
    outer loop
      vertex 129.79 172.8 74.7159
      vertex 130.153 172 74.6265
      vertex 130.153 172.8 74.6265
    endloop
  endfacet
  facet normal 0.239135 0 0.970986
    outer loop
      vertex 130.153 172 74.6265
      vertex 129.79 172.8 74.7159
      vertex 129.79 172 74.7159
    endloop
  endfacet
  facet normal 0.0735625 0 0.997291
    outer loop
      vertex 130.153 172.8 74.6265
      vertex 130.557 172 74.5967
      vertex 130.557 172.8 74.5967
    endloop
  endfacet
  facet normal 0.0735625 0 0.997291
    outer loop
      vertex 130.557 172 74.5967
      vertex 130.153 172.8 74.6265
      vertex 130.153 172 74.6265
    endloop
  endfacet
  facet normal -0.0851732 0 0.996366
    outer loop
      vertex 130.557 172.8 74.5967
      vertex 130.929 172 74.6285
      vertex 130.929 172.8 74.6285
    endloop
  endfacet
  facet normal -0.0851732 0 0.996366
    outer loop
      vertex 130.929 172 74.6285
      vertex 130.557 172.8 74.5967
      vertex 130.557 172 74.5967
    endloop
  endfacet
  facet normal -0.274418 0 0.961611
    outer loop
      vertex 130.929 172.8 74.6285
      vertex 131.264 172 74.7241
      vertex 131.264 172.8 74.7241
    endloop
  endfacet
  facet normal -0.274418 0 0.961611
    outer loop
      vertex 131.264 172 74.7241
      vertex 130.929 172.8 74.6285
      vertex 130.929 172 74.6285
    endloop
  endfacet
  facet normal -0.472436 0 0.881365
    outer loop
      vertex 131.264 172.8 74.7241
      vertex 131.561 172 74.8833
      vertex 131.561 172.8 74.8833
    endloop
  endfacet
  facet normal -0.472436 0 0.881365
    outer loop
      vertex 131.561 172 74.8833
      vertex 131.264 172.8 74.7241
      vertex 131.264 172 74.7241
    endloop
  endfacet
  facet normal -0.649591 0 0.760284
    outer loop
      vertex 131.561 172.8 74.8833
      vertex 131.822 172 75.1063
      vertex 131.822 172.8 75.1063
    endloop
  endfacet
  facet normal -0.649591 0 0.760284
    outer loop
      vertex 131.822 172 75.1063
      vertex 131.561 172.8 74.8833
      vertex 131.561 172 74.8833
    endloop
  endfacet
  facet normal -0.791874 0 0.610685
    outer loop
      vertex 131.822 172 75.1063
      vertex 132.034 172.8 75.3812
      vertex 131.822 172.8 75.1063
    endloop
  endfacet
  facet normal -0.791874 0 0.610685
    outer loop
      vertex 132.034 172.8 75.3812
      vertex 131.822 172 75.1063
      vertex 132.034 172 75.3812
    endloop
  endfacet
  facet normal -0.901853 0 0.432043
    outer loop
      vertex 132.034 172 75.3812
      vertex 132.185 172.8 75.6964
      vertex 132.034 172.8 75.3812
    endloop
  endfacet
  facet normal -0.901853 0 0.432043
    outer loop
      vertex 132.185 172.8 75.6964
      vertex 132.034 172 75.3812
      vertex 132.185 172 75.6964
    endloop
  endfacet
  facet normal -0.968748 0 0.248047
    outer loop
      vertex 132.185 172 75.6964
      vertex 132.276 172.8 76.0518
      vertex 132.185 172.8 75.6964
    endloop
  endfacet
  facet normal -0.968748 0 0.248047
    outer loop
      vertex 132.276 172.8 76.0518
      vertex 132.185 172 75.6964
      vertex 132.276 172 76.0518
    endloop
  endfacet
  facet normal -0.997138 0 0.0755981
    outer loop
      vertex 132.276 172 76.0518
      vertex 132.306 172.8 76.4475
      vertex 132.276 172.8 76.0518
    endloop
  endfacet
  facet normal -0.997138 0 0.0755981
    outer loop
      vertex 132.306 172.8 76.4475
      vertex 132.276 172 76.0518
      vertex 132.306 172 76.4475
    endloop
  endfacet
  facet normal 0 0 -1
    outer loop
      vertex 128.522 172 76.4475
      vertex 132.306 172.8 76.4475
      vertex 132.306 172 76.4475
    endloop
  endfacet
  facet normal -0 0 -1
    outer loop
      vertex 132.306 172.8 76.4475
      vertex 128.522 172 76.4475
      vertex 128.522 172.8 76.4475
    endloop
  endfacet
  facet normal 0.15083 0 0.98856
    outer loop
      vertex 106.572 172.8 82.2069
      vertex 107.038 172 82.1358
      vertex 107.038 172.8 82.1358
    endloop
  endfacet
  facet normal 0.15083 0 0.98856
    outer loop
      vertex 107.038 172 82.1358
      vertex 106.572 172.8 82.2069
      vertex 106.572 172 82.2069
    endloop
  endfacet
  facet normal 0.268579 0 0.963258
    outer loop
      vertex 107.038 172.8 82.1358
      vertex 107.463 172 82.0173
      vertex 107.463 172.8 82.0173
    endloop
  endfacet
  facet normal 0.268579 0 0.963258
    outer loop
      vertex 107.463 172 82.0173
      vertex 107.038 172.8 82.1358
      vertex 107.038 172 82.1358
    endloop
  endfacet
  facet normal 0.393805 0 0.919194
    outer loop
      vertex 107.463 172.8 82.0173
      vertex 107.85 172 81.8515
      vertex 107.85 172.8 81.8515
    endloop
  endfacet
  facet normal 0.393805 0 0.919194
    outer loop
      vertex 107.85 172 81.8515
      vertex 107.463 172.8 82.0173
      vertex 107.463 172 82.0173
    endloop
  endfacet
  facet normal 0.520811 0 0.853672
    outer loop
      vertex 107.85 172.8 81.8515
      vertex 108.207 172 81.6337
      vertex 108.207 172.8 81.6337
    endloop
  endfacet
  facet normal 0.520811 0 0.853672
    outer loop
      vertex 108.207 172 81.6337
      vertex 107.85 172.8 81.8515
      vertex 107.85 172 81.8515
    endloop
  endfacet
  facet normal 0.630281 0 0.776367
    outer loop
      vertex 108.207 172.8 81.6337
      vertex 108.545 172 81.3593
      vertex 108.545 172.8 81.3593
    endloop
  endfacet
  facet normal 0.630281 0 0.776367
    outer loop
      vertex 108.545 172 81.3593
      vertex 108.207 172.8 81.6337
      vertex 108.207 172 81.6337
    endloop
  endfacet
  facet normal 0.717868 -0 0.69618
    outer loop
      vertex 108.545 172 81.3593
      vertex 108.866 172.8 81.0283
      vertex 108.545 172.8 81.3593
    endloop
  endfacet
  facet normal 0.717868 0 0.69618
    outer loop
      vertex 108.866 172.8 81.0283
      vertex 108.545 172 81.3593
      vertex 108.866 172 81.0283
    endloop
  endfacet
  facet normal 0.788749 -0 0.614715
    outer loop
      vertex 108.866 172 81.0283
      vertex 109.168 172.8 80.6408
      vertex 108.866 172.8 81.0283
    endloop
  endfacet
  facet normal 0.788749 0 0.614715
    outer loop
      vertex 109.168 172.8 80.6408
      vertex 108.866 172 81.0283
      vertex 109.168 172 80.6408
    endloop
  endfacet
  facet normal -1 0 0
    outer loop
      vertex 109.168 172 80.6408
      vertex 109.168 172.8 81.9925
      vertex 109.168 172.8 80.6408
    endloop
  endfacet
  facet normal -1 -0 0
    outer loop
      vertex 109.168 172.8 81.9925
      vertex 109.168 172 80.6408
      vertex 109.168 172 81.9925
    endloop
  endfacet
  facet normal -0 0 1
    outer loop
      vertex 109.168 172.8 81.9925
      vertex 112.105 172 81.9925
      vertex 112.105 172.8 81.9925
    endloop
  endfacet
  facet normal 0 0 1
    outer loop
      vertex 112.105 172 81.9925
      vertex 109.168 172.8 81.9925
      vertex 109.168 172 81.9925
    endloop
  endfacet
  facet normal 1 -0 0
    outer loop
      vertex 112.105 172 81.9925
      vertex 112.105 172.8 76.799
      vertex 112.105 172.8 81.9925
    endloop
  endfacet
  facet normal 1 0 0
    outer loop
      vertex 112.105 172.8 76.799
      vertex 112.105 172 81.9925
      vertex 112.105 172 76.799
    endloop
  endfacet
  facet normal 0.997783 0 -0.066558
    outer loop
      vertex 112.105 172 76.799
      vertex 112.037 172.8 75.7796
      vertex 112.105 172.8 76.799
    endloop
  endfacet
  facet normal 0.997783 0 -0.066558
    outer loop
      vertex 112.037 172.8 75.7796
      vertex 112.105 172 76.799
      vertex 112.037 172 75.7796
    endloop
  endfacet
  facet normal 0.973178 0 -0.230053
    outer loop
      vertex 112.037 172 75.7796
      vertex 111.832 172.8 74.9124
      vertex 112.037 172.8 75.7796
    endloop
  endfacet
  facet normal 0.973178 0 -0.230053
    outer loop
      vertex 111.832 172.8 74.9124
      vertex 112.037 172 75.7796
      vertex 111.832 172 74.9124
    endloop
  endfacet
  facet normal 0.902113 0 -0.4315
    outer loop
      vertex 111.832 172 74.9124
      vertex 111.49 172.8 74.1974
      vertex 111.832 172.8 74.9124
    endloop
  endfacet
  facet normal 0.902113 0 -0.4315
    outer loop
      vertex 111.49 172.8 74.1974
      vertex 111.832 172 74.9124
      vertex 111.49 172 74.1974
    endloop
  endfacet
  facet normal 0.761525 0 -0.648135
    outer loop
      vertex 111.49 172 74.1974
      vertex 111.011 172.8 73.6346
      vertex 111.49 172.8 74.1974
    endloop
  endfacet
  facet normal 0.761525 0 -0.648135
    outer loop
      vertex 111.011 172.8 73.6346
      vertex 111.49 172 74.1974
      vertex 111.011 172 73.6346
    endloop
  endfacet
  facet normal 0.558144 0 -0.829744
    outer loop
      vertex 110.378 172 73.2088
      vertex 111.011 172.8 73.6346
      vertex 111.011 172 73.6346
    endloop
  endfacet
  facet normal 0.558144 0 -0.829744
    outer loop
      vertex 111.011 172.8 73.6346
      vertex 110.378 172 73.2088
      vertex 110.378 172.8 73.2088
    endloop
  endfacet
  facet normal 0.353876 0 -0.935293
    outer loop
      vertex 109.574 172 72.9046
      vertex 110.378 172.8 73.2088
      vertex 110.378 172 73.2088
    endloop
  endfacet
  facet normal 0.353876 0 -0.935293
    outer loop
      vertex 110.378 172.8 73.2088
      vertex 109.574 172 72.9046
      vertex 109.574 172.8 72.9046
    endloop
  endfacet
  facet normal 0.183802 0 -0.982963
    outer loop
      vertex 108.598 172 72.7221
      vertex 109.574 172.8 72.9046
      vertex 109.574 172 72.9046
    endloop
  endfacet
  facet normal 0.183802 0 -0.982963
    outer loop
      vertex 109.574 172.8 72.9046
      vertex 108.598 172 72.7221
      vertex 108.598 172.8 72.7221
    endloop
  endfacet
  facet normal 0.0529335 0 -0.998598
    outer loop
      vertex 107.451 172 72.6613
      vertex 108.598 172.8 72.7221
      vertex 108.598 172 72.7221
    endloop
  endfacet
  facet normal 0.0529335 0 -0.998598
    outer loop
      vertex 108.598 172.8 72.7221
      vertex 107.451 172 72.6613
      vertex 107.451 172.8 72.6613
    endloop
  endfacet
  facet normal -0.0154643 0 -0.99988
    outer loop
      vertex 106.979 172 72.6686
      vertex 107.451 172.8 72.6613
      vertex 107.451 172 72.6613
    endloop
  endfacet
  facet normal -0.0154643 0 -0.99988
    outer loop
      vertex 107.451 172.8 72.6613
      vertex 106.979 172 72.6686
      vertex 106.979 172.8 72.6686
    endloop
  endfacet
  facet normal -0.0465596 0 -0.998916
    outer loop
      vertex 106.507 172 72.6906
      vertex 106.979 172.8 72.6686
      vertex 106.979 172 72.6686
    endloop
  endfacet
  facet normal -0.0465596 0 -0.998916
    outer loop
      vertex 106.979 172.8 72.6686
      vertex 106.507 172 72.6906
      vertex 106.507 172.8 72.6906
    endloop
  endfacet
  facet normal -0.0773103 0 -0.997007
    outer loop
      vertex 106.035 172 72.7272
      vertex 106.507 172.8 72.6906
      vertex 106.507 172 72.6906
    endloop
  endfacet
  facet normal -0.0773103 0 -0.997007
    outer loop
      vertex 106.507 172.8 72.6906
      vertex 106.035 172 72.7272
      vertex 106.035 172.8 72.7272
    endloop
  endfacet
  facet normal -0.10805 0 -0.994145
    outer loop
      vertex 105.563 172 72.7785
      vertex 106.035 172.8 72.7272
      vertex 106.035 172 72.7272
    endloop
  endfacet
  facet normal -0.10805 0 -0.994145
    outer loop
      vertex 106.035 172.8 72.7272
      vertex 105.563 172 72.7785
      vertex 105.563 172.8 72.7785
    endloop
  endfacet
  facet normal -0.137454 0 -0.990508
    outer loop
      vertex 105.091 172 72.844
      vertex 105.563 172.8 72.7785
      vertex 105.563 172 72.7785
    endloop
  endfacet
  facet normal -0.137454 0 -0.990508
    outer loop
      vertex 105.563 172.8 72.7785
      vertex 105.091 172 72.844
      vertex 105.091 172.8 72.844
    endloop
  endfacet
  facet normal -0.165964 0 -0.986132
    outer loop
      vertex 104.621 172 72.9231
      vertex 105.091 172.8 72.844
      vertex 105.091 172 72.844
    endloop
  endfacet
  facet normal -0.165964 0 -0.986132
    outer loop
      vertex 105.091 172.8 72.844
      vertex 104.621 172 72.9231
      vertex 104.621 172.8 72.9231
    endloop
  endfacet
  facet normal -0.193506 0 -0.981099
    outer loop
      vertex 104.151 172 73.0158
      vertex 104.621 172.8 72.9231
      vertex 104.621 172 72.9231
    endloop
  endfacet
  facet normal -0.193506 0 -0.981099
    outer loop
      vertex 104.621 172.8 72.9231
      vertex 104.151 172 73.0158
      vertex 104.151 172.8 73.0158
    endloop
  endfacet
  facet normal -0.221495 0 -0.975162
    outer loop
      vertex 103.683 172 73.1221
      vertex 104.151 172.8 73.0158
      vertex 104.151 172 73.0158
    endloop
  endfacet
  facet normal -0.221495 0 -0.975162
    outer loop
      vertex 104.151 172.8 73.0158
      vertex 103.683 172 73.1221
      vertex 103.683 172.8 73.1221
    endloop
  endfacet
  facet normal -1 0 0
    outer loop
      vertex 103.683 172 73.1221
      vertex 103.683 172.8 75.3416
      vertex 103.683 172.8 73.1221
    endloop
  endfacet
  facet normal -1 -0 0
    outer loop
      vertex 103.683 172.8 75.3416
      vertex 103.683 172 73.1221
      vertex 103.683 172 75.3416
    endloop
  endfacet
  facet normal 0.44335 0 0.896349
    outer loop
      vertex 103.683 172.8 75.3416
      vertex 104.036 172 75.167
      vertex 104.036 172.8 75.167
    endloop
  endfacet
  facet normal 0.44335 0 0.896349
    outer loop
      vertex 104.036 172 75.167
      vertex 103.683 172.8 75.3416
      vertex 103.683 172 75.3416
    endloop
  endfacet
  facet normal 0.381143 0 0.924516
    outer loop
      vertex 104.036 172.8 75.167
      vertex 104.403 172 75.0157
      vertex 104.403 172.8 75.0157
    endloop
  endfacet
  facet normal 0.381143 0 0.924516
    outer loop
      vertex 104.403 172 75.0157
      vertex 104.036 172.8 75.167
      vertex 104.036 172 75.167
    endloop
  endfacet
  facet normal 0.317717 0 0.948186
    outer loop
      vertex 104.403 172.8 75.0157
      vertex 104.785 172 74.8877
      vertex 104.785 172.8 74.8877
    endloop
  endfacet
  facet normal 0.317717 0 0.948186
    outer loop
      vertex 104.785 172 74.8877
      vertex 104.403 172.8 75.0157
      vertex 104.403 172 75.0157
    endloop
  endfacet
  facet normal 0.256444 0 0.966559
    outer loop
      vertex 104.785 172.8 74.8877
      vertex 105.18 172 74.7829
      vertex 105.18 172.8 74.7829
    endloop
  endfacet
  facet normal 0.256444 0 0.966559
    outer loop
      vertex 105.18 172 74.7829
      vertex 104.785 172.8 74.8877
      vertex 104.785 172 74.8877
    endloop
  endfacet
  facet normal 0.194509 0 0.980901
    outer loop
      vertex 105.18 172.8 74.7829
      vertex 105.591 172 74.7014
      vertex 105.591 172.8 74.7014
    endloop
  endfacet
  facet normal 0.194509 0 0.980901
    outer loop
      vertex 105.591 172 74.7014
      vertex 105.18 172.8 74.7829
      vertex 105.18 172 74.7829
    endloop
  endfacet
  facet normal 0.134741 0 0.990881
    outer loop
      vertex 105.591 172.8 74.7014
      vertex 106.019 172 74.6432
      vertex 106.019 172.8 74.6432
    endloop
  endfacet
  facet normal 0.134741 0 0.990881
    outer loop
      vertex 106.019 172 74.6432
      vertex 105.591 172.8 74.7014
      vertex 105.591 172 74.7014
    endloop
  endfacet
  facet normal 0.0785377 0 0.996911
    outer loop
      vertex 106.019 172.8 74.6432
      vertex 106.462 172 74.6083
      vertex 106.462 172.8 74.6083
    endloop
  endfacet
  facet normal 0.0785377 0 0.996911
    outer loop
      vertex 106.462 172 74.6083
      vertex 106.019 172.8 74.6432
      vertex 106.019 172 74.6432
    endloop
  endfacet
  facet normal 0.0252094 0 0.999682
    outer loop
      vertex 106.462 172.8 74.6083
      vertex 106.922 172 74.5967
      vertex 106.922 172.8 74.5967
    endloop
  endfacet
  facet normal 0.0252094 0 0.999682
    outer loop
      vertex 106.922 172 74.5967
      vertex 106.462 172.8 74.6083
      vertex 106.462 172 74.6083
    endloop
  endfacet
  facet normal -0.0371965 0 0.999308
    outer loop
      vertex 106.922 172.8 74.5967
      vertex 107.462 172 74.6168
      vertex 107.462 172.8 74.6168
    endloop
  endfacet
  facet normal -0.0371965 0 0.999308
    outer loop
      vertex 107.462 172 74.6168
      vertex 106.922 172.8 74.5967
      vertex 106.922 172 74.5967
    endloop
  endfacet
  facet normal -0.129357 0 0.991598
    outer loop
      vertex 107.462 172.8 74.6168
      vertex 107.925 172 74.6772
      vertex 107.925 172.8 74.6772
    endloop
  endfacet
  facet normal -0.129357 0 0.991598
    outer loop
      vertex 107.925 172 74.6772
      vertex 107.462 172.8 74.6168
      vertex 107.462 172 74.6168
    endloop
  endfacet
  facet normal -0.251587 0 0.967835
    outer loop
      vertex 107.925 172.8 74.6772
      vertex 108.312 172 74.7778
      vertex 108.312 172.8 74.7778
    endloop
  endfacet
  facet normal -0.251587 0 0.967835
    outer loop
      vertex 108.312 172 74.7778
      vertex 107.925 172.8 74.6772
      vertex 107.925 172 74.6772
    endloop
  endfacet
  facet normal -0.412434 0 0.910987
    outer loop
      vertex 108.312 172.8 74.7778
      vertex 108.623 172 74.9186
      vertex 108.623 172.8 74.9186
    endloop
  endfacet
  facet normal -0.412434 0 0.910987
    outer loop
      vertex 108.623 172 74.9186
      vertex 108.312 172.8 74.7778
      vertex 108.312 172 74.7778
    endloop
  endfacet
  facet normal -0.612053 0 0.790817
    outer loop
      vertex 108.623 172.8 74.9186
      vertex 108.861 172 75.1028
      vertex 108.861 172.8 75.1028
    endloop
  endfacet
  facet normal -0.612053 0 0.790817
    outer loop
      vertex 108.861 172 75.1028
      vertex 108.623 172.8 74.9186
      vertex 108.623 172 74.9186
    endloop
  endfacet
  facet normal -0.803125 0 0.595811
    outer loop
      vertex 108.861 172 75.1028
      vertex 109.032 172.8 75.3333
      vertex 108.861 172.8 75.1028
    endloop
  endfacet
  facet normal -0.803125 0 0.595811
    outer loop
      vertex 109.032 172.8 75.3333
      vertex 108.861 172 75.1028
      vertex 109.032 172 75.3333
    endloop
  endfacet
  facet normal -0.93832 0 0.345768
    outer loop
      vertex 109.032 172 75.3333
      vertex 109.134 172.8 75.6101
      vertex 109.032 172.8 75.3333
    endloop
  endfacet
  facet normal -0.93832 0 0.345768
    outer loop
      vertex 109.134 172.8 75.6101
      vertex 109.032 172 75.3333
      vertex 109.134 172 75.6101
    endloop
  endfacet
  facet normal -0.994512 0 0.104621
    outer loop
      vertex 109.134 172 75.6101
      vertex 109.168 172.8 75.9333
      vertex 109.134 172.8 75.6101
    endloop
  endfacet
  facet normal -0.994512 0 0.104621
    outer loop
      vertex 109.168 172.8 75.9333
      vertex 109.134 172 75.6101
      vertex 109.168 172 75.9333
    endloop
  endfacet
  facet normal -1 0 0
    outer loop
      vertex 109.168 172 75.9333
      vertex 109.168 172.8 76.1634
      vertex 109.168 172.8 75.9333
    endloop
  endfacet
  facet normal -1 -0 0
    outer loop
      vertex 109.168 172.8 76.1634
      vertex 109.168 172 75.9333
      vertex 109.168 172 76.1634
    endloop
  endfacet
  facet normal 0 0 -1
    outer loop
      vertex 107.451 172 76.1634
      vertex 109.168 172.8 76.1634
      vertex 109.168 172 76.1634
    endloop
  endfacet
  facet normal -0 0 -1
    outer loop
      vertex 109.168 172.8 76.1634
      vertex 107.451 172 76.1634
      vertex 107.451 172.8 76.1634
    endloop
  endfacet
  facet normal -0.04243 0 -0.999099
    outer loop
      vertex 106.349 172 76.2102
      vertex 107.451 172.8 76.1634
      vertex 107.451 172 76.1634
    endloop
  endfacet
  facet normal -0.04243 0 -0.999099
    outer loop
      vertex 107.451 172.8 76.1634
      vertex 106.349 172 76.2102
      vertex 106.349 172.8 76.2102
    endloop
  endfacet
  facet normal -0.147008 0 -0.989135
    outer loop
      vertex 105.405 172 76.3505
      vertex 106.349 172.8 76.2102
      vertex 106.349 172 76.2102
    endloop
  endfacet
  facet normal -0.147008 0 -0.989135
    outer loop
      vertex 106.349 172.8 76.2102
      vertex 105.405 172 76.3505
      vertex 105.405 172.8 76.3505
    endloop
  endfacet
  facet normal -0.284777 0 -0.958594
    outer loop
      vertex 104.618 172 76.5843
      vertex 105.405 172.8 76.3505
      vertex 105.405 172 76.3505
    endloop
  endfacet
  facet normal -0.284777 0 -0.958594
    outer loop
      vertex 105.405 172.8 76.3505
      vertex 104.618 172 76.5843
      vertex 104.618 172.8 76.5843
    endloop
  endfacet
  facet normal -0.461131 0 -0.887332
    outer loop
      vertex 103.988 172 76.9117
      vertex 104.618 172.8 76.5843
      vertex 104.618 172 76.5843
    endloop
  endfacet
  facet normal -0.461131 0 -0.887332
    outer loop
      vertex 104.618 172.8 76.5843
      vertex 103.988 172 76.9117
      vertex 103.988 172.8 76.9117
    endloop
  endfacet
  facet normal -0.663545 0 -0.748137
    outer loop
      vertex 103.506 172 77.3392
      vertex 103.988 172.8 76.9117
      vertex 103.988 172 76.9117
    endloop
  endfacet
  facet normal -0.663545 0 -0.748137
    outer loop
      vertex 103.988 172.8 76.9117
      vertex 103.506 172 77.3392
      vertex 103.506 172.8 77.3392
    endloop
  endfacet
  facet normal -0.840042 0 -0.542521
    outer loop
      vertex 103.506 172 77.3392
      vertex 103.161 172.8 77.8734
      vertex 103.506 172.8 77.3392
    endloop
  endfacet
  facet normal -0.840042 -0 -0.542521
    outer loop
      vertex 103.161 172.8 77.8734
      vertex 103.506 172 77.3392
      vertex 103.161 172 77.8734
    endloop
  endfacet
  facet normal -0.95203 0 -0.306004
    outer loop
      vertex 103.161 172 77.8734
      vertex 102.955 172.8 78.5143
      vertex 103.161 172.8 77.8734
    endloop
  endfacet
  facet normal -0.95203 -0 -0.306004
    outer loop
      vertex 102.955 172.8 78.5143
      vertex 103.161 172 77.8734
      vertex 102.955 172 78.5143
    endloop
  endfacet
  facet normal -0.995769 0 -0.0918925
    outer loop
      vertex 102.955 172 78.5143
      vertex 102.886 172.8 79.262
      vertex 102.955 172.8 78.5143
    endloop
  endfacet
  facet normal -0.995769 -0 -0.0918925
    outer loop
      vertex 102.886 172.8 79.262
      vertex 102.955 172 78.5143
      vertex 102.886 172 79.262
    endloop
  endfacet
  facet normal -0.996188 0 0.0872319
    outer loop
      vertex 102.886 172 79.262
      vertex 102.941 172.8 79.8901
      vertex 102.886 172.8 79.262
    endloop
  endfacet
  facet normal -0.996188 0 0.0872319
    outer loop
      vertex 102.941 172.8 79.8901
      vertex 102.886 172 79.262
      vertex 102.941 172 79.8901
    endloop
  endfacet
  facet normal -0.960104 0 0.279642
    outer loop
      vertex 102.941 172 79.8901
      vertex 103.106 172.8 80.4566
      vertex 102.941 172.8 79.8901
    endloop
  endfacet
  facet normal -0.960104 0 0.279642
    outer loop
      vertex 103.106 172.8 80.4566
      vertex 102.941 172 79.8901
      vertex 103.106 172 80.4566
    endloop
  endfacet
  facet normal -0.877497 0 0.479582
    outer loop
      vertex 103.106 172 80.4566
      vertex 103.382 172.8 80.9616
      vertex 103.106 172.8 80.4566
    endloop
  endfacet
  facet normal -0.877497 0 0.479582
    outer loop
      vertex 103.382 172.8 80.9616
      vertex 103.106 172 80.4566
      vertex 103.382 172 80.9616
    endloop
  endfacet
  facet normal -0.753471 0 0.657482
    outer loop
      vertex 103.382 172 80.9616
      vertex 103.769 172.8 81.4051
      vertex 103.382 172.8 80.9616
    endloop
  endfacet
  facet normal -0.753471 0 0.657482
    outer loop
      vertex 103.769 172.8 81.4051
      vertex 103.382 172 80.9616
      vertex 103.769 172 81.4051
    endloop
  endfacet
  facet normal -0.605998 0 0.795466
    outer loop
      vertex 103.769 172.8 81.4051
      vertex 104.243 172 81.7662
      vertex 104.243 172.8 81.7662
    endloop
  endfacet
  facet normal -0.605998 0 0.795466
    outer loop
      vertex 104.243 172 81.7662
      vertex 103.769 172.8 81.4051
      vertex 103.769 172 81.4051
    endloop
  endfacet
  facet normal -0.429804 0 0.902922
    outer loop
      vertex 104.243 172.8 81.7662
      vertex 104.785 172 82.0242
      vertex 104.785 172.8 82.0242
    endloop
  endfacet
  facet normal -0.429804 0 0.902922
    outer loop
      vertex 104.785 172 82.0242
      vertex 104.243 172.8 81.7662
      vertex 104.243 172 81.7662
    endloop
  endfacet
  facet normal -0.246734 0 0.969083
    outer loop
      vertex 104.785 172.8 82.0242
      vertex 105.393 172 82.179
      vertex 105.393 172.8 82.179
    endloop
  endfacet
  facet normal -0.246734 0 0.969083
    outer loop
      vertex 105.393 172 82.179
      vertex 104.785 172.8 82.0242
      vertex 104.785 172 82.0242
    endloop
  endfacet
  facet normal -0.0762221 0 0.997091
    outer loop
      vertex 105.393 172.8 82.179
      vertex 106.068 172 82.2306
      vertex 106.068 172.8 82.2306
    endloop
  endfacet
  facet normal -0.0762221 0 0.997091
    outer loop
      vertex 106.068 172 82.2306
      vertex 105.393 172.8 82.179
      vertex 105.393 172 82.179
    endloop
  endfacet
  facet normal 0.0469719 0 0.998896
    outer loop
      vertex 106.068 172.8 82.2306
      vertex 106.572 172 82.2069
      vertex 106.572 172.8 82.2069
    endloop
  endfacet
  facet normal 0.0469719 0 0.998896
    outer loop
      vertex 106.572 172 82.2069
      vertex 106.068 172.8 82.2306
      vertex 106.068 172 82.2306
    endloop
  endfacet
  facet normal 0.208752 0 -0.977969
    outer loop
      vertex 106.636 172 80.217
      vertex 106.911 172.8 80.2757
      vertex 106.911 172 80.2757
    endloop
  endfacet
  facet normal 0.208752 0 -0.977969
    outer loop
      vertex 106.911 172.8 80.2757
      vertex 106.636 172 80.217
      vertex 106.636 172.8 80.217
    endloop
  endfacet
  facet normal 0.378392 0 -0.925646
    outer loop
      vertex 106.397 172 80.1193
      vertex 106.636 172.8 80.217
      vertex 106.636 172 80.217
    endloop
  endfacet
  facet normal 0.378392 0 -0.925646
    outer loop
      vertex 106.636 172.8 80.217
      vertex 106.397 172 80.1193
      vertex 106.397 172.8 80.1193
    endloop
  endfacet
  facet normal 0.556953 0 -0.830544
    outer loop
      vertex 106.193 172 79.9825
      vertex 106.397 172.8 80.1193
      vertex 106.397 172 80.1193
    endloop
  endfacet
  facet normal 0.556953 0 -0.830544
    outer loop
      vertex 106.397 172.8 80.1193
      vertex 106.193 172 79.9825
      vertex 106.193 172.8 79.9825
    endloop
  endfacet
  facet normal 0.728674 0 -0.68486
    outer loop
      vertex 106.193 172 79.9825
      vertex 106.032 172.8 79.8112
      vertex 106.193 172.8 79.9825
    endloop
  endfacet
  facet normal 0.728674 0 -0.68486
    outer loop
      vertex 106.032 172.8 79.8112
      vertex 106.193 172 79.9825
      vertex 106.032 172 79.8112
    endloop
  endfacet
  facet normal 0.866436 0 -0.499288
    outer loop
      vertex 106.032 172 79.8112
      vertex 105.916 172.8 79.6099
      vertex 106.032 172.8 79.8112
    endloop
  endfacet
  facet normal 0.866436 0 -0.499288
    outer loop
      vertex 105.916 172.8 79.6099
      vertex 106.032 172 79.8112
      vertex 105.916 172 79.6099
    endloop
  endfacet
  facet normal 0.957129 0 -0.289663
    outer loop
      vertex 105.916 172 79.6099
      vertex 105.846 172.8 79.3786
      vertex 105.916 172.8 79.6099
    endloop
  endfacet
  facet normal 0.957129 0 -0.289663
    outer loop
      vertex 105.846 172.8 79.3786
      vertex 105.916 172 79.6099
      vertex 105.846 172 79.3786
    endloop
  endfacet
  facet normal 0.996146 0 -0.0877157
    outer loop
      vertex 105.846 172 79.3786
      vertex 105.823 172.8 79.1174
      vertex 105.846 172.8 79.3786
    endloop
  endfacet
  facet normal 0.996146 0 -0.0877157
    outer loop
      vertex 105.823 172.8 79.1174
      vertex 105.846 172 79.3786
      vertex 105.823 172 79.1174
    endloop
  endfacet
  facet normal 0.994765 -0 0.10219
    outer loop
      vertex 105.823 172 79.1174
      vertex 105.852 172.8 78.8351
      vertex 105.823 172.8 79.1174
    endloop
  endfacet
  facet normal 0.994765 0 0.10219
    outer loop
      vertex 105.852 172.8 78.8351
      vertex 105.823 172 79.1174
      vertex 105.852 172 78.8351
    endloop
  endfacet
  facet normal 0.943852 -0 0.330368
    outer loop
      vertex 105.852 172 78.8351
      vertex 105.938 172.8 78.5894
      vertex 105.852 172.8 78.8351
    endloop
  endfacet
  facet normal 0.943852 0 0.330368
    outer loop
      vertex 105.938 172.8 78.5894
      vertex 105.852 172 78.8351
      vertex 105.938 172 78.5894
    endloop
  endfacet
  facet normal 0.823593 -0 0.567181
    outer loop
      vertex 105.938 172 78.5894
      vertex 106.082 172.8 78.3803
      vertex 105.938 172.8 78.5894
    endloop
  endfacet
  facet normal 0.823593 0 0.567181
    outer loop
      vertex 106.082 172.8 78.3803
      vertex 105.938 172 78.5894
      vertex 106.082 172 78.3803
    endloop
  endfacet
  facet normal 0.651475 0 0.75867
    outer loop
      vertex 106.082 172.8 78.3803
      vertex 106.283 172 78.2077
      vertex 106.283 172.8 78.2077
    endloop
  endfacet
  facet normal 0.651475 0 0.75867
    outer loop
      vertex 106.283 172 78.2077
      vertex 106.082 172.8 78.3803
      vertex 106.082 172 78.3803
    endloop
  endfacet
  facet normal 0.463622 0 0.886033
    outer loop
      vertex 106.283 172.8 78.2077
      vertex 106.541 172 78.0727
      vertex 106.541 172.8 78.0727
    endloop
  endfacet
  facet normal 0.463622 0 0.886033
    outer loop
      vertex 106.541 172 78.0727
      vertex 106.283 172.8 78.2077
      vertex 106.283 172 78.2077
    endloop
  endfacet
  facet normal 0.292913 0 0.956139
    outer loop
      vertex 106.541 172.8 78.0727
      vertex 106.856 172 77.9762
      vertex 106.856 172.8 77.9762
    endloop
  endfacet
  facet normal 0.292913 0 0.956139
    outer loop
      vertex 106.856 172 77.9762
      vertex 106.541 172.8 78.0727
      vertex 106.541 172 78.0727
    endloop
  endfacet
  facet normal 0.154198 0 0.98804
    outer loop
      vertex 106.856 172.8 77.9762
      vertex 107.227 172 77.9183
      vertex 107.227 172.8 77.9183
    endloop
  endfacet
  facet normal 0.154198 0 0.98804
    outer loop
      vertex 107.227 172 77.9183
      vertex 106.856 172.8 77.9762
      vertex 106.856 172 77.9762
    endloop
  endfacet
  facet normal 0.045153 0 0.99898
    outer loop
      vertex 107.227 172.8 77.9183
      vertex 107.654 172 77.899
      vertex 107.654 172.8 77.899
    endloop
  endfacet
  facet normal 0.045153 0 0.99898
    outer loop
      vertex 107.654 172 77.899
      vertex 107.227 172.8 77.9183
      vertex 107.227 172 77.9183
    endloop
  endfacet
  facet normal -0 0 1
    outer loop
      vertex 107.654 172.8 77.899
      vertex 109.168 172 77.899
      vertex 109.168 172.8 77.899
    endloop
  endfacet
  facet normal 0 0 1
    outer loop
      vertex 109.168 172 77.899
      vertex 107.654 172.8 77.899
      vertex 107.654 172 77.899
    endloop
  endfacet
  facet normal -1 0 0
    outer loop
      vertex 109.168 172 77.899
      vertex 109.168 172.8 78.2321
      vertex 109.168 172.8 77.899
    endloop
  endfacet
  facet normal -1 -0 0
    outer loop
      vertex 109.168 172.8 78.2321
      vertex 109.168 172 77.899
      vertex 109.168 172 78.2321
    endloop
  endfacet
  facet normal -0.996612 0 -0.0822481
    outer loop
      vertex 109.168 172 78.2321
      vertex 109.133 172.8 78.6562
      vertex 109.168 172.8 78.2321
    endloop
  endfacet
  facet normal -0.996612 -0 -0.0822481
    outer loop
      vertex 109.133 172.8 78.6562
      vertex 109.168 172 78.2321
      vertex 109.133 172 78.6562
    endloop
  endfacet
  facet normal -0.964493 0 -0.264108
    outer loop
      vertex 109.133 172 78.6562
      vertex 109.027 172.8 79.0433
      vertex 109.133 172.8 78.6562
    endloop
  endfacet
  facet normal -0.964493 -0 -0.264108
    outer loop
      vertex 109.027 172.8 79.0433
      vertex 109.133 172 78.6562
      vertex 109.027 172 79.0433
    endloop
  endfacet
  facet normal -0.894478 0 -0.447111
    outer loop
      vertex 109.027 172 79.0433
      vertex 108.852 172.8 79.3934
      vertex 109.027 172.8 79.0433
    endloop
  endfacet
  facet normal -0.894478 -0 -0.447111
    outer loop
      vertex 108.852 172.8 79.3934
      vertex 109.027 172 79.0433
      vertex 108.852 172 79.3934
    endloop
  endfacet
  facet normal -0.786231 0 -0.617932
    outer loop
      vertex 108.852 172 79.3934
      vertex 108.606 172.8 79.7064
      vertex 108.852 172.8 79.3934
    endloop
  endfacet
  facet normal -0.786231 -0 -0.617932
    outer loop
      vertex 108.606 172.8 79.7064
      vertex 108.852 172 79.3934
      vertex 108.606 172 79.7064
    endloop
  endfacet
  facet normal -0.655221 0 -0.755437
    outer loop
      vertex 108.309 172 79.964
      vertex 108.606 172.8 79.7064
      vertex 108.606 172 79.7064
    endloop
  endfacet
  facet normal -0.655221 0 -0.755437
    outer loop
      vertex 108.606 172.8 79.7064
      vertex 108.309 172 79.964
      vertex 108.309 172.8 79.964
    endloop
  endfacet
  facet normal -0.488119 0 -0.872777
    outer loop
      vertex 107.98 172 80.148
      vertex 108.309 172.8 79.964
      vertex 108.309 172 79.964
    endloop
  endfacet
  facet normal -0.488119 0 -0.872777
    outer loop
      vertex 108.309 172.8 79.964
      vertex 107.98 172 80.148
      vertex 107.98 172.8 80.148
    endloop
  endfacet
  facet normal -0.291708 0 -0.956507
    outer loop
      vertex 107.618 172 80.2584
      vertex 107.98 172.8 80.148
      vertex 107.98 172 80.148
    endloop
  endfacet
  facet normal -0.291708 0 -0.956507
    outer loop
      vertex 107.98 172.8 80.148
      vertex 107.618 172 80.2584
      vertex 107.618 172.8 80.2584
    endloop
  endfacet
  facet normal -0.0927629 0 -0.995688
    outer loop
      vertex 107.223 172 80.2952
      vertex 107.618 172.8 80.2584
      vertex 107.618 172 80.2584
    endloop
  endfacet
  facet normal -0.0927629 0 -0.995688
    outer loop
      vertex 107.618 172.8 80.2584
      vertex 107.223 172 80.2952
      vertex 107.223 172.8 80.2952
    endloop
  endfacet
  facet normal 0.0623783 0 -0.998053
    outer loop
      vertex 106.911 172 80.2757
      vertex 107.223 172.8 80.2952
      vertex 107.223 172 80.2952
    endloop
  endfacet
  facet normal 0.0623783 0 -0.998053
    outer loop
      vertex 107.223 172.8 80.2952
      vertex 106.911 172 80.2757
      vertex 106.911 172.8 80.2757
    endloop
  endfacet
  facet normal 0.0723438 0 0.99738
    outer loop
      vertex 148.474 172.8 82.2181
      vertex 148.991 172 82.1806
      vertex 148.991 172.8 82.1806
    endloop
  endfacet
  facet normal 0.0723438 0 0.99738
    outer loop
      vertex 148.991 172 82.1806
      vertex 148.474 172.8 82.2181
      vertex 148.474 172 82.2181
    endloop
  endfacet
  facet normal 0.119827 0 0.992795
    outer loop
      vertex 148.991 172.8 82.1806
      vertex 149.508 172 82.1182
      vertex 149.508 172.8 82.1182
    endloop
  endfacet
  facet normal 0.119827 0 0.992795
    outer loop
      vertex 149.508 172 82.1182
      vertex 148.991 172.8 82.1806
      vertex 148.991 172 82.1806
    endloop
  endfacet
  facet normal 0.166687 0 0.98601
    outer loop
      vertex 149.508 172.8 82.1182
      vertex 150.025 172 82.0308
      vertex 150.025 172.8 82.0308
    endloop
  endfacet
  facet normal 0.166687 0 0.98601
    outer loop
      vertex 150.025 172 82.0308
      vertex 149.508 172.8 82.1182
      vertex 149.508 172 82.1182
    endloop
  endfacet
  facet normal 0.211934 0 0.977284
    outer loop
      vertex 150.025 172.8 82.0308
      vertex 150.541 172 81.9189
      vertex 150.541 172.8 81.9189
    endloop
  endfacet
  facet normal 0.211934 0 0.977284
    outer loop
      vertex 150.541 172 81.9189
      vertex 150.025 172.8 82.0308
      vertex 150.025 172 82.0308
    endloop
  endfacet
  facet normal 0.254051 0 0.967191
    outer loop
      vertex 150.541 172.8 81.9189
      vertex 151.058 172 81.7831
      vertex 151.058 172.8 81.7831
    endloop
  endfacet
  facet normal 0.254051 0 0.967191
    outer loop
      vertex 151.058 172 81.7831
      vertex 150.541 172.8 81.9189
      vertex 150.541 172 81.9189
    endloop
  endfacet
  facet normal 0.295306 0 0.955403
    outer loop
      vertex 151.058 172.8 81.7831
      vertex 151.575 172 81.6233
      vertex 151.575 172.8 81.6233
    endloop
  endfacet
  facet normal 0.295306 0 0.955403
    outer loop
      vertex 151.575 172 81.6233
      vertex 151.058 172.8 81.7831
      vertex 151.058 172 81.7831
    endloop
  endfacet
  facet normal 0.33555 0 0.942022
    outer loop
      vertex 151.575 172.8 81.6233
      vertex 152.091 172 81.4395
      vertex 152.091 172.8 81.4395
    endloop
  endfacet
  facet normal 0.33555 0 0.942022
    outer loop
      vertex 152.091 172 81.4395
      vertex 151.575 172.8 81.6233
      vertex 151.575 172 81.6233
    endloop
  endfacet
  facet normal 1 -0 0
    outer loop
      vertex 152.091 172 81.4395
      vertex 152.091 172.8 79.197
      vertex 152.091 172.8 81.4395
    endloop
  endfacet
  facet normal 1 0 0
    outer loop
      vertex 152.091 172.8 79.197
      vertex 152.091 172 81.4395
      vertex 152.091 172 79.197
    endloop
  endfacet
  facet normal -0.456352 0 -0.889799
    outer loop
      vertex 151.586 172 79.456
      vertex 152.091 172.8 79.197
      vertex 152.091 172 79.197
    endloop
  endfacet
  facet normal -0.456352 0 -0.889799
    outer loop
      vertex 152.091 172.8 79.197
      vertex 151.586 172 79.456
      vertex 151.586 172.8 79.456
    endloop
  endfacet
  facet normal -0.409528 0 -0.912297
    outer loop
      vertex 151.087 172 79.68
      vertex 151.586 172.8 79.456
      vertex 151.586 172 79.456
    endloop
  endfacet
  facet normal -0.409528 0 -0.912297
    outer loop
      vertex 151.586 172.8 79.456
      vertex 151.087 172 79.68
      vertex 151.087 172.8 79.68
    endloop
  endfacet
  facet normal -0.358432 0 -0.933556
    outer loop
      vertex 150.595 172 79.8689
      vertex 151.087 172.8 79.68
      vertex 151.087 172 79.68
    endloop
  endfacet
  facet normal -0.358432 0 -0.933556
    outer loop
      vertex 151.087 172.8 79.68
      vertex 150.595 172 79.8689
      vertex 150.595 172.8 79.8689
    endloop
  endfacet
  facet normal -0.302279 0 -0.95322
    outer loop
      vertex 150.11 172 80.0227
      vertex 150.595 172.8 79.8689
      vertex 150.595 172 79.8689
    endloop
  endfacet
  facet normal -0.302279 0 -0.95322
    outer loop
      vertex 150.595 172.8 79.8689
      vertex 150.11 172 80.0227
      vertex 150.11 172.8 80.0227
    endloop
  endfacet
  facet normal -0.241487 0 -0.970404
    outer loop
      vertex 149.631 172 80.1419
      vertex 150.11 172.8 80.0227
      vertex 150.11 172 80.0227
    endloop
  endfacet
  facet normal -0.241487 0 -0.970404
    outer loop
      vertex 150.11 172.8 80.0227
      vertex 149.631 172 80.1419
      vertex 149.631 172.8 80.1419
    endloop
  endfacet
  facet normal -0.176912 0 -0.984227
    outer loop
      vertex 149.157 172 80.2271
      vertex 149.631 172.8 80.1419
      vertex 149.631 172 80.1419
    endloop
  endfacet
  facet normal -0.176912 0 -0.984227
    outer loop
      vertex 149.631 172.8 80.1419
      vertex 149.157 172 80.2271
      vertex 149.157 172.8 80.2271
    endloop
  endfacet
  facet normal -0.108543 0 -0.994092
    outer loop
      vertex 148.689 172 80.2782
      vertex 149.157 172.8 80.2271
      vertex 149.157 172 80.2271
    endloop
  endfacet
  facet normal -0.108543 0 -0.994092
    outer loop
      vertex 149.157 172.8 80.2271
      vertex 148.689 172 80.2782
      vertex 148.689 172.8 80.2782
    endloop
  endfacet
  facet normal -0.0366923 0 -0.999327
    outer loop
      vertex 148.226 172 80.2952
      vertex 148.689 172.8 80.2782
      vertex 148.689 172 80.2782
    endloop
  endfacet
  facet normal -0.0366923 0 -0.999327
    outer loop
      vertex 148.689 172.8 80.2782
      vertex 148.226 172 80.2952
      vertex 148.226 172.8 80.2952
    endloop
  endfacet
  facet normal 0.0593746 0 -0.998236
    outer loop
      vertex 147.688 172 80.2632
      vertex 148.226 172.8 80.2952
      vertex 148.226 172 80.2952
    endloop
  endfacet
  facet normal 0.0593746 0 -0.998236
    outer loop
      vertex 148.226 172.8 80.2952
      vertex 147.688 172 80.2632
      vertex 147.688 172.8 80.2632
    endloop
  endfacet
  facet normal 0.198298 0 -0.980142
    outer loop
      vertex 147.213 172 80.1671
      vertex 147.688 172.8 80.2632
      vertex 147.688 172 80.2632
    endloop
  endfacet
  facet normal 0.198298 0 -0.980142
    outer loop
      vertex 147.688 172.8 80.2632
      vertex 147.213 172 80.1671
      vertex 147.213 172.8 80.1671
    endloop
  endfacet
  facet normal 0.362403 0 -0.932022
    outer loop
      vertex 146.801 172 80.0069
      vertex 147.213 172.8 80.1671
      vertex 147.213 172 80.1671
    endloop
  endfacet
  facet normal 0.362403 0 -0.932022
    outer loop
      vertex 147.213 172.8 80.1671
      vertex 146.801 172 80.0069
      vertex 146.801 172.8 80.0069
    endloop
  endfacet
  facet normal 0.54066 0 -0.841241
    outer loop
      vertex 146.452 172 79.7826
      vertex 146.801 172.8 80.0069
      vertex 146.801 172 80.0069
    endloop
  endfacet
  facet normal 0.54066 0 -0.841241
    outer loop
      vertex 146.801 172.8 80.0069
      vertex 146.452 172 79.7826
      vertex 146.452 172.8 79.7826
    endloop
  endfacet
  facet normal 0.712521 0 -0.701651
    outer loop
      vertex 146.452 172 79.7826
      vertex 146.168 172.8 79.4942
      vertex 146.452 172.8 79.7826
    endloop
  endfacet
  facet normal 0.712521 0 -0.701651
    outer loop
      vertex 146.168 172.8 79.4942
      vertex 146.452 172 79.7826
      vertex 146.168 172 79.4942
    endloop
  endfacet
  facet normal 0.85043 0 -0.526089
    outer loop
      vertex 146.168 172 79.4942
      vertex 145.95 172.8 79.1418
      vertex 146.168 172.8 79.4942
    endloop
  endfacet
  facet normal 0.85043 0 -0.526089
    outer loop
      vertex 145.95 172.8 79.1418
      vertex 146.168 172 79.4942
      vertex 145.95 172 79.1418
    endloop
  endfacet
  facet normal 0.939398 0 -0.342829
    outer loop
      vertex 145.95 172 79.1418
      vertex 145.798 172.8 78.7253
      vertex 145.95 172.8 79.1418
    endloop
  endfacet
  facet normal 0.939398 0 -0.342829
    outer loop
      vertex 145.798 172.8 78.7253
      vertex 145.95 172 79.1418
      vertex 145.798 172 78.7253
    endloop
  endfacet
  facet normal 0.984364 0 -0.176145
    outer loop
      vertex 145.798 172 78.7253
      vertex 145.712 172.8 78.2447
      vertex 145.798 172.8 78.7253
    endloop
  endfacet
  facet normal 0.984364 0 -0.176145
    outer loop
      vertex 145.712 172.8 78.2447
      vertex 145.798 172 78.7253
      vertex 145.712 172 78.2447
    endloop
  endfacet
  facet normal -0 0 1
    outer loop
      vertex 145.712 172.8 78.2447
      vertex 152.523 172 78.2447
      vertex 152.523 172.8 78.2447
    endloop
  endfacet
  facet normal 0 0 1
    outer loop
      vertex 152.523 172 78.2447
      vertex 145.712 172.8 78.2447
      vertex 145.712 172 78.2447
    endloop
  endfacet
  facet normal 1 -0 0
    outer loop
      vertex 152.523 172 78.2447
      vertex 152.523 172.8 77.4152
      vertex 152.523 172.8 78.2447
    endloop
  endfacet
  facet normal 1 0 0
    outer loop
      vertex 152.523 172.8 77.4152
      vertex 152.523 172 78.2447
      vertex 152.523 172 77.4152
    endloop
  endfacet
  facet normal 0.996911 0 -0.0785351
    outer loop
      vertex 152.523 172 77.4152
      vertex 152.442 172.8 76.387
      vertex 152.523 172.8 77.4152
    endloop
  endfacet
  facet normal 0.996911 0 -0.0785351
    outer loop
      vertex 152.442 172.8 76.387
      vertex 152.523 172 77.4152
      vertex 152.442 172 76.387
    endloop
  endfacet
  facet normal 0.967054 0 -0.254571
    outer loop
      vertex 152.442 172 76.387
      vertex 152.2 172.8 75.4677
      vertex 152.442 172.8 76.387
    endloop
  endfacet
  facet normal 0.967054 0 -0.254571
    outer loop
      vertex 152.2 172.8 75.4677
      vertex 152.442 172 76.387
      vertex 152.2 172 75.4677
    endloop
  endfacet
  facet normal 0.895419 0 -0.445224
    outer loop
      vertex 152.2 172 75.4677
      vertex 151.797 172.8 74.6572
      vertex 152.2 172.8 75.4677
    endloop
  endfacet
  facet normal 0.895419 0 -0.445224
    outer loop
      vertex 151.797 172.8 74.6572
      vertex 152.2 172 75.4677
      vertex 151.797 172 74.6572
    endloop
  endfacet
  facet normal 0.779393 0 -0.626536
    outer loop
      vertex 151.797 172 74.6572
      vertex 151.233 172.8 73.9556
      vertex 151.797 172.8 74.6572
    endloop
  endfacet
  facet normal 0.779393 0 -0.626536
    outer loop
      vertex 151.233 172.8 73.9556
      vertex 151.797 172 74.6572
      vertex 151.233 172 73.9556
    endloop
  endfacet
  facet normal 0.629428 0 -0.777058
    outer loop
      vertex 150.534 172 73.3894
      vertex 151.233 172.8 73.9556
      vertex 151.233 172 73.9556
    endloop
  endfacet
  facet normal 0.629428 0 -0.777058
    outer loop
      vertex 151.233 172.8 73.9556
      vertex 150.534 172 73.3894
      vertex 150.534 172.8 73.3894
    endloop
  endfacet
  facet normal 0.448989 0 -0.893537
    outer loop
      vertex 149.729 172 72.9849
      vertex 150.534 172.8 73.3894
      vertex 150.534 172 73.3894
    endloop
  endfacet
  facet normal 0.448989 0 -0.893537
    outer loop
      vertex 150.534 172.8 73.3894
      vertex 149.729 172 72.9849
      vertex 149.729 172.8 72.9849
    endloop
  endfacet
  facet normal 0.256642 0 -0.966506
    outer loop
      vertex 148.815 172 72.7422
      vertex 149.729 172.8 72.9849
      vertex 149.729 172 72.9849
    endloop
  endfacet
  facet normal 0.256642 0 -0.966506
    outer loop
      vertex 149.729 172.8 72.9849
      vertex 148.815 172 72.7422
      vertex 148.815 172.8 72.7422
    endloop
  endfacet
  facet normal 0.0790654 0 -0.996869
    outer loop
      vertex 147.795 172 72.6613
      vertex 148.815 172.8 72.7422
      vertex 148.815 172 72.7422
    endloop
  endfacet
  facet normal 0.0790654 0 -0.996869
    outer loop
      vertex 148.815 172.8 72.7422
      vertex 147.795 172 72.6613
      vertex 147.795 172.8 72.6613
    endloop
  endfacet
  facet normal -0.0712597 0 -0.997458
    outer loop
      vertex 146.678 172 72.7411
      vertex 147.795 172.8 72.6613
      vertex 147.795 172 72.6613
    endloop
  endfacet
  facet normal -0.0712597 0 -0.997458
    outer loop
      vertex 147.795 172.8 72.6613
      vertex 146.678 172 72.7411
      vertex 146.678 172.8 72.7411
    endloop
  endfacet
  facet normal -0.235229 0 -0.97194
    outer loop
      vertex 145.688 172 72.9807
      vertex 146.678 172.8 72.7411
      vertex 146.678 172 72.7411
    endloop
  endfacet
  facet normal -0.235229 0 -0.97194
    outer loop
      vertex 146.678 172.8 72.7411
      vertex 145.688 172 72.9807
      vertex 145.688 172.8 72.9807
    endloop
  endfacet
  facet normal -0.419832 0 -0.907602
    outer loop
      vertex 144.825 172 73.3799
      vertex 145.688 172.8 72.9807
      vertex 145.688 172 72.9807
    endloop
  endfacet
  facet normal -0.419832 0 -0.907602
    outer loop
      vertex 145.688 172.8 72.9807
      vertex 144.825 172 73.3799
      vertex 144.825 172.8 73.3799
    endloop
  endfacet
  facet normal -0.604247 0 -0.796797
    outer loop
      vertex 144.088 172 73.9388
      vertex 144.825 172.8 73.3799
      vertex 144.825 172 73.3799
    endloop
  endfacet
  facet normal -0.604247 0 -0.796797
    outer loop
      vertex 144.825 172.8 73.3799
      vertex 144.088 172 73.9388
      vertex 144.088 172.8 73.9388
    endloop
  endfacet
  facet normal -0.764394 0 -0.644749
    outer loop
      vertex 144.088 172 73.9388
      vertex 143.499 172.8 74.6371
      vertex 144.088 172.8 73.9388
    endloop
  endfacet
  facet normal -0.764394 -0 -0.644749
    outer loop
      vertex 143.499 172.8 74.6371
      vertex 144.088 172 73.9388
      vertex 143.499 172 74.6371
    endloop
  endfacet
  facet normal -0.888989 0 -0.457928
    outer loop
      vertex 143.499 172 74.6371
      vertex 143.078 172.8 75.4544
      vertex 143.499 172.8 74.6371
    endloop
  endfacet
  facet normal -0.888989 -0 -0.457928
    outer loop
      vertex 143.078 172.8 75.4544
      vertex 143.499 172 74.6371
      vertex 143.078 172 75.4544
    endloop
  endfacet
  facet normal -0.965637 0 -0.259896
    outer loop
      vertex 143.078 172 75.4544
      vertex 142.826 172.8 76.3907
      vertex 143.078 172.8 75.4544
    endloop
  endfacet
  facet normal -0.965637 -0 -0.259896
    outer loop
      vertex 142.826 172.8 76.3907
      vertex 143.078 172 75.4544
      vertex 142.826 172 76.3907
    endloop
  endfacet
  facet normal -0.996847 0 -0.0793472
    outer loop
      vertex 142.826 172 76.3907
      vertex 142.742 172.8 77.446
      vertex 142.826 172.8 76.3907
    endloop
  endfacet
  facet normal -0.996847 -0 -0.0793472
    outer loop
      vertex 142.742 172.8 77.446
      vertex 142.826 172 76.3907
      vertex 142.742 172 77.446
    endloop
  endfacet
  facet normal -0.99687 0 0.0790576
    outer loop
      vertex 142.742 172 77.446
      vertex 142.827 172.8 78.5178
      vertex 142.742 172.8 77.446
    endloop
  endfacet
  facet normal -0.99687 0 0.0790576
    outer loop
      vertex 142.827 172.8 78.5178
      vertex 142.742 172 77.446
      vertex 142.827 172 78.5178
    endloop
  endfacet
  facet normal -0.964966 0 0.262374
    outer loop
      vertex 142.827 172 78.5178
      vertex 143.084 172.8 79.463
      vertex 142.827 172.8 78.5178
    endloop
  endfacet
  facet normal -0.964966 0 0.262374
    outer loop
      vertex 143.084 172.8 79.463
      vertex 142.827 172 78.5178
      vertex 143.084 172 79.463
    endloop
  endfacet
  facet normal -0.885715 0 0.464229
    outer loop
      vertex 143.084 172 79.463
      vertex 143.513 172.8 80.2815
      vertex 143.084 172.8 79.463
    endloop
  endfacet
  facet normal -0.885715 0 0.464229
    outer loop
      vertex 143.513 172.8 80.2815
      vertex 143.084 172 79.463
      vertex 143.513 172 80.2815
    endloop
  endfacet
  facet normal -0.755498 0 0.655151
    outer loop
      vertex 143.513 172 80.2815
      vertex 144.113 172.8 80.9734
      vertex 143.513 172.8 80.2815
    endloop
  endfacet
  facet normal -0.755498 0 0.655151
    outer loop
      vertex 144.113 172.8 80.9734
      vertex 143.513 172 80.2815
      vertex 144.113 172 80.9734
    endloop
  endfacet
  facet normal -0.589318 0 0.807901
    outer loop
      vertex 144.113 172.8 80.9734
      vertex 144.867 172 81.5234
      vertex 144.867 172.8 81.5234
    endloop
  endfacet
  facet normal -0.589318 0 0.807901
    outer loop
      vertex 144.867 172 81.5234
      vertex 144.113 172.8 80.9734
      vertex 144.113 172 80.9734
    endloop
  endfacet
  facet normal -0.4031 0 0.915156
    outer loop
      vertex 144.867 172.8 81.5234
      vertex 145.759 172 81.9163
      vertex 145.759 172.8 81.9163
    endloop
  endfacet
  facet normal -0.4031 0 0.915156
    outer loop
      vertex 145.759 172 81.9163
      vertex 144.867 172.8 81.5234
      vertex 144.867 172 81.5234
    endloop
  endfacet
  facet normal -0.222863 0 0.97485
    outer loop
      vertex 145.759 172.8 81.9163
      vertex 146.79 172 82.152
      vertex 146.79 172.8 82.152
    endloop
  endfacet
  facet normal -0.222863 0 0.97485
    outer loop
      vertex 146.79 172 82.152
      vertex 145.759 172.8 81.9163
      vertex 145.759 172 81.9163
    endloop
  endfacet
  facet normal -0.0671427 0 0.997743
    outer loop
      vertex 146.79 172.8 82.152
      vertex 147.958 172 82.2306
      vertex 147.958 172.8 82.2306
    endloop
  endfacet
  facet normal -0.0671427 0 0.997743
    outer loop
      vertex 147.958 172 82.2306
      vertex 146.79 172.8 82.152
      vertex 146.79 172 82.152
    endloop
  endfacet
  facet normal 0.0242177 0 0.999707
    outer loop
      vertex 147.958 172.8 82.2306
      vertex 148.474 172 82.2181
      vertex 148.474 172.8 82.2181
    endloop
  endfacet
  facet normal 0.0242177 0 0.999707
    outer loop
      vertex 148.474 172 82.2181
      vertex 147.958 172.8 82.2306
      vertex 147.958 172 82.2306
    endloop
  endfacet
  facet normal 0.978026 -0 0.208485
    outer loop
      vertex 145.744 172 76.4475
      vertex 145.834 172.8 76.0253
      vertex 145.744 172.8 76.4475
    endloop
  endfacet
  facet normal 0.978026 0 0.208485
    outer loop
      vertex 145.834 172.8 76.0253
      vertex 145.744 172 76.4475
      vertex 145.834 172 76.0253
    endloop
  endfacet
  facet normal 0.935191 -0 0.354143
    outer loop
      vertex 145.834 172 76.0253
      vertex 145.974 172.8 75.6556
      vertex 145.834 172.8 76.0253
    endloop
  endfacet
  facet normal 0.935191 0 0.354143
    outer loop
      vertex 145.974 172.8 75.6556
      vertex 145.834 172 76.0253
      vertex 145.974 172 75.6556
    endloop
  endfacet
  facet normal 0.857875 -0 0.513859
    outer loop
      vertex 145.974 172 75.6556
      vertex 146.164 172.8 75.3384
      vertex 145.974 172.8 75.6556
    endloop
  endfacet
  facet normal 0.857875 0 0.513859
    outer loop
      vertex 146.164 172.8 75.3384
      vertex 145.974 172 75.6556
      vertex 146.164 172 75.3384
    endloop
  endfacet
  facet normal 0.74222 -0 0.670157
    outer loop
      vertex 146.164 172 75.3384
      vertex 146.403 172.8 75.0737
      vertex 146.164 172.8 75.3384
    endloop
  endfacet
  facet normal 0.74222 0 0.670157
    outer loop
      vertex 146.403 172.8 75.0737
      vertex 146.164 172 75.3384
      vertex 146.403 172 75.0737
    endloop
  endfacet
  facet normal 0.590811 0 0.80681
    outer loop
      vertex 146.403 172.8 75.0737
      vertex 146.688 172 74.865
      vertex 146.688 172.8 74.865
    endloop
  endfacet
  facet normal 0.590811 0 0.80681
    outer loop
      vertex 146.688 172 74.865
      vertex 146.403 172.8 75.0737
      vertex 146.403 172 75.0737
    endloop
  endfacet
  facet normal 0.418044 0 0.908427
    outer loop
      vertex 146.688 172.8 74.865
      vertex 147.012 172 74.7159
      vertex 147.012 172.8 74.7159
    endloop
  endfacet
  facet normal 0.418044 0 0.908427
    outer loop
      vertex 147.012 172 74.7159
      vertex 146.688 172.8 74.865
      vertex 146.688 172 74.865
    endloop
  endfacet
  facet normal 0.239135 0 0.970986
    outer loop
      vertex 147.012 172.8 74.7159
      vertex 147.375 172 74.6265
      vertex 147.375 172.8 74.6265
    endloop
  endfacet
  facet normal 0.239135 0 0.970986
    outer loop
      vertex 147.375 172 74.6265
      vertex 147.012 172.8 74.7159
      vertex 147.012 172 74.7159
    endloop
  endfacet
  facet normal 0.0735625 0 0.997291
    outer loop
      vertex 147.375 172.8 74.6265
      vertex 147.779 172 74.5967
      vertex 147.779 172.8 74.5967
    endloop
  endfacet
  facet normal 0.0735625 0 0.997291
    outer loop
      vertex 147.779 172 74.5967
      vertex 147.375 172.8 74.6265
      vertex 147.375 172 74.6265
    endloop
  endfacet
  facet normal -0.0851732 0 0.996366
    outer loop
      vertex 147.779 172.8 74.5967
      vertex 148.151 172 74.6285
      vertex 148.151 172.8 74.6285
    endloop
  endfacet
  facet normal -0.0851732 0 0.996366
    outer loop
      vertex 148.151 172 74.6285
      vertex 147.779 172.8 74.5967
      vertex 147.779 172 74.5967
    endloop
  endfacet
  facet normal -0.275177 0 0.961393
    outer loop
      vertex 148.151 172.8 74.6285
      vertex 148.485 172 74.7241
      vertex 148.485 172.8 74.7241
    endloop
  endfacet
  facet normal -0.275177 0 0.961393
    outer loop
      vertex 148.485 172 74.7241
      vertex 148.151 172.8 74.6285
      vertex 148.151 172 74.6285
    endloop
  endfacet
  facet normal -0.471203 0 0.882025
    outer loop
      vertex 148.485 172.8 74.7241
      vertex 148.783 172 74.8833
      vertex 148.783 172.8 74.8833
    endloop
  endfacet
  facet normal -0.471203 0 0.882025
    outer loop
      vertex 148.783 172 74.8833
      vertex 148.485 172.8 74.7241
      vertex 148.485 172 74.7241
    endloop
  endfacet
  facet normal -0.649591 0 0.760284
    outer loop
      vertex 148.783 172.8 74.8833
      vertex 149.044 172 75.1063
      vertex 149.044 172.8 75.1063
    endloop
  endfacet
  facet normal -0.649591 0 0.760284
    outer loop
      vertex 149.044 172 75.1063
      vertex 148.783 172.8 74.8833
      vertex 148.783 172 74.8833
    endloop
  endfacet
  facet normal -0.791874 0 0.610685
    outer loop
      vertex 149.044 172 75.1063
      vertex 149.256 172.8 75.3812
      vertex 149.044 172.8 75.1063
    endloop
  endfacet
  facet normal -0.791874 0 0.610685
    outer loop
      vertex 149.256 172.8 75.3812
      vertex 149.044 172 75.1063
      vertex 149.256 172 75.3812
    endloop
  endfacet
  facet normal -0.901853 0 0.432043
    outer loop
      vertex 149.256 172 75.3812
      vertex 149.407 172.8 75.6964
      vertex 149.256 172.8 75.3812
    endloop
  endfacet
  facet normal -0.901853 0 0.432043
    outer loop
      vertex 149.407 172.8 75.6964
      vertex 149.256 172 75.3812
      vertex 149.407 172 75.6964
    endloop
  endfacet
  facet normal -0.968748 0 0.248047
    outer loop
      vertex 149.407 172 75.6964
      vertex 149.498 172.8 76.0518
      vertex 149.407 172.8 75.6964
    endloop
  endfacet
  facet normal -0.968748 0 0.248047
    outer loop
      vertex 149.498 172.8 76.0518
      vertex 149.407 172 75.6964
      vertex 149.498 172 76.0518
    endloop
  endfacet
  facet normal -0.997138 0 0.0755981
    outer loop
      vertex 149.498 172 76.0518
      vertex 149.528 172.8 76.4475
      vertex 149.498 172.8 76.0518
    endloop
  endfacet
  facet normal -0.997138 0 0.0755981
    outer loop
      vertex 149.528 172.8 76.4475
      vertex 149.498 172 76.0518
      vertex 149.528 172 76.4475
    endloop
  endfacet
  facet normal 0 0 -1
    outer loop
      vertex 145.744 172 76.4475
      vertex 149.528 172.8 76.4475
      vertex 149.528 172 76.4475
    endloop
  endfacet
  facet normal -0 0 -1
    outer loop
      vertex 149.528 172.8 76.4475
      vertex 145.744 172 76.4475
      vertex 145.744 172.8 76.4475
    endloop
  endfacet
  facet normal 0.998211 -0 0.0597854
    outer loop
      vertex 98.4557 172 77.7962
      vertex 98.4936 172.8 77.1634
      vertex 98.4557 172.8 77.7962
    endloop
  endfacet
  facet normal 0.998211 0 0.0597854
    outer loop
      vertex 98.4936 172.8 77.1634
      vertex 98.4557 172 77.7962
      vertex 98.4936 172 77.1634
    endloop
  endfacet
  facet normal 0.979653 -0 0.200697
    outer loop
      vertex 98.4936 172 77.1634
      vertex 98.6073 172.8 76.6084
      vertex 98.4936 172.8 77.1634
    endloop
  endfacet
  facet normal 0.979653 0 0.200697
    outer loop
      vertex 98.6073 172.8 76.6084
      vertex 98.4936 172 77.1634
      vertex 98.6073 172 76.6084
    endloop
  endfacet
  facet normal 0.929441 -0 0.368971
    outer loop
      vertex 98.6073 172 76.6084
      vertex 98.7967 172.8 76.1313
      vertex 98.6073 172.8 76.6084
    endloop
  endfacet
  facet normal 0.929441 0 0.368971
    outer loop
      vertex 98.7967 172.8 76.1313
      vertex 98.6073 172 76.6084
      vertex 98.7967 172 76.1313
    endloop
  endfacet
  facet normal 0.832852 -0 0.553496
    outer loop
      vertex 98.7967 172 76.1313
      vertex 99.062 172.8 75.7321
      vertex 98.7967 172.8 76.1313
    endloop
  endfacet
  facet normal 0.832852 0 0.553496
    outer loop
      vertex 99.062 172.8 75.7321
      vertex 98.7967 172 76.1313
      vertex 99.062 172 75.7321
    endloop
  endfacet
  facet normal 0.684938 0 0.728602
    outer loop
      vertex 99.062 172.8 75.7321
      vertex 99.3974 172 75.4168
      vertex 99.3974 172.8 75.4168
    endloop
  endfacet
  facet normal 0.684938 0 0.728602
    outer loop
      vertex 99.3974 172 75.4168
      vertex 99.062 172.8 75.7321
      vertex 99.062 172 75.7321
    endloop
  endfacet
  facet normal 0.490592 0 0.871389
    outer loop
      vertex 99.3974 172.8 75.4168
      vertex 99.7974 172 75.1916
      vertex 99.7974 172.8 75.1916
    endloop
  endfacet
  facet normal 0.490592 0 0.871389
    outer loop
      vertex 99.7974 172 75.1916
      vertex 99.3974 172.8 75.4168
      vertex 99.3974 172 75.4168
    endloop
  endfacet
  facet normal 0.279413 0 0.960171
    outer loop
      vertex 99.7974 172.8 75.1916
      vertex 100.262 172 75.0564
      vertex 100.262 172.8 75.0564
    endloop
  endfacet
  facet normal 0.279413 0 0.960171
    outer loop
      vertex 100.262 172 75.0564
      vertex 99.7974 172.8 75.1916
      vertex 99.7974 172 75.1916
    endloop
  endfacet
  facet normal 0.08476 0 0.996401
    outer loop
      vertex 100.262 172.8 75.0564
      vertex 100.791 172 75.0114
      vertex 100.791 172.8 75.0114
    endloop
  endfacet
  facet normal 0.08476 0 0.996401
    outer loop
      vertex 100.791 172 75.0114
      vertex 100.262 172.8 75.0564
      vertex 100.262 172 75.0564
    endloop
  endfacet
  facet normal -0.028261 0 0.999601
    outer loop
      vertex 100.791 172.8 75.0114
      vertex 100.982 172 75.0168
      vertex 100.982 172.8 75.0168
    endloop
  endfacet
  facet normal -0.028261 0 0.999601
    outer loop
      vertex 100.982 172 75.0168
      vertex 100.791 172.8 75.0114
      vertex 100.791 172 75.0114
    endloop
  endfacet
  facet normal -0.0845133 0 0.996422
    outer loop
      vertex 100.982 172.8 75.0168
      vertex 101.173 172 75.033
      vertex 101.173 172.8 75.033
    endloop
  endfacet
  facet normal -0.0845133 0 0.996422
    outer loop
      vertex 101.173 172 75.033
      vertex 100.982 172.8 75.0168
      vertex 100.982 172 75.0168
    endloop
  endfacet
  facet normal -0.140181 0 0.990126
    outer loop
      vertex 101.173 172.8 75.033
      vertex 101.363 172 75.0599
      vertex 101.363 172.8 75.0599
    endloop
  endfacet
  facet normal -0.140181 0 0.990126
    outer loop
      vertex 101.363 172 75.0599
      vertex 101.173 172.8 75.033
      vertex 101.173 172 75.033
    endloop
  endfacet
  facet normal -0.196116 0 0.980581
    outer loop
      vertex 101.363 172.8 75.0599
      vertex 101.552 172 75.0977
      vertex 101.552 172.8 75.0977
    endloop
  endfacet
  facet normal -0.196116 0 0.980581
    outer loop
      vertex 101.552 172 75.0977
      vertex 101.363 172.8 75.0599
      vertex 101.363 172 75.0599
    endloop
  endfacet
  facet normal -0.250962 0 0.967997
    outer loop
      vertex 101.552 172.8 75.0977
      vertex 101.741 172 75.1467
      vertex 101.741 172.8 75.1467
    endloop
  endfacet
  facet normal -0.250962 0 0.967997
    outer loop
      vertex 101.741 172 75.1467
      vertex 101.552 172.8 75.0977
      vertex 101.552 172 75.0977
    endloop
  endfacet
  facet normal -0.30523 0 0.952279
    outer loop
      vertex 101.741 172.8 75.1467
      vertex 101.931 172 75.2076
      vertex 101.931 172.8 75.2076
    endloop
  endfacet
  facet normal -0.30523 0 0.952279
    outer loop
      vertex 101.931 172 75.2076
      vertex 101.741 172.8 75.1467
      vertex 101.741 172 75.1467
    endloop
  endfacet
  facet normal -0.355303 0 0.934751
    outer loop
      vertex 101.931 172.8 75.2076
      vertex 102.122 172 75.2802
      vertex 102.122 172.8 75.2802
    endloop
  endfacet
  facet normal -0.355303 0 0.934751
    outer loop
      vertex 102.122 172 75.2802
      vertex 101.931 172.8 75.2076
      vertex 101.931 172 75.2076
    endloop
  endfacet
  facet normal -0.404583 0 0.914501
    outer loop
      vertex 102.122 172.8 75.2802
      vertex 102.313 172 75.3647
      vertex 102.313 172.8 75.3647
    endloop
  endfacet
  facet normal -0.404583 0 0.914501
    outer loop
      vertex 102.313 172 75.3647
      vertex 102.122 172.8 75.2802
      vertex 102.122 172 75.2802
    endloop
  endfacet
  facet normal 0.999995 0 -0.00303063
    outer loop
      vertex 102.313 172 75.3647
      vertex 102.305 172.8 72.725
      vertex 102.313 172.8 75.3647
    endloop
  endfacet
  facet normal 0.999995 0 -0.00303063
    outer loop
      vertex 102.305 172.8 72.725
      vertex 102.313 172 75.3647
      vertex 102.305 172 72.725
    endloop
  endfacet
  facet normal 0.118121 0 -0.992999
    outer loop
      vertex 102.152 172 72.7068
      vertex 102.305 172.8 72.725
      vertex 102.305 172 72.725
    endloop
  endfacet
  facet normal 0.118121 0 -0.992999
    outer loop
      vertex 102.305 172.8 72.725
      vertex 102.152 172 72.7068
      vertex 102.152 172.8 72.7068
    endloop
  endfacet
  facet normal 0.108314 0 -0.994117
    outer loop
      vertex 102.018 172 72.6922
      vertex 102.152 172.8 72.7068
      vertex 102.152 172 72.7068
    endloop
  endfacet
  facet normal 0.108314 0 -0.994117
    outer loop
      vertex 102.152 172.8 72.7068
      vertex 102.018 172 72.6922
      vertex 102.018 172.8 72.6922
    endloop
  endfacet
  facet normal 0.0969327 0 -0.995291
    outer loop
      vertex 101.903 172 72.681
      vertex 102.018 172.8 72.6922
      vertex 102.018 172 72.6922
    endloop
  endfacet
  facet normal 0.0969327 0 -0.995291
    outer loop
      vertex 102.018 172.8 72.6922
      vertex 101.903 172 72.681
      vertex 101.903 172.8 72.681
    endloop
  endfacet
  facet normal 0.0807877 0 -0.996731
    outer loop
      vertex 101.808 172 72.6733
      vertex 101.903 172.8 72.681
      vertex 101.903 172 72.681
    endloop
  endfacet
  facet normal 0.0807877 0 -0.996731
    outer loop
      vertex 101.903 172.8 72.681
      vertex 101.808 172 72.6733
      vertex 101.808 172.8 72.6733
    endloop
  endfacet
  facet normal 0.0617865 0 -0.998089
    outer loop
      vertex 101.724 172 72.6681
      vertex 101.808 172.8 72.6733
      vertex 101.808 172 72.6733
    endloop
  endfacet
  facet normal 0.0617865 0 -0.998089
    outer loop
      vertex 101.808 172.8 72.6733
      vertex 101.724 172 72.6681
      vertex 101.724 172.8 72.6681
    endloop
  endfacet
  facet normal 0.0474465 0 -0.998874
    outer loop
      vertex 101.644 172 72.6643
      vertex 101.724 172.8 72.6681
      vertex 101.724 172 72.6681
    endloop
  endfacet
  facet normal 0.0474465 0 -0.998874
    outer loop
      vertex 101.724 172.8 72.6681
      vertex 101.644 172 72.6643
      vertex 101.644 172.8 72.6643
    endloop
  endfacet
  facet normal 0.0281939 0 -0.999602
    outer loop
      vertex 101.566 172 72.6621
      vertex 101.644 172.8 72.6643
      vertex 101.644 172 72.6643
    endloop
  endfacet
  facet normal 0.0281939 0 -0.999602
    outer loop
      vertex 101.644 172.8 72.6643
      vertex 101.566 172 72.6621
      vertex 101.566 172.8 72.6621
    endloop
  endfacet
  facet normal 0.0106661 0 -0.999943
    outer loop
      vertex 101.491 172 72.6613
      vertex 101.566 172.8 72.6621
      vertex 101.566 172 72.6621
    endloop
  endfacet
  facet normal 0.0106661 0 -0.999943
    outer loop
      vertex 101.566 172.8 72.6621
      vertex 101.491 172 72.6613
      vertex 101.491 172.8 72.6613
    endloop
  endfacet
  facet normal -0.0522706 0 -0.998633
    outer loop
      vertex 101 172 72.687
      vertex 101.491 172.8 72.6613
      vertex 101.491 172 72.6613
    endloop
  endfacet
  facet normal -0.0522706 0 -0.998633
    outer loop
      vertex 101.491 172.8 72.6613
      vertex 101 172 72.687
      vertex 101 172.8 72.687
    endloop
  endfacet
  facet normal -0.167638 0 -0.985849
    outer loop
      vertex 100.546 172 72.7642
      vertex 101 172.8 72.687
      vertex 101 172 72.687
    endloop
  endfacet
  facet normal -0.167638 0 -0.985849
    outer loop
      vertex 101 172.8 72.687
      vertex 100.546 172 72.7642
      vertex 100.546 172.8 72.7642
    endloop
  endfacet
  facet normal -0.294263 0 -0.955725
    outer loop
      vertex 100.128 172 72.8929
      vertex 100.546 172.8 72.7642
      vertex 100.546 172 72.7642
    endloop
  endfacet
  facet normal -0.294263 0 -0.955725
    outer loop
      vertex 100.546 172.8 72.7642
      vertex 100.128 172 72.8929
      vertex 100.128 172.8 72.8929
    endloop
  endfacet
  facet normal -0.425991 0 -0.904728
    outer loop
      vertex 99.7455 172 73.073
      vertex 100.128 172.8 72.8929
      vertex 100.128 172 72.8929
    endloop
  endfacet
  facet normal -0.425991 0 -0.904728
    outer loop
      vertex 100.128 172.8 72.8929
      vertex 99.7455 172 73.073
      vertex 99.7455 172.8 73.073
    endloop
  endfacet
  facet normal -0.555351 0 -0.831616
    outer loop
      vertex 99.3918 172 73.3092
      vertex 99.7455 172.8 73.073
      vertex 99.7455 172 73.073
    endloop
  endfacet
  facet normal -0.555351 0 -0.831616
    outer loop
      vertex 99.7455 172.8 73.073
      vertex 99.3918 172 73.3092
      vertex 99.3918 172.8 73.3092
    endloop
  endfacet
  facet normal -0.665476 0 -0.746419
    outer loop
      vertex 99.0589 172 73.606
      vertex 99.3918 172.8 73.3092
      vertex 99.3918 172 73.3092
    endloop
  endfacet
  facet normal -0.665476 0 -0.746419
    outer loop
      vertex 99.3918 172.8 73.3092
      vertex 99.0589 172 73.606
      vertex 99.0589 172.8 73.606
    endloop
  endfacet
  facet normal -0.753425 0 -0.657534
    outer loop
      vertex 99.0589 172 73.606
      vertex 98.7469 172.8 73.9635
      vertex 99.0589 172.8 73.606
    endloop
  endfacet
  facet normal -0.753425 -0 -0.657534
    outer loop
      vertex 98.7469 172.8 73.9635
      vertex 99.0589 172 73.606
      vertex 98.7469 172 73.9635
    endloop
  endfacet
  facet normal -0.820585 0 -0.571524
    outer loop
      vertex 98.7469 172 73.9635
      vertex 98.4557 172.8 74.3816
      vertex 98.7469 172.8 73.9635
    endloop
  endfacet
  facet normal -0.820585 -0 -0.571524
    outer loop
      vertex 98.4557 172.8 74.3816
      vertex 98.7469 172 73.9635
      vertex 98.4557 172 74.3816
    endloop
  endfacet
  facet normal 1 -0 0
    outer loop
      vertex 98.4557 172 74.3816
      vertex 98.4557 172.8 72.8763
      vertex 98.4557 172.8 74.3816
    endloop
  endfacet
  facet normal 1 0 0
    outer loop
      vertex 98.4557 172.8 72.8763
      vertex 98.4557 172 74.3816
      vertex 98.4557 172 72.8763
    endloop
  endfacet
  facet normal 0 0 -1
    outer loop
      vertex 95.5425 172 72.8763
      vertex 98.4557 172.8 72.8763
      vertex 98.4557 172 72.8763
    endloop
  endfacet
  facet normal -0 0 -1
    outer loop
      vertex 98.4557 172.8 72.8763
      vertex 95.5425 172 72.8763
      vertex 95.5425 172.8 72.8763
    endloop
  endfacet
  facet normal -1 0 0
    outer loop
      vertex 95.5425 172 72.8763
      vertex 95.5425 172.8 81.9925
      vertex 95.5425 172.8 72.8763
    endloop
  endfacet
  facet normal -1 -0 0
    outer loop
      vertex 95.5425 172.8 81.9925
      vertex 95.5425 172 72.8763
      vertex 95.5425 172 81.9925
    endloop
  endfacet
  facet normal -0 0 1
    outer loop
      vertex 95.5425 172.8 81.9925
      vertex 98.4557 172 81.9925
      vertex 98.4557 172.8 81.9925
    endloop
  endfacet
  facet normal 0 0 1
    outer loop
      vertex 98.4557 172 81.9925
      vertex 95.5425 172.8 81.9925
      vertex 95.5425 172 81.9925
    endloop
  endfacet
  facet normal 1 -0 0
    outer loop
      vertex 98.4557 172 81.9925
      vertex 98.4557 172.8 77.7962
      vertex 98.4557 172.8 81.9925
    endloop
  endfacet
  facet normal 1 0 0
    outer loop
      vertex 98.4557 172.8 77.7962
      vertex 98.4557 172 81.9925
      vertex 98.4557 172 77.7962
    endloop
  endfacet
  facet normal 0.0723856 0 0.997377
    outer loop
      vertex 75.0174 172.8 82.2181
      vertex 75.5341 172 82.1806
      vertex 75.5341 172.8 82.1806
    endloop
  endfacet
  facet normal 0.0723856 0 0.997377
    outer loop
      vertex 75.5341 172 82.1806
      vertex 75.0174 172.8 82.2181
      vertex 75.0174 172 82.2181
    endloop
  endfacet
  facet normal 0.119872 0 0.992789
    outer loop
      vertex 75.5341 172.8 82.1806
      vertex 76.0509 172 82.1182
      vertex 76.0509 172.8 82.1182
    endloop
  endfacet
  facet normal 0.119872 0 0.992789
    outer loop
      vertex 76.0509 172 82.1182
      vertex 75.5341 172.8 82.1806
      vertex 75.5341 172 82.1806
    endloop
  endfacet
  facet normal 0.166781 0 0.985994
    outer loop
      vertex 76.0509 172.8 82.1182
      vertex 76.5676 172 82.0308
      vertex 76.5676 172.8 82.0308
    endloop
  endfacet
  facet normal 0.166781 0 0.985994
    outer loop
      vertex 76.5676 172 82.0308
      vertex 76.0509 172.8 82.1182
      vertex 76.0509 172 82.1182
    endloop
  endfacet
  facet normal 0.21166 0 0.977343
    outer loop
      vertex 76.5676 172.8 82.0308
      vertex 77.0843 172 81.9189
      vertex 77.0843 172.8 81.9189
    endloop
  endfacet
  facet normal 0.21166 0 0.977343
    outer loop
      vertex 77.0843 172 81.9189
      vertex 76.5676 172.8 82.0308
      vertex 76.5676 172 82.0308
    endloop
  endfacet
  facet normal 0.254189 0 0.967155
    outer loop
      vertex 77.0843 172.8 81.9189
      vertex 77.601 172 81.7831
      vertex 77.601 172.8 81.7831
    endloop
  endfacet
  facet normal 0.254189 0 0.967155
    outer loop
      vertex 77.601 172 81.7831
      vertex 77.0843 172.8 81.9189
      vertex 77.0843 172 81.9189
    endloop
  endfacet
  facet normal 0.295411 0 0.95537
    outer loop
      vertex 77.601 172.8 81.7831
      vertex 78.1178 172 81.6233
      vertex 78.1178 172.8 81.6233
    endloop
  endfacet
  facet normal 0.295411 0 0.95537
    outer loop
      vertex 78.1178 172 81.6233
      vertex 77.601 172.8 81.7831
      vertex 77.601 172 81.7831
    endloop
  endfacet
  facet normal 0.335146 0 0.942166
    outer loop
      vertex 78.1178 172.8 81.6233
      vertex 78.6345 172 81.4395
      vertex 78.6345 172.8 81.4395
    endloop
  endfacet
  facet normal 0.335146 0 0.942166
    outer loop
      vertex 78.6345 172 81.4395
      vertex 78.1178 172.8 81.6233
      vertex 78.1178 172 81.6233
    endloop
  endfacet
  facet normal 1 -0 0
    outer loop
      vertex 78.6345 172 81.4395
      vertex 78.6345 172.8 79.197
      vertex 78.6345 172.8 81.4395
    endloop
  endfacet
  facet normal 1 0 0
    outer loop
      vertex 78.6345 172.8 79.197
      vertex 78.6345 172 81.4395
      vertex 78.6345 172 79.197
    endloop
  endfacet
  facet normal -0.456138 0 -0.889909
    outer loop
      vertex 78.1292 172 79.456
      vertex 78.6345 172.8 79.197
      vertex 78.6345 172 79.197
    endloop
  endfacet
  facet normal -0.456138 0 -0.889909
    outer loop
      vertex 78.6345 172.8 79.197
      vertex 78.1292 172 79.456
      vertex 78.1292 172.8 79.456
    endloop
  endfacet
  facet normal -0.409733 0 -0.912205
    outer loop
      vertex 77.6305 172 79.68
      vertex 78.1292 172.8 79.456
      vertex 78.1292 172 79.456
    endloop
  endfacet
  facet normal -0.409733 0 -0.912205
    outer loop
      vertex 78.1292 172.8 79.456
      vertex 77.6305 172 79.68
      vertex 77.6305 172.8 79.68
    endloop
  endfacet
  facet normal -0.358369 0 -0.93358
    outer loop
      vertex 77.1384 172 79.8689
      vertex 77.6305 172.8 79.68
      vertex 77.6305 172 79.68
    endloop
  endfacet
  facet normal -0.358369 0 -0.93358
    outer loop
      vertex 77.6305 172.8 79.68
      vertex 77.1384 172 79.8689
      vertex 77.1384 172.8 79.8689
    endloop
  endfacet
  facet normal -0.301996 0 -0.953309
    outer loop
      vertex 76.6529 172 80.0227
      vertex 77.1384 172.8 79.8689
      vertex 77.1384 172 79.8689
    endloop
  endfacet
  facet normal -0.301996 0 -0.953309
    outer loop
      vertex 77.1384 172.8 79.8689
      vertex 76.6529 172 80.0227
      vertex 76.6529 172.8 80.0227
    endloop
  endfacet
  facet normal -0.241344 0 -0.97044
    outer loop
      vertex 76.1736 172 80.1419
      vertex 76.6529 172.8 80.0227
      vertex 76.6529 172 80.0227
    endloop
  endfacet
  facet normal -0.241344 0 -0.97044
    outer loop
      vertex 76.6529 172.8 80.0227
      vertex 76.1736 172 80.1419
      vertex 76.1736 172.8 80.1419
    endloop
  endfacet
  facet normal -0.17702 0 -0.984207
    outer loop
      vertex 75.6999 172 80.2271
      vertex 76.1736 172.8 80.1419
      vertex 76.1736 172 80.1419
    endloop
  endfacet
  facet normal -0.17702 0 -0.984207
    outer loop
      vertex 76.1736 172.8 80.1419
      vertex 75.6999 172 80.2271
      vertex 75.6999 172.8 80.2271
    endloop
  endfacet
  facet normal -0.108497 0 -0.994097
    outer loop
      vertex 75.2317 172 80.2782
      vertex 75.6999 172.8 80.2271
      vertex 75.6999 172 80.2271
    endloop
  endfacet
  facet normal -0.108497 0 -0.994097
    outer loop
      vertex 75.6999 172.8 80.2271
      vertex 75.2317 172 80.2782
      vertex 75.2317 172.8 80.2782
    endloop
  endfacet
  facet normal -0.036724 0 -0.999325
    outer loop
      vertex 74.7691 172 80.2952
      vertex 75.2317 172.8 80.2782
      vertex 75.2317 172 80.2782
    endloop
  endfacet
  facet normal -0.036724 0 -0.999325
    outer loop
      vertex 75.2317 172.8 80.2782
      vertex 74.7691 172 80.2952
      vertex 74.7691 172.8 80.2952
    endloop
  endfacet
  facet normal 0.0593636 0 -0.998236
    outer loop
      vertex 74.231 172 80.2632
      vertex 74.7691 172.8 80.2952
      vertex 74.7691 172 80.2952
    endloop
  endfacet
  facet normal 0.0593636 0 -0.998236
    outer loop
      vertex 74.7691 172.8 80.2952
      vertex 74.231 172 80.2632
      vertex 74.231 172.8 80.2632
    endloop
  endfacet
  facet normal 0.198298 0 -0.980142
    outer loop
      vertex 73.756 172 80.1671
      vertex 74.231 172.8 80.2632
      vertex 74.231 172 80.2632
    endloop
  endfacet
  facet normal 0.198298 0 -0.980142
    outer loop
      vertex 74.231 172.8 80.2632
      vertex 73.756 172 80.1671
      vertex 73.756 172.8 80.1671
    endloop
  endfacet
  facet normal 0.362479 0 -0.931992
    outer loop
      vertex 73.3441 172 80.0069
      vertex 73.756 172.8 80.1671
      vertex 73.756 172 80.1671
    endloop
  endfacet
  facet normal 0.362479 0 -0.931992
    outer loop
      vertex 73.756 172.8 80.1671
      vertex 73.3441 172 80.0069
      vertex 73.3441 172.8 80.0069
    endloop
  endfacet
  facet normal 0.54077 0 -0.841171
    outer loop
      vertex 72.9952 172 79.7826
      vertex 73.3441 172.8 80.0069
      vertex 73.3441 172 80.0069
    endloop
  endfacet
  facet normal 0.54077 0 -0.841171
    outer loop
      vertex 73.3441 172.8 80.0069
      vertex 72.9952 172 79.7826
      vertex 72.9952 172.8 79.7826
    endloop
  endfacet
  facet normal 0.712151 0 -0.702027
    outer loop
      vertex 72.9952 172 79.7826
      vertex 72.7109 172.8 79.4942
      vertex 72.9952 172.8 79.7826
    endloop
  endfacet
  facet normal 0.712151 0 -0.702027
    outer loop
      vertex 72.7109 172.8 79.4942
      vertex 72.9952 172 79.7826
      vertex 72.7109 172 79.4942
    endloop
  endfacet
  facet normal 0.850214 0 -0.526438
    outer loop
      vertex 72.7109 172 79.4942
      vertex 72.4927 172.8 79.1418
      vertex 72.7109 172.8 79.4942
    endloop
  endfacet
  facet normal 0.850214 0 -0.526438
    outer loop
      vertex 72.4927 172.8 79.1418
      vertex 72.7109 172 79.4942
      vertex 72.4927 172 79.1418
    endloop
  endfacet
  facet normal 0.939325 0 -0.343028
    outer loop
      vertex 72.4927 172 79.1418
      vertex 72.3406 172.8 78.7253
      vertex 72.4927 172.8 79.1418
    endloop
  endfacet
  facet normal 0.939325 0 -0.343028
    outer loop
      vertex 72.3406 172.8 78.7253
      vertex 72.4927 172 79.1418
      vertex 72.3406 172 78.7253
    endloop
  endfacet
  facet normal 0.9844 0 -0.175947
    outer loop
      vertex 72.3406 172 78.7253
      vertex 72.2547 172.8 78.2447
      vertex 72.3406 172.8 78.7253
    endloop
  endfacet
  facet normal 0.9844 0 -0.175947
    outer loop
      vertex 72.2547 172.8 78.2447
      vertex 72.3406 172 78.7253
      vertex 72.2547 172 78.2447
    endloop
  endfacet
  facet normal -0 0 1
    outer loop
      vertex 72.2547 172.8 78.2447
      vertex 79.0658 172 78.2447
      vertex 79.0658 172.8 78.2447
    endloop
  endfacet
  facet normal 0 0 1
    outer loop
      vertex 79.0658 172 78.2447
      vertex 72.2547 172.8 78.2447
      vertex 72.2547 172 78.2447
    endloop
  endfacet
  facet normal 1 -0 0
    outer loop
      vertex 79.0658 172 78.2447
      vertex 79.0658 172.8 77.4152
      vertex 79.0658 172.8 78.2447
    endloop
  endfacet
  facet normal 1 0 0
    outer loop
      vertex 79.0658 172.8 77.4152
      vertex 79.0658 172 78.2447
      vertex 79.0658 172 77.4152
    endloop
  endfacet
  facet normal 0.996934 0 -0.078246
    outer loop
      vertex 79.0658 172 77.4152
      vertex 78.9851 172.8 76.387
      vertex 79.0658 172.8 77.4152
    endloop
  endfacet
  facet normal 0.996934 0 -0.078246
    outer loop
      vertex 78.9851 172.8 76.387
      vertex 79.0658 172 77.4152
      vertex 78.9851 172 76.387
    endloop
  endfacet
  facet normal 0.967106 0 -0.254374
    outer loop
      vertex 78.9851 172 76.387
      vertex 78.7433 172.8 75.4677
      vertex 78.9851 172.8 76.387
    endloop
  endfacet
  facet normal 0.967106 0 -0.254374
    outer loop
      vertex 78.7433 172.8 75.4677
      vertex 78.9851 172 76.387
      vertex 78.7433 172 75.4677
    endloop
  endfacet
  facet normal 0.895419 0 -0.445224
    outer loop
      vertex 78.7433 172 75.4677
      vertex 78.3403 172.8 74.6572
      vertex 78.7433 172.8 75.4677
    endloop
  endfacet
  facet normal 0.895419 0 -0.445224
    outer loop
      vertex 78.3403 172.8 74.6572
      vertex 78.7433 172 75.4677
      vertex 78.3403 172 74.6572
    endloop
  endfacet
  facet normal 0.77923 0 -0.626738
    outer loop
      vertex 78.3403 172 74.6572
      vertex 77.776 172.8 73.9556
      vertex 78.3403 172.8 74.6572
    endloop
  endfacet
  facet normal 0.77923 0 -0.626738
    outer loop
      vertex 77.776 172.8 73.9556
      vertex 78.3403 172 74.6572
      vertex 77.776 172 73.9556
    endloop
  endfacet
  facet normal 0.629646 0 -0.776882
    outer loop
      vertex 77.0774 172 73.3894
      vertex 77.776 172.8 73.9556
      vertex 77.776 172 73.9556
    endloop
  endfacet
  facet normal 0.629646 0 -0.776882
    outer loop
      vertex 77.776 172.8 73.9556
      vertex 77.0774 172 73.3894
      vertex 77.0774 172.8 73.3894
    endloop
  endfacet
  facet normal 0.448633 0 -0.893716
    outer loop
      vertex 76.2716 172 72.9849
      vertex 77.0774 172.8 73.3894
      vertex 77.0774 172 73.3894
    endloop
  endfacet
  facet normal 0.448633 0 -0.893716
    outer loop
      vertex 77.0774 172.8 73.3894
      vertex 76.2716 172 72.9849
      vertex 76.2716 172.8 72.9849
    endloop
  endfacet
  facet normal 0.256852 0 -0.966451
    outer loop
      vertex 75.3584 172 72.7422
      vertex 76.2716 172.8 72.9849
      vertex 76.2716 172 72.9849
    endloop
  endfacet
  facet normal 0.256852 0 -0.966451
    outer loop
      vertex 76.2716 172.8 72.9849
      vertex 75.3584 172 72.7422
      vertex 75.3584 172.8 72.7422
    endloop
  endfacet
  facet normal 0.0790269 0 -0.996872
    outer loop
      vertex 74.3379 172 72.6613
      vertex 75.3584 172.8 72.7422
      vertex 75.3584 172 72.7422
    endloop
  endfacet
  facet normal 0.0790269 0 -0.996872
    outer loop
      vertex 75.3584 172.8 72.7422
      vertex 74.3379 172 72.6613
      vertex 74.3379 172.8 72.6613
    endloop
  endfacet
  facet normal -0.0712851 0 -0.997456
    outer loop
      vertex 73.2213 172 72.7411
      vertex 74.3379 172.8 72.6613
      vertex 74.3379 172 72.6613
    endloop
  endfacet
  facet normal -0.0712851 0 -0.997456
    outer loop
      vertex 74.3379 172.8 72.6613
      vertex 73.2213 172 72.7411
      vertex 73.2213 172.8 72.7411
    endloop
  endfacet
  facet normal -0.235229 0 -0.97194
    outer loop
      vertex 72.2313 172 72.9807
      vertex 73.2213 172.8 72.7411
      vertex 73.2213 172 72.7411
    endloop
  endfacet
  facet normal -0.235229 0 -0.97194
    outer loop
      vertex 73.2213 172.8 72.7411
      vertex 72.2313 172 72.9807
      vertex 72.2313 172.8 72.9807
    endloop
  endfacet
  facet normal -0.419711 0 -0.907658
    outer loop
      vertex 71.368 172 73.3799
      vertex 72.2313 172.8 72.9807
      vertex 72.2313 172 72.9807
    endloop
  endfacet
  facet normal -0.419711 0 -0.907658
    outer loop
      vertex 72.2313 172.8 72.9807
      vertex 71.368 172 73.3799
      vertex 71.368 172.8 73.3799
    endloop
  endfacet
  facet normal -0.604403 0 -0.796679
    outer loop
      vertex 70.6313 172 73.9388
      vertex 71.368 172.8 73.3799
      vertex 71.368 172 73.3799
    endloop
  endfacet
  facet normal -0.604403 0 -0.796679
    outer loop
      vertex 71.368 172.8 73.3799
      vertex 70.6313 172 73.9388
      vertex 70.6313 172.8 73.9388
    endloop
  endfacet
  facet normal -0.764286 0 -0.644877
    outer loop
      vertex 70.6313 172 73.9388
      vertex 70.0421 172.8 74.6371
      vertex 70.6313 172.8 73.9388
    endloop
  endfacet
  facet normal -0.764286 -0 -0.644877
    outer loop
      vertex 70.0421 172.8 74.6371
      vertex 70.6313 172 73.9388
      vertex 70.0421 172 74.6371
    endloop
  endfacet
  facet normal -0.889034 0 -0.457842
    outer loop
      vertex 70.0421 172 74.6371
      vertex 69.6212 172.8 75.4544
      vertex 70.0421 172.8 74.6371
    endloop
  endfacet
  facet normal -0.889034 -0 -0.457842
    outer loop
      vertex 69.6212 172.8 75.4544
      vertex 70.0421 172 74.6371
      vertex 69.6212 172 75.4544
    endloop
  endfacet
  facet normal -0.965507 0 -0.260377
    outer loop
      vertex 69.6212 172 75.4544
      vertex 69.3687 172.8 76.3907
      vertex 69.6212 172.8 75.4544
    endloop
  endfacet
  facet normal -0.965507 -0 -0.260377
    outer loop
      vertex 69.3687 172.8 76.3907
      vertex 69.6212 172 75.4544
      vertex 69.3687 172 76.3907
    endloop
  endfacet
  facet normal -0.996832 0 -0.079535
    outer loop
      vertex 69.3687 172 76.3907
      vertex 69.2845 172.8 77.446
      vertex 69.3687 172.8 76.3907
    endloop
  endfacet
  facet normal -0.996832 -0 -0.079535
    outer loop
      vertex 69.2845 172.8 77.446
      vertex 69.3687 172 76.3907
      vertex 69.2845 172 77.446
    endloop
  endfacet
  facet normal -0.996819 0 0.0797046
    outer loop
      vertex 69.2845 172 77.446
      vertex 69.3702 172.8 78.5178
      vertex 69.2845 172.8 77.446
    endloop
  endfacet
  facet normal -0.996819 0 0.0797046
    outer loop
      vertex 69.3702 172.8 78.5178
      vertex 69.2845 172 77.446
      vertex 69.3702 172 78.5178
    endloop
  endfacet
  facet normal -0.96494 0 0.262469
    outer loop
      vertex 69.3702 172 78.5178
      vertex 69.6273 172.8 79.463
      vertex 69.3702 172.8 78.5178
    endloop
  endfacet
  facet normal -0.96494 0 0.262469
    outer loop
      vertex 69.6273 172.8 79.463
      vertex 69.3702 172 78.5178
      vertex 69.6273 172 79.463
    endloop
  endfacet
  facet normal -0.885937 0 0.463805
    outer loop
      vertex 69.6273 172 79.463
      vertex 70.0558 172.8 80.2815
      vertex 69.6273 172.8 79.463
    endloop
  endfacet
  facet normal -0.885937 0 0.463805
    outer loop
      vertex 70.0558 172.8 80.2815
      vertex 69.6273 172 79.463
      vertex 70.0558 172 80.2815
    endloop
  endfacet
  facet normal -0.755552 0 0.655089
    outer loop
      vertex 70.0558 172 80.2815
      vertex 70.6557 172.8 80.9734
      vertex 70.0558 172.8 80.2815
    endloop
  endfacet
  facet normal -0.755552 0 0.655089
    outer loop
      vertex 70.6557 172.8 80.9734
      vertex 70.0558 172 80.2815
      vertex 70.6557 172 80.9734
    endloop
  endfacet
  facet normal -0.589063 0 0.808087
    outer loop
      vertex 70.6557 172.8 80.9734
      vertex 71.4102 172 81.5234
      vertex 71.4102 172.8 81.5234
    endloop
  endfacet
  facet normal -0.589063 0 0.808087
    outer loop
      vertex 71.4102 172 81.5234
      vertex 70.6557 172.8 80.9734
      vertex 70.6557 172 80.9734
    endloop
  endfacet
  facet normal -0.402986 0 0.915206
    outer loop
      vertex 71.4102 172.8 81.5234
      vertex 72.3025 172 81.9163
      vertex 72.3025 172.8 81.9163
    endloop
  endfacet
  facet normal -0.402986 0 0.915206
    outer loop
      vertex 72.3025 172 81.9163
      vertex 71.4102 172.8 81.5234
      vertex 71.4102 172 81.5234
    endloop
  endfacet
  facet normal -0.223048 0 0.974807
    outer loop
      vertex 72.3025 172.8 81.9163
      vertex 73.3326 172 82.152
      vertex 73.3326 172.8 82.152
    endloop
  endfacet
  facet normal -0.223048 0 0.974807
    outer loop
      vertex 73.3326 172 82.152
      vertex 72.3025 172.8 81.9163
      vertex 72.3025 172 81.9163
    endloop
  endfacet
  facet normal -0.0671427 0 0.997743
    outer loop
      vertex 73.3326 172.8 82.152
      vertex 74.5006 172 82.2306
      vertex 74.5006 172.8 82.2306
    endloop
  endfacet
  facet normal -0.0671427 0 0.997743
    outer loop
      vertex 74.5006 172 82.2306
      vertex 73.3326 172.8 82.152
      vertex 73.3326 172 82.152
    endloop
  endfacet
  facet normal 0.0241802 0 0.999708
    outer loop
      vertex 74.5006 172.8 82.2306
      vertex 75.0174 172 82.2181
      vertex 75.0174 172.8 82.2181
    endloop
  endfacet
  facet normal 0.0241802 0 0.999708
    outer loop
      vertex 75.0174 172 82.2181
      vertex 74.5006 172.8 82.2306
      vertex 74.5006 172 82.2306
    endloop
  endfacet
  facet normal 0.978026 -0 0.208485
    outer loop
      vertex 72.2872 172 76.4475
      vertex 72.3772 172.8 76.0253
      vertex 72.2872 172.8 76.4475
    endloop
  endfacet
  facet normal 0.978026 0 0.208485
    outer loop
      vertex 72.3772 172.8 76.0253
      vertex 72.2872 172 76.4475
      vertex 72.3772 172 76.0253
    endloop
  endfacet
  facet normal 0.935275 -0 0.353922
    outer loop
      vertex 72.3772 172 76.0253
      vertex 72.5171 172.8 75.6556
      vertex 72.3772 172.8 76.0253
    endloop
  endfacet
  facet normal 0.935275 0 0.353922
    outer loop
      vertex 72.5171 172.8 75.6556
      vertex 72.3772 172 76.0253
      vertex 72.5171 172 75.6556
    endloop
  endfacet
  facet normal 0.858232 -0 0.513262
    outer loop
      vertex 72.5171 172 75.6556
      vertex 72.7068 172.8 75.3384
      vertex 72.5171 172.8 75.6556
    endloop
  endfacet
  facet normal 0.858232 0 0.513262
    outer loop
      vertex 72.7068 172.8 75.3384
      vertex 72.5171 172 75.6556
      vertex 72.7068 172 75.3384
    endloop
  endfacet
  facet normal 0.741383 -0 0.671082
    outer loop
      vertex 72.7068 172 75.3384
      vertex 72.9464 172.8 75.0737
      vertex 72.7068 172.8 75.3384
    endloop
  endfacet
  facet normal 0.741383 0 0.671082
    outer loop
      vertex 72.9464 172.8 75.0737
      vertex 72.7068 172 75.3384
      vertex 72.9464 172 75.0737
    endloop
  endfacet
  facet normal 0.591757 0 0.806116
    outer loop
      vertex 72.9464 172.8 75.0737
      vertex 73.2307 172 74.865
      vertex 73.2307 172.8 74.865
    endloop
  endfacet
  facet normal 0.591757 0 0.806116
    outer loop
      vertex 73.2307 172 74.865
      vertex 72.9464 172.8 75.0737
      vertex 72.9464 172 75.0737
    endloop
  endfacet
  facet normal 0.418151 0 0.908378
    outer loop
      vertex 73.2307 172.8 74.865
      vertex 73.5546 172 74.7159
      vertex 73.5546 172.8 74.7159
    endloop
  endfacet
  facet normal 0.418151 0 0.908378
    outer loop
      vertex 73.5546 172 74.7159
      vertex 73.2307 172.8 74.865
      vertex 73.2307 172 74.865
    endloop
  endfacet
  facet normal 0.238701 0 0.971093
    outer loop
      vertex 73.5546 172.8 74.7159
      vertex 73.9183 172 74.6265
      vertex 73.9183 172.8 74.6265
    endloop
  endfacet
  facet normal 0.238701 0 0.971093
    outer loop
      vertex 73.9183 172 74.6265
      vertex 73.5546 172.8 74.7159
      vertex 73.5546 172 74.7159
    endloop
  endfacet
  facet normal 0.0737077 0 0.99728
    outer loop
      vertex 73.9183 172.8 74.6265
      vertex 74.3215 172 74.5967
      vertex 74.3215 172.8 74.5967
    endloop
  endfacet
  facet normal 0.0737077 0 0.99728
    outer loop
      vertex 74.3215 172 74.5967
      vertex 73.9183 172.8 74.6265
      vertex 73.9183 172 74.6265
    endloop
  endfacet
  facet normal -0.0851505 0 0.996368
    outer loop
      vertex 74.3215 172.8 74.5967
      vertex 74.6936 172 74.6285
      vertex 74.6936 172.8 74.6285
    endloop
  endfacet
  facet normal -0.0851505 0 0.996368
    outer loop
      vertex 74.6936 172 74.6285
      vertex 74.3215 172.8 74.5967
      vertex 74.3215 172 74.5967
    endloop
  endfacet
  facet normal -0.274494 0 0.961589
    outer loop
      vertex 74.6936 172.8 74.6285
      vertex 75.0285 172 74.7241
      vertex 75.0285 172.8 74.7241
    endloop
  endfacet
  facet normal -0.274494 0 0.961589
    outer loop
      vertex 75.0285 172 74.7241
      vertex 74.6936 172.8 74.6285
      vertex 74.6936 172 74.6285
    endloop
  endfacet
  facet normal -0.471449 0 0.881893
    outer loop
      vertex 75.0285 172.8 74.7241
      vertex 75.3263 172 74.8833
      vertex 75.3263 172.8 74.8833
    endloop
  endfacet
  facet normal -0.471449 0 0.881893
    outer loop
      vertex 75.3263 172 74.8833
      vertex 75.0285 172.8 74.7241
      vertex 75.0285 172 74.7241
    endloop
  endfacet
  facet normal -0.650167 0 0.759791
    outer loop
      vertex 75.3263 172.8 74.8833
      vertex 75.5869 172 75.1063
      vertex 75.5869 172.8 75.1063
    endloop
  endfacet
  facet normal -0.650167 0 0.759791
    outer loop
      vertex 75.5869 172 75.1063
      vertex 75.3263 172.8 74.8833
      vertex 75.3263 172 74.8833
    endloop
  endfacet
  facet normal -0.792013 0 0.610504
    outer loop
      vertex 75.5869 172 75.1063
      vertex 75.7988 172.8 75.3812
      vertex 75.5869 172.8 75.1063
    endloop
  endfacet
  facet normal -0.792013 0 0.610504
    outer loop
      vertex 75.7988 172.8 75.3812
      vertex 75.5869 172 75.1063
      vertex 75.7988 172 75.3812
    endloop
  endfacet
  facet normal -0.901519 0 0.43274
    outer loop
      vertex 75.7988 172 75.3812
      vertex 75.9501 172.8 75.6964
      vertex 75.7988 172.8 75.3812
    endloop
  endfacet
  facet normal -0.901519 0 0.43274
    outer loop
      vertex 75.9501 172.8 75.6964
      vertex 75.7988 172 75.3812
      vertex 75.9501 172 75.6964
    endloop
  endfacet
  facet normal -0.968879 0 0.247536
    outer loop
      vertex 75.9501 172 75.6964
      vertex 76.0409 172.8 76.0518
      vertex 75.9501 172.8 75.6964
    endloop
  endfacet
  facet normal -0.968879 0 0.247536
    outer loop
      vertex 76.0409 172.8 76.0518
      vertex 75.9501 172 75.6964
      vertex 76.0409 172 76.0518
    endloop
  endfacet
  facet normal -0.997081 0 0.0763497
    outer loop
      vertex 76.0409 172 76.0518
      vertex 76.0712 172.8 76.4475
      vertex 76.0409 172.8 76.0518
    endloop
  endfacet
  facet normal -0.997081 0 0.0763497
    outer loop
      vertex 76.0712 172.8 76.4475
      vertex 76.0409 172 76.0518
      vertex 76.0712 172 76.4475
    endloop
  endfacet
  facet normal 0 0 -1
    outer loop
      vertex 72.2872 172 76.4475
      vertex 76.0712 172.8 76.4475
      vertex 76.0712 172 76.4475
    endloop
  endfacet
  facet normal -0 0 -1
    outer loop
      vertex 76.0712 172.8 76.4475
      vertex 72.2872 172 76.4475
      vertex 72.2872 172.8 76.4475
    endloop
  endfacet
  facet normal -0.76895 0 0.639309
    outer loop
      vertex 39.6616 172 80.6792
      vertex 39.9708 172.8 81.0511
      vertex 39.6616 172.8 80.6792
    endloop
  endfacet
  facet normal -0.76895 0 0.639309
    outer loop
      vertex 39.9708 172.8 81.0511
      vertex 39.6616 172 80.6792
      vertex 39.9708 172 81.0511
    endloop
  endfacet
  facet normal -0.700499 0 0.713654
    outer loop
      vertex 39.9708 172.8 81.0511
      vertex 40.2963 172 81.3706
      vertex 40.2963 172.8 81.3706
    endloop
  endfacet
  facet normal -0.700499 0 0.713654
    outer loop
      vertex 40.2963 172 81.3706
      vertex 39.9708 172.8 81.0511
      vertex 39.9708 172 81.0511
    endloop
  endfacet
  facet normal -0.616029 0 0.787724
    outer loop
      vertex 40.2963 172.8 81.3706
      vertex 40.6381 172 81.6379
      vertex 40.6381 172.8 81.6379
    endloop
  endfacet
  facet normal -0.616029 0 0.787724
    outer loop
      vertex 40.6381 172 81.6379
      vertex 40.2963 172.8 81.3706
      vertex 40.2963 172 81.3706
    endloop
  endfacet
  facet normal -0.514848 0 0.857282
    outer loop
      vertex 40.6381 172.8 81.6379
      vertex 40.9961 172 81.8529
      vertex 40.9961 172.8 81.8529
    endloop
  endfacet
  facet normal -0.514848 0 0.857282
    outer loop
      vertex 40.9961 172 81.8529
      vertex 40.6381 172.8 81.6379
      vertex 40.6381 172 81.6379
    endloop
  endfacet
  facet normal -0.398779 0 0.917047
    outer loop
      vertex 40.9961 172.8 81.8529
      vertex 41.376 172 82.0181
      vertex 41.376 172.8 82.0181
    endloop
  endfacet
  facet normal -0.398779 0 0.917047
    outer loop
      vertex 41.376 172 82.0181
      vertex 40.9961 172.8 81.8529
      vertex 40.9961 172 81.8529
    endloop
  endfacet
  facet normal -0.278424 0 0.960458
    outer loop
      vertex 41.376 172.8 82.0181
      vertex 41.7834 172 82.1362
      vertex 41.7834 172.8 82.1362
    endloop
  endfacet
  facet normal -0.278424 0 0.960458
    outer loop
      vertex 41.7834 172 82.1362
      vertex 41.376 172.8 82.0181
      vertex 41.376 172 82.0181
    endloop
  endfacet
  facet normal -0.160717 0 0.987001
    outer loop
      vertex 41.7834 172.8 82.1362
      vertex 42.2182 172 82.207
      vertex 42.2182 172.8 82.207
    endloop
  endfacet
  facet normal -0.160717 0 0.987001
    outer loop
      vertex 42.2182 172 82.207
      vertex 41.7834 172.8 82.1362
      vertex 41.7834 172 82.1362
    endloop
  endfacet
  facet normal -0.0509827 0 0.9987
    outer loop
      vertex 42.2182 172.8 82.207
      vertex 42.6805 172 82.2306
      vertex 42.6805 172.8 82.2306
    endloop
  endfacet
  facet normal -0.0509827 0 0.9987
    outer loop
      vertex 42.6805 172 82.2306
      vertex 42.2182 172.8 82.207
      vertex 42.2182 172 82.207
    endloop
  endfacet
  facet normal 0.103469 0 0.994633
    outer loop
      vertex 42.6805 172.8 82.2306
      vertex 43.4851 172 82.1469
      vertex 43.4851 172.8 82.1469
    endloop
  endfacet
  facet normal 0.103469 0 0.994633
    outer loop
      vertex 43.4851 172 82.1469
      vertex 42.6805 172.8 82.2306
      vertex 42.6805 172 82.2306
    endloop
  endfacet
  facet normal 0.325315 0 0.945606
    outer loop
      vertex 43.4851 172.8 82.1469
      vertex 44.2144 172 81.896
      vertex 44.2144 172.8 81.896
    endloop
  endfacet
  facet normal 0.325315 0 0.945606
    outer loop
      vertex 44.2144 172 81.896
      vertex 43.4851 172.8 82.1469
      vertex 43.4851 172 82.1469
    endloop
  endfacet
  facet normal 0.538758 0 0.842461
    outer loop
      vertex 44.2144 172.8 81.896
      vertex 44.8685 172 81.4777
      vertex 44.8685 172.8 81.4777
    endloop
  endfacet
  facet normal 0.538758 0 0.842461
    outer loop
      vertex 44.8685 172 81.4777
      vertex 44.2144 172.8 81.896
      vertex 44.2144 172 81.896
    endloop
  endfacet
  facet normal 0.711224 -0 0.702965
    outer loop
      vertex 44.8685 172 81.4777
      vertex 45.4473 172.8 80.8921
      vertex 44.8685 172.8 81.4777
    endloop
  endfacet
  facet normal 0.711224 0 0.702965
    outer loop
      vertex 45.4473 172.8 80.8921
      vertex 44.8685 172 81.4777
      vertex 45.4473 172 80.8921
    endloop
  endfacet
  facet normal 0.834601 -0 0.550855
    outer loop
      vertex 45.4473 172 80.8921
      vertex 45.9208 172.8 80.1747
      vertex 45.4473 172.8 80.8921
    endloop
  endfacet
  facet normal 0.834601 0 0.550855
    outer loop
      vertex 45.9208 172.8 80.1747
      vertex 45.4473 172 80.8921
      vertex 45.9208 172 80.1747
    endloop
  endfacet
  facet normal 0.923365 -0 0.383922
    outer loop
      vertex 45.9208 172 80.1747
      vertex 46.259 172.8 79.3613
      vertex 45.9208 172.8 80.1747
    endloop
  endfacet
  facet normal 0.923365 0 0.383922
    outer loop
      vertex 46.259 172.8 79.3613
      vertex 45.9208 172 80.1747
      vertex 46.259 172 79.3613
    endloop
  endfacet
  facet normal 0.976018 -0 0.217692
    outer loop
      vertex 46.259 172 79.3613
      vertex 46.4619 172.8 78.4516
      vertex 46.259 172.8 79.3613
    endloop
  endfacet
  facet normal 0.976018 0 0.217692
    outer loop
      vertex 46.4619 172.8 78.4516
      vertex 46.259 172 79.3613
      vertex 46.4619 172 78.4516
    endloop
  endfacet
  facet normal 0.997748 -0 0.0670722
    outer loop
      vertex 46.4619 172 78.4516
      vertex 46.5295 172.8 77.446
      vertex 46.4619 172.8 78.4516
    endloop
  endfacet
  facet normal 0.997748 0 0.0670722
    outer loop
      vertex 46.5295 172.8 77.446
      vertex 46.4619 172 78.4516
      vertex 46.5295 172 77.446
    endloop
  endfacet
  facet normal 0.997749 0 -0.0670589
    outer loop
      vertex 46.5295 172 77.446
      vertex 46.4619 172.8 76.4402
      vertex 46.5295 172.8 77.446
    endloop
  endfacet
  facet normal 0.997749 0 -0.0670589
    outer loop
      vertex 46.4619 172.8 76.4402
      vertex 46.5295 172 77.446
      vertex 46.4619 172 76.4402
    endloop
  endfacet
  facet normal 0.976007 0 -0.217737
    outer loop
      vertex 46.4619 172 76.4402
      vertex 46.259 172.8 75.5307
      vertex 46.4619 172.8 76.4402
    endloop
  endfacet
  facet normal 0.976007 0 -0.217737
    outer loop
      vertex 46.259 172.8 75.5307
      vertex 46.4619 172 76.4402
      vertex 46.259 172 75.5307
    endloop
  endfacet
  facet normal 0.923382 0 -0.383882
    outer loop
      vertex 46.259 172 75.5307
      vertex 45.9208 172.8 74.7172
      vertex 46.259 172.8 75.5307
    endloop
  endfacet
  facet normal 0.923382 0 -0.383882
    outer loop
      vertex 45.9208 172.8 74.7172
      vertex 46.259 172 75.5307
      vertex 45.9208 172 74.7172
    endloop
  endfacet
  facet normal 0.834566 0 -0.550909
    outer loop
      vertex 45.9208 172 74.7172
      vertex 45.4473 172.8 73.9999
      vertex 45.9208 172.8 74.7172
    endloop
  endfacet
  facet normal 0.834566 0 -0.550909
    outer loop
      vertex 45.4473 172.8 73.9999
      vertex 45.9208 172 74.7172
      vertex 45.4473 172 73.9999
    endloop
  endfacet
  facet normal 0.711224 0 -0.702965
    outer loop
      vertex 45.4473 172 73.9999
      vertex 44.8685 172.8 73.4143
      vertex 45.4473 172.8 73.9999
    endloop
  endfacet
  facet normal 0.711224 0 -0.702965
    outer loop
      vertex 44.8685 172.8 73.4143
      vertex 45.4473 172 73.9999
      vertex 44.8685 172 73.4143
    endloop
  endfacet
  facet normal 0.538758 0 -0.842461
    outer loop
      vertex 44.2144 172 72.996
      vertex 44.8685 172.8 73.4143
      vertex 44.8685 172 73.4143
    endloop
  endfacet
  facet normal 0.538758 0 -0.842461
    outer loop
      vertex 44.8685 172.8 73.4143
      vertex 44.2144 172 72.996
      vertex 44.2144 172.8 72.996
    endloop
  endfacet
  facet normal 0.325431 0 -0.945566
    outer loop
      vertex 43.4851 172 72.745
      vertex 44.2144 172.8 72.996
      vertex 44.2144 172 72.996
    endloop
  endfacet
  facet normal 0.325431 0 -0.945566
    outer loop
      vertex 44.2144 172.8 72.996
      vertex 43.4851 172 72.745
      vertex 43.4851 172.8 72.745
    endloop
  endfacet
  facet normal 0.103469 0 -0.994633
    outer loop
      vertex 42.6805 172 72.6613
      vertex 43.4851 172.8 72.745
      vertex 43.4851 172 72.745
    endloop
  endfacet
  facet normal 0.103469 0 -0.994633
    outer loop
      vertex 43.4851 172.8 72.745
      vertex 42.6805 172 72.6613
      vertex 42.6805 172.8 72.6613
    endloop
  endfacet
  facet normal -0.0509827 0 -0.9987
    outer loop
      vertex 42.2182 172 72.6849
      vertex 42.6805 172.8 72.6613
      vertex 42.6805 172 72.6613
    endloop
  endfacet
  facet normal -0.0509827 0 -0.9987
    outer loop
      vertex 42.6805 172.8 72.6613
      vertex 42.2182 172 72.6849
      vertex 42.2182 172.8 72.6849
    endloop
  endfacet
  facet normal -0.160938 0 -0.986965
    outer loop
      vertex 41.7834 172 72.7558
      vertex 42.2182 172.8 72.6849
      vertex 42.2182 172 72.6849
    endloop
  endfacet
  facet normal -0.160938 0 -0.986965
    outer loop
      vertex 42.2182 172.8 72.6849
      vertex 41.7834 172 72.7558
      vertex 41.7834 172.8 72.7558
    endloop
  endfacet
  facet normal -0.278207 0 -0.960521
    outer loop
      vertex 41.376 172 72.8738
      vertex 41.7834 172.8 72.7558
      vertex 41.7834 172 72.7558
    endloop
  endfacet
  facet normal -0.278207 0 -0.960521
    outer loop
      vertex 41.7834 172.8 72.7558
      vertex 41.376 172 72.8738
      vertex 41.376 172.8 72.8738
    endloop
  endfacet
  facet normal -0.398982 0 -0.916959
    outer loop
      vertex 40.9961 172 73.0391
      vertex 41.376 172.8 72.8738
      vertex 41.376 172 72.8738
    endloop
  endfacet
  facet normal -0.398982 0 -0.916959
    outer loop
      vertex 41.376 172.8 72.8738
      vertex 40.9961 172 73.0391
      vertex 40.9961 172.8 73.0391
    endloop
  endfacet
  facet normal -0.514672 0 -0.857387
    outer loop
      vertex 40.6381 172 73.254
      vertex 40.9961 172.8 73.0391
      vertex 40.9961 172 73.0391
    endloop
  endfacet
  facet normal -0.514672 0 -0.857387
    outer loop
      vertex 40.9961 172.8 73.0391
      vertex 40.6381 172 73.254
      vertex 40.6381 172.8 73.254
    endloop
  endfacet
  facet normal -0.616029 0 -0.787724
    outer loop
      vertex 40.2963 172 73.5213
      vertex 40.6381 172.8 73.254
      vertex 40.6381 172 73.254
    endloop
  endfacet
  facet normal -0.616029 0 -0.787724
    outer loop
      vertex 40.6381 172.8 73.254
      vertex 40.2963 172 73.5213
      vertex 40.2963 172.8 73.5213
    endloop
  endfacet
  facet normal -0.700499 0 -0.713654
    outer loop
      vertex 39.9708 172 73.8408
      vertex 40.2963 172.8 73.5213
      vertex 40.2963 172 73.5213
    endloop
  endfacet
  facet normal -0.700499 0 -0.713654
    outer loop
      vertex 40.2963 172.8 73.5213
      vertex 39.9708 172 73.8408
      vertex 39.9708 172.8 73.8408
    endloop
  endfacet
  facet normal -0.76895 0 -0.639309
    outer loop
      vertex 39.9708 172 73.8408
      vertex 39.6616 172.8 74.2127
      vertex 39.9708 172.8 73.8408
    endloop
  endfacet
  facet normal -0.76895 -0 -0.639309
    outer loop
      vertex 39.6616 172.8 74.2127
      vertex 39.9708 172 73.8408
      vertex 39.6616 172 74.2127
    endloop
  endfacet
  facet normal 1 -0 0
    outer loop
      vertex 39.6616 172 74.2127
      vertex 39.6616 172.8 72.8763
      vertex 39.6616 172.8 74.2127
    endloop
  endfacet
  facet normal 1 0 0
    outer loop
      vertex 39.6616 172.8 72.8763
      vertex 39.6616 172 74.2127
      vertex 39.6616 172 72.8763
    endloop
  endfacet
  facet normal 0 0 -1
    outer loop
      vertex 36.7483 172 72.8763
      vertex 39.6616 172.8 72.8763
      vertex 39.6616 172 72.8763
    endloop
  endfacet
  facet normal -0 0 -1
    outer loop
      vertex 39.6616 172.8 72.8763
      vertex 36.7483 172 72.8763
      vertex 36.7483 172.8 72.8763
    endloop
  endfacet
  facet normal -1 0 0
    outer loop
      vertex 36.7483 172 72.8763
      vertex 36.7483 172.8 85.4562
      vertex 36.7483 172.8 72.8763
    endloop
  endfacet
  facet normal -1 -0 0
    outer loop
      vertex 36.7483 172.8 85.4562
      vertex 36.7483 172 72.8763
      vertex 36.7483 172 85.4562
    endloop
  endfacet
  facet normal -0 0 1
    outer loop
      vertex 36.7483 172.8 85.4562
      vertex 39.6616 172 85.4562
      vertex 39.6616 172.8 85.4562
    endloop
  endfacet
  facet normal 0 0 1
    outer loop
      vertex 39.6616 172 85.4562
      vertex 36.7483 172.8 85.4562
      vertex 36.7483 172 85.4562
    endloop
  endfacet
  facet normal 1 -0 0
    outer loop
      vertex 39.6616 172 85.4562
      vertex 39.6616 172.8 80.6792
      vertex 39.6616 172.8 85.4562
    endloop
  endfacet
  facet normal 1 0 0
    outer loop
      vertex 39.6616 172.8 80.6792
      vertex 39.6616 172 85.4562
      vertex 39.6616 172 80.6792
    endloop
  endfacet
  facet normal 0.316522 0 -0.948585
    outer loop
      vertex 40.7713 172 79.939
      vertex 41.1576 172.8 80.0679
      vertex 41.1576 172 80.0679
    endloop
  endfacet
  facet normal 0.316522 0 -0.948585
    outer loop
      vertex 41.1576 172.8 80.0679
      vertex 40.7713 172 79.939
      vertex 40.7713 172.8 79.939
    endloop
  endfacet
  facet normal 0.543325 0 -0.839523
    outer loop
      vertex 40.4394 172 79.7242
      vertex 40.7713 172.8 79.939
      vertex 40.7713 172 79.939
    endloop
  endfacet
  facet normal 0.543325 0 -0.839523
    outer loop
      vertex 40.7713 172.8 79.939
      vertex 40.4394 172 79.7242
      vertex 40.4394 172.8 79.7242
    endloop
  endfacet
  facet normal 0.735122 0 -0.677935
    outer loop
      vertex 40.4394 172 79.7242
      vertex 40.162 172.8 79.4234
      vertex 40.4394 172.8 79.7242
    endloop
  endfacet
  facet normal 0.735122 0 -0.677935
    outer loop
      vertex 40.162 172.8 79.4234
      vertex 40.4394 172 79.7242
      vertex 40.162 172 79.4234
    endloop
  endfacet
  facet normal 0.867473 0 -0.497484
    outer loop
      vertex 40.162 172 79.4234
      vertex 39.9431 172.8 79.0417
      vertex 40.162 172.8 79.4234
    endloop
  endfacet
  facet normal 0.867473 0 -0.497484
    outer loop
      vertex 39.9431 172.8 79.0417
      vertex 40.162 172 79.4234
      vertex 39.9431 172 79.0417
    endloop
  endfacet
  facet normal 0.946214 0 -0.323541
    outer loop
      vertex 39.9431 172 79.0417
      vertex 39.7867 172.8 78.5843
      vertex 39.9431 172.8 79.0417
    endloop
  endfacet
  facet normal 0.946214 0 -0.323541
    outer loop
      vertex 39.7867 172.8 78.5843
      vertex 39.9431 172 79.0417
      vertex 39.7867 172 78.5843
    endloop
  endfacet
  facet normal 0.984876 0 -0.173258
    outer loop
      vertex 39.7867 172 78.5843
      vertex 39.6929 172.8 78.0511
      vertex 39.7867 172.8 78.5843
    endloop
  endfacet
  facet normal 0.984876 0 -0.173258
    outer loop
      vertex 39.6929 172.8 78.0511
      vertex 39.7867 172 78.5843
      vertex 39.6929 172 78.0511
    endloop
  endfacet
  facet normal 0.998682 0 -0.051328
    outer loop
      vertex 39.6929 172 78.0511
      vertex 39.6616 172.8 77.4421
      vertex 39.6929 172.8 78.0511
    endloop
  endfacet
  facet normal 0.998682 0 -0.051328
    outer loop
      vertex 39.6616 172.8 77.4421
      vertex 39.6929 172 78.0511
      vertex 39.6616 172 77.4421
    endloop
  endfacet
  facet normal 0.998682 -0 0.051328
    outer loop
      vertex 39.6616 172 77.4421
      vertex 39.6929 172.8 76.8331
      vertex 39.6616 172.8 77.4421
    endloop
  endfacet
  facet normal 0.998682 0 0.051328
    outer loop
      vertex 39.6929 172.8 76.8331
      vertex 39.6616 172 77.4421
      vertex 39.6929 172 76.8331
    endloop
  endfacet
  facet normal 0.984876 -0 0.173258
    outer loop
      vertex 39.6929 172 76.8331
      vertex 39.7867 172.8 76.2999
      vertex 39.6929 172.8 76.8331
    endloop
  endfacet
  facet normal 0.984876 0 0.173258
    outer loop
      vertex 39.7867 172.8 76.2999
      vertex 39.6929 172 76.8331
      vertex 39.7867 172 76.2999
    endloop
  endfacet
  facet normal 0.946214 -0 0.323541
    outer loop
      vertex 39.7867 172 76.2999
      vertex 39.9431 172.8 75.8425
      vertex 39.7867 172.8 76.2999
    endloop
  endfacet
  facet normal 0.946214 0 0.323541
    outer loop
      vertex 39.9431 172.8 75.8425
      vertex 39.7867 172 76.2999
      vertex 39.9431 172 75.8425
    endloop
  endfacet
  facet normal 0.867417 -0 0.497583
    outer loop
      vertex 39.9431 172 75.8425
      vertex 40.162 172.8 75.4609
      vertex 39.9431 172.8 75.8425
    endloop
  endfacet
  facet normal 0.867417 0 0.497583
    outer loop
      vertex 40.162 172.8 75.4609
      vertex 39.9431 172 75.8425
      vertex 40.162 172 75.4609
    endloop
  endfacet
  facet normal 0.735122 -0 0.677935
    outer loop
      vertex 40.162 172 75.4609
      vertex 40.4394 172.8 75.1601
      vertex 40.162 172.8 75.4609
    endloop
  endfacet
  facet normal 0.735122 0 0.677935
    outer loop
      vertex 40.4394 172.8 75.1601
      vertex 40.162 172 75.4609
      vertex 40.4394 172 75.1601
    endloop
  endfacet
  facet normal 0.543503 0 0.839407
    outer loop
      vertex 40.4394 172.8 75.1601
      vertex 40.7713 172 74.9452
      vertex 40.7713 172.8 74.9452
    endloop
  endfacet
  facet normal 0.543503 0 0.839407
    outer loop
      vertex 40.7713 172 74.9452
      vertex 40.4394 172.8 75.1601
      vertex 40.4394 172 75.1601
    endloop
  endfacet
  facet normal 0.316522 0 0.948585
    outer loop
      vertex 40.7713 172.8 74.9452
      vertex 41.1576 172 74.8163
      vertex 41.1576 172.8 74.8163
    endloop
  endfacet
  facet normal 0.316522 0 0.948585
    outer loop
      vertex 41.1576 172 74.8163
      vertex 40.7713 172.8 74.9452
      vertex 40.7713 172 74.9452
    endloop
  endfacet
  facet normal 0.0971109 0 0.995274
    outer loop
      vertex 41.1576 172.8 74.8163
      vertex 41.5983 172 74.7733
      vertex 41.5983 172.8 74.7733
    endloop
  endfacet
  facet normal 0.0971109 0 0.995274
    outer loop
      vertex 41.5983 172 74.7733
      vertex 41.1576 172.8 74.8163
      vertex 41.1576 172 74.8163
    endloop
  endfacet
  facet normal -0.0965482 0 0.995328
    outer loop
      vertex 41.5983 172.8 74.7733
      vertex 42.0385 172 74.816
      vertex 42.0385 172.8 74.816
    endloop
  endfacet
  facet normal -0.0965482 0 0.995328
    outer loop
      vertex 42.0385 172 74.816
      vertex 41.5983 172.8 74.7733
      vertex 41.5983 172 74.7733
    endloop
  endfacet
  facet normal -0.316154 0 0.948708
    outer loop
      vertex 42.0385 172.8 74.816
      vertex 42.4232 172 74.9442
      vertex 42.4232 172.8 74.9442
    endloop
  endfacet
  facet normal -0.316154 0 0.948708
    outer loop
      vertex 42.4232 172 74.9442
      vertex 42.0385 172.8 74.816
      vertex 42.0385 172 74.816
    endloop
  endfacet
  facet normal -0.544191 0 0.838961
    outer loop
      vertex 42.4232 172.8 74.9442
      vertex 42.7525 172 75.1578
      vertex 42.7525 172.8 75.1578
    endloop
  endfacet
  facet normal -0.544191 0 0.838961
    outer loop
      vertex 42.7525 172 75.1578
      vertex 42.4232 172.8 74.9442
      vertex 42.4232 172 74.9442
    endloop
  endfacet
  facet normal -0.737379 0 0.675479
    outer loop
      vertex 42.7525 172 75.1578
      vertex 43.0264 172.8 75.4568
      vertex 42.7525 172.8 75.1578
    endloop
  endfacet
  facet normal -0.737379 0 0.675479
    outer loop
      vertex 43.0264 172.8 75.4568
      vertex 42.7525 172 75.1578
      vertex 43.0264 172 75.4568
    endloop
  endfacet
  facet normal -0.870179 0 0.492736
    outer loop
      vertex 43.0264 172 75.4568
      vertex 43.2418 172.8 75.8372
      vertex 43.0264 172.8 75.4568
    endloop
  endfacet
  facet normal -0.870179 0 0.492736
    outer loop
      vertex 43.2418 172.8 75.8372
      vertex 43.0264 172 75.4568
      vertex 43.2418 172 75.8372
    endloop
  endfacet
  facet normal -0.947893 0 0.318588
    outer loop
      vertex 43.2418 172 75.8372
      vertex 43.3956 172.8 76.2948
      vertex 43.2418 172.8 75.8372
    endloop
  endfacet
  facet normal -0.947893 0 0.318588
    outer loop
      vertex 43.3956 172.8 76.2948
      vertex 43.2418 172 75.8372
      vertex 43.3956 172 76.2948
    endloop
  endfacet
  facet normal -0.985411 0 0.170191
    outer loop
      vertex 43.3956 172 76.2948
      vertex 43.488 172.8 76.8298
      vertex 43.3956 172.8 76.2948
    endloop
  endfacet
  facet normal -0.985411 0 0.170191
    outer loop
      vertex 43.488 172.8 76.8298
      vertex 43.3956 172 76.2948
      vertex 43.488 172 76.8298
    endloop
  endfacet
  facet normal -0.998745 0 0.0500759
    outer loop
      vertex 43.488 172 76.8298
      vertex 43.5187 172.8 77.4421
      vertex 43.488 172.8 76.8298
    endloop
  endfacet
  facet normal -0.998745 0 0.0500759
    outer loop
      vertex 43.5187 172.8 77.4421
      vertex 43.488 172 76.8298
      vertex 43.5187 172 77.4421
    endloop
  endfacet
  facet normal -0.998745 0 -0.0500759
    outer loop
      vertex 43.5187 172 77.4421
      vertex 43.488 172.8 78.0544
      vertex 43.5187 172.8 77.4421
    endloop
  endfacet
  facet normal -0.998745 -0 -0.0500759
    outer loop
      vertex 43.488 172.8 78.0544
      vertex 43.5187 172 77.4421
      vertex 43.488 172 78.0544
    endloop
  endfacet
  facet normal -0.985411 0 -0.170191
    outer loop
      vertex 43.488 172 78.0544
      vertex 43.3956 172.8 78.5894
      vertex 43.488 172.8 78.0544
    endloop
  endfacet
  facet normal -0.985411 -0 -0.170191
    outer loop
      vertex 43.3956 172.8 78.5894
      vertex 43.488 172 78.0544
      vertex 43.3956 172 78.5894
    endloop
  endfacet
  facet normal -0.947914 0 -0.318526
    outer loop
      vertex 43.3956 172 78.5894
      vertex 43.2418 172.8 79.0471
      vertex 43.3956 172.8 78.5894
    endloop
  endfacet
  facet normal -0.947914 -0 -0.318526
    outer loop
      vertex 43.2418 172.8 79.0471
      vertex 43.3956 172 78.5894
      vertex 43.2418 172 79.0471
    endloop
  endfacet
  facet normal -0.870179 0 -0.492736
    outer loop
      vertex 43.2418 172 79.0471
      vertex 43.0264 172.8 79.4275
      vertex 43.2418 172.8 79.0471
    endloop
  endfacet
  facet normal -0.870179 -0 -0.492736
    outer loop
      vertex 43.0264 172.8 79.4275
      vertex 43.2418 172 79.0471
      vertex 43.0264 172 79.4275
    endloop
  endfacet
  facet normal -0.737379 0 -0.675479
    outer loop
      vertex 43.0264 172 79.4275
      vertex 42.7525 172.8 79.7265
      vertex 43.0264 172.8 79.4275
    endloop
  endfacet
  facet normal -0.737379 -0 -0.675479
    outer loop
      vertex 42.7525 172.8 79.7265
      vertex 43.0264 172 79.4275
      vertex 42.7525 172 79.7265
    endloop
  endfacet
  facet normal -0.544012 0 -0.839078
    outer loop
      vertex 42.4232 172 79.94
      vertex 42.7525 172.8 79.7265
      vertex 42.7525 172 79.7265
    endloop
  endfacet
  facet normal -0.544012 0 -0.839078
    outer loop
      vertex 42.7525 172.8 79.7265
      vertex 42.4232 172 79.94
      vertex 42.4232 172.8 79.94
    endloop
  endfacet
  facet normal -0.316154 0 -0.948708
    outer loop
      vertex 42.0385 172 80.0682
      vertex 42.4232 172.8 79.94
      vertex 42.4232 172 79.94
    endloop
  endfacet
  facet normal -0.316154 0 -0.948708
    outer loop
      vertex 42.4232 172.8 79.94
      vertex 42.0385 172 80.0682
      vertex 42.0385 172.8 80.0682
    endloop
  endfacet
  facet normal -0.0965482 0 -0.995328
    outer loop
      vertex 41.5983 172 80.1109
      vertex 42.0385 172.8 80.0682
      vertex 42.0385 172 80.0682
    endloop
  endfacet
  facet normal -0.0965482 0 -0.995328
    outer loop
      vertex 42.0385 172.8 80.0682
      vertex 41.5983 172 80.1109
      vertex 41.5983 172.8 80.1109
    endloop
  endfacet
  facet normal 0.0971109 0 -0.995274
    outer loop
      vertex 41.1576 172 80.0679
      vertex 41.5983 172.8 80.1109
      vertex 41.5983 172 80.1109
    endloop
  endfacet
  facet normal 0.0971109 0 -0.995274
    outer loop
      vertex 41.5983 172.8 80.1109
      vertex 41.1576 172 80.0679
      vertex 41.1576 172.8 80.0679
    endloop
  endfacet
  facet normal 0.23534 0 0.971913
    outer loop
      vertex 53.8479 172.8 82.1512
      vertex 54.8308 172 81.9132
      vertex 54.8308 172.8 81.9132
    endloop
  endfacet
  facet normal 0.23534 0 0.971913
    outer loop
      vertex 54.8308 172 81.9132
      vertex 53.8479 172.8 82.1512
      vertex 53.8479 172 82.1512
    endloop
  endfacet
  facet normal 0.421118 0 0.907006
    outer loop
      vertex 54.8308 172.8 81.9132
      vertex 55.685 172 81.5166
      vertex 55.685 172.8 81.5166
    endloop
  endfacet
  facet normal 0.421118 0 0.907006
    outer loop
      vertex 55.685 172 81.5166
      vertex 54.8308 172.8 81.9132
      vertex 54.8308 172 81.9132
    endloop
  endfacet
  facet normal 0.607921 0 0.793997
    outer loop
      vertex 55.685 172.8 81.5166
      vertex 56.4104 172 80.9612
      vertex 56.4104 172.8 80.9612
    endloop
  endfacet
  facet normal 0.607921 0 0.793997
    outer loop
      vertex 56.4104 172 80.9612
      vertex 55.685 172.8 81.5166
      vertex 55.685 172 81.5166
    endloop
  endfacet
  facet normal 0.768846 -0 0.639434
    outer loop
      vertex 56.4104 172 80.9612
      vertex 56.989 172.8 80.2655
      vertex 56.4104 172.8 80.9612
    endloop
  endfacet
  facet normal 0.768846 0 0.639434
    outer loop
      vertex 56.989 172.8 80.2655
      vertex 56.4104 172 80.9612
      vertex 56.989 172 80.2655
    endloop
  endfacet
  facet normal 0.892564 -0 0.45092
    outer loop
      vertex 56.989 172 80.2655
      vertex 57.4022 172.8 79.4476
      vertex 56.989 172.8 80.2655
    endloop
  endfacet
  facet normal 0.892564 0 0.45092
    outer loop
      vertex 57.4022 172.8 79.4476
      vertex 56.989 172 80.2655
      vertex 57.4022 172 79.4476
    endloop
  endfacet
  facet normal 0.966901 -0 0.255152
    outer loop
      vertex 57.4022 172 79.4476
      vertex 57.6502 172.8 78.5078
      vertex 57.4022 172.8 79.4476
    endloop
  endfacet
  facet normal 0.966901 0 0.255152
    outer loop
      vertex 57.6502 172.8 78.5078
      vertex 57.4022 172 79.4476
      vertex 57.6502 172 78.5078
    endloop
  endfacet
  facet normal 0.996988 -0 0.0775581
    outer loop
      vertex 57.6502 172 78.5078
      vertex 57.7328 172.8 77.446
      vertex 57.6502 172.8 78.5078
    endloop
  endfacet
  facet normal 0.996988 0 0.0775581
    outer loop
      vertex 57.7328 172.8 77.446
      vertex 57.6502 172 78.5078
      vertex 57.7328 172 77.446
    endloop
  endfacet
  facet normal 0.996988 0 -0.0775508
    outer loop
      vertex 57.7328 172 77.446
      vertex 57.6502 172.8 76.3841
      vertex 57.7328 172.8 77.446
    endloop
  endfacet
  facet normal 0.996988 0 -0.0775508
    outer loop
      vertex 57.6502 172.8 76.3841
      vertex 57.7328 172 77.446
      vertex 57.6502 172 76.3841
    endloop
  endfacet
  facet normal 0.966901 0 -0.255152
    outer loop
      vertex 57.6502 172 76.3841
      vertex 57.4022 172.8 75.4443
      vertex 57.6502 172.8 76.3841
    endloop
  endfacet
  facet normal 0.966901 0 -0.255152
    outer loop
      vertex 57.4022 172.8 75.4443
      vertex 57.6502 172 76.3841
      vertex 57.4022 172 75.4443
    endloop
  endfacet
  facet normal 0.892542 0 -0.450964
    outer loop
      vertex 57.4022 172 75.4443
      vertex 56.989 172.8 74.6265
      vertex 57.4022 172.8 75.4443
    endloop
  endfacet
  facet normal 0.892542 0 -0.450964
    outer loop
      vertex 56.989 172.8 74.6265
      vertex 57.4022 172 75.4443
      vertex 56.989 172 74.6265
    endloop
  endfacet
  facet normal 0.768846 0 -0.639434
    outer loop
      vertex 56.989 172 74.6265
      vertex 56.4104 172.8 73.9308
      vertex 56.989 172.8 74.6265
    endloop
  endfacet
  facet normal 0.768846 0 -0.639434
    outer loop
      vertex 56.4104 172.8 73.9308
      vertex 56.989 172 74.6265
      vertex 56.4104 172 73.9308
    endloop
  endfacet
  facet normal 0.607921 0 -0.793997
    outer loop
      vertex 55.685 172 73.3754
      vertex 56.4104 172.8 73.9308
      vertex 56.4104 172 73.9308
    endloop
  endfacet
  facet normal 0.607921 0 -0.793997
    outer loop
      vertex 56.4104 172.8 73.9308
      vertex 55.685 172 73.3754
      vertex 55.685 172.8 73.3754
    endloop
  endfacet
  facet normal 0.421205 0 -0.906966
    outer loop
      vertex 54.8308 172 72.9787
      vertex 55.685 172.8 73.3754
      vertex 55.685 172 73.3754
    endloop
  endfacet
  facet normal 0.421205 0 -0.906966
    outer loop
      vertex 55.685 172.8 73.3754
      vertex 54.8308 172 72.9787
      vertex 54.8308 172.8 72.9787
    endloop
  endfacet
  facet normal 0.235433 0 -0.971891
    outer loop
      vertex 53.8479 172 72.7406
      vertex 54.8308 172.8 72.9787
      vertex 54.8308 172 72.9787
    endloop
  endfacet
  facet normal 0.235433 0 -0.971891
    outer loop
      vertex 54.8308 172.8 72.9787
      vertex 53.8479 172 72.7406
      vertex 53.8479 172.8 72.7406
    endloop
  endfacet
  facet normal 0.0711641 0 -0.997465
    outer loop
      vertex 52.7364 172 72.6613
      vertex 53.8479 172.8 72.7406
      vertex 53.8479 172 72.7406
    endloop
  endfacet
  facet normal 0.0711641 0 -0.997465
    outer loop
      vertex 53.8479 172.8 72.7406
      vertex 52.7364 172 72.6613
      vertex 52.7364 172.8 72.6613
    endloop
  endfacet
  facet normal -0.0709039 0 -0.997483
    outer loop
      vertex 51.6208 172 72.7406
      vertex 52.7364 172.8 72.6613
      vertex 52.7364 172 72.6613
    endloop
  endfacet
  facet normal -0.0709039 0 -0.997483
    outer loop
      vertex 52.7364 172.8 72.6613
      vertex 51.6208 172 72.7406
      vertex 51.6208 172.8 72.7406
    endloop
  endfacet
  facet normal -0.234531 0 -0.972109
    outer loop
      vertex 50.6339 172 72.9787
      vertex 51.6208 172.8 72.7406
      vertex 51.6208 172 72.7406
    endloop
  endfacet
  facet normal -0.234531 0 -0.972109
    outer loop
      vertex 51.6208 172.8 72.7406
      vertex 50.6339 172 72.9787
      vertex 50.6339 172.8 72.9787
    endloop
  endfacet
  facet normal -0.419588 0 -0.907715
    outer loop
      vertex 49.7757 172 73.3754
      vertex 50.6339 172.8 72.9787
      vertex 50.6339 172 72.9787
    endloop
  endfacet
  facet normal -0.419588 0 -0.907715
    outer loop
      vertex 50.6339 172.8 72.9787
      vertex 49.7757 172 73.3754
      vertex 49.7757 172.8 73.3754
    endloop
  endfacet
  facet normal -0.605655 0 -0.795727
    outer loop
      vertex 49.046 172 73.9308
      vertex 49.7757 172.8 73.3754
      vertex 49.7757 172 73.3754
    endloop
  endfacet
  facet normal -0.605655 0 -0.795727
    outer loop
      vertex 49.7757 172.8 73.3754
      vertex 49.046 172 73.9308
      vertex 49.046 172.8 73.9308
    endloop
  endfacet
  facet normal -0.767 0 -0.641647
    outer loop
      vertex 49.046 172 73.9308
      vertex 48.464 172.8 74.6265
      vertex 49.046 172.8 73.9308
    endloop
  endfacet
  facet normal -0.767 -0 -0.641647
    outer loop
      vertex 48.464 172.8 74.6265
      vertex 49.046 172 73.9308
      vertex 48.464 172 74.6265
    endloop
  endfacet
  facet normal -0.891399 0 -0.45322
    outer loop
      vertex 48.464 172 74.6265
      vertex 48.0482 172.8 75.4443
      vertex 48.464 172.8 74.6265
    endloop
  endfacet
  facet normal -0.891399 -0 -0.45322
    outer loop
      vertex 48.0482 172.8 75.4443
      vertex 48.464 172 74.6265
      vertex 48.0482 172 75.4443
    endloop
  endfacet
  facet normal -0.966545 0 -0.256497
    outer loop
      vertex 48.0482 172 75.4443
      vertex 47.7988 172.8 76.3841
      vertex 48.0482 172.8 75.4443
    endloop
  endfacet
  facet normal -0.966545 -0 -0.256497
    outer loop
      vertex 47.7988 172.8 76.3841
      vertex 48.0482 172 75.4443
      vertex 47.7988 172 76.3841
    endloop
  endfacet
  facet normal -0.996945 0 -0.0781107
    outer loop
      vertex 47.7988 172 76.3841
      vertex 47.7156 172.8 77.446
      vertex 47.7988 172.8 76.3841
    endloop
  endfacet
  facet normal -0.996945 -0 -0.0781107
    outer loop
      vertex 47.7156 172.8 77.446
      vertex 47.7988 172 76.3841
      vertex 47.7156 172 77.446
    endloop
  endfacet
  facet normal -0.996944 0 0.0781181
    outer loop
      vertex 47.7156 172 77.446
      vertex 47.7988 172.8 78.5078
      vertex 47.7156 172.8 77.446
    endloop
  endfacet
  facet normal -0.996944 0 0.0781181
    outer loop
      vertex 47.7988 172.8 78.5078
      vertex 47.7156 172 77.446
      vertex 47.7988 172 78.5078
    endloop
  endfacet
  facet normal -0.966545 0 0.256497
    outer loop
      vertex 47.7988 172 78.5078
      vertex 48.0482 172.8 79.4476
      vertex 47.7988 172.8 78.5078
    endloop
  endfacet
  facet normal -0.966545 0 0.256497
    outer loop
      vertex 48.0482 172.8 79.4476
      vertex 47.7988 172 78.5078
      vertex 48.0482 172 79.4476
    endloop
  endfacet
  facet normal -0.891421 0 0.453176
    outer loop
      vertex 48.0482 172 79.4476
      vertex 48.464 172.8 80.2655
      vertex 48.0482 172.8 79.4476
    endloop
  endfacet
  facet normal -0.891421 0 0.453176
    outer loop
      vertex 48.464 172.8 80.2655
      vertex 48.0482 172 79.4476
      vertex 48.464 172 80.2655
    endloop
  endfacet
  facet normal -0.767 0 0.641647
    outer loop
      vertex 48.464 172 80.2655
      vertex 49.046 172.8 80.9612
      vertex 48.464 172.8 80.2655
    endloop
  endfacet
  facet normal -0.767 0 0.641647
    outer loop
      vertex 49.046 172.8 80.9612
      vertex 48.464 172 80.2655
      vertex 49.046 172 80.9612
    endloop
  endfacet
  facet normal -0.605655 0 0.795727
    outer loop
      vertex 49.046 172.8 80.9612
      vertex 49.7757 172 81.5166
      vertex 49.7757 172.8 81.5166
    endloop
  endfacet
  facet normal -0.605655 0 0.795727
    outer loop
      vertex 49.7757 172 81.5166
      vertex 49.046 172.8 80.9612
      vertex 49.046 172 80.9612
    endloop
  endfacet
  facet normal -0.419501 0 0.907755
    outer loop
      vertex 49.7757 172.8 81.5166
      vertex 50.6339 172 81.9132
      vertex 50.6339 172.8 81.9132
    endloop
  endfacet
  facet normal -0.419501 0 0.907755
    outer loop
      vertex 50.6339 172 81.9132
      vertex 49.7757 172.8 81.5166
      vertex 49.7757 172 81.5166
    endloop
  endfacet
  facet normal -0.234438 0 0.972131
    outer loop
      vertex 50.6339 172.8 81.9132
      vertex 51.6208 172 82.1512
      vertex 51.6208 172.8 82.1512
    endloop
  endfacet
  facet normal -0.234438 0 0.972131
    outer loop
      vertex 51.6208 172 82.1512
      vertex 50.6339 172.8 81.9132
      vertex 50.6339 172 81.9132
    endloop
  endfacet
  facet normal -0.0709929 0 0.997477
    outer loop
      vertex 51.6208 172.8 82.1512
      vertex 52.7364 172 82.2306
      vertex 52.7364 172.8 82.2306
    endloop
  endfacet
  facet normal -0.0709929 0 0.997477
    outer loop
      vertex 52.7364 172 82.2306
      vertex 51.6208 172.8 82.1512
      vertex 51.6208 172 82.1512
    endloop
  endfacet
  facet normal 0.0712534 0 0.997458
    outer loop
      vertex 52.7364 172.8 82.2306
      vertex 53.8479 172 82.1512
      vertex 53.8479 172.8 82.1512
    endloop
  endfacet
  facet normal 0.0712534 0 0.997458
    outer loop
      vertex 53.8479 172 82.1512
      vertex 52.7364 172.8 82.2306
      vertex 52.7364 172 82.2306
    endloop
  endfacet
  facet normal 0.311568 0 -0.950224
    outer loop
      vertex 51.883 172 79.9753
      vertex 52.281 172.8 80.1058
      vertex 52.281 172 80.1058
    endloop
  endfacet
  facet normal 0.311568 0 -0.950224
    outer loop
      vertex 52.281 172.8 80.1058
      vertex 51.883 172 79.9753
      vertex 51.883 172.8 79.9753
    endloop
  endfacet
  facet normal 0.538492 0 -0.842631
    outer loop
      vertex 51.5425 172 79.7577
      vertex 51.883 172.8 79.9753
      vertex 51.883 172 79.9753
    endloop
  endfacet
  facet normal 0.538492 0 -0.842631
    outer loop
      vertex 51.883 172.8 79.9753
      vertex 51.5425 172 79.7577
      vertex 51.5425 172.8 79.7577
    endloop
  endfacet
  facet normal 0.732374 0 -0.680903
    outer loop
      vertex 51.5425 172 79.7577
      vertex 51.2594 172.8 79.4532
      vertex 51.5425 172.8 79.7577
    endloop
  endfacet
  facet normal 0.732374 0 -0.680903
    outer loop
      vertex 51.2594 172.8 79.4532
      vertex 51.5425 172 79.7577
      vertex 51.2594 172 79.4532
    endloop
  endfacet
  facet normal 0.866708 0 -0.498816
    outer loop
      vertex 51.2594 172 79.4532
      vertex 51.0369 172.8 79.0666
      vertex 51.2594 172.8 79.4532
    endloop
  endfacet
  facet normal 0.866708 0 -0.498816
    outer loop
      vertex 51.0369 172.8 79.0666
      vertex 51.2594 172 79.4532
      vertex 51.0369 172 79.0666
    endloop
  endfacet
  facet normal 0.945933 0 -0.324361
    outer loop
      vertex 51.0369 172 79.0666
      vertex 50.878 172.8 78.6032
      vertex 51.0369 172.8 79.0666
    endloop
  endfacet
  facet normal 0.945933 0 -0.324361
    outer loop
      vertex 50.878 172.8 78.6032
      vertex 51.0369 172 79.0666
      vertex 50.878 172 78.6032
    endloop
  endfacet
  facet normal 0.984793 0 -0.173733
    outer loop
      vertex 50.878 172 78.6032
      vertex 50.7827 172.8 78.063
      vertex 50.878 172.8 78.6032
    endloop
  endfacet
  facet normal 0.984793 0 -0.173733
    outer loop
      vertex 50.7827 172.8 78.063
      vertex 50.878 172 78.6032
      vertex 50.7827 172 78.063
    endloop
  endfacet
  facet normal 0.998674 0 -0.0514714
    outer loop
      vertex 50.7827 172 78.063
      vertex 50.7509 172.8 77.446
      vertex 50.7827 172.8 78.063
    endloop
  endfacet
  facet normal 0.998674 0 -0.0514714
    outer loop
      vertex 50.7509 172.8 77.446
      vertex 50.7827 172 78.063
      vertex 50.7509 172 77.446
    endloop
  endfacet
  facet normal 0.998675 -0 0.0514631
    outer loop
      vertex 50.7509 172 77.446
      vertex 50.7827 172.8 76.8289
      vertex 50.7509 172.8 77.446
    endloop
  endfacet
  facet normal 0.998675 0 0.0514631
    outer loop
      vertex 50.7827 172.8 76.8289
      vertex 50.7509 172 77.446
      vertex 50.7827 172 76.8289
    endloop
  endfacet
  facet normal 0.984793 -0 0.173733
    outer loop
      vertex 50.7827 172 76.8289
      vertex 50.878 172.8 76.2887
      vertex 50.7827 172.8 76.8289
    endloop
  endfacet
  facet normal 0.984793 0 0.173733
    outer loop
      vertex 50.878 172.8 76.2887
      vertex 50.7827 172 76.8289
      vertex 50.878 172 76.2887
    endloop
  endfacet
  facet normal 0.945933 -0 0.324361
    outer loop
      vertex 50.878 172 76.2887
      vertex 51.0369 172.8 75.8253
      vertex 50.878 172.8 76.2887
    endloop
  endfacet
  facet normal 0.945933 0 0.324361
    outer loop
      vertex 51.0369 172.8 75.8253
      vertex 50.878 172 76.2887
      vertex 51.0369 172 75.8253
    endloop
  endfacet
  facet normal 0.866652 -0 0.498913
    outer loop
      vertex 51.0369 172 75.8253
      vertex 51.2594 172.8 75.4388
      vertex 51.0369 172.8 75.8253
    endloop
  endfacet
  facet normal 0.866652 0 0.498913
    outer loop
      vertex 51.2594 172.8 75.4388
      vertex 51.0369 172 75.8253
      vertex 51.2594 172 75.4388
    endloop
  endfacet
  facet normal 0.732485 -0 0.680783
    outer loop
      vertex 51.2594 172 75.4388
      vertex 51.5425 172.8 75.1342
      vertex 51.2594 172.8 75.4388
    endloop
  endfacet
  facet normal 0.732485 0 0.680783
    outer loop
      vertex 51.5425 172.8 75.1342
      vertex 51.2594 172 75.4388
      vertex 51.5425 172 75.1342
    endloop
  endfacet
  facet normal 0.538492 0 0.842631
    outer loop
      vertex 51.5425 172.8 75.1342
      vertex 51.883 172 74.9166
      vertex 51.883 172.8 74.9166
    endloop
  endfacet
  facet normal 0.538492 0 0.842631
    outer loop
      vertex 51.883 172 74.9166
      vertex 51.5425 172.8 75.1342
      vertex 51.5425 172 75.1342
    endloop
  endfacet
  facet normal 0.311568 0 0.950224
    outer loop
      vertex 51.883 172.8 74.9166
      vertex 52.281 172 74.7861
      vertex 52.281 172.8 74.7861
    endloop
  endfacet
  facet normal 0.311568 0 0.950224
    outer loop
      vertex 52.281 172 74.7861
      vertex 51.883 172.8 74.9166
      vertex 51.883 172 74.9166
    endloop
  endfacet
  facet normal 0.0950876 0 0.995469
    outer loop
      vertex 52.281 172.8 74.7861
      vertex 52.7364 172 74.7426
      vertex 52.7364 172.8 74.7426
    endloop
  endfacet
  facet normal 0.0950876 0 0.995469
    outer loop
      vertex 52.7364 172 74.7426
      vertex 52.281 172.8 74.7861
      vertex 52.281 172 74.7861
    endloop
  endfacet
  facet normal -0.0966223 0 0.995321
    outer loop
      vertex 52.7364 172.8 74.7426
      vertex 53.1845 172 74.7861
      vertex 53.1845 172.8 74.7861
    endloop
  endfacet
  facet normal -0.0966223 0 0.995321
    outer loop
      vertex 53.1845 172 74.7861
      vertex 52.7364 172.8 74.7426
      vertex 52.7364 172 74.7426
    endloop
  endfacet
  facet normal -0.315792 0 0.948828
    outer loop
      vertex 53.1845 172.8 74.7861
      vertex 53.5766 172 74.9166
      vertex 53.5766 172.8 74.9166
    endloop
  endfacet
  facet normal -0.315792 0 0.948828
    outer loop
      vertex 53.5766 172 74.9166
      vertex 53.1845 172.8 74.7861
      vertex 53.1845 172 74.7861
    endloop
  endfacet
  facet normal -0.543355 0 0.839503
    outer loop
      vertex 53.5766 172.8 74.9166
      vertex 53.9128 172 75.1342
      vertex 53.9128 172.8 75.1342
    endloop
  endfacet
  facet normal -0.543355 0 0.839503
    outer loop
      vertex 53.9128 172 75.1342
      vertex 53.5766 172.8 74.9166
      vertex 53.5766 172 74.9166
    endloop
  endfacet
  facet normal -0.73597 0 0.677015
    outer loop
      vertex 53.9128 172 75.1342
      vertex 54.193 172.8 75.4388
      vertex 53.9128 172.8 75.1342
    endloop
  endfacet
  facet normal -0.73597 0 0.677015
    outer loop
      vertex 54.193 172.8 75.4388
      vertex 53.9128 172 75.1342
      vertex 54.193 172 75.4388
    endloop
  endfacet
  facet normal -0.868395 0 0.495873
    outer loop
      vertex 54.193 172 75.4388
      vertex 54.4137 172.8 75.8253
      vertex 54.193 172.8 75.4388
    endloop
  endfacet
  facet normal -0.868395 0 0.495873
    outer loop
      vertex 54.4137 172.8 75.8253
      vertex 54.193 172 75.4388
      vertex 54.4137 172 75.8253
    endloop
  endfacet
  facet normal -0.946683 0 0.322166
    outer loop
      vertex 54.4137 172 75.8253
      vertex 54.5714 172.8 76.2887
      vertex 54.4137 172.8 75.8253
    endloop
  endfacet
  facet normal -0.946683 0 0.322166
    outer loop
      vertex 54.5714 172.8 76.2887
      vertex 54.4137 172 75.8253
      vertex 54.5714 172 76.2887
    endloop
  endfacet
  facet normal -0.98501 0 0.172495
    outer loop
      vertex 54.5714 172 76.2887
      vertex 54.666 172.8 76.8289
      vertex 54.5714 172.8 76.2887
    endloop
  endfacet
  facet normal -0.98501 0 0.172495
    outer loop
      vertex 54.666 172.8 76.8289
      vertex 54.5714 172 76.2887
      vertex 54.666 172 76.8289
    endloop
  endfacet
  facet normal -0.998691 0 0.0511403
    outer loop
      vertex 54.666 172 76.8289
      vertex 54.6976 172.8 77.446
      vertex 54.666 172.8 76.8289
    endloop
  endfacet
  facet normal -0.998691 0 0.0511403
    outer loop
      vertex 54.6976 172.8 77.446
      vertex 54.666 172 76.8289
      vertex 54.6976 172 77.446
    endloop
  endfacet
  facet normal -0.998691 0 -0.0511485
    outer loop
      vertex 54.6976 172 77.446
      vertex 54.666 172.8 78.063
      vertex 54.6976 172.8 77.446
    endloop
  endfacet
  facet normal -0.998691 -0 -0.0511485
    outer loop
      vertex 54.666 172.8 78.063
      vertex 54.6976 172 77.446
      vertex 54.666 172 78.063
    endloop
  endfacet
  facet normal -0.98501 0 -0.172495
    outer loop
      vertex 54.666 172 78.063
      vertex 54.5714 172.8 78.6032
      vertex 54.666 172.8 78.063
    endloop
  endfacet
  facet normal -0.98501 -0 -0.172495
    outer loop
      vertex 54.5714 172.8 78.6032
      vertex 54.666 172 78.063
      vertex 54.5714 172 78.6032
    endloop
  endfacet
  facet normal -0.946683 0 -0.322166
    outer loop
      vertex 54.5714 172 78.6032
      vertex 54.4137 172.8 79.0666
      vertex 54.5714 172.8 78.6032
    endloop
  endfacet
  facet normal -0.946683 -0 -0.322166
    outer loop
      vertex 54.4137 172.8 79.0666
      vertex 54.5714 172 78.6032
      vertex 54.4137 172 79.0666
    endloop
  endfacet
  facet normal -0.86845 0 -0.495776
    outer loop
      vertex 54.4137 172 79.0666
      vertex 54.193 172.8 79.4532
      vertex 54.4137 172.8 79.0666
    endloop
  endfacet
  facet normal -0.86845 -0 -0.495776
    outer loop
      vertex 54.193 172.8 79.4532
      vertex 54.4137 172 79.0666
      vertex 54.193 172 79.4532
    endloop
  endfacet
  facet normal -0.735859 0 -0.677135
    outer loop
      vertex 54.193 172 79.4532
      vertex 53.9128 172.8 79.7577
      vertex 54.193 172.8 79.4532
    endloop
  endfacet
  facet normal -0.735859 -0 -0.677135
    outer loop
      vertex 53.9128 172.8 79.7577
      vertex 54.193 172 79.4532
      vertex 53.9128 172 79.7577
    endloop
  endfacet
  facet normal -0.543355 0 -0.839503
    outer loop
      vertex 53.5766 172 79.9753
      vertex 53.9128 172.8 79.7577
      vertex 53.9128 172 79.7577
    endloop
  endfacet
  facet normal -0.543355 0 -0.839503
    outer loop
      vertex 53.9128 172.8 79.7577
      vertex 53.5766 172 79.9753
      vertex 53.5766 172.8 79.9753
    endloop
  endfacet
  facet normal -0.315792 0 -0.948828
    outer loop
      vertex 53.1845 172 80.1058
      vertex 53.5766 172.8 79.9753
      vertex 53.5766 172 79.9753
    endloop
  endfacet
  facet normal -0.315792 0 -0.948828
    outer loop
      vertex 53.5766 172.8 79.9753
      vertex 53.1845 172 80.1058
      vertex 53.1845 172.8 80.1058
    endloop
  endfacet
  facet normal -0.0966223 0 -0.995321
    outer loop
      vertex 52.7364 172 80.1493
      vertex 53.1845 172.8 80.1058
      vertex 53.1845 172 80.1058
    endloop
  endfacet
  facet normal -0.0966223 0 -0.995321
    outer loop
      vertex 53.1845 172.8 80.1058
      vertex 52.7364 172 80.1493
      vertex 52.7364 172.8 80.1493
    endloop
  endfacet
  facet normal 0.0950876 0 -0.995469
    outer loop
      vertex 52.281 172 80.1058
      vertex 52.7364 172.8 80.1493
      vertex 52.7364 172 80.1493
    endloop
  endfacet
  facet normal 0.0950876 0 -0.995469
    outer loop
      vertex 52.7364 172.8 80.1493
      vertex 52.281 172 80.1058
      vertex 52.281 172.8 80.1058
    endloop
  endfacet
  facet normal 0.168173 0 0.985758
    outer loop
      vertex 158.031 172.8 82.207
      vertex 158.446 172 82.1362
      vertex 158.446 172.8 82.1362
    endloop
  endfacet
  facet normal 0.168173 0 0.985758
    outer loop
      vertex 158.446 172 82.1362
      vertex 158.031 172.8 82.207
      vertex 158.031 172 82.207
    endloop
  endfacet
  facet normal 0.285132 0 0.958488
    outer loop
      vertex 158.446 172.8 82.1362
      vertex 158.843 172 82.0181
      vertex 158.843 172.8 82.0181
    endloop
  endfacet
  facet normal 0.285132 0 0.958488
    outer loop
      vertex 158.843 172 82.0181
      vertex 158.446 172.8 82.1362
      vertex 158.446 172 82.1362
    endloop
  endfacet
  facet normal 0.401354 0 0.915923
    outer loop
      vertex 158.843 172.8 82.0181
      vertex 159.22 172 81.8529
      vertex 159.22 172.8 81.8529
    endloop
  endfacet
  facet normal 0.401354 0 0.915923
    outer loop
      vertex 159.22 172 81.8529
      vertex 158.843 172.8 82.0181
      vertex 158.843 172 82.0181
    endloop
  endfacet
  facet normal 0.50857 0 0.861021
    outer loop
      vertex 159.22 172.8 81.8529
      vertex 159.584 172 81.6379
      vertex 159.584 172.8 81.6379
    endloop
  endfacet
  facet normal 0.50857 0 0.861021
    outer loop
      vertex 159.584 172 81.6379
      vertex 159.22 172.8 81.8529
      vertex 159.22 172 81.8529
    endloop
  endfacet
  facet normal 0.603679 0 0.797227
    outer loop
      vertex 159.584 172.8 81.6379
      vertex 159.937 172 81.3706
      vertex 159.937 172.8 81.3706
    endloop
  endfacet
  facet normal 0.603679 0 0.797227
    outer loop
      vertex 159.937 172 81.3706
      vertex 159.584 172.8 81.6379
      vertex 159.584 172 81.6379
    endloop
  endfacet
  facet normal 0.680533 0 0.732718
    outer loop
      vertex 159.937 172.8 81.3706
      vertex 160.281 172 81.0511
      vertex 160.281 172.8 81.0511
    endloop
  endfacet
  facet normal 0.680533 0 0.732718
    outer loop
      vertex 160.281 172 81.0511
      vertex 159.937 172.8 81.3706
      vertex 159.937 172 81.3706
    endloop
  endfacet
  facet normal 0.743006 -0 0.669285
    outer loop
      vertex 160.281 172 81.0511
      vertex 160.616 172.8 80.6792
      vertex 160.281 172.8 81.0511
    endloop
  endfacet
  facet normal 0.743006 0 0.669285
    outer loop
      vertex 160.616 172.8 80.6792
      vertex 160.281 172 81.0511
      vertex 160.616 172 80.6792
    endloop
  endfacet
  facet normal -1 0 0
    outer loop
      vertex 160.616 172 80.6792
      vertex 160.616 172.8 81.9925
      vertex 160.616 172.8 80.6792
    endloop
  endfacet
  facet normal -1 -0 0
    outer loop
      vertex 160.616 172.8 81.9925
      vertex 160.616 172 80.6792
      vertex 160.616 172 81.9925
    endloop
  endfacet
  facet normal -0 0 1
    outer loop
      vertex 160.616 172.8 81.9925
      vertex 163.529 172 81.9925
      vertex 163.529 172.8 81.9925
    endloop
  endfacet
  facet normal 0 0 1
    outer loop
      vertex 163.529 172 81.9925
      vertex 160.616 172.8 81.9925
      vertex 160.616 172 81.9925
    endloop
  endfacet
  facet normal 1 -0 0
    outer loop
      vertex 163.529 172 81.9925
      vertex 163.529 172.8 72.8763
      vertex 163.529 172.8 81.9925
    endloop
  endfacet
  facet normal 1 0 0
    outer loop
      vertex 163.529 172.8 72.8763
      vertex 163.529 172 81.9925
      vertex 163.529 172 72.8763
    endloop
  endfacet
  facet normal 0 0 -1
    outer loop
      vertex 160.616 172 72.8763
      vertex 163.529 172.8 72.8763
      vertex 163.529 172 72.8763
    endloop
  endfacet
  facet normal -0 0 -1
    outer loop
      vertex 163.529 172.8 72.8763
      vertex 160.616 172 72.8763
      vertex 160.616 172.8 72.8763
    endloop
  endfacet
  facet normal -1 0 0
    outer loop
      vertex 160.616 172 72.8763
      vertex 160.616 172.8 77.3797
      vertex 160.616 172.8 72.8763
    endloop
  endfacet
  facet normal -1 -0 0
    outer loop
      vertex 160.616 172.8 77.3797
      vertex 160.616 172 72.8763
      vertex 160.616 172 77.3797
    endloop
  endfacet
  facet normal -0.998434 0 -0.0559489
    outer loop
      vertex 160.616 172 77.3797
      vertex 160.583 172.8 77.9686
      vertex 160.616 172.8 77.3797
    endloop
  endfacet
  facet normal -0.998434 -0 -0.0559489
    outer loop
      vertex 160.583 172.8 77.9686
      vertex 160.616 172 77.3797
      vertex 160.583 172 77.9686
    endloop
  endfacet
  facet normal -0.983087 0 -0.183137
    outer loop
      vertex 160.583 172 77.9686
      vertex 160.486 172.8 78.4893
      vertex 160.583 172.8 77.9686
    endloop
  endfacet
  facet normal -0.983087 -0 -0.183137
    outer loop
      vertex 160.486 172.8 78.4893
      vertex 160.583 172 77.9686
      vertex 160.486 172 78.4893
    endloop
  endfacet
  facet normal -0.940821 0 -0.338904
    outer loop
      vertex 160.486 172 78.4893
      vertex 160.323 172.8 78.9418
      vertex 160.486 172.8 78.4893
    endloop
  endfacet
  facet normal -0.940821 -0 -0.338904
    outer loop
      vertex 160.323 172.8 78.9418
      vertex 160.486 172 78.4893
      vertex 160.323 172 78.9418
    endloop
  endfacet
  facet normal -0.86003 0 -0.510244
    outer loop
      vertex 160.323 172 78.9418
      vertex 160.095 172.8 79.3261
      vertex 160.323 172.8 78.9418
    endloop
  endfacet
  facet normal -0.86003 -0 -0.510244
    outer loop
      vertex 160.095 172.8 79.3261
      vertex 160.323 172 78.9418
      vertex 160.095 172 79.3261
    endloop
  endfacet
  facet normal -0.732214 0 -0.681074
    outer loop
      vertex 160.095 172 79.3261
      vertex 159.81 172.8 79.6325
      vertex 160.095 172.8 79.3261
    endloop
  endfacet
  facet normal -0.732214 -0 -0.681074
    outer loop
      vertex 159.81 172.8 79.6325
      vertex 160.095 172 79.3261
      vertex 159.81 172 79.6325
    endloop
  endfacet
  facet normal -0.549128 0 -0.835738
    outer loop
      vertex 159.477 172 79.8513
      vertex 159.81 172.8 79.6325
      vertex 159.81 172 79.6325
    endloop
  endfacet
  facet normal -0.549128 0 -0.835738
    outer loop
      vertex 159.81 172.8 79.6325
      vertex 159.477 172 79.8513
      vertex 159.477 172.8 79.8513
    endloop
  endfacet
  facet normal -0.324293 0 -0.945957
    outer loop
      vertex 159.094 172 79.9826
      vertex 159.477 172.8 79.8513
      vertex 159.477 172 79.8513
    endloop
  endfacet
  facet normal -0.324293 0 -0.945957
    outer loop
      vertex 159.477 172.8 79.8513
      vertex 159.094 172 79.9826
      vertex 159.094 172.8 79.9826
    endloop
  endfacet
  facet normal -0.101103 0 -0.994876
    outer loop
      vertex 158.663 172 80.0264
      vertex 159.094 172.8 79.9826
      vertex 159.094 172 79.9826
    endloop
  endfacet
  facet normal -0.101103 0 -0.994876
    outer loop
      vertex 159.094 172.8 79.9826
      vertex 158.663 172 80.0264
      vertex 158.663 172.8 80.0264
    endloop
  endfacet
  facet normal 0.0532212 0 -0.998583
    outer loop
      vertex 158.481 172 80.0167
      vertex 158.663 172.8 80.0264
      vertex 158.663 172 80.0264
    endloop
  endfacet
  facet normal 0.0532212 0 -0.998583
    outer loop
      vertex 158.663 172.8 80.0264
      vertex 158.481 172 80.0167
      vertex 158.481 172.8 80.0167
    endloop
  endfacet
  facet normal 0.167203 0 -0.985922
    outer loop
      vertex 158.31 172 79.9877
      vertex 158.481 172.8 80.0167
      vertex 158.481 172 80.0167
    endloop
  endfacet
  facet normal 0.167203 0 -0.985922
    outer loop
      vertex 158.481 172.8 80.0167
      vertex 158.31 172 79.9877
      vertex 158.31 172.8 79.9877
    endloop
  endfacet
  facet normal 0.287348 0 -0.957826
    outer loop
      vertex 158.149 172 79.9394
      vertex 158.31 172.8 79.9877
      vertex 158.31 172 79.9877
    endloop
  endfacet
  facet normal 0.287348 0 -0.957826
    outer loop
      vertex 158.31 172.8 79.9877
      vertex 158.149 172 79.9394
      vertex 158.149 172.8 79.9394
    endloop
  endfacet
  facet normal 0.413665 0 -0.910429
    outer loop
      vertex 158 172 79.8717
      vertex 158.149 172.8 79.9394
      vertex 158.149 172 79.9394
    endloop
  endfacet
  facet normal 0.413665 0 -0.910429
    outer loop
      vertex 158.149 172.8 79.9394
      vertex 158 172 79.8717
      vertex 158 172.8 79.8717
    endloop
  endfacet
  facet normal 0.526673 0 -0.850068
    outer loop
      vertex 157.862 172 79.7862
      vertex 158 172.8 79.8717
      vertex 158 172 79.8717
    endloop
  endfacet
  facet normal 0.526673 0 -0.850068
    outer loop
      vertex 158 172.8 79.8717
      vertex 157.862 172 79.7862
      vertex 157.862 172.8 79.7862
    endloop
  endfacet
  facet normal 0.634527 0 -0.772901
    outer loop
      vertex 157.738 172 79.6844
      vertex 157.862 172.8 79.7862
      vertex 157.862 172 79.7862
    endloop
  endfacet
  facet normal 0.634527 0 -0.772901
    outer loop
      vertex 157.862 172.8 79.7862
      vertex 157.738 172 79.6844
      vertex 157.738 172.8 79.6844
    endloop
  endfacet
  facet normal 0.731755 0 -0.681567
    outer loop
      vertex 157.738 172 79.6844
      vertex 157.628 172.8 79.5663
      vertex 157.738 172.8 79.6844
    endloop
  endfacet
  facet normal 0.731755 0 -0.681567
    outer loop
      vertex 157.628 172.8 79.5663
      vertex 157.738 172 79.6844
      vertex 157.628 172 79.5663
    endloop
  endfacet
  facet normal 0.813733 0 -0.581238
    outer loop
      vertex 157.628 172 79.5663
      vertex 157.532 172.8 79.4319
      vertex 157.628 172.8 79.5663
    endloop
  endfacet
  facet normal 0.813733 0 -0.581238
    outer loop
      vertex 157.532 172.8 79.4319
      vertex 157.628 172 79.5663
      vertex 157.532 172 79.4319
    endloop
  endfacet
  facet normal 0.892157 0 -0.451725
    outer loop
      vertex 157.532 172 79.4319
      vertex 157.468 172.8 79.3055
      vertex 157.532 172.8 79.4319
    endloop
  endfacet
  facet normal 0.892157 0 -0.451725
    outer loop
      vertex 157.468 172.8 79.3055
      vertex 157.532 172 79.4319
      vertex 157.468 172 79.3055
    endloop
  endfacet
  facet normal 0.947249 0 -0.320498
    outer loop
      vertex 157.468 172 79.3055
      vertex 157.414 172.8 79.1459
      vertex 157.468 172.8 79.3055
    endloop
  endfacet
  facet normal 0.947249 0 -0.320498
    outer loop
      vertex 157.414 172.8 79.1459
      vertex 157.468 172 79.3055
      vertex 157.414 172 79.1459
    endloop
  endfacet
  facet normal 0.974884 0 -0.222715
    outer loop
      vertex 157.414 172 79.1459
      vertex 157.37 172.8 78.9533
      vertex 157.414 172.8 79.1459
    endloop
  endfacet
  facet normal 0.974884 0 -0.222715
    outer loop
      vertex 157.37 172.8 78.9533
      vertex 157.414 172 79.1459
      vertex 157.37 172 78.9533
    endloop
  endfacet
  facet normal 0.988853 0 -0.148897
    outer loop
      vertex 157.37 172 78.9533
      vertex 157.336 172.8 78.7275
      vertex 157.37 172.8 78.9533
    endloop
  endfacet
  facet normal 0.988853 0 -0.148897
    outer loop
      vertex 157.336 172.8 78.7275
      vertex 157.37 172 78.9533
      vertex 157.336 172 78.7275
    endloop
  endfacet
  facet normal 0.996057 0 -0.0887119
    outer loop
      vertex 157.336 172 78.7275
      vertex 157.311 172.8 78.4468
      vertex 157.336 172.8 78.7275
    endloop
  endfacet
  facet normal 0.996057 0 -0.0887119
    outer loop
      vertex 157.311 172.8 78.4468
      vertex 157.336 172 78.7275
      vertex 157.311 172 78.4468
    endloop
  endfacet
  facet normal 0.998871 0 -0.0474988
    outer loop
      vertex 157.311 172 78.4468
      vertex 157.294 172.8 78.0893
      vertex 157.311 172.8 78.4468
    endloop
  endfacet
  facet normal 0.998871 0 -0.0474988
    outer loop
      vertex 157.294 172.8 78.0893
      vertex 157.311 172 78.4468
      vertex 157.294 172 78.0893
    endloop
  endfacet
  facet normal 0.99968 0 -0.0253142
    outer loop
      vertex 157.294 172 78.0893
      vertex 157.283 172.8 77.6549
      vertex 157.294 172.8 78.0893
    endloop
  endfacet
  facet normal 0.99968 0 -0.0253142
    outer loop
      vertex 157.283 172.8 77.6549
      vertex 157.294 172 78.0893
      vertex 157.283 172 77.6549
    endloop
  endfacet
  facet normal 0.999969 0 -0.00782449
    outer loop
      vertex 157.283 172 77.6549
      vertex 157.279 172.8 77.1437
      vertex 157.283 172.8 77.6549
    endloop
  endfacet
  facet normal 0.999969 0 -0.00782449
    outer loop
      vertex 157.279 172.8 77.1437
      vertex 157.283 172 77.6549
      vertex 157.279 172 77.1437
    endloop
  endfacet
  facet normal 0.999991 -0 0.00427529
    outer loop
      vertex 157.279 172 77.1437
      vertex 157.28 172.8 76.9098
      vertex 157.279 172.8 77.1437
    endloop
  endfacet
  facet normal 0.999991 0 0.00427529
    outer loop
      vertex 157.28 172.8 76.9098
      vertex 157.279 172 77.1437
      vertex 157.28 172 76.9098
    endloop
  endfacet
  facet normal 0.999995 -0 0.00305809
    outer loop
      vertex 157.28 172 76.9098
      vertex 157.281 172.8 76.5828
      vertex 157.28 172.8 76.9098
    endloop
  endfacet
  facet normal 0.999995 0 0.00305809
    outer loop
      vertex 157.281 172.8 76.5828
      vertex 157.28 172 76.9098
      vertex 157.281 172 76.5828
    endloop
  endfacet
  facet normal 0.999975 -0 0.00713928
    outer loop
      vertex 157.281 172 76.5828
      vertex 157.284 172.8 76.1626
      vertex 157.281 172.8 76.5828
    endloop
  endfacet
  facet normal 0.999975 0 0.00713928
    outer loop
      vertex 157.284 172.8 76.1626
      vertex 157.281 172 76.5828
      vertex 157.284 172 76.1626
    endloop
  endfacet
  facet normal 0.99997 -0 0.00779248
    outer loop
      vertex 157.284 172 76.1626
      vertex 157.288 172.8 75.6493
      vertex 157.284 172.8 76.1626
    endloop
  endfacet
  facet normal 0.99997 0 0.00779248
    outer loop
      vertex 157.288 172.8 75.6493
      vertex 157.284 172 76.1626
      vertex 157.288 172 75.6493
    endloop
  endfacet
  facet normal 0.999984 -0 0.00559484
    outer loop
      vertex 157.288 172 75.6493
      vertex 157.291 172.8 75.1131
      vertex 157.288 172.8 75.6493
    endloop
  endfacet
  facet normal 0.999984 0 0.00559484
    outer loop
      vertex 157.291 172.8 75.1131
      vertex 157.288 172 75.6493
      vertex 157.291 172 75.1131
    endloop
  endfacet
  facet normal 0.999981 -0 0.00613611
    outer loop
      vertex 157.291 172 75.1131
      vertex 157.294 172.8 74.6242
      vertex 157.291 172.8 75.1131
    endloop
  endfacet
  facet normal 0.999981 0 0.00613611
    outer loop
      vertex 157.294 172.8 74.6242
      vertex 157.291 172 75.1131
      vertex 157.294 172 74.6242
    endloop
  endfacet
  facet normal 0.999997 -0 0.002265
    outer loop
      vertex 157.294 172 74.6242
      vertex 157.295 172.8 74.1827
      vertex 157.294 172.8 74.6242
    endloop
  endfacet
  facet normal 0.999997 0 0.002265
    outer loop
      vertex 157.295 172.8 74.1827
      vertex 157.294 172 74.6242
      vertex 157.295 172 74.1827
    endloop
  endfacet
  facet normal 0.999997 -0 0.00253678
    outer loop
      vertex 157.295 172 74.1827
      vertex 157.296 172.8 73.7885
      vertex 157.295 172.8 74.1827
    endloop
  endfacet
  facet normal 0.999997 0 0.00253678
    outer loop
      vertex 157.296 172.8 73.7885
      vertex 157.295 172 74.1827
      vertex 157.296 172 73.7885
    endloop
  endfacet
  facet normal 1 -0 0
    outer loop
      vertex 157.296 172 73.7885
      vertex 157.296 172.8 72.8763
      vertex 157.296 172.8 73.7885
    endloop
  endfacet
  facet normal 1 0 0
    outer loop
      vertex 157.296 172.8 72.8763
      vertex 157.296 172 73.7885
      vertex 157.296 172 72.8763
    endloop
  endfacet
  facet normal 0 0 -1
    outer loop
      vertex 154.366 172 72.8763
      vertex 157.296 172.8 72.8763
      vertex 157.296 172 72.8763
    endloop
  endfacet
  facet normal -0 0 -1
    outer loop
      vertex 157.296 172.8 72.8763
      vertex 154.366 172 72.8763
      vertex 154.366 172.8 72.8763
    endloop
  endfacet
  facet normal -1 0 0
    outer loop
      vertex 154.366 172 72.8763
      vertex 154.366 172.8 78.4466
      vertex 154.366 172.8 72.8763
    endloop
  endfacet
  facet normal -1 -0 0
    outer loop
      vertex 154.366 172.8 78.4466
      vertex 154.366 172 72.8763
      vertex 154.366 172 78.4466
    endloop
  endfacet
  facet normal -0.998213 0 0.0597526
    outer loop
      vertex 154.366 172 78.4466
      vertex 154.418 172.8 79.3153
      vertex 154.366 172.8 78.4466
    endloop
  endfacet
  facet normal -0.998213 0 0.0597526
    outer loop
      vertex 154.418 172.8 79.3153
      vertex 154.366 172 78.4466
      vertex 154.418 172 79.3153
    endloop
  endfacet
  facet normal -0.979773 0 0.200112
    outer loop
      vertex 154.418 172 79.3153
      vertex 154.573 172.8 80.0742
      vertex 154.418 172.8 79.3153
    endloop
  endfacet
  facet normal -0.979773 0 0.200112
    outer loop
      vertex 154.573 172.8 80.0742
      vertex 154.418 172 79.3153
      vertex 154.573 172 80.0742
    endloop
  endfacet
  facet normal -0.929265 0 0.369415
    outer loop
      vertex 154.573 172 80.0742
      vertex 154.831 172.8 80.7232
      vertex 154.573 172.8 80.0742
    endloop
  endfacet
  facet normal -0.929265 0 0.369415
    outer loop
      vertex 154.831 172.8 80.7232
      vertex 154.573 172 80.0742
      vertex 154.831 172 80.7232
    endloop
  endfacet
  facet normal -0.83091 0 0.556406
    outer loop
      vertex 154.831 172 80.7232
      vertex 155.192 172.8 81.2623
      vertex 154.831 172.8 80.7232
    endloop
  endfacet
  facet normal -0.83091 0 0.556406
    outer loop
      vertex 155.192 172.8 81.2623
      vertex 154.831 172 80.7232
      vertex 155.192 172 81.2623
    endloop
  endfacet
  facet normal -0.677403 0 0.735612
    outer loop
      vertex 155.192 172.8 81.2623
      vertex 155.652 172 81.6859
      vertex 155.652 172.8 81.6859
    endloop
  endfacet
  facet normal -0.677403 0 0.735612
    outer loop
      vertex 155.652 172 81.6859
      vertex 155.192 172.8 81.2623
      vertex 155.192 172 81.2623
    endloop
  endfacet
  facet normal -0.479363 0 0.877617
    outer loop
      vertex 155.652 172.8 81.6859
      vertex 156.206 172 81.9885
      vertex 156.206 172.8 81.9885
    endloop
  endfacet
  facet normal -0.479363 0 0.877617
    outer loop
      vertex 156.206 172 81.9885
      vertex 155.652 172.8 81.6859
      vertex 155.652 172 81.6859
    endloop
  endfacet
  facet normal -0.269465 0 0.96301
    outer loop
      vertex 156.206 172.8 81.9885
      vertex 156.855 172 82.1701
      vertex 156.855 172.8 82.1701
    endloop
  endfacet
  facet normal -0.269465 0 0.96301
    outer loop
      vertex 156.855 172 82.1701
      vertex 156.206 172.8 81.9885
      vertex 156.206 172 81.9885
    endloop
  endfacet
  facet normal -0.0812667 0 0.996692
    outer loop
      vertex 156.855 172.8 82.1701
      vertex 157.597 172 82.2306
      vertex 157.597 172.8 82.2306
    endloop
  endfacet
  facet normal -0.0812667 0 0.996692
    outer loop
      vertex 157.597 172 82.2306
      vertex 156.855 172.8 82.1701
      vertex 156.855 172 82.1701
    endloop
  endfacet
  facet normal 0.0542977 0 0.998525
    outer loop
      vertex 157.597 172.8 82.2306
      vertex 158.031 172 82.207
      vertex 158.031 172.8 82.207
    endloop
  endfacet
  facet normal 0.0542977 0 0.998525
    outer loop
      vertex 158.031 172 82.207
      vertex 157.597 172.8 82.2306
      vertex 157.597 172 82.2306
    endloop
  endfacet
  facet normal 0 0 -1
    outer loop
      vertex 80.5105 172 76.0098
      vertex 85.6208 172.8 76.0098
      vertex 85.6208 172 76.0098
    endloop
  endfacet
  facet normal -0 0 -1
    outer loop
      vertex 85.6208 172.8 76.0098
      vertex 80.5105 172 76.0098
      vertex 80.5105 172.8 76.0098
    endloop
  endfacet
  facet normal -1 0 0
    outer loop
      vertex 80.5105 172 76.0098
      vertex 80.5105 172.8 78.3752
      vertex 80.5105 172.8 76.0098
    endloop
  endfacet
  facet normal -1 -0 0
    outer loop
      vertex 80.5105 172.8 78.3752
      vertex 80.5105 172 76.0098
      vertex 80.5105 172 78.3752
    endloop
  endfacet
  facet normal -0 0 1
    outer loop
      vertex 80.5105 172.8 78.3752
      vertex 85.6208 172 78.3752
      vertex 85.6208 172.8 78.3752
    endloop
  endfacet
  facet normal 0 0 1
    outer loop
      vertex 85.6208 172 78.3752
      vertex 80.5105 172.8 78.3752
      vertex 80.5105 172 78.3752
    endloop
  endfacet
  facet normal 1 -0 0
    outer loop
      vertex 85.6208 172 78.3752
      vertex 85.6208 172.8 76.0098
      vertex 85.6208 172.8 78.3752
    endloop
  endfacet
  facet normal 1 0 0
    outer loop
      vertex 85.6208 172.8 76.0098
      vertex 85.6208 172 78.3752
      vertex 85.6208 172 76.0098
    endloop
  endfacet
  facet normal 0 0 -1
    outer loop
      vertex 137.543 172 78.8437
      vertex 140.473 172.8 78.8437
      vertex 140.473 172 78.8437
    endloop
  endfacet
  facet normal -0 0 -1
    outer loop
      vertex 140.473 172.8 78.8437
      vertex 137.543 172 78.8437
      vertex 137.543 172.8 78.8437
    endloop
  endfacet
  facet normal -1 0 0
    outer loop
      vertex 137.543 172 78.8437
      vertex 137.543 172.8 81.9925
      vertex 137.543 172.8 78.8437
    endloop
  endfacet
  facet normal -1 -0 0
    outer loop
      vertex 137.543 172.8 81.9925
      vertex 137.543 172 78.8437
      vertex 137.543 172 81.9925
    endloop
  endfacet
  facet normal -0 0 1
    outer loop
      vertex 137.543 172.8 81.9925
      vertex 140.473 172 81.9925
      vertex 140.473 172.8 81.9925
    endloop
  endfacet
  facet normal 0 0 1
    outer loop
      vertex 140.473 172 81.9925
      vertex 137.543 172.8 81.9925
      vertex 137.543 172 81.9925
    endloop
  endfacet
  facet normal 1 -0 0
    outer loop
      vertex 140.473 172 81.9925
      vertex 140.473 172.8 78.8437
      vertex 140.473 172.8 81.9925
    endloop
  endfacet
  facet normal 1 0 0
    outer loop
      vertex 140.473 172.8 78.8437
      vertex 140.473 172 81.9925
      vertex 140.473 172 78.8437
    endloop
  endfacet
  facet normal 0 -1 -0
    outer loop
      vertex 91.4021 0 72.7221
      vertex 79.2469 0 69.3282
      vertex 92.5493 0 72.6613
    endloop
  endfacet
  facet normal 0 -1 -0
    outer loop
      vertex 92.5493 0 72.6613
      vertex 79.2469 0 69.3282
      vertex 98.509 0 72.6613
    endloop
  endfacet
  facet normal 0 -1 0
    outer loop
      vertex 79.2469 0 69.3282
      vertex 82.2496 0 72.6613
      vertex 81.7911 0 72.6849
    endloop
  endfacet
  facet normal 0 -1 -0
    outer loop
      vertex 109.056 0 70.2882
      vertex 79.2469 0 69.3282
      vertex 111.969 0 70.2882
    endloop
  endfacet
  facet normal 0 -1 -0
    outer loop
      vertex 98.509 0 72.6613
      vertex 79.2469 0 69.3282
      vertex 109.056 0 70.2882
    endloop
  endfacet
  facet normal 0 -1 -0
    outer loop
      vertex 81.3596 0 72.7558
      vertex 79.2469 0 69.3282
      vertex 81.7911 0 72.6849
    endloop
  endfacet
  facet normal 0 -1 -0
    outer loop
      vertex 80.955 0 72.8738
      vertex 79.2469 0 69.3282
      vertex 81.3596 0 72.7558
    endloop
  endfacet
  facet normal 0 -1 -0
    outer loop
      vertex 80.5774 0 73.0391
      vertex 79.2469 0 69.3282
      vertex 80.955 0 72.8738
    endloop
  endfacet
  facet normal 0 -1 -0
    outer loop
      vertex 80.2211 0 73.254
      vertex 79.2469 0 69.3282
      vertex 80.5774 0 73.0391
    endloop
  endfacet
  facet normal 0 -1 -0
    outer loop
      vertex 79.8806 0 73.5213
      vertex 79.2469 0 69.3282
      vertex 80.2211 0 73.254
    endloop
  endfacet
  facet normal 0 -1 -0
    outer loop
      vertex 79.5558 0 73.8408
      vertex 79.2469 0 69.3282
      vertex 79.8806 0 73.5213
    endloop
  endfacet
  facet normal 0 -1 0
    outer loop
      vertex 79.2469 0 69.3282
      vertex 79.5558 0 73.8408
      vertex 79.2469 0 74.2127
    endloop
  endfacet
  facet normal 0 -1 0
    outer loop
      vertex 111.969 0 70.2882
      vertex 113.418 0 72.8763
      vertex 111.969 0 72.8763
    endloop
  endfacet
  facet normal 0 -1 -0
    outer loop
      vertex 113.418 0 72.8763
      vertex 111.969 0 70.2882
      vertex 124.642 0 72.7422
    endloop
  endfacet
  facet normal 0 -1 -0
    outer loop
      vertex 124.642 0 72.7422
      vertex 111.969 0 70.2882
      vertex 125.662 0 72.6613
    endloop
  endfacet
  facet normal 0 -1 0
    outer loop
      vertex 101.253 0 73.9635
      vertex 101.544 0 72.8763
      vertex 101.544 0 74.3816
    endloop
  endfacet
  facet normal 0 -1 0
    outer loop
      vertex 100.941 0 73.606
      vertex 101.544 0 72.8763
      vertex 101.253 0 73.9635
    endloop
  endfacet
  facet normal 0 -1 0
    outer loop
      vertex 100.608 0 73.3092
      vertex 101.544 0 72.8763
      vertex 100.941 0 73.606
    endloop
  endfacet
  facet normal 0 -1 0
    outer loop
      vertex 100.255 0 73.073
      vertex 101.544 0 72.8763
      vertex 100.608 0 73.3092
    endloop
  endfacet
  facet normal 0 -1 0
    outer loop
      vertex 99.8723 0 72.8929
      vertex 101.544 0 72.8763
      vertex 100.255 0 73.073
    endloop
  endfacet
  facet normal 0 -1 0
    outer loop
      vertex 109.056 0 70.2882
      vertex 104.458 0 72.8763
      vertex 101.544 0 72.8763
    endloop
  endfacet
  facet normal 0 -1 0
    outer loop
      vertex 104.458 0 72.8763
      vertex 109.056 0 70.2882
      vertex 106.054 0 72.8763
    endloop
  endfacet
  facet normal 0 -1 0
    outer loop
      vertex 99.454 0 72.7642
      vertex 101.544 0 72.8763
      vertex 99.8723 0 72.8929
    endloop
  endfacet
  facet normal 0 -1 0
    outer loop
      vertex 98.9996 0 72.687
      vertex 101.544 0 72.8763
      vertex 99.454 0 72.7642
    endloop
  endfacet
  facet normal 0 -1 -0
    outer loop
      vertex 101.544 0 72.8763
      vertex 98.9996 0 72.687
      vertex 109.056 0 70.2882
    endloop
  endfacet
  facet normal 0 -1 0
    outer loop
      vertex 109.056 0 70.2882
      vertex 98.9996 0 72.687
      vertex 98.509 0 72.6613
    endloop
  endfacet
  facet normal 0 -1 0
    outer loop
      vertex 106.054 0 72.8763
      vertex 109.056 0 70.2882
      vertex 109.056 0 72.8763
    endloop
  endfacet
  facet normal 0 -1 0
    outer loop
      vertex 90.8322 0 75.9333
      vertex 92.5493 0 76.1634
      vertex 90.8322 0 76.1634
    endloop
  endfacet
  facet normal 0 -1 0
    outer loop
      vertex 90.8663 0 75.6101
      vertex 92.5493 0 76.1634
      vertex 90.8322 0 75.9333
    endloop
  endfacet
  facet normal -0 -1 0
    outer loop
      vertex 97.6871 0 75.3647
      vertex 92.5493 0 76.1634
      vertex 96.3169 0 75.3416
    endloop
  endfacet
  facet normal 0 -1 0
    outer loop
      vertex 90.9685 0 75.3333
      vertex 92.5493 0 76.1634
      vertex 90.8663 0 75.6101
    endloop
  endfacet
  facet normal 0 -1 0
    outer loop
      vertex 92.5493 0 76.1634
      vertex 97.6871 0 75.3647
      vertex 101.203 0 76.1313
    endloop
  endfacet
  facet normal 0 -1 0
    outer loop
      vertex 98.0686 0 75.2076
      vertex 101.203 0 76.1313
      vertex 97.8781 0 75.2802
    endloop
  endfacet
  facet normal 0 -1 0
    outer loop
      vertex 97.8781 0 75.2802
      vertex 101.203 0 76.1313
      vertex 97.6871 0 75.3647
    endloop
  endfacet
  facet normal 0 -1 0
    outer loop
      vertex 91.1389 0 75.1028
      vertex 92.5493 0 76.1634
      vertex 90.9685 0 75.3333
    endloop
  endfacet
  facet normal 0 -1 0
    outer loop
      vertex 92.5493 0 76.1634
      vertex 95.9639 0 75.167
      vertex 96.3169 0 75.3416
    endloop
  endfacet
  facet normal 0 -1 0
    outer loop
      vertex 92.5493 0 76.1634
      vertex 91.1389 0 75.1028
      vertex 91.3775 0 74.9186
    endloop
  endfacet
  facet normal 0 -1 0
    outer loop
      vertex 92.5493 0 76.1634
      vertex 95.5967 0 75.0157
      vertex 95.9639 0 75.167
    endloop
  endfacet
  facet normal 0 -1 0
    outer loop
      vertex 92.5493 0 76.1634
      vertex 91.3775 0 74.9186
      vertex 91.6882 0 74.7778
    endloop
  endfacet
  facet normal 0 -1 0
    outer loop
      vertex 92.5493 0 76.1634
      vertex 95.2153 0 74.8877
      vertex 95.5967 0 75.0157
    endloop
  endfacet
  facet normal 0 -1 0
    outer loop
      vertex 92.5493 0 76.1634
      vertex 94.8197 0 74.7829
      vertex 95.2153 0 74.8877
    endloop
  endfacet
  facet normal 0 -1 0
    outer loop
      vertex 92.5493 0 76.1634
      vertex 91.6882 0 74.7778
      vertex 92.0752 0 74.6772
    endloop
  endfacet
  facet normal 0 -1 0
    outer loop
      vertex 92.5493 0 76.1634
      vertex 94.4087 0 74.7014
      vertex 94.8197 0 74.7829
    endloop
  endfacet
  facet normal 0 -1 0
    outer loop
      vertex 92.5493 0 76.1634
      vertex 92.0752 0 74.6772
      vertex 92.5385 0 74.6168
    endloop
  endfacet
  facet normal 0 -1 0
    outer loop
      vertex 92.5493 0 76.1634
      vertex 93.9814 0 74.6432
      vertex 94.4087 0 74.7014
    endloop
  endfacet
  facet normal 0 -1 -0
    outer loop
      vertex 92.5493 0 76.1634
      vertex 92.5385 0 74.6168
      vertex 93.0781 0 74.5967
    endloop
  endfacet
  facet normal 0 -1 0
    outer loop
      vertex 92.5493 0 76.1634
      vertex 93.5379 0 74.6083
      vertex 93.9814 0 74.6432
    endloop
  endfacet
  facet normal 0 -1 0
    outer loop
      vertex 92.5493 0 76.1634
      vertex 93.0781 0 74.5967
      vertex 93.5379 0 74.6083
    endloop
  endfacet
  facet normal 0 -1 0
    outer loop
      vertex 119.49 0 78.3752
      vertex 120.934 0 77.4152
      vertex 120.934 0 78.2447
    endloop
  endfacet
  facet normal 0 -1 0
    outer loop
      vertex 119.49 0 76.0098
      vertex 120.934 0 77.4152
      vertex 119.49 0 78.3752
    endloop
  endfacet
  facet normal 0 -1 -0
    outer loop
      vertex 120.934 0 77.4152
      vertex 119.49 0 76.0098
      vertex 121.015 0 76.387
    endloop
  endfacet
  facet normal 0 -1 -0
    outer loop
      vertex 121.015 0 76.387
      vertex 119.49 0 76.0098
      vertex 121.257 0 75.4677
    endloop
  endfacet
  facet normal 0 -1 -0
    outer loop
      vertex 59.5275 0 78.8437
      vertex 57.1743 0 76.3907
      vertex 62.4569 0 78.8437
    endloop
  endfacet
  facet normal 0 -1 0
    outer loop
      vertex 62.4569 0 78.8437
      vertex 64.6992 0 77.4152
      vertex 64.6992 0 78.2447
    endloop
  endfacet
  facet normal 0 -1 0
    outer loop
      vertex 64.7798 0 76.387
      vertex 62.4569 0 78.8437
      vertex 57.1743 0 76.3907
    endloop
  endfacet
  facet normal 0 -1 0
    outer loop
      vertex 62.4569 0 78.8437
      vertex 64.7798 0 76.387
      vertex 64.6992 0 77.4152
    endloop
  endfacet
  facet normal 0 -1 0
    outer loop
      vertex 57.1743 0 76.3907
      vertex 65.0216 0 75.4677
      vertex 64.7798 0 76.387
    endloop
  endfacet
  facet normal 0 -1 0
    outer loop
      vertex 56.9218 0 75.4544
      vertex 65.0216 0 75.4677
      vertex 57.1743 0 76.3907
    endloop
  endfacet
  facet normal 0 -1 0
    outer loop
      vertex 56.9218 0 75.4544
      vertex 65.4246 0 74.6572
      vertex 65.0216 0 75.4677
    endloop
  endfacet
  facet normal 0 -1 0
    outer loop
      vertex 56.5009 0 74.6371
      vertex 65.4246 0 74.6572
      vertex 56.9218 0 75.4544
    endloop
  endfacet
  facet normal 0 -1 0
    outer loop
      vertex 56.5009 0 74.6371
      vertex 65.9889 0 73.9556
      vertex 65.4246 0 74.6572
    endloop
  endfacet
  facet normal 0 -1 0
    outer loop
      vertex 55.9117 0 73.9388
      vertex 65.9889 0 73.9556
      vertex 56.5009 0 74.6371
    endloop
  endfacet
  facet normal 0 -1 0
    outer loop
      vertex 55.9117 0 73.9388
      vertex 66.6875 0 73.3894
      vertex 65.9889 0 73.9556
    endloop
  endfacet
  facet normal 0 -1 0
    outer loop
      vertex 55.175 0 73.3799
      vertex 66.6875 0 73.3894
      vertex 55.9117 0 73.9388
    endloop
  endfacet
  facet normal 0 -1 0
    outer loop
      vertex 55.175 0 73.3799
      vertex 67.4933 0 72.9849
      vertex 66.6875 0 73.3894
    endloop
  endfacet
  facet normal 0 -1 0
    outer loop
      vertex 54.3117 0 72.9807
      vertex 67.4933 0 72.9849
      vertex 55.175 0 73.3799
    endloop
  endfacet
  facet normal 0 -1 0
    outer loop
      vertex 54.3117 0 72.9807
      vertex 68.4065 0 72.7422
      vertex 67.4933 0 72.9849
    endloop
  endfacet
  facet normal 0 -1 0
    outer loop
      vertex 53.3217 0 72.7411
      vertex 68.4065 0 72.7422
      vertex 54.3117 0 72.9807
    endloop
  endfacet
  facet normal 0 -1 0
    outer loop
      vertex 76.3174 0 69.3282
      vertex 53.3217 0 72.7411
      vertex 52.2052 0 72.6613
    endloop
  endfacet
  facet normal 0 -1 0
    outer loop
      vertex 53.3217 0 72.7411
      vertex 76.3174 0 69.3282
      vertex 68.4065 0 72.7422
    endloop
  endfacet
  facet normal 0 -1 0
    outer loop
      vertex 45.6338 0 78.4466
      vertex 47.4773 0 77.4152
      vertex 47.4773 0 78.2447
    endloop
  endfacet
  facet normal 0 -1 0
    outer loop
      vertex 45.6338 0 78.4466
      vertex 47.5579 0 76.387
      vertex 47.4773 0 77.4152
    endloop
  endfacet
  facet normal 0 -1 0
    outer loop
      vertex 45.6338 0 72.8763
      vertex 47.5579 0 76.387
      vertex 45.6338 0 78.4466
    endloop
  endfacet
  facet normal 0 -1 -0
    outer loop
      vertex 47.5579 0 76.387
      vertex 45.6338 0 72.8763
      vertex 47.7997 0 75.4677
    endloop
  endfacet
  facet normal 0 -1 -0
    outer loop
      vertex 47.7997 0 75.4677
      vertex 45.6338 0 72.8763
      vertex 48.2028 0 74.6572
    endloop
  endfacet
  facet normal 0 -1 0
    outer loop
      vertex 45.6338 0 72.8763
      vertex 48.767 0 73.9556
      vertex 48.2028 0 74.6572
    endloop
  endfacet
  facet normal 0 -1 0
    outer loop
      vertex 45.6338 0 72.8763
      vertex 49.4656 0 73.3894
      vertex 48.767 0 73.9556
    endloop
  endfacet
  facet normal 0 -1 0
    outer loop
      vertex 45.6338 0 72.8763
      vertex 50.2715 0 72.9849
      vertex 49.4656 0 73.3894
    endloop
  endfacet
  facet normal 0 -1 -0
    outer loop
      vertex 50.2715 0 72.9849
      vertex 45.6338 0 72.8763
      vertex 51.1846 0 72.7422
    endloop
  endfacet
  facet normal 0 -1 0
    outer loop
      vertex 133.95 0 81.9925
      vertex 137.506 0 78.1914
      vertex 137.506 0 81.9925
    endloop
  endfacet
  facet normal 0 -1 0
    outer loop
      vertex 104.458 0 81.9925
      vertex 106.306 0 79.9112
      vertex 106.306 0 81.9925
    endloop
  endfacet
  facet normal 0 -1 0
    outer loop
      vertex 109.056 0 78.8276
      vertex 107.803 0 79.9112
      vertex 106.306 0 79.9112
    endloop
  endfacet
  facet normal 0 -1 0
    outer loop
      vertex 107.803 0 79.9112
      vertex 109.056 0 78.8276
      vertex 108.146 0 79.8972
    endloop
  endfacet
  facet normal -0 -1 -0
    outer loop
      vertex 109.04 0 79.1197
      vertex 108.146 0 79.8972
      vertex 109.056 0 78.8276
    endloop
  endfacet
  facet normal 0 -1 0
    outer loop
      vertex 108.146 0 79.8972
      vertex 109.04 0 79.1197
      vertex 108.428 0 79.8552
    endloop
  endfacet
  facet normal -0 -1 -0
    outer loop
      vertex 108.993 0 79.3603
      vertex 108.428 0 79.8552
      vertex 109.04 0 79.1197
    endloop
  endfacet
  facet normal -0 -1 -0
    outer loop
      vertex 108.914 0 79.5494
      vertex 108.647 0 79.7852
      vertex 108.993 0 79.3603
    endloop
  endfacet
  facet normal 0 -1 0
    outer loop
      vertex 108.647 0 79.7852
      vertex 108.914 0 79.5494
      vertex 108.804 0 79.6872
    endloop
  endfacet
  facet normal 0 -1 0
    outer loop
      vertex 108.428 0 79.8552
      vertex 108.993 0 79.3603
      vertex 108.647 0 79.7852
    endloop
  endfacet
  facet normal 0 -1 -0
    outer loop
      vertex 106.306 0 79.9112
      vertex 106.054 0 74.9576
      vertex 109.056 0 78.8276
    endloop
  endfacet
  facet normal 0 -1 0
    outer loop
      vertex 104.458 0 81.9925
      vertex 106.054 0 74.9576
      vertex 106.306 0 79.9112
    endloop
  endfacet
  facet normal 0 -1 0
    outer loop
      vertex 104.458 0 72.8763
      vertex 106.054 0 74.9576
      vertex 104.458 0 81.9925
    endloop
  endfacet
  facet normal 0 -1 -0
    outer loop
      vertex 106.054 0 74.9576
      vertex 104.458 0 72.8763
      vertex 106.054 0 72.8763
    endloop
  endfacet
  facet normal 0 -1 0
    outer loop
      vertex 95.7567 0 81.7662
      vertex 101.544 0 81.9925
      vertex 95.2152 0 82.0242
    endloop
  endfacet
  facet normal 0 -1 0
    outer loop
      vertex 96.2315 0 81.4051
      vertex 101.544 0 81.9925
      vertex 95.7567 0 81.7662
    endloop
  endfacet
  facet normal 0 -1 0
    outer loop
      vertex 96.6177 0 80.9616
      vertex 101.544 0 81.9925
      vertex 96.2315 0 81.4051
    endloop
  endfacet
  facet normal 0 -1 0
    outer loop
      vertex 96.8936 0 80.4566
      vertex 101.544 0 81.9925
      vertex 96.6177 0 80.9616
    endloop
  endfacet
  facet normal 0 -1 0
    outer loop
      vertex 97.0591 0 79.8901
      vertex 101.544 0 81.9925
      vertex 96.8936 0 80.4566
    endloop
  endfacet
  facet normal 0 -1 0
    outer loop
      vertex 101.544 0 77.7962
      vertex 97.0591 0 79.8901
      vertex 97.1143 0 79.262
    endloop
  endfacet
  facet normal 0 -1 0
    outer loop
      vertex 101.544 0 77.7962
      vertex 97.1143 0 79.262
      vertex 97.0454 0 78.5143
    endloop
  endfacet
  facet normal 0 -1 0
    outer loop
      vertex 101.506 0 77.1634
      vertex 97.0454 0 78.5143
      vertex 96.8387 0 77.8734
    endloop
  endfacet
  facet normal 0 -1 0
    outer loop
      vertex 97.0591 0 79.8901
      vertex 101.544 0 77.7962
      vertex 101.544 0 81.9925
    endloop
  endfacet
  facet normal 0 -1 0
    outer loop
      vertex 101.203 0 76.1313
      vertex 96.8387 0 77.8734
      vertex 96.4941 0 77.3392
    endloop
  endfacet
  facet normal 0 -1 0
    outer loop
      vertex 97.0454 0 78.5143
      vertex 101.506 0 77.1634
      vertex 101.544 0 77.7962
    endloop
  endfacet
  facet normal 0 -1 0
    outer loop
      vertex 101.203 0 76.1313
      vertex 96.4941 0 77.3392
      vertex 96.0117 0 76.9117
    endloop
  endfacet
  facet normal 0 -1 0
    outer loop
      vertex 96.8387 0 77.8734
      vertex 101.393 0 76.6084
      vertex 101.506 0 77.1634
    endloop
  endfacet
  facet normal 0 -1 0
    outer loop
      vertex 101.203 0 76.1313
      vertex 96.0117 0 76.9117
      vertex 95.3818 0 76.5843
    endloop
  endfacet
  facet normal 0 -1 0
    outer loop
      vertex 101.203 0 76.1313
      vertex 95.3818 0 76.5843
      vertex 94.5948 0 76.3505
    endloop
  endfacet
  facet normal 0 -1 0
    outer loop
      vertex 101.203 0 76.1313
      vertex 94.5948 0 76.3505
      vertex 93.6506 0 76.2102
    endloop
  endfacet
  facet normal 0 -1 0
    outer loop
      vertex 96.8387 0 77.8734
      vertex 101.203 0 76.1313
      vertex 101.393 0 76.6084
    endloop
  endfacet
  facet normal 0 -1 0
    outer loop
      vertex 101.203 0 76.1313
      vertex 93.6506 0 76.2102
      vertex 92.5493 0 76.1634
    endloop
  endfacet
  facet normal 0 -1 0
    outer loop
      vertex 149.366 0 81.9132
      vertex 160.338 0 85.4562
      vertex 148.379 0 82.1512
    endloop
  endfacet
  facet normal 0 -1 0
    outer loop
      vertex 160.338 0 85.4562
      vertex 156.515 0 82.1469
      vertex 157.319 0 82.2306
    endloop
  endfacet
  facet normal 0 -1 0
    outer loop
      vertex 155.786 0 81.896
      vertex 160.338 0 85.4562
      vertex 149.366 0 81.9132
    endloop
  endfacet
  facet normal 0 -1 0
    outer loop
      vertex 160.338 0 85.4562
      vertex 155.786 0 81.896
      vertex 156.515 0 82.1469
    endloop
  endfacet
  facet normal 0 -1 0
    outer loop
      vertex 150.224 0 81.5166
      vertex 155.786 0 81.896
      vertex 149.366 0 81.9132
    endloop
  endfacet
  facet normal 0 -1 0
    outer loop
      vertex 150.224 0 81.5166
      vertex 155.132 0 81.4777
      vertex 155.786 0 81.896
    endloop
  endfacet
  facet normal 0 -1 0
    outer loop
      vertex 150.954 0 80.9612
      vertex 155.132 0 81.4777
      vertex 150.224 0 81.5166
    endloop
  endfacet
  facet normal 0 -1 0
    outer loop
      vertex 150.954 0 80.9612
      vertex 154.553 0 80.8921
      vertex 155.132 0 81.4777
    endloop
  endfacet
  facet normal 0 -1 0
    outer loop
      vertex 151.536 0 80.2655
      vertex 154.553 0 80.8921
      vertex 150.954 0 80.9612
    endloop
  endfacet
  facet normal 0 -1 0
    outer loop
      vertex 151.536 0 80.2655
      vertex 154.079 0 80.1747
      vertex 154.553 0 80.8921
    endloop
  endfacet
  facet normal 0 -1 0
    outer loop
      vertex 151.952 0 79.4476
      vertex 154.079 0 80.1747
      vertex 151.536 0 80.2655
    endloop
  endfacet
  facet normal 0 -1 0
    outer loop
      vertex 151.952 0 79.4476
      vertex 153.741 0 79.3613
      vertex 154.079 0 80.1747
    endloop
  endfacet
  facet normal 0 -1 0
    outer loop
      vertex 152.201 0 78.5078
      vertex 153.741 0 79.3613
      vertex 151.952 0 79.4476
    endloop
  endfacet
  facet normal 0 -1 0
    outer loop
      vertex 152.201 0 78.5078
      vertex 153.538 0 78.4516
      vertex 153.741 0 79.3613
    endloop
  endfacet
  facet normal 0 -1 0
    outer loop
      vertex 152.284 0 77.446
      vertex 153.538 0 78.4516
      vertex 152.201 0 78.5078
    endloop
  endfacet
  facet normal 0 -1 0
    outer loop
      vertex 152.284 0 77.446
      vertex 153.47 0 77.446
      vertex 153.538 0 78.4516
    endloop
  endfacet
  facet normal 0 -1 0
    outer loop
      vertex 152.284 0 77.446
      vertex 153.538 0 76.4402
      vertex 153.47 0 77.446
    endloop
  endfacet
  facet normal 0 -1 0
    outer loop
      vertex 152.201 0 76.3841
      vertex 153.538 0 76.4402
      vertex 152.284 0 77.446
    endloop
  endfacet
  facet normal 0 -1 0
    outer loop
      vertex 152.201 0 76.3841
      vertex 153.741 0 75.5307
      vertex 153.538 0 76.4402
    endloop
  endfacet
  facet normal 0 -1 0
    outer loop
      vertex 151.952 0 75.4443
      vertex 153.741 0 75.5307
      vertex 152.201 0 76.3841
    endloop
  endfacet
  facet normal 0 -1 0
    outer loop
      vertex 151.952 0 75.4443
      vertex 154.079 0 74.7172
      vertex 153.741 0 75.5307
    endloop
  endfacet
  facet normal 0 -1 0
    outer loop
      vertex 151.536 0 74.6265
      vertex 154.079 0 74.7172
      vertex 151.952 0 75.4443
    endloop
  endfacet
  facet normal 0 -1 0
    outer loop
      vertex 151.536 0 74.6265
      vertex 154.553 0 73.9999
      vertex 154.079 0 74.7172
    endloop
  endfacet
  facet normal 0 -1 0
    outer loop
      vertex 150.954 0 73.9308
      vertex 154.553 0 73.9999
      vertex 151.536 0 74.6265
    endloop
  endfacet
  facet normal 0 -1 0
    outer loop
      vertex 150.954 0 73.9308
      vertex 155.132 0 73.4143
      vertex 154.553 0 73.9999
    endloop
  endfacet
  facet normal 0 -1 0
    outer loop
      vertex 150.224 0 73.3754
      vertex 155.132 0 73.4143
      vertex 150.954 0 73.9308
    endloop
  endfacet
  facet normal 0 -1 0
    outer loop
      vertex 150.224 0 73.3754
      vertex 155.786 0 72.996
      vertex 155.132 0 73.4143
    endloop
  endfacet
  facet normal 0 -1 0
    outer loop
      vertex 149.366 0 72.9787
      vertex 155.786 0 72.996
      vertex 150.224 0 73.3754
    endloop
  endfacet
  facet normal 0 -1 0
    outer loop
      vertex 149.366 0 72.9787
      vertex 156.515 0 72.745
      vertex 155.786 0 72.996
    endloop
  endfacet
  facet normal 0 -1 0
    outer loop
      vertex 148.379 0 72.7406
      vertex 156.515 0 72.745
      vertex 149.366 0 72.9787
    endloop
  endfacet
  facet normal 0 -1 0
    outer loop
      vertex 140.419 0 69.3282
      vertex 148.379 0 72.7406
      vertex 147.264 0 72.6613
    endloop
  endfacet
  facet normal 0 -1 -0
    outer loop
      vertex 148.379 0 72.7406
      vertex 140.419 0 69.3282
      vertex 156.515 0 72.745
    endloop
  endfacet
  facet normal 0 -1 0
    outer loop
      vertex 130.418 0 81.9925
      vertex 200 0 150
      vertex 126.667 0 82.152
    endloop
  endfacet
  facet normal 0 -1 0
    outer loop
      vertex 137.506 0 81.9925
      vertex 200 0 150
      vertex 133.95 0 81.9925
    endloop
  endfacet
  facet normal 0 -1 0
    outer loop
      vertex 200 0 150
      vertex 130.418 0 81.9925
      vertex 133.95 0 81.9925
    endloop
  endfacet
  facet normal 0 -1 0
    outer loop
      vertex 127.697 0 81.9163
      vertex 130.418 0 81.9925
      vertex 126.667 0 82.152
    endloop
  endfacet
  facet normal 0 -1 0
    outer loop
      vertex 128.59 0 81.5234
      vertex 130.418 0 81.9925
      vertex 127.697 0 81.9163
    endloop
  endfacet
  facet normal 0 -1 0
    outer loop
      vertex 129.344 0 80.9734
      vertex 130.418 0 81.9925
      vertex 128.59 0 81.5234
    endloop
  endfacet
  facet normal 0 -1 0
    outer loop
      vertex 129.944 0 80.2815
      vertex 130.418 0 81.9925
      vertex 129.344 0 80.9734
    endloop
  endfacet
  facet normal 0 -1 0
    outer loop
      vertex 130.373 0 79.463
      vertex 130.418 0 81.9925
      vertex 129.944 0 80.2815
    endloop
  endfacet
  facet normal 0 -1 0
    outer loop
      vertex 135.219 0 77.06
      vertex 130.373 0 79.463
      vertex 130.63 0 78.5178
    endloop
  endfacet
  facet normal 0 -1 0
    outer loop
      vertex 135.219 0 77.06
      vertex 130.63 0 78.5178
      vertex 130.715 0 77.446
    endloop
  endfacet
  facet normal 0 -1 0
    outer loop
      vertex 130.373 0 79.463
      vertex 135.219 0 77.06
      vertex 130.418 0 81.9925
    endloop
  endfacet
  facet normal 0 -1 0
    outer loop
      vertex 130.631 0 76.3907
      vertex 135.219 0 77.06
      vertex 130.715 0 77.446
    endloop
  endfacet
  facet normal 0 -1 0
    outer loop
      vertex 130.379 0 75.4544
      vertex 135.219 0 77.06
      vertex 130.631 0 76.3907
    endloop
  endfacet
  facet normal 0 -1 0
    outer loop
      vertex 130.768 0 72.8763
      vertex 130.379 0 75.4544
      vertex 129.958 0 74.6371
    endloop
  endfacet
  facet normal 0 -1 0
    outer loop
      vertex 130.768 0 72.8763
      vertex 129.958 0 74.6371
      vertex 129.369 0 73.9388
    endloop
  endfacet
  facet normal 0 -1 0
    outer loop
      vertex 130.768 0 72.8763
      vertex 129.369 0 73.9388
      vertex 128.632 0 73.3799
    endloop
  endfacet
  facet normal 0 -1 0
    outer loop
      vertex 130.379 0 75.4544
      vertex 130.768 0 72.8763
      vertex 135.219 0 77.06
    endloop
  endfacet
  facet normal 0 -1 0
    outer loop
      vertex 127.769 0 72.9807
      vertex 130.768 0 72.8763
      vertex 128.632 0 73.3799
    endloop
  endfacet
  facet normal 0 -1 0
    outer loop
      vertex 137.506 0 69.3282
      vertex 130.768 0 72.8763
      vertex 126.779 0 72.7411
    endloop
  endfacet
  facet normal 0 -1 0
    outer loop
      vertex 126.779 0 72.7411
      vertex 130.768 0 72.8763
      vertex 127.769 0 72.9807
    endloop
  endfacet
  facet normal 0 -1 0
    outer loop
      vertex 200 0 150
      vertex 124.983 0 82.2181
      vertex 125.499 0 82.2306
    endloop
  endfacet
  facet normal 0 -1 0
    outer loop
      vertex 108.804 0 81.9925
      vertex 200 0 150
      vertex 106.306 0 81.9925
    endloop
  endfacet
  facet normal 0 -1 0
    outer loop
      vertex 101.544 0 81.9925
      vertex 93.9325 0 82.2306
      vertex 94.6072 0 82.179
    endloop
  endfacet
  facet normal 0 -1 0
    outer loop
      vertex 109.604 0 81.9475
      vertex 200 0 150
      vertex 108.804 0 81.9925
    endloop
  endfacet
  facet normal 0 -1 0
    outer loop
      vertex 200 0 150
      vertex 124.466 0 82.1806
      vertex 124.983 0 82.2181
    endloop
  endfacet
  facet normal 0 -1 0
    outer loop
      vertex 101.544 0 81.9925
      vertex 94.6072 0 82.179
      vertex 95.2152 0 82.0242
    endloop
  endfacet
  facet normal 0 -1 0
    outer loop
      vertex 200 0 150
      vertex 101.544 0 81.9925
      vertex 104.458 0 81.9925
    endloop
  endfacet
  facet normal 0 -1 0
    outer loop
      vertex 200 0 150
      vertex 104.458 0 81.9925
      vertex 106.306 0 81.9925
    endloop
  endfacet
  facet normal 0 -1 0
    outer loop
      vertex 200 0 150
      vertex 109.604 0 81.9475
      vertex 124.466 0 82.1806
    endloop
  endfacet
  facet normal 0 -1 0
    outer loop
      vertex 124.466 0 82.1806
      vertex 109.604 0 81.9475
      vertex 123.949 0 82.1182
    endloop
  endfacet
  facet normal 0 -1 0
    outer loop
      vertex 123.949 0 82.1182
      vertex 109.604 0 81.9475
      vertex 123.432 0 82.0308
    endloop
  endfacet
  facet normal 0 -1 0
    outer loop
      vertex 109.604 0 81.9475
      vertex 122.916 0 81.9189
      vertex 123.432 0 82.0308
    endloop
  endfacet
  facet normal 0 -1 0
    outer loop
      vertex 110.278 0 81.8125
      vertex 122.916 0 81.9189
      vertex 109.604 0 81.9475
    endloop
  endfacet
  facet normal 0 -1 0
    outer loop
      vertex 110.278 0 81.8125
      vertex 122.399 0 81.7831
      vertex 122.916 0 81.9189
    endloop
  endfacet
  facet normal 0 -1 0
    outer loop
      vertex 110.278 0 81.8125
      vertex 121.882 0 81.6233
      vertex 122.399 0 81.7831
    endloop
  endfacet
  facet normal 0 -1 0
    outer loop
      vertex 121.366 0 81.4395
      vertex 110.278 0 81.8125
      vertex 110.826 0 81.5875
    endloop
  endfacet
  facet normal 0 -1 0
    outer loop
      vertex 110.278 0 81.8125
      vertex 121.366 0 81.4395
      vertex 121.882 0 81.6233
    endloop
  endfacet
  facet normal 0 -1 0
    outer loop
      vertex 111.249 0 81.2725
      vertex 121.366 0 81.4395
      vertex 110.826 0 81.5875
    endloop
  endfacet
  facet normal 0 -1 0
    outer loop
      vertex 111.564 0 80.8496
      vertex 121.366 0 81.4395
      vertex 111.249 0 81.2725
    endloop
  endfacet
  facet normal 0 -1 0
    outer loop
      vertex 114.379 0 78.3752
      vertex 111.564 0 80.8496
      vertex 111.789 0 80.3012
    endloop
  endfacet
  facet normal 0 -1 0
    outer loop
      vertex 114.379 0 78.3752
      vertex 111.789 0 80.3012
      vertex 111.924 0 79.6272
    endloop
  endfacet
  facet normal 0 -1 0
    outer loop
      vertex 111.564 0 80.8496
      vertex 114.379 0 78.3752
      vertex 121.366 0 81.4395
    endloop
  endfacet
  facet normal 0 -1 0
    outer loop
      vertex 114.379 0 78.3752
      vertex 111.924 0 79.6272
      vertex 111.969 0 78.8276
    endloop
  endfacet
  facet normal 0 -1 0
    outer loop
      vertex 121.366 0 81.4395
      vertex 114.379 0 78.3752
      vertex 119.49 0 78.3752
    endloop
  endfacet
  facet normal 0 -1 0
    outer loop
      vertex 120.934 0 78.2447
      vertex 121.366 0 79.197
      vertex 119.49 0 78.3752
    endloop
  endfacet
  facet normal 0 -1 -0
    outer loop
      vertex 121.366 0 81.4395
      vertex 119.49 0 78.3752
      vertex 121.366 0 79.197
    endloop
  endfacet
  facet normal 0 -1 0
    outer loop
      vertex 111.969 0 78.8276
      vertex 114.379 0 76.0098
      vertex 114.379 0 78.3752
    endloop
  endfacet
  facet normal 0 -1 0
    outer loop
      vertex 113.418 0 72.8763
      vertex 119.49 0 76.0098
      vertex 114.379 0 76.0098
    endloop
  endfacet
  facet normal 0 -1 0
    outer loop
      vertex 111.969 0 74.9576
      vertex 114.379 0 76.0098
      vertex 111.969 0 78.8276
    endloop
  endfacet
  facet normal 0 -1 0
    outer loop
      vertex 113.418 0 74.9576
      vertex 114.379 0 76.0098
      vertex 111.969 0 74.9576
    endloop
  endfacet
  facet normal 0 -1 0
    outer loop
      vertex 113.418 0 72.8763
      vertex 114.379 0 76.0098
      vertex 113.418 0 74.9576
    endloop
  endfacet
  facet normal -0 -1 0
    outer loop
      vertex 121.66 0 74.6572
      vertex 119.49 0 76.0098
      vertex 113.418 0 72.8763
    endloop
  endfacet
  facet normal 0 -1 0
    outer loop
      vertex 119.49 0 76.0098
      vertex 121.66 0 74.6572
      vertex 121.257 0 75.4677
    endloop
  endfacet
  facet normal 0 -1 -0
    outer loop
      vertex 121.66 0 74.6572
      vertex 113.418 0 72.8763
      vertex 122.224 0 73.9556
    endloop
  endfacet
  facet normal 0 -1 -0
    outer loop
      vertex 122.224 0 73.9556
      vertex 113.418 0 72.8763
      vertex 122.923 0 73.3894
    endloop
  endfacet
  facet normal 0 -1 -0
    outer loop
      vertex 122.923 0 73.3894
      vertex 113.418 0 72.8763
      vertex 123.728 0 72.9849
    endloop
  endfacet
  facet normal 0 -1 -0
    outer loop
      vertex 123.728 0 72.9849
      vertex 113.418 0 72.8763
      vertex 124.642 0 72.7422
    endloop
  endfacet
  facet normal 0 -1 0
    outer loop
      vertex 0 0 150
      vertex 93.4275 0 82.2069
      vertex 93.9325 0 82.2306
    endloop
  endfacet
  facet normal 0 -1 0
    outer loop
      vertex 87.8946 0 81.9925
      vertex 82.2496 0 82.2306
      vertex 83.0542 0 82.1469
    endloop
  endfacet
  facet normal 0 -1 0
    outer loop
      vertex 82.2496 0 82.2306
      vertex 87.8946 0 81.9925
      vertex 93.4275 0 82.2069
    endloop
  endfacet
  facet normal 0 -1 0
    outer loop
      vertex 90.8322 0 81.9925
      vertex 93.4275 0 82.2069
      vertex 87.8946 0 81.9925
    endloop
  endfacet
  facet normal 0 -1 0
    outer loop
      vertex 93.4275 0 82.2069
      vertex 90.8322 0 81.9925
      vertex 92.9622 0 82.1358
    endloop
  endfacet
  facet normal 0 -1 0
    outer loop
      vertex 83.7835 0 81.896
      vertex 87.8946 0 81.9925
      vertex 83.0542 0 82.1469
    endloop
  endfacet
  facet normal 0 -1 0
    outer loop
      vertex 84.4376 0 81.4777
      vertex 87.8946 0 81.9925
      vertex 83.7835 0 81.896
    endloop
  endfacet
  facet normal 0 -1 0
    outer loop
      vertex 85.0163 0 80.8921
      vertex 87.8946 0 81.9925
      vertex 84.4376 0 81.4777
    endloop
  endfacet
  facet normal 0 -1 0
    outer loop
      vertex 85.4898 0 80.1747
      vertex 87.8946 0 81.9925
      vertex 85.0163 0 80.8921
    endloop
  endfacet
  facet normal 0 -1 0
    outer loop
      vertex 85.828 0 79.3613
      vertex 87.8946 0 81.9925
      vertex 85.4898 0 80.1747
    endloop
  endfacet
  facet normal 0 -1 0
    outer loop
      vertex 86.031 0 78.4516
      vertex 87.8946 0 81.9925
      vertex 85.828 0 79.3613
    endloop
  endfacet
  facet normal 0 -1 0
    outer loop
      vertex 87.8946 0 76.799
      vertex 86.031 0 78.4516
      vertex 86.0986 0 77.446
    endloop
  endfacet
  facet normal 0 -1 0
    outer loop
      vertex 86.031 0 78.4516
      vertex 87.8946 0 76.799
      vertex 87.8946 0 81.9925
    endloop
  endfacet
  facet normal 0 -1 0
    outer loop
      vertex 86.031 0 76.4402
      vertex 87.8946 0 76.799
      vertex 86.0986 0 77.446
    endloop
  endfacet
  facet normal 0 -1 0
    outer loop
      vertex 86.031 0 76.4402
      vertex 87.963 0 75.7796
      vertex 87.8946 0 76.799
    endloop
  endfacet
  facet normal 0 -1 0
    outer loop
      vertex 85.828 0 75.5307
      vertex 87.963 0 75.7796
      vertex 86.031 0 76.4402
    endloop
  endfacet
  facet normal 0 -1 0
    outer loop
      vertex 85.828 0 75.5307
      vertex 88.1682 0 74.9124
      vertex 87.963 0 75.7796
    endloop
  endfacet
  facet normal 0 -1 0
    outer loop
      vertex 85.4898 0 74.7172
      vertex 88.1682 0 74.9124
      vertex 85.828 0 75.5307
    endloop
  endfacet
  facet normal 0 -1 0
    outer loop
      vertex 85.4898 0 74.7172
      vertex 88.5102 0 74.1974
      vertex 88.1682 0 74.9124
    endloop
  endfacet
  facet normal 0 -1 0
    outer loop
      vertex 85.0163 0 73.9999
      vertex 88.5102 0 74.1974
      vertex 85.4898 0 74.7172
    endloop
  endfacet
  facet normal 0 -1 0
    outer loop
      vertex 85.0163 0 73.9999
      vertex 88.9891 0 73.6346
      vertex 88.5102 0 74.1974
    endloop
  endfacet
  facet normal 0 -1 0
    outer loop
      vertex 84.4376 0 73.4143
      vertex 88.9891 0 73.6346
      vertex 85.0163 0 73.9999
    endloop
  endfacet
  facet normal 0 -1 0
    outer loop
      vertex 84.4376 0 73.4143
      vertex 89.6221 0 73.2088
      vertex 88.9891 0 73.6346
    endloop
  endfacet
  facet normal 0 -1 0
    outer loop
      vertex 83.7835 0 72.996
      vertex 89.6221 0 73.2088
      vertex 84.4376 0 73.4143
    endloop
  endfacet
  facet normal 0 -1 0
    outer loop
      vertex 83.7835 0 72.996
      vertex 90.4264 0 72.9046
      vertex 89.6221 0 73.2088
    endloop
  endfacet
  facet normal 0 -1 0
    outer loop
      vertex 79.2469 0 69.3282
      vertex 83.7835 0 72.996
      vertex 83.0542 0 72.745
    endloop
  endfacet
  facet normal 0 -1 -0
    outer loop
      vertex 83.7835 0 72.996
      vertex 79.2469 0 69.3282
      vertex 90.4264 0 72.9046
    endloop
  endfacet
  facet normal 0 -1 0
    outer loop
      vertex 79.2469 0 69.3282
      vertex 83.0542 0 72.745
      vertex 82.2496 0 72.6613
    endloop
  endfacet
  facet normal 0 -1 -0
    outer loop
      vertex 90.4264 0 72.9046
      vertex 79.2469 0 69.3282
      vertex 91.4021 0 72.7221
    endloop
  endfacet
  facet normal 0 -1 0
    outer loop
      vertex 0 0 150
      vertex 81.7878 0 82.2072
      vertex 82.2496 0 82.2306
    endloop
  endfacet
  facet normal 0 -1 0
    outer loop
      vertex 0 0 150
      vertex 70.4323 0 82.152
      vertex 81.7878 0 82.2072
    endloop
  endfacet
  facet normal 0 -1 0
    outer loop
      vertex 76.3174 0 81.9925
      vertex 81.7878 0 82.2072
      vertex 70.4323 0 82.152
    endloop
  endfacet
  facet normal 0 -1 0
    outer loop
      vertex 79.2469 0 81.9925
      vertex 81.7878 0 82.2072
      vertex 76.3174 0 81.9925
    endloop
  endfacet
  facet normal 0 -1 0
    outer loop
      vertex 81.7878 0 82.2072
      vertex 79.2469 0 81.9925
      vertex 81.3545 0 82.1372
    endloop
  endfacet
  facet normal 0 -1 0
    outer loop
      vertex 71.4624 0 81.9163
      vertex 76.3174 0 81.9925
      vertex 70.4323 0 82.152
    endloop
  endfacet
  facet normal 0 -1 0
    outer loop
      vertex 72.3547 0 81.5234
      vertex 76.3174 0 81.9925
      vertex 71.4624 0 81.9163
    endloop
  endfacet
  facet normal 0 -1 0
    outer loop
      vertex 73.1092 0 80.9734
      vertex 76.3174 0 81.9925
      vertex 72.3547 0 81.5234
    endloop
  endfacet
  facet normal 0 -1 0
    outer loop
      vertex 73.7091 0 80.2815
      vertex 76.3174 0 81.9925
      vertex 73.1092 0 80.9734
    endloop
  endfacet
  facet normal 0 -1 0
    outer loop
      vertex 74.1376 0 79.463
      vertex 76.3174 0 81.9925
      vertex 73.7091 0 80.2815
    endloop
  endfacet
  facet normal 0 -1 0
    outer loop
      vertex 74.3947 0 78.5178
      vertex 76.3174 0 81.9925
      vertex 74.1376 0 79.463
    endloop
  endfacet
  facet normal 0 -1 0
    outer loop
      vertex 74.4803 0 77.446
      vertex 76.3174 0 81.9925
      vertex 74.3947 0 78.5178
    endloop
  endfacet
  facet normal 0 -1 0
    outer loop
      vertex 74.3962 0 76.3907
      vertex 76.3174 0 81.9925
      vertex 74.4803 0 77.446
    endloop
  endfacet
  facet normal 0 -1 0
    outer loop
      vertex 76.3174 0 69.3282
      vertex 74.3962 0 76.3907
      vertex 74.1437 0 75.4544
    endloop
  endfacet
  facet normal 0 -1 0
    outer loop
      vertex 74.3962 0 76.3907
      vertex 76.3174 0 69.3282
      vertex 76.3174 0 81.9925
    endloop
  endfacet
  facet normal 0 -1 0
    outer loop
      vertex 73.7228 0 74.6371
      vertex 76.3174 0 69.3282
      vertex 74.1437 0 75.4544
    endloop
  endfacet
  facet normal 0 -1 0
    outer loop
      vertex 73.1336 0 73.9388
      vertex 76.3174 0 69.3282
      vertex 73.7228 0 74.6371
    endloop
  endfacet
  facet normal 0 -1 0
    outer loop
      vertex 72.3969 0 73.3799
      vertex 76.3174 0 69.3282
      vertex 73.1336 0 73.9388
    endloop
  endfacet
  facet normal 0 -1 0
    outer loop
      vertex 71.5336 0 72.9807
      vertex 76.3174 0 69.3282
      vertex 72.3969 0 73.3799
    endloop
  endfacet
  facet normal 0 -1 0
    outer loop
      vertex 70.5436 0 72.7411
      vertex 76.3174 0 69.3282
      vertex 71.5336 0 72.9807
    endloop
  endfacet
  facet normal 0 -1 0
    outer loop
      vertex 76.3174 0 69.3282
      vertex 70.5436 0 72.7411
      vertex 69.427 0 72.6613
    endloop
  endfacet
  facet normal 0 -1 0
    outer loop
      vertex 0 0 150
      vertex 68.7475 0 82.2181
      vertex 69.2643 0 82.2306
    endloop
  endfacet
  facet normal 0 -1 0
    outer loop
      vertex 62.4569 0 81.9925
      vertex 0 0 150
      vertex 59.5275 0 81.9925
    endloop
  endfacet
  facet normal 0 -1 0
    outer loop
      vertex 0 0 150
      vertex 53.2104 0 82.152
      vertex 59.5275 0 81.9925
    endloop
  endfacet
  facet normal 0 -1 0
    outer loop
      vertex 0 0 150
      vertex 62.4569 0 81.9925
      vertex 68.7475 0 82.2181
    endloop
  endfacet
  facet normal 0 -1 0
    outer loop
      vertex 68.7475 0 82.2181
      vertex 62.4569 0 81.9925
      vertex 68.2308 0 82.1806
    endloop
  endfacet
  facet normal 0 -1 0
    outer loop
      vertex 68.2308 0 82.1806
      vertex 62.4569 0 81.9925
      vertex 67.714 0 82.1182
    endloop
  endfacet
  facet normal 0 -1 0
    outer loop
      vertex 54.2405 0 81.9163
      vertex 59.5275 0 81.9925
      vertex 53.2104 0 82.152
    endloop
  endfacet
  facet normal 0 -1 0
    outer loop
      vertex 55.1328 0 81.5234
      vertex 59.5275 0 81.9925
      vertex 54.2405 0 81.9163
    endloop
  endfacet
  facet normal 0 -1 0
    outer loop
      vertex 55.8874 0 80.9734
      vertex 59.5275 0 81.9925
      vertex 55.1328 0 81.5234
    endloop
  endfacet
  facet normal 0 -1 0
    outer loop
      vertex 56.4872 0 80.2815
      vertex 59.5275 0 81.9925
      vertex 55.8874 0 80.9734
    endloop
  endfacet
  facet normal 0 -1 0
    outer loop
      vertex 56.9157 0 79.463
      vertex 59.5275 0 81.9925
      vertex 56.4872 0 80.2815
    endloop
  endfacet
  facet normal 0 -1 0
    outer loop
      vertex 56.9157 0 79.463
      vertex 59.5275 0 78.8437
      vertex 59.5275 0 81.9925
    endloop
  endfacet
  facet normal 0 -1 0
    outer loop
      vertex 57.1743 0 76.3907
      vertex 59.5275 0 78.8437
      vertex 57.2585 0 77.446
    endloop
  endfacet
  facet normal 0 -1 0
    outer loop
      vertex 57.1728 0 78.5178
      vertex 59.5275 0 78.8437
      vertex 56.9157 0 79.463
    endloop
  endfacet
  facet normal 0 -1 0
    outer loop
      vertex 57.2585 0 77.446
      vertex 59.5275 0 78.8437
      vertex 57.1728 0 78.5178
    endloop
  endfacet
  facet normal 0 -1 0
    outer loop
      vertex 62.4569 0 78.8437
      vertex 64.6992 0 78.2447
      vertex 71.4243 0 78.7253
    endloop
  endfacet
  facet normal 0 -1 -0
    outer loop
      vertex 71.4243 0 78.7253
      vertex 64.6992 0 78.2447
      vertex 71.5102 0 78.2447
    endloop
  endfacet
  facet normal 0 -1 0
    outer loop
      vertex 0 0 150
      vertex 51.5257 0 82.2181
      vertex 52.0424 0 82.2306
    endloop
  endfacet
  facet normal 0 -1 0
    outer loop
      vertex 0 0 150
      vertex 51.0089 0 82.1806
      vertex 51.5257 0 82.2181
    endloop
  endfacet
  facet normal 0 -1 0
    outer loop
      vertex 43.1455 0 82.1701
      vertex 51.0089 0 82.1806
      vertex 42.4032 0 82.2306
    endloop
  endfacet
  facet normal 0 -1 0
    outer loop
      vertex 43.1455 0 82.1701
      vertex 50.4922 0 82.1182
      vertex 51.0089 0 82.1806
    endloop
  endfacet
  facet normal 0 -1 0
    outer loop
      vertex 43.1455 0 82.1701
      vertex 49.9754 0 82.0308
      vertex 50.4922 0 82.1182
    endloop
  endfacet
  facet normal 0 -1 0
    outer loop
      vertex 49.4587 0 81.9189
      vertex 43.1455 0 82.1701
      vertex 43.7937 0 81.9885
    endloop
  endfacet
  facet normal 0 -1 0
    outer loop
      vertex 43.1455 0 82.1701
      vertex 49.4587 0 81.9189
      vertex 49.9754 0 82.0308
    endloop
  endfacet
  facet normal 0 -1 0
    outer loop
      vertex 43.7937 0 81.9885
      vertex 48.942 0 81.7831
      vertex 49.4587 0 81.9189
    endloop
  endfacet
  facet normal 0 -1 0
    outer loop
      vertex 47.9086 0 81.4395
      vertex 43.7937 0 81.9885
      vertex 44.3478 0 81.6859
    endloop
  endfacet
  facet normal 0 -1 0
    outer loop
      vertex 43.7937 0 81.9885
      vertex 48.4253 0 81.6233
      vertex 48.942 0 81.7831
    endloop
  endfacet
  facet normal 0 -1 0
    outer loop
      vertex 43.7937 0 81.9885
      vertex 47.9086 0 81.4395
      vertex 48.4253 0 81.6233
    endloop
  endfacet
  facet normal 0 -1 0
    outer loop
      vertex 44.8078 0 81.2623
      vertex 47.9086 0 81.4395
      vertex 44.3478 0 81.6859
    endloop
  endfacet
  facet normal 0 -1 0
    outer loop
      vertex 45.1692 0 80.7232
      vertex 47.9086 0 81.4395
      vertex 44.8078 0 81.2623
    endloop
  endfacet
  facet normal 0 -1 0
    outer loop
      vertex 45.4273 0 80.0742
      vertex 47.9086 0 81.4395
      vertex 45.1692 0 80.7232
    endloop
  endfacet
  facet normal 0 -1 0
    outer loop
      vertex 47.9086 0 79.197
      vertex 45.4273 0 80.0742
      vertex 45.5822 0 79.3153
    endloop
  endfacet
  facet normal 0 -1 0
    outer loop
      vertex 45.4273 0 80.0742
      vertex 47.9086 0 79.197
      vertex 47.9086 0 81.4395
    endloop
  endfacet
  facet normal 0 -1 0
    outer loop
      vertex 52.787 0 80.1671
      vertex 54.2024 0 78.7253
      vertex 54.0503 0 79.1418
    endloop
  endfacet
  facet normal 0 -1 0
    outer loop
      vertex 47.4773 0 78.2447
      vertex 47.9086 0 79.197
      vertex 45.5822 0 79.3153
    endloop
  endfacet
  facet normal 0 -1 0
    outer loop
      vertex 47.4773 0 78.2447
      vertex 45.5822 0 79.3153
      vertex 45.6338 0 78.4466
    endloop
  endfacet
  facet normal 0 -1 -0
    outer loop
      vertex 48.4139 0 79.456
      vertex 47.4773 0 78.2447
      vertex 54.2884 0 78.2447
    endloop
  endfacet
  facet normal 0 -1 0
    outer loop
      vertex 48.4139 0 79.456
      vertex 54.2884 0 78.2447
      vertex 54.2024 0 78.7253
    endloop
  endfacet
  facet normal 0 -1 0
    outer loop
      vertex 93.9325 0 82.2306
      vertex 200 0 150
      vertex 0 0 150
    endloop
  endfacet
  facet normal 0 -1 0
    outer loop
      vertex 51.0089 0 82.1806
      vertex 0 0 150
      vertex 42.4032 0 82.2306
    endloop
  endfacet
  facet normal 0 -1 0
    outer loop
      vertex 0 0 150
      vertex 41.9691 0 82.207
      vertex 42.4032 0 82.2306
    endloop
  endfacet
  facet normal 0 -1 0
    outer loop
      vertex 36.471 0 81.9925
      vertex 41.9691 0 82.207
      vertex 0 0 150
    endloop
  endfacet
  facet normal 0 -1 0
    outer loop
      vertex 41.9691 0 82.207
      vertex 39.3842 0 81.9925
      vertex 41.5539 0 82.1362
    endloop
  endfacet
  facet normal 0 -1 0
    outer loop
      vertex 41.9691 0 82.207
      vertex 36.471 0 81.9925
      vertex 39.3842 0 81.9925
    endloop
  endfacet
  facet normal 0 -1 0
    outer loop
      vertex 0 0 150
      vertex 36.471 0 72.8763
      vertex 36.471 0 81.9925
    endloop
  endfacet
  facet normal 0 -1 0
    outer loop
      vertex 0 0 0
      vertex 39.3842 0 72.8763
      vertex 36.471 0 72.8763
    endloop
  endfacet
  facet normal 0 -1 -0
    outer loop
      vertex 39.3842 0 72.8763
      vertex 0 0 0
      vertex 42.7043 0 72.8763
    endloop
  endfacet
  facet normal 0 -1 -0
    outer loop
      vertex 42.7043 0 72.8763
      vertex 0 0 0
      vertex 45.6338 0 72.8763
    endloop
  endfacet
  facet normal 0 -1 -0
    outer loop
      vertex 45.6338 0 72.8763
      vertex 0 0 0
      vertex 51.1846 0 72.7422
    endloop
  endfacet
  facet normal 0 -1 0
    outer loop
      vertex 68.4065 0 72.7422
      vertex 76.3174 0 69.3282
      vertex 69.427 0 72.6613
    endloop
  endfacet
  facet normal 0 -1 -0
    outer loop
      vertex 51.1846 0 72.7422
      vertex 0 0 0
      vertex 52.2052 0 72.6613
    endloop
  endfacet
  facet normal 0 -1 0
    outer loop
      vertex 0 0 0
      vertex 79.2469 0 69.3282
      vertex 76.3174 0 69.3282
    endloop
  endfacet
  facet normal 0 -1 0
    outer loop
      vertex 79.2469 0 69.3282
      vertex 200 0 0
      vertex 137.506 0 69.3282
    endloop
  endfacet
  facet normal 0 -1 -0
    outer loop
      vertex 79.2469 0 69.3282
      vertex 0 0 0
      vertex 200 0 0
    endloop
  endfacet
  facet normal 0 -1 -0
    outer loop
      vertex 52.2052 0 72.6613
      vertex 0 0 0
      vertex 76.3174 0 69.3282
    endloop
  endfacet
  facet normal 0 -1 0
    outer loop
      vertex 0 0 0
      vertex 36.471 0 72.8763
      vertex 0 0 150
    endloop
  endfacet
  facet normal 0 -1 0
    outer loop
      vertex 163.252 0 85.4562
      vertex 200 0 150
      vertex 160.338 0 85.4562
    endloop
  endfacet
  facet normal 0 -1 0
    outer loop
      vertex 163.252 0 72.8763
      vertex 200 0 150
      vertex 163.252 0 85.4562
    endloop
  endfacet
  facet normal 0 -1 0
    outer loop
      vertex 157.782 0 72.6849
      vertex 160.338 0 72.8763
      vertex 158.217 0 72.7558
    endloop
  endfacet
  facet normal 0 -1 -0
    outer loop
      vertex 160.338 0 72.8763
      vertex 157.782 0 72.6849
      vertex 163.252 0 72.8763
    endloop
  endfacet
  facet normal 0 -1 0
    outer loop
      vertex 200 0 0
      vertex 157.782 0 72.6849
      vertex 157.319 0 72.6613
    endloop
  endfacet
  facet normal 0 -1 0
    outer loop
      vertex 200 0 0
      vertex 157.319 0 72.6613
      vertex 140.419 0 69.3282
    endloop
  endfacet
  facet normal 0 -1 0
    outer loop
      vertex 137.506 0 69.3282
      vertex 200 0 0
      vertex 140.419 0 69.3282
    endloop
  endfacet
  facet normal 0 -1 0
    outer loop
      vertex 163.252 0 72.8763
      vertex 200 0 0
      vertex 200 0 150
    endloop
  endfacet
  facet normal 0 -1 0
    outer loop
      vertex 157.782 0 72.6849
      vertex 200 0 0
      vertex 163.252 0 72.8763
    endloop
  endfacet
  facet normal 0 -1 0
    outer loop
      vertex 53.2104 0 82.152
      vertex 0 0 150
      vertex 52.0424 0 82.2306
    endloop
  endfacet
  facet normal 0 -1 0
    outer loop
      vertex 70.4323 0 82.152
      vertex 0 0 150
      vertex 69.2643 0 82.2306
    endloop
  endfacet
  facet normal 0 -1 0
    outer loop
      vertex 93.4275 0 82.2069
      vertex 0 0 150
      vertex 82.2496 0 82.2306
    endloop
  endfacet
  facet normal 0 -1 0
    outer loop
      vertex 101.544 0 81.9925
      vertex 200 0 150
      vertex 93.9325 0 82.2306
    endloop
  endfacet
  facet normal 0 -1 0
    outer loop
      vertex 126.667 0 82.152
      vertex 200 0 150
      vertex 125.499 0 82.2306
    endloop
  endfacet
  facet normal 0 -1 0
    outer loop
      vertex 200 0 150
      vertex 147.264 0 82.2306
      vertex 160.338 0 85.4562
    endloop
  endfacet
  facet normal 0 -1 0
    outer loop
      vertex 148.379 0 82.1512
      vertex 160.338 0 85.4562
      vertex 147.264 0 82.2306
    endloop
  endfacet
  facet normal 0 -1 0
    outer loop
      vertex 157.782 0 82.207
      vertex 160.338 0 85.4562
      vertex 157.319 0 82.2306
    endloop
  endfacet
  facet normal 0 -1 0
    outer loop
      vertex 158.217 0 82.1362
      vertex 160.338 0 85.4562
      vertex 157.782 0 82.207
    endloop
  endfacet
  facet normal 0 -1 0
    outer loop
      vertex 158.624 0 82.0181
      vertex 160.338 0 85.4562
      vertex 158.217 0 82.1362
    endloop
  endfacet
  facet normal 0 -1 0
    outer loop
      vertex 159.004 0 81.8529
      vertex 160.338 0 85.4562
      vertex 158.624 0 82.0181
    endloop
  endfacet
  facet normal 0 -1 0
    outer loop
      vertex 159.362 0 81.6379
      vertex 160.338 0 85.4562
      vertex 159.004 0 81.8529
    endloop
  endfacet
  facet normal 0 -1 0
    outer loop
      vertex 159.704 0 81.3706
      vertex 160.338 0 85.4562
      vertex 159.362 0 81.6379
    endloop
  endfacet
  facet normal 0 -1 0
    outer loop
      vertex 160.029 0 81.0511
      vertex 160.338 0 85.4562
      vertex 159.704 0 81.3706
    endloop
  endfacet
  facet normal 0 -1 -0
    outer loop
      vertex 160.338 0 85.4562
      vertex 160.029 0 81.0511
      vertex 160.338 0 80.6792
    endloop
  endfacet
  facet normal 0 -1 0
    outer loop
      vertex 41.5539 0 82.1362
      vertex 39.3842 0 81.9925
      vertex 41.1574 0 82.0181
    endloop
  endfacet
  facet normal 0 -1 0
    outer loop
      vertex 39.3842 0 81.9925
      vertex 40.7798 0 81.8529
      vertex 41.1574 0 82.0181
    endloop
  endfacet
  facet normal 0 -1 0
    outer loop
      vertex 39.3842 0 81.9925
      vertex 40.4164 0 81.6379
      vertex 40.7798 0 81.8529
    endloop
  endfacet
  facet normal 0 -1 0
    outer loop
      vertex 39.3842 0 81.9925
      vertex 40.0627 0 81.3706
      vertex 40.4164 0 81.6379
    endloop
  endfacet
  facet normal 0 -1 0
    outer loop
      vertex 39.3842 0 81.9925
      vertex 39.7186 0 81.0511
      vertex 40.0627 0 81.3706
    endloop
  endfacet
  facet normal -0 -1 0
    outer loop
      vertex 39.7186 0 81.0511
      vertex 39.3842 0 81.9925
      vertex 39.3842 0 80.6792
    endloop
  endfacet
  facet normal 0 -1 0
    outer loop
      vertex 67.714 0 82.1182
      vertex 62.4569 0 81.9925
      vertex 67.1973 0 82.0308
    endloop
  endfacet
  facet normal 0 -1 0
    outer loop
      vertex 62.4569 0 81.9925
      vertex 66.6806 0 81.9189
      vertex 67.1973 0 82.0308
    endloop
  endfacet
  facet normal 0 -1 0
    outer loop
      vertex 62.4569 0 81.9925
      vertex 66.1639 0 81.7831
      vertex 66.6806 0 81.9189
    endloop
  endfacet
  facet normal 0 -1 0
    outer loop
      vertex 62.4569 0 81.9925
      vertex 65.6472 0 81.6233
      vertex 66.1639 0 81.7831
    endloop
  endfacet
  facet normal 0 -1 0
    outer loop
      vertex 62.4569 0 81.9925
      vertex 65.1304 0 81.4395
      vertex 65.6472 0 81.6233
    endloop
  endfacet
  facet normal 0 -1 0
    outer loop
      vertex 62.4569 0 78.8437
      vertex 65.1304 0 81.4395
      vertex 62.4569 0 81.9925
    endloop
  endfacet
  facet normal 0 -1 -0
    outer loop
      vertex 65.1304 0 81.4395
      vertex 62.4569 0 78.8437
      vertex 65.1304 0 79.197
    endloop
  endfacet
  facet normal 0 -1 0
    outer loop
      vertex 71.4243 0 78.7253
      vertex 65.1304 0 79.197
      vertex 62.4569 0 78.8437
    endloop
  endfacet
  facet normal 0 -1 0
    outer loop
      vertex 65.1304 0 79.197
      vertex 71.4243 0 78.7253
      vertex 71.2722 0 79.1418
    endloop
  endfacet
  facet normal 0 -1 0
    outer loop
      vertex 81.3545 0 82.1372
      vertex 79.2469 0 81.9925
      vertex 80.9497 0 82.0204
    endloop
  endfacet
  facet normal 0 -1 0
    outer loop
      vertex 79.2469 0 81.9925
      vertex 80.5733 0 81.857
      vertex 80.9497 0 82.0204
    endloop
  endfacet
  facet normal 0 -1 0
    outer loop
      vertex 79.2469 0 81.9925
      vertex 80.2188 0 81.6433
      vertex 80.5733 0 81.857
    endloop
  endfacet
  facet normal 0 -1 0
    outer loop
      vertex 79.2469 0 81.9925
      vertex 79.8795 0 81.3757
      vertex 80.2188 0 81.6433
    endloop
  endfacet
  facet normal 0 -1 0
    outer loop
      vertex 79.2469 0 81.9925
      vertex 79.5556 0 81.0544
      vertex 79.8795 0 81.3757
    endloop
  endfacet
  facet normal -0 -1 0
    outer loop
      vertex 79.5556 0 81.0544
      vertex 79.2469 0 81.9925
      vertex 79.2469 0 80.6792
    endloop
  endfacet
  facet normal 0 -1 0
    outer loop
      vertex 92.9622 0 82.1358
      vertex 90.8322 0 81.9925
      vertex 92.5365 0 82.0173
    endloop
  endfacet
  facet normal 0 -1 0
    outer loop
      vertex 90.8322 0 81.9925
      vertex 92.1505 0 81.8515
      vertex 92.5365 0 82.0173
    endloop
  endfacet
  facet normal 0 -1 0
    outer loop
      vertex 90.8322 0 81.9925
      vertex 91.7934 0 81.6337
      vertex 92.1505 0 81.8515
    endloop
  endfacet
  facet normal 0 -1 0
    outer loop
      vertex 90.8322 0 81.9925
      vertex 91.4547 0 81.3593
      vertex 91.7934 0 81.6337
    endloop
  endfacet
  facet normal 0 -1 0
    outer loop
      vertex 90.8322 0 81.9925
      vertex 91.1343 0 81.0283
      vertex 91.4547 0 81.3593
    endloop
  endfacet
  facet normal -0 -1 0
    outer loop
      vertex 91.1343 0 81.0283
      vertex 90.8322 0 81.9925
      vertex 90.8322 0 80.6408
    endloop
  endfacet
  facet normal 0 -1 0
    outer loop
      vertex 140.419 0 81.9925
      vertex 200 0 150
      vertex 137.506 0 81.9925
    endloop
  endfacet
  facet normal -0 -1 0
    outer loop
      vertex 146.152 0 82.1512
      vertex 200 0 150
      vertex 140.419 0 81.9925
    endloop
  endfacet
  facet normal 0 -1 0
    outer loop
      vertex 200 0 150
      vertex 146.152 0 82.1512
      vertex 147.264 0 82.2306
    endloop
  endfacet
  facet normal 0 -1 0
    outer loop
      vertex 140.419 0 81.9925
      vertex 145.169 0 81.9132
      vertex 146.152 0 82.1512
    endloop
  endfacet
  facet normal 0 -1 0
    outer loop
      vertex 140.419 0 81.9925
      vertex 144.315 0 81.5166
      vertex 145.169 0 81.9132
    endloop
  endfacet
  facet normal 0 -1 0
    outer loop
      vertex 140.419 0 81.9925
      vertex 143.59 0 80.9612
      vertex 144.315 0 81.5166
    endloop
  endfacet
  facet normal 0 -1 0
    outer loop
      vertex 140.419 0 81.9925
      vertex 143.011 0 80.2655
      vertex 143.59 0 80.9612
    endloop
  endfacet
  facet normal 0 -1 0
    outer loop
      vertex 140.419 0 81.9925
      vertex 142.598 0 79.4476
      vertex 143.011 0 80.2655
    endloop
  endfacet
  facet normal 0 -1 0
    outer loop
      vertex 140.419 0 81.9925
      vertex 142.35 0 78.5078
      vertex 142.598 0 79.4476
    endloop
  endfacet
  facet normal 0 -1 0
    outer loop
      vertex 140.419 0 81.9925
      vertex 142.267 0 77.446
      vertex 142.35 0 78.5078
    endloop
  endfacet
  facet normal 0 -1 0
    outer loop
      vertex 140.419 0 81.9925
      vertex 142.35 0 76.3841
      vertex 142.267 0 77.446
    endloop
  endfacet
  facet normal 0 -1 0
    outer loop
      vertex 140.419 0 69.3282
      vertex 142.35 0 76.3841
      vertex 140.419 0 81.9925
    endloop
  endfacet
  facet normal 0 -1 -0
    outer loop
      vertex 156.515 0 72.745
      vertex 140.419 0 69.3282
      vertex 157.319 0 72.6613
    endloop
  endfacet
  facet normal 0 -1 -0
    outer loop
      vertex 146.152 0 72.7406
      vertex 140.419 0 69.3282
      vertex 147.264 0 72.6613
    endloop
  endfacet
  facet normal 0 -1 -0
    outer loop
      vertex 145.169 0 72.9787
      vertex 140.419 0 69.3282
      vertex 146.152 0 72.7406
    endloop
  endfacet
  facet normal 0 -1 -0
    outer loop
      vertex 144.315 0 73.3754
      vertex 140.419 0 69.3282
      vertex 145.169 0 72.9787
    endloop
  endfacet
  facet normal 0 -1 -0
    outer loop
      vertex 143.59 0 73.9308
      vertex 140.419 0 69.3282
      vertex 144.315 0 73.3754
    endloop
  endfacet
  facet normal 0 -1 -0
    outer loop
      vertex 143.011 0 74.6265
      vertex 140.419 0 69.3282
      vertex 143.59 0 73.9308
    endloop
  endfacet
  facet normal 0 -1 -0
    outer loop
      vertex 142.598 0 75.4443
      vertex 140.419 0 69.3282
      vertex 143.011 0 74.6265
    endloop
  endfacet
  facet normal 0 -1 -0
    outer loop
      vertex 142.35 0 76.3841
      vertex 140.419 0 69.3282
      vertex 142.598 0 75.4443
    endloop
  endfacet
  facet normal 0 -1 0
    outer loop
      vertex 54.2024 0 78.7253
      vertex 51.7739 0 80.2952
      vertex 51.3113 0 80.2782
    endloop
  endfacet
  facet normal 0 -1 0
    outer loop
      vertex 54.2024 0 78.7253
      vertex 51.3113 0 80.2782
      vertex 50.8432 0 80.2271
    endloop
  endfacet
  facet normal 0 -1 0
    outer loop
      vertex 54.2024 0 78.7253
      vertex 52.312 0 80.2632
      vertex 51.7739 0 80.2952
    endloop
  endfacet
  facet normal 0 -1 0
    outer loop
      vertex 54.2024 0 78.7253
      vertex 50.8432 0 80.2271
      vertex 50.3694 0 80.1419
    endloop
  endfacet
  facet normal 0 -1 0
    outer loop
      vertex 54.2024 0 78.7253
      vertex 50.3694 0 80.1419
      vertex 49.8901 0 80.0227
    endloop
  endfacet
  facet normal 0 -1 0
    outer loop
      vertex 54.2024 0 78.7253
      vertex 52.787 0 80.1671
      vertex 52.312 0 80.2632
    endloop
  endfacet
  facet normal 0 -1 0
    outer loop
      vertex 54.2024 0 78.7253
      vertex 49.8901 0 80.0227
      vertex 49.4046 0 79.8689
    endloop
  endfacet
  facet normal 0 -1 0
    outer loop
      vertex 52.787 0 80.1671
      vertex 54.0503 0 79.1418
      vertex 53.199 0 80.0069
    endloop
  endfacet
  facet normal 0 -1 0
    outer loop
      vertex 54.2024 0 78.7253
      vertex 49.4046 0 79.8689
      vertex 48.9126 0 79.68
    endloop
  endfacet
  facet normal 0 -1 0
    outer loop
      vertex 53.199 0 80.0069
      vertex 54.0503 0 79.1418
      vertex 53.5478 0 79.7826
    endloop
  endfacet
  facet normal 0 -1 0
    outer loop
      vertex 54.2024 0 78.7253
      vertex 48.9126 0 79.68
      vertex 48.4139 0 79.456
    endloop
  endfacet
  facet normal 0 -1 0
    outer loop
      vertex 47.4773 0 78.2447
      vertex 48.4139 0 79.456
      vertex 47.9086 0 79.197
    endloop
  endfacet
  facet normal 0 -1 0
    outer loop
      vertex 53.5478 0 79.7826
      vertex 54.0503 0 79.1418
      vertex 53.8321 0 79.4942
    endloop
  endfacet
  facet normal 0 -1 0
    outer loop
      vertex 71.2722 0 79.1418
      vertex 68.9958 0 80.2952
      vertex 68.5332 0 80.2782
    endloop
  endfacet
  facet normal 0 -1 0
    outer loop
      vertex 71.2722 0 79.1418
      vertex 68.5332 0 80.2782
      vertex 68.065 0 80.2271
    endloop
  endfacet
  facet normal 0 -1 0
    outer loop
      vertex 68.9958 0 80.2952
      vertex 71.2722 0 79.1418
      vertex 69.5339 0 80.2632
    endloop
  endfacet
  facet normal 0 -1 0
    outer loop
      vertex 71.2722 0 79.1418
      vertex 68.065 0 80.2271
      vertex 67.5913 0 80.1419
    endloop
  endfacet
  facet normal 0 -1 0
    outer loop
      vertex 71.2722 0 79.1418
      vertex 67.5913 0 80.1419
      vertex 67.112 0 80.0227
    endloop
  endfacet
  facet normal 0 -1 0
    outer loop
      vertex 69.5339 0 80.2632
      vertex 71.2722 0 79.1418
      vertex 70.0089 0 80.1671
    endloop
  endfacet
  facet normal 0 -1 0
    outer loop
      vertex 71.2722 0 79.1418
      vertex 67.112 0 80.0227
      vertex 66.6265 0 79.8689
    endloop
  endfacet
  facet normal 0 -1 0
    outer loop
      vertex 70.0089 0 80.1671
      vertex 71.2722 0 79.1418
      vertex 70.4208 0 80.0069
    endloop
  endfacet
  facet normal 0 -1 0
    outer loop
      vertex 71.2722 0 79.1418
      vertex 66.6265 0 79.8689
      vertex 66.1344 0 79.68
    endloop
  endfacet
  facet normal 0 -1 0
    outer loop
      vertex 70.4208 0 80.0069
      vertex 71.2722 0 79.1418
      vertex 70.7697 0 79.7826
    endloop
  endfacet
  facet normal 0 -1 0
    outer loop
      vertex 71.2722 0 79.1418
      vertex 66.1344 0 79.68
      vertex 65.6357 0 79.456
    endloop
  endfacet
  facet normal 0 -1 0
    outer loop
      vertex 71.2722 0 79.1418
      vertex 65.6357 0 79.456
      vertex 65.1304 0 79.197
    endloop
  endfacet
  facet normal 0 -1 0
    outer loop
      vertex 70.7697 0 79.7826
      vertex 71.2722 0 79.1418
      vertex 71.054 0 79.4942
    endloop
  endfacet
  facet normal 0 -1 0
    outer loop
      vertex 127.507 0 79.1418
      vertex 125.231 0 80.2952
      vertex 124.768 0 80.2782
    endloop
  endfacet
  facet normal 0 -1 0
    outer loop
      vertex 127.507 0 79.1418
      vertex 124.768 0 80.2782
      vertex 124.3 0 80.2271
    endloop
  endfacet
  facet normal 0 -1 0
    outer loop
      vertex 125.231 0 80.2952
      vertex 127.507 0 79.1418
      vertex 125.769 0 80.2632
    endloop
  endfacet
  facet normal 0 -1 0
    outer loop
      vertex 127.507 0 79.1418
      vertex 124.3 0 80.2271
      vertex 123.826 0 80.1419
    endloop
  endfacet
  facet normal 0 -1 0
    outer loop
      vertex 127.507 0 79.1418
      vertex 123.826 0 80.1419
      vertex 123.347 0 80.0227
    endloop
  endfacet
  facet normal 0 -1 0
    outer loop
      vertex 125.769 0 80.2632
      vertex 127.507 0 79.1418
      vertex 126.244 0 80.1671
    endloop
  endfacet
  facet normal 0 -1 0
    outer loop
      vertex 127.507 0 79.1418
      vertex 123.347 0 80.0227
      vertex 122.862 0 79.8689
    endloop
  endfacet
  facet normal 0 -1 0
    outer loop
      vertex 126.244 0 80.1671
      vertex 127.507 0 79.1418
      vertex 126.656 0 80.0069
    endloop
  endfacet
  facet normal 0 -1 0
    outer loop
      vertex 127.507 0 79.1418
      vertex 122.862 0 79.8689
      vertex 122.37 0 79.68
    endloop
  endfacet
  facet normal 0 -1 0
    outer loop
      vertex 126.656 0 80.0069
      vertex 127.507 0 79.1418
      vertex 127.005 0 79.7826
    endloop
  endfacet
  facet normal 0 -1 0
    outer loop
      vertex 127.507 0 79.1418
      vertex 122.37 0 79.68
      vertex 121.871 0 79.456
    endloop
  endfacet
  facet normal 0 -1 0
    outer loop
      vertex 127.507 0 79.1418
      vertex 121.871 0 79.456
      vertex 121.366 0 79.197
    endloop
  endfacet
  facet normal 0 -1 0
    outer loop
      vertex 127.005 0 79.7826
      vertex 127.507 0 79.1418
      vertex 127.289 0 79.4942
    endloop
  endfacet
  facet normal 0 -1 0
    outer loop
      vertex 127.745 0 78.2447
      vertex 121.366 0 79.197
      vertex 120.934 0 78.2447
    endloop
  endfacet
  facet normal 0 -1 0
    outer loop
      vertex 121.366 0 79.197
      vertex 127.745 0 78.2447
      vertex 127.507 0 79.1418
    endloop
  endfacet
  facet normal 0 -1 0
    outer loop
      vertex 127.507 0 79.1418
      vertex 127.745 0 78.2447
      vertex 127.659 0 78.7253
    endloop
  endfacet
  facet normal 0 -1 0
    outer loop
      vertex 98.2586 0 75.1467
      vertex 101.203 0 76.1313
      vertex 98.0686 0 75.2076
    endloop
  endfacet
  facet normal 0 -1 0
    outer loop
      vertex 98.4481 0 75.0977
      vertex 101.203 0 76.1313
      vertex 98.2586 0 75.1467
    endloop
  endfacet
  facet normal 0 -1 0
    outer loop
      vertex 98.6375 0 75.0599
      vertex 101.203 0 76.1313
      vertex 98.4481 0 75.0977
    endloop
  endfacet
  facet normal 0 -1 0
    outer loop
      vertex 98.8274 0 75.033
      vertex 101.203 0 76.1313
      vertex 98.6375 0 75.0599
    endloop
  endfacet
  facet normal 0 -1 0
    outer loop
      vertex 99.0179 0 75.0168
      vertex 101.203 0 76.1313
      vertex 98.8274 0 75.033
    endloop
  endfacet
  facet normal 0 -1 0
    outer loop
      vertex 99.2088 0 75.0114
      vertex 101.203 0 76.1313
      vertex 99.0179 0 75.0168
    endloop
  endfacet
  facet normal -0 -1 0
    outer loop
      vertex 99.738 0 75.0564
      vertex 101.203 0 76.1313
      vertex 99.2088 0 75.0114
    endloop
  endfacet
  facet normal 0 -1 0
    outer loop
      vertex 101.203 0 76.1313
      vertex 99.738 0 75.0564
      vertex 100.938 0 75.7321
    endloop
  endfacet
  facet normal -0 -1 0
    outer loop
      vertex 100.203 0 75.1916
      vertex 100.938 0 75.7321
      vertex 99.738 0 75.0564
    endloop
  endfacet
  facet normal 0 -1 0
    outer loop
      vertex 100.938 0 75.7321
      vertex 100.203 0 75.1916
      vertex 100.603 0 75.4168
    endloop
  endfacet
  facet normal 0 -1 0
    outer loop
      vertex 96.3169 0 73.1221
      vertex 97.6871 0 75.3647
      vertex 96.3169 0 75.3416
    endloop
  endfacet
  facet normal 0 -1 0
    outer loop
      vertex 96.3169 0 73.1221
      vertex 97.6953 0 72.725
      vertex 97.6871 0 75.3647
    endloop
  endfacet
  facet normal 0 -1 0
    outer loop
      vertex 95.8485 0 73.0158
      vertex 97.6953 0 72.725
      vertex 96.3169 0 73.1221
    endloop
  endfacet
  facet normal 0 -1 0
    outer loop
      vertex 95.3791 0 72.9231
      vertex 97.6953 0 72.725
      vertex 95.8485 0 73.0158
    endloop
  endfacet
  facet normal 0 -1 0
    outer loop
      vertex 94.9087 0 72.844
      vertex 97.6953 0 72.725
      vertex 95.3791 0 72.9231
    endloop
  endfacet
  facet normal 0 -1 0
    outer loop
      vertex 94.4372 0 72.7785
      vertex 97.6953 0 72.725
      vertex 94.9087 0 72.844
    endloop
  endfacet
  facet normal 0 -1 0
    outer loop
      vertex 93.9652 0 72.7272
      vertex 97.6953 0 72.725
      vertex 94.4372 0 72.7785
    endloop
  endfacet
  facet normal 0 -1 0
    outer loop
      vertex 93.9652 0 72.7272
      vertex 97.8484 0 72.7068
      vertex 97.6953 0 72.725
    endloop
  endfacet
  facet normal 0 -1 0
    outer loop
      vertex 93.9652 0 72.7272
      vertex 97.9821 0 72.6922
      vertex 97.8484 0 72.7068
    endloop
  endfacet
  facet normal 0 -1 0
    outer loop
      vertex 93.4932 0 72.6906
      vertex 97.9821 0 72.6922
      vertex 93.9652 0 72.7272
    endloop
  endfacet
  facet normal 0 -1 0
    outer loop
      vertex 93.4932 0 72.6906
      vertex 98.0965 0 72.681
      vertex 97.9821 0 72.6922
    endloop
  endfacet
  facet normal 0 -1 0
    outer loop
      vertex 93.4932 0 72.6906
      vertex 98.1916 0 72.6733
      vertex 98.0965 0 72.681
    endloop
  endfacet
  facet normal 0 -1 0
    outer loop
      vertex 98.2755 0 72.6681
      vertex 93.4932 0 72.6906
      vertex 93.0212 0 72.6686
    endloop
  endfacet
  facet normal 0 -1 0
    outer loop
      vertex 93.4932 0 72.6906
      vertex 98.2755 0 72.6681
      vertex 98.1916 0 72.6733
    endloop
  endfacet
  facet normal 0 -1 0
    outer loop
      vertex 93.0212 0 72.6686
      vertex 98.3564 0 72.6643
      vertex 98.2755 0 72.6681
    endloop
  endfacet
  facet normal 0 -1 0
    outer loop
      vertex 93.0212 0 72.6686
      vertex 98.4342 0 72.6621
      vertex 98.3564 0 72.6643
    endloop
  endfacet
  facet normal 0 -1 0
    outer loop
      vertex 92.5493 0 72.6613
      vertex 98.4342 0 72.6621
      vertex 93.0212 0 72.6686
    endloop
  endfacet
  facet normal 0 -1 -0
    outer loop
      vertex 98.4342 0 72.6621
      vertex 92.5493 0 72.6613
      vertex 98.509 0 72.6613
    endloop
  endfacet
  facet normal 0 -1 -0
    outer loop
      vertex 109.056 0 78.8276
      vertex 106.054 0 74.9576
      vertex 109.056 0 74.9576
    endloop
  endfacet
  facet normal 0 -1 0
    outer loop
      vertex 42.6301 0 78.9533
      vertex 41.519 0 80.0167
      vertex 41.3372 0 80.0264
    endloop
  endfacet
  facet normal 0 -1 0
    outer loop
      vertex 42.6301 0 78.9533
      vertex 41.3372 0 80.0264
      vertex 40.9059 0 79.9826
    endloop
  endfacet
  facet normal 0 -1 0
    outer loop
      vertex 41.519 0 80.0167
      vertex 42.6301 0 78.9533
      vertex 41.6902 0 79.9877
    endloop
  endfacet
  facet normal -0 -1 -0
    outer loop
      vertex 42.5863 0 79.1459
      vertex 41.6902 0 79.9877
      vertex 42.6301 0 78.9533
    endloop
  endfacet
  facet normal 0 -1 0
    outer loop
      vertex 42.6637 0 78.7275
      vertex 40.9059 0 79.9826
      vertex 40.5235 0 79.8513
    endloop
  endfacet
  facet normal 0 -1 0
    outer loop
      vertex 41.6902 0 79.9877
      vertex 42.5863 0 79.1459
      vertex 41.8506 0 79.9394
    endloop
  endfacet
  facet normal 0 -1 0
    outer loop
      vertex 41.8506 0 79.9394
      vertex 42.5863 0 79.1459
      vertex 42.0004 0 79.8717
    endloop
  endfacet
  facet normal 0 -1 0
    outer loop
      vertex 42.6637 0 78.7275
      vertex 40.5235 0 79.8513
      vertex 40.1898 0 79.6325
    endloop
  endfacet
  facet normal 0 -1 0
    outer loop
      vertex 42.0004 0 79.8717
      vertex 42.5863 0 79.1459
      vertex 42.138 0 79.7862
    endloop
  endfacet
  facet normal 0 -1 0
    outer loop
      vertex 42.2618 0 79.6844
      vertex 42.5863 0 79.1459
      vertex 42.3719 0 79.5663
    endloop
  endfacet
  facet normal 0 -1 0
    outer loop
      vertex 42.6637 0 78.7275
      vertex 40.1898 0 79.6325
      vertex 39.905 0 79.3261
    endloop
  endfacet
  facet normal 0 -1 0
    outer loop
      vertex 42.3719 0 79.5663
      vertex 42.5863 0 79.1459
      vertex 42.4683 0 79.4319
    endloop
  endfacet
  facet normal 0 -1 0
    outer loop
      vertex 42.4683 0 79.4319
      vertex 42.5863 0 79.1459
      vertex 42.5324 0 79.3055
    endloop
  endfacet
  facet normal 0 -1 0
    outer loop
      vertex 42.138 0 79.7862
      vertex 42.5863 0 79.1459
      vertex 42.2618 0 79.6844
    endloop
  endfacet
  facet normal 0 -1 0
    outer loop
      vertex 42.6886 0 78.4468
      vertex 39.905 0 79.3261
      vertex 39.6772 0 78.9418
    endloop
  endfacet
  facet normal 0 -1 0
    outer loop
      vertex 40.9059 0 79.9826
      vertex 42.6637 0 78.7275
      vertex 42.6301 0 78.9533
    endloop
  endfacet
  facet normal 0 -1 0
    outer loop
      vertex 42.6886 0 78.4468
      vertex 39.6772 0 78.9418
      vertex 39.5144 0 78.4893
    endloop
  endfacet
  facet normal 0 -1 0
    outer loop
      vertex 39.905 0 79.3261
      vertex 42.6886 0 78.4468
      vertex 42.6637 0 78.7275
    endloop
  endfacet
  facet normal 0 -1 0
    outer loop
      vertex 39.5144 0 78.4893
      vertex 42.7063 0 78.0893
      vertex 42.6886 0 78.4468
    endloop
  endfacet
  facet normal 0 -1 0
    outer loop
      vertex 39.4168 0 77.9686
      vertex 42.7063 0 78.0893
      vertex 39.5144 0 78.4893
    endloop
  endfacet
  facet normal 0 -1 0
    outer loop
      vertex 39.4168 0 77.9686
      vertex 42.717 0 77.6549
      vertex 42.7063 0 78.0893
    endloop
  endfacet
  facet normal 0 -1 0
    outer loop
      vertex 39.3842 0 77.3797
      vertex 42.717 0 77.6549
      vertex 39.4168 0 77.9686
    endloop
  endfacet
  facet normal 0 -1 0
    outer loop
      vertex 39.3842 0 77.3797
      vertex 42.7206 0 77.1437
      vertex 42.717 0 77.6549
    endloop
  endfacet
  facet normal 0 -1 0
    outer loop
      vertex 39.3842 0 77.3797
      vertex 42.7201 0 76.9098
      vertex 42.7206 0 77.1437
    endloop
  endfacet
  facet normal 0 -1 0
    outer loop
      vertex 39.3842 0 77.3797
      vertex 42.7185 0 76.5828
      vertex 42.7201 0 76.9098
    endloop
  endfacet
  facet normal 0 -1 0
    outer loop
      vertex 39.3842 0 77.3797
      vertex 42.716 0 76.1626
      vertex 42.7185 0 76.5828
    endloop
  endfacet
  facet normal 0 -1 0
    outer loop
      vertex 39.3842 0 77.3797
      vertex 42.7124 0 75.6493
      vertex 42.716 0 76.1626
    endloop
  endfacet
  facet normal 0 -1 0
    outer loop
      vertex 39.3842 0 77.3797
      vertex 42.7088 0 75.1131
      vertex 42.7124 0 75.6493
    endloop
  endfacet
  facet normal 0 -1 0
    outer loop
      vertex 39.3842 0 72.8763
      vertex 42.7088 0 75.1131
      vertex 39.3842 0 77.3797
    endloop
  endfacet
  facet normal 0 -1 0
    outer loop
      vertex 42.7088 0 75.1131
      vertex 39.3842 0 72.8763
      vertex 42.7063 0 74.6242
    endloop
  endfacet
  facet normal 0 -1 0
    outer loop
      vertex 42.7063 0 74.6242
      vertex 39.3842 0 72.8763
      vertex 42.7048 0 74.1827
    endloop
  endfacet
  facet normal 0 -1 0
    outer loop
      vertex 42.7048 0 74.1827
      vertex 39.3842 0 72.8763
      vertex 42.7043 0 73.7885
    endloop
  endfacet
  facet normal 0 -1 -0
    outer loop
      vertex 42.7043 0 73.7885
      vertex 39.3842 0 72.8763
      vertex 42.7043 0 72.8763
    endloop
  endfacet
  facet normal 0 -1 0
    outer loop
      vertex 137.506 0 69.3282
      vertex 126.779 0 72.7411
      vertex 125.662 0 72.6613
    endloop
  endfacet
  facet normal 0 -1 0
    outer loop
      vertex 137.506 0 69.3282
      vertex 125.662 0 72.6613
      vertex 111.969 0 70.2882
    endloop
  endfacet
  facet normal 0 -1 0
    outer loop
      vertex 134.153 0 72.8763
      vertex 137.506 0 69.3282
      vertex 137.506 0 76.2217
    endloop
  endfacet
  facet normal 0 -1 0
    outer loop
      vertex 130.768 0 72.8763
      vertex 137.506 0 69.3282
      vertex 134.153 0 72.8763
    endloop
  endfacet
  facet normal 0 -1 0
    outer loop
      vertex 137.506 0 69.3282
      vertex 111.969 0 70.2882
      vertex 79.2469 0 69.3282
    endloop
  endfacet
  facet normal 0 -1 0
    outer loop
      vertex 160.029 0 73.8408
      vertex 160.338 0 72.8763
      vertex 160.338 0 74.2127
    endloop
  endfacet
  facet normal 0 -1 0
    outer loop
      vertex 159.704 0 73.5213
      vertex 160.338 0 72.8763
      vertex 160.029 0 73.8408
    endloop
  endfacet
  facet normal 0 -1 0
    outer loop
      vertex 159.362 0 73.254
      vertex 160.338 0 72.8763
      vertex 159.704 0 73.5213
    endloop
  endfacet
  facet normal 0 -1 0
    outer loop
      vertex 159.004 0 73.0391
      vertex 160.338 0 72.8763
      vertex 159.362 0 73.254
    endloop
  endfacet
  facet normal 0 -1 0
    outer loop
      vertex 158.217 0 72.7558
      vertex 160.338 0 72.8763
      vertex 158.624 0 72.8738
    endloop
  endfacet
  facet normal 0 -1 0
    outer loop
      vertex 158.624 0 72.8738
      vertex 160.338 0 72.8763
      vertex 159.004 0 73.0391
    endloop
  endfacet
  facet normal 0 -1 0
    outer loop
      vertex 79.5238 0 79.0471
      vertex 81.1673 0 80.1109
      vertex 80.7271 0 80.0682
    endloop
  endfacet
  facet normal 0 -1 0
    outer loop
      vertex 79.7392 0 79.4275
      vertex 80.7271 0 80.0682
      vertex 80.3424 0 79.94
    endloop
  endfacet
  facet normal 0 -1 0
    outer loop
      vertex 79.5238 0 79.0471
      vertex 80.7271 0 80.0682
      vertex 79.7392 0 79.4275
    endloop
  endfacet
  facet normal 0 -1 0
    outer loop
      vertex 79.7392 0 79.4275
      vertex 80.3424 0 79.94
      vertex 80.0131 0 79.7265
    endloop
  endfacet
  facet normal 0 -1 0
    outer loop
      vertex 82.8028 0 79.0471
      vertex 81.1673 0 80.1109
      vertex 79.5238 0 79.0471
    endloop
  endfacet
  facet normal 0 -1 0
    outer loop
      vertex 81.604 0 80.0682
      vertex 82.5874 0 79.4275
      vertex 81.9862 0 79.94
    endloop
  endfacet
  facet normal 0 -1 0
    outer loop
      vertex 81.9862 0 79.94
      vertex 82.5874 0 79.4275
      vertex 82.314 0 79.7265
    endloop
  endfacet
  facet normal 0 -1 0
    outer loop
      vertex 81.1673 0 80.1109
      vertex 82.8028 0 79.0471
      vertex 81.604 0 80.0682
    endloop
  endfacet
  facet normal 0 -1 0
    outer loop
      vertex 81.604 0 80.0682
      vertex 82.8028 0 79.0471
      vertex 82.5874 0 79.4275
    endloop
  endfacet
  facet normal 0 -1 0
    outer loop
      vertex 79.3699 0 78.5894
      vertex 82.8028 0 79.0471
      vertex 79.5238 0 79.0471
    endloop
  endfacet
  facet normal 0 -1 0
    outer loop
      vertex 79.3699 0 78.5894
      vertex 82.9566 0 78.5894
      vertex 82.8028 0 79.0471
    endloop
  endfacet
  facet normal 0 -1 0
    outer loop
      vertex 79.2776 0 78.0544
      vertex 82.9566 0 78.5894
      vertex 79.3699 0 78.5894
    endloop
  endfacet
  facet normal 0 -1 0
    outer loop
      vertex 79.2776 0 78.0544
      vertex 83.0489 0 78.0544
      vertex 82.9566 0 78.5894
    endloop
  endfacet
  facet normal 0 -1 0
    outer loop
      vertex 79.2469 0 77.4421
      vertex 83.0489 0 78.0544
      vertex 79.2776 0 78.0544
    endloop
  endfacet
  facet normal 0 -1 0
    outer loop
      vertex 79.2469 0 77.4421
      vertex 83.0797 0 77.4421
      vertex 83.0489 0 78.0544
    endloop
  endfacet
  facet normal 0 -1 0
    outer loop
      vertex 79.2776 0 76.8298
      vertex 83.0797 0 77.4421
      vertex 79.2469 0 77.4421
    endloop
  endfacet
  facet normal 0 -1 0
    outer loop
      vertex 79.2776 0 76.8298
      vertex 83.0489 0 76.8298
      vertex 83.0797 0 77.4421
    endloop
  endfacet
  facet normal 0 -1 0
    outer loop
      vertex 79.3699 0 76.2948
      vertex 83.0489 0 76.8298
      vertex 79.2776 0 76.8298
    endloop
  endfacet
  facet normal 0 -1 0
    outer loop
      vertex 79.3699 0 76.2948
      vertex 82.9566 0 76.2948
      vertex 83.0489 0 76.8298
    endloop
  endfacet
  facet normal 0 -1 0
    outer loop
      vertex 79.5238 0 75.8372
      vertex 82.9566 0 76.2948
      vertex 79.3699 0 76.2948
    endloop
  endfacet
  facet normal 0 -1 0
    outer loop
      vertex 79.5238 0 75.8372
      vertex 82.8028 0 75.8372
      vertex 82.9566 0 76.2948
    endloop
  endfacet
  facet normal 0 -1 0
    outer loop
      vertex 81.1673 0 74.7733
      vertex 79.5238 0 75.8372
      vertex 79.7392 0 75.4568
    endloop
  endfacet
  facet normal 0 -1 0
    outer loop
      vertex 79.5238 0 75.8372
      vertex 81.1673 0 74.7733
      vertex 82.8028 0 75.8372
    endloop
  endfacet
  facet normal 0 -1 0
    outer loop
      vertex 80.7271 0 74.816
      vertex 79.7392 0 75.4568
      vertex 80.0131 0 75.1578
    endloop
  endfacet
  facet normal 0 -1 0
    outer loop
      vertex 82.8028 0 75.8372
      vertex 81.1673 0 74.7733
      vertex 82.5874 0 75.4568
    endloop
  endfacet
  facet normal 0 -1 0
    outer loop
      vertex 80.7271 0 74.816
      vertex 80.0131 0 75.1578
      vertex 80.3424 0 74.9442
    endloop
  endfacet
  facet normal -0 -1 0
    outer loop
      vertex 81.604 0 74.816
      vertex 82.5874 0 75.4568
      vertex 81.1673 0 74.7733
    endloop
  endfacet
  facet normal 0 -1 0
    outer loop
      vertex 79.7392 0 75.4568
      vertex 80.7271 0 74.816
      vertex 81.1673 0 74.7733
    endloop
  endfacet
  facet normal 0 -1 0
    outer loop
      vertex 82.5874 0 75.4568
      vertex 81.604 0 74.816
      vertex 82.314 0 75.1578
    endloop
  endfacet
  facet normal 0 -1 0
    outer loop
      vertex 82.314 0 75.1578
      vertex 81.604 0 74.816
      vertex 81.9862 0 74.9442
    endloop
  endfacet
  facet normal 0 -1 0
    outer loop
      vertex 92.7732 0 77.9183
      vertex 92.777 0 80.2952
      vertex 92.3824 0 80.2584
    endloop
  endfacet
  facet normal -0 -1 0
    outer loop
      vertex 93.1442 0 77.9762
      vertex 92.777 0 80.2952
      vertex 92.7732 0 77.9183
    endloop
  endfacet
  facet normal 0 -1 0
    outer loop
      vertex 92.7732 0 77.9183
      vertex 92.3824 0 80.2584
      vertex 92.0202 0 80.148
    endloop
  endfacet
  facet normal 0 -1 0
    outer loop
      vertex 92.777 0 80.2952
      vertex 93.1442 0 77.9762
      vertex 93.0885 0 80.2757
    endloop
  endfacet
  facet normal 0 -1 0
    outer loop
      vertex 93.0885 0 80.2757
      vertex 93.4588 0 78.0727
      vertex 93.364 0 80.217
    endloop
  endfacet
  facet normal 0 -1 0
    outer loop
      vertex 92.3457 0 77.899
      vertex 92.0202 0 80.148
      vertex 91.6907 0 79.964
    endloop
  endfacet
  facet normal -0 -1 0
    outer loop
      vertex 94.1767 0 79.1174
      vertex 93.364 0 80.217
      vertex 93.4588 0 78.0727
    endloop
  endfacet
  facet normal 0 -1 0
    outer loop
      vertex 92.3457 0 77.899
      vertex 91.6907 0 79.964
      vertex 91.3937 0 79.7064
    endloop
  endfacet
  facet normal -0 -1 0
    outer loop
      vertex 93.4588 0 78.0727
      vertex 93.0885 0 80.2757
      vertex 93.1442 0 77.9762
    endloop
  endfacet
  facet normal 0 -1 0
    outer loop
      vertex 92.3457 0 77.899
      vertex 91.3937 0 79.7064
      vertex 91.148 0 79.3934
    endloop
  endfacet
  facet normal 0 -1 0
    outer loop
      vertex 93.364 0 80.217
      vertex 94.1767 0 79.1174
      vertex 93.6033 0 80.1193
    endloop
  endfacet
  facet normal -0 -1 -0
    outer loop
      vertex 94.1536 0 79.3786
      vertex 93.6033 0 80.1193
      vertex 94.1767 0 79.1174
    endloop
  endfacet
  facet normal 0 -1 0
    outer loop
      vertex 92.3457 0 77.899
      vertex 91.148 0 79.3934
      vertex 90.9725 0 79.0433
    endloop
  endfacet
  facet normal 0 -1 0
    outer loop
      vertex 93.8065 0 79.9825
      vertex 94.1536 0 79.3786
      vertex 93.9685 0 79.8112
    endloop
  endfacet
  facet normal 0 -1 0
    outer loop
      vertex 92.3457 0 77.899
      vertex 90.9725 0 79.0433
      vertex 90.8673 0 78.6562
    endloop
  endfacet
  facet normal 0 -1 0
    outer loop
      vertex 92.0202 0 80.148
      vertex 92.3457 0 77.899
      vertex 92.7732 0 77.9183
    endloop
  endfacet
  facet normal 0 -1 0
    outer loop
      vertex 93.6033 0 80.1193
      vertex 94.1536 0 79.3786
      vertex 93.8065 0 79.9825
    endloop
  endfacet
  facet normal 0 -1 0
    outer loop
      vertex 92.3457 0 77.899
      vertex 90.8673 0 78.6562
      vertex 90.8322 0 78.2321
    endloop
  endfacet
  facet normal 0 -1 0
    outer loop
      vertex 93.9685 0 79.8112
      vertex 94.1536 0 79.3786
      vertex 94.0842 0 79.6099
    endloop
  endfacet
  facet normal -0 -1 0
    outer loop
      vertex 93.717 0 78.2077
      vertex 94.1767 0 79.1174
      vertex 93.4588 0 78.0727
    endloop
  endfacet
  facet normal 0 -1 0
    outer loop
      vertex 94.1767 0 79.1174
      vertex 93.717 0 78.2077
      vertex 94.148 0 78.8351
    endloop
  endfacet
  facet normal 0 -1 0
    outer loop
      vertex 94.0618 0 78.5894
      vertex 93.717 0 78.2077
      vertex 93.9181 0 78.3803
    endloop
  endfacet
  facet normal 0 -1 0
    outer loop
      vertex 92.3457 0 77.899
      vertex 90.8322 0 78.2321
      vertex 90.8322 0 77.899
    endloop
  endfacet
  facet normal 0 -1 0
    outer loop
      vertex 94.148 0 78.8351
      vertex 93.717 0 78.2077
      vertex 94.0618 0 78.5894
    endloop
  endfacet
  facet normal 0 -1 0
    outer loop
      vertex 156.758 0 79.0471
      vertex 158.402 0 80.1109
      vertex 157.962 0 80.0682
    endloop
  endfacet
  facet normal 0 -1 0
    outer loop
      vertex 156.974 0 79.4275
      vertex 157.962 0 80.0682
      vertex 157.577 0 79.94
    endloop
  endfacet
  facet normal 0 -1 0
    outer loop
      vertex 156.758 0 79.0471
      vertex 157.962 0 80.0682
      vertex 156.974 0 79.4275
    endloop
  endfacet
  facet normal 0 -1 0
    outer loop
      vertex 156.974 0 79.4275
      vertex 157.577 0 79.94
      vertex 157.247 0 79.7265
    endloop
  endfacet
  facet normal 0 -1 0
    outer loop
      vertex 160.057 0 79.0417
      vertex 158.402 0 80.1109
      vertex 156.758 0 79.0471
    endloop
  endfacet
  facet normal 0 -1 0
    outer loop
      vertex 158.842 0 80.0679
      vertex 159.838 0 79.4234
      vertex 159.229 0 79.939
    endloop
  endfacet
  facet normal 0 -1 0
    outer loop
      vertex 159.229 0 79.939
      vertex 159.838 0 79.4234
      vertex 159.561 0 79.7242
    endloop
  endfacet
  facet normal 0 -1 0
    outer loop
      vertex 158.402 0 80.1109
      vertex 160.057 0 79.0417
      vertex 158.842 0 80.0679
    endloop
  endfacet
  facet normal 0 -1 0
    outer loop
      vertex 158.842 0 80.0679
      vertex 160.057 0 79.0417
      vertex 159.838 0 79.4234
    endloop
  endfacet
  facet normal 0 -1 0
    outer loop
      vertex 156.604 0 78.5894
      vertex 160.057 0 79.0417
      vertex 156.758 0 79.0471
    endloop
  endfacet
  facet normal 0 -1 0
    outer loop
      vertex 156.604 0 78.5894
      vertex 160.213 0 78.5843
      vertex 160.057 0 79.0417
    endloop
  endfacet
  facet normal 0 -1 0
    outer loop
      vertex 156.512 0 78.0544
      vertex 160.213 0 78.5843
      vertex 156.604 0 78.5894
    endloop
  endfacet
  facet normal 0 -1 0
    outer loop
      vertex 156.512 0 78.0544
      vertex 160.307 0 78.0511
      vertex 160.213 0 78.5843
    endloop
  endfacet
  facet normal 0 -1 0
    outer loop
      vertex 156.481 0 77.4421
      vertex 160.307 0 78.0511
      vertex 156.512 0 78.0544
    endloop
  endfacet
  facet normal 0 -1 0
    outer loop
      vertex 156.481 0 77.4421
      vertex 160.338 0 77.4421
      vertex 160.307 0 78.0511
    endloop
  endfacet
  facet normal 0 -1 0
    outer loop
      vertex 156.481 0 77.4421
      vertex 160.307 0 76.8331
      vertex 160.338 0 77.4421
    endloop
  endfacet
  facet normal 0 -1 0
    outer loop
      vertex 156.512 0 76.8298
      vertex 160.307 0 76.8331
      vertex 156.481 0 77.4421
    endloop
  endfacet
  facet normal 0 -1 0
    outer loop
      vertex 156.512 0 76.8298
      vertex 160.213 0 76.2999
      vertex 160.307 0 76.8331
    endloop
  endfacet
  facet normal 0 -1 0
    outer loop
      vertex 156.604 0 76.2948
      vertex 160.213 0 76.2999
      vertex 156.512 0 76.8298
    endloop
  endfacet
  facet normal 0 -1 0
    outer loop
      vertex 156.604 0 76.2948
      vertex 160.057 0 75.8425
      vertex 160.213 0 76.2999
    endloop
  endfacet
  facet normal 0 -1 0
    outer loop
      vertex 156.758 0 75.8372
      vertex 160.057 0 75.8425
      vertex 156.604 0 76.2948
    endloop
  endfacet
  facet normal 0 -1 0
    outer loop
      vertex 158.402 0 74.7733
      vertex 160.057 0 75.8425
      vertex 156.758 0 75.8372
    endloop
  endfacet
  facet normal 0 -1 0
    outer loop
      vertex 158.402 0 74.7733
      vertex 156.758 0 75.8372
      vertex 156.974 0 75.4568
    endloop
  endfacet
  facet normal 0 -1 0
    outer loop
      vertex 160.057 0 75.8425
      vertex 158.402 0 74.7733
      vertex 159.838 0 75.4609
    endloop
  endfacet
  facet normal 0 -1 0
    outer loop
      vertex 157.962 0 74.816
      vertex 156.974 0 75.4568
      vertex 157.247 0 75.1578
    endloop
  endfacet
  facet normal -0 -1 0
    outer loop
      vertex 158.842 0 74.8163
      vertex 159.838 0 75.4609
      vertex 158.402 0 74.7733
    endloop
  endfacet
  facet normal 0 -1 0
    outer loop
      vertex 157.962 0 74.816
      vertex 157.247 0 75.1578
      vertex 157.577 0 74.9442
    endloop
  endfacet
  facet normal 0 -1 0
    outer loop
      vertex 159.838 0 75.4609
      vertex 158.842 0 74.8163
      vertex 159.561 0 75.1601
    endloop
  endfacet
  facet normal 0 -1 0
    outer loop
      vertex 156.974 0 75.4568
      vertex 157.962 0 74.816
      vertex 158.402 0 74.7733
    endloop
  endfacet
  facet normal 0 -1 0
    outer loop
      vertex 159.561 0 75.1601
      vertex 158.842 0 74.8163
      vertex 159.229 0 74.9452
    endloop
  endfacet
  facet normal 0 -1 0
    outer loop
      vertex 125.678 0 74.5967
      vertex 123.929 0 76.4475
      vertex 123.959 0 76.0518
    endloop
  endfacet
  facet normal 0 -1 0
    outer loop
      vertex 123.929 0 76.4475
      vertex 127.623 0 76.0253
      vertex 127.713 0 76.4475
    endloop
  endfacet
  facet normal 0 -1 0
    outer loop
      vertex 125.678 0 74.5967
      vertex 123.959 0 76.0518
      vertex 124.05 0 75.6964
    endloop
  endfacet
  facet normal 0 -1 0
    outer loop
      vertex 123.929 0 76.4475
      vertex 127.483 0 75.6556
      vertex 127.623 0 76.0253
    endloop
  endfacet
  facet normal 0 -1 0
    outer loop
      vertex 125.306 0 74.6285
      vertex 124.05 0 75.6964
      vertex 124.201 0 75.3812
    endloop
  endfacet
  facet normal 0 -1 0
    outer loop
      vertex 123.929 0 76.4475
      vertex 126.082 0 74.6265
      vertex 127.483 0 75.6556
    endloop
  endfacet
  facet normal 0 -1 0
    outer loop
      vertex 125.306 0 74.6285
      vertex 124.201 0 75.3812
      vertex 124.413 0 75.1063
    endloop
  endfacet
  facet normal 0 -1 0
    outer loop
      vertex 127.483 0 75.6556
      vertex 126.082 0 74.6265
      vertex 127.293 0 75.3384
    endloop
  endfacet
  facet normal 0 -1 0
    outer loop
      vertex 125.306 0 74.6285
      vertex 124.413 0 75.1063
      vertex 124.674 0 74.8833
    endloop
  endfacet
  facet normal -0 -1 0
    outer loop
      vertex 126.445 0 74.7159
      vertex 127.293 0 75.3384
      vertex 126.082 0 74.6265
    endloop
  endfacet
  facet normal 0 -1 0
    outer loop
      vertex 125.306 0 74.6285
      vertex 124.674 0 74.8833
      vertex 124.971 0 74.7241
    endloop
  endfacet
  facet normal 0 -1 0
    outer loop
      vertex 127.293 0 75.3384
      vertex 126.445 0 74.7159
      vertex 127.054 0 75.0737
    endloop
  endfacet
  facet normal 0 -1 0
    outer loop
      vertex 124.05 0 75.6964
      vertex 125.306 0 74.6285
      vertex 125.678 0 74.5967
    endloop
  endfacet
  facet normal 0 -1 0
    outer loop
      vertex 127.054 0 75.0737
      vertex 126.445 0 74.7159
      vertex 126.769 0 74.865
    endloop
  endfacet
  facet normal 0 -1 0
    outer loop
      vertex 123.929 0 76.4475
      vertex 125.678 0 74.5967
      vertex 126.082 0 74.6265
    endloop
  endfacet
  facet normal 0 -1 0
    outer loop
      vertex 69.4433 0 74.5967
      vertex 67.6938 0 76.4475
      vertex 67.724 0 76.0518
    endloop
  endfacet
  facet normal 0 -1 0
    outer loop
      vertex 67.6938 0 76.4475
      vertex 71.3877 0 76.0253
      vertex 71.4777 0 76.4475
    endloop
  endfacet
  facet normal 0 -1 0
    outer loop
      vertex 69.4433 0 74.5967
      vertex 67.724 0 76.0518
      vertex 67.8148 0 75.6964
    endloop
  endfacet
  facet normal 0 -1 0
    outer loop
      vertex 67.6938 0 76.4475
      vertex 71.2478 0 75.6556
      vertex 71.3877 0 76.0253
    endloop
  endfacet
  facet normal 0 -1 0
    outer loop
      vertex 69.0713 0 74.6285
      vertex 67.8148 0 75.6964
      vertex 67.9661 0 75.3812
    endloop
  endfacet
  facet normal 0 -1 0
    outer loop
      vertex 67.6938 0 76.4475
      vertex 69.8466 0 74.6265
      vertex 71.2478 0 75.6556
    endloop
  endfacet
  facet normal 0 -1 0
    outer loop
      vertex 69.0713 0 74.6285
      vertex 67.9661 0 75.3812
      vertex 68.1779 0 75.1063
    endloop
  endfacet
  facet normal 0 -1 0
    outer loop
      vertex 71.2478 0 75.6556
      vertex 69.8466 0 74.6265
      vertex 71.0581 0 75.3384
    endloop
  endfacet
  facet normal 0 -1 0
    outer loop
      vertex 69.0713 0 74.6285
      vertex 68.1779 0 75.1063
      vertex 68.4386 0 74.8833
    endloop
  endfacet
  facet normal -0 -1 0
    outer loop
      vertex 70.2103 0 74.7159
      vertex 71.0581 0 75.3384
      vertex 69.8466 0 74.6265
    endloop
  endfacet
  facet normal 0 -1 0
    outer loop
      vertex 69.0713 0 74.6285
      vertex 68.4386 0 74.8833
      vertex 68.7364 0 74.7241
    endloop
  endfacet
  facet normal 0 -1 0
    outer loop
      vertex 71.0581 0 75.3384
      vertex 70.2103 0 74.7159
      vertex 70.8186 0 75.0737
    endloop
  endfacet
  facet normal 0 -1 0
    outer loop
      vertex 67.8148 0 75.6964
      vertex 69.0713 0 74.6285
      vertex 69.4433 0 74.5967
    endloop
  endfacet
  facet normal 0 -1 0
    outer loop
      vertex 70.8186 0 75.0737
      vertex 70.2103 0 74.7159
      vertex 70.5342 0 74.865
    endloop
  endfacet
  facet normal 0 -1 0
    outer loop
      vertex 67.6938 0 76.4475
      vertex 69.4433 0 74.5967
      vertex 69.8466 0 74.6265
    endloop
  endfacet
  facet normal 0 -1 0
    outer loop
      vertex 52.2215 0 74.5967
      vertex 50.4719 0 76.4475
      vertex 50.5021 0 76.0518
    endloop
  endfacet
  facet normal 0 -1 0
    outer loop
      vertex 50.4719 0 76.4475
      vertex 54.1658 0 76.0253
      vertex 54.2558 0 76.4475
    endloop
  endfacet
  facet normal 0 -1 0
    outer loop
      vertex 52.2215 0 74.5967
      vertex 50.5021 0 76.0518
      vertex 50.5929 0 75.6964
    endloop
  endfacet
  facet normal 0 -1 0
    outer loop
      vertex 50.4719 0 76.4475
      vertex 54.0259 0 75.6556
      vertex 54.1658 0 76.0253
    endloop
  endfacet
  facet normal 0 -1 0
    outer loop
      vertex 51.8494 0 74.6285
      vertex 50.5929 0 75.6964
      vertex 50.7442 0 75.3812
    endloop
  endfacet
  facet normal 0 -1 0
    outer loop
      vertex 50.4719 0 76.4475
      vertex 52.6248 0 74.6265
      vertex 54.0259 0 75.6556
    endloop
  endfacet
  facet normal 0 -1 0
    outer loop
      vertex 51.8494 0 74.6285
      vertex 50.7442 0 75.3812
      vertex 50.9561 0 75.1063
    endloop
  endfacet
  facet normal 0 -1 0
    outer loop
      vertex 54.0259 0 75.6556
      vertex 52.6248 0 74.6265
      vertex 53.8362 0 75.3384
    endloop
  endfacet
  facet normal 0 -1 0
    outer loop
      vertex 51.8494 0 74.6285
      vertex 50.9561 0 75.1063
      vertex 51.2167 0 74.8833
    endloop
  endfacet
  facet normal -0 -1 0
    outer loop
      vertex 52.9884 0 74.7159
      vertex 53.8362 0 75.3384
      vertex 52.6248 0 74.6265
    endloop
  endfacet
  facet normal 0 -1 0
    outer loop
      vertex 51.8494 0 74.6285
      vertex 51.2167 0 74.8833
      vertex 51.5145 0 74.7241
    endloop
  endfacet
  facet normal 0 -1 0
    outer loop
      vertex 53.8362 0 75.3384
      vertex 52.9884 0 74.7159
      vertex 53.5967 0 75.0737
    endloop
  endfacet
  facet normal 0 -1 0
    outer loop
      vertex 50.5929 0 75.6964
      vertex 51.8494 0 74.6285
      vertex 52.2215 0 74.5967
    endloop
  endfacet
  facet normal 0 -1 0
    outer loop
      vertex 53.5967 0 75.0737
      vertex 52.9884 0 74.7159
      vertex 53.3124 0 74.865
    endloop
  endfacet
  facet normal 0 -1 0
    outer loop
      vertex 50.4719 0 76.4475
      vertex 52.2215 0 74.5967
      vertex 52.6248 0 74.6265
    endloop
  endfacet
  facet normal 0 -1 0
    outer loop
      vertex 145.586 0 79.0666
      vertex 147.264 0 80.1493
      vertex 146.816 0 80.1058
    endloop
  endfacet
  facet normal 0 -1 0
    outer loop
      vertex 145.807 0 79.4532
      vertex 146.816 0 80.1058
      vertex 146.423 0 79.9753
    endloop
  endfacet
  facet normal 0 -1 0
    outer loop
      vertex 145.586 0 79.0666
      vertex 146.816 0 80.1058
      vertex 145.807 0 79.4532
    endloop
  endfacet
  facet normal 0 -1 0
    outer loop
      vertex 145.807 0 79.4532
      vertex 146.423 0 79.9753
      vertex 146.087 0 79.7577
    endloop
  endfacet
  facet normal 0 -1 0
    outer loop
      vertex 148.963 0 79.0666
      vertex 147.264 0 80.1493
      vertex 145.586 0 79.0666
    endloop
  endfacet
  facet normal 0 -1 0
    outer loop
      vertex 147.264 0 80.1493
      vertex 148.963 0 79.0666
      vertex 147.719 0 80.1058
    endloop
  endfacet
  facet normal 0 -1 0
    outer loop
      vertex 148.117 0 79.9753
      vertex 148.741 0 79.4532
      vertex 148.457 0 79.7577
    endloop
  endfacet
  facet normal 0 -1 0
    outer loop
      vertex 147.719 0 80.1058
      vertex 148.741 0 79.4532
      vertex 148.117 0 79.9753
    endloop
  endfacet
  facet normal 0 -1 0
    outer loop
      vertex 147.719 0 80.1058
      vertex 148.963 0 79.0666
      vertex 148.741 0 79.4532
    endloop
  endfacet
  facet normal 0 -1 0
    outer loop
      vertex 145.429 0 78.6032
      vertex 148.963 0 79.0666
      vertex 145.586 0 79.0666
    endloop
  endfacet
  facet normal 0 -1 0
    outer loop
      vertex 145.429 0 78.6032
      vertex 149.122 0 78.6032
      vertex 148.963 0 79.0666
    endloop
  endfacet
  facet normal 0 -1 0
    outer loop
      vertex 145.334 0 78.063
      vertex 149.122 0 78.6032
      vertex 145.429 0 78.6032
    endloop
  endfacet
  facet normal 0 -1 0
    outer loop
      vertex 145.334 0 78.063
      vertex 149.217 0 78.063
      vertex 149.122 0 78.6032
    endloop
  endfacet
  facet normal 0 -1 0
    outer loop
      vertex 145.302 0 77.446
      vertex 149.217 0 78.063
      vertex 145.334 0 78.063
    endloop
  endfacet
  facet normal 0 -1 0
    outer loop
      vertex 145.302 0 77.446
      vertex 149.249 0 77.446
      vertex 149.217 0 78.063
    endloop
  endfacet
  facet normal 0 -1 0
    outer loop
      vertex 145.334 0 76.8289
      vertex 149.249 0 77.446
      vertex 145.302 0 77.446
    endloop
  endfacet
  facet normal 0 -1 0
    outer loop
      vertex 145.334 0 76.8289
      vertex 149.217 0 76.8289
      vertex 149.249 0 77.446
    endloop
  endfacet
  facet normal 0 -1 0
    outer loop
      vertex 145.429 0 76.2887
      vertex 149.217 0 76.8289
      vertex 145.334 0 76.8289
    endloop
  endfacet
  facet normal 0 -1 0
    outer loop
      vertex 145.429 0 76.2887
      vertex 149.122 0 76.2887
      vertex 149.217 0 76.8289
    endloop
  endfacet
  facet normal 0 -1 0
    outer loop
      vertex 145.586 0 75.8253
      vertex 149.122 0 76.2887
      vertex 145.429 0 76.2887
    endloop
  endfacet
  facet normal 0 -1 0
    outer loop
      vertex 145.586 0 75.8253
      vertex 148.963 0 75.8253
      vertex 149.122 0 76.2887
    endloop
  endfacet
  facet normal 0 -1 0
    outer loop
      vertex 147.264 0 74.7426
      vertex 145.586 0 75.8253
      vertex 145.807 0 75.4388
    endloop
  endfacet
  facet normal 0 -1 0
    outer loop
      vertex 145.586 0 75.8253
      vertex 147.264 0 74.7426
      vertex 148.963 0 75.8253
    endloop
  endfacet
  facet normal 0 -1 0
    outer loop
      vertex 146.816 0 74.7861
      vertex 145.807 0 75.4388
      vertex 146.087 0 75.1342
    endloop
  endfacet
  facet normal 0 -1 0
    outer loop
      vertex 148.963 0 75.8253
      vertex 147.264 0 74.7426
      vertex 148.741 0 75.4388
    endloop
  endfacet
  facet normal 0 -1 0
    outer loop
      vertex 146.816 0 74.7861
      vertex 146.087 0 75.1342
      vertex 146.423 0 74.9166
    endloop
  endfacet
  facet normal -0 -1 0
    outer loop
      vertex 147.719 0 74.7861
      vertex 148.741 0 75.4388
      vertex 147.264 0 74.7426
    endloop
  endfacet
  facet normal 0 -1 0
    outer loop
      vertex 145.807 0 75.4388
      vertex 146.816 0 74.7861
      vertex 147.264 0 74.7426
    endloop
  endfacet
  facet normal 0 -1 0
    outer loop
      vertex 148.741 0 75.4388
      vertex 147.719 0 74.7861
      vertex 148.457 0 75.1342
    endloop
  endfacet
  facet normal 0 -1 0
    outer loop
      vertex 148.457 0 75.1342
      vertex 147.719 0 74.7861
      vertex 148.117 0 74.9166
    endloop
  endfacet
  facet normal 0 -1 0
    outer loop
      vertex 135.219 -0.799999 77.06
      vertex 133.95 -0.799999 81.9925
      vertex 130.418 -0.799999 81.9925
    endloop
  endfacet
  facet normal 0 -1 0
    outer loop
      vertex 133.95 -0.799999 81.9925
      vertex 135.219 -0.799999 77.06
      vertex 137.506 -0.799999 78.1914
    endloop
  endfacet
  facet normal 0 -1 0
    outer loop
      vertex 137.506 -0.799999 78.1914
      vertex 140.419 -0.799999 81.9925
      vertex 137.506 -0.799999 81.9925
    endloop
  endfacet
  facet normal 0 -1 0
    outer loop
      vertex 137.506 -0.799999 76.2217
      vertex 137.506 -0.799999 78.1914
      vertex 135.219 -0.799999 77.06
    endloop
  endfacet
  facet normal 0 -1 0
    outer loop
      vertex 137.506 -0.799999 76.2217
      vertex 140.419 -0.799999 81.9925
      vertex 137.506 -0.799999 78.1914
    endloop
  endfacet
  facet normal 0 -1 0
    outer loop
      vertex 140.419 -0.799999 69.3282
      vertex 137.506 -0.799999 76.2217
      vertex 137.506 -0.799999 69.3282
    endloop
  endfacet
  facet normal 0 -1 0
    outer loop
      vertex 137.506 -0.799999 76.2217
      vertex 140.419 -0.799999 69.3282
      vertex 140.419 -0.799999 81.9925
    endloop
  endfacet
  facet normal 0 -1 0
    outer loop
      vertex 134.153 -0.799999 72.8763
      vertex 135.219 -0.799999 77.06
      vertex 130.768 -0.799999 72.8763
    endloop
  endfacet
  facet normal 0 -1 -0
    outer loop
      vertex 135.219 -0.799999 77.06
      vertex 134.153 -0.799999 72.8763
      vertex 137.506 -0.799999 76.2217
    endloop
  endfacet
  facet normal 0 -1 0
    outer loop
      vertex 76.3174 -0.799999 81.9925
      vertex 79.2469 -0.799999 80.6792
      vertex 79.2469 -0.799999 81.9925
    endloop
  endfacet
  facet normal 0 -1 -0
    outer loop
      vertex 83.0542 -0.799999 82.1469
      vertex 82.314 -0.799999 79.7265
      vertex 83.7835 -0.799999 81.896
    endloop
  endfacet
  facet normal 0 -1 0
    outer loop
      vertex 79.5556 -0.799999 81.0544
      vertex 80.7271 -0.799999 80.0682
      vertex 81.1673 -0.799999 80.1109
    endloop
  endfacet
  facet normal 0 -1 0
    outer loop
      vertex 79.5556 -0.799999 81.0544
      vertex 80.3424 -0.799999 79.94
      vertex 80.7271 -0.799999 80.0682
    endloop
  endfacet
  facet normal 0 -1 0
    outer loop
      vertex 79.3699 -0.799999 78.5894
      vertex 79.2469 -0.799999 80.6792
      vertex 76.3174 -0.799999 81.9925
    endloop
  endfacet
  facet normal 0 -1 0
    outer loop
      vertex 79.2469 -0.799999 80.6792
      vertex 80.0131 -0.799999 79.7265
      vertex 80.3424 -0.799999 79.94
    endloop
  endfacet
  facet normal 0 -1 0
    outer loop
      vertex 79.2469 -0.799999 80.6792
      vertex 79.7392 -0.799999 79.4275
      vertex 80.0131 -0.799999 79.7265
    endloop
  endfacet
  facet normal 0 -1 0
    outer loop
      vertex 79.2469 -0.799999 80.6792
      vertex 79.5238 -0.799999 79.0471
      vertex 79.7392 -0.799999 79.4275
    endloop
  endfacet
  facet normal 0 -1 0
    outer loop
      vertex 79.2469 -0.799999 80.6792
      vertex 79.3699 -0.799999 78.5894
      vertex 79.5238 -0.799999 79.0471
    endloop
  endfacet
  facet normal 0 -1 0
    outer loop
      vertex 76.3174 -0.799999 81.9925
      vertex 79.2776 -0.799999 78.0544
      vertex 79.3699 -0.799999 78.5894
    endloop
  endfacet
  facet normal 0 -1 0
    outer loop
      vertex 76.3174 -0.799999 81.9925
      vertex 79.2469 -0.799999 77.4421
      vertex 79.2776 -0.799999 78.0544
    endloop
  endfacet
  facet normal 0 -1 0
    outer loop
      vertex 76.3174 -0.799999 81.9925
      vertex 79.2776 -0.799999 76.8298
      vertex 79.2469 -0.799999 77.4421
    endloop
  endfacet
  facet normal 0 -1 0
    outer loop
      vertex 79.2469 -0.799999 74.2127
      vertex 79.2776 -0.799999 76.8298
      vertex 76.3174 -0.799999 81.9925
    endloop
  endfacet
  facet normal 0 -1 -0
    outer loop
      vertex 79.2776 -0.799999 76.8298
      vertex 79.2469 -0.799999 74.2127
      vertex 79.3699 -0.799999 76.2948
    endloop
  endfacet
  facet normal 0 -1 0
    outer loop
      vertex 80.2211 -0.799999 73.254
      vertex 80.7271 -0.799999 74.816
      vertex 79.8806 -0.799999 73.5213
    endloop
  endfacet
  facet normal 0 -1 0
    outer loop
      vertex 79.8806 -0.799999 73.5213
      vertex 80.3424 -0.799999 74.9442
      vertex 79.5558 -0.799999 73.8408
    endloop
  endfacet
  facet normal 0 -1 0
    outer loop
      vertex 79.5558 -0.799999 73.8408
      vertex 80.3424 -0.799999 74.9442
      vertex 79.2469 -0.799999 74.2127
    endloop
  endfacet
  facet normal 0 -1 -0
    outer loop
      vertex 80.0131 -0.799999 75.1578
      vertex 79.2469 -0.799999 74.2127
      vertex 80.3424 -0.799999 74.9442
    endloop
  endfacet
  facet normal 0 -1 -0
    outer loop
      vertex 79.7392 -0.799999 75.4568
      vertex 79.2469 -0.799999 74.2127
      vertex 80.0131 -0.799999 75.1578
    endloop
  endfacet
  facet normal 0 -1 -0
    outer loop
      vertex 79.5238 -0.799999 75.8372
      vertex 79.2469 -0.799999 74.2127
      vertex 79.7392 -0.799999 75.4568
    endloop
  endfacet
  facet normal 0 -1 -0
    outer loop
      vertex 79.3699 -0.799999 76.2948
      vertex 79.2469 -0.799999 74.2127
      vertex 79.5238 -0.799999 75.8372
    endloop
  endfacet
  facet normal 0 -1 0
    outer loop
      vertex 76.3174 -0.799999 69.3282
      vertex 79.2469 -0.799999 74.2127
      vertex 76.3174 -0.799999 81.9925
    endloop
  endfacet
  facet normal 0 -1 -0
    outer loop
      vertex 79.2469 -0.799999 74.2127
      vertex 76.3174 -0.799999 69.3282
      vertex 79.2469 -0.799999 69.3282
    endloop
  endfacet
  facet normal 0 -1 0
    outer loop
      vertex 81.3545 -0.799999 82.1372
      vertex 81.604 -0.799999 80.0682
      vertex 81.7878 -0.799999 82.2072
    endloop
  endfacet
  facet normal 0 -1 0
    outer loop
      vertex 80.9497 -0.799999 82.0204
      vertex 81.1673 -0.799999 80.1109
      vertex 81.3545 -0.799999 82.1372
    endloop
  endfacet
  facet normal 0 -1 0
    outer loop
      vertex 80.5733 -0.799999 81.857
      vertex 81.1673 -0.799999 80.1109
      vertex 80.9497 -0.799999 82.0204
    endloop
  endfacet
  facet normal 0 -1 0
    outer loop
      vertex 81.1673 -0.799999 80.1109
      vertex 80.2188 -0.799999 81.6433
      vertex 79.8795 -0.799999 81.3757
    endloop
  endfacet
  facet normal 0 -1 0
    outer loop
      vertex 81.1673 -0.799999 80.1109
      vertex 80.5733 -0.799999 81.857
      vertex 80.2188 -0.799999 81.6433
    endloop
  endfacet
  facet normal 0 -1 0
    outer loop
      vertex 81.1673 -0.799999 80.1109
      vertex 79.8795 -0.799999 81.3757
      vertex 79.5556 -0.799999 81.0544
    endloop
  endfacet
  facet normal 0 -1 0
    outer loop
      vertex 81.9862 -0.799999 79.94
      vertex 82.2496 -0.799999 82.2306
      vertex 81.604 -0.799999 80.0682
    endloop
  endfacet
  facet normal 0 -1 -0
    outer loop
      vertex 81.7878 -0.799999 82.2072
      vertex 81.604 -0.799999 80.0682
      vertex 82.2496 -0.799999 82.2306
    endloop
  endfacet
  facet normal 0 -1 0
    outer loop
      vertex 81.604 -0.799999 80.0682
      vertex 81.3545 -0.799999 82.1372
      vertex 81.1673 -0.799999 80.1109
    endloop
  endfacet
  facet normal 0 -1 -0
    outer loop
      vertex 82.2496 -0.799999 82.2306
      vertex 81.9862 -0.799999 79.94
      vertex 83.0542 -0.799999 82.1469
    endloop
  endfacet
  facet normal 0 -1 0
    outer loop
      vertex 80.3424 -0.799999 79.94
      vertex 79.5556 -0.799999 81.0544
      vertex 79.2469 -0.799999 80.6792
    endloop
  endfacet
  facet normal 0 -1 0
    outer loop
      vertex 82.314 -0.799999 79.7265
      vertex 83.0542 -0.799999 82.1469
      vertex 81.9862 -0.799999 79.94
    endloop
  endfacet
  facet normal 0 -1 -0
    outer loop
      vertex 83.7835 -0.799999 81.896
      vertex 82.314 -0.799999 79.7265
      vertex 84.4376 -0.799999 81.4777
    endloop
  endfacet
  facet normal 0 -1 0
    outer loop
      vertex 82.5874 -0.799999 79.4275
      vertex 84.4376 -0.799999 81.4777
      vertex 82.314 -0.799999 79.7265
    endloop
  endfacet
  facet normal 0 -1 -0
    outer loop
      vertex 84.4376 -0.799999 81.4777
      vertex 82.5874 -0.799999 79.4275
      vertex 85.0163 -0.799999 80.8921
    endloop
  endfacet
  facet normal 0 -1 0
    outer loop
      vertex 82.8028 -0.799999 79.0471
      vertex 85.0163 -0.799999 80.8921
      vertex 82.5874 -0.799999 79.4275
    endloop
  endfacet
  facet normal 0 -1 -0
    outer loop
      vertex 85.0163 -0.799999 80.8921
      vertex 82.8028 -0.799999 79.0471
      vertex 85.4898 -0.799999 80.1747
    endloop
  endfacet
  facet normal 0 -1 0
    outer loop
      vertex 82.9566 -0.799999 78.5894
      vertex 85.4898 -0.799999 80.1747
      vertex 82.8028 -0.799999 79.0471
    endloop
  endfacet
  facet normal 0 -1 -0
    outer loop
      vertex 85.4898 -0.799999 80.1747
      vertex 82.9566 -0.799999 78.5894
      vertex 85.828 -0.799999 79.3613
    endloop
  endfacet
  facet normal 0 -1 0
    outer loop
      vertex 82.9566 -0.799999 78.5894
      vertex 86.031 -0.799999 78.4516
      vertex 85.828 -0.799999 79.3613
    endloop
  endfacet
  facet normal 0 -1 0
    outer loop
      vertex 83.0489 -0.799999 78.0544
      vertex 86.031 -0.799999 78.4516
      vertex 82.9566 -0.799999 78.5894
    endloop
  endfacet
  facet normal 0 -1 0
    outer loop
      vertex 83.0489 -0.799999 78.0544
      vertex 86.0986 -0.799999 77.446
      vertex 86.031 -0.799999 78.4516
    endloop
  endfacet
  facet normal 0 -1 0
    outer loop
      vertex 83.0797 -0.799999 77.4421
      vertex 86.0986 -0.799999 77.446
      vertex 83.0489 -0.799999 78.0544
    endloop
  endfacet
  facet normal 0 -1 0
    outer loop
      vertex 83.0489 -0.799999 76.8298
      vertex 86.0986 -0.799999 77.446
      vertex 83.0797 -0.799999 77.4421
    endloop
  endfacet
  facet normal 0 -1 0
    outer loop
      vertex 83.0489 -0.799999 76.8298
      vertex 86.031 -0.799999 76.4402
      vertex 86.0986 -0.799999 77.446
    endloop
  endfacet
  facet normal 0 -1 0
    outer loop
      vertex 82.9566 -0.799999 76.2948
      vertex 86.031 -0.799999 76.4402
      vertex 83.0489 -0.799999 76.8298
    endloop
  endfacet
  facet normal 0 -1 0
    outer loop
      vertex 85.4898 -0.799999 74.7172
      vertex 82.9566 -0.799999 76.2948
      vertex 82.8028 -0.799999 75.8372
    endloop
  endfacet
  facet normal 0 -1 0
    outer loop
      vertex 82.9566 -0.799999 76.2948
      vertex 85.828 -0.799999 75.5307
      vertex 86.031 -0.799999 76.4402
    endloop
  endfacet
  facet normal 0 -1 0
    outer loop
      vertex 85.4898 -0.799999 74.7172
      vertex 82.8028 -0.799999 75.8372
      vertex 82.5874 -0.799999 75.4568
    endloop
  endfacet
  facet normal 0 -1 0
    outer loop
      vertex 85.4898 -0.799999 74.7172
      vertex 82.5874 -0.799999 75.4568
      vertex 82.314 -0.799999 75.1578
    endloop
  endfacet
  facet normal 0 -1 0
    outer loop
      vertex 85.4898 -0.799999 74.7172
      vertex 82.314 -0.799999 75.1578
      vertex 81.9862 -0.799999 74.9442
    endloop
  endfacet
  facet normal 0 -1 0
    outer loop
      vertex 85.4898 -0.799999 74.7172
      vertex 81.9862 -0.799999 74.9442
      vertex 81.604 -0.799999 74.816
    endloop
  endfacet
  facet normal 0 -1 0
    outer loop
      vertex 82.9566 -0.799999 76.2948
      vertex 85.4898 -0.799999 74.7172
      vertex 85.828 -0.799999 75.5307
    endloop
  endfacet
  facet normal 0 -1 -0
    outer loop
      vertex 80.3424 -0.799999 74.9442
      vertex 79.8806 -0.799999 73.5213
      vertex 80.7271 -0.799999 74.816
    endloop
  endfacet
  facet normal 0 -1 0
    outer loop
      vertex 81.604 -0.799999 74.816
      vertex 85.0163 -0.799999 73.9999
      vertex 85.4898 -0.799999 74.7172
    endloop
  endfacet
  facet normal 0 -1 -0
    outer loop
      vertex 80.7271 -0.799999 74.816
      vertex 80.2211 -0.799999 73.254
      vertex 81.1673 -0.799999 74.7733
    endloop
  endfacet
  facet normal 0 -1 0
    outer loop
      vertex 80.5774 -0.799999 73.0391
      vertex 81.1673 -0.799999 74.7733
      vertex 80.2211 -0.799999 73.254
    endloop
  endfacet
  facet normal 0 -1 0
    outer loop
      vertex 82.2496 -0.799999 72.6613
      vertex 81.604 -0.799999 74.816
      vertex 81.7911 -0.799999 72.6849
    endloop
  endfacet
  facet normal 0 -1 0
    outer loop
      vertex 80.955 -0.799999 72.8738
      vertex 81.1673 -0.799999 74.7733
      vertex 80.5774 -0.799999 73.0391
    endloop
  endfacet
  facet normal 0 -1 0
    outer loop
      vertex 81.3596 -0.799999 72.7558
      vertex 81.1673 -0.799999 74.7733
      vertex 80.955 -0.799999 72.8738
    endloop
  endfacet
  facet normal -0 -1 0
    outer loop
      vertex 83.0542 -0.799999 72.745
      vertex 81.604 -0.799999 74.816
      vertex 82.2496 -0.799999 72.6613
    endloop
  endfacet
  facet normal 0 -1 0
    outer loop
      vertex 81.1673 -0.799999 74.7733
      vertex 81.3596 -0.799999 72.7558
      vertex 81.604 -0.799999 74.816
    endloop
  endfacet
  facet normal 0 -1 -0
    outer loop
      vertex 81.604 -0.799999 74.816
      vertex 81.3596 -0.799999 72.7558
      vertex 81.7911 -0.799999 72.6849
    endloop
  endfacet
  facet normal 0 -1 0
    outer loop
      vertex 81.604 -0.799999 74.816
      vertex 84.4376 -0.799999 73.4143
      vertex 85.0163 -0.799999 73.9999
    endloop
  endfacet
  facet normal 0 -1 0
    outer loop
      vertex 81.604 -0.799999 74.816
      vertex 83.7835 -0.799999 72.996
      vertex 84.4376 -0.799999 73.4143
    endloop
  endfacet
  facet normal 0 -1 0
    outer loop
      vertex 81.604 -0.799999 74.816
      vertex 83.0542 -0.799999 72.745
      vertex 83.7835 -0.799999 72.996
    endloop
  endfacet
  facet normal 0 -1 0
    outer loop
      vertex 109.056 -0.799999 70.2882
      vertex 111.969 -0.799999 72.8763
      vertex 109.056 -0.799999 72.8763
    endloop
  endfacet
  facet normal 0 -1 -0
    outer loop
      vertex 111.969 -0.799999 72.8763
      vertex 109.056 -0.799999 70.2882
      vertex 111.969 -0.799999 70.2882
    endloop
  endfacet
  facet normal 0 -1 0
    outer loop
      vertex 109.056 -0.799999 72.8763
      vertex 109.056 -0.799999 74.9576
      vertex 106.054 -0.799999 74.9576
    endloop
  endfacet
  facet normal 0 -1 0
    outer loop
      vertex 109.056 -0.799999 74.9576
      vertex 109.056 -0.799999 72.8763
      vertex 111.969 -0.799999 74.9576
    endloop
  endfacet
  facet normal 0 -1 0
    outer loop
      vertex 109.056 -0.799999 72.8763
      vertex 106.054 -0.799999 74.9576
      vertex 106.054 -0.799999 72.8763
    endloop
  endfacet
  facet normal 0 -1 0
    outer loop
      vertex 111.969 -0.799999 72.8763
      vertex 111.969 -0.799999 74.9576
      vertex 109.056 -0.799999 72.8763
    endloop
  endfacet
  facet normal 0 -1 0
    outer loop
      vertex 111.969 -0.799999 74.9576
      vertex 111.969 -0.799999 72.8763
      vertex 113.418 -0.799999 74.9576
    endloop
  endfacet
  facet normal 0 -1 -0
    outer loop
      vertex 113.418 -0.799999 74.9576
      vertex 111.969 -0.799999 72.8763
      vertex 113.418 -0.799999 72.8763
    endloop
  endfacet
  facet normal 0 -1 0
    outer loop
      vertex 107.803 -0.799999 79.9112
      vertex 108.804 -0.799999 81.9925
      vertex 106.306 -0.799999 81.9925
    endloop
  endfacet
  facet normal 0 -1 0
    outer loop
      vertex 108.146 -0.799999 79.8972
      vertex 108.804 -0.799999 81.9925
      vertex 107.803 -0.799999 79.9112
    endloop
  endfacet
  facet normal 0 -1 0
    outer loop
      vertex 108.647 -0.799999 79.7852
      vertex 108.804 -0.799999 81.9925
      vertex 108.428 -0.799999 79.8552
    endloop
  endfacet
  facet normal 0 -1 -0
    outer loop
      vertex 108.804 -0.799999 81.9925
      vertex 108.647 -0.799999 79.7852
      vertex 109.604 -0.799999 81.9475
    endloop
  endfacet
  facet normal 0 -1 -0
    outer loop
      vertex 109.604 -0.799999 81.9475
      vertex 108.804 -0.799999 79.6872
      vertex 110.278 -0.799999 81.8125
    endloop
  endfacet
  facet normal 0 -1 0
    outer loop
      vertex 108.914 -0.799999 79.5494
      vertex 110.278 -0.799999 81.8125
      vertex 108.804 -0.799999 79.6872
    endloop
  endfacet
  facet normal 0 -1 0
    outer loop
      vertex 107.803 -0.799999 79.9112
      vertex 106.306 -0.799999 81.9925
      vertex 106.306 -0.799999 79.9112
    endloop
  endfacet
  facet normal 0 -1 0
    outer loop
      vertex 108.428 -0.799999 79.8552
      vertex 108.804 -0.799999 81.9925
      vertex 108.146 -0.799999 79.8972
    endloop
  endfacet
  facet normal 0 -1 0
    outer loop
      vertex 108.804 -0.799999 79.6872
      vertex 109.604 -0.799999 81.9475
      vertex 108.647 -0.799999 79.7852
    endloop
  endfacet
  facet normal 0 -1 -0
    outer loop
      vertex 110.278 -0.799999 81.8125
      vertex 108.914 -0.799999 79.5494
      vertex 110.826 -0.799999 81.5875
    endloop
  endfacet
  facet normal 0 -1 -0
    outer loop
      vertex 110.826 -0.799999 81.5875
      vertex 108.914 -0.799999 79.5494
      vertex 111.249 -0.799999 81.2725
    endloop
  endfacet
  facet normal 0 -1 -0
    outer loop
      vertex 111.249 -0.799999 81.2725
      vertex 108.914 -0.799999 79.5494
      vertex 111.564 -0.799999 80.8496
    endloop
  endfacet
  facet normal 0 -1 -0
    outer loop
      vertex 111.564 -0.799999 80.8496
      vertex 108.914 -0.799999 79.5494
      vertex 111.789 -0.799999 80.3012
    endloop
  endfacet
  facet normal 0 -1 0
    outer loop
      vertex 108.993 -0.799999 79.3603
      vertex 111.789 -0.799999 80.3012
      vertex 108.914 -0.799999 79.5494
    endloop
  endfacet
  facet normal 0 -1 -0
    outer loop
      vertex 111.789 -0.799999 80.3012
      vertex 108.993 -0.799999 79.3603
      vertex 111.924 -0.799999 79.6272
    endloop
  endfacet
  facet normal 0 -1 0
    outer loop
      vertex 109.04 -0.799999 79.1197
      vertex 111.924 -0.799999 79.6272
      vertex 108.993 -0.799999 79.3603
    endloop
  endfacet
  facet normal 0 -1 0
    outer loop
      vertex 111.969 -0.799999 78.8276
      vertex 109.04 -0.799999 79.1197
      vertex 109.056 -0.799999 78.8276
    endloop
  endfacet
  facet normal 0 -1 0
    outer loop
      vertex 109.04 -0.799999 79.1197
      vertex 111.969 -0.799999 78.8276
      vertex 111.924 -0.799999 79.6272
    endloop
  endfacet
  facet normal 0 -1 0
    outer loop
      vertex 109.056 -0.799999 74.9576
      vertex 111.969 -0.799999 78.8276
      vertex 109.056 -0.799999 78.8276
    endloop
  endfacet
  facet normal 0 -1 -0
    outer loop
      vertex 111.969 -0.799999 78.8276
      vertex 109.056 -0.799999 74.9576
      vertex 111.969 -0.799999 74.9576
    endloop
  endfacet
  facet normal 0 -1 0
    outer loop
      vertex 59.5275 -0.799999 78.8437
      vertex 62.4569 -0.799999 81.9925
      vertex 59.5275 -0.799999 81.9925
    endloop
  endfacet
  facet normal 0 -1 -0
    outer loop
      vertex 62.4569 -0.799999 81.9925
      vertex 59.5275 -0.799999 78.8437
      vertex 62.4569 -0.799999 78.8437
    endloop
  endfacet
  facet normal 0 -1 0
    outer loop
      vertex 64.7798 -0.799999 76.387
      vertex 67.6938 -0.799999 76.4475
      vertex 64.6992 -0.799999 77.4152
    endloop
  endfacet
  facet normal 0 -1 0
    outer loop
      vertex 65.0216 -0.799999 75.4677
      vertex 67.6938 -0.799999 76.4475
      vertex 64.7798 -0.799999 76.387
    endloop
  endfacet
  facet normal 0 -1 -0
    outer loop
      vertex 67.6938 -0.799999 76.4475
      vertex 65.0216 -0.799999 75.4677
      vertex 67.724 -0.799999 76.0518
    endloop
  endfacet
  facet normal 0 -1 0
    outer loop
      vertex 65.4246 -0.799999 74.6572
      vertex 67.724 -0.799999 76.0518
      vertex 65.0216 -0.799999 75.4677
    endloop
  endfacet
  facet normal 0 -1 -0
    outer loop
      vertex 67.724 -0.799999 76.0518
      vertex 65.4246 -0.799999 74.6572
      vertex 67.8148 -0.799999 75.6964
    endloop
  endfacet
  facet normal 0 -1 0
    outer loop
      vertex 65.9889 -0.799999 73.9556
      vertex 67.8148 -0.799999 75.6964
      vertex 65.4246 -0.799999 74.6572
    endloop
  endfacet
  facet normal 0 -1 -0
    outer loop
      vertex 67.8148 -0.799999 75.6964
      vertex 65.9889 -0.799999 73.9556
      vertex 67.9661 -0.799999 75.3812
    endloop
  endfacet
  facet normal 0 -1 0
    outer loop
      vertex 66.6875 -0.799999 73.3894
      vertex 67.9661 -0.799999 75.3812
      vertex 65.9889 -0.799999 73.9556
    endloop
  endfacet
  facet normal 0 -1 -0
    outer loop
      vertex 67.9661 -0.799999 75.3812
      vertex 66.6875 -0.799999 73.3894
      vertex 68.1779 -0.799999 75.1063
    endloop
  endfacet
  facet normal 0 -1 -0
    outer loop
      vertex 68.1779 -0.799999 75.1063
      vertex 66.6875 -0.799999 73.3894
      vertex 68.4386 -0.799999 74.8833
    endloop
  endfacet
  facet normal 0 -1 0
    outer loop
      vertex 67.4933 -0.799999 72.9849
      vertex 68.4386 -0.799999 74.8833
      vertex 66.6875 -0.799999 73.3894
    endloop
  endfacet
  facet normal 0 -1 -0
    outer loop
      vertex 68.4386 -0.799999 74.8833
      vertex 67.4933 -0.799999 72.9849
      vertex 68.7364 -0.799999 74.7241
    endloop
  endfacet
  facet normal 0 -1 0
    outer loop
      vertex 67.6938 -0.799999 76.4475
      vertex 71.5102 -0.799999 78.2447
      vertex 64.6992 -0.799999 78.2447
    endloop
  endfacet
  facet normal 0 -1 0
    outer loop
      vertex 67.6938 -0.799999 76.4475
      vertex 64.6992 -0.799999 78.2447
      vertex 64.6992 -0.799999 77.4152
    endloop
  endfacet
  facet normal 0 -1 0
    outer loop
      vertex 71.5102 -0.799999 78.2447
      vertex 67.6938 -0.799999 76.4475
      vertex 71.4777 -0.799999 76.4475
    endloop
  endfacet
  facet normal 0 -1 -0
    outer loop
      vertex 71.5102 -0.799999 78.2447
      vertex 71.4777 -0.799999 76.4475
      vertex 74.4803 -0.799999 77.446
    endloop
  endfacet
  facet normal 0 -1 0
    outer loop
      vertex 71.4777 -0.799999 76.4475
      vertex 74.3962 -0.799999 76.3907
      vertex 74.4803 -0.799999 77.446
    endloop
  endfacet
  facet normal 0 -1 0
    outer loop
      vertex 74.1437 -0.799999 75.4544
      vertex 71.4777 -0.799999 76.4475
      vertex 71.3877 -0.799999 76.0253
    endloop
  endfacet
  facet normal 0 -1 0
    outer loop
      vertex 73.7228 -0.799999 74.6371
      vertex 71.3877 -0.799999 76.0253
      vertex 71.2478 -0.799999 75.6556
    endloop
  endfacet
  facet normal 0 -1 0
    outer loop
      vertex 71.4777 -0.799999 76.4475
      vertex 74.1437 -0.799999 75.4544
      vertex 74.3962 -0.799999 76.3907
    endloop
  endfacet
  facet normal 0 -1 0
    outer loop
      vertex 73.1336 -0.799999 73.9388
      vertex 71.2478 -0.799999 75.6556
      vertex 71.0581 -0.799999 75.3384
    endloop
  endfacet
  facet normal 0 -1 0
    outer loop
      vertex 72.3969 -0.799999 73.3799
      vertex 71.0581 -0.799999 75.3384
      vertex 70.8186 -0.799999 75.0737
    endloop
  endfacet
  facet normal 0 -1 0
    outer loop
      vertex 71.5336 -0.799999 72.9807
      vertex 70.8186 -0.799999 75.0737
      vertex 70.5342 -0.799999 74.865
    endloop
  endfacet
  facet normal 0 -1 0
    outer loop
      vertex 71.5336 -0.799999 72.9807
      vertex 70.5342 -0.799999 74.865
      vertex 70.2103 -0.799999 74.7159
    endloop
  endfacet
  facet normal 0 -1 0
    outer loop
      vertex 71.3877 -0.799999 76.0253
      vertex 73.7228 -0.799999 74.6371
      vertex 74.1437 -0.799999 75.4544
    endloop
  endfacet
  facet normal 0 -1 0
    outer loop
      vertex 70.5436 -0.799999 72.7411
      vertex 70.2103 -0.799999 74.7159
      vertex 69.8466 -0.799999 74.6265
    endloop
  endfacet
  facet normal 0 -1 0
    outer loop
      vertex 69.427 -0.799999 72.6613
      vertex 69.8466 -0.799999 74.6265
      vertex 69.4433 -0.799999 74.5967
    endloop
  endfacet
  facet normal 0 -1 0
    outer loop
      vertex 68.4065 -0.799999 72.7422
      vertex 68.7364 -0.799999 74.7241
      vertex 67.4933 -0.799999 72.9849
    endloop
  endfacet
  facet normal 0 -1 -0
    outer loop
      vertex 69.8466 -0.799999 74.6265
      vertex 69.427 -0.799999 72.6613
      vertex 70.5436 -0.799999 72.7411
    endloop
  endfacet
  facet normal 0 -1 -0
    outer loop
      vertex 68.7364 -0.799999 74.7241
      vertex 68.4065 -0.799999 72.7422
      vertex 69.0713 -0.799999 74.6285
    endloop
  endfacet
  facet normal 0 -1 0
    outer loop
      vertex 70.2103 -0.799999 74.7159
      vertex 70.5436 -0.799999 72.7411
      vertex 71.5336 -0.799999 72.9807
    endloop
  endfacet
  facet normal 0 -1 0
    outer loop
      vertex 69.427 -0.799999 72.6613
      vertex 69.0713 -0.799999 74.6285
      vertex 68.4065 -0.799999 72.7422
    endloop
  endfacet
  facet normal 0 -1 0
    outer loop
      vertex 70.8186 -0.799999 75.0737
      vertex 71.5336 -0.799999 72.9807
      vertex 72.3969 -0.799999 73.3799
    endloop
  endfacet
  facet normal 0 -1 0
    outer loop
      vertex 69.0713 -0.799999 74.6285
      vertex 69.427 -0.799999 72.6613
      vertex 69.4433 -0.799999 74.5967
    endloop
  endfacet
  facet normal 0 -1 0
    outer loop
      vertex 71.2478 -0.799999 75.6556
      vertex 73.1336 -0.799999 73.9388
      vertex 73.7228 -0.799999 74.6371
    endloop
  endfacet
  facet normal 0 -1 0
    outer loop
      vertex 71.0581 -0.799999 75.3384
      vertex 72.3969 -0.799999 73.3799
      vertex 73.1336 -0.799999 73.9388
    endloop
  endfacet
  facet normal 0 -1 0
    outer loop
      vertex 68.5332 -0.799999 80.2782
      vertex 68.7475 -0.799999 82.2181
      vertex 68.2308 -0.799999 82.1806
    endloop
  endfacet
  facet normal 0 -1 0
    outer loop
      vertex 68.7475 -0.799999 82.2181
      vertex 68.9958 -0.799999 80.2952
      vertex 69.2643 -0.799999 82.2306
    endloop
  endfacet
  facet normal 0 -1 0
    outer loop
      vertex 68.065 -0.799999 80.2271
      vertex 68.2308 -0.799999 82.1806
      vertex 67.714 -0.799999 82.1182
    endloop
  endfacet
  facet normal 0 -1 0
    outer loop
      vertex 67.5913 -0.799999 80.1419
      vertex 67.714 -0.799999 82.1182
      vertex 67.1973 -0.799999 82.0308
    endloop
  endfacet
  facet normal 0 -1 0
    outer loop
      vertex 67.5913 -0.799999 80.1419
      vertex 67.1973 -0.799999 82.0308
      vertex 66.6806 -0.799999 81.9189
    endloop
  endfacet
  facet normal 0 -1 -0
    outer loop
      vertex 68.7475 -0.799999 82.2181
      vertex 68.5332 -0.799999 80.2782
      vertex 68.9958 -0.799999 80.2952
    endloop
  endfacet
  facet normal 0 -1 0
    outer loop
      vertex 67.112 -0.799999 80.0227
      vertex 66.6806 -0.799999 81.9189
      vertex 66.1639 -0.799999 81.7831
    endloop
  endfacet
  facet normal 0 -1 0
    outer loop
      vertex 66.6265 -0.799999 79.8689
      vertex 66.1639 -0.799999 81.7831
      vertex 65.6472 -0.799999 81.6233
    endloop
  endfacet
  facet normal 0 -1 0
    outer loop
      vertex 69.5339 -0.799999 80.2632
      vertex 69.2643 -0.799999 82.2306
      vertex 68.9958 -0.799999 80.2952
    endloop
  endfacet
  facet normal 0 -1 0
    outer loop
      vertex 66.1344 -0.799999 79.68
      vertex 65.6472 -0.799999 81.6233
      vertex 65.1304 -0.799999 81.4395
    endloop
  endfacet
  facet normal 0 -1 0
    outer loop
      vertex 70.0089 -0.799999 80.1671
      vertex 70.4323 -0.799999 82.152
      vertex 69.5339 -0.799999 80.2632
    endloop
  endfacet
  facet normal 0 -1 0
    outer loop
      vertex 70.4208 -0.799999 80.0069
      vertex 70.4323 -0.799999 82.152
      vertex 70.0089 -0.799999 80.1671
    endloop
  endfacet
  facet normal 0 -1 0
    outer loop
      vertex 69.2643 -0.799999 82.2306
      vertex 69.5339 -0.799999 80.2632
      vertex 70.4323 -0.799999 82.152
    endloop
  endfacet
  facet normal 0 -1 -0
    outer loop
      vertex 68.2308 -0.799999 82.1806
      vertex 68.065 -0.799999 80.2271
      vertex 68.5332 -0.799999 80.2782
    endloop
  endfacet
  facet normal 0 -1 -0
    outer loop
      vertex 67.714 -0.799999 82.1182
      vertex 67.5913 -0.799999 80.1419
      vertex 68.065 -0.799999 80.2271
    endloop
  endfacet
  facet normal 0 -1 0
    outer loop
      vertex 66.6806 -0.799999 81.9189
      vertex 67.112 -0.799999 80.0227
      vertex 67.5913 -0.799999 80.1419
    endloop
  endfacet
  facet normal 0 -1 0
    outer loop
      vertex 66.1639 -0.799999 81.7831
      vertex 66.6265 -0.799999 79.8689
      vertex 67.112 -0.799999 80.0227
    endloop
  endfacet
  facet normal 0 -1 0
    outer loop
      vertex 65.6472 -0.799999 81.6233
      vertex 66.1344 -0.799999 79.68
      vertex 66.6265 -0.799999 79.8689
    endloop
  endfacet
  facet normal 0 -1 0
    outer loop
      vertex 65.1304 -0.799999 81.4395
      vertex 65.6357 -0.799999 79.456
      vertex 66.1344 -0.799999 79.68
    endloop
  endfacet
  facet normal -0 -1 0
    outer loop
      vertex 65.6357 -0.799999 79.456
      vertex 65.1304 -0.799999 81.4395
      vertex 65.1304 -0.799999 79.197
    endloop
  endfacet
  facet normal 0 -1 -0
    outer loop
      vertex 70.4323 -0.799999 82.152
      vertex 70.4208 -0.799999 80.0069
      vertex 71.4624 -0.799999 81.9163
    endloop
  endfacet
  facet normal 0 -1 0
    outer loop
      vertex 70.7697 -0.799999 79.7826
      vertex 71.4624 -0.799999 81.9163
      vertex 70.4208 -0.799999 80.0069
    endloop
  endfacet
  facet normal 0 -1 -0
    outer loop
      vertex 71.4624 -0.799999 81.9163
      vertex 70.7697 -0.799999 79.7826
      vertex 72.3547 -0.799999 81.5234
    endloop
  endfacet
  facet normal 0 -1 0
    outer loop
      vertex 71.054 -0.799999 79.4942
      vertex 72.3547 -0.799999 81.5234
      vertex 70.7697 -0.799999 79.7826
    endloop
  endfacet
  facet normal 0 -1 -0
    outer loop
      vertex 72.3547 -0.799999 81.5234
      vertex 71.054 -0.799999 79.4942
      vertex 73.1092 -0.799999 80.9734
    endloop
  endfacet
  facet normal 0 -1 0
    outer loop
      vertex 71.2722 -0.799999 79.1418
      vertex 73.1092 -0.799999 80.9734
      vertex 71.054 -0.799999 79.4942
    endloop
  endfacet
  facet normal 0 -1 -0
    outer loop
      vertex 73.1092 -0.799999 80.9734
      vertex 71.2722 -0.799999 79.1418
      vertex 73.7091 -0.799999 80.2815
    endloop
  endfacet
  facet normal 0 -1 0
    outer loop
      vertex 71.4243 -0.799999 78.7253
      vertex 73.7091 -0.799999 80.2815
      vertex 71.2722 -0.799999 79.1418
    endloop
  endfacet
  facet normal 0 -1 -0
    outer loop
      vertex 73.7091 -0.799999 80.2815
      vertex 71.4243 -0.799999 78.7253
      vertex 74.1376 -0.799999 79.463
    endloop
  endfacet
  facet normal 0 -1 0
    outer loop
      vertex 71.5102 -0.799999 78.2447
      vertex 74.1376 -0.799999 79.463
      vertex 71.4243 -0.799999 78.7253
    endloop
  endfacet
  facet normal 0 -1 -0
    outer loop
      vertex 74.1376 -0.799999 79.463
      vertex 71.5102 -0.799999 78.2447
      vertex 74.3947 -0.799999 78.5178
    endloop
  endfacet
  facet normal 0 -1 -0
    outer loop
      vertex 74.3947 -0.799999 78.5178
      vertex 71.5102 -0.799999 78.2447
      vertex 74.4803 -0.799999 77.446
    endloop
  endfacet
  facet normal 0 -1 0
    outer loop
      vertex 87.8946 -0.799999 81.9925
      vertex 90.8322 -0.799999 80.6408
      vertex 90.8322 -0.799999 81.9925
    endloop
  endfacet
  facet normal 0 -1 -0
    outer loop
      vertex 94.6072 -0.799999 82.179
      vertex 93.8065 -0.799999 79.9825
      vertex 95.2152 -0.799999 82.0242
    endloop
  endfacet
  facet normal 0 -1 0
    outer loop
      vertex 91.1343 -0.799999 81.0283
      vertex 92.3824 -0.799999 80.2584
      vertex 92.777 -0.799999 80.2952
    endloop
  endfacet
  facet normal 0 -1 0
    outer loop
      vertex 91.1343 -0.799999 81.0283
      vertex 92.0202 -0.799999 80.148
      vertex 92.3824 -0.799999 80.2584
    endloop
  endfacet
  facet normal 0 -1 0
    outer loop
      vertex 91.1343 -0.799999 81.0283
      vertex 91.6907 -0.799999 79.964
      vertex 92.0202 -0.799999 80.148
    endloop
  endfacet
  facet normal 0 -1 0
    outer loop
      vertex 90.9725 -0.799999 79.0433
      vertex 90.8322 -0.799999 80.6408
      vertex 87.8946 -0.799999 81.9925
    endloop
  endfacet
  facet normal 0 -1 0
    outer loop
      vertex 90.8322 -0.799999 80.6408
      vertex 91.3937 -0.799999 79.7064
      vertex 91.6907 -0.799999 79.964
    endloop
  endfacet
  facet normal 0 -1 0
    outer loop
      vertex 90.8322 -0.799999 80.6408
      vertex 91.148 -0.799999 79.3934
      vertex 91.3937 -0.799999 79.7064
    endloop
  endfacet
  facet normal 0 -1 0
    outer loop
      vertex 90.8322 -0.799999 80.6408
      vertex 90.9725 -0.799999 79.0433
      vertex 91.148 -0.799999 79.3934
    endloop
  endfacet
  facet normal 0 -1 0
    outer loop
      vertex 87.8946 -0.799999 81.9925
      vertex 90.8673 -0.799999 78.6562
      vertex 90.9725 -0.799999 79.0433
    endloop
  endfacet
  facet normal 0 -1 0
    outer loop
      vertex 87.8946 -0.799999 76.799
      vertex 90.8673 -0.799999 78.6562
      vertex 87.8946 -0.799999 81.9925
    endloop
  endfacet
  facet normal 0 -1 0
    outer loop
      vertex 90.8673 -0.799999 78.6562
      vertex 87.8946 -0.799999 76.799
      vertex 90.8322 -0.799999 78.2321
    endloop
  endfacet
  facet normal 0 -1 0
    outer loop
      vertex 90.8322 -0.799999 76.1634
      vertex 92.3457 -0.799999 77.899
      vertex 90.8322 -0.799999 77.899
    endloop
  endfacet
  facet normal -0 -1 0
    outer loop
      vertex 95.3818 -0.799999 76.5843
      vertex 92.3457 -0.799999 77.899
      vertex 94.5948 -0.799999 76.3505
    endloop
  endfacet
  facet normal -0 -1 0
    outer loop
      vertex 96.0117 -0.799999 76.9117
      vertex 92.3457 -0.799999 77.899
      vertex 95.3818 -0.799999 76.5843
    endloop
  endfacet
  facet normal 0 -1 -0
    outer loop
      vertex 90.8322 -0.799999 78.2321
      vertex 87.8946 -0.799999 76.799
      vertex 90.8322 -0.799999 77.899
    endloop
  endfacet
  facet normal 0 -1 0
    outer loop
      vertex 90.8322 -0.799999 76.1634
      vertex 90.8322 -0.799999 77.899
      vertex 87.8946 -0.799999 76.799
    endloop
  endfacet
  facet normal 0 -1 0
    outer loop
      vertex 92.3457 -0.799999 77.899
      vertex 92.5493 -0.799999 76.1634
      vertex 93.6506 -0.799999 76.2102
    endloop
  endfacet
  facet normal 0 -1 0
    outer loop
      vertex 92.3457 -0.799999 77.899
      vertex 93.6506 -0.799999 76.2102
      vertex 94.5948 -0.799999 76.3505
    endloop
  endfacet
  facet normal 0 -1 0
    outer loop
      vertex 92.3457 -0.799999 77.899
      vertex 96.0117 -0.799999 76.9117
      vertex 96.8387 -0.799999 77.8734
    endloop
  endfacet
  facet normal 0 -1 -0
    outer loop
      vertex 92.3457 -0.799999 77.899
      vertex 90.8322 -0.799999 76.1634
      vertex 92.5493 -0.799999 76.1634
    endloop
  endfacet
  facet normal 0 -1 0
    outer loop
      vertex 87.963 -0.799999 75.7796
      vertex 90.8322 -0.799999 76.1634
      vertex 87.8946 -0.799999 76.799
    endloop
  endfacet
  facet normal 0 -1 -0
    outer loop
      vertex 90.8322 -0.799999 76.1634
      vertex 87.963 -0.799999 75.7796
      vertex 90.8322 -0.799999 75.9333
    endloop
  endfacet
  facet normal 0 -1 0
    outer loop
      vertex 88.1682 -0.799999 74.9124
      vertex 90.8322 -0.799999 75.9333
      vertex 87.963 -0.799999 75.7796
    endloop
  endfacet
  facet normal 0 -1 -0
    outer loop
      vertex 90.8322 -0.799999 75.9333
      vertex 88.1682 -0.799999 74.9124
      vertex 90.8663 -0.799999 75.6101
    endloop
  endfacet
  facet normal 0 -1 0
    outer loop
      vertex 88.5102 -0.799999 74.1974
      vertex 90.8663 -0.799999 75.6101
      vertex 88.1682 -0.799999 74.9124
    endloop
  endfacet
  facet normal 0 -1 -0
    outer loop
      vertex 90.8663 -0.799999 75.6101
      vertex 88.5102 -0.799999 74.1974
      vertex 90.9685 -0.799999 75.3333
    endloop
  endfacet
  facet normal 0 -1 0
    outer loop
      vertex 88.9891 -0.799999 73.6346
      vertex 90.9685 -0.799999 75.3333
      vertex 88.5102 -0.799999 74.1974
    endloop
  endfacet
  facet normal 0 -1 0
    outer loop
      vertex 89.6221 -0.799999 73.2088
      vertex 90.9685 -0.799999 75.3333
      vertex 88.9891 -0.799999 73.6346
    endloop
  endfacet
  facet normal 0 -1 -0
    outer loop
      vertex 90.9685 -0.799999 75.3333
      vertex 89.6221 -0.799999 73.2088
      vertex 91.1389 -0.799999 75.1028
    endloop
  endfacet
  facet normal 0 -1 0
    outer loop
      vertex 90.4264 -0.799999 72.9046
      vertex 91.1389 -0.799999 75.1028
      vertex 89.6221 -0.799999 73.2088
    endloop
  endfacet
  facet normal 0 -1 -0
    outer loop
      vertex 91.3775 -0.799999 74.9186
      vertex 90.4264 -0.799999 72.9046
      vertex 91.6882 -0.799999 74.7778
    endloop
  endfacet
  facet normal 0 -1 -0
    outer loop
      vertex 91.1389 -0.799999 75.1028
      vertex 90.4264 -0.799999 72.9046
      vertex 91.3775 -0.799999 74.9186
    endloop
  endfacet
  facet normal 0 -1 0
    outer loop
      vertex 92.9622 -0.799999 82.1358
      vertex 93.0885 -0.799999 80.2757
      vertex 93.4275 -0.799999 82.2069
    endloop
  endfacet
  facet normal 0 -1 0
    outer loop
      vertex 92.5365 -0.799999 82.0173
      vertex 92.777 -0.799999 80.2952
      vertex 92.9622 -0.799999 82.1358
    endloop
  endfacet
  facet normal 0 -1 0
    outer loop
      vertex 93.364 -0.799999 80.217
      vertex 93.4275 -0.799999 82.2069
      vertex 93.0885 -0.799999 80.2757
    endloop
  endfacet
  facet normal 0 -1 0
    outer loop
      vertex 92.1505 -0.799999 81.8515
      vertex 92.777 -0.799999 80.2952
      vertex 92.5365 -0.799999 82.0173
    endloop
  endfacet
  facet normal 0 -1 0
    outer loop
      vertex 91.7934 -0.799999 81.6337
      vertex 92.777 -0.799999 80.2952
      vertex 92.1505 -0.799999 81.8515
    endloop
  endfacet
  facet normal 0 -1 -0
    outer loop
      vertex 93.4275 -0.799999 82.2069
      vertex 93.364 -0.799999 80.217
      vertex 93.9325 -0.799999 82.2306
    endloop
  endfacet
  facet normal 0 -1 0
    outer loop
      vertex 92.777 -0.799999 80.2952
      vertex 91.7934 -0.799999 81.6337
      vertex 91.4547 -0.799999 81.3593
    endloop
  endfacet
  facet normal 0 -1 0
    outer loop
      vertex 93.6033 -0.799999 80.1193
      vertex 93.9325 -0.799999 82.2306
      vertex 93.364 -0.799999 80.217
    endloop
  endfacet
  facet normal 0 -1 0
    outer loop
      vertex 92.777 -0.799999 80.2952
      vertex 91.4547 -0.799999 81.3593
      vertex 91.1343 -0.799999 81.0283
    endloop
  endfacet
  facet normal 0 -1 0
    outer loop
      vertex 93.0885 -0.799999 80.2757
      vertex 92.9622 -0.799999 82.1358
      vertex 92.777 -0.799999 80.2952
    endloop
  endfacet
  facet normal 0 -1 -0
    outer loop
      vertex 93.9325 -0.799999 82.2306
      vertex 93.6033 -0.799999 80.1193
      vertex 94.6072 -0.799999 82.179
    endloop
  endfacet
  facet normal 0 -1 0
    outer loop
      vertex 91.6907 -0.799999 79.964
      vertex 91.1343 -0.799999 81.0283
      vertex 90.8322 -0.799999 80.6408
    endloop
  endfacet
  facet normal 0 -1 0
    outer loop
      vertex 93.8065 -0.799999 79.9825
      vertex 94.6072 -0.799999 82.179
      vertex 93.6033 -0.799999 80.1193
    endloop
  endfacet
  facet normal 0 -1 0
    outer loop
      vertex 93.9685 -0.799999 79.8112
      vertex 95.2152 -0.799999 82.0242
      vertex 93.8065 -0.799999 79.9825
    endloop
  endfacet
  facet normal 0 -1 -0
    outer loop
      vertex 95.2152 -0.799999 82.0242
      vertex 93.9685 -0.799999 79.8112
      vertex 95.7567 -0.799999 81.7662
    endloop
  endfacet
  facet normal 0 -1 -0
    outer loop
      vertex 95.7567 -0.799999 81.7662
      vertex 93.9685 -0.799999 79.8112
      vertex 96.2315 -0.799999 81.4051
    endloop
  endfacet
  facet normal 0 -1 0
    outer loop
      vertex 94.0842 -0.799999 79.6099
      vertex 96.2315 -0.799999 81.4051
      vertex 93.9685 -0.799999 79.8112
    endloop
  endfacet
  facet normal 0 -1 -0
    outer loop
      vertex 96.2315 -0.799999 81.4051
      vertex 94.0842 -0.799999 79.6099
      vertex 96.6177 -0.799999 80.9616
    endloop
  endfacet
  facet normal 0 -1 -0
    outer loop
      vertex 96.6177 -0.799999 80.9616
      vertex 94.0842 -0.799999 79.6099
      vertex 96.8936 -0.799999 80.4566
    endloop
  endfacet
  facet normal 0 -1 0
    outer loop
      vertex 94.1536 -0.799999 79.3786
      vertex 96.8936 -0.799999 80.4566
      vertex 94.0842 -0.799999 79.6099
    endloop
  endfacet
  facet normal 0 -1 -0
    outer loop
      vertex 96.8936 -0.799999 80.4566
      vertex 94.1536 -0.799999 79.3786
      vertex 97.0591 -0.799999 79.8901
    endloop
  endfacet
  facet normal 0 -1 0
    outer loop
      vertex 94.1536 -0.799999 79.3786
      vertex 97.1143 -0.799999 79.262
      vertex 97.0591 -0.799999 79.8901
    endloop
  endfacet
  facet normal 0 -1 0
    outer loop
      vertex 94.1767 -0.799999 79.1174
      vertex 97.1143 -0.799999 79.262
      vertex 94.1536 -0.799999 79.3786
    endloop
  endfacet
  facet normal 0 -1 0
    outer loop
      vertex 97.0454 -0.799999 78.5143
      vertex 94.1767 -0.799999 79.1174
      vertex 94.148 -0.799999 78.8351
    endloop
  endfacet
  facet normal 0 -1 0
    outer loop
      vertex 96.8387 -0.799999 77.8734
      vertex 94.148 -0.799999 78.8351
      vertex 94.0618 -0.799999 78.5894
    endloop
  endfacet
  facet normal 0 -1 0
    outer loop
      vertex 94.1767 -0.799999 79.1174
      vertex 97.0454 -0.799999 78.5143
      vertex 97.1143 -0.799999 79.262
    endloop
  endfacet
  facet normal 0 -1 0
    outer loop
      vertex 96.8387 -0.799999 77.8734
      vertex 94.0618 -0.799999 78.5894
      vertex 93.9181 -0.799999 78.3803
    endloop
  endfacet
  facet normal 0 -1 0
    outer loop
      vertex 96.8387 -0.799999 77.8734
      vertex 93.9181 -0.799999 78.3803
      vertex 93.717 -0.799999 78.2077
    endloop
  endfacet
  facet normal 0 -1 0
    outer loop
      vertex 96.8387 -0.799999 77.8734
      vertex 93.717 -0.799999 78.2077
      vertex 93.4588 -0.799999 78.0727
    endloop
  endfacet
  facet normal 0 -1 0
    outer loop
      vertex 96.8387 -0.799999 77.8734
      vertex 93.4588 -0.799999 78.0727
      vertex 93.1442 -0.799999 77.9762
    endloop
  endfacet
  facet normal 0 -1 0
    outer loop
      vertex 96.8387 -0.799999 77.8734
      vertex 93.1442 -0.799999 77.9762
      vertex 92.7732 -0.799999 77.9183
    endloop
  endfacet
  facet normal 0 -1 0
    outer loop
      vertex 94.148 -0.799999 78.8351
      vertex 96.8387 -0.799999 77.8734
      vertex 97.0454 -0.799999 78.5143
    endloop
  endfacet
  facet normal 0 -1 0
    outer loop
      vertex 96.8387 -0.799999 77.8734
      vertex 92.7732 -0.799999 77.9183
      vertex 92.3457 -0.799999 77.899
    endloop
  endfacet
  facet normal 0 -1 0
    outer loop
      vertex 96.8387 -0.799999 77.8734
      vertex 96.0117 -0.799999 76.9117
      vertex 96.4941 -0.799999 77.3392
    endloop
  endfacet
  facet normal 0 -1 0
    outer loop
      vertex 91.4021 -0.799999 72.7221
      vertex 91.6882 -0.799999 74.7778
      vertex 90.4264 -0.799999 72.9046
    endloop
  endfacet
  facet normal 0 -1 0
    outer loop
      vertex 92.5493 -0.799999 72.6613
      vertex 92.0752 -0.799999 74.6772
      vertex 91.4021 -0.799999 72.7221
    endloop
  endfacet
  facet normal 0 -1 -0
    outer loop
      vertex 91.6882 -0.799999 74.7778
      vertex 91.4021 -0.799999 72.7221
      vertex 92.0752 -0.799999 74.6772
    endloop
  endfacet
  facet normal 0 -1 0
    outer loop
      vertex 92.0752 -0.799999 74.6772
      vertex 92.5493 -0.799999 72.6613
      vertex 92.5385 -0.799999 74.6168
    endloop
  endfacet
  facet normal 0 -1 0
    outer loop
      vertex 92.5385 -0.799999 74.6168
      vertex 92.5493 -0.799999 72.6613
      vertex 93.0781 -0.799999 74.5967
    endloop
  endfacet
  facet normal -0 -1 0
    outer loop
      vertex 93.0212 -0.799999 72.6686
      vertex 93.0781 -0.799999 74.5967
      vertex 92.5493 -0.799999 72.6613
    endloop
  endfacet
  facet normal -0 -1 0
    outer loop
      vertex 93.4932 -0.799999 72.6906
      vertex 93.0781 -0.799999 74.5967
      vertex 93.0212 -0.799999 72.6686
    endloop
  endfacet
  facet normal 0 -1 0
    outer loop
      vertex 95.9639 -0.799999 75.167
      vertex 96.3169 -0.799999 73.1221
      vertex 96.3169 -0.799999 75.3416
    endloop
  endfacet
  facet normal 0 -1 0
    outer loop
      vertex 95.5967 -0.799999 75.0157
      vertex 96.3169 -0.799999 73.1221
      vertex 95.9639 -0.799999 75.167
    endloop
  endfacet
  facet normal 0 -1 0
    outer loop
      vertex 95.8485 -0.799999 73.0158
      vertex 95.5967 -0.799999 75.0157
      vertex 95.2153 -0.799999 74.8877
    endloop
  endfacet
  facet normal 0 -1 0
    outer loop
      vertex 93.0781 -0.799999 74.5967
      vertex 93.4932 -0.799999 72.6906
      vertex 93.5379 -0.799999 74.6083
    endloop
  endfacet
  facet normal 0 -1 0
    outer loop
      vertex 95.5967 -0.799999 75.0157
      vertex 95.8485 -0.799999 73.0158
      vertex 96.3169 -0.799999 73.1221
    endloop
  endfacet
  facet normal 0 -1 0
    outer loop
      vertex 95.2153 -0.799999 74.8877
      vertex 95.3791 -0.799999 72.9231
      vertex 95.8485 -0.799999 73.0158
    endloop
  endfacet
  facet normal -0 -1 0
    outer loop
      vertex 93.9652 -0.799999 72.7272
      vertex 93.5379 -0.799999 74.6083
      vertex 93.4932 -0.799999 72.6906
    endloop
  endfacet
  facet normal 0 -1 0
    outer loop
      vertex 94.8197 -0.799999 74.7829
      vertex 95.3791 -0.799999 72.9231
      vertex 95.2153 -0.799999 74.8877
    endloop
  endfacet
  facet normal -0 -1 0
    outer loop
      vertex 95.3791 -0.799999 72.9231
      vertex 94.8197 -0.799999 74.7829
      vertex 94.9087 -0.799999 72.844
    endloop
  endfacet
  facet normal 0 -1 0
    outer loop
      vertex 94.4087 -0.799999 74.7014
      vertex 94.9087 -0.799999 72.844
      vertex 94.8197 -0.799999 74.7829
    endloop
  endfacet
  facet normal 0 -1 0
    outer loop
      vertex 93.5379 -0.799999 74.6083
      vertex 93.9652 -0.799999 72.7272
      vertex 93.9814 -0.799999 74.6432
    endloop
  endfacet
  facet normal -0 -1 0
    outer loop
      vertex 94.9087 -0.799999 72.844
      vertex 94.4087 -0.799999 74.7014
      vertex 94.4372 -0.799999 72.7785
    endloop
  endfacet
  facet normal 0 -1 0
    outer loop
      vertex 93.9814 -0.799999 74.6432
      vertex 94.4372 -0.799999 72.7785
      vertex 94.4087 -0.799999 74.7014
    endloop
  endfacet
  facet normal -0 -1 0
    outer loop
      vertex 94.4372 -0.799999 72.7785
      vertex 93.9814 -0.799999 74.6432
      vertex 93.9652 -0.799999 72.7272
    endloop
  endfacet
  facet normal 0 -1 0
    outer loop
      vertex 47.5579 -0.799999 76.387
      vertex 50.4719 -0.799999 76.4475
      vertex 47.4773 -0.799999 77.4152
    endloop
  endfacet
  facet normal 0 -1 0
    outer loop
      vertex 47.7997 -0.799999 75.4677
      vertex 50.4719 -0.799999 76.4475
      vertex 47.5579 -0.799999 76.387
    endloop
  endfacet
  facet normal 0 -1 -0
    outer loop
      vertex 50.4719 -0.799999 76.4475
      vertex 47.7997 -0.799999 75.4677
      vertex 50.5021 -0.799999 76.0518
    endloop
  endfacet
  facet normal 0 -1 0
    outer loop
      vertex 48.2028 -0.799999 74.6572
      vertex 50.5021 -0.799999 76.0518
      vertex 47.7997 -0.799999 75.4677
    endloop
  endfacet
  facet normal 0 -1 -0
    outer loop
      vertex 50.5021 -0.799999 76.0518
      vertex 48.2028 -0.799999 74.6572
      vertex 50.5929 -0.799999 75.6964
    endloop
  endfacet
  facet normal 0 -1 0
    outer loop
      vertex 48.767 -0.799999 73.9556
      vertex 50.5929 -0.799999 75.6964
      vertex 48.2028 -0.799999 74.6572
    endloop
  endfacet
  facet normal 0 -1 -0
    outer loop
      vertex 50.5929 -0.799999 75.6964
      vertex 48.767 -0.799999 73.9556
      vertex 50.7442 -0.799999 75.3812
    endloop
  endfacet
  facet normal 0 -1 0
    outer loop
      vertex 49.4656 -0.799999 73.3894
      vertex 50.7442 -0.799999 75.3812
      vertex 48.767 -0.799999 73.9556
    endloop
  endfacet
  facet normal 0 -1 -0
    outer loop
      vertex 50.7442 -0.799999 75.3812
      vertex 49.4656 -0.799999 73.3894
      vertex 50.9561 -0.799999 75.1063
    endloop
  endfacet
  facet normal 0 -1 -0
    outer loop
      vertex 50.9561 -0.799999 75.1063
      vertex 49.4656 -0.799999 73.3894
      vertex 51.2167 -0.799999 74.8833
    endloop
  endfacet
  facet normal 0 -1 0
    outer loop
      vertex 50.2715 -0.799999 72.9849
      vertex 51.2167 -0.799999 74.8833
      vertex 49.4656 -0.799999 73.3894
    endloop
  endfacet
  facet normal 0 -1 -0
    outer loop
      vertex 51.2167 -0.799999 74.8833
      vertex 50.2715 -0.799999 72.9849
      vertex 51.5145 -0.799999 74.7241
    endloop
  endfacet
  facet normal 0 -1 0
    outer loop
      vertex 50.4719 -0.799999 76.4475
      vertex 54.2884 -0.799999 78.2447
      vertex 47.4773 -0.799999 78.2447
    endloop
  endfacet
  facet normal 0 -1 0
    outer loop
      vertex 50.4719 -0.799999 76.4475
      vertex 47.4773 -0.799999 78.2447
      vertex 47.4773 -0.799999 77.4152
    endloop
  endfacet
  facet normal 0 -1 0
    outer loop
      vertex 54.2884 -0.799999 78.2447
      vertex 50.4719 -0.799999 76.4475
      vertex 54.2558 -0.799999 76.4475
    endloop
  endfacet
  facet normal 0 -1 -0
    outer loop
      vertex 54.2884 -0.799999 78.2447
      vertex 54.2558 -0.799999 76.4475
      vertex 57.2585 -0.799999 77.446
    endloop
  endfacet
  facet normal 0 -1 0
    outer loop
      vertex 54.2558 -0.799999 76.4475
      vertex 57.1743 -0.799999 76.3907
      vertex 57.2585 -0.799999 77.446
    endloop
  endfacet
  facet normal 0 -1 0
    outer loop
      vertex 56.9218 -0.799999 75.4544
      vertex 54.2558 -0.799999 76.4475
      vertex 54.1658 -0.799999 76.0253
    endloop
  endfacet
  facet normal 0 -1 0
    outer loop
      vertex 56.5009 -0.799999 74.6371
      vertex 54.1658 -0.799999 76.0253
      vertex 54.0259 -0.799999 75.6556
    endloop
  endfacet
  facet normal 0 -1 0
    outer loop
      vertex 54.2558 -0.799999 76.4475
      vertex 56.9218 -0.799999 75.4544
      vertex 57.1743 -0.799999 76.3907
    endloop
  endfacet
  facet normal 0 -1 0
    outer loop
      vertex 55.9117 -0.799999 73.9388
      vertex 54.0259 -0.799999 75.6556
      vertex 53.8362 -0.799999 75.3384
    endloop
  endfacet
  facet normal 0 -1 0
    outer loop
      vertex 55.175 -0.799999 73.3799
      vertex 53.8362 -0.799999 75.3384
      vertex 53.5967 -0.799999 75.0737
    endloop
  endfacet
  facet normal 0 -1 0
    outer loop
      vertex 54.3117 -0.799999 72.9807
      vertex 53.5967 -0.799999 75.0737
      vertex 53.3124 -0.799999 74.865
    endloop
  endfacet
  facet normal 0 -1 0
    outer loop
      vertex 54.3117 -0.799999 72.9807
      vertex 53.3124 -0.799999 74.865
      vertex 52.9884 -0.799999 74.7159
    endloop
  endfacet
  facet normal 0 -1 0
    outer loop
      vertex 54.1658 -0.799999 76.0253
      vertex 56.5009 -0.799999 74.6371
      vertex 56.9218 -0.799999 75.4544
    endloop
  endfacet
  facet normal 0 -1 0
    outer loop
      vertex 53.3217 -0.799999 72.7411
      vertex 52.9884 -0.799999 74.7159
      vertex 52.6248 -0.799999 74.6265
    endloop
  endfacet
  facet normal 0 -1 0
    outer loop
      vertex 52.2052 -0.799999 72.6613
      vertex 52.6248 -0.799999 74.6265
      vertex 52.2215 -0.799999 74.5967
    endloop
  endfacet
  facet normal 0 -1 0
    outer loop
      vertex 51.1846 -0.799999 72.7422
      vertex 51.5145 -0.799999 74.7241
      vertex 50.2715 -0.799999 72.9849
    endloop
  endfacet
  facet normal 0 -1 -0
    outer loop
      vertex 52.6248 -0.799999 74.6265
      vertex 52.2052 -0.799999 72.6613
      vertex 53.3217 -0.799999 72.7411
    endloop
  endfacet
  facet normal 0 -1 -0
    outer loop
      vertex 51.5145 -0.799999 74.7241
      vertex 51.1846 -0.799999 72.7422
      vertex 51.8494 -0.799999 74.6285
    endloop
  endfacet
  facet normal 0 -1 0
    outer loop
      vertex 52.9884 -0.799999 74.7159
      vertex 53.3217 -0.799999 72.7411
      vertex 54.3117 -0.799999 72.9807
    endloop
  endfacet
  facet normal 0 -1 0
    outer loop
      vertex 52.2052 -0.799999 72.6613
      vertex 51.8494 -0.799999 74.6285
      vertex 51.1846 -0.799999 72.7422
    endloop
  endfacet
  facet normal 0 -1 0
    outer loop
      vertex 53.5967 -0.799999 75.0737
      vertex 54.3117 -0.799999 72.9807
      vertex 55.175 -0.799999 73.3799
    endloop
  endfacet
  facet normal 0 -1 0
    outer loop
      vertex 51.8494 -0.799999 74.6285
      vertex 52.2052 -0.799999 72.6613
      vertex 52.2215 -0.799999 74.5967
    endloop
  endfacet
  facet normal 0 -1 0
    outer loop
      vertex 54.0259 -0.799999 75.6556
      vertex 55.9117 -0.799999 73.9388
      vertex 56.5009 -0.799999 74.6371
    endloop
  endfacet
  facet normal 0 -1 0
    outer loop
      vertex 53.8362 -0.799999 75.3384
      vertex 55.175 -0.799999 73.3799
      vertex 55.9117 -0.799999 73.9388
    endloop
  endfacet
  facet normal 0 -1 0
    outer loop
      vertex 51.3113 -0.799999 80.2782
      vertex 51.5257 -0.799999 82.2181
      vertex 51.0089 -0.799999 82.1806
    endloop
  endfacet
  facet normal 0 -1 0
    outer loop
      vertex 51.5257 -0.799999 82.2181
      vertex 51.7739 -0.799999 80.2952
      vertex 52.0424 -0.799999 82.2306
    endloop
  endfacet
  facet normal 0 -1 0
    outer loop
      vertex 50.8432 -0.799999 80.2271
      vertex 51.0089 -0.799999 82.1806
      vertex 50.4922 -0.799999 82.1182
    endloop
  endfacet
  facet normal 0 -1 0
    outer loop
      vertex 50.3694 -0.799999 80.1419
      vertex 50.4922 -0.799999 82.1182
      vertex 49.9754 -0.799999 82.0308
    endloop
  endfacet
  facet normal 0 -1 0
    outer loop
      vertex 50.3694 -0.799999 80.1419
      vertex 49.9754 -0.799999 82.0308
      vertex 49.4587 -0.799999 81.9189
    endloop
  endfacet
  facet normal 0 -1 -0
    outer loop
      vertex 51.5257 -0.799999 82.2181
      vertex 51.3113 -0.799999 80.2782
      vertex 51.7739 -0.799999 80.2952
    endloop
  endfacet
  facet normal 0 -1 0
    outer loop
      vertex 49.8901 -0.799999 80.0227
      vertex 49.4587 -0.799999 81.9189
      vertex 48.942 -0.799999 81.7831
    endloop
  endfacet
  facet normal 0 -1 0
    outer loop
      vertex 49.4046 -0.799999 79.8689
      vertex 48.942 -0.799999 81.7831
      vertex 48.4253 -0.799999 81.6233
    endloop
  endfacet
  facet normal 0 -1 0
    outer loop
      vertex 52.312 -0.799999 80.2632
      vertex 52.0424 -0.799999 82.2306
      vertex 51.7739 -0.799999 80.2952
    endloop
  endfacet
  facet normal 0 -1 0
    outer loop
      vertex 48.9126 -0.799999 79.68
      vertex 48.4253 -0.799999 81.6233
      vertex 47.9086 -0.799999 81.4395
    endloop
  endfacet
  facet normal 0 -1 0
    outer loop
      vertex 52.787 -0.799999 80.1671
      vertex 53.2104 -0.799999 82.152
      vertex 52.312 -0.799999 80.2632
    endloop
  endfacet
  facet normal 0 -1 0
    outer loop
      vertex 53.199 -0.799999 80.0069
      vertex 53.2104 -0.799999 82.152
      vertex 52.787 -0.799999 80.1671
    endloop
  endfacet
  facet normal 0 -1 0
    outer loop
      vertex 52.0424 -0.799999 82.2306
      vertex 52.312 -0.799999 80.2632
      vertex 53.2104 -0.799999 82.152
    endloop
  endfacet
  facet normal 0 -1 -0
    outer loop
      vertex 51.0089 -0.799999 82.1806
      vertex 50.8432 -0.799999 80.2271
      vertex 51.3113 -0.799999 80.2782
    endloop
  endfacet
  facet normal 0 -1 -0
    outer loop
      vertex 50.4922 -0.799999 82.1182
      vertex 50.3694 -0.799999 80.1419
      vertex 50.8432 -0.799999 80.2271
    endloop
  endfacet
  facet normal 0 -1 0
    outer loop
      vertex 49.4587 -0.799999 81.9189
      vertex 49.8901 -0.799999 80.0227
      vertex 50.3694 -0.799999 80.1419
    endloop
  endfacet
  facet normal 0 -1 0
    outer loop
      vertex 48.942 -0.799999 81.7831
      vertex 49.4046 -0.799999 79.8689
      vertex 49.8901 -0.799999 80.0227
    endloop
  endfacet
  facet normal 0 -1 0
    outer loop
      vertex 48.4253 -0.799999 81.6233
      vertex 48.9126 -0.799999 79.68
      vertex 49.4046 -0.799999 79.8689
    endloop
  endfacet
  facet normal 0 -1 0
    outer loop
      vertex 47.9086 -0.799999 81.4395
      vertex 48.4139 -0.799999 79.456
      vertex 48.9126 -0.799999 79.68
    endloop
  endfacet
  facet normal -0 -1 0
    outer loop
      vertex 48.4139 -0.799999 79.456
      vertex 47.9086 -0.799999 81.4395
      vertex 47.9086 -0.799999 79.197
    endloop
  endfacet
  facet normal 0 -1 -0
    outer loop
      vertex 53.2104 -0.799999 82.152
      vertex 53.199 -0.799999 80.0069
      vertex 54.2405 -0.799999 81.9163
    endloop
  endfacet
  facet normal 0 -1 0
    outer loop
      vertex 53.5478 -0.799999 79.7826
      vertex 54.2405 -0.799999 81.9163
      vertex 53.199 -0.799999 80.0069
    endloop
  endfacet
  facet normal 0 -1 -0
    outer loop
      vertex 54.2405 -0.799999 81.9163
      vertex 53.5478 -0.799999 79.7826
      vertex 55.1328 -0.799999 81.5234
    endloop
  endfacet
  facet normal 0 -1 0
    outer loop
      vertex 53.8321 -0.799999 79.4942
      vertex 55.1328 -0.799999 81.5234
      vertex 53.5478 -0.799999 79.7826
    endloop
  endfacet
  facet normal 0 -1 -0
    outer loop
      vertex 55.1328 -0.799999 81.5234
      vertex 53.8321 -0.799999 79.4942
      vertex 55.8874 -0.799999 80.9734
    endloop
  endfacet
  facet normal 0 -1 0
    outer loop
      vertex 54.0503 -0.799999 79.1418
      vertex 55.8874 -0.799999 80.9734
      vertex 53.8321 -0.799999 79.4942
    endloop
  endfacet
  facet normal 0 -1 -0
    outer loop
      vertex 55.8874 -0.799999 80.9734
      vertex 54.0503 -0.799999 79.1418
      vertex 56.4872 -0.799999 80.2815
    endloop
  endfacet
  facet normal 0 -1 0
    outer loop
      vertex 54.2024 -0.799999 78.7253
      vertex 56.4872 -0.799999 80.2815
      vertex 54.0503 -0.799999 79.1418
    endloop
  endfacet
  facet normal 0 -1 -0
    outer loop
      vertex 56.4872 -0.799999 80.2815
      vertex 54.2024 -0.799999 78.7253
      vertex 56.9157 -0.799999 79.463
    endloop
  endfacet
  facet normal 0 -1 0
    outer loop
      vertex 54.2884 -0.799999 78.2447
      vertex 56.9157 -0.799999 79.463
      vertex 54.2024 -0.799999 78.7253
    endloop
  endfacet
  facet normal 0 -1 -0
    outer loop
      vertex 56.9157 -0.799999 79.463
      vertex 54.2884 -0.799999 78.2447
      vertex 57.1728 -0.799999 78.5178
    endloop
  endfacet
  facet normal 0 -1 -0
    outer loop
      vertex 57.1728 -0.799999 78.5178
      vertex 54.2884 -0.799999 78.2447
      vertex 57.2585 -0.799999 77.446
    endloop
  endfacet
  facet normal 0 -1 0
    outer loop
      vertex 99.454 -0.799999 72.7642
      vertex 99.2088 -0.799999 75.0114
      vertex 99.0179 -0.799999 75.0168
    endloop
  endfacet
  facet normal 0 -1 0
    outer loop
      vertex 98.9996 -0.799999 72.687
      vertex 99.0179 -0.799999 75.0168
      vertex 98.8274 -0.799999 75.033
    endloop
  endfacet
  facet normal 0 -1 0
    outer loop
      vertex 98.509 -0.799999 72.6613
      vertex 98.8274 -0.799999 75.033
      vertex 98.6375 -0.799999 75.0599
    endloop
  endfacet
  facet normal 0 -1 0
    outer loop
      vertex 98.2755 -0.799999 72.6681
      vertex 98.6375 -0.799999 75.0599
      vertex 98.4481 -0.799999 75.0977
    endloop
  endfacet
  facet normal 0 -1 0
    outer loop
      vertex 99.2088 -0.799999 75.0114
      vertex 101.253 -0.799999 73.9635
      vertex 101.544 -0.799999 74.3816
    endloop
  endfacet
  facet normal 0 -1 0
    outer loop
      vertex 97.9821 -0.799999 72.6922
      vertex 98.4481 -0.799999 75.0977
      vertex 98.2586 -0.799999 75.1467
    endloop
  endfacet
  facet normal 0 -1 0
    outer loop
      vertex 97.6953 -0.799999 72.725
      vertex 98.2586 -0.799999 75.1467
      vertex 98.0686 -0.799999 75.2076
    endloop
  endfacet
  facet normal 0 -1 0
    outer loop
      vertex 97.6953 -0.799999 72.725
      vertex 98.0686 -0.799999 75.2076
      vertex 97.8781 -0.799999 75.2802
    endloop
  endfacet
  facet normal 0 -1 0
    outer loop
      vertex 99.2088 -0.799999 75.0114
      vertex 100.941 -0.799999 73.606
      vertex 101.253 -0.799999 73.9635
    endloop
  endfacet
  facet normal 0 -1 0
    outer loop
      vertex 97.6953 -0.799999 72.725
      vertex 97.8781 -0.799999 75.2802
      vertex 97.6871 -0.799999 75.3647
    endloop
  endfacet
  facet normal 0 -1 0
    outer loop
      vertex 99.2088 -0.799999 75.0114
      vertex 100.608 -0.799999 73.3092
      vertex 100.941 -0.799999 73.606
    endloop
  endfacet
  facet normal 0 -1 0
    outer loop
      vertex 99.2088 -0.799999 75.0114
      vertex 100.255 -0.799999 73.073
      vertex 100.608 -0.799999 73.3092
    endloop
  endfacet
  facet normal 0 -1 0
    outer loop
      vertex 99.2088 -0.799999 75.0114
      vertex 99.8723 -0.799999 72.8929
      vertex 100.255 -0.799999 73.073
    endloop
  endfacet
  facet normal 0 -1 0
    outer loop
      vertex 99.2088 -0.799999 75.0114
      vertex 99.454 -0.799999 72.7642
      vertex 99.8723 -0.799999 72.8929
    endloop
  endfacet
  facet normal 0 -1 0
    outer loop
      vertex 98.2586 -0.799999 75.1467
      vertex 97.6953 -0.799999 72.725
      vertex 97.8484 -0.799999 72.7068
    endloop
  endfacet
  facet normal 0 -1 0
    outer loop
      vertex 98.2586 -0.799999 75.1467
      vertex 97.8484 -0.799999 72.7068
      vertex 97.9821 -0.799999 72.6922
    endloop
  endfacet
  facet normal 0 -1 0
    outer loop
      vertex 98.4481 -0.799999 75.0977
      vertex 97.9821 -0.799999 72.6922
      vertex 98.0965 -0.799999 72.681
    endloop
  endfacet
  facet normal 0 -1 0
    outer loop
      vertex 98.4481 -0.799999 75.0977
      vertex 98.0965 -0.799999 72.681
      vertex 98.1916 -0.799999 72.6733
    endloop
  endfacet
  facet normal 0 -1 -0
    outer loop
      vertex 99.0179 -0.799999 75.0168
      vertex 98.9996 -0.799999 72.687
      vertex 99.454 -0.799999 72.7642
    endloop
  endfacet
  facet normal 0 -1 0
    outer loop
      vertex 98.4481 -0.799999 75.0977
      vertex 98.1916 -0.799999 72.6733
      vertex 98.2755 -0.799999 72.6681
    endloop
  endfacet
  facet normal 0 -1 0
    outer loop
      vertex 98.6375 -0.799999 75.0599
      vertex 98.2755 -0.799999 72.6681
      vertex 98.3564 -0.799999 72.6643
    endloop
  endfacet
  facet normal 0 -1 0
    outer loop
      vertex 98.6375 -0.799999 75.0599
      vertex 98.3564 -0.799999 72.6643
      vertex 98.4342 -0.799999 72.6621
    endloop
  endfacet
  facet normal 0 -1 0
    outer loop
      vertex 98.6375 -0.799999 75.0599
      vertex 98.4342 -0.799999 72.6621
      vertex 98.509 -0.799999 72.6613
    endloop
  endfacet
  facet normal 0 -1 -0
    outer loop
      vertex 98.8274 -0.799999 75.033
      vertex 98.509 -0.799999 72.6613
      vertex 98.9996 -0.799999 72.687
    endloop
  endfacet
  facet normal 0 -1 0
    outer loop
      vertex 101.544 -0.799999 77.7962
      vertex 104.458 -0.799999 81.9925
      vertex 101.544 -0.799999 81.9925
    endloop
  endfacet
  facet normal 0 -1 0
    outer loop
      vertex 104.458 -0.799999 72.8763
      vertex 101.544 -0.799999 77.7962
      vertex 101.506 -0.799999 77.1634
    endloop
  endfacet
  facet normal 0 -1 0
    outer loop
      vertex 104.458 -0.799999 72.8763
      vertex 101.506 -0.799999 77.1634
      vertex 101.393 -0.799999 76.6084
    endloop
  endfacet
  facet normal 0 -1 0
    outer loop
      vertex 101.544 -0.799999 74.3816
      vertex 101.393 -0.799999 76.6084
      vertex 101.203 -0.799999 76.1313
    endloop
  endfacet
  facet normal 0 -1 0
    outer loop
      vertex 101.544 -0.799999 74.3816
      vertex 99.738 -0.799999 75.0564
      vertex 99.2088 -0.799999 75.0114
    endloop
  endfacet
  facet normal 0 -1 0
    outer loop
      vertex 101.544 -0.799999 74.3816
      vertex 100.203 -0.799999 75.1916
      vertex 99.738 -0.799999 75.0564
    endloop
  endfacet
  facet normal 0 -1 0
    outer loop
      vertex 101.544 -0.799999 74.3816
      vertex 100.603 -0.799999 75.4168
      vertex 100.203 -0.799999 75.1916
    endloop
  endfacet
  facet normal 0 -1 0
    outer loop
      vertex 101.544 -0.799999 74.3816
      vertex 100.938 -0.799999 75.7321
      vertex 100.603 -0.799999 75.4168
    endloop
  endfacet
  facet normal 0 -1 0
    outer loop
      vertex 101.544 -0.799999 74.3816
      vertex 101.203 -0.799999 76.1313
      vertex 100.938 -0.799999 75.7321
    endloop
  endfacet
  facet normal 0 -1 0
    outer loop
      vertex 101.393 -0.799999 76.6084
      vertex 101.544 -0.799999 74.3816
      vertex 104.458 -0.799999 72.8763
    endloop
  endfacet
  facet normal 0 -1 0
    outer loop
      vertex 104.458 -0.799999 72.8763
      vertex 101.544 -0.799999 74.3816
      vertex 101.544 -0.799999 72.8763
    endloop
  endfacet
  facet normal 0 -1 0
    outer loop
      vertex 101.544 -0.799999 77.7962
      vertex 104.458 -0.799999 72.8763
      vertex 104.458 -0.799999 81.9925
    endloop
  endfacet
  facet normal 0 -1 0
    outer loop
      vertex 121.015 -0.799999 76.387
      vertex 123.929 -0.799999 76.4475
      vertex 120.934 -0.799999 77.4152
    endloop
  endfacet
  facet normal 0 -1 0
    outer loop
      vertex 121.257 -0.799999 75.4677
      vertex 123.929 -0.799999 76.4475
      vertex 121.015 -0.799999 76.387
    endloop
  endfacet
  facet normal 0 -1 -0
    outer loop
      vertex 123.929 -0.799999 76.4475
      vertex 121.257 -0.799999 75.4677
      vertex 123.959 -0.799999 76.0518
    endloop
  endfacet
  facet normal 0 -1 0
    outer loop
      vertex 121.66 -0.799999 74.6572
      vertex 123.959 -0.799999 76.0518
      vertex 121.257 -0.799999 75.4677
    endloop
  endfacet
  facet normal 0 -1 -0
    outer loop
      vertex 123.959 -0.799999 76.0518
      vertex 121.66 -0.799999 74.6572
      vertex 124.05 -0.799999 75.6964
    endloop
  endfacet
  facet normal 0 -1 0
    outer loop
      vertex 122.224 -0.799999 73.9556
      vertex 124.05 -0.799999 75.6964
      vertex 121.66 -0.799999 74.6572
    endloop
  endfacet
  facet normal 0 -1 -0
    outer loop
      vertex 124.05 -0.799999 75.6964
      vertex 122.224 -0.799999 73.9556
      vertex 124.201 -0.799999 75.3812
    endloop
  endfacet
  facet normal 0 -1 0
    outer loop
      vertex 122.923 -0.799999 73.3894
      vertex 124.201 -0.799999 75.3812
      vertex 122.224 -0.799999 73.9556
    endloop
  endfacet
  facet normal 0 -1 -0
    outer loop
      vertex 124.201 -0.799999 75.3812
      vertex 122.923 -0.799999 73.3894
      vertex 124.413 -0.799999 75.1063
    endloop
  endfacet
  facet normal 0 -1 -0
    outer loop
      vertex 124.413 -0.799999 75.1063
      vertex 122.923 -0.799999 73.3894
      vertex 124.674 -0.799999 74.8833
    endloop
  endfacet
  facet normal 0 -1 0
    outer loop
      vertex 123.728 -0.799999 72.9849
      vertex 124.674 -0.799999 74.8833
      vertex 122.923 -0.799999 73.3894
    endloop
  endfacet
  facet normal 0 -1 -0
    outer loop
      vertex 124.674 -0.799999 74.8833
      vertex 123.728 -0.799999 72.9849
      vertex 124.971 -0.799999 74.7241
    endloop
  endfacet
  facet normal 0 -1 0
    outer loop
      vertex 123.929 -0.799999 76.4475
      vertex 127.745 -0.799999 78.2447
      vertex 120.934 -0.799999 78.2447
    endloop
  endfacet
  facet normal 0 -1 0
    outer loop
      vertex 123.929 -0.799999 76.4475
      vertex 120.934 -0.799999 78.2447
      vertex 120.934 -0.799999 77.4152
    endloop
  endfacet
  facet normal 0 -1 0
    outer loop
      vertex 127.745 -0.799999 78.2447
      vertex 123.929 -0.799999 76.4475
      vertex 127.713 -0.799999 76.4475
    endloop
  endfacet
  facet normal 0 -1 -0
    outer loop
      vertex 127.745 -0.799999 78.2447
      vertex 127.713 -0.799999 76.4475
      vertex 130.715 -0.799999 77.446
    endloop
  endfacet
  facet normal 0 -1 0
    outer loop
      vertex 127.713 -0.799999 76.4475
      vertex 130.631 -0.799999 76.3907
      vertex 130.715 -0.799999 77.446
    endloop
  endfacet
  facet normal 0 -1 0
    outer loop
      vertex 130.379 -0.799999 75.4544
      vertex 127.713 -0.799999 76.4475
      vertex 127.623 -0.799999 76.0253
    endloop
  endfacet
  facet normal 0 -1 0
    outer loop
      vertex 129.958 -0.799999 74.6371
      vertex 127.623 -0.799999 76.0253
      vertex 127.483 -0.799999 75.6556
    endloop
  endfacet
  facet normal 0 -1 0
    outer loop
      vertex 127.713 -0.799999 76.4475
      vertex 130.379 -0.799999 75.4544
      vertex 130.631 -0.799999 76.3907
    endloop
  endfacet
  facet normal 0 -1 0
    outer loop
      vertex 129.369 -0.799999 73.9388
      vertex 127.483 -0.799999 75.6556
      vertex 127.293 -0.799999 75.3384
    endloop
  endfacet
  facet normal 0 -1 0
    outer loop
      vertex 128.632 -0.799999 73.3799
      vertex 127.293 -0.799999 75.3384
      vertex 127.054 -0.799999 75.0737
    endloop
  endfacet
  facet normal 0 -1 0
    outer loop
      vertex 127.769 -0.799999 72.9807
      vertex 127.054 -0.799999 75.0737
      vertex 126.769 -0.799999 74.865
    endloop
  endfacet
  facet normal 0 -1 0
    outer loop
      vertex 127.769 -0.799999 72.9807
      vertex 126.769 -0.799999 74.865
      vertex 126.445 -0.799999 74.7159
    endloop
  endfacet
  facet normal 0 -1 0
    outer loop
      vertex 127.623 -0.799999 76.0253
      vertex 129.958 -0.799999 74.6371
      vertex 130.379 -0.799999 75.4544
    endloop
  endfacet
  facet normal 0 -1 0
    outer loop
      vertex 126.779 -0.799999 72.7411
      vertex 126.445 -0.799999 74.7159
      vertex 126.082 -0.799999 74.6265
    endloop
  endfacet
  facet normal 0 -1 0
    outer loop
      vertex 125.662 -0.799999 72.6613
      vertex 126.082 -0.799999 74.6265
      vertex 125.678 -0.799999 74.5967
    endloop
  endfacet
  facet normal 0 -1 0
    outer loop
      vertex 124.642 -0.799999 72.7422
      vertex 124.971 -0.799999 74.7241
      vertex 123.728 -0.799999 72.9849
    endloop
  endfacet
  facet normal 0 -1 -0
    outer loop
      vertex 126.082 -0.799999 74.6265
      vertex 125.662 -0.799999 72.6613
      vertex 126.779 -0.799999 72.7411
    endloop
  endfacet
  facet normal 0 -1 -0
    outer loop
      vertex 124.971 -0.799999 74.7241
      vertex 124.642 -0.799999 72.7422
      vertex 125.306 -0.799999 74.6285
    endloop
  endfacet
  facet normal 0 -1 0
    outer loop
      vertex 126.445 -0.799999 74.7159
      vertex 126.779 -0.799999 72.7411
      vertex 127.769 -0.799999 72.9807
    endloop
  endfacet
  facet normal 0 -1 0
    outer loop
      vertex 125.662 -0.799999 72.6613
      vertex 125.306 -0.799999 74.6285
      vertex 124.642 -0.799999 72.7422
    endloop
  endfacet
  facet normal 0 -1 0
    outer loop
      vertex 127.054 -0.799999 75.0737
      vertex 127.769 -0.799999 72.9807
      vertex 128.632 -0.799999 73.3799
    endloop
  endfacet
  facet normal 0 -1 0
    outer loop
      vertex 125.306 -0.799999 74.6285
      vertex 125.662 -0.799999 72.6613
      vertex 125.678 -0.799999 74.5967
    endloop
  endfacet
  facet normal 0 -1 0
    outer loop
      vertex 127.483 -0.799999 75.6556
      vertex 129.369 -0.799999 73.9388
      vertex 129.958 -0.799999 74.6371
    endloop
  endfacet
  facet normal 0 -1 0
    outer loop
      vertex 127.293 -0.799999 75.3384
      vertex 128.632 -0.799999 73.3799
      vertex 129.369 -0.799999 73.9388
    endloop
  endfacet
  facet normal 0 -1 0
    outer loop
      vertex 124.768 -0.799999 80.2782
      vertex 124.983 -0.799999 82.2181
      vertex 124.466 -0.799999 82.1806
    endloop
  endfacet
  facet normal 0 -1 0
    outer loop
      vertex 124.983 -0.799999 82.2181
      vertex 125.231 -0.799999 80.2952
      vertex 125.499 -0.799999 82.2306
    endloop
  endfacet
  facet normal 0 -1 0
    outer loop
      vertex 124.3 -0.799999 80.2271
      vertex 124.466 -0.799999 82.1806
      vertex 123.949 -0.799999 82.1182
    endloop
  endfacet
  facet normal 0 -1 0
    outer loop
      vertex 123.826 -0.799999 80.1419
      vertex 123.949 -0.799999 82.1182
      vertex 123.432 -0.799999 82.0308
    endloop
  endfacet
  facet normal 0 -1 0
    outer loop
      vertex 123.826 -0.799999 80.1419
      vertex 123.432 -0.799999 82.0308
      vertex 122.916 -0.799999 81.9189
    endloop
  endfacet
  facet normal 0 -1 -0
    outer loop
      vertex 124.983 -0.799999 82.2181
      vertex 124.768 -0.799999 80.2782
      vertex 125.231 -0.799999 80.2952
    endloop
  endfacet
  facet normal 0 -1 0
    outer loop
      vertex 123.347 -0.799999 80.0227
      vertex 122.916 -0.799999 81.9189
      vertex 122.399 -0.799999 81.7831
    endloop
  endfacet
  facet normal 0 -1 0
    outer loop
      vertex 122.862 -0.799999 79.8689
      vertex 122.399 -0.799999 81.7831
      vertex 121.882 -0.799999 81.6233
    endloop
  endfacet
  facet normal 0 -1 0
    outer loop
      vertex 125.769 -0.799999 80.2632
      vertex 125.499 -0.799999 82.2306
      vertex 125.231 -0.799999 80.2952
    endloop
  endfacet
  facet normal 0 -1 0
    outer loop
      vertex 122.37 -0.799999 79.68
      vertex 121.882 -0.799999 81.6233
      vertex 121.366 -0.799999 81.4395
    endloop
  endfacet
  facet normal 0 -1 0
    outer loop
      vertex 126.244 -0.799999 80.1671
      vertex 126.667 -0.799999 82.152
      vertex 125.769 -0.799999 80.2632
    endloop
  endfacet
  facet normal 0 -1 0
    outer loop
      vertex 126.656 -0.799999 80.0069
      vertex 126.667 -0.799999 82.152
      vertex 126.244 -0.799999 80.1671
    endloop
  endfacet
  facet normal 0 -1 0
    outer loop
      vertex 125.499 -0.799999 82.2306
      vertex 125.769 -0.799999 80.2632
      vertex 126.667 -0.799999 82.152
    endloop
  endfacet
  facet normal 0 -1 -0
    outer loop
      vertex 124.466 -0.799999 82.1806
      vertex 124.3 -0.799999 80.2271
      vertex 124.768 -0.799999 80.2782
    endloop
  endfacet
  facet normal 0 -1 -0
    outer loop
      vertex 123.949 -0.799999 82.1182
      vertex 123.826 -0.799999 80.1419
      vertex 124.3 -0.799999 80.2271
    endloop
  endfacet
  facet normal 0 -1 0
    outer loop
      vertex 122.916 -0.799999 81.9189
      vertex 123.347 -0.799999 80.0227
      vertex 123.826 -0.799999 80.1419
    endloop
  endfacet
  facet normal 0 -1 0
    outer loop
      vertex 122.399 -0.799999 81.7831
      vertex 122.862 -0.799999 79.8689
      vertex 123.347 -0.799999 80.0227
    endloop
  endfacet
  facet normal 0 -1 0
    outer loop
      vertex 121.882 -0.799999 81.6233
      vertex 122.37 -0.799999 79.68
      vertex 122.862 -0.799999 79.8689
    endloop
  endfacet
  facet normal 0 -1 0
    outer loop
      vertex 121.366 -0.799999 81.4395
      vertex 121.871 -0.799999 79.456
      vertex 122.37 -0.799999 79.68
    endloop
  endfacet
  facet normal -0 -1 0
    outer loop
      vertex 121.871 -0.799999 79.456
      vertex 121.366 -0.799999 81.4395
      vertex 121.366 -0.799999 79.197
    endloop
  endfacet
  facet normal 0 -1 -0
    outer loop
      vertex 126.667 -0.799999 82.152
      vertex 126.656 -0.799999 80.0069
      vertex 127.697 -0.799999 81.9163
    endloop
  endfacet
  facet normal 0 -1 0
    outer loop
      vertex 127.005 -0.799999 79.7826
      vertex 127.697 -0.799999 81.9163
      vertex 126.656 -0.799999 80.0069
    endloop
  endfacet
  facet normal 0 -1 -0
    outer loop
      vertex 127.697 -0.799999 81.9163
      vertex 127.005 -0.799999 79.7826
      vertex 128.59 -0.799999 81.5234
    endloop
  endfacet
  facet normal 0 -1 0
    outer loop
      vertex 127.289 -0.799999 79.4942
      vertex 128.59 -0.799999 81.5234
      vertex 127.005 -0.799999 79.7826
    endloop
  endfacet
  facet normal 0 -1 -0
    outer loop
      vertex 128.59 -0.799999 81.5234
      vertex 127.289 -0.799999 79.4942
      vertex 129.344 -0.799999 80.9734
    endloop
  endfacet
  facet normal 0 -1 0
    outer loop
      vertex 127.507 -0.799999 79.1418
      vertex 129.344 -0.799999 80.9734
      vertex 127.289 -0.799999 79.4942
    endloop
  endfacet
  facet normal 0 -1 -0
    outer loop
      vertex 129.344 -0.799999 80.9734
      vertex 127.507 -0.799999 79.1418
      vertex 129.944 -0.799999 80.2815
    endloop
  endfacet
  facet normal 0 -1 0
    outer loop
      vertex 127.659 -0.799999 78.7253
      vertex 129.944 -0.799999 80.2815
      vertex 127.507 -0.799999 79.1418
    endloop
  endfacet
  facet normal 0 -1 -0
    outer loop
      vertex 129.944 -0.799999 80.2815
      vertex 127.659 -0.799999 78.7253
      vertex 130.373 -0.799999 79.463
    endloop
  endfacet
  facet normal 0 -1 0
    outer loop
      vertex 127.745 -0.799999 78.2447
      vertex 130.373 -0.799999 79.463
      vertex 127.659 -0.799999 78.7253
    endloop
  endfacet
  facet normal 0 -1 -0
    outer loop
      vertex 130.373 -0.799999 79.463
      vertex 127.745 -0.799999 78.2447
      vertex 130.63 -0.799999 78.5178
    endloop
  endfacet
  facet normal 0 -1 -0
    outer loop
      vertex 130.63 -0.799999 78.5178
      vertex 127.745 -0.799999 78.2447
      vertex 130.715 -0.799999 77.446
    endloop
  endfacet
  facet normal 0 -1 0
    outer loop
      vertex 114.379 -0.799999 76.0098
      vertex 119.49 -0.799999 78.3752
      vertex 114.379 -0.799999 78.3752
    endloop
  endfacet
  facet normal 0 -1 -0
    outer loop
      vertex 119.49 -0.799999 78.3752
      vertex 114.379 -0.799999 76.0098
      vertex 119.49 -0.799999 76.0098
    endloop
  endfacet
  facet normal 0 -1 0
    outer loop
      vertex 146.816 -0.799999 80.1058
      vertex 147.264 -0.799999 82.2306
      vertex 146.152 -0.799999 82.1512
    endloop
  endfacet
  facet normal 0 -1 0
    outer loop
      vertex 146.423 -0.799999 79.9753
      vertex 146.152 -0.799999 82.1512
      vertex 145.169 -0.799999 81.9132
    endloop
  endfacet
  facet normal 0 -1 -0
    outer loop
      vertex 147.264 -0.799999 82.2306
      vertex 146.816 -0.799999 80.1058
      vertex 147.264 -0.799999 80.1493
    endloop
  endfacet
  facet normal 0 -1 0
    outer loop
      vertex 146.087 -0.799999 79.7577
      vertex 145.169 -0.799999 81.9132
      vertex 144.315 -0.799999 81.5166
    endloop
  endfacet
  facet normal 0 -1 0
    outer loop
      vertex 147.264 -0.799999 82.2306
      vertex 147.719 -0.799999 80.1058
      vertex 148.379 -0.799999 82.1512
    endloop
  endfacet
  facet normal 0 -1 0
    outer loop
      vertex 145.807 -0.799999 79.4532
      vertex 144.315 -0.799999 81.5166
      vertex 143.59 -0.799999 80.9612
    endloop
  endfacet
  facet normal 0 -1 0
    outer loop
      vertex 148.117 -0.799999 79.9753
      vertex 148.379 -0.799999 82.1512
      vertex 147.719 -0.799999 80.1058
    endloop
  endfacet
  facet normal 0 -1 0
    outer loop
      vertex 145.586 -0.799999 79.0666
      vertex 143.59 -0.799999 80.9612
      vertex 143.011 -0.799999 80.2655
    endloop
  endfacet
  facet normal 0 -1 -0
    outer loop
      vertex 148.379 -0.799999 82.1512
      vertex 148.117 -0.799999 79.9753
      vertex 149.366 -0.799999 81.9132
    endloop
  endfacet
  facet normal 0 -1 0
    outer loop
      vertex 148.457 -0.799999 79.7577
      vertex 149.366 -0.799999 81.9132
      vertex 148.117 -0.799999 79.9753
    endloop
  endfacet
  facet normal 0 -1 0
    outer loop
      vertex 147.719 -0.799999 80.1058
      vertex 147.264 -0.799999 82.2306
      vertex 147.264 -0.799999 80.1493
    endloop
  endfacet
  facet normal 0 -1 0
    outer loop
      vertex 146.152 -0.799999 82.1512
      vertex 146.423 -0.799999 79.9753
      vertex 146.816 -0.799999 80.1058
    endloop
  endfacet
  facet normal 0 -1 0
    outer loop
      vertex 145.169 -0.799999 81.9132
      vertex 146.087 -0.799999 79.7577
      vertex 146.423 -0.799999 79.9753
    endloop
  endfacet
  facet normal 0 -1 0
    outer loop
      vertex 144.315 -0.799999 81.5166
      vertex 145.807 -0.799999 79.4532
      vertex 146.087 -0.799999 79.7577
    endloop
  endfacet
  facet normal 0 -1 0
    outer loop
      vertex 145.429 -0.799999 78.6032
      vertex 143.011 -0.799999 80.2655
      vertex 142.598 -0.799999 79.4476
    endloop
  endfacet
  facet normal 0 -1 0
    outer loop
      vertex 143.59 -0.799999 80.9612
      vertex 145.586 -0.799999 79.0666
      vertex 145.807 -0.799999 79.4532
    endloop
  endfacet
  facet normal 0 -1 0
    outer loop
      vertex 143.011 -0.799999 80.2655
      vertex 145.429 -0.799999 78.6032
      vertex 145.586 -0.799999 79.0666
    endloop
  endfacet
  facet normal 0 -1 0
    outer loop
      vertex 142.35 -0.799999 78.5078
      vertex 145.429 -0.799999 78.6032
      vertex 142.598 -0.799999 79.4476
    endloop
  endfacet
  facet normal 0 -1 0
    outer loop
      vertex 142.35 -0.799999 78.5078
      vertex 145.334 -0.799999 78.063
      vertex 145.429 -0.799999 78.6032
    endloop
  endfacet
  facet normal 0 -1 0
    outer loop
      vertex 142.267 -0.799999 77.446
      vertex 145.334 -0.799999 78.063
      vertex 142.35 -0.799999 78.5078
    endloop
  endfacet
  facet normal 0 -1 0
    outer loop
      vertex 142.267 -0.799999 77.446
      vertex 145.302 -0.799999 77.446
      vertex 145.334 -0.799999 78.063
    endloop
  endfacet
  facet normal 0 -1 0
    outer loop
      vertex 142.267 -0.799999 77.446
      vertex 145.334 -0.799999 76.8289
      vertex 145.302 -0.799999 77.446
    endloop
  endfacet
  facet normal 0 -1 0
    outer loop
      vertex 142.35 -0.799999 76.3841
      vertex 145.334 -0.799999 76.8289
      vertex 142.267 -0.799999 77.446
    endloop
  endfacet
  facet normal 0 -1 0
    outer loop
      vertex 142.35 -0.799999 76.3841
      vertex 145.429 -0.799999 76.2887
      vertex 145.334 -0.799999 76.8289
    endloop
  endfacet
  facet normal 0 -1 0
    outer loop
      vertex 142.598 -0.799999 75.4443
      vertex 145.429 -0.799999 76.2887
      vertex 142.35 -0.799999 76.3841
    endloop
  endfacet
  facet normal 0 -1 0
    outer loop
      vertex 143.011 -0.799999 74.6265
      vertex 145.429 -0.799999 76.2887
      vertex 142.598 -0.799999 75.4443
    endloop
  endfacet
  facet normal 0 -1 -0
    outer loop
      vertex 145.429 -0.799999 76.2887
      vertex 143.011 -0.799999 74.6265
      vertex 145.586 -0.799999 75.8253
    endloop
  endfacet
  facet normal 0 -1 0
    outer loop
      vertex 143.59 -0.799999 73.9308
      vertex 145.586 -0.799999 75.8253
      vertex 143.011 -0.799999 74.6265
    endloop
  endfacet
  facet normal 0 -1 -0
    outer loop
      vertex 145.586 -0.799999 75.8253
      vertex 143.59 -0.799999 73.9308
      vertex 145.807 -0.799999 75.4388
    endloop
  endfacet
  facet normal 0 -1 0
    outer loop
      vertex 144.315 -0.799999 73.3754
      vertex 145.807 -0.799999 75.4388
      vertex 143.59 -0.799999 73.9308
    endloop
  endfacet
  facet normal 0 -1 0
    outer loop
      vertex 145.169 -0.799999 72.9787
      vertex 146.087 -0.799999 75.1342
      vertex 144.315 -0.799999 73.3754
    endloop
  endfacet
  facet normal 0 -1 -0
    outer loop
      vertex 145.807 -0.799999 75.4388
      vertex 144.315 -0.799999 73.3754
      vertex 146.087 -0.799999 75.1342
    endloop
  endfacet
  facet normal 0 -1 -0
    outer loop
      vertex 149.366 -0.799999 81.9132
      vertex 148.457 -0.799999 79.7577
      vertex 150.224 -0.799999 81.5166
    endloop
  endfacet
  facet normal 0 -1 0
    outer loop
      vertex 148.741 -0.799999 79.4532
      vertex 150.224 -0.799999 81.5166
      vertex 148.457 -0.799999 79.7577
    endloop
  endfacet
  facet normal 0 -1 -0
    outer loop
      vertex 150.224 -0.799999 81.5166
      vertex 148.741 -0.799999 79.4532
      vertex 150.954 -0.799999 80.9612
    endloop
  endfacet
  facet normal 0 -1 0
    outer loop
      vertex 148.963 -0.799999 79.0666
      vertex 150.954 -0.799999 80.9612
      vertex 148.741 -0.799999 79.4532
    endloop
  endfacet
  facet normal 0 -1 -0
    outer loop
      vertex 150.954 -0.799999 80.9612
      vertex 148.963 -0.799999 79.0666
      vertex 151.536 -0.799999 80.2655
    endloop
  endfacet
  facet normal 0 -1 0
    outer loop
      vertex 149.122 -0.799999 78.6032
      vertex 151.536 -0.799999 80.2655
      vertex 148.963 -0.799999 79.0666
    endloop
  endfacet
  facet normal 0 -1 -0
    outer loop
      vertex 151.536 -0.799999 80.2655
      vertex 149.122 -0.799999 78.6032
      vertex 151.952 -0.799999 79.4476
    endloop
  endfacet
  facet normal 0 -1 0
    outer loop
      vertex 149.122 -0.799999 78.6032
      vertex 152.201 -0.799999 78.5078
      vertex 151.952 -0.799999 79.4476
    endloop
  endfacet
  facet normal 0 -1 0
    outer loop
      vertex 149.217 -0.799999 78.063
      vertex 152.201 -0.799999 78.5078
      vertex 149.122 -0.799999 78.6032
    endloop
  endfacet
  facet normal 0 -1 0
    outer loop
      vertex 152.284 -0.799999 77.446
      vertex 149.217 -0.799999 78.063
      vertex 149.249 -0.799999 77.446
    endloop
  endfacet
  facet normal 0 -1 0
    outer loop
      vertex 149.217 -0.799999 78.063
      vertex 152.284 -0.799999 77.446
      vertex 152.201 -0.799999 78.5078
    endloop
  endfacet
  facet normal 0 -1 0
    outer loop
      vertex 149.217 -0.799999 76.8289
      vertex 152.284 -0.799999 77.446
      vertex 149.249 -0.799999 77.446
    endloop
  endfacet
  facet normal 0 -1 0
    outer loop
      vertex 149.217 -0.799999 76.8289
      vertex 152.201 -0.799999 76.3841
      vertex 152.284 -0.799999 77.446
    endloop
  endfacet
  facet normal 0 -1 0
    outer loop
      vertex 149.122 -0.799999 76.2887
      vertex 152.201 -0.799999 76.3841
      vertex 149.217 -0.799999 76.8289
    endloop
  endfacet
  facet normal 0 -1 0
    outer loop
      vertex 151.536 -0.799999 74.6265
      vertex 149.122 -0.799999 76.2887
      vertex 148.963 -0.799999 75.8253
    endloop
  endfacet
  facet normal 0 -1 0
    outer loop
      vertex 149.122 -0.799999 76.2887
      vertex 151.952 -0.799999 75.4443
      vertex 152.201 -0.799999 76.3841
    endloop
  endfacet
  facet normal 0 -1 0
    outer loop
      vertex 150.954 -0.799999 73.9308
      vertex 148.963 -0.799999 75.8253
      vertex 148.741 -0.799999 75.4388
    endloop
  endfacet
  facet normal 0 -1 0
    outer loop
      vertex 150.224 -0.799999 73.3754
      vertex 148.741 -0.799999 75.4388
      vertex 148.457 -0.799999 75.1342
    endloop
  endfacet
  facet normal 0 -1 0
    outer loop
      vertex 149.366 -0.799999 72.9787
      vertex 148.457 -0.799999 75.1342
      vertex 148.117 -0.799999 74.9166
    endloop
  endfacet
  facet normal 0 -1 0
    outer loop
      vertex 148.379 -0.799999 72.7406
      vertex 148.117 -0.799999 74.9166
      vertex 147.719 -0.799999 74.7861
    endloop
  endfacet
  facet normal 0 -1 0
    outer loop
      vertex 149.122 -0.799999 76.2887
      vertex 151.536 -0.799999 74.6265
      vertex 151.952 -0.799999 75.4443
    endloop
  endfacet
  facet normal 0 -1 0
    outer loop
      vertex 147.264 -0.799999 72.6613
      vertex 147.719 -0.799999 74.7861
      vertex 147.264 -0.799999 74.7426
    endloop
  endfacet
  facet normal 0 -1 -0
    outer loop
      vertex 146.087 -0.799999 75.1342
      vertex 145.169 -0.799999 72.9787
      vertex 146.423 -0.799999 74.9166
    endloop
  endfacet
  facet normal 0 -1 0
    outer loop
      vertex 146.152 -0.799999 72.7406
      vertex 146.423 -0.799999 74.9166
      vertex 145.169 -0.799999 72.9787
    endloop
  endfacet
  facet normal 0 -1 -0
    outer loop
      vertex 147.719 -0.799999 74.7861
      vertex 147.264 -0.799999 72.6613
      vertex 148.379 -0.799999 72.7406
    endloop
  endfacet
  facet normal 0 -1 -0
    outer loop
      vertex 146.423 -0.799999 74.9166
      vertex 146.152 -0.799999 72.7406
      vertex 146.816 -0.799999 74.7861
    endloop
  endfacet
  facet normal 0 -1 0
    outer loop
      vertex 148.117 -0.799999 74.9166
      vertex 148.379 -0.799999 72.7406
      vertex 149.366 -0.799999 72.9787
    endloop
  endfacet
  facet normal 0 -1 0
    outer loop
      vertex 147.264 -0.799999 72.6613
      vertex 146.816 -0.799999 74.7861
      vertex 146.152 -0.799999 72.7406
    endloop
  endfacet
  facet normal 0 -1 0
    outer loop
      vertex 148.457 -0.799999 75.1342
      vertex 149.366 -0.799999 72.9787
      vertex 150.224 -0.799999 73.3754
    endloop
  endfacet
  facet normal 0 -1 0
    outer loop
      vertex 146.816 -0.799999 74.7861
      vertex 147.264 -0.799999 72.6613
      vertex 147.264 -0.799999 74.7426
    endloop
  endfacet
  facet normal 0 -1 0
    outer loop
      vertex 148.963 -0.799999 75.8253
      vertex 150.954 -0.799999 73.9308
      vertex 151.536 -0.799999 74.6265
    endloop
  endfacet
  facet normal 0 -1 0
    outer loop
      vertex 148.741 -0.799999 75.4388
      vertex 150.224 -0.799999 73.3754
      vertex 150.954 -0.799999 73.9308
    endloop
  endfacet
  facet normal 0 -1 0
    outer loop
      vertex 157.577 -0.799999 79.94
      vertex 157.319 -0.799999 82.2306
      vertex 156.515 -0.799999 82.1469
    endloop
  endfacet
  facet normal -0 -1 0
    outer loop
      vertex 157.962 -0.799999 80.0682
      vertex 157.319 -0.799999 82.2306
      vertex 157.577 -0.799999 79.94
    endloop
  endfacet
  facet normal 0 -1 0
    outer loop
      vertex 157.319 -0.799999 82.2306
      vertex 157.962 -0.799999 80.0682
      vertex 157.782 -0.799999 82.207
    endloop
  endfacet
  facet normal 0 -1 0
    outer loop
      vertex 157.247 -0.799999 79.7265
      vertex 156.515 -0.799999 82.1469
      vertex 155.786 -0.799999 81.896
    endloop
  endfacet
  facet normal 0 -1 0
    outer loop
      vertex 157.782 -0.799999 82.207
      vertex 157.962 -0.799999 80.0682
      vertex 158.217 -0.799999 82.1362
    endloop
  endfacet
  facet normal 0 -1 0
    outer loop
      vertex 158.217 -0.799999 82.1362
      vertex 158.402 -0.799999 80.1109
      vertex 158.624 -0.799999 82.0181
    endloop
  endfacet
  facet normal 0 -1 0
    outer loop
      vertex 157.247 -0.799999 79.7265
      vertex 155.786 -0.799999 81.896
      vertex 155.132 -0.799999 81.4777
    endloop
  endfacet
  facet normal 0 -1 -0
    outer loop
      vertex 158.624 -0.799999 82.0181
      vertex 158.402 -0.799999 80.1109
      vertex 159.004 -0.799999 81.8529
    endloop
  endfacet
  facet normal 0 -1 0
    outer loop
      vertex 158.842 -0.799999 80.0679
      vertex 159.004 -0.799999 81.8529
      vertex 158.402 -0.799999 80.1109
    endloop
  endfacet
  facet normal 0 -1 0
    outer loop
      vertex 156.974 -0.799999 79.4275
      vertex 155.132 -0.799999 81.4777
      vertex 154.553 -0.799999 80.8921
    endloop
  endfacet
  facet normal 0 -1 -0
    outer loop
      vertex 159.004 -0.799999 81.8529
      vertex 158.842 -0.799999 80.0679
      vertex 159.362 -0.799999 81.6379
    endloop
  endfacet
  facet normal 0 -1 0
    outer loop
      vertex 156.758 -0.799999 79.0471
      vertex 154.553 -0.799999 80.8921
      vertex 154.079 -0.799999 80.1747
    endloop
  endfacet
  facet normal 0 -1 0
    outer loop
      vertex 160.338 -0.799999 80.6792
      vertex 163.252 -0.799999 85.4562
      vertex 160.338 -0.799999 85.4562
    endloop
  endfacet
  facet normal 0 -1 -0
    outer loop
      vertex 159.362 -0.799999 81.6379
      vertex 158.842 -0.799999 80.0679
      vertex 159.704 -0.799999 81.3706
    endloop
  endfacet
  facet normal 0 -1 -0
    outer loop
      vertex 159.704 -0.799999 81.3706
      vertex 159.229 -0.799999 79.939
      vertex 160.029 -0.799999 81.0511
    endloop
  endfacet
  facet normal 0 -1 -0
    outer loop
      vertex 160.029 -0.799999 81.0511
      vertex 159.229 -0.799999 79.939
      vertex 160.338 -0.799999 80.6792
    endloop
  endfacet
  facet normal 0 -1 0
    outer loop
      vertex 159.561 -0.799999 79.7242
      vertex 160.338 -0.799999 80.6792
      vertex 159.229 -0.799999 79.939
    endloop
  endfacet
  facet normal 0 -1 0
    outer loop
      vertex 159.838 -0.799999 79.4234
      vertex 160.338 -0.799999 80.6792
      vertex 159.561 -0.799999 79.7242
    endloop
  endfacet
  facet normal 0 -1 0
    outer loop
      vertex 160.057 -0.799999 79.0417
      vertex 160.338 -0.799999 80.6792
      vertex 159.838 -0.799999 79.4234
    endloop
  endfacet
  facet normal 0 -1 0
    outer loop
      vertex 160.213 -0.799999 78.5843
      vertex 160.338 -0.799999 80.6792
      vertex 160.057 -0.799999 79.0417
    endloop
  endfacet
  facet normal 0 -1 0
    outer loop
      vertex 160.307 -0.799999 78.0511
      vertex 160.338 -0.799999 80.6792
      vertex 160.213 -0.799999 78.5843
    endloop
  endfacet
  facet normal 0 -1 -0
    outer loop
      vertex 160.338 -0.799999 80.6792
      vertex 160.307 -0.799999 78.0511
      vertex 163.252 -0.799999 85.4562
    endloop
  endfacet
  facet normal 0 -1 0
    outer loop
      vertex 163.252 -0.799999 72.8763
      vertex 160.307 -0.799999 78.0511
      vertex 160.338 -0.799999 77.4421
    endloop
  endfacet
  facet normal 0 -1 0
    outer loop
      vertex 163.252 -0.799999 72.8763
      vertex 160.338 -0.799999 77.4421
      vertex 160.307 -0.799999 76.8331
    endloop
  endfacet
  facet normal 0 -1 0
    outer loop
      vertex 163.252 -0.799999 72.8763
      vertex 160.307 -0.799999 76.8331
      vertex 160.213 -0.799999 76.2999
    endloop
  endfacet
  facet normal 0 -1 0
    outer loop
      vertex 156.515 -0.799999 72.745
      vertex 157.247 -0.799999 75.1578
      vertex 155.786 -0.799999 72.996
    endloop
  endfacet
  facet normal 0 -1 0
    outer loop
      vertex 160.029 -0.799999 73.8408
      vertex 158.842 -0.799999 74.8163
      vertex 158.402 -0.799999 74.7733
    endloop
  endfacet
  facet normal 0 -1 0
    outer loop
      vertex 160.029 -0.799999 73.8408
      vertex 159.229 -0.799999 74.9452
      vertex 158.842 -0.799999 74.8163
    endloop
  endfacet
  facet normal 0 -1 0
    outer loop
      vertex 160.338 -0.799999 74.2127
      vertex 159.561 -0.799999 75.1601
      vertex 159.229 -0.799999 74.9452
    endloop
  endfacet
  facet normal 0 -1 0
    outer loop
      vertex 160.338 -0.799999 74.2127
      vertex 159.838 -0.799999 75.4609
      vertex 159.561 -0.799999 75.1601
    endloop
  endfacet
  facet normal 0 -1 0
    outer loop
      vertex 160.338 -0.799999 74.2127
      vertex 160.057 -0.799999 75.8425
      vertex 159.838 -0.799999 75.4609
    endloop
  endfacet
  facet normal 0 -1 0
    outer loop
      vertex 160.338 -0.799999 74.2127
      vertex 160.213 -0.799999 76.2999
      vertex 160.057 -0.799999 75.8425
    endloop
  endfacet
  facet normal 0 -1 0
    outer loop
      vertex 163.252 -0.799999 72.8763
      vertex 160.213 -0.799999 76.2999
      vertex 160.338 -0.799999 74.2127
    endloop
  endfacet
  facet normal 0 -1 0
    outer loop
      vertex 163.252 -0.799999 72.8763
      vertex 160.338 -0.799999 74.2127
      vertex 160.338 -0.799999 72.8763
    endloop
  endfacet
  facet normal 0 -1 0
    outer loop
      vertex 160.307 -0.799999 78.0511
      vertex 163.252 -0.799999 72.8763
      vertex 163.252 -0.799999 85.4562
    endloop
  endfacet
  facet normal 0 -1 -0
    outer loop
      vertex 157.247 -0.799999 75.1578
      vertex 156.515 -0.799999 72.745
      vertex 157.577 -0.799999 74.9442
    endloop
  endfacet
  facet normal 0 -1 0
    outer loop
      vertex 159.229 -0.799999 74.9452
      vertex 160.029 -0.799999 73.8408
      vertex 160.338 -0.799999 74.2127
    endloop
  endfacet
  facet normal 0 -1 0
    outer loop
      vertex 158.402 -0.799999 74.7733
      vertex 159.704 -0.799999 73.5213
      vertex 160.029 -0.799999 73.8408
    endloop
  endfacet
  facet normal 0 -1 0
    outer loop
      vertex 157.319 -0.799999 72.6613
      vertex 157.577 -0.799999 74.9442
      vertex 156.515 -0.799999 72.745
    endloop
  endfacet
  facet normal 0 -1 0
    outer loop
      vertex 157.962 -0.799999 74.816
      vertex 158.217 -0.799999 72.7558
      vertex 158.402 -0.799999 74.7733
    endloop
  endfacet
  facet normal 0 -1 0
    outer loop
      vertex 158.402 -0.799999 74.7733
      vertex 159.362 -0.799999 73.254
      vertex 159.704 -0.799999 73.5213
    endloop
  endfacet
  facet normal 0 -1 -0
    outer loop
      vertex 157.577 -0.799999 74.9442
      vertex 157.319 -0.799999 72.6613
      vertex 157.962 -0.799999 74.816
    endloop
  endfacet
  facet normal -0 -1 0
    outer loop
      vertex 158.624 -0.799999 72.8738
      vertex 158.402 -0.799999 74.7733
      vertex 158.217 -0.799999 72.7558
    endloop
  endfacet
  facet normal 0 -1 0
    outer loop
      vertex 158.402 -0.799999 74.7733
      vertex 158.624 -0.799999 72.8738
      vertex 159.004 -0.799999 73.0391
    endloop
  endfacet
  facet normal -0 -1 0
    outer loop
      vertex 157.782 -0.799999 72.6849
      vertex 157.962 -0.799999 74.816
      vertex 157.319 -0.799999 72.6613
    endloop
  endfacet
  facet normal 0 -1 0
    outer loop
      vertex 158.402 -0.799999 74.7733
      vertex 159.004 -0.799999 73.0391
      vertex 159.362 -0.799999 73.254
    endloop
  endfacet
  facet normal -0 -1 0
    outer loop
      vertex 158.217 -0.799999 72.7558
      vertex 157.962 -0.799999 74.816
      vertex 157.782 -0.799999 72.6849
    endloop
  endfacet
  facet normal 0 -1 0
    outer loop
      vertex 159.229 -0.799999 79.939
      vertex 159.704 -0.799999 81.3706
      vertex 158.842 -0.799999 80.0679
    endloop
  endfacet
  facet normal -0 -1 0
    outer loop
      vertex 158.402 -0.799999 80.1109
      vertex 158.217 -0.799999 82.1362
      vertex 157.962 -0.799999 80.0682
    endloop
  endfacet
  facet normal 0 -1 0
    outer loop
      vertex 156.515 -0.799999 82.1469
      vertex 157.247 -0.799999 79.7265
      vertex 157.577 -0.799999 79.94
    endloop
  endfacet
  facet normal 0 -1 0
    outer loop
      vertex 155.132 -0.799999 81.4777
      vertex 156.974 -0.799999 79.4275
      vertex 157.247 -0.799999 79.7265
    endloop
  endfacet
  facet normal 0 -1 0
    outer loop
      vertex 156.604 -0.799999 78.5894
      vertex 154.079 -0.799999 80.1747
      vertex 153.741 -0.799999 79.3613
    endloop
  endfacet
  facet normal 0 -1 0
    outer loop
      vertex 154.553 -0.799999 80.8921
      vertex 156.758 -0.799999 79.0471
      vertex 156.974 -0.799999 79.4275
    endloop
  endfacet
  facet normal 0 -1 0
    outer loop
      vertex 154.079 -0.799999 80.1747
      vertex 156.604 -0.799999 78.5894
      vertex 156.758 -0.799999 79.0471
    endloop
  endfacet
  facet normal 0 -1 0
    outer loop
      vertex 153.538 -0.799999 78.4516
      vertex 156.604 -0.799999 78.5894
      vertex 153.741 -0.799999 79.3613
    endloop
  endfacet
  facet normal 0 -1 0
    outer loop
      vertex 153.538 -0.799999 78.4516
      vertex 156.512 -0.799999 78.0544
      vertex 156.604 -0.799999 78.5894
    endloop
  endfacet
  facet normal 0 -1 0
    outer loop
      vertex 153.47 -0.799999 77.446
      vertex 156.512 -0.799999 78.0544
      vertex 153.538 -0.799999 78.4516
    endloop
  endfacet
  facet normal 0 -1 0
    outer loop
      vertex 153.47 -0.799999 77.446
      vertex 156.481 -0.799999 77.4421
      vertex 156.512 -0.799999 78.0544
    endloop
  endfacet
  facet normal 0 -1 0
    outer loop
      vertex 153.47 -0.799999 77.446
      vertex 156.512 -0.799999 76.8298
      vertex 156.481 -0.799999 77.4421
    endloop
  endfacet
  facet normal 0 -1 0
    outer loop
      vertex 153.538 -0.799999 76.4402
      vertex 156.512 -0.799999 76.8298
      vertex 153.47 -0.799999 77.446
    endloop
  endfacet
  facet normal 0 -1 0
    outer loop
      vertex 153.538 -0.799999 76.4402
      vertex 156.604 -0.799999 76.2948
      vertex 156.512 -0.799999 76.8298
    endloop
  endfacet
  facet normal 0 -1 0
    outer loop
      vertex 153.741 -0.799999 75.5307
      vertex 156.604 -0.799999 76.2948
      vertex 153.538 -0.799999 76.4402
    endloop
  endfacet
  facet normal 0 -1 0
    outer loop
      vertex 154.079 -0.799999 74.7172
      vertex 156.604 -0.799999 76.2948
      vertex 153.741 -0.799999 75.5307
    endloop
  endfacet
  facet normal 0 -1 -0
    outer loop
      vertex 156.604 -0.799999 76.2948
      vertex 154.079 -0.799999 74.7172
      vertex 156.758 -0.799999 75.8372
    endloop
  endfacet
  facet normal 0 -1 0
    outer loop
      vertex 154.553 -0.799999 73.9999
      vertex 156.758 -0.799999 75.8372
      vertex 154.079 -0.799999 74.7172
    endloop
  endfacet
  facet normal 0 -1 -0
    outer loop
      vertex 156.758 -0.799999 75.8372
      vertex 154.553 -0.799999 73.9999
      vertex 156.974 -0.799999 75.4568
    endloop
  endfacet
  facet normal 0 -1 0
    outer loop
      vertex 155.132 -0.799999 73.4143
      vertex 156.974 -0.799999 75.4568
      vertex 154.553 -0.799999 73.9999
    endloop
  endfacet
  facet normal 0 -1 0
    outer loop
      vertex 155.786 -0.799999 72.996
      vertex 157.247 -0.799999 75.1578
      vertex 155.132 -0.799999 73.4143
    endloop
  endfacet
  facet normal 0 -1 -0
    outer loop
      vertex 156.974 -0.799999 75.4568
      vertex 155.132 -0.799999 73.4143
      vertex 157.247 -0.799999 75.1578
    endloop
  endfacet
  facet normal 0 -1 0
    outer loop
      vertex 36.471 -0.799999 81.9925
      vertex 39.3842 -0.799999 80.6792
      vertex 39.3842 -0.799999 81.9925
    endloop
  endfacet
  facet normal 0 -1 0
    outer loop
      vertex 42.138 -0.799999 79.7862
      vertex 43.1455 -0.799999 82.1701
      vertex 42.0004 -0.799999 79.8717
    endloop
  endfacet
  facet normal 0 -1 0
    outer loop
      vertex 39.7186 -0.799999 81.0511
      vertex 40.9059 -0.799999 79.9826
      vertex 41.3372 -0.799999 80.0264
    endloop
  endfacet
  facet normal 0 -1 0
    outer loop
      vertex 39.5144 -0.799999 78.4893
      vertex 39.3842 -0.799999 80.6792
      vertex 36.471 -0.799999 81.9925
    endloop
  endfacet
  facet normal 0 -1 0
    outer loop
      vertex 39.7186 -0.799999 81.0511
      vertex 40.5235 -0.799999 79.8513
      vertex 40.9059 -0.799999 79.9826
    endloop
  endfacet
  facet normal 0 -1 0
    outer loop
      vertex 39.3842 -0.799999 80.6792
      vertex 40.1898 -0.799999 79.6325
      vertex 40.5235 -0.799999 79.8513
    endloop
  endfacet
  facet normal 0 -1 0
    outer loop
      vertex 39.3842 -0.799999 80.6792
      vertex 39.905 -0.799999 79.3261
      vertex 40.1898 -0.799999 79.6325
    endloop
  endfacet
  facet normal 0 -1 0
    outer loop
      vertex 39.3842 -0.799999 80.6792
      vertex 39.6772 -0.799999 78.9418
      vertex 39.905 -0.799999 79.3261
    endloop
  endfacet
  facet normal 0 -1 0
    outer loop
      vertex 39.3842 -0.799999 80.6792
      vertex 39.5144 -0.799999 78.4893
      vertex 39.6772 -0.799999 78.9418
    endloop
  endfacet
  facet normal 0 -1 0
    outer loop
      vertex 36.471 -0.799999 81.9925
      vertex 39.4168 -0.799999 77.9686
      vertex 39.5144 -0.799999 78.4893
    endloop
  endfacet
  facet normal 0 -1 0
    outer loop
      vertex 36.471 -0.799999 81.9925
      vertex 39.3842 -0.799999 77.3797
      vertex 39.4168 -0.799999 77.9686
    endloop
  endfacet
  facet normal 0 -1 0
    outer loop
      vertex 36.471 -0.799999 72.8763
      vertex 39.3842 -0.799999 77.3797
      vertex 36.471 -0.799999 81.9925
    endloop
  endfacet
  facet normal 0 -1 -0
    outer loop
      vertex 39.3842 -0.799999 77.3797
      vertex 36.471 -0.799999 72.8763
      vertex 39.3842 -0.799999 72.8763
    endloop
  endfacet
  facet normal 0 -1 0
    outer loop
      vertex 41.6902 -0.799999 79.9877
      vertex 41.5539 -0.799999 82.1362
      vertex 41.519 -0.799999 80.0167
    endloop
  endfacet
  facet normal 0 -1 0
    outer loop
      vertex 41.1574 -0.799999 82.0181
      vertex 41.519 -0.799999 80.0167
      vertex 41.5539 -0.799999 82.1362
    endloop
  endfacet
  facet normal 0 -1 0
    outer loop
      vertex 41.519 -0.799999 80.0167
      vertex 41.1574 -0.799999 82.0181
      vertex 41.3372 -0.799999 80.0264
    endloop
  endfacet
  facet normal 0 -1 0
    outer loop
      vertex 41.5539 -0.799999 82.1362
      vertex 41.6902 -0.799999 79.9877
      vertex 41.9691 -0.799999 82.207
    endloop
  endfacet
  facet normal 0 -1 0
    outer loop
      vertex 41.3372 -0.799999 80.0264
      vertex 41.1574 -0.799999 82.0181
      vertex 40.7798 -0.799999 81.8529
    endloop
  endfacet
  facet normal 0 -1 -0
    outer loop
      vertex 42.4032 -0.799999 82.2306
      vertex 42.0004 -0.799999 79.8717
      vertex 43.1455 -0.799999 82.1701
    endloop
  endfacet
  facet normal 0 -1 0
    outer loop
      vertex 41.3372 -0.799999 80.0264
      vertex 40.7798 -0.799999 81.8529
      vertex 40.4164 -0.799999 81.6379
    endloop
  endfacet
  facet normal 0 -1 0
    outer loop
      vertex 41.3372 -0.799999 80.0264
      vertex 40.4164 -0.799999 81.6379
      vertex 40.0627 -0.799999 81.3706
    endloop
  endfacet
  facet normal 0 -1 0
    outer loop
      vertex 41.8506 -0.799999 79.9394
      vertex 41.9691 -0.799999 82.207
      vertex 41.6902 -0.799999 79.9877
    endloop
  endfacet
  facet normal 0 -1 0
    outer loop
      vertex 41.3372 -0.799999 80.0264
      vertex 40.0627 -0.799999 81.3706
      vertex 39.7186 -0.799999 81.0511
    endloop
  endfacet
  facet normal 0 -1 0
    outer loop
      vertex 42.0004 -0.799999 79.8717
      vertex 42.4032 -0.799999 82.2306
      vertex 41.8506 -0.799999 79.9394
    endloop
  endfacet
  facet normal 0 -1 0
    outer loop
      vertex 40.5235 -0.799999 79.8513
      vertex 39.7186 -0.799999 81.0511
      vertex 39.3842 -0.799999 80.6792
    endloop
  endfacet
  facet normal 0 -1 -0
    outer loop
      vertex 41.9691 -0.799999 82.207
      vertex 41.8506 -0.799999 79.9394
      vertex 42.4032 -0.799999 82.2306
    endloop
  endfacet
  facet normal 0 -1 0
    outer loop
      vertex 42.2618 -0.799999 79.6844
      vertex 43.1455 -0.799999 82.1701
      vertex 42.138 -0.799999 79.7862
    endloop
  endfacet
  facet normal 0 -1 -0
    outer loop
      vertex 43.1455 -0.799999 82.1701
      vertex 42.2618 -0.799999 79.6844
      vertex 43.7937 -0.799999 81.9885
    endloop
  endfacet
  facet normal 0 -1 0
    outer loop
      vertex 42.3719 -0.799999 79.5663
      vertex 43.7937 -0.799999 81.9885
      vertex 42.2618 -0.799999 79.6844
    endloop
  endfacet
  facet normal 0 -1 -0
    outer loop
      vertex 43.7937 -0.799999 81.9885
      vertex 42.3719 -0.799999 79.5663
      vertex 44.3478 -0.799999 81.6859
    endloop
  endfacet
  facet normal 0 -1 -0
    outer loop
      vertex 44.3478 -0.799999 81.6859
      vertex 42.3719 -0.799999 79.5663
      vertex 44.8078 -0.799999 81.2623
    endloop
  endfacet
  facet normal 0 -1 0
    outer loop
      vertex 42.4683 -0.799999 79.4319
      vertex 44.8078 -0.799999 81.2623
      vertex 42.3719 -0.799999 79.5663
    endloop
  endfacet
  facet normal 0 -1 -0
    outer loop
      vertex 44.8078 -0.799999 81.2623
      vertex 42.4683 -0.799999 79.4319
      vertex 45.1692 -0.799999 80.7232
    endloop
  endfacet
  facet normal 0 -1 0
    outer loop
      vertex 42.5324 -0.799999 79.3055
      vertex 45.1692 -0.799999 80.7232
      vertex 42.4683 -0.799999 79.4319
    endloop
  endfacet
  facet normal 0 -1 -0
    outer loop
      vertex 45.1692 -0.799999 80.7232
      vertex 42.5324 -0.799999 79.3055
      vertex 45.4273 -0.799999 80.0742
    endloop
  endfacet
  facet normal 0 -1 0
    outer loop
      vertex 42.5863 -0.799999 79.1459
      vertex 45.4273 -0.799999 80.0742
      vertex 42.5324 -0.799999 79.3055
    endloop
  endfacet
  facet normal 0 -1 -0
    outer loop
      vertex 45.4273 -0.799999 80.0742
      vertex 42.5863 -0.799999 79.1459
      vertex 45.5822 -0.799999 79.3153
    endloop
  endfacet
  facet normal 0 -1 0
    outer loop
      vertex 42.6301 -0.799999 78.9533
      vertex 45.5822 -0.799999 79.3153
      vertex 42.5863 -0.799999 79.1459
    endloop
  endfacet
  facet normal 0 -1 0
    outer loop
      vertex 42.6637 -0.799999 78.7275
      vertex 45.5822 -0.799999 79.3153
      vertex 42.6301 -0.799999 78.9533
    endloop
  endfacet
  facet normal 0 -1 0
    outer loop
      vertex 45.6338 -0.799999 78.4466
      vertex 42.6637 -0.799999 78.7275
      vertex 42.6886 -0.799999 78.4468
    endloop
  endfacet
  facet normal 0 -1 0
    outer loop
      vertex 42.6637 -0.799999 78.7275
      vertex 45.6338 -0.799999 78.4466
      vertex 45.5822 -0.799999 79.3153
    endloop
  endfacet
  facet normal 0 -1 0
    outer loop
      vertex 42.7063 -0.799999 78.0893
      vertex 45.6338 -0.799999 78.4466
      vertex 42.6886 -0.799999 78.4468
    endloop
  endfacet
  facet normal 0 -1 0
    outer loop
      vertex 42.717 -0.799999 77.6549
      vertex 45.6338 -0.799999 78.4466
      vertex 42.7063 -0.799999 78.0893
    endloop
  endfacet
  facet normal 0 -1 0
    outer loop
      vertex 42.7206 -0.799999 77.1437
      vertex 45.6338 -0.799999 78.4466
      vertex 42.717 -0.799999 77.6549
    endloop
  endfacet
  facet normal 0 -1 0
    outer loop
      vertex 42.7201 -0.799999 76.9098
      vertex 45.6338 -0.799999 78.4466
      vertex 42.7206 -0.799999 77.1437
    endloop
  endfacet
  facet normal 0 -1 0
    outer loop
      vertex 42.7185 -0.799999 76.5828
      vertex 45.6338 -0.799999 78.4466
      vertex 42.7201 -0.799999 76.9098
    endloop
  endfacet
  facet normal 0 -1 0
    outer loop
      vertex 42.716 -0.799999 76.1626
      vertex 45.6338 -0.799999 78.4466
      vertex 42.7185 -0.799999 76.5828
    endloop
  endfacet
  facet normal 0 -1 0
    outer loop
      vertex 42.7124 -0.799999 75.6493
      vertex 45.6338 -0.799999 78.4466
      vertex 42.716 -0.799999 76.1626
    endloop
  endfacet
  facet normal 0 -1 0
    outer loop
      vertex 45.6338 -0.799999 72.8763
      vertex 42.7124 -0.799999 75.6493
      vertex 42.7088 -0.799999 75.1131
    endloop
  endfacet
  facet normal 0 -1 0
    outer loop
      vertex 45.6338 -0.799999 72.8763
      vertex 42.7088 -0.799999 75.1131
      vertex 42.7063 -0.799999 74.6242
    endloop
  endfacet
  facet normal 0 -1 0
    outer loop
      vertex 45.6338 -0.799999 72.8763
      vertex 42.7063 -0.799999 74.6242
      vertex 42.7048 -0.799999 74.1827
    endloop
  endfacet
  facet normal 0 -1 0
    outer loop
      vertex 45.6338 -0.799999 72.8763
      vertex 42.7048 -0.799999 74.1827
      vertex 42.7043 -0.799999 73.7885
    endloop
  endfacet
  facet normal 0 -1 0
    outer loop
      vertex 45.6338 -0.799999 72.8763
      vertex 42.7043 -0.799999 73.7885
      vertex 42.7043 -0.799999 72.8763
    endloop
  endfacet
  facet normal 0 -1 0
    outer loop
      vertex 42.7124 -0.799999 75.6493
      vertex 45.6338 -0.799999 72.8763
      vertex 45.6338 -0.799999 78.4466
    endloop
  endfacet
  facet normal -0.159483 0 0.987201
    outer loop
      vertex 81.3545 0 82.1372
      vertex 81.7878 -0.799999 82.2072
      vertex 81.7878 0 82.2072
    endloop
  endfacet
  facet normal -0.159483 0 0.987201
    outer loop
      vertex 81.7878 -0.799999 82.2072
      vertex 81.3545 0 82.1372
      vertex 81.3545 -0.799999 82.1372
    endloop
  endfacet
  facet normal -0.277228 0 0.960804
    outer loop
      vertex 80.9497 0 82.0204
      vertex 81.3545 -0.799999 82.1372
      vertex 81.3545 0 82.1372
    endloop
  endfacet
  facet normal -0.277228 0 0.960804
    outer loop
      vertex 81.3545 -0.799999 82.1372
      vertex 80.9497 0 82.0204
      vertex 80.9497 -0.799999 82.0204
    endloop
  endfacet
  facet normal -0.398209 0 0.917295
    outer loop
      vertex 80.5733 0 81.857
      vertex 80.9497 -0.799999 82.0204
      vertex 80.9497 0 82.0204
    endloop
  endfacet
  facet normal -0.398209 0 0.917295
    outer loop
      vertex 80.9497 -0.799999 82.0204
      vertex 80.5733 0 81.857
      vertex 80.5733 -0.799999 81.857
    endloop
  endfacet
  facet normal -0.516271 0 0.856425
    outer loop
      vertex 80.2188 0 81.6433
      vertex 80.5733 -0.799999 81.857
      vertex 80.5733 0 81.857
    endloop
  endfacet
  facet normal -0.516271 0 0.856425
    outer loop
      vertex 80.5733 -0.799999 81.857
      vertex 80.2188 0 81.6433
      vertex 80.2188 -0.799999 81.6433
    endloop
  endfacet
  facet normal -0.619262 0 0.785185
    outer loop
      vertex 79.8795 0 81.3757
      vertex 80.2188 -0.799999 81.6433
      vertex 80.2188 0 81.6433
    endloop
  endfacet
  facet normal -0.619262 0 0.785185
    outer loop
      vertex 80.2188 -0.799999 81.6433
      vertex 79.8795 0 81.3757
      vertex 79.8795 -0.799999 81.3757
    endloop
  endfacet
  facet normal -0.704252 0 0.70995
    outer loop
      vertex 79.5556 0 81.0544
      vertex 79.8795 -0.799999 81.3757
      vertex 79.8795 0 81.3757
    endloop
  endfacet
  facet normal -0.704252 0 0.70995
    outer loop
      vertex 79.8795 -0.799999 81.3757
      vertex 79.5556 0 81.0544
      vertex 79.5556 -0.799999 81.0544
    endloop
  endfacet
  facet normal -0.772221 0 0.635354
    outer loop
      vertex 79.2469 -0.799999 80.6792
      vertex 79.5556 0 81.0544
      vertex 79.2469 0 80.6792
    endloop
  endfacet
  facet normal -0.772221 0 0.635354
    outer loop
      vertex 79.5556 0 81.0544
      vertex 79.2469 -0.799999 80.6792
      vertex 79.5556 -0.799999 81.0544
    endloop
  endfacet
  facet normal 1 -0 0
    outer loop
      vertex 79.2469 -0.799999 81.9925
      vertex 79.2469 0 80.6792
      vertex 79.2469 0 81.9925
    endloop
  endfacet
  facet normal 1 0 0
    outer loop
      vertex 79.2469 0 80.6792
      vertex 79.2469 -0.799999 81.9925
      vertex 79.2469 -0.799999 80.6792
    endloop
  endfacet
  facet normal -0 0 1
    outer loop
      vertex 76.3174 0 81.9925
      vertex 79.2469 -0.799999 81.9925
      vertex 79.2469 0 81.9925
    endloop
  endfacet
  facet normal 0 0 1
    outer loop
      vertex 79.2469 -0.799999 81.9925
      vertex 76.3174 0 81.9925
      vertex 76.3174 -0.799999 81.9925
    endloop
  endfacet
  facet normal -1 0 0
    outer loop
      vertex 76.3174 -0.799999 69.3282
      vertex 76.3174 0 81.9925
      vertex 76.3174 0 69.3282
    endloop
  endfacet
  facet normal -1 -0 0
    outer loop
      vertex 76.3174 0 81.9925
      vertex 76.3174 -0.799999 69.3282
      vertex 76.3174 -0.799999 81.9925
    endloop
  endfacet
  facet normal 0 0 -1
    outer loop
      vertex 76.3174 -0.799999 69.3282
      vertex 79.2469 0 69.3282
      vertex 79.2469 -0.799999 69.3282
    endloop
  endfacet
  facet normal -0 0 -1
    outer loop
      vertex 79.2469 0 69.3282
      vertex 76.3174 -0.799999 69.3282
      vertex 76.3174 0 69.3282
    endloop
  endfacet
  facet normal 1 -0 0
    outer loop
      vertex 79.2469 -0.799999 74.2127
      vertex 79.2469 0 69.3282
      vertex 79.2469 0 74.2127
    endloop
  endfacet
  facet normal 1 0 0
    outer loop
      vertex 79.2469 0 69.3282
      vertex 79.2469 -0.799999 74.2127
      vertex 79.2469 -0.799999 69.3282
    endloop
  endfacet
  facet normal -0.769254 0 -0.638942
    outer loop
      vertex 79.5558 -0.799999 73.8408
      vertex 79.2469 0 74.2127
      vertex 79.5558 0 73.8408
    endloop
  endfacet
  facet normal -0.769254 -0 -0.638942
    outer loop
      vertex 79.2469 0 74.2127
      vertex 79.5558 -0.799999 73.8408
      vertex 79.2469 -0.799999 74.2127
    endloop
  endfacet
  facet normal -0.701266 0 -0.712899
    outer loop
      vertex 79.5558 -0.799999 73.8408
      vertex 79.8806 0 73.5213
      vertex 79.8806 -0.799999 73.5213
    endloop
  endfacet
  facet normal -0.701266 0 -0.712899
    outer loop
      vertex 79.8806 0 73.5213
      vertex 79.5558 -0.799999 73.8408
      vertex 79.5558 0 73.8408
    endloop
  endfacet
  facet normal -0.617485 0 -0.786583
    outer loop
      vertex 79.8806 -0.799999 73.5213
      vertex 80.2211 0 73.254
      vertex 80.2211 -0.799999 73.254
    endloop
  endfacet
  facet normal -0.617485 0 -0.786583
    outer loop
      vertex 80.2211 0 73.254
      vertex 79.8806 -0.799999 73.5213
      vertex 79.8806 0 73.5213
    endloop
  endfacet
  facet normal -0.516474 0 -0.856303
    outer loop
      vertex 80.2211 -0.799999 73.254
      vertex 80.5774 0 73.0391
      vertex 80.5774 -0.799999 73.0391
    endloop
  endfacet
  facet normal -0.516474 0 -0.856303
    outer loop
      vertex 80.5774 0 73.0391
      vertex 80.2211 -0.799999 73.254
      vertex 80.2211 0 73.254
    endloop
  endfacet
  facet normal -0.401022 0 -0.916068
    outer loop
      vertex 80.5774 -0.799999 73.0391
      vertex 80.955 0 72.8738
      vertex 80.955 -0.799999 72.8738
    endloop
  endfacet
  facet normal -0.401022 0 -0.916068
    outer loop
      vertex 80.955 0 72.8738
      vertex 80.5774 -0.799999 73.0391
      vertex 80.5774 0 73.0391
    endloop
  endfacet
  facet normal -0.279982 0 -0.960005
    outer loop
      vertex 80.955 -0.799999 72.8738
      vertex 81.3596 0 72.7558
      vertex 81.3596 -0.799999 72.7558
    endloop
  endfacet
  facet normal -0.279982 0 -0.960005
    outer loop
      vertex 81.3596 0 72.7558
      vertex 80.955 -0.799999 72.8738
      vertex 80.955 0 72.8738
    endloop
  endfacet
  facet normal -0.162136 0 -0.986768
    outer loop
      vertex 81.3596 -0.799999 72.7558
      vertex 81.7911 0 72.6849
      vertex 81.7911 -0.799999 72.6849
    endloop
  endfacet
  facet normal -0.162136 0 -0.986768
    outer loop
      vertex 81.7911 0 72.6849
      vertex 81.3596 -0.799999 72.7558
      vertex 81.3596 0 72.7558
    endloop
  endfacet
  facet normal -0.0514041 0 -0.998678
    outer loop
      vertex 81.7911 -0.799999 72.6849
      vertex 82.2496 0 72.6613
      vertex 82.2496 -0.799999 72.6613
    endloop
  endfacet
  facet normal -0.0514041 0 -0.998678
    outer loop
      vertex 82.2496 0 72.6613
      vertex 81.7911 -0.799999 72.6849
      vertex 81.7911 0 72.6849
    endloop
  endfacet
  facet normal 0.103469 0 -0.994633
    outer loop
      vertex 82.2496 -0.799999 72.6613
      vertex 83.0542 0 72.745
      vertex 83.0542 -0.799999 72.745
    endloop
  endfacet
  facet normal 0.103469 0 -0.994633
    outer loop
      vertex 83.0542 0 72.745
      vertex 82.2496 -0.799999 72.6613
      vertex 82.2496 0 72.6613
    endloop
  endfacet
  facet normal 0.325431 0 -0.945566
    outer loop
      vertex 83.0542 -0.799999 72.745
      vertex 83.7835 0 72.996
      vertex 83.7835 -0.799999 72.996
    endloop
  endfacet
  facet normal 0.325431 0 -0.945566
    outer loop
      vertex 83.7835 0 72.996
      vertex 83.0542 -0.799999 72.745
      vertex 83.0542 0 72.745
    endloop
  endfacet
  facet normal 0.538758 0 -0.842461
    outer loop
      vertex 83.7835 -0.799999 72.996
      vertex 84.4376 0 73.4143
      vertex 84.4376 -0.799999 73.4143
    endloop
  endfacet
  facet normal 0.538758 0 -0.842461
    outer loop
      vertex 84.4376 0 73.4143
      vertex 83.7835 -0.799999 72.996
      vertex 83.7835 0 72.996
    endloop
  endfacet
  facet normal 0.711285 0 -0.702904
    outer loop
      vertex 85.0163 -0.799999 73.9999
      vertex 84.4376 0 73.4143
      vertex 85.0163 0 73.9999
    endloop
  endfacet
  facet normal 0.711285 0 -0.702904
    outer loop
      vertex 84.4376 0 73.4143
      vertex 85.0163 -0.799999 73.9999
      vertex 84.4376 -0.799999 73.4143
    endloop
  endfacet
  facet normal 0.834566 0 -0.550909
    outer loop
      vertex 85.4898 -0.799999 74.7172
      vertex 85.0163 0 73.9999
      vertex 85.4898 0 74.7172
    endloop
  endfacet
  facet normal 0.834566 0 -0.550909
    outer loop
      vertex 85.0163 0 73.9999
      vertex 85.4898 -0.799999 74.7172
      vertex 85.0163 -0.799999 73.9999
    endloop
  endfacet
  facet normal 0.923382 0 -0.383882
    outer loop
      vertex 85.828 -0.799999 75.5307
      vertex 85.4898 0 74.7172
      vertex 85.828 0 75.5307
    endloop
  endfacet
  facet normal 0.923382 0 -0.383882
    outer loop
      vertex 85.4898 0 74.7172
      vertex 85.828 -0.799999 75.5307
      vertex 85.4898 -0.799999 74.7172
    endloop
  endfacet
  facet normal 0.975985 0 -0.217839
    outer loop
      vertex 86.031 -0.799999 76.4402
      vertex 85.828 0 75.5307
      vertex 86.031 0 76.4402
    endloop
  endfacet
  facet normal 0.975985 0 -0.217839
    outer loop
      vertex 85.828 0 75.5307
      vertex 86.031 -0.799999 76.4402
      vertex 85.828 -0.799999 75.5307
    endloop
  endfacet
  facet normal 0.997749 0 -0.0670589
    outer loop
      vertex 86.0986 -0.799999 77.446
      vertex 86.031 0 76.4402
      vertex 86.0986 0 77.446
    endloop
  endfacet
  facet normal 0.997749 0 -0.0670589
    outer loop
      vertex 86.031 0 76.4402
      vertex 86.0986 -0.799999 77.446
      vertex 86.031 -0.799999 76.4402
    endloop
  endfacet
  facet normal 0.997748 -0 0.0670722
    outer loop
      vertex 86.031 -0.799999 78.4516
      vertex 86.0986 0 77.446
      vertex 86.031 0 78.4516
    endloop
  endfacet
  facet normal 0.997748 0 0.0670722
    outer loop
      vertex 86.0986 0 77.446
      vertex 86.031 -0.799999 78.4516
      vertex 86.0986 -0.799999 77.446
    endloop
  endfacet
  facet normal 0.975995 -0 0.217794
    outer loop
      vertex 85.828 -0.799999 79.3613
      vertex 86.031 0 78.4516
      vertex 85.828 0 79.3613
    endloop
  endfacet
  facet normal 0.975995 0 0.217794
    outer loop
      vertex 86.031 0 78.4516
      vertex 85.828 -0.799999 79.3613
      vertex 86.031 -0.799999 78.4516
    endloop
  endfacet
  facet normal 0.923365 -0 0.383922
    outer loop
      vertex 85.4898 -0.799999 80.1747
      vertex 85.828 0 79.3613
      vertex 85.4898 0 80.1747
    endloop
  endfacet
  facet normal 0.923365 0 0.383922
    outer loop
      vertex 85.828 0 79.3613
      vertex 85.4898 -0.799999 80.1747
      vertex 85.828 -0.799999 79.3613
    endloop
  endfacet
  facet normal 0.834601 -0 0.550855
    outer loop
      vertex 85.0163 -0.799999 80.8921
      vertex 85.4898 0 80.1747
      vertex 85.0163 0 80.8921
    endloop
  endfacet
  facet normal 0.834601 0 0.550855
    outer loop
      vertex 85.4898 0 80.1747
      vertex 85.0163 -0.799999 80.8921
      vertex 85.4898 -0.799999 80.1747
    endloop
  endfacet
  facet normal 0.711285 -0 0.702904
    outer loop
      vertex 84.4376 -0.799999 81.4777
      vertex 85.0163 0 80.8921
      vertex 84.4376 0 81.4777
    endloop
  endfacet
  facet normal 0.711285 0 0.702904
    outer loop
      vertex 85.0163 0 80.8921
      vertex 84.4376 -0.799999 81.4777
      vertex 85.0163 -0.799999 80.8921
    endloop
  endfacet
  facet normal 0.538758 0 0.842461
    outer loop
      vertex 83.7835 0 81.896
      vertex 84.4376 -0.799999 81.4777
      vertex 84.4376 0 81.4777
    endloop
  endfacet
  facet normal 0.538758 0 0.842461
    outer loop
      vertex 84.4376 -0.799999 81.4777
      vertex 83.7835 0 81.896
      vertex 83.7835 -0.799999 81.896
    endloop
  endfacet
  facet normal 0.325315 0 0.945606
    outer loop
      vertex 83.0542 0 82.1469
      vertex 83.7835 -0.799999 81.896
      vertex 83.7835 0 81.896
    endloop
  endfacet
  facet normal 0.325315 0 0.945606
    outer loop
      vertex 83.7835 -0.799999 81.896
      vertex 83.0542 0 82.1469
      vertex 83.0542 -0.799999 82.1469
    endloop
  endfacet
  facet normal 0.103469 0 0.994633
    outer loop
      vertex 82.2496 0 82.2306
      vertex 83.0542 -0.799999 82.1469
      vertex 83.0542 0 82.1469
    endloop
  endfacet
  facet normal 0.103469 0 0.994633
    outer loop
      vertex 83.0542 -0.799999 82.1469
      vertex 82.2496 0 82.2306
      vertex 82.2496 -0.799999 82.2306
    endloop
  endfacet
  facet normal -0.0506064 0 0.998719
    outer loop
      vertex 81.7878 0 82.2072
      vertex 82.2496 -0.799999 82.2306
      vertex 82.2496 0 82.2306
    endloop
  endfacet
  facet normal -0.0506064 0 0.998719
    outer loop
      vertex 82.2496 -0.799999 82.2306
      vertex 81.7878 0 82.2072
      vertex 81.7878 -0.799999 82.2072
    endloop
  endfacet
  facet normal -0.318013 0 -0.948086
    outer loop
      vertex 81.604 -0.799999 80.0682
      vertex 81.9862 0 79.94
      vertex 81.9862 -0.799999 79.94
    endloop
  endfacet
  facet normal -0.318013 0 -0.948086
    outer loop
      vertex 81.9862 0 79.94
      vertex 81.604 -0.799999 80.0682
      vertex 81.604 0 80.0682
    endloop
  endfacet
  facet normal -0.545761 0 -0.837941
    outer loop
      vertex 81.9862 -0.799999 79.94
      vertex 82.314 0 79.7265
      vertex 82.314 -0.799999 79.7265
    endloop
  endfacet
  facet normal -0.545761 0 -0.837941
    outer loop
      vertex 82.314 0 79.7265
      vertex 81.9862 -0.799999 79.94
      vertex 81.9862 0 79.94
    endloop
  endfacet
  facet normal -0.737994 0 -0.674808
    outer loop
      vertex 82.5874 -0.799999 79.4275
      vertex 82.314 0 79.7265
      vertex 82.5874 0 79.4275
    endloop
  endfacet
  facet normal -0.737994 -0 -0.674808
    outer loop
      vertex 82.314 0 79.7265
      vertex 82.5874 -0.799999 79.4275
      vertex 82.314 -0.799999 79.7265
    endloop
  endfacet
  facet normal -0.870179 0 -0.492736
    outer loop
      vertex 82.8028 -0.799999 79.0471
      vertex 82.5874 0 79.4275
      vertex 82.8028 0 79.0471
    endloop
  endfacet
  facet normal -0.870179 -0 -0.492736
    outer loop
      vertex 82.5874 0 79.4275
      vertex 82.8028 -0.799999 79.0471
      vertex 82.5874 -0.799999 79.4275
    endloop
  endfacet
  facet normal -0.947914 0 -0.318526
    outer loop
      vertex 82.9566 -0.799999 78.5894
      vertex 82.8028 0 79.0471
      vertex 82.9566 0 78.5894
    endloop
  endfacet
  facet normal -0.947914 -0 -0.318526
    outer loop
      vertex 82.8028 0 79.0471
      vertex 82.9566 -0.799999 78.5894
      vertex 82.8028 -0.799999 79.0471
    endloop
  endfacet
  facet normal -0.985442 0 -0.170012
    outer loop
      vertex 83.0489 -0.799999 78.0544
      vertex 82.9566 0 78.5894
      vertex 83.0489 0 78.0544
    endloop
  endfacet
  facet normal -0.985442 -0 -0.170012
    outer loop
      vertex 82.9566 0 78.5894
      vertex 83.0489 -0.799999 78.0544
      vertex 82.9566 -0.799999 78.5894
    endloop
  endfacet
  facet normal -0.998737 0 -0.0502386
    outer loop
      vertex 83.0797 -0.799999 77.4421
      vertex 83.0489 0 78.0544
      vertex 83.0797 0 77.4421
    endloop
  endfacet
  facet normal -0.998737 -0 -0.0502386
    outer loop
      vertex 83.0489 0 78.0544
      vertex 83.0797 -0.799999 77.4421
      vertex 83.0489 -0.799999 78.0544
    endloop
  endfacet
  facet normal -0.998737 0 0.0502386
    outer loop
      vertex 83.0489 -0.799999 76.8298
      vertex 83.0797 0 77.4421
      vertex 83.0489 0 76.8298
    endloop
  endfacet
  facet normal -0.998737 0 0.0502386
    outer loop
      vertex 83.0797 0 77.4421
      vertex 83.0489 -0.799999 76.8298
      vertex 83.0797 -0.799999 77.4421
    endloop
  endfacet
  facet normal -0.985442 0 0.170012
    outer loop
      vertex 82.9566 -0.799999 76.2948
      vertex 83.0489 0 76.8298
      vertex 82.9566 0 76.2948
    endloop
  endfacet
  facet normal -0.985442 0 0.170012
    outer loop
      vertex 83.0489 0 76.8298
      vertex 82.9566 -0.799999 76.2948
      vertex 83.0489 -0.799999 76.8298
    endloop
  endfacet
  facet normal -0.947893 0 0.318588
    outer loop
      vertex 82.8028 -0.799999 75.8372
      vertex 82.9566 0 76.2948
      vertex 82.8028 0 75.8372
    endloop
  endfacet
  facet normal -0.947893 0 0.318588
    outer loop
      vertex 82.9566 0 76.2948
      vertex 82.8028 -0.799999 75.8372
      vertex 82.9566 -0.799999 76.2948
    endloop
  endfacet
  facet normal -0.870179 0 0.492736
    outer loop
      vertex 82.5874 -0.799999 75.4568
      vertex 82.8028 0 75.8372
      vertex 82.5874 0 75.4568
    endloop
  endfacet
  facet normal -0.870179 0 0.492736
    outer loop
      vertex 82.8028 0 75.8372
      vertex 82.5874 -0.799999 75.4568
      vertex 82.8028 -0.799999 75.8372
    endloop
  endfacet
  facet normal -0.737994 0 0.674808
    outer loop
      vertex 82.314 -0.799999 75.1578
      vertex 82.5874 0 75.4568
      vertex 82.314 0 75.1578
    endloop
  endfacet
  facet normal -0.737994 0 0.674808
    outer loop
      vertex 82.5874 0 75.4568
      vertex 82.314 -0.799999 75.1578
      vertex 82.5874 -0.799999 75.4568
    endloop
  endfacet
  facet normal -0.54594 0 0.837824
    outer loop
      vertex 81.9862 0 74.9442
      vertex 82.314 -0.799999 75.1578
      vertex 82.314 0 75.1578
    endloop
  endfacet
  facet normal -0.54594 0 0.837824
    outer loop
      vertex 82.314 -0.799999 75.1578
      vertex 81.9862 0 74.9442
      vertex 81.9862 -0.799999 74.9442
    endloop
  endfacet
  facet normal -0.318013 0 0.948086
    outer loop
      vertex 81.604 0 74.816
      vertex 81.9862 -0.799999 74.9442
      vertex 81.9862 0 74.9442
    endloop
  endfacet
  facet normal -0.318013 0 0.948086
    outer loop
      vertex 81.9862 -0.799999 74.9442
      vertex 81.604 0 74.816
      vertex 81.604 -0.799999 74.816
    endloop
  endfacet
  facet normal -0.0973147 0 0.995254
    outer loop
      vertex 81.1673 0 74.7733
      vertex 81.604 -0.799999 74.816
      vertex 81.604 0 74.816
    endloop
  endfacet
  facet normal -0.0973147 0 0.995254
    outer loop
      vertex 81.604 -0.799999 74.816
      vertex 81.1673 0 74.7733
      vertex 81.1673 -0.799999 74.7733
    endloop
  endfacet
  facet normal 0.0965482 0 0.995328
    outer loop
      vertex 80.7271 0 74.816
      vertex 81.1673 -0.799999 74.7733
      vertex 81.1673 0 74.7733
    endloop
  endfacet
  facet normal 0.0965482 0 0.995328
    outer loop
      vertex 81.1673 -0.799999 74.7733
      vertex 80.7271 0 74.816
      vertex 80.7271 -0.799999 74.816
    endloop
  endfacet
  facet normal 0.316154 0 0.948708
    outer loop
      vertex 80.3424 0 74.9442
      vertex 80.7271 -0.799999 74.816
      vertex 80.7271 0 74.816
    endloop
  endfacet
  facet normal 0.316154 0 0.948708
    outer loop
      vertex 80.7271 -0.799999 74.816
      vertex 80.3424 0 74.9442
      vertex 80.3424 -0.799999 74.9442
    endloop
  endfacet
  facet normal 0.544191 0 0.838961
    outer loop
      vertex 80.0131 0 75.1578
      vertex 80.3424 -0.799999 74.9442
      vertex 80.3424 0 74.9442
    endloop
  endfacet
  facet normal 0.544191 0 0.838961
    outer loop
      vertex 80.3424 -0.799999 74.9442
      vertex 80.0131 0 75.1578
      vertex 80.0131 -0.799999 75.1578
    endloop
  endfacet
  facet normal 0.737379 -0 0.675479
    outer loop
      vertex 79.7392 -0.799999 75.4568
      vertex 80.0131 0 75.1578
      vertex 79.7392 0 75.4568
    endloop
  endfacet
  facet normal 0.737379 0 0.675479
    outer loop
      vertex 80.0131 0 75.1578
      vertex 79.7392 -0.799999 75.4568
      vertex 80.0131 -0.799999 75.1578
    endloop
  endfacet
  facet normal 0.870179 -0 0.492736
    outer loop
      vertex 79.5238 -0.799999 75.8372
      vertex 79.7392 0 75.4568
      vertex 79.5238 0 75.8372
    endloop
  endfacet
  facet normal 0.870179 0 0.492736
    outer loop
      vertex 79.7392 0 75.4568
      vertex 79.5238 -0.799999 75.8372
      vertex 79.7392 -0.799999 75.4568
    endloop
  endfacet
  facet normal 0.947831 -0 0.318774
    outer loop
      vertex 79.3699 -0.799999 76.2948
      vertex 79.5238 0 75.8372
      vertex 79.3699 0 76.2948
    endloop
  endfacet
  facet normal 0.947831 0 0.318774
    outer loop
      vertex 79.5238 0 75.8372
      vertex 79.3699 -0.799999 76.2948
      vertex 79.5238 -0.799999 75.8372
    endloop
  endfacet
  facet normal 0.985442 -0 0.170012
    outer loop
      vertex 79.2776 -0.799999 76.8298
      vertex 79.3699 0 76.2948
      vertex 79.2776 0 76.8298
    endloop
  endfacet
  facet normal 0.985442 0 0.170012
    outer loop
      vertex 79.3699 0 76.2948
      vertex 79.2776 -0.799999 76.8298
      vertex 79.3699 -0.799999 76.2948
    endloop
  endfacet
  facet normal 0.998745 -0 0.0500759
    outer loop
      vertex 79.2469 -0.799999 77.4421
      vertex 79.2776 0 76.8298
      vertex 79.2469 0 77.4421
    endloop
  endfacet
  facet normal 0.998745 0 0.0500759
    outer loop
      vertex 79.2776 0 76.8298
      vertex 79.2469 -0.799999 77.4421
      vertex 79.2776 -0.799999 76.8298
    endloop
  endfacet
  facet normal 0.998745 0 -0.0500759
    outer loop
      vertex 79.2776 -0.799999 78.0544
      vertex 79.2469 0 77.4421
      vertex 79.2776 0 78.0544
    endloop
  endfacet
  facet normal 0.998745 0 -0.0500759
    outer loop
      vertex 79.2469 0 77.4421
      vertex 79.2776 -0.799999 78.0544
      vertex 79.2469 -0.799999 77.4421
    endloop
  endfacet
  facet normal 0.985442 0 -0.170012
    outer loop
      vertex 79.3699 -0.799999 78.5894
      vertex 79.2776 0 78.0544
      vertex 79.3699 0 78.5894
    endloop
  endfacet
  facet normal 0.985442 0 -0.170012
    outer loop
      vertex 79.2776 0 78.0544
      vertex 79.3699 -0.799999 78.5894
      vertex 79.2776 -0.799999 78.0544
    endloop
  endfacet
  facet normal 0.947852 0 -0.318712
    outer loop
      vertex 79.5238 -0.799999 79.0471
      vertex 79.3699 0 78.5894
      vertex 79.5238 0 79.0471
    endloop
  endfacet
  facet normal 0.947852 0 -0.318712
    outer loop
      vertex 79.3699 0 78.5894
      vertex 79.5238 -0.799999 79.0471
      vertex 79.3699 -0.799999 78.5894
    endloop
  endfacet
  facet normal 0.870179 0 -0.492736
    outer loop
      vertex 79.7392 -0.799999 79.4275
      vertex 79.5238 0 79.0471
      vertex 79.7392 0 79.4275
    endloop
  endfacet
  facet normal 0.870179 0 -0.492736
    outer loop
      vertex 79.5238 0 79.0471
      vertex 79.7392 -0.799999 79.4275
      vertex 79.5238 -0.799999 79.0471
    endloop
  endfacet
  facet normal 0.737379 0 -0.675479
    outer loop
      vertex 80.0131 -0.799999 79.7265
      vertex 79.7392 0 79.4275
      vertex 80.0131 0 79.7265
    endloop
  endfacet
  facet normal 0.737379 0 -0.675479
    outer loop
      vertex 79.7392 0 79.4275
      vertex 80.0131 -0.799999 79.7265
      vertex 79.7392 -0.799999 79.4275
    endloop
  endfacet
  facet normal 0.544012 0 -0.839078
    outer loop
      vertex 80.0131 -0.799999 79.7265
      vertex 80.3424 0 79.94
      vertex 80.3424 -0.799999 79.94
    endloop
  endfacet
  facet normal 0.544012 0 -0.839078
    outer loop
      vertex 80.3424 0 79.94
      vertex 80.0131 -0.799999 79.7265
      vertex 80.0131 0 79.7265
    endloop
  endfacet
  facet normal 0.316154 0 -0.948708
    outer loop
      vertex 80.3424 -0.799999 79.94
      vertex 80.7271 0 80.0682
      vertex 80.7271 -0.799999 80.0682
    endloop
  endfacet
  facet normal 0.316154 0 -0.948708
    outer loop
      vertex 80.7271 0 80.0682
      vertex 80.3424 -0.799999 79.94
      vertex 80.3424 0 79.94
    endloop
  endfacet
  facet normal 0.0965482 0 -0.995328
    outer loop
      vertex 80.7271 -0.799999 80.0682
      vertex 81.1673 0 80.1109
      vertex 81.1673 -0.799999 80.1109
    endloop
  endfacet
  facet normal 0.0965482 0 -0.995328
    outer loop
      vertex 81.1673 0 80.1109
      vertex 80.7271 -0.799999 80.0682
      vertex 80.7271 0 80.0682
    endloop
  endfacet
  facet normal -0.0973147 0 -0.995254
    outer loop
      vertex 81.1673 -0.799999 80.1109
      vertex 81.604 0 80.0682
      vertex 81.604 -0.799999 80.0682
    endloop
  endfacet
  facet normal -0.0973147 0 -0.995254
    outer loop
      vertex 81.604 0 80.0682
      vertex 81.1673 -0.799999 80.1109
      vertex 81.1673 0 80.1109
    endloop
  endfacet
  facet normal 0.730259 -0 0.683171
    outer loop
      vertex 133.95 -0.799999 81.9925
      vertex 137.506 0 78.1914
      vertex 133.95 0 81.9925
    endloop
  endfacet
  facet normal 0.730259 0 0.683171
    outer loop
      vertex 137.506 0 78.1914
      vertex 133.95 -0.799999 81.9925
      vertex 137.506 -0.799999 78.1914
    endloop
  endfacet
  facet normal -0 0 1
    outer loop
      vertex 130.418 0 81.9925
      vertex 133.95 -0.799999 81.9925
      vertex 133.95 0 81.9925
    endloop
  endfacet
  facet normal 0 0 1
    outer loop
      vertex 133.95 -0.799999 81.9925
      vertex 130.418 0 81.9925
      vertex 130.418 -0.799999 81.9925
    endloop
  endfacet
  facet normal -0.716594 0 -0.69749
    outer loop
      vertex 135.219 -0.799999 77.06
      vertex 130.418 0 81.9925
      vertex 135.219 0 77.06
    endloop
  endfacet
  facet normal -0.716594 -0 -0.69749
    outer loop
      vertex 130.418 0 81.9925
      vertex 135.219 -0.799999 77.06
      vertex 130.418 -0.799999 81.9925
    endloop
  endfacet
  facet normal -0.684889 0 0.728647
    outer loop
      vertex 130.768 0 72.8763
      vertex 135.219 -0.799999 77.06
      vertex 135.219 0 77.06
    endloop
  endfacet
  facet normal -0.684889 0 0.728647
    outer loop
      vertex 135.219 -0.799999 77.06
      vertex 130.768 0 72.8763
      vertex 130.768 -0.799999 72.8763
    endloop
  endfacet
  facet normal 0 0 -1
    outer loop
      vertex 130.768 -0.799999 72.8763
      vertex 134.153 0 72.8763
      vertex 134.153 -0.799999 72.8763
    endloop
  endfacet
  facet normal -0 0 -1
    outer loop
      vertex 134.153 0 72.8763
      vertex 130.768 -0.799999 72.8763
      vertex 130.768 0 72.8763
    endloop
  endfacet
  facet normal 0.706304 0 -0.707909
    outer loop
      vertex 134.153 -0.799999 72.8763
      vertex 137.506 0 76.2217
      vertex 137.506 -0.799999 76.2217
    endloop
  endfacet
  facet normal 0.706304 0 -0.707909
    outer loop
      vertex 137.506 0 76.2217
      vertex 134.153 -0.799999 72.8763
      vertex 134.153 0 72.8763
    endloop
  endfacet
  facet normal -1 0 0
    outer loop
      vertex 137.506 -0.799999 69.3282
      vertex 137.506 0 76.2217
      vertex 137.506 0 69.3282
    endloop
  endfacet
  facet normal -1 -0 0
    outer loop
      vertex 137.506 0 76.2217
      vertex 137.506 -0.799999 69.3282
      vertex 137.506 -0.799999 76.2217
    endloop
  endfacet
  facet normal 0 0 -1
    outer loop
      vertex 137.506 -0.799999 69.3282
      vertex 140.419 0 69.3282
      vertex 140.419 -0.799999 69.3282
    endloop
  endfacet
  facet normal -0 0 -1
    outer loop
      vertex 140.419 0 69.3282
      vertex 137.506 -0.799999 69.3282
      vertex 137.506 0 69.3282
    endloop
  endfacet
  facet normal 1 -0 0
    outer loop
      vertex 140.419 -0.799999 81.9925
      vertex 140.419 0 69.3282
      vertex 140.419 0 81.9925
    endloop
  endfacet
  facet normal 1 0 0
    outer loop
      vertex 140.419 0 69.3282
      vertex 140.419 -0.799999 81.9925
      vertex 140.419 -0.799999 69.3282
    endloop
  endfacet
  facet normal -0 0 1
    outer loop
      vertex 137.506 0 81.9925
      vertex 140.419 -0.799999 81.9925
      vertex 140.419 0 81.9925
    endloop
  endfacet
  facet normal 0 0 1
    outer loop
      vertex 140.419 -0.799999 81.9925
      vertex 137.506 0 81.9925
      vertex 137.506 -0.799999 81.9925
    endloop
  endfacet
  facet normal -1 0 0
    outer loop
      vertex 137.506 -0.799999 78.1914
      vertex 137.506 0 81.9925
      vertex 137.506 0 78.1914
    endloop
  endfacet
  facet normal -1 -0 0
    outer loop
      vertex 137.506 0 81.9925
      vertex 137.506 -0.799999 78.1914
      vertex 137.506 -0.799999 81.9925
    endloop
  endfacet
  facet normal 0 0 -1
    outer loop
      vertex 106.306 -0.799999 79.9112
      vertex 107.803 0 79.9112
      vertex 107.803 -0.799999 79.9112
    endloop
  endfacet
  facet normal -0 0 -1
    outer loop
      vertex 107.803 0 79.9112
      vertex 106.306 -0.799999 79.9112
      vertex 106.306 0 79.9112
    endloop
  endfacet
  facet normal -0.0407824 0 -0.999168
    outer loop
      vertex 107.803 -0.799999 79.9112
      vertex 108.146 0 79.8972
      vertex 108.146 -0.799999 79.8972
    endloop
  endfacet
  facet normal -0.0407824 0 -0.999168
    outer loop
      vertex 108.146 0 79.8972
      vertex 107.803 -0.799999 79.9112
      vertex 107.803 0 79.9112
    endloop
  endfacet
  facet normal -0.147311 0 -0.98909
    outer loop
      vertex 108.146 -0.799999 79.8972
      vertex 108.428 0 79.8552
      vertex 108.428 -0.799999 79.8552
    endloop
  endfacet
  facet normal -0.147311 0 -0.98909
    outer loop
      vertex 108.428 0 79.8552
      vertex 108.146 -0.799999 79.8972
      vertex 108.146 0 79.8972
    endloop
  endfacet
  facet normal -0.30446 0 -0.952525
    outer loop
      vertex 108.428 -0.799999 79.8552
      vertex 108.647 0 79.7852
      vertex 108.647 -0.799999 79.7852
    endloop
  endfacet
  facet normal -0.30446 0 -0.952525
    outer loop
      vertex 108.647 0 79.7852
      vertex 108.428 -0.799999 79.8552
      vertex 108.428 0 79.8552
    endloop
  endfacet
  facet normal -0.529513 0 -0.848302
    outer loop
      vertex 108.647 -0.799999 79.7852
      vertex 108.804 0 79.6872
      vertex 108.804 -0.799999 79.6872
    endloop
  endfacet
  facet normal -0.529513 0 -0.848302
    outer loop
      vertex 108.804 0 79.6872
      vertex 108.647 -0.799999 79.7852
      vertex 108.647 0 79.7852
    endloop
  endfacet
  facet normal -0.781532 0 -0.623865
    outer loop
      vertex 108.914 -0.799999 79.5494
      vertex 108.804 0 79.6872
      vertex 108.914 0 79.5494
    endloop
  endfacet
  facet normal -0.781532 -0 -0.623865
    outer loop
      vertex 108.804 0 79.6872
      vertex 108.914 -0.799999 79.5494
      vertex 108.804 -0.799999 79.6872
    endloop
  endfacet
  facet normal -0.922716 0 -0.385481
    outer loop
      vertex 108.993 -0.799999 79.3603
      vertex 108.914 0 79.5494
      vertex 108.993 0 79.3603
    endloop
  endfacet
  facet normal -0.922716 -0 -0.385481
    outer loop
      vertex 108.914 0 79.5494
      vertex 108.993 -0.799999 79.3603
      vertex 108.914 -0.799999 79.5494
    endloop
  endfacet
  facet normal -0.981449 0 -0.191721
    outer loop
      vertex 109.04 -0.799999 79.1197
      vertex 108.993 0 79.3603
      vertex 109.04 0 79.1197
    endloop
  endfacet
  facet normal -0.981449 -0 -0.191721
    outer loop
      vertex 108.993 0 79.3603
      vertex 109.04 -0.799999 79.1197
      vertex 108.993 -0.799999 79.3603
    endloop
  endfacet
  facet normal -0.998503 0 -0.0546938
    outer loop
      vertex 109.056 -0.799999 78.8276
      vertex 109.04 0 79.1197
      vertex 109.056 0 78.8276
    endloop
  endfacet
  facet normal -0.998503 -0 -0.0546938
    outer loop
      vertex 109.04 0 79.1197
      vertex 109.056 -0.799999 78.8276
      vertex 109.04 -0.799999 79.1197
    endloop
  endfacet
  facet normal -1 0 0
    outer loop
      vertex 109.056 -0.799999 74.9576
      vertex 109.056 0 78.8276
      vertex 109.056 0 74.9576
    endloop
  endfacet
  facet normal -1 -0 0
    outer loop
      vertex 109.056 0 78.8276
      vertex 109.056 -0.799999 74.9576
      vertex 109.056 -0.799999 78.8276
    endloop
  endfacet
  facet normal -0 0 1
    outer loop
      vertex 106.054 0 74.9576
      vertex 109.056 -0.799999 74.9576
      vertex 109.056 0 74.9576
    endloop
  endfacet
  facet normal 0 0 1
    outer loop
      vertex 109.056 -0.799999 74.9576
      vertex 106.054 0 74.9576
      vertex 106.054 -0.799999 74.9576
    endloop
  endfacet
  facet normal -1 0 0
    outer loop
      vertex 106.054 -0.799999 72.8763
      vertex 106.054 0 74.9576
      vertex 106.054 0 72.8763
    endloop
  endfacet
  facet normal -1 -0 0
    outer loop
      vertex 106.054 0 74.9576
      vertex 106.054 -0.799999 72.8763
      vertex 106.054 -0.799999 74.9576
    endloop
  endfacet
  facet normal 0 0 -1
    outer loop
      vertex 106.054 -0.799999 72.8763
      vertex 109.056 0 72.8763
      vertex 109.056 -0.799999 72.8763
    endloop
  endfacet
  facet normal -0 0 -1
    outer loop
      vertex 109.056 0 72.8763
      vertex 106.054 -0.799999 72.8763
      vertex 106.054 0 72.8763
    endloop
  endfacet
  facet normal -1 0 0
    outer loop
      vertex 109.056 -0.799999 70.2882
      vertex 109.056 0 72.8763
      vertex 109.056 0 70.2882
    endloop
  endfacet
  facet normal -1 -0 0
    outer loop
      vertex 109.056 0 72.8763
      vertex 109.056 -0.799999 70.2882
      vertex 109.056 -0.799999 72.8763
    endloop
  endfacet
  facet normal 0 0 -1
    outer loop
      vertex 109.056 -0.799999 70.2882
      vertex 111.969 0 70.2882
      vertex 111.969 -0.799999 70.2882
    endloop
  endfacet
  facet normal -0 0 -1
    outer loop
      vertex 111.969 0 70.2882
      vertex 109.056 -0.799999 70.2882
      vertex 109.056 0 70.2882
    endloop
  endfacet
  facet normal 1 -0 0
    outer loop
      vertex 111.969 -0.799999 72.8763
      vertex 111.969 0 70.2882
      vertex 111.969 0 72.8763
    endloop
  endfacet
  facet normal 1 0 0
    outer loop
      vertex 111.969 0 70.2882
      vertex 111.969 -0.799999 72.8763
      vertex 111.969 -0.799999 70.2882
    endloop
  endfacet
  facet normal 0 0 -1
    outer loop
      vertex 111.969 -0.799999 72.8763
      vertex 113.418 0 72.8763
      vertex 113.418 -0.799999 72.8763
    endloop
  endfacet
  facet normal -0 0 -1
    outer loop
      vertex 113.418 0 72.8763
      vertex 111.969 -0.799999 72.8763
      vertex 111.969 0 72.8763
    endloop
  endfacet
  facet normal 1 -0 0
    outer loop
      vertex 113.418 -0.799999 74.9576
      vertex 113.418 0 72.8763
      vertex 113.418 0 74.9576
    endloop
  endfacet
  facet normal 1 0 0
    outer loop
      vertex 113.418 0 72.8763
      vertex 113.418 -0.799999 74.9576
      vertex 113.418 -0.799999 72.8763
    endloop
  endfacet
  facet normal -0 0 1
    outer loop
      vertex 111.969 0 74.9576
      vertex 113.418 -0.799999 74.9576
      vertex 113.418 0 74.9576
    endloop
  endfacet
  facet normal 0 0 1
    outer loop
      vertex 113.418 -0.799999 74.9576
      vertex 111.969 0 74.9576
      vertex 111.969 -0.799999 74.9576
    endloop
  endfacet
  facet normal 1 -0 0
    outer loop
      vertex 111.969 -0.799999 78.8276
      vertex 111.969 0 74.9576
      vertex 111.969 0 78.8276
    endloop
  endfacet
  facet normal 1 0 0
    outer loop
      vertex 111.969 0 74.9576
      vertex 111.969 -0.799999 78.8276
      vertex 111.969 -0.799999 74.9576
    endloop
  endfacet
  facet normal 0.99842 -0 0.0561892
    outer loop
      vertex 111.924 -0.799999 79.6272
      vertex 111.969 0 78.8276
      vertex 111.924 0 79.6272
    endloop
  endfacet
  facet normal 0.99842 0 0.0561892
    outer loop
      vertex 111.969 0 78.8276
      vertex 111.924 -0.799999 79.6272
      vertex 111.969 -0.799999 78.8276
    endloop
  endfacet
  facet normal 0.980525 -0 0.196396
    outer loop
      vertex 111.789 -0.799999 80.3012
      vertex 111.924 0 79.6272
      vertex 111.789 0 80.3012
    endloop
  endfacet
  facet normal 0.980525 0 0.196396
    outer loop
      vertex 111.924 0 79.6272
      vertex 111.789 -0.799999 80.3012
      vertex 111.924 -0.799999 79.6272
    endloop
  endfacet
  facet normal 0.92516 -0 0.379579
    outer loop
      vertex 111.564 -0.799999 80.8496
      vertex 111.789 0 80.3012
      vertex 111.564 0 80.8496
    endloop
  endfacet
  facet normal 0.92516 0 0.379579
    outer loop
      vertex 111.789 0 80.3012
      vertex 111.564 -0.799999 80.8496
      vertex 111.789 -0.799999 80.3012
    endloop
  endfacet
  facet normal 0.801975 -0 0.597357
    outer loop
      vertex 111.249 -0.799999 81.2725
      vertex 111.564 0 80.8496
      vertex 111.249 0 81.2725
    endloop
  endfacet
  facet normal 0.801975 0 0.597357
    outer loop
      vertex 111.564 0 80.8496
      vertex 111.249 -0.799999 81.2725
      vertex 111.564 -0.799999 80.8496
    endloop
  endfacet
  facet normal 0.597266 0 0.802043
    outer loop
      vertex 110.826 0 81.5875
      vertex 111.249 -0.799999 81.2725
      vertex 111.249 0 81.2725
    endloop
  endfacet
  facet normal 0.597266 0 0.802043
    outer loop
      vertex 111.249 -0.799999 81.2725
      vertex 110.826 0 81.5875
      vertex 110.826 -0.799999 81.5875
    endloop
  endfacet
  facet normal 0.379816 0 0.925062
    outer loop
      vertex 110.278 0 81.8125
      vertex 110.826 -0.799999 81.5875
      vertex 110.826 0 81.5875
    endloop
  endfacet
  facet normal 0.379816 0 0.925062
    outer loop
      vertex 110.826 -0.799999 81.5875
      vertex 110.278 0 81.8125
      vertex 110.278 -0.799999 81.8125
    endloop
  endfacet
  facet normal 0.196396 0 0.980525
    outer loop
      vertex 109.604 0 81.9475
      vertex 110.278 -0.799999 81.8125
      vertex 110.278 0 81.8125
    endloop
  endfacet
  facet normal 0.196396 0 0.980525
    outer loop
      vertex 110.278 -0.799999 81.8125
      vertex 109.604 0 81.9475
      vertex 109.604 -0.799999 81.9475
    endloop
  endfacet
  facet normal 0.0561612 0 0.998422
    outer loop
      vertex 108.804 0 81.9925
      vertex 109.604 -0.799999 81.9475
      vertex 109.604 0 81.9475
    endloop
  endfacet
  facet normal 0.0561612 0 0.998422
    outer loop
      vertex 109.604 -0.799999 81.9475
      vertex 108.804 0 81.9925
      vertex 108.804 -0.799999 81.9925
    endloop
  endfacet
  facet normal -0 0 1
    outer loop
      vertex 106.306 0 81.9925
      vertex 108.804 -0.799999 81.9925
      vertex 108.804 0 81.9925
    endloop
  endfacet
  facet normal 0 0 1
    outer loop
      vertex 108.804 -0.799999 81.9925
      vertex 106.306 0 81.9925
      vertex 106.306 -0.799999 81.9925
    endloop
  endfacet
  facet normal -1 0 0
    outer loop
      vertex 106.306 -0.799999 79.9112
      vertex 106.306 0 81.9925
      vertex 106.306 0 79.9112
    endloop
  endfacet
  facet normal -1 -0 0
    outer loop
      vertex 106.306 0 81.9925
      vertex 106.306 -0.799999 79.9112
      vertex 106.306 -0.799999 81.9925
    endloop
  endfacet
  facet normal -0.0723856 0 0.997377
    outer loop
      vertex 68.2308 0 82.1806
      vertex 68.7475 -0.799999 82.2181
      vertex 68.7475 0 82.2181
    endloop
  endfacet
  facet normal -0.0723856 0 0.997377
    outer loop
      vertex 68.7475 -0.799999 82.2181
      vertex 68.2308 0 82.1806
      vertex 68.2308 -0.799999 82.1806
    endloop
  endfacet
  facet normal -0.119872 0 0.992789
    outer loop
      vertex 67.714 0 82.1182
      vertex 68.2308 -0.799999 82.1806
      vertex 68.2308 0 82.1806
    endloop
  endfacet
  facet normal -0.119872 0 0.992789
    outer loop
      vertex 68.2308 -0.799999 82.1806
      vertex 67.714 0 82.1182
      vertex 67.714 -0.799999 82.1182
    endloop
  endfacet
  facet normal -0.166781 0 0.985994
    outer loop
      vertex 67.1973 0 82.0308
      vertex 67.714 -0.799999 82.1182
      vertex 67.714 0 82.1182
    endloop
  endfacet
  facet normal -0.166781 0 0.985994
    outer loop
      vertex 67.714 -0.799999 82.1182
      vertex 67.1973 0 82.0308
      vertex 67.1973 -0.799999 82.0308
    endloop
  endfacet
  facet normal -0.21166 0 0.977343
    outer loop
      vertex 66.6806 0 81.9189
      vertex 67.1973 -0.799999 82.0308
      vertex 67.1973 0 82.0308
    endloop
  endfacet
  facet normal -0.21166 0 0.977343
    outer loop
      vertex 67.1973 -0.799999 82.0308
      vertex 66.6806 0 81.9189
      vertex 66.6806 -0.799999 81.9189
    endloop
  endfacet
  facet normal -0.254189 0 0.967155
    outer loop
      vertex 66.1639 0 81.7831
      vertex 66.6806 -0.799999 81.9189
      vertex 66.6806 0 81.9189
    endloop
  endfacet
  facet normal -0.254189 0 0.967155
    outer loop
      vertex 66.6806 -0.799999 81.9189
      vertex 66.1639 0 81.7831
      vertex 66.1639 -0.799999 81.7831
    endloop
  endfacet
  facet normal -0.295463 0 0.955354
    outer loop
      vertex 65.6472 0 81.6233
      vertex 66.1639 -0.799999 81.7831
      vertex 66.1639 0 81.7831
    endloop
  endfacet
  facet normal -0.295463 0 0.955354
    outer loop
      vertex 66.1639 -0.799999 81.7831
      vertex 65.6472 0 81.6233
      vertex 65.6472 -0.799999 81.6233
    endloop
  endfacet
  facet normal -0.335089 0 0.942187
    outer loop
      vertex 65.1304 0 81.4395
      vertex 65.6472 -0.799999 81.6233
      vertex 65.6472 0 81.6233
    endloop
  endfacet
  facet normal -0.335089 0 0.942187
    outer loop
      vertex 65.6472 -0.799999 81.6233
      vertex 65.1304 0 81.4395
      vertex 65.1304 -0.799999 81.4395
    endloop
  endfacet
  facet normal -1 0 0
    outer loop
      vertex 65.1304 -0.799999 79.197
      vertex 65.1304 0 81.4395
      vertex 65.1304 0 79.197
    endloop
  endfacet
  facet normal -1 -0 0
    outer loop
      vertex 65.1304 0 81.4395
      vertex 65.1304 -0.799999 79.197
      vertex 65.1304 -0.799999 81.4395
    endloop
  endfacet
  facet normal 0.456138 0 -0.889909
    outer loop
      vertex 65.1304 -0.799999 79.197
      vertex 65.6357 0 79.456
      vertex 65.6357 -0.799999 79.456
    endloop
  endfacet
  facet normal 0.456138 0 -0.889909
    outer loop
      vertex 65.6357 0 79.456
      vertex 65.1304 -0.799999 79.197
      vertex 65.1304 0 79.197
    endloop
  endfacet
  facet normal 0.409733 0 -0.912205
    outer loop
      vertex 65.6357 -0.799999 79.456
      vertex 66.1344 0 79.68
      vertex 66.1344 -0.799999 79.68
    endloop
  endfacet
  facet normal 0.409733 0 -0.912205
    outer loop
      vertex 66.1344 0 79.68
      vertex 65.6357 -0.799999 79.456
      vertex 65.6357 0 79.456
    endloop
  endfacet
  facet normal 0.358369 0 -0.93358
    outer loop
      vertex 66.1344 -0.799999 79.68
      vertex 66.6265 0 79.8689
      vertex 66.6265 -0.799999 79.8689
    endloop
  endfacet
  facet normal 0.358369 0 -0.93358
    outer loop
      vertex 66.6265 0 79.8689
      vertex 66.1344 -0.799999 79.68
      vertex 66.1344 0 79.68
    endloop
  endfacet
  facet normal 0.301996 0 -0.953309
    outer loop
      vertex 66.6265 -0.799999 79.8689
      vertex 67.112 0 80.0227
      vertex 67.112 -0.799999 80.0227
    endloop
  endfacet
  facet normal 0.301996 0 -0.953309
    outer loop
      vertex 67.112 0 80.0227
      vertex 66.6265 -0.799999 79.8689
      vertex 66.6265 0 79.8689
    endloop
  endfacet
  facet normal 0.241344 0 -0.97044
    outer loop
      vertex 67.112 -0.799999 80.0227
      vertex 67.5913 0 80.1419
      vertex 67.5913 -0.799999 80.1419
    endloop
  endfacet
  facet normal 0.241344 0 -0.97044
    outer loop
      vertex 67.5913 0 80.1419
      vertex 67.112 -0.799999 80.0227
      vertex 67.112 0 80.0227
    endloop
  endfacet
  facet normal 0.17702 0 -0.984207
    outer loop
      vertex 67.5913 -0.799999 80.1419
      vertex 68.065 0 80.2271
      vertex 68.065 -0.799999 80.2271
    endloop
  endfacet
  facet normal 0.17702 0 -0.984207
    outer loop
      vertex 68.065 0 80.2271
      vertex 67.5913 -0.799999 80.1419
      vertex 67.5913 0 80.1419
    endloop
  endfacet
  facet normal 0.108497 0 -0.994097
    outer loop
      vertex 68.065 -0.799999 80.2271
      vertex 68.5332 0 80.2782
      vertex 68.5332 -0.799999 80.2782
    endloop
  endfacet
  facet normal 0.108497 0 -0.994097
    outer loop
      vertex 68.5332 0 80.2782
      vertex 68.065 -0.799999 80.2271
      vertex 68.065 0 80.2271
    endloop
  endfacet
  facet normal 0.036724 0 -0.999325
    outer loop
      vertex 68.5332 -0.799999 80.2782
      vertex 68.9958 0 80.2952
      vertex 68.9958 -0.799999 80.2952
    endloop
  endfacet
  facet normal 0.036724 0 -0.999325
    outer loop
      vertex 68.9958 0 80.2952
      vertex 68.5332 -0.799999 80.2782
      vertex 68.5332 0 80.2782
    endloop
  endfacet
  facet normal -0.0593636 0 -0.998236
    outer loop
      vertex 68.9958 -0.799999 80.2952
      vertex 69.5339 0 80.2632
      vertex 69.5339 -0.799999 80.2632
    endloop
  endfacet
  facet normal -0.0593636 0 -0.998236
    outer loop
      vertex 69.5339 0 80.2632
      vertex 68.9958 -0.799999 80.2952
      vertex 68.9958 0 80.2952
    endloop
  endfacet
  facet normal -0.198298 0 -0.980142
    outer loop
      vertex 69.5339 -0.799999 80.2632
      vertex 70.0089 0 80.1671
      vertex 70.0089 -0.799999 80.1671
    endloop
  endfacet
  facet normal -0.198298 0 -0.980142
    outer loop
      vertex 70.0089 0 80.1671
      vertex 69.5339 -0.799999 80.2632
      vertex 69.5339 0 80.2632
    endloop
  endfacet
  facet normal -0.362479 0 -0.931992
    outer loop
      vertex 70.0089 -0.799999 80.1671
      vertex 70.4208 0 80.0069
      vertex 70.4208 -0.799999 80.0069
    endloop
  endfacet
  facet normal -0.362479 0 -0.931992
    outer loop
      vertex 70.4208 0 80.0069
      vertex 70.0089 -0.799999 80.1671
      vertex 70.0089 0 80.1671
    endloop
  endfacet
  facet normal -0.54077 0 -0.841171
    outer loop
      vertex 70.4208 -0.799999 80.0069
      vertex 70.7697 0 79.7826
      vertex 70.7697 -0.799999 79.7826
    endloop
  endfacet
  facet normal -0.54077 0 -0.841171
    outer loop
      vertex 70.7697 0 79.7826
      vertex 70.4208 -0.799999 80.0069
      vertex 70.4208 0 80.0069
    endloop
  endfacet
  facet normal -0.712151 0 -0.702027
    outer loop
      vertex 71.054 -0.799999 79.4942
      vertex 70.7697 0 79.7826
      vertex 71.054 0 79.4942
    endloop
  endfacet
  facet normal -0.712151 -0 -0.702027
    outer loop
      vertex 70.7697 0 79.7826
      vertex 71.054 -0.799999 79.4942
      vertex 70.7697 -0.799999 79.7826
    endloop
  endfacet
  facet normal -0.850214 0 -0.526438
    outer loop
      vertex 71.2722 -0.799999 79.1418
      vertex 71.054 0 79.4942
      vertex 71.2722 0 79.1418
    endloop
  endfacet
  facet normal -0.850214 -0 -0.526438
    outer loop
      vertex 71.054 0 79.4942
      vertex 71.2722 -0.799999 79.1418
      vertex 71.054 -0.799999 79.4942
    endloop
  endfacet
  facet normal -0.939325 0 -0.343028
    outer loop
      vertex 71.4243 -0.799999 78.7253
      vertex 71.2722 0 79.1418
      vertex 71.4243 0 78.7253
    endloop
  endfacet
  facet normal -0.939325 -0 -0.343028
    outer loop
      vertex 71.2722 0 79.1418
      vertex 71.4243 -0.799999 78.7253
      vertex 71.2722 -0.799999 79.1418
    endloop
  endfacet
  facet normal -0.9844 0 -0.175947
    outer loop
      vertex 71.5102 -0.799999 78.2447
      vertex 71.4243 0 78.7253
      vertex 71.5102 0 78.2447
    endloop
  endfacet
  facet normal -0.9844 -0 -0.175947
    outer loop
      vertex 71.4243 0 78.7253
      vertex 71.5102 -0.799999 78.2447
      vertex 71.4243 -0.799999 78.7253
    endloop
  endfacet
  facet normal -0 0 1
    outer loop
      vertex 64.6992 0 78.2447
      vertex 71.5102 -0.799999 78.2447
      vertex 71.5102 0 78.2447
    endloop
  endfacet
  facet normal 0 0 1
    outer loop
      vertex 71.5102 -0.799999 78.2447
      vertex 64.6992 0 78.2447
      vertex 64.6992 -0.799999 78.2447
    endloop
  endfacet
  facet normal -1 0 0
    outer loop
      vertex 64.6992 -0.799999 77.4152
      vertex 64.6992 0 78.2447
      vertex 64.6992 0 77.4152
    endloop
  endfacet
  facet normal -1 -0 0
    outer loop
      vertex 64.6992 0 78.2447
      vertex 64.6992 -0.799999 77.4152
      vertex 64.6992 -0.799999 78.2447
    endloop
  endfacet
  facet normal -0.996942 0 -0.0781497
    outer loop
      vertex 64.7798 -0.799999 76.387
      vertex 64.6992 0 77.4152
      vertex 64.7798 0 76.387
    endloop
  endfacet
  facet normal -0.996942 -0 -0.0781497
    outer loop
      vertex 64.6992 0 77.4152
      vertex 64.7798 -0.799999 76.387
      vertex 64.6992 -0.799999 77.4152
    endloop
  endfacet
  facet normal -0.967106 0 -0.254374
    outer loop
      vertex 65.0216 -0.799999 75.4677
      vertex 64.7798 0 76.387
      vertex 65.0216 0 75.4677
    endloop
  endfacet
  facet normal -0.967106 -0 -0.254374
    outer loop
      vertex 64.7798 0 76.387
      vertex 65.0216 -0.799999 75.4677
      vertex 64.7798 -0.799999 76.387
    endloop
  endfacet
  facet normal -0.895419 0 -0.445224
    outer loop
      vertex 65.4246 -0.799999 74.6572
      vertex 65.0216 0 75.4677
      vertex 65.4246 0 74.6572
    endloop
  endfacet
  facet normal -0.895419 -0 -0.445224
    outer loop
      vertex 65.0216 0 75.4677
      vertex 65.4246 -0.799999 74.6572
      vertex 65.0216 -0.799999 75.4677
    endloop
  endfacet
  facet normal -0.77923 0 -0.626738
    outer loop
      vertex 65.9889 -0.799999 73.9556
      vertex 65.4246 0 74.6572
      vertex 65.9889 0 73.9556
    endloop
  endfacet
  facet normal -0.77923 -0 -0.626738
    outer loop
      vertex 65.4246 0 74.6572
      vertex 65.9889 -0.799999 73.9556
      vertex 65.4246 -0.799999 74.6572
    endloop
  endfacet
  facet normal -0.629646 0 -0.776882
    outer loop
      vertex 65.9889 -0.799999 73.9556
      vertex 66.6875 0 73.3894
      vertex 66.6875 -0.799999 73.3894
    endloop
  endfacet
  facet normal -0.629646 0 -0.776882
    outer loop
      vertex 66.6875 0 73.3894
      vertex 65.9889 -0.799999 73.9556
      vertex 65.9889 0 73.9556
    endloop
  endfacet
  facet normal -0.448633 0 -0.893716
    outer loop
      vertex 66.6875 -0.799999 73.3894
      vertex 67.4933 0 72.9849
      vertex 67.4933 -0.799999 72.9849
    endloop
  endfacet
  facet normal -0.448633 0 -0.893716
    outer loop
      vertex 67.4933 0 72.9849
      vertex 66.6875 -0.799999 73.3894
      vertex 66.6875 0 73.3894
    endloop
  endfacet
  facet normal -0.256852 0 -0.966451
    outer loop
      vertex 67.4933 -0.799999 72.9849
      vertex 68.4065 0 72.7422
      vertex 68.4065 -0.799999 72.7422
    endloop
  endfacet
  facet normal -0.256852 0 -0.966451
    outer loop
      vertex 68.4065 0 72.7422
      vertex 67.4933 -0.799999 72.9849
      vertex 67.4933 0 72.9849
    endloop
  endfacet
  facet normal -0.0790269 0 -0.996872
    outer loop
      vertex 68.4065 -0.799999 72.7422
      vertex 69.427 0 72.6613
      vertex 69.427 -0.799999 72.6613
    endloop
  endfacet
  facet normal -0.0790269 0 -0.996872
    outer loop
      vertex 69.427 0 72.6613
      vertex 68.4065 -0.799999 72.7422
      vertex 68.4065 0 72.7422
    endloop
  endfacet
  facet normal 0.0712851 0 -0.997456
    outer loop
      vertex 69.427 -0.799999 72.6613
      vertex 70.5436 0 72.7411
      vertex 70.5436 -0.799999 72.7411
    endloop
  endfacet
  facet normal 0.0712851 0 -0.997456
    outer loop
      vertex 70.5436 0 72.7411
      vertex 69.427 -0.799999 72.6613
      vertex 69.427 0 72.6613
    endloop
  endfacet
  facet normal 0.235229 0 -0.97194
    outer loop
      vertex 70.5436 -0.799999 72.7411
      vertex 71.5336 0 72.9807
      vertex 71.5336 -0.799999 72.9807
    endloop
  endfacet
  facet normal 0.235229 0 -0.97194
    outer loop
      vertex 71.5336 0 72.9807
      vertex 70.5436 -0.799999 72.7411
      vertex 70.5436 0 72.7411
    endloop
  endfacet
  facet normal 0.419711 0 -0.907658
    outer loop
      vertex 71.5336 -0.799999 72.9807
      vertex 72.3969 0 73.3799
      vertex 72.3969 -0.799999 73.3799
    endloop
  endfacet
  facet normal 0.419711 0 -0.907658
    outer loop
      vertex 72.3969 0 73.3799
      vertex 71.5336 -0.799999 72.9807
      vertex 71.5336 0 72.9807
    endloop
  endfacet
  facet normal 0.604403 0 -0.796679
    outer loop
      vertex 72.3969 -0.799999 73.3799
      vertex 73.1336 0 73.9388
      vertex 73.1336 -0.799999 73.9388
    endloop
  endfacet
  facet normal 0.604403 0 -0.796679
    outer loop
      vertex 73.1336 0 73.9388
      vertex 72.3969 -0.799999 73.3799
      vertex 72.3969 0 73.3799
    endloop
  endfacet
  facet normal 0.764286 0 -0.644877
    outer loop
      vertex 73.7228 -0.799999 74.6371
      vertex 73.1336 0 73.9388
      vertex 73.7228 0 74.6371
    endloop
  endfacet
  facet normal 0.764286 0 -0.644877
    outer loop
      vertex 73.1336 0 73.9388
      vertex 73.7228 -0.799999 74.6371
      vertex 73.1336 -0.799999 73.9388
    endloop
  endfacet
  facet normal 0.889034 0 -0.457842
    outer loop
      vertex 74.1437 -0.799999 75.4544
      vertex 73.7228 0 74.6371
      vertex 74.1437 0 75.4544
    endloop
  endfacet
  facet normal 0.889034 0 -0.457842
    outer loop
      vertex 73.7228 0 74.6371
      vertex 74.1437 -0.799999 75.4544
      vertex 73.7228 -0.799999 74.6371
    endloop
  endfacet
  facet normal 0.965507 0 -0.260377
    outer loop
      vertex 74.3962 -0.799999 76.3907
      vertex 74.1437 0 75.4544
      vertex 74.3962 0 76.3907
    endloop
  endfacet
  facet normal 0.965507 0 -0.260377
    outer loop
      vertex 74.1437 0 75.4544
      vertex 74.3962 -0.799999 76.3907
      vertex 74.1437 -0.799999 75.4544
    endloop
  endfacet
  facet normal 0.99684 0 -0.0794411
    outer loop
      vertex 74.4803 -0.799999 77.446
      vertex 74.3962 0 76.3907
      vertex 74.4803 0 77.446
    endloop
  endfacet
  facet normal 0.99684 0 -0.0794411
    outer loop
      vertex 74.3962 0 76.3907
      vertex 74.4803 -0.799999 77.446
      vertex 74.3962 -0.799999 76.3907
    endloop
  endfacet
  facet normal 0.996826 -0 0.0796121
    outer loop
      vertex 74.3947 -0.799999 78.5178
      vertex 74.4803 0 77.446
      vertex 74.3947 0 78.5178
    endloop
  endfacet
  facet normal 0.996826 0 0.0796121
    outer loop
      vertex 74.4803 0 77.446
      vertex 74.3947 -0.799999 78.5178
      vertex 74.4803 -0.799999 77.446
    endloop
  endfacet
  facet normal 0.96494 -0 0.262469
    outer loop
      vertex 74.1376 -0.799999 79.463
      vertex 74.3947 0 78.5178
      vertex 74.1376 0 79.463
    endloop
  endfacet
  facet normal 0.96494 0 0.262469
    outer loop
      vertex 74.3947 0 78.5178
      vertex 74.1376 -0.799999 79.463
      vertex 74.3947 -0.799999 78.5178
    endloop
  endfacet
  facet normal 0.885937 -0 0.463805
    outer loop
      vertex 73.7091 -0.799999 80.2815
      vertex 74.1376 0 79.463
      vertex 73.7091 0 80.2815
    endloop
  endfacet
  facet normal 0.885937 0 0.463805
    outer loop
      vertex 74.1376 0 79.463
      vertex 73.7091 -0.799999 80.2815
      vertex 74.1376 -0.799999 79.463
    endloop
  endfacet
  facet normal 0.755552 -0 0.655089
    outer loop
      vertex 73.1092 -0.799999 80.9734
      vertex 73.7091 0 80.2815
      vertex 73.1092 0 80.9734
    endloop
  endfacet
  facet normal 0.755552 0 0.655089
    outer loop
      vertex 73.7091 0 80.2815
      vertex 73.1092 -0.799999 80.9734
      vertex 73.7091 -0.799999 80.2815
    endloop
  endfacet
  facet normal 0.589063 0 0.808087
    outer loop
      vertex 72.3547 0 81.5234
      vertex 73.1092 -0.799999 80.9734
      vertex 73.1092 0 80.9734
    endloop
  endfacet
  facet normal 0.589063 0 0.808087
    outer loop
      vertex 73.1092 -0.799999 80.9734
      vertex 72.3547 0 81.5234
      vertex 72.3547 -0.799999 81.5234
    endloop
  endfacet
  facet normal 0.402986 0 0.915206
    outer loop
      vertex 71.4624 0 81.9163
      vertex 72.3547 -0.799999 81.5234
      vertex 72.3547 0 81.5234
    endloop
  endfacet
  facet normal 0.402986 0 0.915206
    outer loop
      vertex 72.3547 -0.799999 81.5234
      vertex 71.4624 0 81.9163
      vertex 71.4624 -0.799999 81.9163
    endloop
  endfacet
  facet normal 0.223048 0 0.974807
    outer loop
      vertex 70.4323 0 82.152
      vertex 71.4624 -0.799999 81.9163
      vertex 71.4624 0 81.9163
    endloop
  endfacet
  facet normal 0.223048 0 0.974807
    outer loop
      vertex 71.4624 -0.799999 81.9163
      vertex 70.4323 0 82.152
      vertex 70.4323 -0.799999 82.152
    endloop
  endfacet
  facet normal 0.0671427 0 0.997743
    outer loop
      vertex 69.2643 0 82.2306
      vertex 70.4323 -0.799999 82.152
      vertex 70.4323 0 82.152
    endloop
  endfacet
  facet normal 0.0671427 0 0.997743
    outer loop
      vertex 70.4323 -0.799999 82.152
      vertex 69.2643 0 82.2306
      vertex 69.2643 -0.799999 82.2306
    endloop
  endfacet
  facet normal -0.0241802 0 0.999708
    outer loop
      vertex 68.7475 0 82.2181
      vertex 69.2643 -0.799999 82.2306
      vertex 69.2643 0 82.2306
    endloop
  endfacet
  facet normal -0.0241802 0 0.999708
    outer loop
      vertex 69.2643 -0.799999 82.2306
      vertex 68.7475 0 82.2181
      vertex 68.7475 -0.799999 82.2181
    endloop
  endfacet
  facet normal -0.978026 0 0.208485
    outer loop
      vertex 71.3877 -0.799999 76.0253
      vertex 71.4777 0 76.4475
      vertex 71.3877 0 76.0253
    endloop
  endfacet
  facet normal -0.978026 0 0.208485
    outer loop
      vertex 71.4777 0 76.4475
      vertex 71.3877 -0.799999 76.0253
      vertex 71.4777 -0.799999 76.4475
    endloop
  endfacet
  facet normal -0.935275 0 0.353922
    outer loop
      vertex 71.2478 -0.799999 75.6556
      vertex 71.3877 0 76.0253
      vertex 71.2478 0 75.6556
    endloop
  endfacet
  facet normal -0.935275 0 0.353922
    outer loop
      vertex 71.3877 0 76.0253
      vertex 71.2478 -0.799999 75.6556
      vertex 71.3877 -0.799999 76.0253
    endloop
  endfacet
  facet normal -0.858232 0 0.513262
    outer loop
      vertex 71.0581 -0.799999 75.3384
      vertex 71.2478 0 75.6556
      vertex 71.0581 0 75.3384
    endloop
  endfacet
  facet normal -0.858232 0 0.513262
    outer loop
      vertex 71.2478 0 75.6556
      vertex 71.0581 -0.799999 75.3384
      vertex 71.2478 -0.799999 75.6556
    endloop
  endfacet
  facet normal -0.741523 0 0.670928
    outer loop
      vertex 70.8186 -0.799999 75.0737
      vertex 71.0581 0 75.3384
      vertex 70.8186 0 75.0737
    endloop
  endfacet
  facet normal -0.741523 0 0.670928
    outer loop
      vertex 71.0581 0 75.3384
      vertex 70.8186 -0.799999 75.0737
      vertex 71.0581 -0.799999 75.3384
    endloop
  endfacet
  facet normal -0.591622 0 0.806216
    outer loop
      vertex 70.5342 0 74.865
      vertex 70.8186 -0.799999 75.0737
      vertex 70.8186 0 75.0737
    endloop
  endfacet
  facet normal -0.591622 0 0.806216
    outer loop
      vertex 70.8186 -0.799999 75.0737
      vertex 70.5342 0 74.865
      vertex 70.5342 -0.799999 74.865
    endloop
  endfacet
  facet normal -0.418151 0 0.908378
    outer loop
      vertex 70.2103 0 74.7159
      vertex 70.5342 -0.799999 74.865
      vertex 70.5342 0 74.865
    endloop
  endfacet
  facet normal -0.418151 0 0.908378
    outer loop
      vertex 70.5342 -0.799999 74.865
      vertex 70.2103 0 74.7159
      vertex 70.2103 -0.799999 74.7159
    endloop
  endfacet
  facet normal -0.238701 0 0.971093
    outer loop
      vertex 69.8466 0 74.6265
      vertex 70.2103 -0.799999 74.7159
      vertex 70.2103 0 74.7159
    endloop
  endfacet
  facet normal -0.238701 0 0.971093
    outer loop
      vertex 70.2103 -0.799999 74.7159
      vertex 69.8466 0 74.6265
      vertex 69.8466 -0.799999 74.6265
    endloop
  endfacet
  facet normal -0.0736895 0 0.997281
    outer loop
      vertex 69.4433 0 74.5967
      vertex 69.8466 -0.799999 74.6265
      vertex 69.8466 0 74.6265
    endloop
  endfacet
  facet normal -0.0736895 0 0.997281
    outer loop
      vertex 69.8466 -0.799999 74.6265
      vertex 69.4433 0 74.5967
      vertex 69.4433 -0.799999 74.5967
    endloop
  endfacet
  facet normal 0.0851732 0 0.996366
    outer loop
      vertex 69.0713 0 74.6285
      vertex 69.4433 -0.799999 74.5967
      vertex 69.4433 0 74.5967
    endloop
  endfacet
  facet normal 0.0851732 0 0.996366
    outer loop
      vertex 69.4433 -0.799999 74.5967
      vertex 69.0713 0 74.6285
      vertex 69.0713 -0.799999 74.6285
    endloop
  endfacet
  facet normal 0.274494 0 0.961589
    outer loop
      vertex 68.7364 0 74.7241
      vertex 69.0713 -0.799999 74.6285
      vertex 69.0713 0 74.6285
    endloop
  endfacet
  facet normal 0.274494 0 0.961589
    outer loop
      vertex 69.0713 -0.799999 74.6285
      vertex 68.7364 0 74.7241
      vertex 68.7364 -0.799999 74.7241
    endloop
  endfacet
  facet normal 0.471449 0 0.881893
    outer loop
      vertex 68.4386 0 74.8833
      vertex 68.7364 -0.799999 74.7241
      vertex 68.7364 0 74.7241
    endloop
  endfacet
  facet normal 0.471449 0 0.881893
    outer loop
      vertex 68.7364 -0.799999 74.7241
      vertex 68.4386 0 74.8833
      vertex 68.4386 -0.799999 74.8833
    endloop
  endfacet
  facet normal 0.650023 0 0.759915
    outer loop
      vertex 68.1779 0 75.1063
      vertex 68.4386 -0.799999 74.8833
      vertex 68.4386 0 74.8833
    endloop
  endfacet
  facet normal 0.650023 0 0.759915
    outer loop
      vertex 68.4386 -0.799999 74.8833
      vertex 68.1779 0 75.1063
      vertex 68.1779 -0.799999 75.1063
    endloop
  endfacet
  facet normal 0.792152 -0 0.610323
    outer loop
      vertex 67.9661 -0.799999 75.3812
      vertex 68.1779 0 75.1063
      vertex 67.9661 0 75.3812
    endloop
  endfacet
  facet normal 0.792152 0 0.610323
    outer loop
      vertex 68.1779 0 75.1063
      vertex 67.9661 -0.799999 75.3812
      vertex 68.1779 -0.799999 75.1063
    endloop
  endfacet
  facet normal 0.901519 -0 0.43274
    outer loop
      vertex 67.8148 -0.799999 75.6964
      vertex 67.9661 0 75.3812
      vertex 67.8148 0 75.6964
    endloop
  endfacet
  facet normal 0.901519 0 0.43274
    outer loop
      vertex 67.9661 0 75.3812
      vertex 67.8148 -0.799999 75.6964
      vertex 67.9661 -0.799999 75.3812
    endloop
  endfacet
  facet normal 0.968879 -0 0.247536
    outer loop
      vertex 67.724 -0.799999 76.0518
      vertex 67.8148 0 75.6964
      vertex 67.724 0 76.0518
    endloop
  endfacet
  facet normal 0.968879 0 0.247536
    outer loop
      vertex 67.8148 0 75.6964
      vertex 67.724 -0.799999 76.0518
      vertex 67.8148 -0.799999 75.6964
    endloop
  endfacet
  facet normal 0.9971 -0 0.0760991
    outer loop
      vertex 67.6938 -0.799999 76.4475
      vertex 67.724 0 76.0518
      vertex 67.6938 0 76.4475
    endloop
  endfacet
  facet normal 0.9971 0 0.0760991
    outer loop
      vertex 67.724 0 76.0518
      vertex 67.6938 -0.799999 76.4475
      vertex 67.724 -0.799999 76.0518
    endloop
  endfacet
  facet normal 0 0 -1
    outer loop
      vertex 67.6938 -0.799999 76.4475
      vertex 71.4777 0 76.4475
      vertex 71.4777 -0.799999 76.4475
    endloop
  endfacet
  facet normal -0 0 -1
    outer loop
      vertex 71.4777 0 76.4475
      vertex 67.6938 -0.799999 76.4475
      vertex 67.6938 0 76.4475
    endloop
  endfacet
  facet normal -0.151051 0 0.988526
    outer loop
      vertex 92.9622 0 82.1358
      vertex 93.4275 -0.799999 82.2069
      vertex 93.4275 0 82.2069
    endloop
  endfacet
  facet normal -0.151051 0 0.988526
    outer loop
      vertex 93.4275 -0.799999 82.2069
      vertex 92.9622 0 82.1358
      vertex 92.9622 -0.799999 82.1358
    endloop
  endfacet
  facet normal -0.268169 0 0.963372
    outer loop
      vertex 92.5365 0 82.0173
      vertex 92.9622 -0.799999 82.1358
      vertex 92.9622 0 82.1358
    endloop
  endfacet
  facet normal -0.268169 0 0.963372
    outer loop
      vertex 92.9622 -0.799999 82.1358
      vertex 92.5365 0 82.0173
      vertex 92.5365 -0.799999 82.0173
    endloop
  endfacet
  facet normal -0.394666 0 0.918825
    outer loop
      vertex 92.1505 0 81.8515
      vertex 92.5365 -0.799999 82.0173
      vertex 92.5365 0 82.0173
    endloop
  endfacet
  facet normal -0.394666 0 0.918825
    outer loop
      vertex 92.5365 -0.799999 82.0173
      vertex 92.1505 0 81.8515
      vertex 92.1505 -0.799999 81.8515
    endloop
  endfacet
  facet normal -0.520705 0 0.853737
    outer loop
      vertex 91.7934 0 81.6337
      vertex 92.1505 -0.799999 81.8515
      vertex 92.1505 0 81.8515
    endloop
  endfacet
  facet normal -0.520705 0 0.853737
    outer loop
      vertex 92.1505 -0.799999 81.8515
      vertex 91.7934 0 81.6337
      vertex 91.7934 -0.799999 81.6337
    endloop
  endfacet
  facet normal -0.629495 0 0.777004
    outer loop
      vertex 91.4547 0 81.3593
      vertex 91.7934 -0.799999 81.6337
      vertex 91.7934 0 81.6337
    endloop
  endfacet
  facet normal -0.629495 0 0.777004
    outer loop
      vertex 91.7934 -0.799999 81.6337
      vertex 91.4547 0 81.3593
      vertex 91.4547 -0.799999 81.3593
    endloop
  endfacet
  facet normal -0.718518 0 0.695508
    outer loop
      vertex 91.1343 -0.799999 81.0283
      vertex 91.4547 0 81.3593
      vertex 91.1343 0 81.0283
    endloop
  endfacet
  facet normal -0.718518 0 0.695508
    outer loop
      vertex 91.4547 0 81.3593
      vertex 91.1343 -0.799999 81.0283
      vertex 91.4547 -0.799999 81.3593
    endloop
  endfacet
  facet normal -0.78865 0 0.614842
    outer loop
      vertex 90.8322 -0.799999 80.6408
      vertex 91.1343 0 81.0283
      vertex 90.8322 0 80.6408
    endloop
  endfacet
  facet normal -0.78865 0 0.614842
    outer loop
      vertex 91.1343 0 81.0283
      vertex 90.8322 -0.799999 80.6408
      vertex 91.1343 -0.799999 81.0283
    endloop
  endfacet
  facet normal 1 -0 0
    outer loop
      vertex 90.8322 -0.799999 81.9925
      vertex 90.8322 0 80.6408
      vertex 90.8322 0 81.9925
    endloop
  endfacet
  facet normal 1 0 0
    outer loop
      vertex 90.8322 0 80.6408
      vertex 90.8322 -0.799999 81.9925
      vertex 90.8322 -0.799999 80.6408
    endloop
  endfacet
  facet normal -0 0 1
    outer loop
      vertex 87.8946 0 81.9925
      vertex 90.8322 -0.799999 81.9925
      vertex 90.8322 0 81.9925
    endloop
  endfacet
  facet normal 0 0 1
    outer loop
      vertex 90.8322 -0.799999 81.9925
      vertex 87.8946 0 81.9925
      vertex 87.8946 -0.799999 81.9925
    endloop
  endfacet
  facet normal -1 0 0
    outer loop
      vertex 87.8946 -0.799999 76.799
      vertex 87.8946 0 81.9925
      vertex 87.8946 0 76.799
    endloop
  endfacet
  facet normal -1 -0 0
    outer loop
      vertex 87.8946 0 81.9925
      vertex 87.8946 -0.799999 76.799
      vertex 87.8946 -0.799999 81.9925
    endloop
  endfacet
  facet normal -0.997756 0 -0.0669478
    outer loop
      vertex 87.963 -0.799999 75.7796
      vertex 87.8946 0 76.799
      vertex 87.963 0 75.7796
    endloop
  endfacet
  facet normal -0.997756 -0 -0.0669478
    outer loop
      vertex 87.8946 0 76.799
      vertex 87.963 -0.799999 75.7796
      vertex 87.8946 -0.799999 76.799
    endloop
  endfacet
  facet normal -0.973128 0 -0.230265
    outer loop
      vertex 88.1682 -0.799999 74.9124
      vertex 87.963 0 75.7796
      vertex 88.1682 0 74.9124
    endloop
  endfacet
  facet normal -0.973128 -0 -0.230265
    outer loop
      vertex 87.963 0 75.7796
      vertex 88.1682 -0.799999 74.9124
      vertex 87.963 -0.799999 75.7796
    endloop
  endfacet
  facet normal -0.902113 0 -0.4315
    outer loop
      vertex 88.5102 -0.799999 74.1974
      vertex 88.1682 0 74.9124
      vertex 88.5102 0 74.1974
    endloop
  endfacet
  facet normal -0.902113 -0 -0.4315
    outer loop
      vertex 88.1682 0 74.9124
      vertex 88.5102 -0.799999 74.1974
      vertex 88.1682 -0.799999 74.9124
    endloop
  endfacet
  facet normal -0.761592 0 -0.648057
    outer loop
      vertex 88.9891 -0.799999 73.6346
      vertex 88.5102 0 74.1974
      vertex 88.9891 0 73.6346
    endloop
  endfacet
  facet normal -0.761592 -0 -0.648057
    outer loop
      vertex 88.5102 0 74.1974
      vertex 88.9891 -0.799999 73.6346
      vertex 88.5102 -0.799999 74.1974
    endloop
  endfacet
  facet normal -0.558144 0 -0.829744
    outer loop
      vertex 88.9891 -0.799999 73.6346
      vertex 89.6221 0 73.2088
      vertex 89.6221 -0.799999 73.2088
    endloop
  endfacet
  facet normal -0.558144 0 -0.829744
    outer loop
      vertex 89.6221 0 73.2088
      vertex 88.9891 -0.799999 73.6346
      vertex 88.9891 0 73.6346
    endloop
  endfacet
  facet normal -0.35376 0 -0.935336
    outer loop
      vertex 89.6221 -0.799999 73.2088
      vertex 90.4264 0 72.9046
      vertex 90.4264 -0.799999 72.9046
    endloop
  endfacet
  facet normal -0.35376 0 -0.935336
    outer loop
      vertex 90.4264 0 72.9046
      vertex 89.6221 -0.799999 73.2088
      vertex 89.6221 0 73.2088
    endloop
  endfacet
  facet normal -0.183857 0 -0.982953
    outer loop
      vertex 90.4264 -0.799999 72.9046
      vertex 91.4021 0 72.7221
      vertex 91.4021 -0.799999 72.7221
    endloop
  endfacet
  facet normal -0.183857 0 -0.982953
    outer loop
      vertex 91.4021 0 72.7221
      vertex 90.4264 -0.799999 72.9046
      vertex 90.4264 0 72.9046
    endloop
  endfacet
  facet normal -0.0529243 0 -0.998599
    outer loop
      vertex 91.4021 -0.799999 72.7221
      vertex 92.5493 0 72.6613
      vertex 92.5493 -0.799999 72.6613
    endloop
  endfacet
  facet normal -0.0529243 0 -0.998599
    outer loop
      vertex 92.5493 0 72.6613
      vertex 91.4021 -0.799999 72.7221
      vertex 91.4021 0 72.7221
    endloop
  endfacet
  facet normal 0.0154675 0 -0.99988
    outer loop
      vertex 92.5493 -0.799999 72.6613
      vertex 93.0212 0 72.6686
      vertex 93.0212 -0.799999 72.6686
    endloop
  endfacet
  facet normal 0.0154675 0 -0.99988
    outer loop
      vertex 93.0212 0 72.6686
      vertex 92.5493 -0.799999 72.6613
      vertex 92.5493 0 72.6613
    endloop
  endfacet
  facet normal 0.0465596 0 -0.998916
    outer loop
      vertex 93.0212 -0.799999 72.6686
      vertex 93.4932 0 72.6906
      vertex 93.4932 -0.799999 72.6906
    endloop
  endfacet
  facet normal 0.0465596 0 -0.998916
    outer loop
      vertex 93.4932 0 72.6906
      vertex 93.0212 -0.799999 72.6686
      vertex 93.0212 0 72.6686
    endloop
  endfacet
  facet normal 0.0773103 0 -0.997007
    outer loop
      vertex 93.4932 -0.799999 72.6906
      vertex 93.9652 0 72.7272
      vertex 93.9652 -0.799999 72.7272
    endloop
  endfacet
  facet normal 0.0773103 0 -0.997007
    outer loop
      vertex 93.9652 0 72.7272
      vertex 93.4932 -0.799999 72.6906
      vertex 93.4932 0 72.6906
    endloop
  endfacet
  facet normal 0.10805 0 -0.994145
    outer loop
      vertex 93.9652 -0.799999 72.7272
      vertex 94.4372 0 72.7785
      vertex 94.4372 -0.799999 72.7785
    endloop
  endfacet
  facet normal 0.10805 0 -0.994145
    outer loop
      vertex 94.4372 0 72.7785
      vertex 93.9652 -0.799999 72.7272
      vertex 93.9652 0 72.7272
    endloop
  endfacet
  facet normal 0.137597 0 -0.990488
    outer loop
      vertex 94.4372 -0.799999 72.7785
      vertex 94.9087 0 72.844
      vertex 94.9087 -0.799999 72.844
    endloop
  endfacet
  facet normal 0.137597 0 -0.990488
    outer loop
      vertex 94.9087 0 72.844
      vertex 94.4372 -0.799999 72.7785
      vertex 94.4372 0 72.7785
    endloop
  endfacet
  facet normal 0.165827 0 -0.986155
    outer loop
      vertex 94.9087 -0.799999 72.844
      vertex 95.3791 0 72.9231
      vertex 95.3791 -0.799999 72.9231
    endloop
  endfacet
  facet normal 0.165827 0 -0.986155
    outer loop
      vertex 95.3791 0 72.9231
      vertex 94.9087 -0.799999 72.844
      vertex 94.9087 0 72.844
    endloop
  endfacet
  facet normal 0.193744 0 -0.981052
    outer loop
      vertex 95.3791 -0.799999 72.9231
      vertex 95.8485 0 73.0158
      vertex 95.8485 -0.799999 73.0158
    endloop
  endfacet
  facet normal 0.193744 0 -0.981052
    outer loop
      vertex 95.8485 0 73.0158
      vertex 95.3791 -0.799999 72.9231
      vertex 95.3791 0 72.9231
    endloop
  endfacet
  facet normal 0.221315 0 -0.975202
    outer loop
      vertex 95.8485 -0.799999 73.0158
      vertex 96.3169 0 73.1221
      vertex 96.3169 -0.799999 73.1221
    endloop
  endfacet
  facet normal 0.221315 0 -0.975202
    outer loop
      vertex 96.3169 0 73.1221
      vertex 95.8485 -0.799999 73.0158
      vertex 95.8485 0 73.0158
    endloop
  endfacet
  facet normal 1 -0 0
    outer loop
      vertex 96.3169 -0.799999 75.3416
      vertex 96.3169 0 73.1221
      vertex 96.3169 0 75.3416
    endloop
  endfacet
  facet normal 1 0 0
    outer loop
      vertex 96.3169 0 73.1221
      vertex 96.3169 -0.799999 75.3416
      vertex 96.3169 -0.799999 73.1221
    endloop
  endfacet
  facet normal -0.44335 0 0.896349
    outer loop
      vertex 95.9639 0 75.167
      vertex 96.3169 -0.799999 75.3416
      vertex 96.3169 0 75.3416
    endloop
  endfacet
  facet normal -0.44335 0 0.896349
    outer loop
      vertex 96.3169 -0.799999 75.3416
      vertex 95.9639 0 75.167
      vertex 95.9639 -0.799999 75.167
    endloop
  endfacet
  facet normal -0.380965 0 0.924589
    outer loop
      vertex 95.5967 0 75.0157
      vertex 95.9639 -0.799999 75.167
      vertex 95.9639 0 75.167
    endloop
  endfacet
  facet normal -0.380965 0 0.924589
    outer loop
      vertex 95.9639 -0.799999 75.167
      vertex 95.5967 0 75.0157
      vertex 95.5967 -0.799999 75.0157
    endloop
  endfacet
  facet normal -0.318166 0 0.948035
    outer loop
      vertex 95.2153 0 74.8877
      vertex 95.5967 -0.799999 75.0157
      vertex 95.5967 0 75.0157
    endloop
  endfacet
  facet normal -0.318166 0 0.948035
    outer loop
      vertex 95.5967 -0.799999 75.0157
      vertex 95.2153 0 74.8877
      vertex 95.2153 -0.799999 74.8877
    endloop
  endfacet
  facet normal -0.256081 0 0.966655
    outer loop
      vertex 94.8197 0 74.7829
      vertex 95.2153 -0.799999 74.8877
      vertex 95.2153 0 74.8877
    endloop
  endfacet
  facet normal -0.256081 0 0.966655
    outer loop
      vertex 95.2153 -0.799999 74.8877
      vertex 94.8197 0 74.7829
      vertex 94.8197 -0.799999 74.7829
    endloop
  endfacet
  facet normal -0.194509 0 0.980901
    outer loop
      vertex 94.4087 0 74.7014
      vertex 94.8197 -0.799999 74.7829
      vertex 94.8197 0 74.7829
    endloop
  endfacet
  facet normal -0.194509 0 0.980901
    outer loop
      vertex 94.8197 -0.799999 74.7829
      vertex 94.4087 0 74.7014
      vertex 94.4087 -0.799999 74.7014
    endloop
  endfacet
  facet normal -0.134958 0 0.990851
    outer loop
      vertex 93.9814 0 74.6432
      vertex 94.4087 -0.799999 74.7014
      vertex 94.4087 0 74.7014
    endloop
  endfacet
  facet normal -0.134958 0 0.990851
    outer loop
      vertex 94.4087 -0.799999 74.7014
      vertex 93.9814 0 74.6432
      vertex 93.9814 -0.799999 74.6432
    endloop
  endfacet
  facet normal -0.0784497 0 0.996918
    outer loop
      vertex 93.5379 0 74.6083
      vertex 93.9814 -0.799999 74.6432
      vertex 93.9814 0 74.6432
    endloop
  endfacet
  facet normal -0.0784497 0 0.996918
    outer loop
      vertex 93.9814 -0.799999 74.6432
      vertex 93.5379 0 74.6083
      vertex 93.5379 -0.799999 74.6083
    endloop
  endfacet
  facet normal -0.0252203 0 0.999682
    outer loop
      vertex 93.0781 0 74.5967
      vertex 93.5379 -0.799999 74.6083
      vertex 93.5379 0 74.6083
    endloop
  endfacet
  facet normal -0.0252203 0 0.999682
    outer loop
      vertex 93.5379 -0.799999 74.6083
      vertex 93.0781 0 74.5967
      vertex 93.0781 -0.799999 74.5967
    endloop
  endfacet
  facet normal 0.037224 0 0.999307
    outer loop
      vertex 92.5385 0 74.6168
      vertex 93.0781 -0.799999 74.5967
      vertex 93.0781 0 74.5967
    endloop
  endfacet
  facet normal 0.037224 0 0.999307
    outer loop
      vertex 93.0781 -0.799999 74.5967
      vertex 92.5385 0 74.6168
      vertex 92.5385 -0.799999 74.6168
    endloop
  endfacet
  facet normal 0.129275 0 0.991609
    outer loop
      vertex 92.0752 0 74.6772
      vertex 92.5385 -0.799999 74.6168
      vertex 92.5385 0 74.6168
    endloop
  endfacet
  facet normal 0.129275 0 0.991609
    outer loop
      vertex 92.5385 -0.799999 74.6168
      vertex 92.0752 0 74.6772
      vertex 92.0752 -0.799999 74.6772
    endloop
  endfacet
  facet normal 0.251587 0 0.967835
    outer loop
      vertex 91.6882 0 74.7778
      vertex 92.0752 -0.799999 74.6772
      vertex 92.0752 0 74.6772
    endloop
  endfacet
  facet normal 0.251587 0 0.967835
    outer loop
      vertex 92.0752 -0.799999 74.6772
      vertex 91.6882 0 74.7778
      vertex 91.6882 -0.799999 74.7778
    endloop
  endfacet
  facet normal 0.412765 0 0.910838
    outer loop
      vertex 91.3775 0 74.9186
      vertex 91.6882 -0.799999 74.7778
      vertex 91.6882 0 74.7778
    endloop
  endfacet
  facet normal 0.412765 0 0.910838
    outer loop
      vertex 91.6882 -0.799999 74.7778
      vertex 91.3775 0 74.9186
      vertex 91.3775 -0.799999 74.9186
    endloop
  endfacet
  facet normal 0.611089 0 0.791562
    outer loop
      vertex 91.1389 0 75.1028
      vertex 91.3775 -0.799999 74.9186
      vertex 91.3775 0 74.9186
    endloop
  endfacet
  facet normal 0.611089 0 0.791562
    outer loop
      vertex 91.3775 -0.799999 74.9186
      vertex 91.1389 0 75.1028
      vertex 91.1389 -0.799999 75.1028
    endloop
  endfacet
  facet normal 0.804125 -0 0.59446
    outer loop
      vertex 90.9685 -0.799999 75.3333
      vertex 91.1389 0 75.1028
      vertex 90.9685 0 75.3333
    endloop
  endfacet
  facet normal 0.804125 0 0.59446
    outer loop
      vertex 91.1389 0 75.1028
      vertex 90.9685 -0.799999 75.3333
      vertex 91.1389 -0.799999 75.1028
    endloop
  endfacet
  facet normal 0.9381 -0 0.346365
    outer loop
      vertex 90.8663 -0.799999 75.6101
      vertex 90.9685 0 75.3333
      vertex 90.8663 0 75.6101
    endloop
  endfacet
  facet normal 0.9381 0 0.346365
    outer loop
      vertex 90.9685 0 75.3333
      vertex 90.8663 -0.799999 75.6101
      vertex 90.9685 -0.799999 75.3333
    endloop
  endfacet
  facet normal 0.99448 -0 0.104925
    outer loop
      vertex 90.8322 -0.799999 75.9333
      vertex 90.8663 0 75.6101
      vertex 90.8322 0 75.9333
    endloop
  endfacet
  facet normal 0.99448 0 0.104925
    outer loop
      vertex 90.8663 0 75.6101
      vertex 90.8322 -0.799999 75.9333
      vertex 90.8663 -0.799999 75.6101
    endloop
  endfacet
  facet normal 1 -0 0
    outer loop
      vertex 90.8322 -0.799999 76.1634
      vertex 90.8322 0 75.9333
      vertex 90.8322 0 76.1634
    endloop
  endfacet
  facet normal 1 0 0
    outer loop
      vertex 90.8322 0 75.9333
      vertex 90.8322 -0.799999 76.1634
      vertex 90.8322 -0.799999 75.9333
    endloop
  endfacet
  facet normal 0 0 -1
    outer loop
      vertex 90.8322 -0.799999 76.1634
      vertex 92.5493 0 76.1634
      vertex 92.5493 -0.799999 76.1634
    endloop
  endfacet
  facet normal -0 0 -1
    outer loop
      vertex 92.5493 0 76.1634
      vertex 90.8322 -0.799999 76.1634
      vertex 90.8322 0 76.1634
    endloop
  endfacet
  facet normal 0.0424569 0 -0.999098
    outer loop
      vertex 92.5493 -0.799999 76.1634
      vertex 93.6506 0 76.2102
      vertex 93.6506 -0.799999 76.2102
    endloop
  endfacet
  facet normal 0.0424569 0 -0.999098
    outer loop
      vertex 93.6506 0 76.2102
      vertex 92.5493 -0.799999 76.1634
      vertex 92.5493 0 76.1634
    endloop
  endfacet
  facet normal 0.146978 0 -0.98914
    outer loop
      vertex 93.6506 -0.799999 76.2102
      vertex 94.5948 0 76.3505
      vertex 94.5948 -0.799999 76.3505
    endloop
  endfacet
  facet normal 0.146978 0 -0.98914
    outer loop
      vertex 94.5948 0 76.3505
      vertex 93.6506 -0.799999 76.2102
      vertex 93.6506 0 76.2102
    endloop
  endfacet
  facet normal 0.284777 0 -0.958594
    outer loop
      vertex 94.5948 -0.799999 76.3505
      vertex 95.3818 0 76.5843
      vertex 95.3818 -0.799999 76.5843
    endloop
  endfacet
  facet normal 0.284777 0 -0.958594
    outer loop
      vertex 95.3818 0 76.5843
      vertex 94.5948 -0.799999 76.3505
      vertex 94.5948 0 76.3505
    endloop
  endfacet
  facet normal 0.461189 0 -0.887302
    outer loop
      vertex 95.3818 -0.799999 76.5843
      vertex 96.0117 0 76.9117
      vertex 96.0117 -0.799999 76.9117
    endloop
  endfacet
  facet normal 0.461189 0 -0.887302
    outer loop
      vertex 96.0117 0 76.9117
      vertex 95.3818 -0.799999 76.5843
      vertex 95.3818 0 76.5843
    endloop
  endfacet
  facet normal 0.663236 0 -0.74841
    outer loop
      vertex 96.0117 -0.799999 76.9117
      vertex 96.4941 0 77.3392
      vertex 96.4941 -0.799999 77.3392
    endloop
  endfacet
  facet normal 0.663236 0 -0.74841
    outer loop
      vertex 96.4941 0 77.3392
      vertex 96.0117 -0.799999 76.9117
      vertex 96.0117 0 76.9117
    endloop
  endfacet
  facet normal 0.840329 0 -0.542077
    outer loop
      vertex 96.8387 -0.799999 77.8734
      vertex 96.4941 0 77.3392
      vertex 96.8387 0 77.8734
    endloop
  endfacet
  facet normal 0.840329 0 -0.542077
    outer loop
      vertex 96.4941 0 77.3392
      vertex 96.8387 -0.799999 77.8734
      vertex 96.4941 -0.799999 77.3392
    endloop
  endfacet
  facet normal 0.951727 0 -0.306946
    outer loop
      vertex 97.0454 -0.799999 78.5143
      vertex 96.8387 0 77.8734
      vertex 97.0454 0 78.5143
    endloop
  endfacet
  facet normal 0.951727 0 -0.306946
    outer loop
      vertex 96.8387 0 77.8734
      vertex 97.0454 -0.799999 78.5143
      vertex 96.8387 -0.799999 77.8734
    endloop
  endfacet
  facet normal 0.995781 0 -0.0917605
    outer loop
      vertex 97.1143 -0.799999 79.262
      vertex 97.0454 0 78.5143
      vertex 97.1143 0 79.262
    endloop
  endfacet
  facet normal 0.995781 0 -0.0917605
    outer loop
      vertex 97.0454 0 78.5143
      vertex 97.1143 -0.799999 79.262
      vertex 97.0454 -0.799999 78.5143
    endloop
  endfacet
  facet normal 0.99616 -0 0.0875467
    outer loop
      vertex 97.0591 -0.799999 79.8901
      vertex 97.1143 0 79.262
      vertex 97.0591 0 79.8901
    endloop
  endfacet
  facet normal 0.99616 0 0.0875467
    outer loop
      vertex 97.1143 0 79.262
      vertex 97.0591 -0.799999 79.8901
      vertex 97.1143 -0.799999 79.262
    endloop
  endfacet
  facet normal 0.959877 -0 0.280423
    outer loop
      vertex 96.8936 -0.799999 80.4566
      vertex 97.0591 0 79.8901
      vertex 96.8936 0 80.4566
    endloop
  endfacet
  facet normal 0.959877 0 0.280423
    outer loop
      vertex 97.0591 0 79.8901
      vertex 96.8936 -0.799999 80.4566
      vertex 97.0591 -0.799999 79.8901
    endloop
  endfacet
  facet normal 0.87757 -0 0.479449
    outer loop
      vertex 96.6177 -0.799999 80.9616
      vertex 96.8936 0 80.4566
      vertex 96.6177 0 80.9616
    endloop
  endfacet
  facet normal 0.87757 0 0.479449
    outer loop
      vertex 96.8936 0 80.4566
      vertex 96.6177 -0.799999 80.9616
      vertex 96.8936 -0.799999 80.4566
    endloop
  endfacet
  facet normal 0.754144 -0 0.656709
    outer loop
      vertex 96.2315 -0.799999 81.4051
      vertex 96.6177 0 80.9616
      vertex 96.2315 0 81.4051
    endloop
  endfacet
  facet normal 0.754144 0 0.656709
    outer loop
      vertex 96.6177 0 80.9616
      vertex 96.2315 -0.799999 81.4051
      vertex 96.6177 -0.799999 80.9616
    endloop
  endfacet
  facet normal 0.605351 0 0.795959
    outer loop
      vertex 95.7567 0 81.7662
      vertex 96.2315 -0.799999 81.4051
      vertex 96.2315 0 81.4051
    endloop
  endfacet
  facet normal 0.605351 0 0.795959
    outer loop
      vertex 96.2315 -0.799999 81.4051
      vertex 95.7567 0 81.7662
      vertex 95.7567 -0.799999 81.7662
    endloop
  endfacet
  facet normal 0.430128 0 0.902768
    outer loop
      vertex 95.2152 0 82.0242
      vertex 95.7567 -0.799999 81.7662
      vertex 95.7567 0 81.7662
    endloop
  endfacet
  facet normal 0.430128 0 0.902768
    outer loop
      vertex 95.7567 -0.799999 81.7662
      vertex 95.2152 0 82.0242
      vertex 95.2152 -0.799999 82.0242
    endloop
  endfacet
  facet normal 0.246734 0 0.969083
    outer loop
      vertex 94.6072 0 82.179
      vertex 95.2152 -0.799999 82.0242
      vertex 95.2152 0 82.0242
    endloop
  endfacet
  facet normal 0.246734 0 0.969083
    outer loop
      vertex 95.2152 -0.799999 82.0242
      vertex 94.6072 0 82.179
      vertex 94.6072 -0.799999 82.179
    endloop
  endfacet
  facet normal 0.0762558 0 0.997088
    outer loop
      vertex 93.9325 0 82.2306
      vertex 94.6072 -0.799999 82.179
      vertex 94.6072 0 82.179
    endloop
  endfacet
  facet normal 0.0762558 0 0.997088
    outer loop
      vertex 94.6072 -0.799999 82.179
      vertex 93.9325 0 82.2306
      vertex 93.9325 -0.799999 82.2306
    endloop
  endfacet
  facet normal -0.0468791 0 0.998901
    outer loop
      vertex 93.4275 0 82.2069
      vertex 93.9325 -0.799999 82.2306
      vertex 93.9325 0 82.2306
    endloop
  endfacet
  facet normal -0.0468791 0 0.998901
    outer loop
      vertex 93.9325 -0.799999 82.2306
      vertex 93.4275 0 82.2069
      vertex 93.4275 -0.799999 82.2069
    endloop
  endfacet
  facet normal -0.208389 0 -0.978046
    outer loop
      vertex 93.0885 -0.799999 80.2757
      vertex 93.364 0 80.217
      vertex 93.364 -0.799999 80.217
    endloop
  endfacet
  facet normal -0.208389 0 -0.978046
    outer loop
      vertex 93.364 0 80.217
      vertex 93.0885 -0.799999 80.2757
      vertex 93.0885 0 80.2757
    endloop
  endfacet
  facet normal -0.377985 0 -0.925812
    outer loop
      vertex 93.364 -0.799999 80.217
      vertex 93.6033 0 80.1193
      vertex 93.6033 -0.799999 80.1193
    endloop
  endfacet
  facet normal -0.377985 0 -0.925812
    outer loop
      vertex 93.6033 0 80.1193
      vertex 93.364 -0.799999 80.217
      vertex 93.364 0 80.217
    endloop
  endfacet
  facet normal -0.558463 0 -0.82953
    outer loop
      vertex 93.6033 -0.799999 80.1193
      vertex 93.8065 0 79.9825
      vertex 93.8065 -0.799999 79.9825
    endloop
  endfacet
  facet normal -0.558463 0 -0.82953
    outer loop
      vertex 93.8065 0 79.9825
      vertex 93.6033 -0.799999 80.1193
      vertex 93.6033 0 80.1193
    endloop
  endfacet
  facet normal -0.726554 0 -0.687109
    outer loop
      vertex 93.9685 -0.799999 79.8112
      vertex 93.8065 0 79.9825
      vertex 93.9685 0 79.8112
    endloop
  endfacet
  facet normal -0.726554 -0 -0.687109
    outer loop
      vertex 93.8065 0 79.9825
      vertex 93.9685 -0.799999 79.8112
      vertex 93.8065 -0.799999 79.9825
    endloop
  endfacet
  facet normal -0.866995 0 -0.498317
    outer loop
      vertex 94.0842 -0.799999 79.6099
      vertex 93.9685 0 79.8112
      vertex 94.0842 0 79.6099
    endloop
  endfacet
  facet normal -0.866995 -0 -0.498317
    outer loop
      vertex 93.9685 0 79.8112
      vertex 94.0842 -0.799999 79.6099
      vertex 93.9685 -0.799999 79.8112
    endloop
  endfacet
  facet normal -0.957815 0 -0.287386
    outer loop
      vertex 94.1536 -0.799999 79.3786
      vertex 94.0842 0 79.6099
      vertex 94.1536 0 79.3786
    endloop
  endfacet
  facet normal -0.957815 -0 -0.287386
    outer loop
      vertex 94.0842 0 79.6099
      vertex 94.1536 -0.799999 79.3786
      vertex 94.0842 -0.799999 79.6099
    endloop
  endfacet
  facet normal -0.996112 0 -0.0880941
    outer loop
      vertex 94.1767 -0.799999 79.1174
      vertex 94.1536 0 79.3786
      vertex 94.1767 0 79.1174
    endloop
  endfacet
  facet normal -0.996112 -0 -0.0880941
    outer loop
      vertex 94.1536 0 79.3786
      vertex 94.1767 -0.799999 79.1174
      vertex 94.1536 -0.799999 79.3786
    endloop
  endfacet
  facet normal -0.994872 0 0.101144
    outer loop
      vertex 94.148 -0.799999 78.8351
      vertex 94.1767 0 79.1174
      vertex 94.148 0 78.8351
    endloop
  endfacet
  facet normal -0.994872 0 0.101144
    outer loop
      vertex 94.1767 0 79.1174
      vertex 94.148 -0.799999 78.8351
      vertex 94.1767 -0.799999 79.1174
    endloop
  endfacet
  facet normal -0.943613 0 0.331052
    outer loop
      vertex 94.0618 -0.799999 78.5894
      vertex 94.148 0 78.8351
      vertex 94.0618 0 78.5894
    endloop
  endfacet
  facet normal -0.943613 0 0.331052
    outer loop
      vertex 94.148 0 78.8351
      vertex 94.0618 -0.799999 78.5894
      vertex 94.148 -0.799999 78.8351
    endloop
  endfacet
  facet normal -0.824145 0 0.566378
    outer loop
      vertex 93.9181 -0.799999 78.3803
      vertex 94.0618 0 78.5894
      vertex 93.9181 0 78.3803
    endloop
  endfacet
  facet normal -0.824145 0 0.566378
    outer loop
      vertex 94.0618 0 78.5894
      vertex 93.9181 -0.799999 78.3803
      vertex 94.0618 -0.799999 78.5894
    endloop
  endfacet
  facet normal -0.651288 0 0.75883
    outer loop
      vertex 93.717 0 78.2077
      vertex 93.9181 -0.799999 78.3803
      vertex 93.9181 0 78.3803
    endloop
  endfacet
  facet normal -0.651288 0 0.75883
    outer loop
      vertex 93.9181 -0.799999 78.3803
      vertex 93.717 0 78.2077
      vertex 93.717 -0.799999 78.2077
    endloop
  endfacet
  facet normal -0.46334 0 0.886181
    outer loop
      vertex 93.4588 0 78.0727
      vertex 93.717 -0.799999 78.2077
      vertex 93.717 0 78.2077
    endloop
  endfacet
  facet normal -0.46334 0 0.886181
    outer loop
      vertex 93.717 -0.799999 78.2077
      vertex 93.4588 0 78.0727
      vertex 93.4588 -0.799999 78.0727
    endloop
  endfacet
  facet normal -0.293253 0 0.956035
    outer loop
      vertex 93.1442 0 77.9762
      vertex 93.4588 -0.799999 78.0727
      vertex 93.4588 0 78.0727
    endloop
  endfacet
  facet normal -0.293253 0 0.956035
    outer loop
      vertex 93.4588 -0.799999 78.0727
      vertex 93.1442 0 77.9762
      vertex 93.1442 -0.799999 77.9762
    endloop
  endfacet
  facet normal -0.154198 0 0.98804
    outer loop
      vertex 92.7732 0 77.9183
      vertex 93.1442 -0.799999 77.9762
      vertex 93.1442 0 77.9762
    endloop
  endfacet
  facet normal -0.154198 0 0.98804
    outer loop
      vertex 93.1442 -0.799999 77.9762
      vertex 92.7732 0 77.9183
      vertex 92.7732 -0.799999 77.9183
    endloop
  endfacet
  facet normal -0.0451003 0 0.998982
    outer loop
      vertex 92.3457 0 77.899
      vertex 92.7732 -0.799999 77.9183
      vertex 92.7732 0 77.9183
    endloop
  endfacet
  facet normal -0.0451003 0 0.998982
    outer loop
      vertex 92.7732 -0.799999 77.9183
      vertex 92.3457 0 77.899
      vertex 92.3457 -0.799999 77.899
    endloop
  endfacet
  facet normal -0 0 1
    outer loop
      vertex 90.8322 0 77.899
      vertex 92.3457 -0.799999 77.899
      vertex 92.3457 0 77.899
    endloop
  endfacet
  facet normal 0 0 1
    outer loop
      vertex 92.3457 -0.799999 77.899
      vertex 90.8322 0 77.899
      vertex 90.8322 -0.799999 77.899
    endloop
  endfacet
  facet normal 1 -0 0
    outer loop
      vertex 90.8322 -0.799999 78.2321
      vertex 90.8322 0 77.899
      vertex 90.8322 0 78.2321
    endloop
  endfacet
  facet normal 1 0 0
    outer loop
      vertex 90.8322 0 77.899
      vertex 90.8322 -0.799999 78.2321
      vertex 90.8322 -0.799999 77.899
    endloop
  endfacet
  facet normal 0.996593 0 -0.0824815
    outer loop
      vertex 90.8673 -0.799999 78.6562
      vertex 90.8322 0 78.2321
      vertex 90.8673 0 78.6562
    endloop
  endfacet
  facet normal 0.996593 0 -0.0824815
    outer loop
      vertex 90.8322 0 78.2321
      vertex 90.8673 -0.799999 78.6562
      vertex 90.8322 -0.799999 78.2321
    endloop
  endfacet
  facet normal 0.964999 0 -0.262252
    outer loop
      vertex 90.9725 -0.799999 79.0433
      vertex 90.8673 0 78.6562
      vertex 90.9725 0 79.0433
    endloop
  endfacet
  facet normal 0.964999 0 -0.262252
    outer loop
      vertex 90.8673 0 78.6562
      vertex 90.9725 -0.799999 79.0433
      vertex 90.8673 -0.799999 78.6562
    endloop
  endfacet
  facet normal 0.893967 0 -0.448133
    outer loop
      vertex 91.148 -0.799999 79.3934
      vertex 90.9725 0 79.0433
      vertex 91.148 0 79.3934
    endloop
  endfacet
  facet normal 0.893967 0 -0.448133
    outer loop
      vertex 90.9725 0 79.0433
      vertex 91.148 -0.799999 79.3934
      vertex 90.9725 -0.799999 79.0433
    endloop
  endfacet
  facet normal 0.786597 0 -0.617466
    outer loop
      vertex 91.3937 -0.799999 79.7064
      vertex 91.148 0 79.3934
      vertex 91.3937 0 79.7064
    endloop
  endfacet
  facet normal 0.786597 0 -0.617466
    outer loop
      vertex 91.148 0 79.3934
      vertex 91.3937 -0.799999 79.7064
      vertex 91.148 -0.799999 79.3934
    endloop
  endfacet
  facet normal 0.655221 0 -0.755437
    outer loop
      vertex 91.3937 -0.799999 79.7064
      vertex 91.6907 0 79.964
      vertex 91.6907 -0.799999 79.964
    endloop
  endfacet
  facet normal 0.655221 0 -0.755437
    outer loop
      vertex 91.6907 0 79.964
      vertex 91.3937 -0.799999 79.7064
      vertex 91.3937 0 79.7064
    endloop
  endfacet
  facet normal 0.487554 0 -0.873093
    outer loop
      vertex 91.6907 -0.799999 79.964
      vertex 92.0202 0 80.148
      vertex 92.0202 -0.799999 80.148
    endloop
  endfacet
  facet normal 0.487554 0 -0.873093
    outer loop
      vertex 92.0202 0 80.148
      vertex 91.6907 -0.799999 79.964
      vertex 91.6907 0 79.964
    endloop
  endfacet
  facet normal 0.291561 0 -0.956552
    outer loop
      vertex 92.0202 -0.799999 80.148
      vertex 92.3824 0 80.2584
      vertex 92.3824 -0.799999 80.2584
    endloop
  endfacet
  facet normal 0.291561 0 -0.956552
    outer loop
      vertex 92.3824 0 80.2584
      vertex 92.0202 -0.799999 80.148
      vertex 92.0202 0 80.148
    endloop
  endfacet
  facet normal 0.0928561 0 -0.99568
    outer loop
      vertex 92.3824 -0.799999 80.2584
      vertex 92.777 0 80.2952
      vertex 92.777 -0.799999 80.2952
    endloop
  endfacet
  facet normal 0.0928561 0 -0.99568
    outer loop
      vertex 92.777 0 80.2952
      vertex 92.3824 -0.799999 80.2584
      vertex 92.3824 0 80.2584
    endloop
  endfacet
  facet normal -0.062478 0 -0.998046
    outer loop
      vertex 92.777 -0.799999 80.2952
      vertex 93.0885 0 80.2757
      vertex 93.0885 -0.799999 80.2757
    endloop
  endfacet
  facet normal -0.062478 0 -0.998046
    outer loop
      vertex 93.0885 0 80.2757
      vertex 92.777 -0.799999 80.2952
      vertex 92.777 0 80.2952
    endloop
  endfacet
  facet normal -0.0723716 0 0.997378
    outer loop
      vertex 51.0089 0 82.1806
      vertex 51.5257 -0.799999 82.2181
      vertex 51.5257 0 82.2181
    endloop
  endfacet
  facet normal -0.0723716 0 0.997378
    outer loop
      vertex 51.5257 -0.799999 82.2181
      vertex 51.0089 0 82.1806
      vertex 51.0089 -0.799999 82.1806
    endloop
  endfacet
  facet normal -0.119895 0 0.992787
    outer loop
      vertex 50.4922 0 82.1182
      vertex 51.0089 -0.799999 82.1806
      vertex 51.0089 0 82.1806
    endloop
  endfacet
  facet normal -0.119895 0 0.992787
    outer loop
      vertex 51.0089 -0.799999 82.1806
      vertex 50.4922 0 82.1182
      vertex 50.4922 -0.799999 82.1182
    endloop
  endfacet
  facet normal -0.16675 0 0.985999
    outer loop
      vertex 49.9754 0 82.0308
      vertex 50.4922 -0.799999 82.1182
      vertex 50.4922 0 82.1182
    endloop
  endfacet
  facet normal -0.16675 0 0.985999
    outer loop
      vertex 50.4922 -0.799999 82.1182
      vertex 49.9754 0 82.0308
      vertex 49.9754 -0.799999 82.0308
    endloop
  endfacet
  facet normal -0.21166 0 0.977343
    outer loop
      vertex 49.4587 0 81.9189
      vertex 49.9754 -0.799999 82.0308
      vertex 49.9754 0 82.0308
    endloop
  endfacet
  facet normal -0.21166 0 0.977343
    outer loop
      vertex 49.9754 -0.799999 82.0308
      vertex 49.4587 0 81.9189
      vertex 49.4587 -0.799999 81.9189
    endloop
  endfacet
  facet normal -0.254189 0 0.967155
    outer loop
      vertex 48.942 0 81.7831
      vertex 49.4587 -0.799999 81.9189
      vertex 49.4587 0 81.9189
    endloop
  endfacet
  facet normal -0.254189 0 0.967155
    outer loop
      vertex 49.4587 -0.799999 81.9189
      vertex 48.942 0 81.7831
      vertex 48.942 -0.799999 81.7831
    endloop
  endfacet
  facet normal -0.295463 0 0.955354
    outer loop
      vertex 48.4253 0 81.6233
      vertex 48.942 -0.799999 81.7831
      vertex 48.942 0 81.7831
    endloop
  endfacet
  facet normal -0.295463 0 0.955354
    outer loop
      vertex 48.942 -0.799999 81.7831
      vertex 48.4253 0 81.6233
      vertex 48.4253 -0.799999 81.6233
    endloop
  endfacet
  facet normal -0.335146 0 0.942166
    outer loop
      vertex 47.9086 0 81.4395
      vertex 48.4253 -0.799999 81.6233
      vertex 48.4253 0 81.6233
    endloop
  endfacet
  facet normal -0.335146 0 0.942166
    outer loop
      vertex 48.4253 -0.799999 81.6233
      vertex 47.9086 0 81.4395
      vertex 47.9086 -0.799999 81.4395
    endloop
  endfacet
  facet normal -1 0 0
    outer loop
      vertex 47.9086 -0.799999 79.197
      vertex 47.9086 0 81.4395
      vertex 47.9086 0 79.197
    endloop
  endfacet
  facet normal -1 -0 0
    outer loop
      vertex 47.9086 0 81.4395
      vertex 47.9086 -0.799999 79.197
      vertex 47.9086 -0.799999 81.4395
    endloop
  endfacet
  facet normal 0.456138 0 -0.889909
    outer loop
      vertex 47.9086 -0.799999 79.197
      vertex 48.4139 0 79.456
      vertex 48.4139 -0.799999 79.456
    endloop
  endfacet
  facet normal 0.456138 0 -0.889909
    outer loop
      vertex 48.4139 0 79.456
      vertex 47.9086 -0.799999 79.197
      vertex 47.9086 0 79.197
    endloop
  endfacet
  facet normal 0.409733 0 -0.912205
    outer loop
      vertex 48.4139 -0.799999 79.456
      vertex 48.9126 0 79.68
      vertex 48.9126 -0.799999 79.68
    endloop
  endfacet
  facet normal 0.409733 0 -0.912205
    outer loop
      vertex 48.9126 0 79.68
      vertex 48.4139 -0.799999 79.456
      vertex 48.4139 0 79.456
    endloop
  endfacet
  facet normal 0.358432 0 -0.933556
    outer loop
      vertex 48.9126 -0.799999 79.68
      vertex 49.4046 0 79.8689
      vertex 49.4046 -0.799999 79.8689
    endloop
  endfacet
  facet normal 0.358432 0 -0.933556
    outer loop
      vertex 49.4046 0 79.8689
      vertex 48.9126 -0.799999 79.68
      vertex 48.9126 0 79.68
    endloop
  endfacet
  facet normal 0.301996 0 -0.953309
    outer loop
      vertex 49.4046 -0.799999 79.8689
      vertex 49.8901 0 80.0227
      vertex 49.8901 -0.799999 80.0227
    endloop
  endfacet
  facet normal 0.301996 0 -0.953309
    outer loop
      vertex 49.8901 0 80.0227
      vertex 49.4046 -0.799999 79.8689
      vertex 49.4046 0 79.8689
    endloop
  endfacet
  facet normal 0.241344 0 -0.97044
    outer loop
      vertex 49.8901 -0.799999 80.0227
      vertex 50.3694 0 80.1419
      vertex 50.3694 -0.799999 80.1419
    endloop
  endfacet
  facet normal 0.241344 0 -0.97044
    outer loop
      vertex 50.3694 0 80.1419
      vertex 49.8901 -0.799999 80.0227
      vertex 49.8901 0 80.0227
    endloop
  endfacet
  facet normal 0.176984 0 -0.984214
    outer loop
      vertex 50.3694 -0.799999 80.1419
      vertex 50.8432 0 80.2271
      vertex 50.8432 -0.799999 80.2271
    endloop
  endfacet
  facet normal 0.176984 0 -0.984214
    outer loop
      vertex 50.8432 0 80.2271
      vertex 50.3694 -0.799999 80.1419
      vertex 50.3694 0 80.1419
    endloop
  endfacet
  facet normal 0.10852 0 -0.994094
    outer loop
      vertex 50.8432 -0.799999 80.2271
      vertex 51.3113 0 80.2782
      vertex 51.3113 -0.799999 80.2782
    endloop
  endfacet
  facet normal 0.10852 0 -0.994094
    outer loop
      vertex 51.3113 0 80.2782
      vertex 50.8432 -0.799999 80.2271
      vertex 50.8432 0 80.2271
    endloop
  endfacet
  facet normal 0.036724 0 -0.999325
    outer loop
      vertex 51.3113 -0.799999 80.2782
      vertex 51.7739 0 80.2952
      vertex 51.7739 -0.799999 80.2952
    endloop
  endfacet
  facet normal 0.036724 0 -0.999325
    outer loop
      vertex 51.7739 0 80.2952
      vertex 51.3113 -0.799999 80.2782
      vertex 51.3113 0 80.2782
    endloop
  endfacet
  facet normal -0.0593636 0 -0.998236
    outer loop
      vertex 51.7739 -0.799999 80.2952
      vertex 52.312 0 80.2632
      vertex 52.312 -0.799999 80.2632
    endloop
  endfacet
  facet normal -0.0593636 0 -0.998236
    outer loop
      vertex 52.312 0 80.2632
      vertex 51.7739 -0.799999 80.2952
      vertex 51.7739 0 80.2952
    endloop
  endfacet
  facet normal -0.198298 0 -0.980142
    outer loop
      vertex 52.312 -0.799999 80.2632
      vertex 52.787 0 80.1671
      vertex 52.787 -0.799999 80.1671
    endloop
  endfacet
  facet normal -0.198298 0 -0.980142
    outer loop
      vertex 52.787 0 80.1671
      vertex 52.312 -0.799999 80.2632
      vertex 52.312 0 80.2632
    endloop
  endfacet
  facet normal -0.362403 0 -0.932022
    outer loop
      vertex 52.787 -0.799999 80.1671
      vertex 53.199 0 80.0069
      vertex 53.199 -0.799999 80.0069
    endloop
  endfacet
  facet normal -0.362403 0 -0.932022
    outer loop
      vertex 53.199 0 80.0069
      vertex 52.787 -0.799999 80.1671
      vertex 52.787 0 80.1671
    endloop
  endfacet
  facet normal -0.540879 0 -0.8411
    outer loop
      vertex 53.199 -0.799999 80.0069
      vertex 53.5478 0 79.7826
      vertex 53.5478 -0.799999 79.7826
    endloop
  endfacet
  facet normal -0.540879 0 -0.8411
    outer loop
      vertex 53.5478 0 79.7826
      vertex 53.199 -0.799999 80.0069
      vertex 53.199 0 80.0069
    endloop
  endfacet
  facet normal -0.712151 0 -0.702027
    outer loop
      vertex 53.8321 -0.799999 79.4942
      vertex 53.5478 0 79.7826
      vertex 53.8321 0 79.4942
    endloop
  endfacet
  facet normal -0.712151 -0 -0.702027
    outer loop
      vertex 53.5478 0 79.7826
      vertex 53.8321 -0.799999 79.4942
      vertex 53.5478 -0.799999 79.7826
    endloop
  endfacet
  facet normal -0.850214 0 -0.526438
    outer loop
      vertex 54.0503 -0.799999 79.1418
      vertex 53.8321 0 79.4942
      vertex 54.0503 0 79.1418
    endloop
  endfacet
  facet normal -0.850214 -0 -0.526438
    outer loop
      vertex 53.8321 0 79.4942
      vertex 54.0503 -0.799999 79.1418
      vertex 53.8321 -0.799999 79.4942
    endloop
  endfacet
  facet normal -0.939325 0 -0.343028
    outer loop
      vertex 54.2024 -0.799999 78.7253
      vertex 54.0503 0 79.1418
      vertex 54.2024 0 78.7253
    endloop
  endfacet
  facet normal -0.939325 -0 -0.343028
    outer loop
      vertex 54.0503 0 79.1418
      vertex 54.2024 -0.799999 78.7253
      vertex 54.0503 -0.799999 79.1418
    endloop
  endfacet
  facet normal -0.984364 0 -0.176145
    outer loop
      vertex 54.2884 -0.799999 78.2447
      vertex 54.2024 0 78.7253
      vertex 54.2884 0 78.2447
    endloop
  endfacet
  facet normal -0.984364 -0 -0.176145
    outer loop
      vertex 54.2024 0 78.7253
      vertex 54.2884 -0.799999 78.2447
      vertex 54.2024 -0.799999 78.7253
    endloop
  endfacet
  facet normal -0 0 1
    outer loop
      vertex 47.4773 0 78.2447
      vertex 54.2884 -0.799999 78.2447
      vertex 54.2884 0 78.2447
    endloop
  endfacet
  facet normal 0 0 1
    outer loop
      vertex 54.2884 -0.799999 78.2447
      vertex 47.4773 0 78.2447
      vertex 47.4773 -0.799999 78.2447
    endloop
  endfacet
  facet normal -1 0 0
    outer loop
      vertex 47.4773 -0.799999 77.4152
      vertex 47.4773 0 78.2447
      vertex 47.4773 0 77.4152
    endloop
  endfacet
  facet normal -1 -0 0
    outer loop
      vertex 47.4773 0 78.2447
      vertex 47.4773 -0.799999 77.4152
      vertex 47.4773 -0.799999 78.2447
    endloop
  endfacet
  facet normal -0.996942 0 -0.0781497
    outer loop
      vertex 47.5579 -0.799999 76.387
      vertex 47.4773 0 77.4152
      vertex 47.5579 0 76.387
    endloop
  endfacet
  facet normal -0.996942 -0 -0.0781497
    outer loop
      vertex 47.4773 0 77.4152
      vertex 47.5579 -0.799999 76.387
      vertex 47.4773 -0.799999 77.4152
    endloop
  endfacet
  facet normal -0.967106 0 -0.254374
    outer loop
      vertex 47.7997 -0.799999 75.4677
      vertex 47.5579 0 76.387
      vertex 47.7997 0 75.4677
    endloop
  endfacet
  facet normal -0.967106 -0 -0.254374
    outer loop
      vertex 47.5579 0 76.387
      vertex 47.7997 -0.799999 75.4677
      vertex 47.5579 -0.799999 76.387
    endloop
  endfacet
  facet normal -0.895375 0 -0.445312
    outer loop
      vertex 48.2028 -0.799999 74.6572
      vertex 47.7997 0 75.4677
      vertex 48.2028 0 74.6572
    endloop
  endfacet
  facet normal -0.895375 -0 -0.445312
    outer loop
      vertex 47.7997 0 75.4677
      vertex 48.2028 -0.799999 74.6572
      vertex 47.7997 -0.799999 75.4677
    endloop
  endfacet
  facet normal -0.779284 0 -0.626671
    outer loop
      vertex 48.767 -0.799999 73.9556
      vertex 48.2028 0 74.6572
      vertex 48.767 0 73.9556
    endloop
  endfacet
  facet normal -0.779284 -0 -0.626671
    outer loop
      vertex 48.2028 0 74.6572
      vertex 48.767 -0.799999 73.9556
      vertex 48.2028 -0.799999 74.6572
    endloop
  endfacet
  facet normal -0.629646 0 -0.776882
    outer loop
      vertex 48.767 -0.799999 73.9556
      vertex 49.4656 0 73.3894
      vertex 49.4656 -0.799999 73.3894
    endloop
  endfacet
  facet normal -0.629646 0 -0.776882
    outer loop
      vertex 49.4656 0 73.3894
      vertex 48.767 -0.799999 73.9556
      vertex 48.767 0 73.9556
    endloop
  endfacet
  facet normal -0.448588 0 -0.893739
    outer loop
      vertex 49.4656 -0.799999 73.3894
      vertex 50.2715 0 72.9849
      vertex 50.2715 -0.799999 72.9849
    endloop
  endfacet
  facet normal -0.448588 0 -0.893739
    outer loop
      vertex 50.2715 0 72.9849
      vertex 49.4656 -0.799999 73.3894
      vertex 49.4656 0 73.3894
    endloop
  endfacet
  facet normal -0.256879 0 -0.966444
    outer loop
      vertex 50.2715 -0.799999 72.9849
      vertex 51.1846 0 72.7422
      vertex 51.1846 -0.799999 72.7422
    endloop
  endfacet
  facet normal -0.256879 0 -0.966444
    outer loop
      vertex 51.1846 0 72.7422
      vertex 50.2715 -0.799999 72.9849
      vertex 50.2715 0 72.9849
    endloop
  endfacet
  facet normal -0.0790192 0 -0.996873
    outer loop
      vertex 51.1846 -0.799999 72.7422
      vertex 52.2052 0 72.6613
      vertex 52.2052 -0.799999 72.6613
    endloop
  endfacet
  facet normal -0.0790192 0 -0.996873
    outer loop
      vertex 52.2052 0 72.6613
      vertex 51.1846 -0.799999 72.7422
      vertex 51.1846 0 72.7422
    endloop
  endfacet
  facet normal 0.0712915 0 -0.997456
    outer loop
      vertex 52.2052 -0.799999 72.6613
      vertex 53.3217 0 72.7411
      vertex 53.3217 -0.799999 72.7411
    endloop
  endfacet
  facet normal 0.0712915 0 -0.997456
    outer loop
      vertex 53.3217 0 72.7411
      vertex 52.2052 -0.799999 72.6613
      vertex 52.2052 0 72.6613
    endloop
  endfacet
  facet normal 0.235229 0 -0.97194
    outer loop
      vertex 53.3217 -0.799999 72.7411
      vertex 54.3117 0 72.9807
      vertex 54.3117 -0.799999 72.9807
    endloop
  endfacet
  facet normal 0.235229 0 -0.97194
    outer loop
      vertex 54.3117 0 72.9807
      vertex 53.3217 -0.799999 72.7411
      vertex 53.3217 0 72.7411
    endloop
  endfacet
  facet normal 0.419711 0 -0.907658
    outer loop
      vertex 54.3117 -0.799999 72.9807
      vertex 55.175 0 73.3799
      vertex 55.175 -0.799999 73.3799
    endloop
  endfacet
  facet normal 0.419711 0 -0.907658
    outer loop
      vertex 55.175 0 73.3799
      vertex 54.3117 -0.799999 72.9807
      vertex 54.3117 0 72.9807
    endloop
  endfacet
  facet normal 0.604403 0 -0.796679
    outer loop
      vertex 55.175 -0.799999 73.3799
      vertex 55.9117 0 73.9388
      vertex 55.9117 -0.799999 73.9388
    endloop
  endfacet
  facet normal 0.604403 0 -0.796679
    outer loop
      vertex 55.9117 0 73.9388
      vertex 55.175 -0.799999 73.3799
      vertex 55.175 0 73.3799
    endloop
  endfacet
  facet normal 0.764286 0 -0.644877
    outer loop
      vertex 56.5009 -0.799999 74.6371
      vertex 55.9117 0 73.9388
      vertex 56.5009 0 74.6371
    endloop
  endfacet
  facet normal 0.764286 0 -0.644877
    outer loop
      vertex 55.9117 0 73.9388
      vertex 56.5009 -0.799999 74.6371
      vertex 55.9117 -0.799999 73.9388
    endloop
  endfacet
  facet normal 0.889034 0 -0.457842
    outer loop
      vertex 56.9218 -0.799999 75.4544
      vertex 56.5009 0 74.6371
      vertex 56.9218 0 75.4544
    endloop
  endfacet
  facet normal 0.889034 0 -0.457842
    outer loop
      vertex 56.5009 0 74.6371
      vertex 56.9218 -0.799999 75.4544
      vertex 56.5009 -0.799999 74.6371
    endloop
  endfacet
  facet normal 0.965507 0 -0.260377
    outer loop
      vertex 57.1743 -0.799999 76.3907
      vertex 56.9218 0 75.4544
      vertex 57.1743 0 76.3907
    endloop
  endfacet
  facet normal 0.965507 0 -0.260377
    outer loop
      vertex 56.9218 0 75.4544
      vertex 57.1743 -0.799999 76.3907
      vertex 56.9218 -0.799999 75.4544
    endloop
  endfacet
  facet normal 0.996832 0 -0.079535
    outer loop
      vertex 57.2585 -0.799999 77.446
      vertex 57.1743 0 76.3907
      vertex 57.2585 0 77.446
    endloop
  endfacet
  facet normal 0.996832 0 -0.079535
    outer loop
      vertex 57.1743 0 76.3907
      vertex 57.2585 -0.799999 77.446
      vertex 57.1743 -0.799999 76.3907
    endloop
  endfacet
  facet normal 0.996819 -0 0.0797046
    outer loop
      vertex 57.1728 -0.799999 78.5178
      vertex 57.2585 0 77.446
      vertex 57.1728 0 78.5178
    endloop
  endfacet
  facet normal 0.996819 0 0.0797046
    outer loop
      vertex 57.2585 0 77.446
      vertex 57.1728 -0.799999 78.5178
      vertex 57.2585 -0.799999 77.446
    endloop
  endfacet
  facet normal 0.96494 -0 0.262469
    outer loop
      vertex 56.9157 -0.799999 79.463
      vertex 57.1728 0 78.5178
      vertex 56.9157 0 79.463
    endloop
  endfacet
  facet normal 0.96494 0 0.262469
    outer loop
      vertex 57.1728 0 78.5178
      vertex 56.9157 -0.799999 79.463
      vertex 57.1728 -0.799999 78.5178
    endloop
  endfacet
  facet normal 0.885937 -0 0.463805
    outer loop
      vertex 56.4872 -0.799999 80.2815
      vertex 56.9157 0 79.463
      vertex 56.4872 0 80.2815
    endloop
  endfacet
  facet normal 0.885937 0 0.463805
    outer loop
      vertex 56.9157 0 79.463
      vertex 56.4872 -0.799999 80.2815
      vertex 56.9157 -0.799999 79.463
    endloop
  endfacet
  facet normal 0.755606 -0 0.655026
    outer loop
      vertex 55.8874 -0.799999 80.9734
      vertex 56.4872 0 80.2815
      vertex 55.8874 0 80.9734
    endloop
  endfacet
  facet normal 0.755606 0 0.655026
    outer loop
      vertex 56.4872 0 80.2815
      vertex 55.8874 -0.799999 80.9734
      vertex 56.4872 -0.799999 80.2815
    endloop
  endfacet
  facet normal 0.589012 0 0.808124
    outer loop
      vertex 55.1328 0 81.5234
      vertex 55.8874 -0.799999 80.9734
      vertex 55.8874 0 80.9734
    endloop
  endfacet
  facet normal 0.589012 0 0.808124
    outer loop
      vertex 55.8874 -0.799999 80.9734
      vertex 55.1328 0 81.5234
      vertex 55.1328 -0.799999 81.5234
    endloop
  endfacet
  facet normal 0.402986 0 0.915206
    outer loop
      vertex 54.2405 0 81.9163
      vertex 55.1328 -0.799999 81.5234
      vertex 55.1328 0 81.5234
    endloop
  endfacet
  facet normal 0.402986 0 0.915206
    outer loop
      vertex 55.1328 -0.799999 81.5234
      vertex 54.2405 0 81.9163
      vertex 54.2405 -0.799999 81.9163
    endloop
  endfacet
  facet normal 0.223048 0 0.974807
    outer loop
      vertex 53.2104 0 82.152
      vertex 54.2405 -0.799999 81.9163
      vertex 54.2405 0 81.9163
    endloop
  endfacet
  facet normal 0.223048 0 0.974807
    outer loop
      vertex 54.2405 -0.799999 81.9163
      vertex 53.2104 0 82.152
      vertex 53.2104 -0.799999 82.152
    endloop
  endfacet
  facet normal 0.0671427 0 0.997743
    outer loop
      vertex 52.0424 0 82.2306
      vertex 53.2104 -0.799999 82.152
      vertex 53.2104 0 82.152
    endloop
  endfacet
  facet normal 0.0671427 0 0.997743
    outer loop
      vertex 53.2104 -0.799999 82.152
      vertex 52.0424 0 82.2306
      vertex 52.0424 -0.799999 82.2306
    endloop
  endfacet
  facet normal -0.0241849 0 0.999708
    outer loop
      vertex 51.5257 0 82.2181
      vertex 52.0424 -0.799999 82.2306
      vertex 52.0424 0 82.2306
    endloop
  endfacet
  facet normal -0.0241849 0 0.999708
    outer loop
      vertex 52.0424 -0.799999 82.2306
      vertex 51.5257 0 82.2181
      vertex 51.5257 -0.799999 82.2181
    endloop
  endfacet
  facet normal -0.978026 0 0.208485
    outer loop
      vertex 54.1658 -0.799999 76.0253
      vertex 54.2558 0 76.4475
      vertex 54.1658 0 76.0253
    endloop
  endfacet
  facet normal -0.978026 0 0.208485
    outer loop
      vertex 54.2558 0 76.4475
      vertex 54.1658 -0.799999 76.0253
      vertex 54.2558 -0.799999 76.4475
    endloop
  endfacet
  facet normal -0.935275 0 0.353922
    outer loop
      vertex 54.0259 -0.799999 75.6556
      vertex 54.1658 0 76.0253
      vertex 54.0259 0 75.6556
    endloop
  endfacet
  facet normal -0.935275 0 0.353922
    outer loop
      vertex 54.1658 0 76.0253
      vertex 54.0259 -0.799999 75.6556
      vertex 54.1658 -0.799999 76.0253
    endloop
  endfacet
  facet normal -0.858232 0 0.513262
    outer loop
      vertex 53.8362 -0.799999 75.3384
      vertex 54.0259 0 75.6556
      vertex 53.8362 0 75.3384
    endloop
  endfacet
  facet normal -0.858232 0 0.513262
    outer loop
      vertex 54.0259 0 75.6556
      vertex 53.8362 -0.799999 75.3384
      vertex 54.0259 -0.799999 75.6556
    endloop
  endfacet
  facet normal -0.741523 0 0.670928
    outer loop
      vertex 53.5967 -0.799999 75.0737
      vertex 53.8362 0 75.3384
      vertex 53.5967 0 75.0737
    endloop
  endfacet
  facet normal -0.741523 0 0.670928
    outer loop
      vertex 53.8362 0 75.3384
      vertex 53.5967 -0.799999 75.0737
      vertex 53.8362 -0.799999 75.3384
    endloop
  endfacet
  facet normal -0.591757 0 0.806116
    outer loop
      vertex 53.3124 0 74.865
      vertex 53.5967 -0.799999 75.0737
      vertex 53.5967 0 75.0737
    endloop
  endfacet
  facet normal -0.591757 0 0.806116
    outer loop
      vertex 53.5967 -0.799999 75.0737
      vertex 53.3124 0 74.865
      vertex 53.3124 -0.799999 74.865
    endloop
  endfacet
  facet normal -0.418044 0 0.908427
    outer loop
      vertex 52.9884 0 74.7159
      vertex 53.3124 -0.799999 74.865
      vertex 53.3124 0 74.865
    endloop
  endfacet
  facet normal -0.418044 0 0.908427
    outer loop
      vertex 53.3124 -0.799999 74.865
      vertex 52.9884 0 74.7159
      vertex 52.9884 -0.799999 74.7159
    endloop
  endfacet
  facet normal -0.238763 0 0.971078
    outer loop
      vertex 52.6248 0 74.6265
      vertex 52.9884 -0.799999 74.7159
      vertex 52.9884 0 74.7159
    endloop
  endfacet
  facet normal -0.238763 0 0.971078
    outer loop
      vertex 52.9884 -0.799999 74.7159
      vertex 52.6248 0 74.6265
      vertex 52.6248 -0.799999 74.6265
    endloop
  endfacet
  facet normal -0.0736895 0 0.997281
    outer loop
      vertex 52.2215 0 74.5967
      vertex 52.6248 -0.799999 74.6265
      vertex 52.6248 0 74.6265
    endloop
  endfacet
  facet normal -0.0736895 0 0.997281
    outer loop
      vertex 52.6248 -0.799999 74.6265
      vertex 52.2215 0 74.5967
      vertex 52.2215 -0.799999 74.5967
    endloop
  endfacet
  facet normal 0.0851505 0 0.996368
    outer loop
      vertex 51.8494 0 74.6285
      vertex 52.2215 -0.799999 74.5967
      vertex 52.2215 0 74.5967
    endloop
  endfacet
  facet normal 0.0851505 0 0.996368
    outer loop
      vertex 52.2215 -0.799999 74.5967
      vertex 51.8494 0 74.6285
      vertex 51.8494 -0.799999 74.6285
    endloop
  endfacet
  facet normal 0.274494 0 0.961589
    outer loop
      vertex 51.5145 0 74.7241
      vertex 51.8494 -0.799999 74.6285
      vertex 51.8494 0 74.6285
    endloop
  endfacet
  facet normal 0.274494 0 0.961589
    outer loop
      vertex 51.8494 -0.799999 74.6285
      vertex 51.5145 0 74.7241
      vertex 51.5145 -0.799999 74.7241
    endloop
  endfacet
  facet normal 0.471449 0 0.881893
    outer loop
      vertex 51.2167 0 74.8833
      vertex 51.5145 -0.799999 74.7241
      vertex 51.5145 0 74.7241
    endloop
  endfacet
  facet normal 0.471449 0 0.881893
    outer loop
      vertex 51.5145 -0.799999 74.7241
      vertex 51.2167 0 74.8833
      vertex 51.2167 -0.799999 74.8833
    endloop
  endfacet
  facet normal 0.650167 0 0.759791
    outer loop
      vertex 50.9561 0 75.1063
      vertex 51.2167 -0.799999 74.8833
      vertex 51.2167 0 74.8833
    endloop
  endfacet
  facet normal 0.650167 0 0.759791
    outer loop
      vertex 51.2167 -0.799999 74.8833
      vertex 50.9561 0 75.1063
      vertex 50.9561 -0.799999 75.1063
    endloop
  endfacet
  facet normal 0.792013 -0 0.610504
    outer loop
      vertex 50.7442 -0.799999 75.3812
      vertex 50.9561 0 75.1063
      vertex 50.7442 0 75.3812
    endloop
  endfacet
  facet normal 0.792013 0 0.610504
    outer loop
      vertex 50.9561 0 75.1063
      vertex 50.7442 -0.799999 75.3812
      vertex 50.9561 -0.799999 75.1063
    endloop
  endfacet
  facet normal 0.901519 -0 0.43274
    outer loop
      vertex 50.5929 -0.799999 75.6964
      vertex 50.7442 0 75.3812
      vertex 50.5929 0 75.6964
    endloop
  endfacet
  facet normal 0.901519 0 0.43274
    outer loop
      vertex 50.7442 0 75.3812
      vertex 50.5929 -0.799999 75.6964
      vertex 50.7442 -0.799999 75.3812
    endloop
  endfacet
  facet normal 0.968879 -0 0.247536
    outer loop
      vertex 50.5021 -0.799999 76.0518
      vertex 50.5929 0 75.6964
      vertex 50.5021 0 76.0518
    endloop
  endfacet
  facet normal 0.968879 0 0.247536
    outer loop
      vertex 50.5929 0 75.6964
      vertex 50.5021 -0.799999 76.0518
      vertex 50.5929 -0.799999 75.6964
    endloop
  endfacet
  facet normal 0.9971 -0 0.0760991
    outer loop
      vertex 50.4719 -0.799999 76.4475
      vertex 50.5021 0 76.0518
      vertex 50.4719 0 76.4475
    endloop
  endfacet
  facet normal 0.9971 0 0.0760991
    outer loop
      vertex 50.5021 0 76.0518
      vertex 50.4719 -0.799999 76.4475
      vertex 50.5021 -0.799999 76.0518
    endloop
  endfacet
  facet normal 0 0 -1
    outer loop
      vertex 50.4719 -0.799999 76.4475
      vertex 54.2558 0 76.4475
      vertex 54.2558 -0.799999 76.4475
    endloop
  endfacet
  facet normal -0 0 -1
    outer loop
      vertex 54.2558 0 76.4475
      vertex 50.4719 -0.799999 76.4475
      vertex 50.4719 0 76.4475
    endloop
  endfacet
  facet normal -0.998202 0 0.0599426
    outer loop
      vertex 101.506 -0.799999 77.1634
      vertex 101.544 0 77.7962
      vertex 101.506 0 77.1634
    endloop
  endfacet
  facet normal -0.998202 0 0.0599426
    outer loop
      vertex 101.544 0 77.7962
      vertex 101.506 -0.799999 77.1634
      vertex 101.544 -0.799999 77.7962
    endloop
  endfacet
  facet normal -0.979896 0 0.19951
    outer loop
      vertex 101.393 -0.799999 76.6084
      vertex 101.506 0 77.1634
      vertex 101.393 0 76.6084
    endloop
  endfacet
  facet normal -0.979896 0 0.19951
    outer loop
      vertex 101.506 0 77.1634
      vertex 101.393 -0.799999 76.6084
      vertex 101.506 -0.799999 77.1634
    endloop
  endfacet
  facet normal -0.92904 0 0.36998
    outer loop
      vertex 101.203 -0.799999 76.1313
      vertex 101.393 0 76.6084
      vertex 101.203 0 76.1313
    endloop
  endfacet
  facet normal -0.92904 0 0.36998
    outer loop
      vertex 101.393 0 76.6084
      vertex 101.203 -0.799999 76.1313
      vertex 101.393 -0.799999 76.6084
    endloop
  endfacet
  facet normal -0.83314 0 0.553062
    outer loop
      vertex 100.938 -0.799999 75.7321
      vertex 101.203 0 76.1313
      vertex 100.938 0 75.7321
    endloop
  endfacet
  facet normal -0.83314 0 0.553062
    outer loop
      vertex 101.203 0 76.1313
      vertex 100.938 -0.799999 75.7321
      vertex 101.203 -0.799999 76.1313
    endloop
  endfacet
  facet normal -0.685371 0 0.728194
    outer loop
      vertex 100.603 0 75.4168
      vertex 100.938 -0.799999 75.7321
      vertex 100.938 0 75.7321
    endloop
  endfacet
  facet normal -0.685371 0 0.728194
    outer loop
      vertex 100.938 -0.799999 75.7321
      vertex 100.603 0 75.4168
      vertex 100.603 -0.799999 75.4168
    endloop
  endfacet
  facet normal -0.490592 0 0.871389
    outer loop
      vertex 100.203 0 75.1916
      vertex 100.603 -0.799999 75.4168
      vertex 100.603 0 75.4168
    endloop
  endfacet
  facet normal -0.490592 0 0.871389
    outer loop
      vertex 100.603 -0.799999 75.4168
      vertex 100.203 0 75.1916
      vertex 100.203 -0.799999 75.1916
    endloop
  endfacet
  facet normal -0.279191 0 0.960236
    outer loop
      vertex 99.738 0 75.0564
      vertex 100.203 -0.799999 75.1916
      vertex 100.203 0 75.1916
    endloop
  endfacet
  facet normal -0.279191 0 0.960236
    outer loop
      vertex 100.203 -0.799999 75.1916
      vertex 99.738 0 75.0564
      vertex 99.738 -0.799999 75.0564
    endloop
  endfacet
  facet normal -0.0847282 0 0.996404
    outer loop
      vertex 99.2088 0 75.0114
      vertex 99.738 -0.799999 75.0564
      vertex 99.738 0 75.0564
    endloop
  endfacet
  facet normal -0.0847282 0 0.996404
    outer loop
      vertex 99.738 -0.799999 75.0564
      vertex 99.2088 0 75.0114
      vertex 99.2088 -0.799999 75.0114
    endloop
  endfacet
  facet normal 0.0282758 0 0.9996
    outer loop
      vertex 99.0179 0 75.0168
      vertex 99.2088 -0.799999 75.0114
      vertex 99.2088 0 75.0114
    endloop
  endfacet
  facet normal 0.0282758 0 0.9996
    outer loop
      vertex 99.2088 -0.799999 75.0114
      vertex 99.0179 0 75.0168
      vertex 99.0179 -0.799999 75.0168
    endloop
  endfacet
  facet normal 0.0847335 0 0.996404
    outer loop
      vertex 98.8274 0 75.033
      vertex 99.0179 -0.799999 75.0168
      vertex 99.0179 0 75.0168
    endloop
  endfacet
  facet normal 0.0847335 0 0.996404
    outer loop
      vertex 99.0179 -0.799999 75.0168
      vertex 98.8274 0 75.033
      vertex 98.8274 -0.799999 75.033
    endloop
  endfacet
  facet normal 0.140253 0 0.990116
    outer loop
      vertex 98.6375 0 75.0599
      vertex 98.8274 -0.799999 75.033
      vertex 98.8274 0 75.033
    endloop
  endfacet
  facet normal 0.140253 0 0.990116
    outer loop
      vertex 98.8274 -0.799999 75.033
      vertex 98.6375 0 75.0599
      vertex 98.6375 -0.799999 75.0599
    endloop
  endfacet
  facet normal 0.195718 0 0.98066
    outer loop
      vertex 98.4481 0 75.0977
      vertex 98.6375 -0.799999 75.0599
      vertex 98.6375 0 75.0599
    endloop
  endfacet
  facet normal 0.195718 0 0.98066
    outer loop
      vertex 98.6375 -0.799999 75.0599
      vertex 98.4481 0 75.0977
      vertex 98.4481 -0.799999 75.0977
    endloop
  endfacet
  facet normal 0.250342 0 0.968158
    outer loop
      vertex 98.2586 0 75.1467
      vertex 98.4481 -0.799999 75.0977
      vertex 98.4481 0 75.0977
    endloop
  endfacet
  facet normal 0.250342 0 0.968158
    outer loop
      vertex 98.4481 -0.799999 75.0977
      vertex 98.2586 0 75.1467
      vertex 98.2586 -0.799999 75.1467
    endloop
  endfacet
  facet normal 0.30523 0 0.952279
    outer loop
      vertex 98.0686 0 75.2076
      vertex 98.2586 -0.799999 75.1467
      vertex 98.2586 0 75.1467
    endloop
  endfacet
  facet normal 0.30523 0 0.952279
    outer loop
      vertex 98.2586 -0.799999 75.1467
      vertex 98.0686 0 75.2076
      vertex 98.0686 -0.799999 75.2076
    endloop
  endfacet
  facet normal 0.356118 0 0.934441
    outer loop
      vertex 97.8781 0 75.2802
      vertex 98.0686 -0.799999 75.2076
      vertex 98.0686 0 75.2076
    endloop
  endfacet
  facet normal 0.356118 0 0.934441
    outer loop
      vertex 98.0686 -0.799999 75.2076
      vertex 97.8781 0 75.2802
      vertex 97.8781 -0.799999 75.2802
    endloop
  endfacet
  facet normal 0.404583 0 0.914501
    outer loop
      vertex 97.6871 0 75.3647
      vertex 97.8781 -0.799999 75.2802
      vertex 97.8781 0 75.2802
    endloop
  endfacet
  facet normal 0.404583 0 0.914501
    outer loop
      vertex 97.8781 -0.799999 75.2802
      vertex 97.6871 0 75.3647
      vertex 97.6871 -0.799999 75.3647
    endloop
  endfacet
  facet normal -0.999995 0 -0.0031064
    outer loop
      vertex 97.6953 -0.799999 72.725
      vertex 97.6871 0 75.3647
      vertex 97.6953 0 72.725
    endloop
  endfacet
  facet normal -0.999995 -0 -0.0031064
    outer loop
      vertex 97.6871 0 75.3647
      vertex 97.6953 -0.799999 72.725
      vertex 97.6871 -0.799999 75.3647
    endloop
  endfacet
  facet normal -0.118045 0 -0.993008
    outer loop
      vertex 97.6953 -0.799999 72.725
      vertex 97.8484 0 72.7068
      vertex 97.8484 -0.799999 72.7068
    endloop
  endfacet
  facet normal -0.118045 0 -0.993008
    outer loop
      vertex 97.8484 0 72.7068
      vertex 97.6953 -0.799999 72.725
      vertex 97.6953 0 72.725
    endloop
  endfacet
  facet normal -0.108554 0 -0.994091
    outer loop
      vertex 97.8484 -0.799999 72.7068
      vertex 97.9821 0 72.6922
      vertex 97.9821 -0.799999 72.6922
    endloop
  endfacet
  facet normal -0.108554 0 -0.994091
    outer loop
      vertex 97.9821 0 72.6922
      vertex 97.8484 -0.799999 72.7068
      vertex 97.8484 0 72.7068
    endloop
  endfacet
  facet normal -0.0974363 0 -0.995242
    outer loop
      vertex 97.9821 -0.799999 72.6922
      vertex 98.0965 0 72.681
      vertex 98.0965 -0.799999 72.681
    endloop
  endfacet
  facet normal -0.0974363 0 -0.995242
    outer loop
      vertex 98.0965 0 72.681
      vertex 97.9821 -0.799999 72.6922
      vertex 97.9821 0 72.6922
    endloop
  endfacet
  facet normal -0.0807033 0 -0.996738
    outer loop
      vertex 98.0965 -0.799999 72.681
      vertex 98.1916 0 72.6733
      vertex 98.1916 -0.799999 72.6733
    endloop
  endfacet
  facet normal -0.0807033 0 -0.996738
    outer loop
      vertex 98.1916 0 72.6733
      vertex 98.0965 -0.799999 72.681
      vertex 98.0965 0 72.681
    endloop
  endfacet
  facet normal -0.0618598 0 -0.998085
    outer loop
      vertex 98.1916 -0.799999 72.6733
      vertex 98.2755 0 72.6681
      vertex 98.2755 -0.799999 72.6681
    endloop
  endfacet
  facet normal -0.0618598 0 -0.998085
    outer loop
      vertex 98.2755 0 72.6681
      vertex 98.1916 -0.799999 72.6733
      vertex 98.1916 0 72.6733
    endloop
  endfacet
  facet normal -0.0469198 0 -0.998899
    outer loop
      vertex 98.2755 -0.799999 72.6681
      vertex 98.3564 0 72.6643
      vertex 98.3564 -0.799999 72.6643
    endloop
  endfacet
  facet normal -0.0469198 0 -0.998899
    outer loop
      vertex 98.3564 0 72.6643
      vertex 98.2755 -0.799999 72.6681
      vertex 98.2755 0 72.6681
    endloop
  endfacet
  facet normal -0.0282663 0 -0.9996
    outer loop
      vertex 98.3564 -0.799999 72.6643
      vertex 98.4342 0 72.6621
      vertex 98.4342 -0.799999 72.6621
    endloop
  endfacet
  facet normal -0.0282663 0 -0.9996
    outer loop
      vertex 98.4342 0 72.6621
      vertex 98.3564 -0.799999 72.6643
      vertex 98.3564 0 72.6643
    endloop
  endfacet
  facet normal -0.0106946 0 -0.999943
    outer loop
      vertex 98.4342 -0.799999 72.6621
      vertex 98.509 0 72.6613
      vertex 98.509 -0.799999 72.6613
    endloop
  endfacet
  facet normal -0.0106946 0 -0.999943
    outer loop
      vertex 98.509 0 72.6613
      vertex 98.4342 -0.799999 72.6621
      vertex 98.4342 0 72.6621
    endloop
  endfacet
  facet normal 0.0523131 0 -0.998631
    outer loop
      vertex 98.509 -0.799999 72.6613
      vertex 98.9996 0 72.687
      vertex 98.9996 -0.799999 72.687
    endloop
  endfacet
  facet normal 0.0523131 0 -0.998631
    outer loop
      vertex 98.9996 0 72.687
      vertex 98.509 -0.799999 72.6613
      vertex 98.509 0 72.6613
    endloop
  endfacet
  facet normal 0.167494 0 -0.985873
    outer loop
      vertex 98.9996 -0.799999 72.687
      vertex 99.454 0 72.7642
      vertex 99.454 -0.799999 72.7642
    endloop
  endfacet
  facet normal 0.167494 0 -0.985873
    outer loop
      vertex 99.454 0 72.7642
      vertex 98.9996 -0.799999 72.687
      vertex 98.9996 0 72.687
    endloop
  endfacet
  facet normal 0.29407 0 -0.955784
    outer loop
      vertex 99.454 -0.799999 72.7642
      vertex 99.8723 0 72.8929
      vertex 99.8723 -0.799999 72.8929
    endloop
  endfacet
  facet normal 0.29407 0 -0.955784
    outer loop
      vertex 99.8723 0 72.8929
      vertex 99.454 -0.799999 72.7642
      vertex 99.454 0 72.7642
    endloop
  endfacet
  facet normal 0.425808 0 -0.904813
    outer loop
      vertex 99.8723 -0.799999 72.8929
      vertex 100.255 0 73.073
      vertex 100.255 -0.799999 73.073
    endloop
  endfacet
  facet normal 0.425808 0 -0.904813
    outer loop
      vertex 100.255 0 73.073
      vertex 99.8723 -0.799999 72.8929
      vertex 99.8723 0 72.8929
    endloop
  endfacet
  facet normal 0.556112 0 -0.831107
    outer loop
      vertex 100.255 -0.799999 73.073
      vertex 100.608 0 73.3092
      vertex 100.608 -0.799999 73.3092
    endloop
  endfacet
  facet normal 0.556112 0 -0.831107
    outer loop
      vertex 100.608 0 73.3092
      vertex 100.255 -0.799999 73.073
      vertex 100.255 0 73.073
    endloop
  endfacet
  facet normal 0.665365 0 -0.746518
    outer loop
      vertex 100.608 -0.799999 73.3092
      vertex 100.941 0 73.606
      vertex 100.941 -0.799999 73.606
    endloop
  endfacet
  facet normal 0.665365 0 -0.746518
    outer loop
      vertex 100.941 0 73.606
      vertex 100.608 -0.799999 73.3092
      vertex 100.608 0 73.3092
    endloop
  endfacet
  facet normal 0.753425 0 -0.657534
    outer loop
      vertex 101.253 -0.799999 73.9635
      vertex 100.941 0 73.606
      vertex 101.253 0 73.9635
    endloop
  endfacet
  facet normal 0.753425 0 -0.657534
    outer loop
      vertex 100.941 0 73.606
      vertex 101.253 -0.799999 73.9635
      vertex 100.941 -0.799999 73.606
    endloop
  endfacet
  facet normal 0.820769 0 -0.57126
    outer loop
      vertex 101.544 -0.799999 74.3816
      vertex 101.253 0 73.9635
      vertex 101.544 0 74.3816
    endloop
  endfacet
  facet normal 0.820769 0 -0.57126
    outer loop
      vertex 101.253 0 73.9635
      vertex 101.544 -0.799999 74.3816
      vertex 101.253 -0.799999 73.9635
    endloop
  endfacet
  facet normal -1 0 0
    outer loop
      vertex 101.544 -0.799999 72.8763
      vertex 101.544 0 74.3816
      vertex 101.544 0 72.8763
    endloop
  endfacet
  facet normal -1 -0 0
    outer loop
      vertex 101.544 0 74.3816
      vertex 101.544 -0.799999 72.8763
      vertex 101.544 -0.799999 74.3816
    endloop
  endfacet
  facet normal 0 0 -1
    outer loop
      vertex 101.544 -0.799999 72.8763
      vertex 104.458 0 72.8763
      vertex 104.458 -0.799999 72.8763
    endloop
  endfacet
  facet normal -0 0 -1
    outer loop
      vertex 104.458 0 72.8763
      vertex 101.544 -0.799999 72.8763
      vertex 101.544 0 72.8763
    endloop
  endfacet
  facet normal 1 -0 0
    outer loop
      vertex 104.458 -0.799999 81.9925
      vertex 104.458 0 72.8763
      vertex 104.458 0 81.9925
    endloop
  endfacet
  facet normal 1 0 0
    outer loop
      vertex 104.458 0 72.8763
      vertex 104.458 -0.799999 81.9925
      vertex 104.458 -0.799999 72.8763
    endloop
  endfacet
  facet normal -0 0 1
    outer loop
      vertex 101.544 0 81.9925
      vertex 104.458 -0.799999 81.9925
      vertex 104.458 0 81.9925
    endloop
  endfacet
  facet normal 0 0 1
    outer loop
      vertex 104.458 -0.799999 81.9925
      vertex 101.544 0 81.9925
      vertex 101.544 -0.799999 81.9925
    endloop
  endfacet
  facet normal -1 0 0
    outer loop
      vertex 101.544 -0.799999 77.7962
      vertex 101.544 0 81.9925
      vertex 101.544 0 77.7962
    endloop
  endfacet
  facet normal -1 -0 0
    outer loop
      vertex 101.544 0 81.9925
      vertex 101.544 -0.799999 77.7962
      vertex 101.544 -0.799999 81.9925
    endloop
  endfacet
  facet normal -0.0723438 0 0.99738
    outer loop
      vertex 124.466 0 82.1806
      vertex 124.983 -0.799999 82.2181
      vertex 124.983 0 82.2181
    endloop
  endfacet
  facet normal -0.0723438 0 0.99738
    outer loop
      vertex 124.983 -0.799999 82.2181
      vertex 124.466 0 82.1806
      vertex 124.466 -0.799999 82.1806
    endloop
  endfacet
  facet normal -0.119827 0 0.992795
    outer loop
      vertex 123.949 0 82.1182
      vertex 124.466 -0.799999 82.1806
      vertex 124.466 0 82.1806
    endloop
  endfacet
  facet normal -0.119827 0 0.992795
    outer loop
      vertex 124.466 -0.799999 82.1806
      vertex 123.949 0 82.1182
      vertex 123.949 -0.799999 82.1182
    endloop
  endfacet
  facet normal -0.166687 0 0.98601
    outer loop
      vertex 123.432 0 82.0308
      vertex 123.949 -0.799999 82.1182
      vertex 123.949 0 82.1182
    endloop
  endfacet
  facet normal -0.166687 0 0.98601
    outer loop
      vertex 123.949 -0.799999 82.1182
      vertex 123.432 0 82.0308
      vertex 123.432 -0.799999 82.0308
    endloop
  endfacet
  facet normal -0.211934 0 0.977284
    outer loop
      vertex 122.916 0 81.9189
      vertex 123.432 -0.799999 82.0308
      vertex 123.432 0 82.0308
    endloop
  endfacet
  facet normal -0.211934 0 0.977284
    outer loop
      vertex 123.432 -0.799999 82.0308
      vertex 122.916 0 81.9189
      vertex 122.916 -0.799999 81.9189
    endloop
  endfacet
  facet normal -0.254051 0 0.967191
    outer loop
      vertex 122.399 0 81.7831
      vertex 122.916 -0.799999 81.9189
      vertex 122.916 0 81.9189
    endloop
  endfacet
  facet normal -0.254051 0 0.967191
    outer loop
      vertex 122.916 -0.799999 81.9189
      vertex 122.399 0 81.7831
      vertex 122.399 -0.799999 81.7831
    endloop
  endfacet
  facet normal -0.295306 0 0.955403
    outer loop
      vertex 121.882 0 81.6233
      vertex 122.399 -0.799999 81.7831
      vertex 122.399 0 81.7831
    endloop
  endfacet
  facet normal -0.295306 0 0.955403
    outer loop
      vertex 122.399 -0.799999 81.7831
      vertex 121.882 0 81.6233
      vertex 121.882 -0.799999 81.6233
    endloop
  endfacet
  facet normal -0.33555 0 0.942022
    outer loop
      vertex 121.366 0 81.4395
      vertex 121.882 -0.799999 81.6233
      vertex 121.882 0 81.6233
    endloop
  endfacet
  facet normal -0.33555 0 0.942022
    outer loop
      vertex 121.882 -0.799999 81.6233
      vertex 121.366 0 81.4395
      vertex 121.366 -0.799999 81.4395
    endloop
  endfacet
  facet normal -1 0 0
    outer loop
      vertex 121.366 -0.799999 79.197
      vertex 121.366 0 81.4395
      vertex 121.366 0 79.197
    endloop
  endfacet
  facet normal -1 -0 0
    outer loop
      vertex 121.366 0 81.4395
      vertex 121.366 -0.799999 79.197
      vertex 121.366 -0.799999 81.4395
    endloop
  endfacet
  facet normal 0.456352 0 -0.889799
    outer loop
      vertex 121.366 -0.799999 79.197
      vertex 121.871 0 79.456
      vertex 121.871 -0.799999 79.456
    endloop
  endfacet
  facet normal 0.456352 0 -0.889799
    outer loop
      vertex 121.871 0 79.456
      vertex 121.366 -0.799999 79.197
      vertex 121.366 0 79.197
    endloop
  endfacet
  facet normal 0.409528 0 -0.912297
    outer loop
      vertex 121.871 -0.799999 79.456
      vertex 122.37 0 79.68
      vertex 122.37 -0.799999 79.68
    endloop
  endfacet
  facet normal 0.409528 0 -0.912297
    outer loop
      vertex 122.37 0 79.68
      vertex 121.871 -0.799999 79.456
      vertex 121.871 0 79.456
    endloop
  endfacet
  facet normal 0.358432 0 -0.933556
    outer loop
      vertex 122.37 -0.799999 79.68
      vertex 122.862 0 79.8689
      vertex 122.862 -0.799999 79.8689
    endloop
  endfacet
  facet normal 0.358432 0 -0.933556
    outer loop
      vertex 122.862 0 79.8689
      vertex 122.37 -0.799999 79.68
      vertex 122.37 0 79.68
    endloop
  endfacet
  facet normal 0.302279 0 -0.95322
    outer loop
      vertex 122.862 -0.799999 79.8689
      vertex 123.347 0 80.0227
      vertex 123.347 -0.799999 80.0227
    endloop
  endfacet
  facet normal 0.302279 0 -0.95322
    outer loop
      vertex 123.347 0 80.0227
      vertex 122.862 -0.799999 79.8689
      vertex 122.862 0 79.8689
    endloop
  endfacet
  facet normal 0.241487 0 -0.970404
    outer loop
      vertex 123.347 -0.799999 80.0227
      vertex 123.826 0 80.1419
      vertex 123.826 -0.799999 80.1419
    endloop
  endfacet
  facet normal 0.241487 0 -0.970404
    outer loop
      vertex 123.826 0 80.1419
      vertex 123.347 -0.799999 80.0227
      vertex 123.347 0 80.0227
    endloop
  endfacet
  facet normal 0.176912 0 -0.984227
    outer loop
      vertex 123.826 -0.799999 80.1419
      vertex 124.3 0 80.2271
      vertex 124.3 -0.799999 80.2271
    endloop
  endfacet
  facet normal 0.176912 0 -0.984227
    outer loop
      vertex 124.3 0 80.2271
      vertex 123.826 -0.799999 80.1419
      vertex 123.826 0 80.1419
    endloop
  endfacet
  facet normal 0.108543 0 -0.994092
    outer loop
      vertex 124.3 -0.799999 80.2271
      vertex 124.768 0 80.2782
      vertex 124.768 -0.799999 80.2782
    endloop
  endfacet
  facet normal 0.108543 0 -0.994092
    outer loop
      vertex 124.768 0 80.2782
      vertex 124.3 -0.799999 80.2271
      vertex 124.3 0 80.2271
    endloop
  endfacet
  facet normal 0.0366923 0 -0.999327
    outer loop
      vertex 124.768 -0.799999 80.2782
      vertex 125.231 0 80.2952
      vertex 125.231 -0.799999 80.2952
    endloop
  endfacet
  facet normal 0.0366923 0 -0.999327
    outer loop
      vertex 125.231 0 80.2952
      vertex 124.768 -0.799999 80.2782
      vertex 124.768 0 80.2782
    endloop
  endfacet
  facet normal -0.0593746 0 -0.998236
    outer loop
      vertex 125.231 -0.799999 80.2952
      vertex 125.769 0 80.2632
      vertex 125.769 -0.799999 80.2632
    endloop
  endfacet
  facet normal -0.0593746 0 -0.998236
    outer loop
      vertex 125.769 0 80.2632
      vertex 125.231 -0.799999 80.2952
      vertex 125.231 0 80.2952
    endloop
  endfacet
  facet normal -0.198298 0 -0.980142
    outer loop
      vertex 125.769 -0.799999 80.2632
      vertex 126.244 0 80.1671
      vertex 126.244 -0.799999 80.1671
    endloop
  endfacet
  facet normal -0.198298 0 -0.980142
    outer loop
      vertex 126.244 0 80.1671
      vertex 125.769 -0.799999 80.2632
      vertex 125.769 0 80.2632
    endloop
  endfacet
  facet normal -0.362403 0 -0.932022
    outer loop
      vertex 126.244 -0.799999 80.1671
      vertex 126.656 0 80.0069
      vertex 126.656 -0.799999 80.0069
    endloop
  endfacet
  facet normal -0.362403 0 -0.932022
    outer loop
      vertex 126.656 0 80.0069
      vertex 126.244 -0.799999 80.1671
      vertex 126.244 0 80.1671
    endloop
  endfacet
  facet normal -0.54066 0 -0.841241
    outer loop
      vertex 126.656 -0.799999 80.0069
      vertex 127.005 0 79.7826
      vertex 127.005 -0.799999 79.7826
    endloop
  endfacet
  facet normal -0.54066 0 -0.841241
    outer loop
      vertex 127.005 0 79.7826
      vertex 126.656 -0.799999 80.0069
      vertex 126.656 0 80.0069
    endloop
  endfacet
  facet normal -0.712521 0 -0.701651
    outer loop
      vertex 127.289 -0.799999 79.4942
      vertex 127.005 0 79.7826
      vertex 127.289 0 79.4942
    endloop
  endfacet
  facet normal -0.712521 -0 -0.701651
    outer loop
      vertex 127.005 0 79.7826
      vertex 127.289 -0.799999 79.4942
      vertex 127.005 -0.799999 79.7826
    endloop
  endfacet
  facet normal -0.85043 0 -0.526089
    outer loop
      vertex 127.507 -0.799999 79.1418
      vertex 127.289 0 79.4942
      vertex 127.507 0 79.1418
    endloop
  endfacet
  facet normal -0.85043 -0 -0.526089
    outer loop
      vertex 127.289 0 79.4942
      vertex 127.507 -0.799999 79.1418
      vertex 127.289 -0.799999 79.4942
    endloop
  endfacet
  facet normal -0.939398 0 -0.342829
    outer loop
      vertex 127.659 -0.799999 78.7253
      vertex 127.507 0 79.1418
      vertex 127.659 0 78.7253
    endloop
  endfacet
  facet normal -0.939398 -0 -0.342829
    outer loop
      vertex 127.507 0 79.1418
      vertex 127.659 -0.799999 78.7253
      vertex 127.507 -0.799999 79.1418
    endloop
  endfacet
  facet normal -0.984364 0 -0.176145
    outer loop
      vertex 127.745 -0.799999 78.2447
      vertex 127.659 0 78.7253
      vertex 127.745 0 78.2447
    endloop
  endfacet
  facet normal -0.984364 -0 -0.176145
    outer loop
      vertex 127.659 0 78.7253
      vertex 127.745 -0.799999 78.2447
      vertex 127.659 -0.799999 78.7253
    endloop
  endfacet
  facet normal -0 0 1
    outer loop
      vertex 120.934 0 78.2447
      vertex 127.745 -0.799999 78.2447
      vertex 127.745 0 78.2447
    endloop
  endfacet
  facet normal 0 0 1
    outer loop
      vertex 127.745 -0.799999 78.2447
      vertex 120.934 0 78.2447
      vertex 120.934 -0.799999 78.2447
    endloop
  endfacet
  facet normal -1 0 0
    outer loop
      vertex 120.934 -0.799999 77.4152
      vertex 120.934 0 78.2447
      vertex 120.934 0 77.4152
    endloop
  endfacet
  facet normal -1 -0 0
    outer loop
      vertex 120.934 0 78.2447
      vertex 120.934 -0.799999 77.4152
      vertex 120.934 -0.799999 78.2447
    endloop
  endfacet
  facet normal -0.996911 0 -0.0785351
    outer loop
      vertex 121.015 -0.799999 76.387
      vertex 120.934 0 77.4152
      vertex 121.015 0 76.387
    endloop
  endfacet
  facet normal -0.996911 -0 -0.0785351
    outer loop
      vertex 120.934 0 77.4152
      vertex 121.015 -0.799999 76.387
      vertex 120.934 -0.799999 77.4152
    endloop
  endfacet
  facet normal -0.967054 0 -0.254571
    outer loop
      vertex 121.257 -0.799999 75.4677
      vertex 121.015 0 76.387
      vertex 121.257 0 75.4677
    endloop
  endfacet
  facet normal -0.967054 -0 -0.254571
    outer loop
      vertex 121.015 0 76.387
      vertex 121.257 -0.799999 75.4677
      vertex 121.015 -0.799999 76.387
    endloop
  endfacet
  facet normal -0.895419 0 -0.445224
    outer loop
      vertex 121.66 -0.799999 74.6572
      vertex 121.257 0 75.4677
      vertex 121.66 0 74.6572
    endloop
  endfacet
  facet normal -0.895419 -0 -0.445224
    outer loop
      vertex 121.257 0 75.4677
      vertex 121.66 -0.799999 74.6572
      vertex 121.257 -0.799999 75.4677
    endloop
  endfacet
  facet normal -0.779393 0 -0.626536
    outer loop
      vertex 122.224 -0.799999 73.9556
      vertex 121.66 0 74.6572
      vertex 122.224 0 73.9556
    endloop
  endfacet
  facet normal -0.779393 -0 -0.626536
    outer loop
      vertex 121.66 0 74.6572
      vertex 122.224 -0.799999 73.9556
      vertex 121.66 -0.799999 74.6572
    endloop
  endfacet
  facet normal -0.629428 0 -0.777058
    outer loop
      vertex 122.224 -0.799999 73.9556
      vertex 122.923 0 73.3894
      vertex 122.923 -0.799999 73.3894
    endloop
  endfacet
  facet normal -0.629428 0 -0.777058
    outer loop
      vertex 122.923 0 73.3894
      vertex 122.224 -0.799999 73.9556
      vertex 122.224 0 73.9556
    endloop
  endfacet
  facet normal -0.448989 0 -0.893537
    outer loop
      vertex 122.923 -0.799999 73.3894
      vertex 123.728 0 72.9849
      vertex 123.728 -0.799999 72.9849
    endloop
  endfacet
  facet normal -0.448989 0 -0.893537
    outer loop
      vertex 123.728 0 72.9849
      vertex 122.923 -0.799999 73.3894
      vertex 122.923 0 73.3894
    endloop
  endfacet
  facet normal -0.256642 0 -0.966506
    outer loop
      vertex 123.728 -0.799999 72.9849
      vertex 124.642 0 72.7422
      vertex 124.642 -0.799999 72.7422
    endloop
  endfacet
  facet normal -0.256642 0 -0.966506
    outer loop
      vertex 124.642 0 72.7422
      vertex 123.728 -0.799999 72.9849
      vertex 123.728 0 72.9849
    endloop
  endfacet
  facet normal -0.0790654 0 -0.996869
    outer loop
      vertex 124.642 -0.799999 72.7422
      vertex 125.662 0 72.6613
      vertex 125.662 -0.799999 72.6613
    endloop
  endfacet
  facet normal -0.0790654 0 -0.996869
    outer loop
      vertex 125.662 0 72.6613
      vertex 124.642 -0.799999 72.7422
      vertex 124.642 0 72.7422
    endloop
  endfacet
  facet normal 0.0712597 0 -0.997458
    outer loop
      vertex 125.662 -0.799999 72.6613
      vertex 126.779 0 72.7411
      vertex 126.779 -0.799999 72.7411
    endloop
  endfacet
  facet normal 0.0712597 0 -0.997458
    outer loop
      vertex 126.779 0 72.7411
      vertex 125.662 -0.799999 72.6613
      vertex 125.662 0 72.6613
    endloop
  endfacet
  facet normal 0.235229 0 -0.97194
    outer loop
      vertex 126.779 -0.799999 72.7411
      vertex 127.769 0 72.9807
      vertex 127.769 -0.799999 72.9807
    endloop
  endfacet
  facet normal 0.235229 0 -0.97194
    outer loop
      vertex 127.769 0 72.9807
      vertex 126.779 -0.799999 72.7411
      vertex 126.779 0 72.7411
    endloop
  endfacet
  facet normal 0.419832 0 -0.907602
    outer loop
      vertex 127.769 -0.799999 72.9807
      vertex 128.632 0 73.3799
      vertex 128.632 -0.799999 73.3799
    endloop
  endfacet
  facet normal 0.419832 0 -0.907602
    outer loop
      vertex 128.632 0 73.3799
      vertex 127.769 -0.799999 72.9807
      vertex 127.769 0 72.9807
    endloop
  endfacet
  facet normal 0.604247 0 -0.796797
    outer loop
      vertex 128.632 -0.799999 73.3799
      vertex 129.369 0 73.9388
      vertex 129.369 -0.799999 73.9388
    endloop
  endfacet
  facet normal 0.604247 0 -0.796797
    outer loop
      vertex 129.369 0 73.9388
      vertex 128.632 -0.799999 73.3799
      vertex 128.632 0 73.3799
    endloop
  endfacet
  facet normal 0.764394 0 -0.644749
    outer loop
      vertex 129.958 -0.799999 74.6371
      vertex 129.369 0 73.9388
      vertex 129.958 0 74.6371
    endloop
  endfacet
  facet normal 0.764394 0 -0.644749
    outer loop
      vertex 129.369 0 73.9388
      vertex 129.958 -0.799999 74.6371
      vertex 129.369 -0.799999 73.9388
    endloop
  endfacet
  facet normal 0.888989 0 -0.457928
    outer loop
      vertex 130.379 -0.799999 75.4544
      vertex 129.958 0 74.6371
      vertex 130.379 0 75.4544
    endloop
  endfacet
  facet normal 0.888989 0 -0.457928
    outer loop
      vertex 129.958 0 74.6371
      vertex 130.379 -0.799999 75.4544
      vertex 129.958 -0.799999 74.6371
    endloop
  endfacet
  facet normal 0.965637 0 -0.259896
    outer loop
      vertex 130.631 -0.799999 76.3907
      vertex 130.379 0 75.4544
      vertex 130.631 0 76.3907
    endloop
  endfacet
  facet normal 0.965637 0 -0.259896
    outer loop
      vertex 130.379 0 75.4544
      vertex 130.631 -0.799999 76.3907
      vertex 130.379 -0.799999 75.4544
    endloop
  endfacet
  facet normal 0.996847 0 -0.0793472
    outer loop
      vertex 130.715 -0.799999 77.446
      vertex 130.631 0 76.3907
      vertex 130.715 0 77.446
    endloop
  endfacet
  facet normal 0.996847 0 -0.0793472
    outer loop
      vertex 130.631 0 76.3907
      vertex 130.715 -0.799999 77.446
      vertex 130.631 -0.799999 76.3907
    endloop
  endfacet
  facet normal 0.99687 -0 0.0790576
    outer loop
      vertex 130.63 -0.799999 78.5178
      vertex 130.715 0 77.446
      vertex 130.63 0 78.5178
    endloop
  endfacet
  facet normal 0.99687 0 0.0790576
    outer loop
      vertex 130.715 0 77.446
      vertex 130.63 -0.799999 78.5178
      vertex 130.715 -0.799999 77.446
    endloop
  endfacet
  facet normal 0.964966 -0 0.262374
    outer loop
      vertex 130.373 -0.799999 79.463
      vertex 130.63 0 78.5178
      vertex 130.373 0 79.463
    endloop
  endfacet
  facet normal 0.964966 0 0.262374
    outer loop
      vertex 130.63 0 78.5178
      vertex 130.373 -0.799999 79.463
      vertex 130.63 -0.799999 78.5178
    endloop
  endfacet
  facet normal 0.885715 -0 0.464229
    outer loop
      vertex 129.944 -0.799999 80.2815
      vertex 130.373 0 79.463
      vertex 129.944 0 80.2815
    endloop
  endfacet
  facet normal 0.885715 0 0.464229
    outer loop
      vertex 130.373 0 79.463
      vertex 129.944 -0.799999 80.2815
      vertex 130.373 -0.799999 79.463
    endloop
  endfacet
  facet normal 0.755498 -0 0.655151
    outer loop
      vertex 129.344 -0.799999 80.9734
      vertex 129.944 0 80.2815
      vertex 129.344 0 80.9734
    endloop
  endfacet
  facet normal 0.755498 0 0.655151
    outer loop
      vertex 129.944 0 80.2815
      vertex 129.344 -0.799999 80.9734
      vertex 129.944 -0.799999 80.2815
    endloop
  endfacet
  facet normal 0.589318 0 0.807901
    outer loop
      vertex 128.59 0 81.5234
      vertex 129.344 -0.799999 80.9734
      vertex 129.344 0 80.9734
    endloop
  endfacet
  facet normal 0.589318 0 0.807901
    outer loop
      vertex 129.344 -0.799999 80.9734
      vertex 128.59 0 81.5234
      vertex 128.59 -0.799999 81.5234
    endloop
  endfacet
  facet normal 0.402721 0 0.915323
    outer loop
      vertex 127.697 0 81.9163
      vertex 128.59 -0.799999 81.5234
      vertex 128.59 0 81.5234
    endloop
  endfacet
  facet normal 0.402721 0 0.915323
    outer loop
      vertex 128.59 -0.799999 81.5234
      vertex 127.697 0 81.9163
      vertex 127.697 -0.799999 81.9163
    endloop
  endfacet
  facet normal 0.223069 0 0.974803
    outer loop
      vertex 126.667 0 82.152
      vertex 127.697 -0.799999 81.9163
      vertex 127.697 0 81.9163
    endloop
  endfacet
  facet normal 0.223069 0 0.974803
    outer loop
      vertex 127.697 -0.799999 81.9163
      vertex 126.667 0 82.152
      vertex 126.667 -0.799999 82.152
    endloop
  endfacet
  facet normal 0.0671427 0 0.997743
    outer loop
      vertex 125.499 0 82.2306
      vertex 126.667 -0.799999 82.152
      vertex 126.667 0 82.152
    endloop
  endfacet
  facet normal 0.0671427 0 0.997743
    outer loop
      vertex 126.667 -0.799999 82.152
      vertex 125.499 0 82.2306
      vertex 125.499 -0.799999 82.2306
    endloop
  endfacet
  facet normal -0.0242177 0 0.999707
    outer loop
      vertex 124.983 0 82.2181
      vertex 125.499 -0.799999 82.2306
      vertex 125.499 0 82.2306
    endloop
  endfacet
  facet normal -0.0242177 0 0.999707
    outer loop
      vertex 125.499 -0.799999 82.2306
      vertex 124.983 0 82.2181
      vertex 124.983 -0.799999 82.2181
    endloop
  endfacet
  facet normal -0.978026 0 0.208485
    outer loop
      vertex 127.623 -0.799999 76.0253
      vertex 127.713 0 76.4475
      vertex 127.623 0 76.0253
    endloop
  endfacet
  facet normal -0.978026 0 0.208485
    outer loop
      vertex 127.713 0 76.4475
      vertex 127.623 -0.799999 76.0253
      vertex 127.713 -0.799999 76.4475
    endloop
  endfacet
  facet normal -0.935191 0 0.354143
    outer loop
      vertex 127.483 -0.799999 75.6556
      vertex 127.623 0 76.0253
      vertex 127.483 0 75.6556
    endloop
  endfacet
  facet normal -0.935191 0 0.354143
    outer loop
      vertex 127.623 0 76.0253
      vertex 127.483 -0.799999 75.6556
      vertex 127.623 -0.799999 76.0253
    endloop
  endfacet
  facet normal -0.857875 0 0.513859
    outer loop
      vertex 127.293 -0.799999 75.3384
      vertex 127.483 0 75.6556
      vertex 127.293 0 75.3384
    endloop
  endfacet
  facet normal -0.857875 0 0.513859
    outer loop
      vertex 127.483 0 75.6556
      vertex 127.293 -0.799999 75.3384
      vertex 127.483 -0.799999 75.6556
    endloop
  endfacet
  facet normal -0.74222 0 0.670157
    outer loop
      vertex 127.054 -0.799999 75.0737
      vertex 127.293 0 75.3384
      vertex 127.054 0 75.0737
    endloop
  endfacet
  facet normal -0.74222 0 0.670157
    outer loop
      vertex 127.293 0 75.3384
      vertex 127.054 -0.799999 75.0737
      vertex 127.293 -0.799999 75.3384
    endloop
  endfacet
  facet normal -0.590811 0 0.80681
    outer loop
      vertex 126.769 0 74.865
      vertex 127.054 -0.799999 75.0737
      vertex 127.054 0 75.0737
    endloop
  endfacet
  facet normal -0.590811 0 0.80681
    outer loop
      vertex 127.054 -0.799999 75.0737
      vertex 126.769 0 74.865
      vertex 126.769 -0.799999 74.865
    endloop
  endfacet
  facet normal -0.418044 0 0.908427
    outer loop
      vertex 126.445 0 74.7159
      vertex 126.769 -0.799999 74.865
      vertex 126.769 0 74.865
    endloop
  endfacet
  facet normal -0.418044 0 0.908427
    outer loop
      vertex 126.769 -0.799999 74.865
      vertex 126.445 0 74.7159
      vertex 126.445 -0.799999 74.7159
    endloop
  endfacet
  facet normal -0.239135 0 0.970986
    outer loop
      vertex 126.082 0 74.6265
      vertex 126.445 -0.799999 74.7159
      vertex 126.445 0 74.7159
    endloop
  endfacet
  facet normal -0.239135 0 0.970986
    outer loop
      vertex 126.445 -0.799999 74.7159
      vertex 126.082 0 74.6265
      vertex 126.082 -0.799999 74.6265
    endloop
  endfacet
  facet normal -0.0735625 0 0.997291
    outer loop
      vertex 125.678 0 74.5967
      vertex 126.082 -0.799999 74.6265
      vertex 126.082 0 74.6265
    endloop
  endfacet
  facet normal -0.0735625 0 0.997291
    outer loop
      vertex 126.082 -0.799999 74.6265
      vertex 125.678 0 74.5967
      vertex 125.678 -0.799999 74.5967
    endloop
  endfacet
  facet normal 0.0851732 0 0.996366
    outer loop
      vertex 125.306 0 74.6285
      vertex 125.678 -0.799999 74.5967
      vertex 125.678 0 74.5967
    endloop
  endfacet
  facet normal 0.0851732 0 0.996366
    outer loop
      vertex 125.678 -0.799999 74.5967
      vertex 125.306 0 74.6285
      vertex 125.306 -0.799999 74.6285
    endloop
  endfacet
  facet normal 0.274418 0 0.961611
    outer loop
      vertex 124.971 0 74.7241
      vertex 125.306 -0.799999 74.6285
      vertex 125.306 0 74.6285
    endloop
  endfacet
  facet normal 0.274418 0 0.961611
    outer loop
      vertex 125.306 -0.799999 74.6285
      vertex 124.971 0 74.7241
      vertex 124.971 -0.799999 74.7241
    endloop
  endfacet
  facet normal 0.472436 0 0.881365
    outer loop
      vertex 124.674 0 74.8833
      vertex 124.971 -0.799999 74.7241
      vertex 124.971 0 74.7241
    endloop
  endfacet
  facet normal 0.472436 0 0.881365
    outer loop
      vertex 124.971 -0.799999 74.7241
      vertex 124.674 0 74.8833
      vertex 124.674 -0.799999 74.8833
    endloop
  endfacet
  facet normal 0.649591 0 0.760284
    outer loop
      vertex 124.413 0 75.1063
      vertex 124.674 -0.799999 74.8833
      vertex 124.674 0 74.8833
    endloop
  endfacet
  facet normal 0.649591 0 0.760284
    outer loop
      vertex 124.674 -0.799999 74.8833
      vertex 124.413 0 75.1063
      vertex 124.413 -0.799999 75.1063
    endloop
  endfacet
  facet normal 0.791874 -0 0.610685
    outer loop
      vertex 124.201 -0.799999 75.3812
      vertex 124.413 0 75.1063
      vertex 124.201 0 75.3812
    endloop
  endfacet
  facet normal 0.791874 0 0.610685
    outer loop
      vertex 124.413 0 75.1063
      vertex 124.201 -0.799999 75.3812
      vertex 124.413 -0.799999 75.1063
    endloop
  endfacet
  facet normal 0.901853 -0 0.432043
    outer loop
      vertex 124.05 -0.799999 75.6964
      vertex 124.201 0 75.3812
      vertex 124.05 0 75.6964
    endloop
  endfacet
  facet normal 0.901853 0 0.432043
    outer loop
      vertex 124.201 0 75.3812
      vertex 124.05 -0.799999 75.6964
      vertex 124.201 -0.799999 75.3812
    endloop
  endfacet
  facet normal 0.968748 -0 0.248047
    outer loop
      vertex 123.959 -0.799999 76.0518
      vertex 124.05 0 75.6964
      vertex 123.959 0 76.0518
    endloop
  endfacet
  facet normal 0.968748 0 0.248047
    outer loop
      vertex 124.05 0 75.6964
      vertex 123.959 -0.799999 76.0518
      vertex 124.05 -0.799999 75.6964
    endloop
  endfacet
  facet normal 0.997138 -0 0.0755981
    outer loop
      vertex 123.929 -0.799999 76.4475
      vertex 123.959 0 76.0518
      vertex 123.929 0 76.4475
    endloop
  endfacet
  facet normal 0.997138 0 0.0755981
    outer loop
      vertex 123.959 0 76.0518
      vertex 123.929 -0.799999 76.4475
      vertex 123.959 -0.799999 76.0518
    endloop
  endfacet
  facet normal 0 0 -1
    outer loop
      vertex 123.929 -0.799999 76.4475
      vertex 127.713 0 76.4475
      vertex 127.713 -0.799999 76.4475
    endloop
  endfacet
  facet normal -0 0 -1
    outer loop
      vertex 127.713 0 76.4475
      vertex 123.929 -0.799999 76.4475
      vertex 123.929 0 76.4475
    endloop
  endfacet
  facet normal 0.769153 -0 0.639065
    outer loop
      vertex 160.029 -0.799999 81.0511
      vertex 160.338 0 80.6792
      vertex 160.029 0 81.0511
    endloop
  endfacet
  facet normal 0.769153 0 0.639065
    outer loop
      vertex 160.338 0 80.6792
      vertex 160.029 -0.799999 81.0511
      vertex 160.338 -0.799999 80.6792
    endloop
  endfacet
  facet normal 0.701047 0 0.713115
    outer loop
      vertex 159.704 0 81.3706
      vertex 160.029 -0.799999 81.0511
      vertex 160.029 0 81.0511
    endloop
  endfacet
  facet normal 0.701047 0 0.713115
    outer loop
      vertex 160.029 -0.799999 81.0511
      vertex 159.704 0 81.3706
      vertex 159.704 -0.799999 81.3706
    endloop
  endfacet
  facet normal 0.615805 0 0.787899
    outer loop
      vertex 159.362 0 81.6379
      vertex 159.704 -0.799999 81.3706
      vertex 159.704 0 81.3706
    endloop
  endfacet
  facet normal 0.615805 0 0.787899
    outer loop
      vertex 159.704 -0.799999 81.3706
      vertex 159.362 0 81.6379
      vertex 159.362 -0.799999 81.6379
    endloop
  endfacet
  facet normal 0.514848 0 0.857282
    outer loop
      vertex 159.004 0 81.8529
      vertex 159.362 -0.799999 81.6379
      vertex 159.362 0 81.6379
    endloop
  endfacet
  facet normal 0.514848 0 0.857282
    outer loop
      vertex 159.362 -0.799999 81.6379
      vertex 159.004 0 81.8529
      vertex 159.004 -0.799999 81.8529
    endloop
  endfacet
  facet normal 0.398691 0 0.917085
    outer loop
      vertex 158.624 0 82.0181
      vertex 159.004 -0.799999 81.8529
      vertex 159.004 0 81.8529
    endloop
  endfacet
  facet normal 0.398691 0 0.917085
    outer loop
      vertex 159.004 -0.799999 81.8529
      vertex 158.624 0 82.0181
      vertex 158.624 -0.799999 82.0181
    endloop
  endfacet
  facet normal 0.278677 0 0.960385
    outer loop
      vertex 158.217 0 82.1362
      vertex 158.624 -0.799999 82.0181
      vertex 158.624 0 82.0181
    endloop
  endfacet
  facet normal 0.278677 0 0.960385
    outer loop
      vertex 158.624 -0.799999 82.0181
      vertex 158.217 0 82.1362
      vertex 158.217 -0.799999 82.1362
    endloop
  endfacet
  facet normal 0.160645 0 0.987012
    outer loop
      vertex 157.782 0 82.207
      vertex 158.217 -0.799999 82.1362
      vertex 158.217 0 82.1362
    endloop
  endfacet
  facet normal 0.160645 0 0.987012
    outer loop
      vertex 158.217 -0.799999 82.1362
      vertex 157.782 0 82.207
      vertex 157.782 -0.799999 82.207
    endloop
  endfacet
  facet normal 0.0509058 0 0.998703
    outer loop
      vertex 157.319 0 82.2306
      vertex 157.782 -0.799999 82.207
      vertex 157.782 0 82.207
    endloop
  endfacet
  facet normal 0.0509058 0 0.998703
    outer loop
      vertex 157.782 -0.799999 82.207
      vertex 157.319 0 82.2306
      vertex 157.319 -0.799999 82.2306
    endloop
  endfacet
  facet normal -0.103545 0 0.994625
    outer loop
      vertex 156.515 0 82.1469
      vertex 157.319 -0.799999 82.2306
      vertex 157.319 0 82.2306
    endloop
  endfacet
  facet normal -0.103545 0 0.994625
    outer loop
      vertex 157.319 -0.799999 82.2306
      vertex 156.515 0 82.1469
      vertex 156.515 -0.799999 82.1469
    endloop
  endfacet
  facet normal -0.325435 0 0.945564
    outer loop
      vertex 155.786 0 81.896
      vertex 156.515 -0.799999 82.1469
      vertex 156.515 0 82.1469
    endloop
  endfacet
  facet normal -0.325435 0 0.945564
    outer loop
      vertex 156.515 -0.799999 82.1469
      vertex 155.786 0 81.896
      vertex 155.786 -0.799999 81.896
    endloop
  endfacet
  facet normal -0.538816 0 0.842423
    outer loop
      vertex 155.132 0 81.4777
      vertex 155.786 -0.799999 81.896
      vertex 155.786 0 81.896
    endloop
  endfacet
  facet normal -0.538816 0 0.842423
    outer loop
      vertex 155.786 -0.799999 81.896
      vertex 155.132 0 81.4777
      vertex 155.132 -0.799999 81.4777
    endloop
  endfacet
  facet normal -0.711103 0 0.703088
    outer loop
      vertex 154.553 -0.799999 80.8921
      vertex 155.132 0 81.4777
      vertex 154.553 0 80.8921
    endloop
  endfacet
  facet normal -0.711103 0 0.703088
    outer loop
      vertex 155.132 0 81.4777
      vertex 154.553 -0.799999 80.8921
      vertex 155.132 -0.799999 81.4777
    endloop
  endfacet
  facet normal -0.834333 0 0.55126
    outer loop
      vertex 154.079 -0.799999 80.1747
      vertex 154.553 0 80.8921
      vertex 154.079 0 80.1747
    endloop
  endfacet
  facet normal -0.834333 0 0.55126
    outer loop
      vertex 154.553 0 80.8921
      vertex 154.079 -0.799999 80.1747
      vertex 154.553 -0.799999 80.8921
    endloop
  endfacet
  facet normal -0.923446 0 0.383728
    outer loop
      vertex 153.741 -0.799999 79.3613
      vertex 154.079 0 80.1747
      vertex 153.741 0 79.3613
    endloop
  endfacet
  facet normal -0.923446 0 0.383728
    outer loop
      vertex 154.079 0 80.1747
      vertex 153.741 -0.799999 79.3613
      vertex 154.079 -0.799999 80.1747
    endloop
  endfacet
  facet normal -0.975995 0 0.217794
    outer loop
      vertex 153.538 -0.799999 78.4516
      vertex 153.741 0 79.3613
      vertex 153.538 0 78.4516
    endloop
  endfacet
  facet normal -0.975995 0 0.217794
    outer loop
      vertex 153.741 0 79.3613
      vertex 153.538 -0.799999 78.4516
      vertex 153.741 -0.799999 79.3613
    endloop
  endfacet
  facet normal -0.997721 0 0.0674672
    outer loop
      vertex 153.47 -0.799999 77.446
      vertex 153.538 0 78.4516
      vertex 153.47 0 77.446
    endloop
  endfacet
  facet normal -0.997721 0 0.0674672
    outer loop
      vertex 153.538 0 78.4516
      vertex 153.47 -0.799999 77.446
      vertex 153.538 -0.799999 78.4516
    endloop
  endfacet
  facet normal -0.997722 0 -0.0674539
    outer loop
      vertex 153.538 -0.799999 76.4402
      vertex 153.47 0 77.446
      vertex 153.538 0 76.4402
    endloop
  endfacet
  facet normal -0.997722 -0 -0.0674539
    outer loop
      vertex 153.47 0 77.446
      vertex 153.538 -0.799999 76.4402
      vertex 153.47 -0.799999 77.446
    endloop
  endfacet
  facet normal -0.975985 0 -0.217839
    outer loop
      vertex 153.741 -0.799999 75.5307
      vertex 153.538 0 76.4402
      vertex 153.741 0 75.5307
    endloop
  endfacet
  facet normal -0.975985 -0 -0.217839
    outer loop
      vertex 153.538 0 76.4402
      vertex 153.741 -0.799999 75.5307
      vertex 153.538 -0.799999 76.4402
    endloop
  endfacet
  facet normal -0.923463 0 -0.383688
    outer loop
      vertex 154.079 -0.799999 74.7172
      vertex 153.741 0 75.5307
      vertex 154.079 0 74.7172
    endloop
  endfacet
  facet normal -0.923463 -0 -0.383688
    outer loop
      vertex 153.741 0 75.5307
      vertex 154.079 -0.799999 74.7172
      vertex 153.741 -0.799999 75.5307
    endloop
  endfacet
  facet normal -0.834298 0 -0.551314
    outer loop
      vertex 154.553 -0.799999 73.9999
      vertex 154.079 0 74.7172
      vertex 154.553 0 73.9999
    endloop
  endfacet
  facet normal -0.834298 -0 -0.551314
    outer loop
      vertex 154.079 0 74.7172
      vertex 154.553 -0.799999 73.9999
      vertex 154.079 -0.799999 74.7172
    endloop
  endfacet
  facet normal -0.711103 0 -0.703088
    outer loop
      vertex 155.132 -0.799999 73.4143
      vertex 154.553 0 73.9999
      vertex 155.132 0 73.4143
    endloop
  endfacet
  facet normal -0.711103 -0 -0.703088
    outer loop
      vertex 154.553 0 73.9999
      vertex 155.132 -0.799999 73.4143
      vertex 154.553 -0.799999 73.9999
    endloop
  endfacet
  facet normal -0.538816 0 -0.842423
    outer loop
      vertex 155.132 -0.799999 73.4143
      vertex 155.786 0 72.996
      vertex 155.786 -0.799999 72.996
    endloop
  endfacet
  facet normal -0.538816 0 -0.842423
    outer loop
      vertex 155.786 0 72.996
      vertex 155.132 -0.799999 73.4143
      vertex 155.132 0 73.4143
    endloop
  endfacet
  facet normal -0.325551 0 -0.945524
    outer loop
      vertex 155.786 -0.799999 72.996
      vertex 156.515 0 72.745
      vertex 156.515 -0.799999 72.745
    endloop
  endfacet
  facet normal -0.325551 0 -0.945524
    outer loop
      vertex 156.515 0 72.745
      vertex 155.786 -0.799999 72.996
      vertex 155.786 0 72.996
    endloop
  endfacet
  facet normal -0.103545 0 -0.994625
    outer loop
      vertex 156.515 -0.799999 72.745
      vertex 157.319 0 72.6613
      vertex 157.319 -0.799999 72.6613
    endloop
  endfacet
  facet normal -0.103545 0 -0.994625
    outer loop
      vertex 157.319 0 72.6613
      vertex 156.515 -0.799999 72.745
      vertex 156.515 0 72.745
    endloop
  endfacet
  facet normal 0.0509058 0 -0.998703
    outer loop
      vertex 157.319 -0.799999 72.6613
      vertex 157.782 0 72.6849
      vertex 157.782 -0.799999 72.6849
    endloop
  endfacet
  facet normal 0.0509058 0 -0.998703
    outer loop
      vertex 157.782 0 72.6849
      vertex 157.319 -0.799999 72.6613
      vertex 157.319 0 72.6613
    endloop
  endfacet
  facet normal 0.160866 0 -0.986976
    outer loop
      vertex 157.782 -0.799999 72.6849
      vertex 158.217 0 72.7558
      vertex 158.217 -0.799999 72.7558
    endloop
  endfacet
  facet normal 0.160866 0 -0.986976
    outer loop
      vertex 158.217 0 72.7558
      vertex 157.782 -0.799999 72.6849
      vertex 157.782 0 72.6849
    endloop
  endfacet
  facet normal 0.278459 0 -0.960448
    outer loop
      vertex 158.217 -0.799999 72.7558
      vertex 158.624 0 72.8738
      vertex 158.624 -0.799999 72.8738
    endloop
  endfacet
  facet normal 0.278459 0 -0.960448
    outer loop
      vertex 158.624 0 72.8738
      vertex 158.217 -0.799999 72.7558
      vertex 158.217 0 72.7558
    endloop
  endfacet
  facet normal 0.398894 0 -0.916997
    outer loop
      vertex 158.624 -0.799999 72.8738
      vertex 159.004 0 73.0391
      vertex 159.004 -0.799999 73.0391
    endloop
  endfacet
  facet normal 0.398894 0 -0.916997
    outer loop
      vertex 159.004 0 73.0391
      vertex 158.624 -0.799999 72.8738
      vertex 158.624 0 72.8738
    endloop
  endfacet
  facet normal 0.514672 0 -0.857387
    outer loop
      vertex 159.004 -0.799999 73.0391
      vertex 159.362 0 73.254
      vertex 159.362 -0.799999 73.254
    endloop
  endfacet
  facet normal 0.514672 0 -0.857387
    outer loop
      vertex 159.362 0 73.254
      vertex 159.004 -0.799999 73.0391
      vertex 159.004 0 73.0391
    endloop
  endfacet
  facet normal 0.615805 0 -0.787899
    outer loop
      vertex 159.362 -0.799999 73.254
      vertex 159.704 0 73.5213
      vertex 159.704 -0.799999 73.5213
    endloop
  endfacet
  facet normal 0.615805 0 -0.787899
    outer loop
      vertex 159.704 0 73.5213
      vertex 159.362 -0.799999 73.254
      vertex 159.362 0 73.254
    endloop
  endfacet
  facet normal 0.701047 0 -0.713115
    outer loop
      vertex 159.704 -0.799999 73.5213
      vertex 160.029 0 73.8408
      vertex 160.029 -0.799999 73.8408
    endloop
  endfacet
  facet normal 0.701047 0 -0.713115
    outer loop
      vertex 160.029 0 73.8408
      vertex 159.704 -0.799999 73.5213
      vertex 159.704 0 73.5213
    endloop
  endfacet
  facet normal 0.769153 0 -0.639065
    outer loop
      vertex 160.338 -0.799999 74.2127
      vertex 160.029 0 73.8408
      vertex 160.338 0 74.2127
    endloop
  endfacet
  facet normal 0.769153 0 -0.639065
    outer loop
      vertex 160.029 0 73.8408
      vertex 160.338 -0.799999 74.2127
      vertex 160.029 -0.799999 73.8408
    endloop
  endfacet
  facet normal -1 0 0
    outer loop
      vertex 160.338 -0.799999 72.8763
      vertex 160.338 0 74.2127
      vertex 160.338 0 72.8763
    endloop
  endfacet
  facet normal -1 -0 0
    outer loop
      vertex 160.338 0 74.2127
      vertex 160.338 -0.799999 72.8763
      vertex 160.338 -0.799999 74.2127
    endloop
  endfacet
  facet normal 0 0 -1
    outer loop
      vertex 160.338 -0.799999 72.8763
      vertex 163.252 0 72.8763
      vertex 163.252 -0.799999 72.8763
    endloop
  endfacet
  facet normal -0 0 -1
    outer loop
      vertex 163.252 0 72.8763
      vertex 160.338 -0.799999 72.8763
      vertex 160.338 0 72.8763
    endloop
  endfacet
  facet normal 1 -0 0
    outer loop
      vertex 163.252 -0.799999 85.4562
      vertex 163.252 0 72.8763
      vertex 163.252 0 85.4562
    endloop
  endfacet
  facet normal 1 0 0
    outer loop
      vertex 163.252 0 72.8763
      vertex 163.252 -0.799999 85.4562
      vertex 163.252 -0.799999 72.8763
    endloop
  endfacet
  facet normal -0 0 1
    outer loop
      vertex 160.338 0 85.4562
      vertex 163.252 -0.799999 85.4562
      vertex 163.252 0 85.4562
    endloop
  endfacet
  facet normal 0 0 1
    outer loop
      vertex 163.252 -0.799999 85.4562
      vertex 160.338 0 85.4562
      vertex 160.338 -0.799999 85.4562
    endloop
  endfacet
  facet normal -1 0 0
    outer loop
      vertex 160.338 -0.799999 80.6792
      vertex 160.338 0 85.4562
      vertex 160.338 0 80.6792
    endloop
  endfacet
  facet normal -1 -0 0
    outer loop
      vertex 160.338 0 85.4562
      vertex 160.338 -0.799999 80.6792
      vertex 160.338 -0.799999 85.4562
    endloop
  endfacet
  facet normal -0.316007 0 -0.948757
    outer loop
      vertex 158.842 -0.799999 80.0679
      vertex 159.229 0 79.939
      vertex 159.229 -0.799999 79.939
    endloop
  endfacet
  facet normal -0.316007 0 -0.948757
    outer loop
      vertex 159.229 0 79.939
      vertex 158.842 -0.799999 80.0679
      vertex 158.842 0 80.0679
    endloop
  endfacet
  facet normal -0.543209 0 -0.839597
    outer loop
      vertex 159.229 -0.799999 79.939
      vertex 159.561 0 79.7242
      vertex 159.561 -0.799999 79.7242
    endloop
  endfacet
  facet normal -0.543209 0 -0.839597
    outer loop
      vertex 159.561 0 79.7242
      vertex 159.229 -0.799999 79.939
      vertex 159.229 0 79.939
    endloop
  endfacet
  facet normal -0.735609 0 -0.677406
    outer loop
      vertex 159.838 -0.799999 79.4234
      vertex 159.561 0 79.7242
      vertex 159.838 0 79.4234
    endloop
  endfacet
  facet normal -0.735609 -0 -0.677406
    outer loop
      vertex 159.561 0 79.7242
      vertex 159.838 -0.799999 79.4234
      vertex 159.561 -0.799999 79.7242
    endloop
  endfacet
  facet normal -0.867375 0 -0.497655
    outer loop
      vertex 160.057 -0.799999 79.0417
      vertex 159.838 0 79.4234
      vertex 160.057 0 79.0417
    endloop
  endfacet
  facet normal -0.867375 -0 -0.497655
    outer loop
      vertex 159.838 0 79.4234
      vertex 160.057 -0.799999 79.0417
      vertex 159.838 -0.799999 79.4234
    endloop
  endfacet
  facet normal -0.946467 0 -0.3228
    outer loop
      vertex 160.213 -0.799999 78.5843
      vertex 160.057 0 79.0417
      vertex 160.213 0 78.5843
    endloop
  endfacet
  facet normal -0.946467 -0 -0.3228
    outer loop
      vertex 160.057 0 79.0417
      vertex 160.213 -0.799999 78.5843
      vertex 160.057 -0.799999 79.0417
    endloop
  endfacet
  facet normal -0.984813 0 -0.173617
    outer loop
      vertex 160.307 -0.799999 78.0511
      vertex 160.213 0 78.5843
      vertex 160.307 0 78.0511
    endloop
  endfacet
  facet normal -0.984813 -0 -0.173617
    outer loop
      vertex 160.213 0 78.5843
      vertex 160.307 -0.799999 78.0511
      vertex 160.213 -0.799999 78.5843
    endloop
  endfacet
  facet normal -0.998707 0 -0.0508373
    outer loop
      vertex 160.338 -0.799999 77.4421
      vertex 160.307 0 78.0511
      vertex 160.338 0 77.4421
    endloop
  endfacet
  facet normal -0.998707 -0 -0.0508373
    outer loop
      vertex 160.307 0 78.0511
      vertex 160.338 -0.799999 77.4421
      vertex 160.307 -0.799999 78.0511
    endloop
  endfacet
  facet normal -0.998707 0 0.0508373
    outer loop
      vertex 160.307 -0.799999 76.8331
      vertex 160.338 0 77.4421
      vertex 160.307 0 76.8331
    endloop
  endfacet
  facet normal -0.998707 0 0.0508373
    outer loop
      vertex 160.338 0 77.4421
      vertex 160.307 -0.799999 76.8331
      vertex 160.338 -0.799999 77.4421
    endloop
  endfacet
  facet normal -0.984813 0 0.173617
    outer loop
      vertex 160.213 -0.799999 76.2999
      vertex 160.307 0 76.8331
      vertex 160.213 0 76.2999
    endloop
  endfacet
  facet normal -0.984813 0 0.173617
    outer loop
      vertex 160.307 0 76.8331
      vertex 160.213 -0.799999 76.2999
      vertex 160.307 -0.799999 76.8331
    endloop
  endfacet
  facet normal -0.946467 0 0.3228
    outer loop
      vertex 160.057 -0.799999 75.8425
      vertex 160.213 0 76.2999
      vertex 160.057 0 75.8425
    endloop
  endfacet
  facet normal -0.946467 0 0.3228
    outer loop
      vertex 160.213 0 76.2999
      vertex 160.057 -0.799999 75.8425
      vertex 160.213 -0.799999 76.2999
    endloop
  endfacet
  facet normal -0.867319 0 0.497754
    outer loop
      vertex 159.838 -0.799999 75.4609
      vertex 160.057 0 75.8425
      vertex 159.838 0 75.4609
    endloop
  endfacet
  facet normal -0.867319 0 0.497754
    outer loop
      vertex 160.057 0 75.8425
      vertex 159.838 -0.799999 75.4609
      vertex 160.057 -0.799999 75.8425
    endloop
  endfacet
  facet normal -0.735609 0 0.677406
    outer loop
      vertex 159.561 -0.799999 75.1601
      vertex 159.838 0 75.4609
      vertex 159.561 0 75.1601
    endloop
  endfacet
  facet normal -0.735609 0 0.677406
    outer loop
      vertex 159.838 0 75.4609
      vertex 159.561 -0.799999 75.1601
      vertex 159.838 -0.799999 75.4609
    endloop
  endfacet
  facet normal -0.543388 0 0.839482
    outer loop
      vertex 159.229 0 74.9452
      vertex 159.561 -0.799999 75.1601
      vertex 159.561 0 75.1601
    endloop
  endfacet
  facet normal -0.543388 0 0.839482
    outer loop
      vertex 159.561 -0.799999 75.1601
      vertex 159.229 0 74.9452
      vertex 159.229 -0.799999 74.9452
    endloop
  endfacet
  facet normal -0.316007 0 0.948757
    outer loop
      vertex 158.842 0 74.8163
      vertex 159.229 -0.799999 74.9452
      vertex 159.229 0 74.9452
    endloop
  endfacet
  facet normal -0.316007 0 0.948757
    outer loop
      vertex 159.229 -0.799999 74.9452
      vertex 158.842 0 74.8163
      vertex 158.842 -0.799999 74.8163
    endloop
  endfacet
  facet normal -0.0972639 0 0.995259
    outer loop
      vertex 158.402 0 74.7733
      vertex 158.842 -0.799999 74.8163
      vertex 158.842 0 74.8163
    endloop
  endfacet
  facet normal -0.0972639 0 0.995259
    outer loop
      vertex 158.842 -0.799999 74.8163
      vertex 158.402 0 74.7733
      vertex 158.402 -0.799999 74.7733
    endloop
  endfacet
  facet normal 0.0965917 0 0.995324
    outer loop
      vertex 157.962 0 74.816
      vertex 158.402 -0.799999 74.7733
      vertex 158.402 0 74.7733
    endloop
  endfacet
  facet normal 0.0965917 0 0.995324
    outer loop
      vertex 158.402 -0.799999 74.7733
      vertex 157.962 0 74.816
      vertex 157.962 -0.799999 74.816
    endloop
  endfacet
  facet normal 0.315932 0 0.948782
    outer loop
      vertex 157.577 0 74.9442
      vertex 157.962 -0.799999 74.816
      vertex 157.962 0 74.816
    endloop
  endfacet
  facet normal 0.315932 0 0.948782
    outer loop
      vertex 157.962 -0.799999 74.816
      vertex 157.577 0 74.9442
      vertex 157.577 -0.799999 74.9442
    endloop
  endfacet
  facet normal 0.543378 0 0.839488
    outer loop
      vertex 157.247 0 75.1578
      vertex 157.577 -0.799999 74.9442
      vertex 157.577 0 74.9442
    endloop
  endfacet
  facet normal 0.543378 0 0.839488
    outer loop
      vertex 157.577 -0.799999 74.9442
      vertex 157.247 0 75.1578
      vertex 157.247 -0.799999 75.1578
    endloop
  endfacet
  facet normal 0.738485 -0 0.674269
    outer loop
      vertex 156.974 -0.799999 75.4568
      vertex 157.247 0 75.1578
      vertex 156.974 0 75.4568
    endloop
  endfacet
  facet normal 0.738485 0 0.674269
    outer loop
      vertex 157.247 0 75.1578
      vertex 156.974 -0.799999 75.4568
      vertex 157.247 -0.799999 75.1578
    endloop
  endfacet
  facet normal 0.86959 -0 0.493774
    outer loop
      vertex 156.758 -0.799999 75.8372
      vertex 156.974 0 75.4568
      vertex 156.758 0 75.8372
    endloop
  endfacet
  facet normal 0.86959 0 0.493774
    outer loop
      vertex 156.974 0 75.4568
      vertex 156.758 -0.799999 75.8372
      vertex 156.974 -0.799999 75.4568
    endloop
  endfacet
  facet normal 0.947768 -0 0.31896
    outer loop
      vertex 156.604 -0.799999 76.2948
      vertex 156.758 0 75.8372
      vertex 156.604 0 76.2948
    endloop
  endfacet
  facet normal 0.947768 0 0.31896
    outer loop
      vertex 156.758 0 75.8372
      vertex 156.604 -0.799999 76.2948
      vertex 156.758 -0.799999 75.8372
    endloop
  endfacet
  facet normal 0.985534 -0 0.169475
    outer loop
      vertex 156.512 -0.799999 76.8298
      vertex 156.604 0 76.2948
      vertex 156.512 0 76.8298
    endloop
  endfacet
  facet normal 0.985534 0 0.169475
    outer loop
      vertex 156.604 0 76.2948
      vertex 156.512 -0.799999 76.8298
      vertex 156.604 -0.799999 76.2948
    endloop
  endfacet
  facet normal 0.998721 -0 0.050564
    outer loop
      vertex 156.481 -0.799999 77.4421
      vertex 156.512 0 76.8298
      vertex 156.481 0 77.4421
    endloop
  endfacet
  facet normal 0.998721 0 0.050564
    outer loop
      vertex 156.512 0 76.8298
      vertex 156.481 -0.799999 77.4421
      vertex 156.512 -0.799999 76.8298
    endloop
  endfacet
  facet normal 0.998721 0 -0.050564
    outer loop
      vertex 156.512 -0.799999 78.0544
      vertex 156.481 0 77.4421
      vertex 156.512 0 78.0544
    endloop
  endfacet
  facet normal 0.998721 0 -0.050564
    outer loop
      vertex 156.481 0 77.4421
      vertex 156.512 -0.799999 78.0544
      vertex 156.481 -0.799999 77.4421
    endloop
  endfacet
  facet normal 0.985534 0 -0.169475
    outer loop
      vertex 156.604 -0.799999 78.5894
      vertex 156.512 0 78.0544
      vertex 156.604 0 78.5894
    endloop
  endfacet
  facet normal 0.985534 0 -0.169475
    outer loop
      vertex 156.512 0 78.0544
      vertex 156.604 -0.799999 78.5894
      vertex 156.512 -0.799999 78.0544
    endloop
  endfacet
  facet normal 0.947789 0 -0.318898
    outer loop
      vertex 156.758 -0.799999 79.0471
      vertex 156.604 0 78.5894
      vertex 156.758 0 79.0471
    endloop
  endfacet
  facet normal 0.947789 0 -0.318898
    outer loop
      vertex 156.604 0 78.5894
      vertex 156.758 -0.799999 79.0471
      vertex 156.604 -0.799999 78.5894
    endloop
  endfacet
  facet normal 0.86959 0 -0.493774
    outer loop
      vertex 156.974 -0.799999 79.4275
      vertex 156.758 0 79.0471
      vertex 156.974 0 79.4275
    endloop
  endfacet
  facet normal 0.86959 0 -0.493774
    outer loop
      vertex 156.758 0 79.0471
      vertex 156.974 -0.799999 79.4275
      vertex 156.758 -0.799999 79.0471
    endloop
  endfacet
  facet normal 0.738485 0 -0.674269
    outer loop
      vertex 157.247 -0.799999 79.7265
      vertex 156.974 0 79.4275
      vertex 157.247 0 79.7265
    endloop
  endfacet
  facet normal 0.738485 0 -0.674269
    outer loop
      vertex 156.974 0 79.4275
      vertex 157.247 -0.799999 79.7265
      vertex 156.974 -0.799999 79.4275
    endloop
  endfacet
  facet normal 0.543199 0 -0.839604
    outer loop
      vertex 157.247 -0.799999 79.7265
      vertex 157.577 0 79.94
      vertex 157.577 -0.799999 79.94
    endloop
  endfacet
  facet normal 0.543199 0 -0.839604
    outer loop
      vertex 157.577 0 79.94
      vertex 157.247 -0.799999 79.7265
      vertex 157.247 0 79.7265
    endloop
  endfacet
  facet normal 0.315932 0 -0.948782
    outer loop
      vertex 157.577 -0.799999 79.94
      vertex 157.962 0 80.0682
      vertex 157.962 -0.799999 80.0682
    endloop
  endfacet
  facet normal 0.315932 0 -0.948782
    outer loop
      vertex 157.962 0 80.0682
      vertex 157.577 -0.799999 79.94
      vertex 157.577 0 79.94
    endloop
  endfacet
  facet normal 0.0965917 0 -0.995324
    outer loop
      vertex 157.962 -0.799999 80.0682
      vertex 158.402 0 80.1109
      vertex 158.402 -0.799999 80.1109
    endloop
  endfacet
  facet normal 0.0965917 0 -0.995324
    outer loop
      vertex 158.402 0 80.1109
      vertex 157.962 -0.799999 80.0682
      vertex 157.962 0 80.0682
    endloop
  endfacet
  facet normal -0.0972639 0 -0.995259
    outer loop
      vertex 158.402 -0.799999 80.1109
      vertex 158.842 0 80.0679
      vertex 158.842 -0.799999 80.0679
    endloop
  endfacet
  facet normal -0.0972639 0 -0.995259
    outer loop
      vertex 158.842 0 80.0679
      vertex 158.402 -0.799999 80.1109
      vertex 158.402 0 80.1109
    endloop
  endfacet
  facet normal -0.235317 0 0.971919
    outer loop
      vertex 145.169 0 81.9132
      vertex 146.152 -0.799999 82.1512
      vertex 146.152 0 82.1512
    endloop
  endfacet
  facet normal -0.235317 0 0.971919
    outer loop
      vertex 146.152 -0.799999 82.1512
      vertex 145.169 0 81.9132
      vertex 145.169 -0.799999 81.9132
    endloop
  endfacet
  facet normal -0.421199 0 0.906968
    outer loop
      vertex 144.315 0 81.5166
      vertex 145.169 -0.799999 81.9132
      vertex 145.169 0 81.9132
    endloop
  endfacet
  facet normal -0.421199 0 0.906968
    outer loop
      vertex 145.169 -0.799999 81.9132
      vertex 144.315 0 81.5166
      vertex 144.315 -0.799999 81.5166
    endloop
  endfacet
  facet normal -0.608133 0 0.793835
    outer loop
      vertex 143.59 0 80.9612
      vertex 144.315 -0.799999 81.5166
      vertex 144.315 0 81.5166
    endloop
  endfacet
  facet normal -0.608133 0 0.793835
    outer loop
      vertex 144.315 -0.799999 81.5166
      vertex 143.59 0 80.9612
      vertex 143.59 -0.799999 80.9612
    endloop
  endfacet
  facet normal -0.768629 0 0.639695
    outer loop
      vertex 143.011 -0.799999 80.2655
      vertex 143.59 0 80.9612
      vertex 143.011 0 80.2655
    endloop
  endfacet
  facet normal -0.768629 0 0.639695
    outer loop
      vertex 143.59 0 80.9612
      vertex 143.011 -0.799999 80.2655
      vertex 143.59 -0.799999 80.9612
    endloop
  endfacet
  facet normal -0.892652 0 0.450746
    outer loop
      vertex 142.598 -0.799999 79.4476
      vertex 143.011 0 80.2655
      vertex 142.598 0 79.4476
    endloop
  endfacet
  facet normal -0.892652 0 0.450746
    outer loop
      vertex 143.011 0 80.2655
      vertex 142.598 -0.799999 79.4476
      vertex 143.011 -0.799999 80.2655
    endloop
  endfacet
  facet normal -0.966901 0 0.255152
    outer loop
      vertex 142.35 -0.799999 78.5078
      vertex 142.598 0 79.4476
      vertex 142.35 0 78.5078
    endloop
  endfacet
  facet normal -0.966901 0 0.255152
    outer loop
      vertex 142.598 0 79.4476
      vertex 142.35 -0.799999 78.5078
      vertex 142.598 -0.799999 79.4476
    endloop
  endfacet
  facet normal -0.996959 0 0.0779314
    outer loop
      vertex 142.267 -0.799999 77.446
      vertex 142.35 0 78.5078
      vertex 142.267 0 77.446
    endloop
  endfacet
  facet normal -0.996959 0 0.0779314
    outer loop
      vertex 142.35 0 78.5078
      vertex 142.267 -0.799999 77.446
      vertex 142.35 -0.799999 78.5078
    endloop
  endfacet
  facet normal -0.996959 0 -0.0779241
    outer loop
      vertex 142.35 -0.799999 76.3841
      vertex 142.267 0 77.446
      vertex 142.35 0 76.3841
    endloop
  endfacet
  facet normal -0.996959 -0 -0.0779241
    outer loop
      vertex 142.267 0 77.446
      vertex 142.35 -0.799999 76.3841
      vertex 142.267 -0.799999 77.446
    endloop
  endfacet
  facet normal -0.966901 0 -0.255152
    outer loop
      vertex 142.598 -0.799999 75.4443
      vertex 142.35 0 76.3841
      vertex 142.598 0 75.4443
    endloop
  endfacet
  facet normal -0.966901 -0 -0.255152
    outer loop
      vertex 142.35 0 76.3841
      vertex 142.598 -0.799999 75.4443
      vertex 142.35 -0.799999 76.3841
    endloop
  endfacet
  facet normal -0.89263 0 -0.45079
    outer loop
      vertex 143.011 -0.799999 74.6265
      vertex 142.598 0 75.4443
      vertex 143.011 0 74.6265
    endloop
  endfacet
  facet normal -0.89263 -0 -0.45079
    outer loop
      vertex 142.598 0 75.4443
      vertex 143.011 -0.799999 74.6265
      vertex 142.598 -0.799999 75.4443
    endloop
  endfacet
  facet normal -0.768629 0 -0.639695
    outer loop
      vertex 143.59 -0.799999 73.9308
      vertex 143.011 0 74.6265
      vertex 143.59 0 73.9308
    endloop
  endfacet
  facet normal -0.768629 -0 -0.639695
    outer loop
      vertex 143.011 0 74.6265
      vertex 143.59 -0.799999 73.9308
      vertex 143.011 -0.799999 74.6265
    endloop
  endfacet
  facet normal -0.608133 0 -0.793835
    outer loop
      vertex 143.59 -0.799999 73.9308
      vertex 144.315 0 73.3754
      vertex 144.315 -0.799999 73.3754
    endloop
  endfacet
  facet normal -0.608133 0 -0.793835
    outer loop
      vertex 144.315 0 73.3754
      vertex 143.59 -0.799999 73.9308
      vertex 143.59 0 73.9308
    endloop
  endfacet
  facet normal -0.421286 0 -0.906928
    outer loop
      vertex 144.315 -0.799999 73.3754
      vertex 145.169 0 72.9787
      vertex 145.169 -0.799999 72.9787
    endloop
  endfacet
  facet normal -0.421286 0 -0.906928
    outer loop
      vertex 145.169 0 72.9787
      vertex 144.315 -0.799999 73.3754
      vertex 144.315 0 73.3754
    endloop
  endfacet
  facet normal -0.23541 0 -0.971896
    outer loop
      vertex 145.169 -0.799999 72.9787
      vertex 146.152 0 72.7406
      vertex 146.152 -0.799999 72.7406
    endloop
  endfacet
  facet normal -0.23541 0 -0.971896
    outer loop
      vertex 146.152 0 72.7406
      vertex 145.169 -0.799999 72.9787
      vertex 145.169 0 72.9787
    endloop
  endfacet
  facet normal -0.0711323 0 -0.997467
    outer loop
      vertex 146.152 -0.799999 72.7406
      vertex 147.264 0 72.6613
      vertex 147.264 -0.799999 72.6613
    endloop
  endfacet
  facet normal -0.0711323 0 -0.997467
    outer loop
      vertex 147.264 0 72.6613
      vertex 146.152 -0.799999 72.7406
      vertex 146.152 0 72.7406
    endloop
  endfacet
  facet normal 0.0709419 0 -0.99748
    outer loop
      vertex 147.264 -0.799999 72.6613
      vertex 148.379 0 72.7406
      vertex 148.379 -0.799999 72.7406
    endloop
  endfacet
  facet normal 0.0709419 0 -0.99748
    outer loop
      vertex 148.379 0 72.7406
      vertex 147.264 -0.799999 72.6613
      vertex 147.264 0 72.6613
    endloop
  endfacet
  facet normal 0.234509 0 -0.972114
    outer loop
      vertex 148.379 -0.799999 72.7406
      vertex 149.366 0 72.9787
      vertex 149.366 -0.799999 72.9787
    endloop
  endfacet
  facet normal 0.234509 0 -0.972114
    outer loop
      vertex 149.366 0 72.9787
      vertex 148.379 -0.799999 72.7406
      vertex 148.379 0 72.7406
    endloop
  endfacet
  facet normal 0.419669 0 -0.907677
    outer loop
      vertex 149.366 -0.799999 72.9787
      vertex 150.224 0 73.3754
      vertex 150.224 -0.799999 73.3754
    endloop
  endfacet
  facet normal 0.419669 0 -0.907677
    outer loop
      vertex 150.224 0 73.3754
      vertex 149.366 -0.799999 72.9787
      vertex 149.366 0 72.9787
    endloop
  endfacet
  facet normal 0.605498 0 -0.795847
    outer loop
      vertex 150.224 -0.799999 73.3754
      vertex 150.954 0 73.9308
      vertex 150.954 -0.799999 73.9308
    endloop
  endfacet
  facet normal 0.605498 0 -0.795847
    outer loop
      vertex 150.954 0 73.9308
      vertex 150.224 -0.799999 73.3754
      vertex 150.224 0 73.3754
    endloop
  endfacet
  facet normal 0.767 0 -0.641647
    outer loop
      vertex 151.536 -0.799999 74.6265
      vertex 150.954 0 73.9308
      vertex 151.536 0 74.6265
    endloop
  endfacet
  facet normal 0.767 0 -0.641647
    outer loop
      vertex 150.954 0 73.9308
      vertex 151.536 -0.799999 74.6265
      vertex 150.954 -0.799999 73.9308
    endloop
  endfacet
  facet normal 0.89131 0 -0.453393
    outer loop
      vertex 151.952 -0.799999 75.4443
      vertex 151.536 0 74.6265
      vertex 151.952 0 75.4443
    endloop
  endfacet
  facet normal 0.89131 0 -0.453393
    outer loop
      vertex 151.536 0 74.6265
      vertex 151.952 -0.799999 75.4443
      vertex 151.536 -0.799999 74.6265
    endloop
  endfacet
  facet normal 0.966647 0 -0.256113
    outer loop
      vertex 152.201 -0.799999 76.3841
      vertex 151.952 0 75.4443
      vertex 152.201 0 76.3841
    endloop
  endfacet
  facet normal 0.966647 0 -0.256113
    outer loop
      vertex 151.952 0 75.4443
      vertex 152.201 -0.799999 76.3841
      vertex 151.952 -0.799999 75.4443
    endloop
  endfacet
  facet normal 0.996959 0 -0.0779241
    outer loop
      vertex 152.284 -0.799999 77.446
      vertex 152.201 0 76.3841
      vertex 152.284 0 77.446
    endloop
  endfacet
  facet normal 0.996959 0 -0.0779241
    outer loop
      vertex 152.201 0 76.3841
      vertex 152.284 -0.799999 77.446
      vertex 152.201 -0.799999 76.3841
    endloop
  endfacet
  facet normal 0.996959 -0 0.0779314
    outer loop
      vertex 152.201 -0.799999 78.5078
      vertex 152.284 0 77.446
      vertex 152.201 0 78.5078
    endloop
  endfacet
  facet normal 0.996959 0 0.0779314
    outer loop
      vertex 152.284 0 77.446
      vertex 152.201 -0.799999 78.5078
      vertex 152.284 -0.799999 77.446
    endloop
  endfacet
  facet normal 0.966647 -0 0.256113
    outer loop
      vertex 151.952 -0.799999 79.4476
      vertex 152.201 0 78.5078
      vertex 151.952 0 79.4476
    endloop
  endfacet
  facet normal 0.966647 0 0.256113
    outer loop
      vertex 152.201 0 78.5078
      vertex 151.952 -0.799999 79.4476
      vertex 152.201 -0.799999 78.5078
    endloop
  endfacet
  facet normal 0.891333 -0 0.453349
    outer loop
      vertex 151.536 -0.799999 80.2655
      vertex 151.952 0 79.4476
      vertex 151.536 0 80.2655
    endloop
  endfacet
  facet normal 0.891333 0 0.453349
    outer loop
      vertex 151.952 0 79.4476
      vertex 151.536 -0.799999 80.2655
      vertex 151.952 -0.799999 79.4476
    endloop
  endfacet
  facet normal 0.767 -0 0.641647
    outer loop
      vertex 150.954 -0.799999 80.9612
      vertex 151.536 0 80.2655
      vertex 150.954 0 80.9612
    endloop
  endfacet
  facet normal 0.767 0 0.641647
    outer loop
      vertex 151.536 0 80.2655
      vertex 150.954 -0.799999 80.9612
      vertex 151.536 -0.799999 80.2655
    endloop
  endfacet
  facet normal 0.605498 0 0.795847
    outer loop
      vertex 150.224 0 81.5166
      vertex 150.954 -0.799999 80.9612
      vertex 150.954 0 80.9612
    endloop
  endfacet
  facet normal 0.605498 0 0.795847
    outer loop
      vertex 150.954 -0.799999 80.9612
      vertex 150.224 0 81.5166
      vertex 150.224 -0.799999 81.5166
    endloop
  endfacet
  facet normal 0.419581 0 0.907718
    outer loop
      vertex 149.366 0 81.9132
      vertex 150.224 -0.799999 81.5166
      vertex 150.224 0 81.5166
    endloop
  endfacet
  facet normal 0.419581 0 0.907718
    outer loop
      vertex 150.224 -0.799999 81.5166
      vertex 149.366 0 81.9132
      vertex 149.366 -0.799999 81.9132
    endloop
  endfacet
  facet normal 0.234416 0 0.972136
    outer loop
      vertex 148.379 0 82.1512
      vertex 149.366 -0.799999 81.9132
      vertex 149.366 0 81.9132
    endloop
  endfacet
  facet normal 0.234416 0 0.972136
    outer loop
      vertex 149.366 -0.799999 81.9132
      vertex 148.379 0 82.1512
      vertex 148.379 -0.799999 82.1512
    endloop
  endfacet
  facet normal 0.0710309 0 0.997474
    outer loop
      vertex 147.264 0 82.2306
      vertex 148.379 -0.799999 82.1512
      vertex 148.379 0 82.1512
    endloop
  endfacet
  facet normal 0.0710309 0 0.997474
    outer loop
      vertex 148.379 -0.799999 82.1512
      vertex 147.264 0 82.2306
      vertex 147.264 -0.799999 82.2306
    endloop
  endfacet
  facet normal -0.0712216 0 0.997461
    outer loop
      vertex 146.152 0 82.1512
      vertex 147.264 -0.799999 82.2306
      vertex 147.264 0 82.2306
    endloop
  endfacet
  facet normal -0.0712216 0 0.997461
    outer loop
      vertex 147.264 -0.799999 82.2306
      vertex 146.152 0 82.1512
      vertex 146.152 -0.799999 82.1512
    endloop
  endfacet
  facet normal -0.311568 0 -0.950224
    outer loop
      vertex 147.719 -0.799999 80.1058
      vertex 148.117 0 79.9753
      vertex 148.117 -0.799999 79.9753
    endloop
  endfacet
  facet normal -0.311568 0 -0.950224
    outer loop
      vertex 148.117 0 79.9753
      vertex 147.719 -0.799999 80.1058
      vertex 147.719 0 80.1058
    endloop
  endfacet
  facet normal -0.539054 0 -0.842271
    outer loop
      vertex 148.117 -0.799999 79.9753
      vertex 148.457 0 79.7577
      vertex 148.457 -0.799999 79.7577
    endloop
  endfacet
  facet normal -0.539054 0 -0.842271
    outer loop
      vertex 148.457 0 79.7577
      vertex 148.117 -0.799999 79.9753
      vertex 148.117 0 79.9753
    endloop
  endfacet
  facet normal -0.731295 0 -0.682062
    outer loop
      vertex 148.741 -0.799999 79.4532
      vertex 148.457 0 79.7577
      vertex 148.741 0 79.4532
    endloop
  endfacet
  facet normal -0.731295 -0 -0.682062
    outer loop
      vertex 148.457 0 79.7577
      vertex 148.741 -0.799999 79.4532
      vertex 148.457 -0.799999 79.7577
    endloop
  endfacet
  facet normal -0.867192 0 -0.497974
    outer loop
      vertex 148.963 -0.799999 79.0666
      vertex 148.741 0 79.4532
      vertex 148.963 0 79.0666
    endloop
  endfacet
  facet normal -0.867192 -0 -0.497974
    outer loop
      vertex 148.741 0 79.4532
      vertex 148.963 -0.799999 79.0666
      vertex 148.741 -0.799999 79.4532
    endloop
  endfacet
  facet normal -0.945871 0 -0.324543
    outer loop
      vertex 149.122 -0.799999 78.6032
      vertex 148.963 0 79.0666
      vertex 149.122 0 78.6032
    endloop
  endfacet
  facet normal -0.945871 -0 -0.324543
    outer loop
      vertex 148.963 0 79.0666
      vertex 149.122 -0.799999 78.6032
      vertex 148.963 -0.799999 79.0666
    endloop
  endfacet
  facet normal -0.984886 0 -0.173203
    outer loop
      vertex 149.217 -0.799999 78.063
      vertex 149.122 0 78.6032
      vertex 149.217 0 78.063
    endloop
  endfacet
  facet normal -0.984886 -0 -0.173203
    outer loop
      vertex 149.122 0 78.6032
      vertex 149.217 -0.799999 78.063
      vertex 149.122 -0.799999 78.6032
    endloop
  endfacet
  facet normal -0.998658 0 -0.0517942
    outer loop
      vertex 149.249 -0.799999 77.446
      vertex 149.217 0 78.063
      vertex 149.249 0 77.446
    endloop
  endfacet
  facet normal -0.998658 -0 -0.0517942
    outer loop
      vertex 149.217 0 78.063
      vertex 149.249 -0.799999 77.446
      vertex 149.217 -0.799999 78.063
    endloop
  endfacet
  facet normal -0.998658 0 0.0517859
    outer loop
      vertex 149.217 -0.799999 76.8289
      vertex 149.249 0 77.446
      vertex 149.217 0 76.8289
    endloop
  endfacet
  facet normal -0.998658 0 0.0517859
    outer loop
      vertex 149.249 0 77.446
      vertex 149.217 -0.799999 76.8289
      vertex 149.249 -0.799999 77.446
    endloop
  endfacet
  facet normal -0.984886 0 0.173203
    outer loop
      vertex 149.122 -0.799999 76.2887
      vertex 149.217 0 76.8289
      vertex 149.122 0 76.2887
    endloop
  endfacet
  facet normal -0.984886 0 0.173203
    outer loop
      vertex 149.217 0 76.8289
      vertex 149.122 -0.799999 76.2887
      vertex 149.217 -0.799999 76.8289
    endloop
  endfacet
  facet normal -0.945871 0 0.324543
    outer loop
      vertex 148.963 -0.799999 75.8253
      vertex 149.122 0 76.2887
      vertex 148.963 0 75.8253
    endloop
  endfacet
  facet normal -0.945871 0 0.324543
    outer loop
      vertex 149.122 0 76.2887
      vertex 148.963 -0.799999 75.8253
      vertex 149.122 -0.799999 76.2887
    endloop
  endfacet
  facet normal -0.867136 0 0.498071
    outer loop
      vertex 148.741 -0.799999 75.4388
      vertex 148.963 0 75.8253
      vertex 148.741 0 75.4388
    endloop
  endfacet
  facet normal -0.867136 0 0.498071
    outer loop
      vertex 148.963 0 75.8253
      vertex 148.741 -0.799999 75.4388
      vertex 148.963 -0.799999 75.8253
    endloop
  endfacet
  facet normal -0.731407 0 0.681942
    outer loop
      vertex 148.457 -0.799999 75.1342
      vertex 148.741 0 75.4388
      vertex 148.457 0 75.1342
    endloop
  endfacet
  facet normal -0.731407 0 0.681942
    outer loop
      vertex 148.741 0 75.4388
      vertex 148.457 -0.799999 75.1342
      vertex 148.741 -0.799999 75.4388
    endloop
  endfacet
  facet normal -0.539054 0 0.842271
    outer loop
      vertex 148.117 0 74.9166
      vertex 148.457 -0.799999 75.1342
      vertex 148.457 0 75.1342
    endloop
  endfacet
  facet normal -0.539054 0 0.842271
    outer loop
      vertex 148.457 -0.799999 75.1342
      vertex 148.117 0 74.9166
      vertex 148.117 -0.799999 74.9166
    endloop
  endfacet
  facet normal -0.311568 0 0.950224
    outer loop
      vertex 147.719 0 74.7861
      vertex 148.117 -0.799999 74.9166
      vertex 148.117 0 74.9166
    endloop
  endfacet
  facet normal -0.311568 0 0.950224
    outer loop
      vertex 148.117 -0.799999 74.9166
      vertex 147.719 0 74.7861
      vertex 147.719 -0.799999 74.7861
    endloop
  endfacet
  facet normal -0.0951704 0 0.995461
    outer loop
      vertex 147.264 0 74.7426
      vertex 147.719 -0.799999 74.7861
      vertex 147.719 0 74.7861
    endloop
  endfacet
  facet normal -0.0951704 0 0.995461
    outer loop
      vertex 147.719 -0.799999 74.7861
      vertex 147.264 0 74.7426
      vertex 147.264 -0.799999 74.7426
    endloop
  endfacet
  facet normal 0.0966437 0 0.995319
    outer loop
      vertex 146.816 0 74.7861
      vertex 147.264 -0.799999 74.7426
      vertex 147.264 0 74.7426
    endloop
  endfacet
  facet normal 0.0966437 0 0.995319
    outer loop
      vertex 147.264 -0.799999 74.7426
      vertex 146.816 0 74.7861
      vertex 146.816 -0.799999 74.7861
    endloop
  endfacet
  facet normal 0.315141 0 0.949045
    outer loop
      vertex 146.423 0 74.9166
      vertex 146.816 -0.799999 74.7861
      vertex 146.816 0 74.7861
    endloop
  endfacet
  facet normal 0.315141 0 0.949045
    outer loop
      vertex 146.816 -0.799999 74.7861
      vertex 146.423 0 74.9166
      vertex 146.423 -0.799999 74.9166
    endloop
  endfacet
  facet normal 0.543583 0 0.839356
    outer loop
      vertex 146.087 0 75.1342
      vertex 146.423 -0.799999 74.9166
      vertex 146.423 0 74.9166
    endloop
  endfacet
  facet normal 0.543583 0 0.839356
    outer loop
      vertex 146.423 -0.799999 74.9166
      vertex 146.087 0 75.1342
      vertex 146.087 -0.799999 75.1342
    endloop
  endfacet
  facet normal 0.73621 -0 0.676753
    outer loop
      vertex 145.807 -0.799999 75.4388
      vertex 146.087 0 75.1342
      vertex 145.807 0 75.4388
    endloop
  endfacet
  facet normal 0.73621 0 0.676753
    outer loop
      vertex 146.087 0 75.1342
      vertex 145.807 -0.799999 75.4388
      vertex 146.087 -0.799999 75.1342
    endloop
  endfacet
  facet normal 0.868105 -0 0.496381
    outer loop
      vertex 145.586 -0.799999 75.8253
      vertex 145.807 0 75.4388
      vertex 145.586 0 75.8253
    endloop
  endfacet
  facet normal 0.868105 0 0.496381
    outer loop
      vertex 145.807 0 75.4388
      vertex 145.586 -0.799999 75.8253
      vertex 145.807 -0.799999 75.4388
    endloop
  endfacet
  facet normal 0.947119 -0 0.320884
    outer loop
      vertex 145.429 -0.799999 76.2887
      vertex 145.586 0 75.8253
      vertex 145.429 0 76.2887
    endloop
  endfacet
  facet normal 0.947119 0 0.320884
    outer loop
      vertex 145.586 0 75.8253
      vertex 145.429 -0.799999 76.2887
      vertex 145.586 -0.799999 75.8253
    endloop
  endfacet
  facet normal 0.984886 -0 0.173203
    outer loop
      vertex 145.334 -0.799999 76.8289
      vertex 145.429 0 76.2887
      vertex 145.334 0 76.8289
    endloop
  endfacet
  facet normal 0.984886 0 0.173203
    outer loop
      vertex 145.429 0 76.2887
      vertex 145.334 -0.799999 76.8289
      vertex 145.429 -0.799999 76.2887
    endloop
  endfacet
  facet normal 0.998658 -0 0.0517859
    outer loop
      vertex 145.302 -0.799999 77.446
      vertex 145.334 0 76.8289
      vertex 145.302 0 77.446
    endloop
  endfacet
  facet normal 0.998658 0 0.0517859
    outer loop
      vertex 145.334 0 76.8289
      vertex 145.302 -0.799999 77.446
      vertex 145.334 -0.799999 76.8289
    endloop
  endfacet
  facet normal 0.998658 0 -0.0517942
    outer loop
      vertex 145.334 -0.799999 78.063
      vertex 145.302 0 77.446
      vertex 145.334 0 78.063
    endloop
  endfacet
  facet normal 0.998658 0 -0.0517942
    outer loop
      vertex 145.302 0 77.446
      vertex 145.334 -0.799999 78.063
      vertex 145.302 -0.799999 77.446
    endloop
  endfacet
  facet normal 0.984886 0 -0.173203
    outer loop
      vertex 145.429 -0.799999 78.6032
      vertex 145.334 0 78.063
      vertex 145.429 0 78.6032
    endloop
  endfacet
  facet normal 0.984886 0 -0.173203
    outer loop
      vertex 145.334 0 78.063
      vertex 145.429 -0.799999 78.6032
      vertex 145.334 -0.799999 78.063
    endloop
  endfacet
  facet normal 0.947119 0 -0.320884
    outer loop
      vertex 145.586 -0.799999 79.0666
      vertex 145.429 0 78.6032
      vertex 145.586 0 79.0666
    endloop
  endfacet
  facet normal 0.947119 0 -0.320884
    outer loop
      vertex 145.429 0 78.6032
      vertex 145.586 -0.799999 79.0666
      vertex 145.429 -0.799999 78.6032
    endloop
  endfacet
  facet normal 0.86816 0 -0.496284
    outer loop
      vertex 145.807 -0.799999 79.4532
      vertex 145.586 0 79.0666
      vertex 145.807 0 79.4532
    endloop
  endfacet
  facet normal 0.86816 0 -0.496284
    outer loop
      vertex 145.586 0 79.0666
      vertex 145.807 -0.799999 79.4532
      vertex 145.586 -0.799999 79.0666
    endloop
  endfacet
  facet normal 0.7361 0 -0.676873
    outer loop
      vertex 146.087 -0.799999 79.7577
      vertex 145.807 0 79.4532
      vertex 146.087 0 79.7577
    endloop
  endfacet
  facet normal 0.7361 0 -0.676873
    outer loop
      vertex 145.807 0 79.4532
      vertex 146.087 -0.799999 79.7577
      vertex 145.807 -0.799999 79.4532
    endloop
  endfacet
  facet normal 0.543583 0 -0.839356
    outer loop
      vertex 146.087 -0.799999 79.7577
      vertex 146.423 0 79.9753
      vertex 146.423 -0.799999 79.9753
    endloop
  endfacet
  facet normal 0.543583 0 -0.839356
    outer loop
      vertex 146.423 0 79.9753
      vertex 146.087 -0.799999 79.7577
      vertex 146.087 0 79.7577
    endloop
  endfacet
  facet normal 0.315141 0 -0.949045
    outer loop
      vertex 146.423 -0.799999 79.9753
      vertex 146.816 0 80.1058
      vertex 146.816 -0.799999 80.1058
    endloop
  endfacet
  facet normal 0.315141 0 -0.949045
    outer loop
      vertex 146.816 0 80.1058
      vertex 146.423 -0.799999 79.9753
      vertex 146.423 0 79.9753
    endloop
  endfacet
  facet normal 0.0966437 0 -0.995319
    outer loop
      vertex 146.816 -0.799999 80.1058
      vertex 147.264 0 80.1493
      vertex 147.264 -0.799999 80.1493
    endloop
  endfacet
  facet normal 0.0966437 0 -0.995319
    outer loop
      vertex 147.264 0 80.1493
      vertex 146.816 -0.799999 80.1058
      vertex 146.816 0 80.1058
    endloop
  endfacet
  facet normal -0.0951704 0 -0.995461
    outer loop
      vertex 147.264 -0.799999 80.1493
      vertex 147.719 0 80.1058
      vertex 147.719 -0.799999 80.1058
    endloop
  endfacet
  facet normal -0.0951704 0 -0.995461
    outer loop
      vertex 147.719 0 80.1058
      vertex 147.264 -0.799999 80.1493
      vertex 147.264 0 80.1493
    endloop
  endfacet
  facet normal -0.168094 0 0.985771
    outer loop
      vertex 41.5539 0 82.1362
      vertex 41.9691 -0.799999 82.207
      vertex 41.9691 0 82.207
    endloop
  endfacet
  facet normal -0.168094 0 0.985771
    outer loop
      vertex 41.9691 -0.799999 82.207
      vertex 41.5539 0 82.1362
      vertex 41.5539 -0.799999 82.1362
    endloop
  endfacet
  facet normal -0.285462 0 0.95839
    outer loop
      vertex 41.1574 0 82.0181
      vertex 41.5539 -0.799999 82.1362
      vertex 41.5539 0 82.1362
    endloop
  endfacet
  facet normal -0.285462 0 0.95839
    outer loop
      vertex 41.5539 -0.799999 82.1362
      vertex 41.1574 0 82.0181
      vertex 41.1574 -0.799999 82.0181
    endloop
  endfacet
  facet normal -0.400819 0 0.916157
    outer loop
      vertex 40.7798 0 81.8529
      vertex 41.1574 -0.799999 82.0181
      vertex 41.1574 0 82.0181
    endloop
  endfacet
  facet normal -0.400819 0 0.916157
    outer loop
      vertex 41.1574 -0.799999 82.0181
      vertex 40.7798 0 81.8529
      vertex 40.7798 -0.799999 81.8529
    endloop
  endfacet
  facet normal -0.509192 0 0.860653
    outer loop
      vertex 40.4164 0 81.6379
      vertex 40.7798 -0.799999 81.8529
      vertex 40.7798 0 81.8529
    endloop
  endfacet
  facet normal -0.509192 0 0.860653
    outer loop
      vertex 40.7798 -0.799999 81.8529
      vertex 40.4164 0 81.6379
      vertex 40.4164 -0.799999 81.6379
    endloop
  endfacet
  facet normal -0.602919 0 0.797802
    outer loop
      vertex 40.0627 0 81.3706
      vertex 40.4164 -0.799999 81.6379
      vertex 40.4164 0 81.6379
    endloop
  endfacet
  facet normal -0.602919 0 0.797802
    outer loop
      vertex 40.4164 -0.799999 81.6379
      vertex 40.0627 0 81.3706
      vertex 40.0627 -0.799999 81.3706
    endloop
  endfacet
  facet normal -0.680427 0 0.732816
    outer loop
      vertex 39.7186 0 81.0511
      vertex 40.0627 -0.799999 81.3706
      vertex 40.0627 0 81.3706
    endloop
  endfacet
  facet normal -0.680427 0 0.732816
    outer loop
      vertex 40.0627 -0.799999 81.3706
      vertex 39.7186 0 81.0511
      vertex 39.7186 -0.799999 81.0511
    endloop
  endfacet
  facet normal -0.743602 0 0.668622
    outer loop
      vertex 39.3842 -0.799999 80.6792
      vertex 39.7186 0 81.0511
      vertex 39.3842 0 80.6792
    endloop
  endfacet
  facet normal -0.743602 0 0.668622
    outer loop
      vertex 39.7186 0 81.0511
      vertex 39.3842 -0.799999 80.6792
      vertex 39.7186 -0.799999 81.0511
    endloop
  endfacet
  facet normal 1 -0 0
    outer loop
      vertex 39.3842 -0.799999 81.9925
      vertex 39.3842 0 80.6792
      vertex 39.3842 0 81.9925
    endloop
  endfacet
  facet normal 1 0 0
    outer loop
      vertex 39.3842 0 80.6792
      vertex 39.3842 -0.799999 81.9925
      vertex 39.3842 -0.799999 80.6792
    endloop
  endfacet
  facet normal -0 0 1
    outer loop
      vertex 36.471 0 81.9925
      vertex 39.3842 -0.799999 81.9925
      vertex 39.3842 0 81.9925
    endloop
  endfacet
  facet normal 0 0 1
    outer loop
      vertex 39.3842 -0.799999 81.9925
      vertex 36.471 0 81.9925
      vertex 36.471 -0.799999 81.9925
    endloop
  endfacet
  facet normal -1 0 0
    outer loop
      vertex 36.471 -0.799999 72.8763
      vertex 36.471 0 81.9925
      vertex 36.471 0 72.8763
    endloop
  endfacet
  facet normal -1 -0 0
    outer loop
      vertex 36.471 0 81.9925
      vertex 36.471 -0.799999 72.8763
      vertex 36.471 -0.799999 81.9925
    endloop
  endfacet
  facet normal 0 0 -1
    outer loop
      vertex 36.471 -0.799999 72.8763
      vertex 39.3842 0 72.8763
      vertex 39.3842 -0.799999 72.8763
    endloop
  endfacet
  facet normal -0 0 -1
    outer loop
      vertex 39.3842 0 72.8763
      vertex 36.471 -0.799999 72.8763
      vertex 36.471 0 72.8763
    endloop
  endfacet
  facet normal 1 -0 0
    outer loop
      vertex 39.3842 -0.799999 77.3797
      vertex 39.3842 0 72.8763
      vertex 39.3842 0 77.3797
    endloop
  endfacet
  facet normal 1 0 0
    outer loop
      vertex 39.3842 0 72.8763
      vertex 39.3842 -0.799999 77.3797
      vertex 39.3842 -0.799999 72.8763
    endloop
  endfacet
  facet normal 0.998471 0 -0.0552728
    outer loop
      vertex 39.4168 -0.799999 77.9686
      vertex 39.3842 0 77.3797
      vertex 39.4168 0 77.9686
    endloop
  endfacet
  facet normal 0.998471 0 -0.0552728
    outer loop
      vertex 39.3842 0 77.3797
      vertex 39.4168 -0.799999 77.9686
      vertex 39.3842 -0.799999 77.3797
    endloop
  endfacet
  facet normal 0.982883 0 -0.184232
    outer loop
      vertex 39.5144 -0.799999 78.4893
      vertex 39.4168 0 77.9686
      vertex 39.5144 0 78.4893
    endloop
  endfacet
  facet normal 0.982883 0 -0.184232
    outer loop
      vertex 39.4168 0 77.9686
      vertex 39.5144 -0.799999 78.4893
      vertex 39.4168 -0.799999 77.9686
    endloop
  endfacet
  facet normal 0.940954 0 -0.338535
    outer loop
      vertex 39.6772 -0.799999 78.9418
      vertex 39.5144 0 78.4893
      vertex 39.6772 0 78.9418
    endloop
  endfacet
  facet normal 0.940954 0 -0.338535
    outer loop
      vertex 39.5144 0 78.4893
      vertex 39.6772 -0.799999 78.9418
      vertex 39.5144 -0.799999 78.4893
    endloop
  endfacet
  facet normal 0.860226 0 -0.509913
    outer loop
      vertex 39.905 -0.799999 79.3261
      vertex 39.6772 0 78.9418
      vertex 39.905 0 79.3261
    endloop
  endfacet
  facet normal 0.860226 0 -0.509913
    outer loop
      vertex 39.6772 0 78.9418
      vertex 39.905 -0.799999 79.3261
      vertex 39.6772 -0.799999 78.9418
    endloop
  endfacet
  facet normal 0.732453 0 -0.680818
    outer loop
      vertex 40.1898 -0.799999 79.6325
      vertex 39.905 0 79.3261
      vertex 40.1898 0 79.6325
    endloop
  endfacet
  facet normal 0.732453 0 -0.680818
    outer loop
      vertex 39.905 0 79.3261
      vertex 40.1898 -0.799999 79.6325
      vertex 39.905 -0.799999 79.3261
    endloop
  endfacet
  facet normal 0.548322 0 -0.836267
    outer loop
      vertex 40.1898 -0.799999 79.6325
      vertex 40.5235 0 79.8513
      vertex 40.5235 -0.799999 79.8513
    endloop
  endfacet
  facet normal 0.548322 0 -0.836267
    outer loop
      vertex 40.5235 0 79.8513
      vertex 40.1898 -0.799999 79.6325
      vertex 40.1898 0 79.6325
    endloop
  endfacet
  facet normal 0.324748 0 -0.945801
    outer loop
      vertex 40.5235 -0.799999 79.8513
      vertex 40.9059 0 79.9826
      vertex 40.9059 -0.799999 79.9826
    endloop
  endfacet
  facet normal 0.324748 0 -0.945801
    outer loop
      vertex 40.9059 0 79.9826
      vertex 40.5235 -0.799999 79.8513
      vertex 40.5235 0 79.8513
    endloop
  endfacet
  facet normal 0.101034 0 -0.994883
    outer loop
      vertex 40.9059 -0.799999 79.9826
      vertex 41.3372 0 80.0264
      vertex 41.3372 -0.799999 80.0264
    endloop
  endfacet
  facet normal 0.101034 0 -0.994883
    outer loop
      vertex 41.3372 0 80.0264
      vertex 40.9059 -0.799999 79.9826
      vertex 40.9059 0 79.9826
    endloop
  endfacet
  facet normal -0.0532796 0 -0.99858
    outer loop
      vertex 41.3372 -0.799999 80.0264
      vertex 41.519 0 80.0167
      vertex 41.519 -0.799999 80.0167
    endloop
  endfacet
  facet normal -0.0532796 0 -0.99858
    outer loop
      vertex 41.519 0 80.0167
      vertex 41.3372 -0.799999 80.0264
      vertex 41.3372 0 80.0264
    endloop
  endfacet
  facet normal -0.167013 0 -0.985955
    outer loop
      vertex 41.519 -0.799999 80.0167
      vertex 41.6902 0 79.9877
      vertex 41.6902 -0.799999 79.9877
    endloop
  endfacet
  facet normal -0.167013 0 -0.985955
    outer loop
      vertex 41.6902 0 79.9877
      vertex 41.519 -0.799999 80.0167
      vertex 41.519 0 80.0167
    endloop
  endfacet
  facet normal -0.288334 0 -0.95753
    outer loop
      vertex 41.6902 -0.799999 79.9877
      vertex 41.8506 0 79.9394
      vertex 41.8506 -0.799999 79.9394
    endloop
  endfacet
  facet normal -0.288334 0 -0.95753
    outer loop
      vertex 41.8506 0 79.9394
      vertex 41.6902 -0.799999 79.9877
      vertex 41.6902 0 79.9877
    endloop
  endfacet
  facet normal -0.411831 0 -0.91126
    outer loop
      vertex 41.8506 -0.799999 79.9394
      vertex 42.0004 0 79.8717
      vertex 42.0004 -0.799999 79.8717
    endloop
  endfacet
  facet normal -0.411831 0 -0.91126
    outer loop
      vertex 42.0004 0 79.8717
      vertex 41.8506 -0.799999 79.9394
      vertex 41.8506 0 79.9394
    endloop
  endfacet
  facet normal -0.527778 0 -0.849383
    outer loop
      vertex 42.0004 -0.799999 79.8717
      vertex 42.138 0 79.7862
      vertex 42.138 -0.799999 79.7862
    endloop
  endfacet
  facet normal -0.527778 0 -0.849383
    outer loop
      vertex 42.138 0 79.7862
      vertex 42.0004 -0.799999 79.8717
      vertex 42.0004 0 79.8717
    endloop
  endfacet
  facet normal -0.635138 0 -0.772398
    outer loop
      vertex 42.138 -0.799999 79.7862
      vertex 42.2618 0 79.6844
      vertex 42.2618 -0.799999 79.6844
    endloop
  endfacet
  facet normal -0.635138 0 -0.772398
    outer loop
      vertex 42.2618 0 79.6844
      vertex 42.138 -0.799999 79.7862
      vertex 42.138 0 79.7862
    endloop
  endfacet
  facet normal -0.731446 0 -0.681899
    outer loop
      vertex 42.3719 -0.799999 79.5663
      vertex 42.2618 0 79.6844
      vertex 42.3719 0 79.5663
    endloop
  endfacet
  facet normal -0.731446 -0 -0.681899
    outer loop
      vertex 42.2618 0 79.6844
      vertex 42.3719 -0.799999 79.5663
      vertex 42.2618 -0.799999 79.6844
    endloop
  endfacet
  facet normal -0.812588 0 -0.582838
    outer loop
      vertex 42.4683 -0.799999 79.4319
      vertex 42.3719 0 79.5663
      vertex 42.4683 0 79.4319
    endloop
  endfacet
  facet normal -0.812588 -0 -0.582838
    outer loop
      vertex 42.3719 0 79.5663
      vertex 42.4683 -0.799999 79.4319
      vertex 42.3719 -0.799999 79.5663
    endloop
  endfacet
  facet normal -0.891873 0 -0.452287
    outer loop
      vertex 42.5324 -0.799999 79.3055
      vertex 42.4683 0 79.4319
      vertex 42.5324 0 79.3055
    endloop
  endfacet
  facet normal -0.891873 -0 -0.452287
    outer loop
      vertex 42.4683 0 79.4319
      vertex 42.5324 -0.799999 79.3055
      vertex 42.4683 -0.799999 79.4319
    endloop
  endfacet
  facet normal -0.947429 0 -0.319965
    outer loop
      vertex 42.5863 -0.799999 79.1459
      vertex 42.5324 0 79.3055
      vertex 42.5863 0 79.1459
    endloop
  endfacet
  facet normal -0.947429 -0 -0.319965
    outer loop
      vertex 42.5324 0 79.3055
      vertex 42.5863 -0.799999 79.1459
      vertex 42.5324 -0.799999 79.3055
    endloop
  endfacet
  facet normal -0.975103 0 -0.221752
    outer loop
      vertex 42.6301 -0.799999 78.9533
      vertex 42.5863 0 79.1459
      vertex 42.6301 0 78.9533
    endloop
  endfacet
  facet normal -0.975103 -0 -0.221752
    outer loop
      vertex 42.5863 0 79.1459
      vertex 42.6301 -0.799999 78.9533
      vertex 42.5863 -0.799999 79.1459
    endloop
  endfacet
  facet normal -0.989109 0 -0.147184
    outer loop
      vertex 42.6637 -0.799999 78.7275
      vertex 42.6301 0 78.9533
      vertex 42.6637 0 78.7275
    endloop
  endfacet
  facet normal -0.989109 -0 -0.147184
    outer loop
      vertex 42.6301 0 78.9533
      vertex 42.6637 -0.799999 78.7275
      vertex 42.6301 -0.799999 78.9533
    endloop
  endfacet
  facet normal -0.996089 0 -0.0883598
    outer loop
      vertex 42.6886 -0.799999 78.4468
      vertex 42.6637 0 78.7275
      vertex 42.6886 0 78.4468
    endloop
  endfacet
  facet normal -0.996089 -0 -0.0883598
    outer loop
      vertex 42.6637 0 78.7275
      vertex 42.6886 -0.799999 78.4468
      vertex 42.6637 -0.799999 78.7275
    endloop
  endfacet
  facet normal -0.998777 0 -0.0494499
    outer loop
      vertex 42.7063 -0.799999 78.0893
      vertex 42.6886 0 78.4468
      vertex 42.7063 0 78.0893
    endloop
  endfacet
  facet normal -0.998777 -0 -0.0494499
    outer loop
      vertex 42.6886 0 78.4468
      vertex 42.7063 -0.799999 78.0893
      vertex 42.6886 -0.799999 78.4468
    endloop
  endfacet
  facet normal -0.999697 0 -0.0246242
    outer loop
      vertex 42.717 -0.799999 77.6549
      vertex 42.7063 0 78.0893
      vertex 42.717 0 77.6549
    endloop
  endfacet
  facet normal -0.999697 -0 -0.0246242
    outer loop
      vertex 42.7063 0 78.0893
      vertex 42.717 -0.799999 77.6549
      vertex 42.7063 -0.799999 78.0893
    endloop
  endfacet
  facet normal -0.999975 0 -0.00704208
    outer loop
      vertex 42.7206 -0.799999 77.1437
      vertex 42.717 0 77.6549
      vertex 42.7206 0 77.1437
    endloop
  endfacet
  facet normal -0.999975 -0 -0.00704208
    outer loop
      vertex 42.717 0 77.6549
      vertex 42.7206 -0.799999 77.1437
      vertex 42.717 -0.799999 77.6549
    endloop
  endfacet
  facet normal -0.999998 0 0.00213766
    outer loop
      vertex 42.7201 -0.799999 76.9098
      vertex 42.7206 0 77.1437
      vertex 42.7201 0 76.9098
    endloop
  endfacet
  facet normal -0.999998 0 0.00213766
    outer loop
      vertex 42.7206 0 77.1437
      vertex 42.7201 -0.799999 76.9098
      vertex 42.7206 -0.799999 77.1437
    endloop
  endfacet
  facet normal -0.999988 0 0.00489291
    outer loop
      vertex 42.7185 -0.799999 76.5828
      vertex 42.7201 0 76.9098
      vertex 42.7185 0 76.5828
    endloop
  endfacet
  facet normal -0.999988 0 0.00489291
    outer loop
      vertex 42.7201 0 76.9098
      vertex 42.7185 -0.799999 76.5828
      vertex 42.7201 -0.799999 76.9098
    endloop
  endfacet
  facet normal -0.999982 0 0.00594944
    outer loop
      vertex 42.716 -0.799999 76.1626
      vertex 42.7185 0 76.5828
      vertex 42.716 0 76.1626
    endloop
  endfacet
  facet normal -0.999982 0 0.00594944
    outer loop
      vertex 42.7185 0 76.5828
      vertex 42.716 -0.799999 76.1626
      vertex 42.7185 -0.799999 76.5828
    endloop
  endfacet
  facet normal -0.999975 0 0.00701327
    outer loop
      vertex 42.7124 -0.799999 75.6493
      vertex 42.716 0 76.1626
      vertex 42.7124 0 75.6493
    endloop
  endfacet
  facet normal -0.999975 0 0.00701327
    outer loop
      vertex 42.716 0 76.1626
      vertex 42.7124 -0.799999 75.6493
      vertex 42.716 -0.799999 76.1626
    endloop
  endfacet
  facet normal -0.999977 0 0.00671376
    outer loop
      vertex 42.7088 -0.799999 75.1131
      vertex 42.7124 0 75.6493
      vertex 42.7088 0 75.1131
    endloop
  endfacet
  facet normal -0.999977 0 0.00671376
    outer loop
      vertex 42.7124 0 75.6493
      vertex 42.7088 -0.799999 75.1131
      vertex 42.7124 -0.799999 75.6493
    endloop
  endfacet
  facet normal -0.999987 0 0.00511345
    outer loop
      vertex 42.7063 -0.799999 74.6242
      vertex 42.7088 0 75.1131
      vertex 42.7063 0 74.6242
    endloop
  endfacet
  facet normal -0.999987 0 0.00511345
    outer loop
      vertex 42.7088 0 75.1131
      vertex 42.7063 -0.799999 74.6242
      vertex 42.7088 -0.799999 75.1131
    endloop
  endfacet
  facet normal -0.999994 0 0.00339749
    outer loop
      vertex 42.7048 -0.799999 74.1827
      vertex 42.7063 0 74.6242
      vertex 42.7048 0 74.1827
    endloop
  endfacet
  facet normal -0.999994 0 0.00339749
    outer loop
      vertex 42.7063 0 74.6242
      vertex 42.7048 -0.799999 74.1827
      vertex 42.7063 -0.799999 74.6242
    endloop
  endfacet
  facet normal -0.999999 0 0.00126839
    outer loop
      vertex 42.7043 -0.799999 73.7885
      vertex 42.7048 0 74.1827
      vertex 42.7043 0 73.7885
    endloop
  endfacet
  facet normal -0.999999 0 0.00126839
    outer loop
      vertex 42.7048 0 74.1827
      vertex 42.7043 -0.799999 73.7885
      vertex 42.7048 -0.799999 74.1827
    endloop
  endfacet
  facet normal -1 0 0
    outer loop
      vertex 42.7043 -0.799999 72.8763
      vertex 42.7043 0 73.7885
      vertex 42.7043 0 72.8763
    endloop
  endfacet
  facet normal -1 -0 0
    outer loop
      vertex 42.7043 0 73.7885
      vertex 42.7043 -0.799999 72.8763
      vertex 42.7043 -0.799999 73.7885
    endloop
  endfacet
  facet normal 0 0 -1
    outer loop
      vertex 42.7043 -0.799999 72.8763
      vertex 45.6338 0 72.8763
      vertex 45.6338 -0.799999 72.8763
    endloop
  endfacet
  facet normal -0 0 -1
    outer loop
      vertex 45.6338 0 72.8763
      vertex 42.7043 -0.799999 72.8763
      vertex 42.7043 0 72.8763
    endloop
  endfacet
  facet normal 1 -0 0
    outer loop
      vertex 45.6338 -0.799999 78.4466
      vertex 45.6338 0 72.8763
      vertex 45.6338 0 78.4466
    endloop
  endfacet
  facet normal 1 0 0
    outer loop
      vertex 45.6338 0 72.8763
      vertex 45.6338 -0.799999 78.4466
      vertex 45.6338 -0.799999 72.8763
    endloop
  endfacet
  facet normal 0.998241 -0 0.0592946
    outer loop
      vertex 45.5822 -0.799999 79.3153
      vertex 45.6338 0 78.4466
      vertex 45.5822 0 79.3153
    endloop
  endfacet
  facet normal 0.998241 0 0.0592946
    outer loop
      vertex 45.6338 0 78.4466
      vertex 45.5822 -0.799999 79.3153
      vertex 45.6338 -0.799999 78.4466
    endloop
  endfacet
  facet normal 0.979798 -0 0.199988
    outer loop
      vertex 45.4273 -0.799999 80.0742
      vertex 45.5822 0 79.3153
      vertex 45.4273 0 80.0742
    endloop
  endfacet
  facet normal 0.979798 0 0.199988
    outer loop
      vertex 45.5822 0 79.3153
      vertex 45.4273 -0.799999 80.0742
      vertex 45.5822 -0.799999 79.3153
    endloop
  endfacet
  facet normal 0.929215 -0 0.369539
    outer loop
      vertex 45.1692 -0.799999 80.7232
      vertex 45.4273 0 80.0742
      vertex 45.1692 0 80.7232
    endloop
  endfacet
  facet normal 0.929215 0 0.369539
    outer loop
      vertex 45.4273 0 80.0742
      vertex 45.1692 -0.799999 80.7232
      vertex 45.4273 -0.799999 80.0742
    endloop
  endfacet
  facet normal 0.830625 -0 0.556832
    outer loop
      vertex 44.8078 -0.799999 81.2623
      vertex 45.1692 0 80.7232
      vertex 44.8078 0 81.2623
    endloop
  endfacet
  facet normal 0.830625 0 0.556832
    outer loop
      vertex 45.1692 0 80.7232
      vertex 44.8078 -0.799999 81.2623
      vertex 45.1692 -0.799999 80.7232
    endloop
  endfacet
  facet normal 0.677403 0 0.735612
    outer loop
      vertex 44.3478 0 81.6859
      vertex 44.8078 -0.799999 81.2623
      vertex 44.8078 0 81.2623
    endloop
  endfacet
  facet normal 0.677403 0 0.735612
    outer loop
      vertex 44.8078 -0.799999 81.2623
      vertex 44.3478 0 81.6859
      vertex 44.3478 -0.799999 81.6859
    endloop
  endfacet
  facet normal 0.479296 0 0.877653
    outer loop
      vertex 43.7937 0 81.9885
      vertex 44.3478 -0.799999 81.6859
      vertex 44.3478 0 81.6859
    endloop
  endfacet
  facet normal 0.479296 0 0.877653
    outer loop
      vertex 44.3478 -0.799999 81.6859
      vertex 43.7937 0 81.9885
      vertex 43.7937 -0.799999 81.9885
    endloop
  endfacet
  facet normal 0.269773 0 0.962924
    outer loop
      vertex 43.1455 0 82.1701
      vertex 43.7937 -0.799999 81.9885
      vertex 43.7937 0 81.9885
    endloop
  endfacet
  facet normal 0.269773 0 0.962924
    outer loop
      vertex 43.7937 -0.799999 81.9885
      vertex 43.1455 0 82.1701
      vertex 43.1455 -0.799999 82.1701
    endloop
  endfacet
  facet normal 0.0812341 0 0.996695
    outer loop
      vertex 42.4032 0 82.2306
      vertex 43.1455 -0.799999 82.1701
      vertex 43.1455 0 82.1701
    endloop
  endfacet
  facet normal 0.0812341 0 0.996695
    outer loop
      vertex 43.1455 -0.799999 82.1701
      vertex 42.4032 0 82.2306
      vertex 42.4032 -0.799999 82.2306
    endloop
  endfacet
  facet normal -0.0542852 0 0.998525
    outer loop
      vertex 41.9691 0 82.207
      vertex 42.4032 -0.799999 82.2306
      vertex 42.4032 0 82.2306
    endloop
  endfacet
  facet normal -0.0542852 0 0.998525
    outer loop
      vertex 42.4032 -0.799999 82.2306
      vertex 41.9691 0 82.207
      vertex 41.9691 -0.799999 82.207
    endloop
  endfacet
  facet normal 0 0 -1
    outer loop
      vertex 114.379 -0.799999 76.0098
      vertex 119.49 0 76.0098
      vertex 119.49 -0.799999 76.0098
    endloop
  endfacet
  facet normal -0 0 -1
    outer loop
      vertex 119.49 0 76.0098
      vertex 114.379 -0.799999 76.0098
      vertex 114.379 0 76.0098
    endloop
  endfacet
  facet normal 1 -0 0
    outer loop
      vertex 119.49 -0.799999 78.3752
      vertex 119.49 0 76.0098
      vertex 119.49 0 78.3752
    endloop
  endfacet
  facet normal 1 0 0
    outer loop
      vertex 119.49 0 76.0098
      vertex 119.49 -0.799999 78.3752
      vertex 119.49 -0.799999 76.0098
    endloop
  endfacet
  facet normal -0 0 1
    outer loop
      vertex 114.379 0 78.3752
      vertex 119.49 -0.799999 78.3752
      vertex 119.49 0 78.3752
    endloop
  endfacet
  facet normal 0 0 1
    outer loop
      vertex 119.49 -0.799999 78.3752
      vertex 114.379 0 78.3752
      vertex 114.379 -0.799999 78.3752
    endloop
  endfacet
  facet normal -1 0 0
    outer loop
      vertex 114.379 -0.799999 76.0098
      vertex 114.379 0 78.3752
      vertex 114.379 0 76.0098
    endloop
  endfacet
  facet normal -1 -0 0
    outer loop
      vertex 114.379 0 78.3752
      vertex 114.379 -0.799999 76.0098
      vertex 114.379 -0.799999 78.3752
    endloop
  endfacet
  facet normal 0 0 -1
    outer loop
      vertex 59.5275 -0.799999 78.8437
      vertex 62.4569 0 78.8437
      vertex 62.4569 -0.799999 78.8437
    endloop
  endfacet
  facet normal -0 0 -1
    outer loop
      vertex 62.4569 0 78.8437
      vertex 59.5275 -0.799999 78.8437
      vertex 59.5275 0 78.8437
    endloop
  endfacet
  facet normal 1 -0 0
    outer loop
      vertex 62.4569 -0.799999 81.9925
      vertex 62.4569 0 78.8437
      vertex 62.4569 0 81.9925
    endloop
  endfacet
  facet normal 1 0 0
    outer loop
      vertex 62.4569 0 78.8437
      vertex 62.4569 -0.799999 81.9925
      vertex 62.4569 -0.799999 78.8437
    endloop
  endfacet
  facet normal -0 0 1
    outer loop
      vertex 59.5275 0 81.9925
      vertex 62.4569 -0.799999 81.9925
      vertex 62.4569 0 81.9925
    endloop
  endfacet
  facet normal 0 0 1
    outer loop
      vertex 62.4569 -0.799999 81.9925
      vertex 59.5275 0 81.9925
      vertex 59.5275 -0.799999 81.9925
    endloop
  endfacet
  facet normal -1 0 0
    outer loop
      vertex 59.5275 -0.799999 78.8437
      vertex 59.5275 0 81.9925
      vertex 59.5275 0 78.8437
    endloop
  endfacet
  facet normal -1 -0 0
    outer loop
      vertex 59.5275 0 81.9925
      vertex 59.5275 -0.799999 78.8437
      vertex 59.5275 -0.799999 81.9925
    endloop
  endfacet
  facet normal -1 0 0
    outer loop
      vertex 100.6 170.4 0
      vertex 100.6 172 0.6
      vertex 100.6 172 0
    endloop
  endfacet
  facet normal -1 -0 0
    outer loop
      vertex 100.6 172 0.6
      vertex 100.6 170.4 0
      vertex 100.6 170.4 0.6
    endloop
  endfacet
  facet normal 0 0 -1
    outer loop
      vertex 99.4 170.4 0.6
      vertex 100.6 172 0.6
      vertex 100.6 170.4 0.6
    endloop
  endfacet
  facet normal -0 0 -1
    outer loop
      vertex 100.6 172 0.6
      vertex 99.4 170.4 0.6
      vertex 99.4 172 0.6
    endloop
  endfacet
  facet normal 1 -0 0
    outer loop
      vertex 99.4 170.4 0.6
      vertex 99.4 172 0
      vertex 99.4 172 0.6
    endloop
  endfacet
  facet normal 1 0 0
    outer loop
      vertex 99.4 172 0
      vertex 99.4 170.4 0.6
      vertex 99.4 170.4 0
    endloop
  endfacet
  facet normal 0 1 -0
    outer loop
      vertex 100.6 170.4 0
      vertex 99.4 170.4 0.6
      vertex 100.6 170.4 0.6
    endloop
  endfacet
  facet normal 0 1 0
    outer loop
      vertex 99.4 170.4 0.6
      vertex 100.6 170.4 0
      vertex 99.4 170.4 0
    endloop
  endfacet
  facet normal -1 0 0
    outer loop
      vertex 100.6 9.53674e-07 0
      vertex 100.6 1.6 0.6
      vertex 100.6 1.6 0
    endloop
  endfacet
  facet normal -1 -0 0
    outer loop
      vertex 100.6 1.6 0.6
      vertex 100.6 9.53674e-07 0
      vertex 100.6 9.53674e-07 0.6
    endloop
  endfacet
  facet normal 0 0 -1
    outer loop
      vertex 99.4 9.53674e-07 0.6
      vertex 100.6 1.6 0.6
      vertex 100.6 9.53674e-07 0.6
    endloop
  endfacet
  facet normal -0 0 -1
    outer loop
      vertex 100.6 1.6 0.6
      vertex 99.4 9.53674e-07 0.6
      vertex 99.4 1.6 0.6
    endloop
  endfacet
  facet normal 1 -0 0
    outer loop
      vertex 99.4 9.53674e-07 0.6
      vertex 99.4 1.6 0
      vertex 99.4 1.6 0.6
    endloop
  endfacet
  facet normal 1 0 0
    outer loop
      vertex 99.4 1.6 0
      vertex 99.4 9.53674e-07 0.6
      vertex 99.4 9.53674e-07 0
    endloop
  endfacet
  facet normal 0 1 -0
    outer loop
      vertex 100.6 9.53674e-07 0
      vertex 99.4 9.53674e-07 0.6
      vertex 100.6 9.53674e-07 0.6
    endloop
  endfacet
  facet normal 0 1 0
    outer loop
      vertex 99.4 9.53674e-07 0.6
      vertex 100.6 9.53674e-07 0
      vertex 99.4 9.53674e-07 0
    endloop
  endfacet
  facet normal 0 -1 0
    outer loop
      vertex 99.4 1.6 0
      vertex 100.6 1.6 0.6
      vertex 99.4 1.6 0.6
    endloop
  endfacet
  facet normal 0 -1 -0
    outer loop
      vertex 100.6 1.6 0.6
      vertex 99.4 1.6 0
      vertex 100.6 1.6 0
    endloop
  endfacet
  facet normal 1 0 0
    outer loop
      vertex 200 6 150
      vertex 200 0 150
      vertex 200 6 19
    endloop
  endfacet
  facet normal 1 0 0
    outer loop
      vertex 200 166 19
      vertex 200 172 150
      vertex 200 166 150
    endloop
  endfacet
  facet normal 1 0 0
    outer loop
      vertex 200 172 150
      vertex 200 166 19
      vertex 200 172 0
    endloop
  endfacet
  facet normal 1 -0 0
    outer loop
      vertex 200 152 5
      vertex 200 172 0
      vertex 200 166 19
    endloop
  endfacet
  facet normal 1 -0 0
    outer loop
      vertex 200 20 5
      vertex 200 172 0
      vertex 200 152 5
    endloop
  endfacet
  facet normal 1 0 0
    outer loop
      vertex 200 20 5
      vertex 200 0 0
      vertex 200 172 0
    endloop
  endfacet
  facet normal 1 0 0
    outer loop
      vertex 200 6 19
      vertex 200 0 0
      vertex 200 20 5
    endloop
  endfacet
  facet normal 1 0 0
    outer loop
      vertex 200 0 0
      vertex 200 6 19
      vertex 200 0 150
    endloop
  endfacet
  facet normal 0 0 -1
    outer loop
      vertex 135 112 0
      vertex 99.4 170.4 0
      vertex 100.6 170.4 0
    endloop
  endfacet
  facet normal 0 0 -1
    outer loop
      vertex 0 112 0
      vertex 99.4 170.4 0
      vertex 135 112 0
    endloop
  endfacet
  facet normal 0 0 -1
    outer loop
      vertex 0 172 0
      vertex 99.4 170.4 0
      vertex 0 112 0
    endloop
  endfacet
  facet normal 0 0 -1
    outer loop
      vertex 99.4 170.4 0
      vertex 0 172 0
      vertex 99.4 172 0
    endloop
  endfacet
  facet normal 0 0 -1
    outer loop
      vertex 200 0 0
      vertex 161 86 0
      vertex 200 172 0
    endloop
  endfacet
  facet normal 0 0 -1
    outer loop
      vertex 200 0 0
      vertex 160.875 83.4516 0
      vertex 161 86 0
    endloop
  endfacet
  facet normal 0 0 -1
    outer loop
      vertex 200 0 0
      vertex 160.5 80.9277 0
      vertex 160.875 83.4516 0
    endloop
  endfacet
  facet normal 0 0 -1
    outer loop
      vertex 200 0 0
      vertex 159.88 78.4526 0
      vertex 160.5 80.9277 0
    endloop
  endfacet
  facet normal 0 0 -1
    outer loop
      vertex 200 0 0
      vertex 159.021 76.0502 0
      vertex 159.88 78.4526 0
    endloop
  endfacet
  facet normal 0 0 -1
    outer loop
      vertex 200 0 0
      vertex 157.93 73.7437 0
      vertex 159.021 76.0502 0
    endloop
  endfacet
  facet normal 0 0 -1
    outer loop
      vertex 200 0 0
      vertex 156.618 71.5552 0
      vertex 157.93 73.7437 0
    endloop
  endfacet
  facet normal 0 0 -1
    outer loop
      vertex 200 0 0
      vertex 155.098 69.5058 0
      vertex 156.618 71.5552 0
    endloop
  endfacet
  facet normal 0 0 -1
    outer loop
      vertex 200 0 0
      vertex 153.385 67.6152 0
      vertex 155.098 69.5058 0
    endloop
  endfacet
  facet normal 0 0 -1
    outer loop
      vertex 200 0 0
      vertex 151.494 65.9017 0
      vertex 153.385 67.6152 0
    endloop
  endfacet
  facet normal 0 0 -1
    outer loop
      vertex 200 0 0
      vertex 149.445 64.3818 0
      vertex 151.494 65.9017 0
    endloop
  endfacet
  facet normal 0 0 -1
    outer loop
      vertex 200 0 0
      vertex 147.256 63.07 0
      vertex 149.445 64.3818 0
    endloop
  endfacet
  facet normal 0 0 -1
    outer loop
      vertex 200 0 0
      vertex 144.95 61.9791 0
      vertex 147.256 63.07 0
    endloop
  endfacet
  facet normal 0 0 -1
    outer loop
      vertex 200 0 0
      vertex 142.547 61.1196 0
      vertex 144.95 61.9791 0
    endloop
  endfacet
  facet normal 0 0 -1
    outer loop
      vertex 200 0 0
      vertex 140.072 60.4996 0
      vertex 142.547 61.1196 0
    endloop
  endfacet
  facet normal 0 0 -1
    outer loop
      vertex 100.6 1.6 0
      vertex 140.072 60.4996 0
      vertex 200 0 0
    endloop
  endfacet
  facet normal 0 0 -1
    outer loop
      vertex 140.072 60.4996 0
      vertex 100.6 1.6 0
      vertex 137.548 60.1252 0
    endloop
  endfacet
  facet normal 0 0 -1
    outer loop
      vertex 100.6 1.6 0
      vertex 200 0 0
      vertex 100.6 9.53674e-07 0
    endloop
  endfacet
  facet normal 0 0 -1
    outer loop
      vertex 200 0 0
      vertex 99.4 9.53674e-07 0
      vertex 100.6 9.53674e-07 0
    endloop
  endfacet
  facet normal -0 0 -1
    outer loop
      vertex 99.4 9.53674e-07 0
      vertex 0 0 0
      vertex 99.4 1.6 0
    endloop
  endfacet
  facet normal 0 0 -1
    outer loop
      vertex 0 0 0
      vertex 99.4 9.53674e-07 0
      vertex 200 0 0
    endloop
  endfacet
  facet normal 0 0 -1
    outer loop
      vertex 160.875 88.5484 0
      vertex 200 172 0
      vertex 161 86 0
    endloop
  endfacet
  facet normal 0 0 -1
    outer loop
      vertex 160.5 91.0723 0
      vertex 200 172 0
      vertex 160.875 88.5484 0
    endloop
  endfacet
  facet normal 0 0 -1
    outer loop
      vertex 159.88 93.5474 0
      vertex 200 172 0
      vertex 160.5 91.0723 0
    endloop
  endfacet
  facet normal 0 0 -1
    outer loop
      vertex 159.021 95.9498 0
      vertex 200 172 0
      vertex 159.88 93.5474 0
    endloop
  endfacet
  facet normal 0 0 -1
    outer loop
      vertex 157.93 98.2563 0
      vertex 200 172 0
      vertex 159.021 95.9498 0
    endloop
  endfacet
  facet normal 0 0 -1
    outer loop
      vertex 156.618 100.445 0
      vertex 200 172 0
      vertex 157.93 98.2563 0
    endloop
  endfacet
  facet normal 0 0 -1
    outer loop
      vertex 155.098 102.494 0
      vertex 200 172 0
      vertex 156.618 100.445 0
    endloop
  endfacet
  facet normal 0 0 -1
    outer loop
      vertex 153.385 104.385 0
      vertex 200 172 0
      vertex 155.098 102.494 0
    endloop
  endfacet
  facet normal 0 0 -1
    outer loop
      vertex 151.494 106.098 0
      vertex 200 172 0
      vertex 153.385 104.385 0
    endloop
  endfacet
  facet normal 0 0 -1
    outer loop
      vertex 149.445 107.618 0
      vertex 200 172 0
      vertex 151.494 106.098 0
    endloop
  endfacet
  facet normal 0 0 -1
    outer loop
      vertex 147.256 108.93 0
      vertex 200 172 0
      vertex 149.445 107.618 0
    endloop
  endfacet
  facet normal 0 0 -1
    outer loop
      vertex 144.95 110.021 0
      vertex 200 172 0
      vertex 147.256 108.93 0
    endloop
  endfacet
  facet normal 0 0 -1
    outer loop
      vertex 142.547 110.88 0
      vertex 200 172 0
      vertex 144.95 110.021 0
    endloop
  endfacet
  facet normal 0 0 -1
    outer loop
      vertex 140.072 111.5 0
      vertex 200 172 0
      vertex 142.547 110.88 0
    endloop
  endfacet
  facet normal 0 0 -1
    outer loop
      vertex 100.6 170.4 0
      vertex 140.072 111.5 0
      vertex 137.548 111.875 0
    endloop
  endfacet
  facet normal 0 0 -1
    outer loop
      vertex 100.6 170.4 0
      vertex 137.548 111.875 0
      vertex 135 112 0
    endloop
  endfacet
  facet normal 0 0 -1
    outer loop
      vertex 140.072 111.5 0
      vertex 100.6 170.4 0
      vertex 200 172 0
    endloop
  endfacet
  facet normal -0 0 -1
    outer loop
      vertex 200 172 0
      vertex 100.6 170.4 0
      vertex 100.6 172 0
    endloop
  endfacet
  facet normal 0 0 -1
    outer loop
      vertex 137.548 60.1252 0
      vertex 100.6 1.6 0
      vertex 135 60 0
    endloop
  endfacet
  facet normal 0 0 -1
    outer loop
      vertex 99.4 1.6 0
      vertex 135 60 0
      vertex 100.6 1.6 0
    endloop
  endfacet
  facet normal 0 0 -1
    outer loop
      vertex 0 60 0
      vertex 99.4 1.6 0
      vertex 0 0 0
    endloop
  endfacet
  facet normal 0 0 -1
    outer loop
      vertex 99.4 1.6 0
      vertex 0 60 0
      vertex 135 60 0
    endloop
  endfacet
  facet normal 0 0 1
    outer loop
      vertex 200 152 5
      vertex 161 86 5
      vertex 200 20 5
    endloop
  endfacet
  facet normal 0 0 1
    outer loop
      vertex 200 152 5
      vertex 160.875 88.5484 5
      vertex 161 86 5
    endloop
  endfacet
  facet normal 0 0 1
    outer loop
      vertex 200 152 5
      vertex 160.5 91.0723 5
      vertex 160.875 88.5484 5
    endloop
  endfacet
  facet normal 0 0 1
    outer loop
      vertex 200 152 5
      vertex 159.88 93.5474 5
      vertex 160.5 91.0723 5
    endloop
  endfacet
  facet normal 0 0 1
    outer loop
      vertex 200 152 5
      vertex 159.021 95.9498 5
      vertex 159.88 93.5474 5
    endloop
  endfacet
  facet normal 0 0 1
    outer loop
      vertex 200 152 5
      vertex 157.93 98.2563 5
      vertex 159.021 95.9498 5
    endloop
  endfacet
  facet normal 0 0 1
    outer loop
      vertex 200 152 5
      vertex 156.618 100.445 5
      vertex 157.93 98.2563 5
    endloop
  endfacet
  facet normal 0 0 1
    outer loop
      vertex 200 152 5
      vertex 155.098 102.494 5
      vertex 156.618 100.445 5
    endloop
  endfacet
  facet normal 0 0 1
    outer loop
      vertex 200 152 5
      vertex 153.385 104.385 5
      vertex 155.098 102.494 5
    endloop
  endfacet
  facet normal 0 0 1
    outer loop
      vertex 200 152 5
      vertex 151.494 106.098 5
      vertex 153.385 104.385 5
    endloop
  endfacet
  facet normal 0 0 1
    outer loop
      vertex 200 152 5
      vertex 149.445 107.618 5
      vertex 151.494 106.098 5
    endloop
  endfacet
  facet normal 0 0 1
    outer loop
      vertex 200 152 5
      vertex 147.256 108.93 5
      vertex 149.445 107.618 5
    endloop
  endfacet
  facet normal 0 0 1
    outer loop
      vertex 200 152 5
      vertex 144.95 110.021 5
      vertex 147.256 108.93 5
    endloop
  endfacet
  facet normal 0 0 1
    outer loop
      vertex 200 152 5
      vertex 142.547 110.88 5
      vertex 144.95 110.021 5
    endloop
  endfacet
  facet normal 0 0 1
    outer loop
      vertex 200 152 5
      vertex 140.072 111.5 5
      vertex 142.547 110.88 5
    endloop
  endfacet
  facet normal 0 0 1
    outer loop
      vertex 200 152 5
      vertex 137.548 111.875 5
      vertex 140.072 111.5 5
    endloop
  endfacet
  facet normal 0 0 1
    outer loop
      vertex 200 152 5
      vertex 135 112 5
      vertex 137.548 111.875 5
    endloop
  endfacet
  facet normal -0 0 1
    outer loop
      vertex 0 152 5
      vertex 135 112 5
      vertex 200 152 5
    endloop
  endfacet
  facet normal 0 0 1
    outer loop
      vertex 135 112 5
      vertex 0 152 5
      vertex 0 112 5
    endloop
  endfacet
  facet normal -0 0 1
    outer loop
      vertex 160.875 83.4516 5
      vertex 200 20 5
      vertex 161 86 5
    endloop
  endfacet
  facet normal -0 0 1
    outer loop
      vertex 160.5 80.9277 5
      vertex 200 20 5
      vertex 160.875 83.4516 5
    endloop
  endfacet
  facet normal -0 0 1
    outer loop
      vertex 159.88 78.4526 5
      vertex 200 20 5
      vertex 160.5 80.9277 5
    endloop
  endfacet
  facet normal -0 0 1
    outer loop
      vertex 159.021 76.0502 5
      vertex 200 20 5
      vertex 159.88 78.4526 5
    endloop
  endfacet
  facet normal -0 0 1
    outer loop
      vertex 157.93 73.7437 5
      vertex 200 20 5
      vertex 159.021 76.0502 5
    endloop
  endfacet
  facet normal -0 0 1
    outer loop
      vertex 156.618 71.5552 5
      vertex 200 20 5
      vertex 157.93 73.7437 5
    endloop
  endfacet
  facet normal -0 0 1
    outer loop
      vertex 155.098 69.5058 5
      vertex 200 20 5
      vertex 156.618 71.5552 5
    endloop
  endfacet
  facet normal -0 0 1
    outer loop
      vertex 153.385 67.6152 5
      vertex 200 20 5
      vertex 155.098 69.5058 5
    endloop
  endfacet
  facet normal -0 0 1
    outer loop
      vertex 151.494 65.9017 5
      vertex 200 20 5
      vertex 153.385 67.6152 5
    endloop
  endfacet
  facet normal -0 0 1
    outer loop
      vertex 149.445 64.3818 5
      vertex 200 20 5
      vertex 151.494 65.9017 5
    endloop
  endfacet
  facet normal -0 0 1
    outer loop
      vertex 147.256 63.07 5
      vertex 200 20 5
      vertex 149.445 64.3818 5
    endloop
  endfacet
  facet normal -0 0 1
    outer loop
      vertex 144.95 61.9791 5
      vertex 200 20 5
      vertex 147.256 63.07 5
    endloop
  endfacet
  facet normal -0 0 1
    outer loop
      vertex 142.547 61.1196 5
      vertex 200 20 5
      vertex 144.95 61.9791 5
    endloop
  endfacet
  facet normal -0 0 1
    outer loop
      vertex 140.072 60.4996 5
      vertex 200 20 5
      vertex 142.547 61.1196 5
    endloop
  endfacet
  facet normal -0 0 1
    outer loop
      vertex 137.548 60.1252 5
      vertex 200 20 5
      vertex 140.072 60.4996 5
    endloop
  endfacet
  facet normal -0 0 1
    outer loop
      vertex 135 60 5
      vertex 200 20 5
      vertex 137.548 60.1252 5
    endloop
  endfacet
  facet normal 0 0 1
    outer loop
      vertex 0 20 5
      vertex 135 60 5
      vertex 0 60 5
    endloop
  endfacet
  facet normal 0 0 1
    outer loop
      vertex 135 60 5
      vertex 0 20 5
      vertex 200 20 5
    endloop
  endfacet
  facet normal -1 0 0
    outer loop
      vertex 0 172 0
      vertex 0 166 19
      vertex 0 172 150
    endloop
  endfacet
  facet normal -1 0 0
    outer loop
      vertex 0 172 0
      vertex 0 152 5
      vertex 0 166 19
    endloop
  endfacet
  facet normal -1 0 0
    outer loop
      vertex 0 112 0
      vertex 0 152 5
      vertex 0 172 0
    endloop
  endfacet
  facet normal -1 -0 0
    outer loop
      vertex 0 152 5
      vertex 0 112 0
      vertex 0 112 5
    endloop
  endfacet
  facet normal -1 -0 0
    outer loop
      vertex 0 172 150
      vertex 0 166 19
      vertex 0 166 150
    endloop
  endfacet
  facet normal -1 0 0
    outer loop
      vertex 0 60 0
      vertex 0 20 5
      vertex 0 60 5
    endloop
  endfacet
  facet normal -1 0 0
    outer loop
      vertex 0 0 0
      vertex 0 20 5
      vertex 0 60 0
    endloop
  endfacet
  facet normal -1 0 0
    outer loop
      vertex 0 0 0
      vertex 0 6 19
      vertex 0 20 5
    endloop
  endfacet
  facet normal -1 0 0
    outer loop
      vertex 0 0 150
      vertex 0 6 19
      vertex 0 0 0
    endloop
  endfacet
  facet normal -1 0 0
    outer loop
      vertex 0 6 19
      vertex 0 0 150
      vertex 0 6 150
    endloop
  endfacet
  facet normal 0 1 -0
    outer loop
      vertex 135 60 0
      vertex 0 60 5
      vertex 135 60 5
    endloop
  endfacet
  facet normal 0 1 0
    outer loop
      vertex 0 60 5
      vertex 135 60 0
      vertex 0 60 0
    endloop
  endfacet
  facet normal 0 -1 0
    outer loop
      vertex 0 112 0
      vertex 135 112 5
      vertex 0 112 5
    endloop
  endfacet
  facet normal 0 -1 -0
    outer loop
      vertex 135 112 5
      vertex 0 112 0
      vertex 135 112 0
    endloop
  endfacet
  facet normal -0.989142 0.146966 0
    outer loop
      vertex 160.5 80.9277 0
      vertex 160.875 83.4516 5
      vertex 160.875 83.4516 0
    endloop
  endfacet
  facet normal -0.989142 0.146966 0
    outer loop
      vertex 160.875 83.4516 5
      vertex 160.5 80.9277 0
      vertex 160.5 80.9277 5
    endloop
  endfacet
  facet normal -0.998799 0.0489915 0
    outer loop
      vertex 160.875 83.4516 0
      vertex 161 86 5
      vertex 161 86 0
    endloop
  endfacet
  facet normal -0.998799 0.0489915 0
    outer loop
      vertex 161 86 5
      vertex 160.875 83.4516 0
      vertex 160.875 83.4516 5
    endloop
  endfacet
  facet normal -0.970029 0.242987 0
    outer loop
      vertex 159.88 78.4526 0
      vertex 160.5 80.9277 5
      vertex 160.5 80.9277 0
    endloop
  endfacet
  facet normal -0.970029 0.242987 0
    outer loop
      vertex 160.5 80.9277 5
      vertex 159.88 78.4526 0
      vertex 159.88 78.4526 5
    endloop
  endfacet
  facet normal -0.336783 0.941582 0
    outer loop
      vertex 144.95 61.9791 0
      vertex 142.547 61.1196 5
      vertex 144.95 61.9791 5
    endloop
  endfacet
  facet normal -0.336783 0.941582 0
    outer loop
      vertex 142.547 61.1196 5
      vertex 144.95 61.9791 0
      vertex 142.547 61.1196 0
    endloop
  endfacet
  facet normal -0.242997 -0.970027 0
    outer loop
      vertex 140.072 111.5 0
      vertex 142.547 110.88 5
      vertex 140.072 111.5 5
    endloop
  endfacet
  facet normal -0.242997 -0.970027 -0
    outer loop
      vertex 142.547 110.88 5
      vertex 140.072 111.5 0
      vertex 142.547 110.88 0
    endloop
  endfacet
  facet normal -0.514092 -0.857735 0
    outer loop
      vertex 147.256 108.93 0
      vertex 149.445 107.618 5
      vertex 147.256 108.93 5
    endloop
  endfacet
  facet normal -0.514092 -0.857735 -0
    outer loop
      vertex 149.445 107.618 5
      vertex 147.256 108.93 0
      vertex 149.445 107.618 0
    endloop
  endfacet
  facet normal -0.80314 -0.59579 0
    outer loop
      vertex 156.618 100.445 0
      vertex 155.098 102.494 5
      vertex 155.098 102.494 0
    endloop
  endfacet
  facet normal -0.80314 -0.59579 0
    outer loop
      vertex 155.098 102.494 5
      vertex 156.618 100.445 0
      vertex 156.618 100.445 5
    endloop
  endfacet
  facet normal -0.14673 0.989177 0
    outer loop
      vertex 140.072 60.4996 0
      vertex 137.548 60.1252 5
      vertex 140.072 60.4996 5
    endloop
  endfacet
  facet normal -0.14673 0.989177 0
    outer loop
      vertex 137.548 60.1252 5
      vertex 140.072 60.4996 0
      vertex 137.548 60.1252 0
    endloop
  endfacet
  facet normal -0.427665 -0.903937 0
    outer loop
      vertex 144.95 110.021 0
      vertex 147.256 108.93 5
      vertex 144.95 110.021 5
    endloop
  endfacet
  facet normal -0.427665 -0.903937 -0
    outer loop
      vertex 147.256 108.93 5
      vertex 144.95 110.021 0
      vertex 147.256 108.93 0
    endloop
  endfacet
  facet normal -0.989142 -0.146966 0
    outer loop
      vertex 160.875 88.5484 0
      vertex 160.5 91.0723 5
      vertex 160.5 91.0723 0
    endloop
  endfacet
  facet normal -0.989142 -0.146966 0
    outer loop
      vertex 160.5 91.0723 5
      vertex 160.875 88.5484 0
      vertex 160.875 88.5484 5
    endloop
  endfacet
  facet normal -0.427633 0.903952 0
    outer loop
      vertex 147.256 63.07 0
      vertex 144.95 61.9791 5
      vertex 147.256 63.07 5
    endloop
  endfacet
  facet normal -0.427633 0.903952 0
    outer loop
      vertex 144.95 61.9791 5
      vertex 147.256 63.07 0
      vertex 144.95 61.9791 0
    endloop
  endfacet
  facet normal -0.970029 -0.242987 0
    outer loop
      vertex 160.5 91.0723 0
      vertex 159.88 93.5474 5
      vertex 159.88 93.5474 0
    endloop
  endfacet
  facet normal -0.970029 -0.242987 0
    outer loop
      vertex 159.88 93.5474 5
      vertex 160.5 91.0723 0
      vertex 160.5 91.0723 5
    endloop
  endfacet
  facet normal -0.336609 -0.941644 0
    outer loop
      vertex 142.547 110.88 0
      vertex 144.95 110.021 5
      vertex 142.547 110.88 5
    endloop
  endfacet
  facet normal -0.336609 -0.941644 -0
    outer loop
      vertex 144.95 110.021 5
      vertex 142.547 110.88 0
      vertex 144.95 110.021 0
    endloop
  endfacet
  facet normal -0.803196 0.595715 0
    outer loop
      vertex 155.098 69.5058 0
      vertex 156.618 71.5552 5
      vertex 156.618 71.5552 0
    endloop
  endfacet
  facet normal -0.803196 0.595715 0
    outer loop
      vertex 156.618 71.5552 5
      vertex 155.098 69.5058 0
      vertex 155.098 69.5058 5
    endloop
  endfacet
  facet normal -0.998799 -0.0489915 0
    outer loop
      vertex 161 86 0
      vertex 160.875 88.5484 5
      vertex 160.875 88.5484 0
    endloop
  endfacet
  facet normal -0.998799 -0.0489915 0
    outer loop
      vertex 160.875 88.5484 5
      vertex 161 86 0
      vertex 161 86 5
    endloop
  endfacet
  facet normal -0.903973 -0.427589 0
    outer loop
      vertex 159.021 95.9498 0
      vertex 157.93 98.2563 5
      vertex 157.93 98.2563 0
    endloop
  endfacet
  facet normal -0.903973 -0.427589 0
    outer loop
      vertex 157.93 98.2563 5
      vertex 159.021 95.9498 0
      vertex 159.021 95.9498 5
    endloop
  endfacet
  facet normal -0.595765 0.803159 0
    outer loop
      vertex 151.494 65.9017 0
      vertex 149.445 64.3818 5
      vertex 151.494 65.9017 5
    endloop
  endfacet
  facet normal -0.595765 0.803159 0
    outer loop
      vertex 149.445 64.3818 5
      vertex 151.494 65.9017 0
      vertex 149.445 64.3818 0
    endloop
  endfacet
  facet normal -0.514035 0.857769 0
    outer loop
      vertex 149.445 64.3818 0
      vertex 147.256 63.07 5
      vertex 149.445 64.3818 5
    endloop
  endfacet
  facet normal -0.514035 0.857769 0
    outer loop
      vertex 147.256 63.07 5
      vertex 149.445 64.3818 0
      vertex 147.256 63.07 0
    endloop
  endfacet
  facet normal -0.146961 -0.989142 0
    outer loop
      vertex 137.548 111.875 0
      vertex 140.072 111.5 5
      vertex 137.548 111.875 5
    endloop
  endfacet
  facet normal -0.146961 -0.989142 -0
    outer loop
      vertex 140.072 111.5 5
      vertex 137.548 111.875 0
      vertex 140.072 111.5 0
    endloop
  endfacet
  facet normal -0.941618 0.336684 0
    outer loop
      vertex 159.021 76.0502 0
      vertex 159.88 78.4526 5
      vertex 159.88 78.4526 0
    endloop
  endfacet
  facet normal -0.941618 0.336684 0
    outer loop
      vertex 159.88 78.4526 5
      vertex 159.021 76.0502 0
      vertex 159.021 76.0502 5
    endloop
  endfacet
  facet normal -0.857704 -0.514144 0
    outer loop
      vertex 157.93 98.2563 0
      vertex 156.618 100.445 5
      vertex 156.618 100.445 0
    endloop
  endfacet
  facet normal -0.857704 -0.514144 0
    outer loop
      vertex 156.618 100.445 5
      vertex 157.93 98.2563 0
      vertex 157.93 98.2563 5
    endloop
  endfacet
  facet normal -0.941618 -0.336684 0
    outer loop
      vertex 159.88 93.5474 0
      vertex 159.021 95.9498 5
      vertex 159.021 95.9498 0
    endloop
  endfacet
  facet normal -0.941618 -0.336684 0
    outer loop
      vertex 159.021 95.9498 5
      vertex 159.88 93.5474 0
      vertex 159.88 93.5474 5
    endloop
  endfacet
  facet normal -0.741056 0.671443 0
    outer loop
      vertex 153.385 67.6152 0
      vertex 155.098 69.5058 5
      vertex 155.098 69.5058 0
    endloop
  endfacet
  facet normal -0.741056 0.671443 0
    outer loop
      vertex 155.098 69.5058 5
      vertex 153.385 67.6152 0
      vertex 153.385 67.6152 5
    endloop
  endfacet
  facet normal -0.0490774 0.998795 0
    outer loop
      vertex 137.548 60.1252 0
      vertex 135 60 5
      vertex 137.548 60.1252 5
    endloop
  endfacet
  facet normal -0.0490774 0.998795 0
    outer loop
      vertex 135 60 5
      vertex 137.548 60.1252 0
      vertex 135 60 0
    endloop
  endfacet
  facet normal -0.903973 0.427589 0
    outer loop
      vertex 157.93 73.7437 0
      vertex 159.021 76.0502 5
      vertex 159.021 76.0502 0
    endloop
  endfacet
  facet normal -0.903973 0.427589 0
    outer loop
      vertex 159.021 76.0502 5
      vertex 157.93 73.7437 0
      vertex 157.93 73.7437 5
    endloop
  endfacet
  facet normal -0.671365 -0.741127 0
    outer loop
      vertex 151.494 106.098 0
      vertex 153.385 104.385 5
      vertex 151.494 106.098 5
    endloop
  endfacet
  facet normal -0.671365 -0.741127 -0
    outer loop
      vertex 153.385 104.385 5
      vertex 151.494 106.098 0
      vertex 153.385 104.385 0
    endloop
  endfacet
  facet normal -0.857683 0.514179 0
    outer loop
      vertex 156.618 71.5552 0
      vertex 157.93 73.7437 5
      vertex 157.93 73.7437 0
    endloop
  endfacet
  facet normal -0.857683 0.514179 0
    outer loop
      vertex 157.93 73.7437 5
      vertex 156.618 71.5552 0
      vertex 156.618 71.5552 5
    endloop
  endfacet
  facet normal -0.671472 0.74103 0
    outer loop
      vertex 153.385 67.6152 0
      vertex 151.494 65.9017 5
      vertex 153.385 67.6152 5
    endloop
  endfacet
  facet normal -0.671472 0.74103 0
    outer loop
      vertex 151.494 65.9017 5
      vertex 153.385 67.6152 0
      vertex 151.494 65.9017 0
    endloop
  endfacet
  facet normal -0.242997 0.970027 0
    outer loop
      vertex 142.547 61.1196 0
      vertex 140.072 60.4996 5
      vertex 142.547 61.1196 5
    endloop
  endfacet
  facet normal -0.242997 0.970027 0
    outer loop
      vertex 140.072 60.4996 5
      vertex 142.547 61.1196 0
      vertex 140.072 60.4996 0
    endloop
  endfacet
  facet normal -0.0489992 -0.998799 0
    outer loop
      vertex 135 112 0
      vertex 137.548 111.875 5
      vertex 135 112 5
    endloop
  endfacet
  facet normal -0.0489992 -0.998799 -0
    outer loop
      vertex 137.548 111.875 5
      vertex 135 112 0
      vertex 137.548 111.875 0
    endloop
  endfacet
  facet normal -0.59579 -0.80314 0
    outer loop
      vertex 149.445 107.618 0
      vertex 151.494 106.098 5
      vertex 149.445 107.618 5
    endloop
  endfacet
  facet normal -0.59579 -0.80314 -0
    outer loop
      vertex 151.494 106.098 5
      vertex 149.445 107.618 0
      vertex 151.494 106.098 0
    endloop
  endfacet
  facet normal -0.741127 -0.671365 0
    outer loop
      vertex 155.098 102.494 0
      vertex 153.385 104.385 5
      vertex 153.385 104.385 0
    endloop
  endfacet
  facet normal -0.741127 -0.671365 0
    outer loop
      vertex 153.385 104.385 5
      vertex 155.098 102.494 0
      vertex 155.098 102.494 5
    endloop
  endfacet
  facet normal -0 0 1
    outer loop
      vertex 0 172 150
      vertex 200 166 150
      vertex 200 172 150
    endloop
  endfacet
  facet normal 0 0 1
    outer loop
      vertex 200 166 150
      vertex 0 172 150
      vertex 0 166 150
    endloop
  endfacet
  facet normal 0 -1 0
    outer loop
      vertex 0 166 19
      vertex 200 166 150
      vertex 0 166 150
    endloop
  endfacet
  facet normal 0 -1 -0
    outer loop
      vertex 200 166 150
      vertex 0 166 19
      vertex 200 166 19
    endloop
  endfacet
  facet normal -0 0 1
    outer loop
      vertex 0 6 150
      vertex 200 0 150
      vertex 200 6 150
    endloop
  endfacet
  facet normal 0 0 1
    outer loop
      vertex 200 0 150
      vertex 0 6 150
      vertex 0 0 150
    endloop
  endfacet
  facet normal 0 1 -0
    outer loop
      vertex 200 6 19
      vertex 0 6 150
      vertex 200 6 150
    endloop
  endfacet
  facet normal 0 1 0
    outer loop
      vertex 0 6 150
      vertex 200 6 19
      vertex 0 6 19
    endloop
  endfacet
  facet normal 0 -0.707107 0.707107
    outer loop
      vertex 0 152 5
      vertex 200 166 19
      vertex 0 166 19
    endloop
  endfacet
  facet normal 0 -0.707107 0.707107
    outer loop
      vertex 200 166 19
      vertex 0 152 5
      vertex 200 152 5
    endloop
  endfacet
  facet normal 0 0.707107 0.707107
    outer loop
      vertex 200 20 5
      vertex 0 6 19
      vertex 200 6 19
    endloop
  endfacet
  facet normal 0 0.707107 0.707107
    outer loop
      vertex 0 6 19
      vertex 200 20 5
      vertex 0 20 5
    endloop
  endfacet
endsolid PokeTrade_poke-trade.eu_poketrade-stojan-150mm_CC-BY-NC-SA-4.0
